OpenROAD f552262465b0bfef8f097e258f94bc501d01e19d 
Features included (+) or not (-): +GPU +GUI +Python
This program is licensed under the BSD-3 license. See the LICENSE file for details.
Components of this program may be licensed under more restrictive licenses which must be honored.
[INFO ORD-0030] Using 12 thread(s).
read_liberty /opt/eda/orfs-6101364b/flow/platforms/sky130hd/lib/sky130_fd_sc_hd__tt_025C_1v80.lib
read_db /root/cac_runs/keccak_r1_10ns_ant10/results/sky130hd/cac_keccak_r1_10ns/base/5_1_grt.odb
read_sdc /root/cac_runs/keccak_r1_10ns_ant10/results/sky130hd/cac_keccak_r1_10ns/base/5_1_grt.sdc
source /opt/eda/orfs-6101364b/flow/platforms/sky130hd/setRC.tcl
detailed_route -output_drc /root/cac_runs/keccak_r1_10ns_ant10/reports/sky130hd/cac_keccak_r1_10ns/base/5_route_drc.rpt -output_maze /root/cac_runs/keccak_r1_10ns_ant10/results/sky130hd/cac_keccak_r1_10ns/base/maze.log -droute_end_iter 64 -verbose 1 -drc_report_iter_step 5
[INFO DRT-0149] Reading tech and libs.
[WARNING DRT-0349] LEF58_ENCLOSURE with no CUTCLASS is not supported. Skipping for layer mcon
[WARNING DRT-0349] LEF58_ENCLOSURE with no CUTCLASS is not supported. Skipping for layer mcon
[WARNING DRT-0349] LEF58_ENCLOSURE with no CUTCLASS is not supported. Skipping for layer via
[WARNING DRT-0349] LEF58_ENCLOSURE with no CUTCLASS is not supported. Skipping for layer via
[WARNING DRT-0349] LEF58_ENCLOSURE with no CUTCLASS is not supported. Skipping for layer via2
[WARNING DRT-0349] LEF58_ENCLOSURE with no CUTCLASS is not supported. Skipping for layer via2
[WARNING DRT-0349] LEF58_ENCLOSURE with no CUTCLASS is not supported. Skipping for layer via3
[WARNING DRT-0349] LEF58_ENCLOSURE with no CUTCLASS is not supported. Skipping for layer via3
[WARNING DRT-0349] LEF58_ENCLOSURE with no CUTCLASS is not supported. Skipping for layer via4
[WARNING DRT-0349] LEF58_ENCLOSURE with no CUTCLASS is not supported. Skipping for layer via4

Units:                1000
Number of layers:     13
Number of macros:     441
Number of vias:       29
Number of viarulegen: 25

[INFO DRT-0150] Reading design.
[WARNING DRT-0120] Large net net1295 has 166 pins which may impact routing performance. Consider optimization.
[WARNING DRT-0120] Large net net1294 has 189 pins which may impact routing performance. Consider optimization.
[WARNING DRT-0120] Large net net1280 has 174 pins which may impact routing performance. Consider optimization.
[WARNING DRT-0120] Large net net1237 has 120 pins which may impact routing performance. Consider optimization.
[WARNING DRT-0120] Large net net1235 has 130 pins which may impact routing performance. Consider optimization.
[WARNING DRT-0120] Large net net1233 has 106 pins which may impact routing performance. Consider optimization.
[WARNING DRT-0120] Large net net1215 has 146 pins which may impact routing performance. Consider optimization.
[WARNING DRT-0120] Large net net1213 has 113 pins which may impact routing performance. Consider optimization.
[WARNING DRT-0120] Large net net1208 has 106 pins which may impact routing performance. Consider optimization.
[WARNING DRT-0120] Large net net1202 has 153 pins which may impact routing performance. Consider optimization.
[WARNING DRT-0120] Large net net1190 has 114 pins which may impact routing performance. Consider optimization.
[WARNING DRT-0120] Large net net1189 has 119 pins which may impact routing performance. Consider optimization.
[WARNING DRT-0120] Large net net1188 has 111 pins which may impact routing performance. Consider optimization.
[WARNING DRT-0120] Large net net1186 has 135 pins which may impact routing performance. Consider optimization.
[WARNING DRT-0120] Large net net1183 has 102 pins which may impact routing performance. Consider optimization.
[WARNING DRT-0120] Large net net1180 has 123 pins which may impact routing performance. Consider optimization.
[WARNING DRT-0120] Large net net1179 has 103 pins which may impact routing performance. Consider optimization.
[WARNING DRT-0120] Large net net1178 has 109 pins which may impact routing performance. Consider optimization.
[WARNING DRT-0120] Large net net1177 has 106 pins which may impact routing performance. Consider optimization.
[WARNING DRT-0120] Large net net1226 has 122 pins which may impact routing performance. Consider optimization.
[WARNING DRT-0120] Large net net1221 has 117 pins which may impact routing performance. Consider optimization.
[WARNING DRT-0120] Large net net1218 has 164 pins which may impact routing performance. Consider optimization.
[WARNING DRT-0120] Large net net1196 has 101 pins which may impact routing performance. Consider optimization.
[WARNING DRT-0120] Large net net1199 has 106 pins which may impact routing performance. Consider optimization.
[WARNING DRT-0120] Large net net71 has 187 pins which may impact routing performance. Consider optimization.

Design:                   keccak_lane_wrapper
Die area:                 ( 0 0 ) ( 686185 686185 )
Number of track patterns: 12
Number of DEF vias:       0
Number of components:     24411
Number of terminals:      142
Number of snets:          2
Number of nets:           17946

[INFO DRT-0167] List of default vias:
  Layer via
    default via: M1M2_PR
  Layer via2
    default via: M2M3_PR
  Layer via3
    default via: M3M4_PR
  Layer via4
    default via: M4M5_PR
[INFO DRT-0162] Library cell analysis.
[INFO DRT-0163] Instance analysis.
[INFO DRT-0164] Number of unique instances = 142.
[INFO DRT-0168] Init region query.
[INFO DRT-0024]   Complete FR_MASTERSLICE.
[INFO DRT-0024]   Complete Fr_VIA.
[INFO DRT-0024]   Complete li1.
[INFO DRT-0024]   Complete mcon.
[INFO DRT-0024]   Complete met1.
[INFO DRT-0024]   Complete via.
[INFO DRT-0024]   Complete met2.
[INFO DRT-0024]   Complete via2.
[INFO DRT-0024]   Complete met3.
[INFO DRT-0024]   Complete via3.
[INFO DRT-0024]   Complete met4.
[INFO DRT-0024]   Complete via4.
[INFO DRT-0024]   Complete met5.
[INFO DRT-0033] FR_MASTERSLICE shape region query size = 0.
[INFO DRT-0033] FR_VIA shape region query size = 0.
[INFO DRT-0033] li1 shape region query size = 727374.
[INFO DRT-0033] mcon shape region query size = 421031.
[INFO DRT-0033] met1 shape region query size = 126611.
[INFO DRT-0033] via shape region query size = 31375.
[INFO DRT-0033] met2 shape region query size = 18905.
[INFO DRT-0033] via2 shape region query size = 25100.
[INFO DRT-0033] met3 shape region query size = 18885.
[INFO DRT-0033] via3 shape region query size = 25100.
[INFO DRT-0033] met4 shape region query size = 7575.
[INFO DRT-0033] via4 shape region query size = 1250.
[INFO DRT-0033] met5 shape region query size = 1350.
[INFO DRT-0165] Start pin access.
[INFO DRT-0076]   Complete 1000 pins.
[INFO DRT-0078]   Complete 1071 pins.
[INFO DRT-0079]   Complete 100 unique inst patterns.
[INFO DRT-0081]   Complete 142 unique inst patterns.
[INFO DRT-0082]   Complete 10000 groups.
[INFO DRT-0084]   Complete 13539 groups.
#scanned instances     = 24411
#unique  instances     = 142
#stdCellGenAp          = 4020
#stdCellValidPlanarAp  = 74
#stdCellValidViaAp     = 2966
#stdCellPinNoAp        = 0
#stdCellPinCnt         = 67091
#instTermValidViaApCnt = 0
#macroGenAp            = 0
#macroValidPlanarAp    = 0
#macroValidViaAp       = 0
#macroNoAp             = 0
[INFO DRT-0166] Complete pin access.
[INFO DRT-0267] cpu time = 00:07:54, elapsed time = 00:01:05, memory = 445.02 (MB), peak = 457.90 (MB)
[INFO DRT-0156] guideIn read 100000 guides.

[INFO DRT-0157] Number of guides:     181622

[INFO DRT-0169] Post process guides.
[INFO DRT-0176] GCELLGRID X 0 DO 99 STEP 6900 ;
[INFO DRT-0177] GCELLGRID Y 0 DO 99 STEP 6900 ;
[INFO DRT-0026]   Complete 100000 origin guides.
[INFO DRT-0028]   Complete FR_MASTERSLICE.
[INFO DRT-0028]   Complete Fr_VIA.
[INFO DRT-0028]   Complete li1.
[INFO DRT-0028]   Complete mcon.
[INFO DRT-0028]   Complete met1.
[INFO DRT-0028]   Complete via.
[INFO DRT-0028]   Complete met2.
[INFO DRT-0028]   Complete via2.
[INFO DRT-0028]   Complete met3.
[INFO DRT-0028]   Complete via3.
[INFO DRT-0028]   Complete met4.
[INFO DRT-0028]   Complete via4.
[INFO DRT-0028]   Complete met5.
[INFO DRT-0178] Init guide query.
[INFO DRT-0035]   Complete FR_MASTERSLICE (guide).
[INFO DRT-0035]   Complete Fr_VIA (guide).
[INFO DRT-0035]   Complete li1 (guide).
[INFO DRT-0035]   Complete mcon (guide).
[INFO DRT-0035]   Complete met1 (guide).
[INFO DRT-0035]   Complete via (guide).
[INFO DRT-0035]   Complete met2 (guide).
[INFO DRT-0035]   Complete via2 (guide).
[INFO DRT-0035]   Complete met3 (guide).
[INFO DRT-0035]   Complete via3 (guide).
[INFO DRT-0035]   Complete met4 (guide).
[INFO DRT-0035]   Complete via4 (guide).
[INFO DRT-0035]   Complete met5 (guide).
[INFO DRT-0036] FR_MASTERSLICE guide region query size = 0.
[INFO DRT-0036] FR_VIA guide region query size = 0.
[INFO DRT-0036] li1 guide region query size = 54288.
[INFO DRT-0036] mcon guide region query size = 0.
[INFO DRT-0036] met1 guide region query size = 52240.
[INFO DRT-0036] via guide region query size = 0.
[INFO DRT-0036] met2 guide region query size = 29404.
[INFO DRT-0036] via2 guide region query size = 0.
[INFO DRT-0036] met3 guide region query size = 4381.
[INFO DRT-0036] via3 guide region query size = 0.
[INFO DRT-0036] met4 guide region query size = 2105.
[INFO DRT-0036] via4 guide region query size = 0.
[INFO DRT-0036] met5 guide region query size = 116.
[INFO DRT-0179] Init gr pin query.
[INFO DRT-0267] cpu time = 00:00:02, elapsed time = 00:00:01, memory = 505.95 (MB), peak = 504.77 (MB)
[INFO DRT-0245] skipped writing guide updates to database.
[INFO DRT-0181] Start track assignment.
[INFO DRT-0184] Done with 85797 vertical wires in 2 frboxes and 56737 horizontal wires in 2 frboxes.
[INFO DRT-0186] Done with 13629 vertical wires in 2 frboxes and 22544 horizontal wires in 2 frboxes.
[INFO DRT-0182] Complete track assignment.
[INFO DRT-0267] cpu time = 00:00:19, elapsed time = 00:00:11, memory = 889.11 (MB), peak = 888.15 (MB)
[INFO DRT-0187] Start routing data preparation.
[INFO DRT-0267] cpu time = 00:00:00, elapsed time = 00:00:00, memory = 919.80 (MB), peak = 918.77 (MB)
[INFO DRT-0194] Start detail routing.
[INFO DRT-0195] Start 0th optimization iteration.
    Completing 10% with 0 violations.
    elapsed time = 00:00:22, memory = 1508.20 (MB).
    Completing 20% with 0 violations.
    elapsed time = 00:00:44, memory = 1790.30 (MB).
    Completing 30% with 7558 violations.
    elapsed time = 00:01:15, memory = 1992.41 (MB).
    Completing 40% with 7558 violations.
    elapsed time = 00:01:46, memory = 2019.26 (MB).
    Completing 50% with 7558 violations.
    elapsed time = 00:02:12, memory = 2089.51 (MB).
    Completing 60% with 15496 violations.
    elapsed time = 00:02:49, memory = 2026.06 (MB).
    Completing 70% with 15496 violations.
    elapsed time = 00:03:25, memory = 2023.45 (MB).
    Completing 80% with 23169 violations.
    elapsed time = 00:04:16, memory = 2263.73 (MB).
    Completing 90% with 23169 violations.
    elapsed time = 00:04:49, memory = 2268.82 (MB).
    Completing 100% with 30879 violations.
    elapsed time = 00:05:31, memory = 2124.06 (MB).
[INFO DRT-0199]   Number of violations = 33957.
Viol/Layer         li1   mcon   met1    via   met2   met3   via3   met4   via4   met5
Cut Spacing          0     69      0      1      0      0      0      0      5      0
Metal Spacing        0      0   3424      0   1372    407      0     73      0      8
Min Hole             0      0     18      0      1      0      0      0      0      0
Recheck             17      0   1856      0    796    172      0    192      0     45
Short                0      3  20666     54   4072    478      2    175      2     49
[INFO DRT-0267] cpu time = 00:33:14, elapsed time = 00:05:32, memory = 2279.51 (MB), peak = 2530.29 (MB)
Total wire length = 1471988 um.
Total wire length on LAYER li1 = 0 um.
Total wire length on LAYER met1 = 513448 um.
Total wire length on LAYER met2 = 536569 um.
Total wire length on LAYER met3 = 227534 um.
Total wire length on LAYER met4 = 188691 um.
Total wire length on LAYER met5 = 5744 um.
Total number of vias = 167535.
Up-via summary (total 167535):

-------------------------
 FR_MASTERSLICE         0
            li1     64164
           met1     90620
           met2      8781
           met3      3822
           met4       148
-------------------------
               167535


[INFO DRT-0195] Start 1st optimization iteration.
    Completing 10% with 33957 violations.
    elapsed time = 00:00:25, memory = 2394.06 (MB).
    Completing 20% with 33957 violations.
    elapsed time = 00:00:57, memory = 2503.77 (MB).
    Completing 30% with 31912 violations.
    elapsed time = 00:01:13, memory = 2326.80 (MB).
    Completing 40% with 31912 violations.
    elapsed time = 00:01:55, memory = 2427.36 (MB).
    Completing 50% with 31912 violations.
    elapsed time = 00:02:32, memory = 2461.22 (MB).
    Completing 60% with 29866 violations.
    elapsed time = 00:03:18, memory = 2463.92 (MB).
    Completing 70% with 29866 violations.
    elapsed time = 00:03:49, memory = 2461.07 (MB).
    Completing 80% with 26793 violations.
    elapsed time = 00:04:30, memory = 2480.48 (MB).
    Completing 90% with 26793 violations.
    elapsed time = 00:05:18, memory = 2532.82 (MB).
    Completing 100% with 23918 violations.
    elapsed time = 00:05:59, memory = 2342.10 (MB).
[INFO DRT-0199]   Number of violations = 23921.
Viol/Layer        mcon   met1    via   met2   via2   met3   met4
Cut Spacing        121      0      1      0      1      0      0
Metal Spacing        0   3089      0    687      0    251      4
Recheck              0      1      0      2      0      0      0
Short                0  17169      2   2375      0    167     51
[INFO DRT-0267] cpu time = 00:30:52, elapsed time = 00:06:00, memory = 2340.58 (MB), peak = 2636.48 (MB)
Total wire length = 1462895 um.
Total wire length on LAYER li1 = 0 um.
Total wire length on LAYER met1 = 507572 um.
Total wire length on LAYER met2 = 533643 um.
Total wire length on LAYER met3 = 228312 um.
Total wire length on LAYER met4 = 187856 um.
Total wire length on LAYER met5 = 5509 um.
Total number of vias = 165774.
Up-via summary (total 165774):

-------------------------
 FR_MASTERSLICE         0
            li1     64171
           met1     88906
           met2      8840
           met3      3753
           met4       104
-------------------------
               165774


[INFO DRT-0195] Start 2nd optimization iteration.
    Completing 10% with 23921 violations.
    elapsed time = 00:00:22, memory = 2423.33 (MB).
    Completing 20% with 23921 violations.
    elapsed time = 00:00:46, memory = 2431.61 (MB).
    Completing 30% with 23387 violations.
    elapsed time = 00:01:21, memory = 2542.57 (MB).
    Completing 40% with 23387 violations.
    elapsed time = 00:01:55, memory = 2595.75 (MB).
    Completing 50% with 23387 violations.
    elapsed time = 00:02:35, memory = 2638.32 (MB).
    Completing 60% with 22944 violations.
    elapsed time = 00:03:02, memory = 2508.39 (MB).
    Completing 70% with 22944 violations.
    elapsed time = 00:03:21, memory = 2604.41 (MB).
    Completing 80% with 22102 violations.
    elapsed time = 00:04:10, memory = 2593.22 (MB).
    Completing 90% with 22102 violations.
    elapsed time = 00:04:51, memory = 2615.07 (MB).
    Completing 100% with 21944 violations.
    elapsed time = 00:05:27, memory = 2419.95 (MB).
[INFO DRT-0199]   Number of violations = 21944.
Viol/Layer        mcon   met1    via   met2   via2   met3   met4
Cut Spacing         92      0      0      0      1      0      0
Metal Spacing        0   2868      0    639      0    245     13
Min Hole             0      1      0      0      0      0      0
Short                0  16064      2   1891      0     95     33
[INFO DRT-0267] cpu time = 00:29:20, elapsed time = 00:05:28, memory = 2425.95 (MB), peak = 2851.91 (MB)
Total wire length = 1460885 um.
Total wire length on LAYER li1 = 0 um.
Total wire length on LAYER met1 = 506883 um.
Total wire length on LAYER met2 = 532116 um.
Total wire length on LAYER met3 = 228178 um.
Total wire length on LAYER met4 = 188187 um.
Total wire length on LAYER met5 = 5519 um.
Total number of vias = 164565.
Up-via summary (total 164565):

-------------------------
 FR_MASTERSLICE         0
            li1     64155
           met1     87933
           met2      8681
           met3      3698
           met4        98
-------------------------
               164565


[INFO DRT-0195] Start 3rd optimization iteration.
    Completing 10% with 21944 violations.
    elapsed time = 00:00:39, memory = 2526.51 (MB).
    Completing 20% with 21944 violations.
    elapsed time = 00:01:30, memory = 2667.68 (MB).
    Completing 30% with 17880 violations.
    elapsed time = 00:02:27, memory = 2751.64 (MB).
    Completing 40% with 17880 violations.
    elapsed time = 00:03:04, memory = 2757.42 (MB).
    Completing 50% with 17880 violations.
    elapsed time = 00:03:23, memory = 2681.31 (MB).
    Completing 60% with 13193 violations.
    elapsed time = 00:04:05, memory = 2634.40 (MB).
    Completing 70% with 13193 violations.
    elapsed time = 00:04:49, memory = 2755.85 (MB).
    Completing 80% with 8888 violations.
    elapsed time = 00:05:34, memory = 2716.77 (MB).
    Completing 90% with 8888 violations.
    elapsed time = 00:06:29, memory = 2627.50 (MB).
    Completing 100% with 4345 violations.
    elapsed time = 00:07:17, memory = 2472.65 (MB).
[INFO DRT-0199]   Number of violations = 4345.
Viol/Layer        mcon   met1    via   met2   via2   met3   met4
Cut Spacing          4      0      3      0      2      0      0
Metal Spacing        0   1126      0    320      0     83      2
Min Hole             0      3      0      1      0      0      0
NS Metal             0      1      0      0      0      0      0
Short                0   2162      1    549      0     87      1
[INFO DRT-0267] cpu time = 00:41:01, elapsed time = 00:07:19, memory = 2475.65 (MB), peak = 2881.50 (MB)
Total wire length = 1460721 um.
Total wire length on LAYER li1 = 0 um.
Total wire length on LAYER met1 = 459853 um.
Total wire length on LAYER met2 = 527969 um.
Total wire length on LAYER met3 = 271361 um.
Total wire length on LAYER met4 = 196108 um.
Total wire length on LAYER met5 = 5429 um.
Total number of vias = 175144.
Up-via summary (total 175144):

-------------------------
 FR_MASTERSLICE         0
            li1     64150
           met1     91082
           met2     15383
           met3      4439
           met4        90
-------------------------
               175144


[INFO DRT-0195] Start 4th optimization iteration.
    Completing 10% with 4345 violations.
    elapsed time = 00:00:10, memory = 2691.59 (MB).
    Completing 20% with 4345 violations.
    elapsed time = 00:00:18, memory = 2658.00 (MB).
    Completing 30% with 3160 violations.
    elapsed time = 00:00:43, memory = 2584.35 (MB).
    Completing 40% with 3160 violations.
    elapsed time = 00:00:51, memory = 2703.67 (MB).
    Completing 50% with 3160 violations.
    elapsed time = 00:00:58, memory = 2659.66 (MB).
    Completing 60% with 2347 violations.
    elapsed time = 00:01:09, memory = 2617.65 (MB).
    Completing 70% with 2347 violations.
    elapsed time = 00:01:24, memory = 2700.43 (MB).
    Completing 80% with 1273 violations.
    elapsed time = 00:01:54, memory = 2809.35 (MB).
    Completing 90% with 1273 violations.
    elapsed time = 00:02:06, memory = 2750.71 (MB).
    Completing 100% with 401 violations.
    elapsed time = 00:02:13, memory = 2567.66 (MB).
[INFO DRT-0199]   Number of violations = 401.
Viol/Layer        met1    via   met2   met3
Cut Spacing          0      2      0      0
Metal Spacing      148      0     34      0
Short              182      0     32      3
[INFO DRT-0267] cpu time = 00:10:25, elapsed time = 00:02:14, memory = 2567.66 (MB), peak = 2940.55 (MB)
Total wire length = 1460337 um.
Total wire length on LAYER li1 = 0 um.
Total wire length on LAYER met1 = 456232 um.
Total wire length on LAYER met2 = 526968 um.
Total wire length on LAYER met3 = 274537 um.
Total wire length on LAYER met4 = 197166 um.
Total wire length on LAYER met5 = 5432 um.
Total number of vias = 175444.
Up-via summary (total 175444):

-------------------------
 FR_MASTERSLICE         0
            li1     64157
           met1     90929
           met2     15754
           met3      4514
           met4        90
-------------------------
               175444


[INFO DRT-0195] Start 5th optimization iteration.
    Completing 10% with 401 violations.
    elapsed time = 00:00:00, memory = 2567.66 (MB).
    Completing 20% with 401 violations.
    elapsed time = 00:00:00, memory = 2707.31 (MB).
    Completing 30% with 329 violations.
    elapsed time = 00:00:09, memory = 2569.04 (MB).
    Completing 40% with 329 violations.
    elapsed time = 00:00:09, memory = 2569.04 (MB).
    Completing 50% with 329 violations.
    elapsed time = 00:00:12, memory = 2674.08 (MB).
    Completing 60% with 260 violations.
    elapsed time = 00:00:14, memory = 2569.04 (MB).
    Completing 70% with 260 violations.
    elapsed time = 00:00:17, memory = 2791.02 (MB).
    Completing 80% with 126 violations.
    elapsed time = 00:00:27, memory = 2569.04 (MB).
    Completing 90% with 126 violations.
    elapsed time = 00:00:27, memory = 2569.04 (MB).
    Completing 100% with 30 violations.
    elapsed time = 00:00:46, memory = 2569.04 (MB).
[INFO DRT-0199]   Number of violations = 30.
Viol/Layer        met1
Metal Spacing       15
Short               15
[INFO DRT-0267] cpu time = 00:01:51, elapsed time = 00:00:47, memory = 2569.22 (MB), peak = 2940.55 (MB)
Total wire length = 1460256 um.
Total wire length on LAYER li1 = 0 um.
Total wire length on LAYER met1 = 455790 um.
Total wire length on LAYER met2 = 526915 um.
Total wire length on LAYER met3 = 274874 um.
Total wire length on LAYER met4 = 197243 um.
Total wire length on LAYER met5 = 5432 um.
Total number of vias = 175465.
Up-via summary (total 175465):

-------------------------
 FR_MASTERSLICE         0
            li1     64158
           met1     90894
           met2     15808
           met3      4515
           met4        90
-------------------------
               175465


[INFO DRT-0195] Start 6th guides tiles iteration.
    Completing 10% with 30 violations.
    elapsed time = 00:00:00, memory = 2569.22 (MB).
    Completing 20% with 30 violations.
    elapsed time = 00:00:00, memory = 2569.22 (MB).
    Completing 40% with 30 violations.
    elapsed time = 00:00:01, memory = 2569.22 (MB).
    Completing 50% with 30 violations.
    elapsed time = 00:00:01, memory = 2569.22 (MB).
    Completing 70% with 1 violations.
    elapsed time = 00:00:01, memory = 2569.22 (MB).
    Completing 80% with 1 violations.
    elapsed time = 00:00:01, memory = 2569.22 (MB).
    Completing 100% with 0 violations.
    elapsed time = 00:00:01, memory = 2569.22 (MB).
[INFO DRT-0199]   Number of violations = 0.
[INFO DRT-0267] cpu time = 00:00:03, elapsed time = 00:00:02, memory = 2569.30 (MB), peak = 2940.55 (MB)
Total wire length = 1460272 um.
Total wire length on LAYER li1 = 0 um.
Total wire length on LAYER met1 = 455800 um.
Total wire length on LAYER met2 = 526929 um.
Total wire length on LAYER met3 = 274866 um.
Total wire length on LAYER met4 = 197243 um.
Total wire length on LAYER met5 = 5432 um.
Total number of vias = 175475.
Up-via summary (total 175475):

-------------------------
 FR_MASTERSLICE         0
            li1     64158
           met1     90904
           met2     15808
           met3      4515
           met4        90
-------------------------
               175475


[INFO DRT-0198] Complete detail routing.
Total wire length = 1460272 um.
Total wire length on LAYER li1 = 0 um.
Total wire length on LAYER met1 = 455800 um.
Total wire length on LAYER met2 = 526929 um.
Total wire length on LAYER met3 = 274866 um.
Total wire length on LAYER met4 = 197243 um.
Total wire length on LAYER met5 = 5432 um.
Total number of vias = 175475.
Up-via summary (total 175475):

-------------------------
 FR_MASTERSLICE         0
            li1     64158
           met1     90904
           met2     15808
           met3      4515
           met4        90
-------------------------
               175475


[INFO DRT-0267] cpu time = 02:26:51, elapsed time = 00:27:25, memory = 2569.30 (MB), peak = 2940.55 (MB)

[INFO DRT-0180] Post processing.
[INFO DRT-0501] Runtime: 1693.03s
Took 1725 seconds: detailed_route -output_drc /root/cac_runs/keccak_r1_10ns_ant10/reports/sky130hd/cac_keccak_r1_10ns/base/5_route_drc.rpt -output_maze /root/cac_runs/keccak_r1_10ns_ant10/results/sky130hd/cac_keccak_r1_10ns/base/maze.log -droute_end_iter 64 -verbose 1 -drc_report_iter_step 5
[INFO GRT-0012] Found 94 antenna violations.
[WARNING GRT-0243] Unable to repair antennas on net with diodes.
[INFO DPL-0006] Core area: 464820.80 um^2
[INFO DPL-0007] Movable instances area: 2.50 um^2
[INFO DPL-0008] Fixed instances area within core: 234860.25 um^2
[INFO DPL-0009] Utilization: 50.5%
[INFO DPL-0005] Diamond search max displacement: +/- 500 sites horizontally, +/- 100 rows vertically.
[INFO DPL-1102] Legalizing using negotiation legalizer.
[INFO DPL-1103] Negotiation base search window: +/-20 sites horizontally, +/-5 rows vertically 
	Automatic search window extension enabled.
	Search window extendable up to the max displacement cap of +/-500 sites, +/-100 rows near walls.
[INFO DPL-1104] NegotiationLegalizer DRC penalty: 5.
[INFO DPL-0392] Negotiation cell height distribution (1 unique row-count(s)):
[INFO DPL-0393]   height 1 row(s): 24621 cells
          |      Total |  Illegal |  Illegal
Iteration | Violations |    Cells |    Sites
---------------------------------------------
        0 |          0 |         0 |         0
Negotiation phase 1 converged at iteration 0.
[INFO DPL-0500] Runtime: 0.32s
[INFO GRT-0015] Inserted 210 diodes.
[WARNING DRT-0120] Large net net1295 has 166 pins which may impact routing performance. Consider optimization.
[WARNING DRT-0120] Large net net1294 has 189 pins which may impact routing performance. Consider optimization.
[WARNING DRT-0120] Large net net1280 has 174 pins which may impact routing performance. Consider optimization.
[WARNING DRT-0120] Large net net1237 has 120 pins which may impact routing performance. Consider optimization.
[WARNING DRT-0120] Large net net1235 has 130 pins which may impact routing performance. Consider optimization.
[WARNING DRT-0120] Large net net1233 has 106 pins which may impact routing performance. Consider optimization.
[WARNING DRT-0120] Large net net1215 has 146 pins which may impact routing performance. Consider optimization.
[WARNING DRT-0120] Large net net1213 has 113 pins which may impact routing performance. Consider optimization.
[WARNING DRT-0120] Large net net1208 has 106 pins which may impact routing performance. Consider optimization.
[WARNING DRT-0120] Large net net1202 has 153 pins which may impact routing performance. Consider optimization.
[WARNING DRT-0120] Large net net1190 has 114 pins which may impact routing performance. Consider optimization.
[WARNING DRT-0120] Large net net1189 has 119 pins which may impact routing performance. Consider optimization.
[WARNING DRT-0120] Large net net1188 has 111 pins which may impact routing performance. Consider optimization.
[WARNING DRT-0120] Large net net1186 has 135 pins which may impact routing performance. Consider optimization.
[WARNING DRT-0120] Large net net1183 has 102 pins which may impact routing performance. Consider optimization.
[WARNING DRT-0120] Large net net1180 has 123 pins which may impact routing performance. Consider optimization.
[WARNING DRT-0120] Large net net1179 has 103 pins which may impact routing performance. Consider optimization.
[WARNING DRT-0120] Large net net1178 has 109 pins which may impact routing performance. Consider optimization.
[WARNING DRT-0120] Large net net1177 has 106 pins which may impact routing performance. Consider optimization.
[WARNING DRT-0120] Large net net1226 has 122 pins which may impact routing performance. Consider optimization.
[WARNING DRT-0120] Large net net1221 has 117 pins which may impact routing performance. Consider optimization.
[WARNING DRT-0120] Large net net1218 has 164 pins which may impact routing performance. Consider optimization.
[WARNING DRT-0120] Large net net1196 has 101 pins which may impact routing performance. Consider optimization.
[WARNING DRT-0120] Large net net1199 has 106 pins which may impact routing performance. Consider optimization.
[WARNING DRT-0120] Large net net71 has 187 pins which may impact routing performance. Consider optimization.
[INFO DRT-0024]   Complete FR_MASTERSLICE.
[INFO DRT-0024]   Complete Fr_VIA.
[INFO DRT-0024]   Complete li1.
[INFO DRT-0024]   Complete mcon.
[INFO DRT-0024]   Complete met1.
[INFO DRT-0024]   Complete via.
[INFO DRT-0024]   Complete met2.
[INFO DRT-0024]   Complete via2.
[INFO DRT-0024]   Complete met3.
[INFO DRT-0024]   Complete via3.
[INFO DRT-0024]   Complete met4.
[INFO DRT-0024]   Complete via4.
[INFO DRT-0024]   Complete met5.
[INFO DRT-0165] Start pin access.
[INFO DRT-0076]   Complete 1000 pins.
[INFO DRT-0078]   Complete 1071 pins.
[INFO DRT-0079]   Complete 100 unique inst patterns.
[INFO DRT-0081]   Complete 142 unique inst patterns.
[INFO DRT-0082]   Complete 10000 groups.
[INFO DRT-0084]   Complete 13545 groups.
#scanned instances     = 24621
#unique  instances     = 142
#stdCellGenAp          = 4020
#stdCellValidPlanarAp  = 74
#stdCellValidViaAp     = 2966
#stdCellPinNoAp        = 0
#stdCellPinCnt         = 67091
#instTermValidViaApCnt = 0
#macroGenAp            = 0
#macroValidPlanarAp    = 0
#macroValidViaAp       = 0
#macroNoAp             = 0
[INFO DRT-0166] Complete pin access.
[INFO DRT-0267] cpu time = 00:08:02, elapsed time = 00:01:19, memory = 2162.66 (MB), peak = 2940.55 (MB)
[INFO DRT-0156] guideIn read 100000 guides.

[INFO DRT-0157] Number of guides:     179650

[INFO DRT-0169] Post process guides.
[INFO DRT-0176] GCELLGRID X 0 DO 99 STEP 6900 ;
[INFO DRT-0177] GCELLGRID Y 0 DO 99 STEP 6900 ;
[INFO DRT-0026]   Complete 100000 origin guides.
[INFO DRT-0028]   Complete FR_MASTERSLICE.
[INFO DRT-0028]   Complete Fr_VIA.
[INFO DRT-0028]   Complete li1.
[INFO DRT-0028]   Complete mcon.
[INFO DRT-0028]   Complete met1.
[INFO DRT-0028]   Complete via.
[INFO DRT-0028]   Complete met2.
[INFO DRT-0028]   Complete via2.
[INFO DRT-0028]   Complete met3.
[INFO DRT-0028]   Complete via3.
[INFO DRT-0028]   Complete met4.
[INFO DRT-0028]   Complete via4.
[INFO DRT-0028]   Complete met5.
[INFO DRT-0178] Init guide query.
[INFO DRT-0035]   Complete FR_MASTERSLICE (guide).
[INFO DRT-0035]   Complete Fr_VIA (guide).
[INFO DRT-0035]   Complete li1 (guide).
[INFO DRT-0035]   Complete mcon (guide).
[INFO DRT-0035]   Complete met1 (guide).
[INFO DRT-0035]   Complete via (guide).
[INFO DRT-0035]   Complete met2 (guide).
[INFO DRT-0035]   Complete via2 (guide).
[INFO DRT-0035]   Complete met3 (guide).
[INFO DRT-0035]   Complete via3 (guide).
[INFO DRT-0035]   Complete met4 (guide).
[INFO DRT-0035]   Complete via4 (guide).
[INFO DRT-0035]   Complete met5 (guide).
[INFO DRT-0036] FR_MASTERSLICE guide region query size = 0.
[INFO DRT-0036] FR_VIA guide region query size = 0.
[INFO DRT-0036] li1 guide region query size = 54354.
[INFO DRT-0036] mcon guide region query size = 0.
[INFO DRT-0036] met1 guide region query size = 52162.
[INFO DRT-0036] via guide region query size = 0.
[INFO DRT-0036] met2 guide region query size = 29045.
[INFO DRT-0036] via2 guide region query size = 0.
[INFO DRT-0036] met3 guide region query size = 3826.
[INFO DRT-0036] via3 guide region query size = 0.
[INFO DRT-0036] met4 guide region query size = 1778.
[INFO DRT-0036] via4 guide region query size = 0.
[INFO DRT-0036] met5 guide region query size = 59.
[INFO DRT-0179] Init gr pin query.
[INFO DRT-0267] cpu time = 00:00:01, elapsed time = 00:00:00, memory = 2162.66 (MB), peak = 2940.55 (MB)
[INFO DRT-0245] skipped writing guide updates to database.
[INFO DRT-0181] Start track assignment.
[INFO DRT-0184] Done with 85177 vertical wires in 2 frboxes and 56047 horizontal wires in 2 frboxes.
[INFO DRT-0186] Done with 13834 vertical wires in 2 frboxes and 23203 horizontal wires in 2 frboxes.
[INFO DRT-0182] Complete track assignment.
[INFO DRT-0267] cpu time = 00:00:17, elapsed time = 00:00:10, memory = 2162.66 (MB), peak = 2940.55 (MB)
[INFO DRT-0187] Start routing data preparation.
[INFO DRT-0267] cpu time = 00:00:00, elapsed time = 00:00:00, memory = 2162.66 (MB), peak = 2940.55 (MB)
[INFO DRT-0194] Start detail routing.
[INFO DRT-0195] Start 0th optimization iteration.
    Completing 10% with 0 violations.
    elapsed time = 00:00:17, memory = 2286.34 (MB).
    Completing 20% with 0 violations.
    elapsed time = 00:00:29, memory = 2456.07 (MB).
    Completing 30% with 6552 violations.
    elapsed time = 00:00:42, memory = 2518.60 (MB).
    Completing 40% with 6552 violations.
    elapsed time = 00:00:58, memory = 2579.04 (MB).
    Completing 50% with 6552 violations.
    elapsed time = 00:01:12, memory = 2525.23 (MB).
    Completing 60% with 12227 violations.
    elapsed time = 00:01:28, memory = 2603.22 (MB).
    Completing 70% with 12227 violations.
    elapsed time = 00:01:42, memory = 2601.22 (MB).
    Completing 80% with 17492 violations.
    elapsed time = 00:01:55, memory = 2630.89 (MB).
    Completing 90% with 17492 violations.
    elapsed time = 00:02:06, memory = 2644.25 (MB).
    Completing 100% with 22493 violations.
    elapsed time = 00:02:17, memory = 2324.56 (MB).
[INFO DRT-0199]   Number of violations = 23943.
Viol/Layer         li1   mcon   met1    via   met2   met3   met4
Cut Spacing          0      2      0      3      0      0      0
Metal Spacing        0      0    782      0   1113     49      3
Min Hole             0      0      4      0      1      0      0
Recheck              1      0    813      0    536     71     29
Short                0      0  12935     18   7330    190     63
[INFO DRT-0267] cpu time = 00:13:47, elapsed time = 00:02:17, memory = 2507.67 (MB), peak = 2940.55 (MB)
Total wire length = 1466152 um.
Total wire length on LAYER li1 = 0 um.
Total wire length on LAYER met1 = 491646 um.
Total wire length on LAYER met2 = 545927 um.
Total wire length on LAYER met3 = 242917 um.
Total wire length on LAYER met4 = 180360 um.
Total wire length on LAYER met5 = 5300 um.
Total number of vias = 174746.
Up-via summary (total 174746):

-------------------------
 FR_MASTERSLICE         0
            li1     64462
           met1     91767
           met2     14413
           met3      4020
           met4        84
-------------------------
               174746


[INFO DRT-0195] Start 1st optimization iteration.
    Completing 10% with 23943 violations.
    elapsed time = 00:00:07, memory = 2679.54 (MB).
    Completing 20% with 23943 violations.
    elapsed time = 00:00:17, memory = 2724.93 (MB).
    Completing 30% with 22021 violations.
    elapsed time = 00:00:27, memory = 2650.81 (MB).
    Completing 40% with 22021 violations.
    elapsed time = 00:00:37, memory = 2772.34 (MB).
    Completing 50% with 22021 violations.
    elapsed time = 00:00:50, memory = 2661.07 (MB).
    Completing 60% with 20204 violations.
    elapsed time = 00:01:01, memory = 2776.73 (MB).
    Completing 70% with 20204 violations.
    elapsed time = 00:01:13, memory = 2733.88 (MB).
    Completing 80% with 18385 violations.
    elapsed time = 00:01:26, memory = 2781.50 (MB).
    Completing 90% with 18385 violations.
    elapsed time = 00:01:39, memory = 2780.59 (MB).
    Completing 100% with 16392 violations.
    elapsed time = 00:01:52, memory = 2517.46 (MB).
[INFO DRT-0199]   Number of violations = 16400.
Viol/Layer        mcon   met1    via   met2   met3   met4
Cut Spacing          4      0      0      0      0      0
Metal Spacing        0    814      0   1043     34      2
Recheck              0      1      0      7      0      0
Short                0  10556      3   3865     62      9
[INFO DRT-0267] cpu time = 00:10:26, elapsed time = 00:01:52, memory = 2520.46 (MB), peak = 2940.55 (MB)
Total wire length = 1463689 um.
Total wire length on LAYER li1 = 0 um.
Total wire length on LAYER met1 = 490110 um.
Total wire length on LAYER met2 = 544132 um.
Total wire length on LAYER met3 = 243368 um.
Total wire length on LAYER met4 = 180777 um.
Total wire length on LAYER met5 = 5300 um.
Total number of vias = 174300.
Up-via summary (total 174300):

-------------------------
 FR_MASTERSLICE         0
            li1     64457
           met1     91285
           met2     14422
           met3      4052
           met4        84
-------------------------
               174300


[INFO DRT-0195] Start 2nd optimization iteration.
    Completing 10% with 16400 violations.
    elapsed time = 00:00:12, memory = 2777.94 (MB).
    Completing 20% with 16400 violations.
    elapsed time = 00:00:20, memory = 2795.69 (MB).
    Completing 30% with 16163 violations.
    elapsed time = 00:00:31, memory = 2763.89 (MB).
    Completing 40% with 16163 violations.
    elapsed time = 00:00:43, memory = 2731.09 (MB).
    Completing 50% with 16163 violations.
    elapsed time = 00:00:52, memory = 2742.32 (MB).
    Completing 60% with 16004 violations.
    elapsed time = 00:01:04, memory = 2768.66 (MB).
    Completing 70% with 16004 violations.
    elapsed time = 00:01:13, memory = 2836.98 (MB).
    Completing 80% with 15765 violations.
    elapsed time = 00:01:22, memory = 2724.41 (MB).
    Completing 90% with 15765 violations.
    elapsed time = 00:01:29, memory = 2737.70 (MB).
    Completing 100% with 15648 violations.
    elapsed time = 00:01:36, memory = 2545.41 (MB).
[INFO DRT-0199]   Number of violations = 15648.
Viol/Layer        mcon   met1   met2   met3   met4
Cut Spacing          3      0      0      0      0
Metal Spacing        0    760    996     46      0
Short                0  10056   3731     55      1
[INFO DRT-0267] cpu time = 00:09:51, elapsed time = 00:01:37, memory = 2548.41 (MB), peak = 2940.55 (MB)
Total wire length = 1463315 um.
Total wire length on LAYER li1 = 0 um.
Total wire length on LAYER met1 = 489685 um.
Total wire length on LAYER met2 = 543968 um.
Total wire length on LAYER met3 = 243527 um.
Total wire length on LAYER met4 = 180832 um.
Total wire length on LAYER met5 = 5300 um.
Total number of vias = 174137.
Up-via summary (total 174137):

-------------------------
 FR_MASTERSLICE         0
            li1     64462
           met1     91158
           met2     14391
           met3      4042
           met4        84
-------------------------
               174137


[INFO DRT-0195] Start 3rd optimization iteration.
    Completing 10% with 15648 violations.
    elapsed time = 00:00:29, memory = 2769.14 (MB).
    Completing 20% with 15648 violations.
    elapsed time = 00:00:56, memory = 2951.89 (MB).
    Completing 30% with 12617 violations.
    elapsed time = 00:01:28, memory = 2863.69 (MB).
    Completing 40% with 12617 violations.
    elapsed time = 00:02:02, memory = 2869.38 (MB).
    Completing 50% with 12617 violations.
    elapsed time = 00:02:26, memory = 2752.79 (MB).
    Completing 60% with 9110 violations.
    elapsed time = 00:03:08, memory = 2792.71 (MB).
    Completing 70% with 9110 violations.
    elapsed time = 00:03:32, memory = 2865.07 (MB).
    Completing 80% with 6401 violations.
    elapsed time = 00:04:02, memory = 2849.82 (MB).
    Completing 90% with 6401 violations.
    elapsed time = 00:04:40, memory = 2860.76 (MB).
    Completing 100% with 3147 violations.
    elapsed time = 00:05:22, memory = 2604.40 (MB).
[INFO DRT-0199]   Number of violations = 3147.
Viol/Layer        mcon   met1    via   met2   via2   met3
Cut Spacing          8      0     12      0      1      0
Metal Spacing        0    641      0    290      0     42
Min Hole             0      0      0      1      0      0
NS Metal             0      1      0      1      0      0
Short                0   1560      3    561      0     26
[INFO DRT-0267] cpu time = 00:29:43, elapsed time = 00:05:24, memory = 2604.40 (MB), peak = 2994.53 (MB)
Total wire length = 1463802 um.
Total wire length on LAYER li1 = 0 um.
Total wire length on LAYER met1 = 464171 um.
Total wire length on LAYER met2 = 532335 um.
Total wire length on LAYER met3 = 268480 um.
Total wire length on LAYER met4 = 193560 um.
Total wire length on LAYER met5 = 5254 um.
Total number of vias = 180416.
Up-via summary (total 180416):

-------------------------
 FR_MASTERSLICE         0
            li1     64462
           met1     93036
           met2     17906
           met3      4934
           met4        78
-------------------------
               180416


[INFO DRT-0195] Start 4th optimization iteration.
    Completing 10% with 3147 violations.
    elapsed time = 00:00:03, memory = 2818.22 (MB).
    Completing 20% with 3147 violations.
    elapsed time = 00:00:08, memory = 2895.06 (MB).
    Completing 30% with 2342 violations.
    elapsed time = 00:00:19, memory = 2604.40 (MB).
    Completing 40% with 2342 violations.
    elapsed time = 00:00:26, memory = 2794.64 (MB).
    Completing 50% with 2342 violations.
    elapsed time = 00:00:33, memory = 2745.72 (MB).
    Completing 60% with 1780 violations.
    elapsed time = 00:00:48, memory = 2816.84 (MB).
    Completing 70% with 1780 violations.
    elapsed time = 00:00:52, memory = 2815.39 (MB).
    Completing 80% with 1015 violations.
    elapsed time = 00:01:03, memory = 2604.40 (MB).
    Completing 90% with 1015 violations.
    elapsed time = 00:01:11, memory = 2785.89 (MB).
    Completing 100% with 216 violations.
    elapsed time = 00:01:20, memory = 2604.34 (MB).
[INFO DRT-0199]   Number of violations = 216.
Viol/Layer        mcon   met1   met2
Cut Spacing          1      0      0
Metal Spacing        0     56     23
Min Hole             0      0      1
Short                0     86     49
[INFO DRT-0267] cpu time = 00:05:49, elapsed time = 00:01:20, memory = 2604.34 (MB), peak = 2994.53 (MB)
Total wire length = 1463669 um.
Total wire length on LAYER li1 = 0 um.
Total wire length on LAYER met1 = 461644 um.
Total wire length on LAYER met2 = 531158 um.
Total wire length on LAYER met3 = 270806 um.
Total wire length on LAYER met4 = 194805 um.
Total wire length on LAYER met5 = 5254 um.
Total number of vias = 180559.
Up-via summary (total 180559):

-------------------------
 FR_MASTERSLICE         0
            li1     64464
           met1     92993
           met2     18029
           met3      4995
           met4        78
-------------------------
               180559


[INFO DRT-0195] Start 5th optimization iteration.
    Completing 10% with 216 violations.
    elapsed time = 00:00:00, memory = 2604.34 (MB).
    Completing 20% with 216 violations.
    elapsed time = 00:00:00, memory = 2604.34 (MB).
    Completing 30% with 190 violations.
    elapsed time = 00:00:01, memory = 2604.34 (MB).
    Completing 40% with 190 violations.
    elapsed time = 00:00:01, memory = 2604.34 (MB).
    Completing 50% with 190 violations.
    elapsed time = 00:00:01, memory = 2637.67 (MB).
    Completing 60% with 139 violations.
    elapsed time = 00:00:03, memory = 2604.34 (MB).
    Completing 70% with 139 violations.
    elapsed time = 00:00:03, memory = 2604.34 (MB).
    Completing 80% with 73 violations.
    elapsed time = 00:00:05, memory = 2604.34 (MB).
    Completing 90% with 73 violations.
    elapsed time = 00:00:05, memory = 2604.34 (MB).
    Completing 100% with 7 violations.
    elapsed time = 00:00:11, memory = 2623.66 (MB).
[INFO DRT-0199]   Number of violations = 7.
Viol/Layer        met1
Metal Spacing        7
[INFO DRT-0267] cpu time = 00:00:34, elapsed time = 00:00:12, memory = 2623.66 (MB), peak = 2994.53 (MB)
Total wire length = 1463655 um.
Total wire length on LAYER li1 = 0 um.
Total wire length on LAYER met1 = 461574 um.
Total wire length on LAYER met2 = 531109 um.
Total wire length on LAYER met3 = 270878 um.
Total wire length on LAYER met4 = 194838 um.
Total wire length on LAYER met5 = 5254 um.
Total number of vias = 180548.
Up-via summary (total 180548):

-------------------------
 FR_MASTERSLICE         0
            li1     64462
           met1     92994
           met2     18016
           met3      4998
           met4        78
-------------------------
               180548


[INFO DRT-0195] Start 6th guides tiles iteration.
    Completing 30% with 7 violations.
    elapsed time = 00:00:00, memory = 2623.66 (MB).
    Completing 60% with 7 violations.
    elapsed time = 00:00:00, memory = 2623.66 (MB).
    Completing 100% with 0 violations.
    elapsed time = 00:00:00, memory = 2623.66 (MB).
[INFO DRT-0199]   Number of violations = 0.
[INFO DRT-0267] cpu time = 00:00:01, elapsed time = 00:00:00, memory = 2623.66 (MB), peak = 2994.53 (MB)
Total wire length = 1463654 um.
Total wire length on LAYER li1 = 0 um.
Total wire length on LAYER met1 = 461573 um.
Total wire length on LAYER met2 = 531108 um.
Total wire length on LAYER met3 = 270878 um.
Total wire length on LAYER met4 = 194838 um.
Total wire length on LAYER met5 = 5254 um.
Total number of vias = 180548.
Up-via summary (total 180548):

-------------------------
 FR_MASTERSLICE         0
            li1     64462
           met1     92994
           met2     18016
           met3      4998
           met4        78
-------------------------
               180548


[INFO DRT-0198] Complete detail routing.
Total wire length = 1463654 um.
Total wire length on LAYER li1 = 0 um.
Total wire length on LAYER met1 = 461573 um.
Total wire length on LAYER met2 = 531108 um.
Total wire length on LAYER met3 = 270878 um.
Total wire length on LAYER met4 = 194838 um.
Total wire length on LAYER met5 = 5254 um.
Total number of vias = 180548.
Up-via summary (total 180548):

-------------------------
 FR_MASTERSLICE         0
            li1     64462
           met1     92994
           met2     18016
           met3      4998
           met4        78
-------------------------
               180548


[INFO DRT-0267] cpu time = 01:10:14, elapsed time = 00:12:46, memory = 2623.66 (MB), peak = 2994.53 (MB)

[INFO DRT-0180] Post processing.
[INFO DRT-0501] Runtime: 840.71s
[INFO ANT-0002] Found 23 net violations.
[INFO ANT-0001] Found 36 pin violations.
[INFO GRT-0012] Found 23 antenna violations.
[INFO DPL-0006] Core area: 464820.80 um^2
[INFO DPL-0007] Movable instances area: 0.00 um^2
[INFO DPL-0008] Fixed instances area within core: 234960.35 um^2
[INFO DPL-0009] Utilization: 50.5%
[INFO DPL-0005] Diamond search max displacement: +/- 500 sites horizontally, +/- 100 rows vertically.
[INFO DPL-1102] Legalizing using negotiation legalizer.
[INFO DPL-1103] Negotiation base search window: +/-20 sites horizontally, +/-5 rows vertically 
	Automatic search window extension enabled.
	Search window extendable up to the max displacement cap of +/-500 sites, +/-100 rows near walls.
[INFO DPL-1104] NegotiationLegalizer DRC penalty: 5.
[INFO DPL-0392] Negotiation cell height distribution (1 unique row-count(s)):
[INFO DPL-0393]   height 1 row(s): 24660 cells
[INFO DPL-0500] Runtime: 0.34s
[INFO GRT-0015] Inserted 39 diodes.
[WARNING DRT-0120] Large net net1295 has 166 pins which may impact routing performance. Consider optimization.
[WARNING DRT-0120] Large net net1294 has 189 pins which may impact routing performance. Consider optimization.
[WARNING DRT-0120] Large net net1280 has 174 pins which may impact routing performance. Consider optimization.
[WARNING DRT-0120] Large net net1237 has 120 pins which may impact routing performance. Consider optimization.
[WARNING DRT-0120] Large net net1235 has 130 pins which may impact routing performance. Consider optimization.
[WARNING DRT-0120] Large net net1233 has 106 pins which may impact routing performance. Consider optimization.
[WARNING DRT-0120] Large net net1215 has 146 pins which may impact routing performance. Consider optimization.
[WARNING DRT-0120] Large net net1213 has 113 pins which may impact routing performance. Consider optimization.
[WARNING DRT-0120] Large net net1208 has 106 pins which may impact routing performance. Consider optimization.
[WARNING DRT-0120] Large net net1202 has 153 pins which may impact routing performance. Consider optimization.
[WARNING DRT-0120] Large net net1190 has 114 pins which may impact routing performance. Consider optimization.
[WARNING DRT-0120] Large net net1189 has 119 pins which may impact routing performance. Consider optimization.
[WARNING DRT-0120] Large net net1188 has 111 pins which may impact routing performance. Consider optimization.
[WARNING DRT-0120] Large net net1186 has 135 pins which may impact routing performance. Consider optimization.
[WARNING DRT-0120] Large net net1183 has 102 pins which may impact routing performance. Consider optimization.
[WARNING DRT-0120] Large net net1180 has 123 pins which may impact routing performance. Consider optimization.
[WARNING DRT-0120] Large net net1179 has 103 pins which may impact routing performance. Consider optimization.
[WARNING DRT-0120] Large net net1178 has 109 pins which may impact routing performance. Consider optimization.
[WARNING DRT-0120] Large net net1177 has 106 pins which may impact routing performance. Consider optimization.
[WARNING DRT-0120] Large net net1226 has 122 pins which may impact routing performance. Consider optimization.
[WARNING DRT-0120] Large net net1221 has 117 pins which may impact routing performance. Consider optimization.
[WARNING DRT-0120] Large net net1218 has 164 pins which may impact routing performance. Consider optimization.
[WARNING DRT-0120] Large net net1196 has 101 pins which may impact routing performance. Consider optimization.
[WARNING DRT-0120] Large net net1199 has 106 pins which may impact routing performance. Consider optimization.
[WARNING DRT-0120] Large net net71 has 187 pins which may impact routing performance. Consider optimization.
[INFO DRT-0024]   Complete FR_MASTERSLICE.
[INFO DRT-0024]   Complete Fr_VIA.
[INFO DRT-0024]   Complete li1.
[INFO DRT-0024]   Complete mcon.
[INFO DRT-0024]   Complete met1.
[INFO DRT-0024]   Complete via.
[INFO DRT-0024]   Complete met2.
[INFO DRT-0024]   Complete via2.
[INFO DRT-0024]   Complete met3.
[INFO DRT-0024]   Complete via3.
[INFO DRT-0024]   Complete met4.
[INFO DRT-0024]   Complete via4.
[INFO DRT-0024]   Complete met5.
[INFO DRT-0165] Start pin access.
[INFO DRT-0076]   Complete 1000 pins.
[INFO DRT-0078]   Complete 1071 pins.
[INFO DRT-0079]   Complete 100 unique inst patterns.
[INFO DRT-0081]   Complete 142 unique inst patterns.
[INFO DRT-0082]   Complete 10000 groups.
[INFO DRT-0084]   Complete 13556 groups.
#scanned instances     = 24660
#unique  instances     = 142
#stdCellGenAp          = 4020
#stdCellValidPlanarAp  = 74
#stdCellValidViaAp     = 2966
#stdCellPinNoAp        = 0
#stdCellPinCnt         = 67091
#instTermValidViaApCnt = 0
#macroGenAp            = 0
#macroValidPlanarAp    = 0
#macroValidViaAp       = 0
#macroNoAp             = 0
[INFO DRT-0166] Complete pin access.
[INFO DRT-0267] cpu time = 00:07:51, elapsed time = 00:01:02, memory = 2623.76 (MB), peak = 2994.53 (MB)
[INFO DRT-0156] guideIn read 100000 guides.

[INFO DRT-0157] Number of guides:     179280

[INFO DRT-0169] Post process guides.
[INFO DRT-0176] GCELLGRID X 0 DO 99 STEP 6900 ;
[INFO DRT-0177] GCELLGRID Y 0 DO 99 STEP 6900 ;
[INFO DRT-0026]   Complete 100000 origin guides.
[INFO DRT-0028]   Complete FR_MASTERSLICE.
[INFO DRT-0028]   Complete Fr_VIA.
[INFO DRT-0028]   Complete li1.
[INFO DRT-0028]   Complete mcon.
[INFO DRT-0028]   Complete met1.
[INFO DRT-0028]   Complete via.
[INFO DRT-0028]   Complete met2.
[INFO DRT-0028]   Complete via2.
[INFO DRT-0028]   Complete met3.
[INFO DRT-0028]   Complete via3.
[INFO DRT-0028]   Complete met4.
[INFO DRT-0028]   Complete via4.
[INFO DRT-0028]   Complete met5.
[INFO DRT-0178] Init guide query.
[INFO DRT-0035]   Complete FR_MASTERSLICE (guide).
[INFO DRT-0035]   Complete Fr_VIA (guide).
[INFO DRT-0035]   Complete li1 (guide).
[INFO DRT-0035]   Complete mcon (guide).
[INFO DRT-0035]   Complete met1 (guide).
[INFO DRT-0035]   Complete via (guide).
[INFO DRT-0035]   Complete met2 (guide).
[INFO DRT-0035]   Complete via2 (guide).
[INFO DRT-0035]   Complete met3 (guide).
[INFO DRT-0035]   Complete via3 (guide).
[INFO DRT-0035]   Complete met4 (guide).
[INFO DRT-0035]   Complete via4 (guide).
[INFO DRT-0035]   Complete met5 (guide).
[INFO DRT-0036] FR_MASTERSLICE guide region query size = 0.
[INFO DRT-0036] FR_VIA guide region query size = 0.
[INFO DRT-0036] li1 guide region query size = 54373.
[INFO DRT-0036] mcon guide region query size = 0.
[INFO DRT-0036] met1 guide region query size = 52147.
[INFO DRT-0036] via guide region query size = 0.
[INFO DRT-0036] met2 guide region query size = 28960.
[INFO DRT-0036] via2 guide region query size = 0.
[INFO DRT-0036] met3 guide region query size = 3731.
[INFO DRT-0036] via3 guide region query size = 0.
[INFO DRT-0036] met4 guide region query size = 1735.
[INFO DRT-0036] via4 guide region query size = 0.
[INFO DRT-0036] met5 guide region query size = 56.
[INFO DRT-0179] Init gr pin query.
[INFO DRT-0267] cpu time = 00:00:01, elapsed time = 00:00:01, memory = 2623.76 (MB), peak = 2994.53 (MB)
[INFO DRT-0245] skipped writing guide updates to database.
[INFO DRT-0181] Start track assignment.
[INFO DRT-0184] Done with 85068 vertical wires in 2 frboxes and 55934 horizontal wires in 2 frboxes.
[INFO DRT-0186] Done with 14047 vertical wires in 2 frboxes and 23285 horizontal wires in 2 frboxes.
[INFO DRT-0182] Complete track assignment.
[INFO DRT-0267] cpu time = 00:00:18, elapsed time = 00:00:11, memory = 2623.76 (MB), peak = 2994.53 (MB)
[INFO DRT-0187] Start routing data preparation.
[INFO DRT-0267] cpu time = 00:00:00, elapsed time = 00:00:00, memory = 2623.76 (MB), peak = 2994.53 (MB)
[INFO DRT-0194] Start detail routing.
[INFO DRT-0195] Start 0th optimization iteration.
    Completing 10% with 0 violations.
    elapsed time = 00:00:09, memory = 2832.92 (MB).
    Completing 20% with 0 violations.
    elapsed time = 00:00:14, memory = 2841.36 (MB).
    Completing 30% with 2403 violations.
    elapsed time = 00:00:20, memory = 2808.17 (MB).
    Completing 40% with 2403 violations.
    elapsed time = 00:00:28, memory = 2810.52 (MB).
    Completing 50% with 2403 violations.
    elapsed time = 00:00:33, memory = 2738.48 (MB).
    Completing 60% with 4601 violations.
    elapsed time = 00:00:43, memory = 2769.22 (MB).
    Completing 70% with 4601 violations.
    elapsed time = 00:00:47, memory = 2732.55 (MB).
    Completing 80% with 6551 violations.
    elapsed time = 00:00:57, memory = 2772.92 (MB).
    Completing 90% with 6551 violations.
    elapsed time = 00:01:01, memory = 2779.39 (MB).
    Completing 100% with 8231 violations.
    elapsed time = 00:01:07, memory = 2602.63 (MB).
[INFO DRT-0199]   Number of violations = 8734.
Viol/Layer        met1    via   met2   met3   met4   met5
Metal Spacing      311      0    438     12      3      0
Min Hole             3      0      1      0      0      0
Recheck            245      0    237     14      7      0
Short             4369      3   3049     27     14      1
[INFO DRT-0267] cpu time = 00:06:36, elapsed time = 00:01:07, memory = 2602.63 (MB), peak = 2994.53 (MB)
Total wire length = 1465218 um.
Total wire length on LAYER li1 = 0 um.
Total wire length on LAYER met1 = 470551 um.
Total wire length on LAYER met2 = 536511 um.
Total wire length on LAYER met3 = 262794 um.
Total wire length on LAYER met4 = 190098 um.
Total wire length on LAYER met5 = 5262 um.
Total number of vias = 179477.
Up-via summary (total 179477):

-------------------------
 FR_MASTERSLICE         0
            li1     64511
           met1     92885
           met2     17222
           met3      4779
           met4        80
-------------------------
               179477


[INFO DRT-0195] Start 1st optimization iteration.
    Completing 10% with 8734 violations.
    elapsed time = 00:00:02, memory = 2737.20 (MB).
    Completing 20% with 8734 violations.
    elapsed time = 00:00:05, memory = 2819.08 (MB).
    Completing 30% with 8159 violations.
    elapsed time = 00:00:08, memory = 2712.88 (MB).
    Completing 40% with 8159 violations.
    elapsed time = 00:00:11, memory = 2818.05 (MB).
    Completing 50% with 8159 violations.
    elapsed time = 00:00:16, memory = 2703.97 (MB).
    Completing 60% with 7379 violations.
    elapsed time = 00:00:24, memory = 2818.99 (MB).
    Completing 70% with 7379 violations.
    elapsed time = 00:00:28, memory = 2779.09 (MB).
    Completing 80% with 6510 violations.
    elapsed time = 00:00:37, memory = 2849.48 (MB).
    Completing 90% with 6510 violations.
    elapsed time = 00:00:44, memory = 2808.70 (MB).
    Completing 100% with 5398 violations.
    elapsed time = 00:00:50, memory = 2634.10 (MB).
[INFO DRT-0199]   Number of violations = 5398.
Viol/Layer        met1   met2   met3   met4
Metal Spacing      341    407     11      0
Short             3147   1478     11      3
[INFO DRT-0267] cpu time = 00:05:29, elapsed time = 00:00:50, memory = 2634.10 (MB), peak = 2994.53 (MB)
Total wire length = 1464565 um.
Total wire length on LAYER li1 = 0 um.
Total wire length on LAYER met1 = 470128 um.
Total wire length on LAYER met2 = 535943 um.
Total wire length on LAYER met3 = 263011 um.
Total wire length on LAYER met4 = 190227 um.
Total wire length on LAYER met5 = 5254 um.
Total number of vias = 179441.
Up-via summary (total 179441):

-------------------------
 FR_MASTERSLICE         0
            li1     64511
           met1     92820
           met2     17248
           met3      4784
           met4        78
-------------------------
               179441


[INFO DRT-0195] Start 2nd optimization iteration.
    Completing 10% with 5398 violations.
    elapsed time = 00:00:07, memory = 2846.86 (MB).
    Completing 20% with 5398 violations.
    elapsed time = 00:00:12, memory = 2831.01 (MB).
    Completing 30% with 5385 violations.
    elapsed time = 00:00:17, memory = 2765.41 (MB).
    Completing 40% with 5385 violations.
    elapsed time = 00:00:23, memory = 2834.65 (MB).
    Completing 50% with 5385 violations.
    elapsed time = 00:00:27, memory = 2838.32 (MB).
    Completing 60% with 5385 violations.
    elapsed time = 00:00:36, memory = 2747.84 (MB).
    Completing 70% with 5385 violations.
    elapsed time = 00:00:40, memory = 2712.37 (MB).
    Completing 80% with 5397 violations.
    elapsed time = 00:00:46, memory = 2748.28 (MB).
    Completing 90% with 5397 violations.
    elapsed time = 00:00:49, memory = 2754.81 (MB).
    Completing 100% with 5400 violations.
    elapsed time = 00:00:54, memory = 2605.71 (MB).
[INFO DRT-0199]   Number of violations = 5400.
Viol/Layer        met1   met2   met3   met4
Metal Spacing      400    400      5      0
Short             3241   1335     17      2
[INFO DRT-0267] cpu time = 00:05:09, elapsed time = 00:00:54, memory = 2605.71 (MB), peak = 2994.53 (MB)
Total wire length = 1464421 um.
Total wire length on LAYER li1 = 0 um.
Total wire length on LAYER met1 = 470078 um.
Total wire length on LAYER met2 = 535712 um.
Total wire length on LAYER met3 = 263032 um.
Total wire length on LAYER met4 = 190343 um.
Total wire length on LAYER met5 = 5254 um.
Total number of vias = 179427.
Up-via summary (total 179427):

-------------------------
 FR_MASTERSLICE         0
            li1     64510
           met1     92805
           met2     17250
           met3      4784
           met4        78
-------------------------
               179427


[INFO DRT-0195] Start 3rd optimization iteration.
    Completing 10% with 5400 violations.
    elapsed time = 00:00:09, memory = 2846.81 (MB).
    Completing 20% with 5400 violations.
    elapsed time = 00:00:21, memory = 2851.89 (MB).
    Completing 30% with 4260 violations.
    elapsed time = 00:00:36, memory = 2856.48 (MB).
    Completing 40% with 4260 violations.
    elapsed time = 00:00:54, memory = 2859.58 (MB).
    Completing 50% with 4260 violations.
    elapsed time = 00:01:07, memory = 2807.41 (MB).
    Completing 60% with 2936 violations.
    elapsed time = 00:01:31, memory = 2902.65 (MB).
    Completing 70% with 2936 violations.
    elapsed time = 00:01:42, memory = 2868.02 (MB).
    Completing 80% with 1787 violations.
    elapsed time = 00:01:55, memory = 2898.36 (MB).
    Completing 90% with 1787 violations.
    elapsed time = 00:02:12, memory = 2802.62 (MB).
    Completing 100% with 789 violations.
    elapsed time = 00:02:30, memory = 2652.74 (MB).
[INFO DRT-0199]   Number of violations = 789.
Viol/Layer        met1    via   met2   met3
Cut Spacing          0      3      0      0
Metal Spacing      124      0     78      4
Short              415      1    164      0
[INFO DRT-0267] cpu time = 00:14:27, elapsed time = 00:02:31, memory = 2652.74 (MB), peak = 2994.53 (MB)
Total wire length = 1464586 um.
Total wire length on LAYER li1 = 0 um.
Total wire length on LAYER met1 = 462669 um.
Total wire length on LAYER met2 = 531488 um.
Total wire length on LAYER met3 = 270460 um.
Total wire length on LAYER met4 = 194714 um.
Total wire length on LAYER met5 = 5254 um.
Total number of vias = 181435.
Up-via summary (total 181435):

-------------------------
 FR_MASTERSLICE         0
            li1     64507
           met1     93433
           met2     18348
           met3      5069
           met4        78
-------------------------
               181435


[INFO DRT-0195] Start 4th optimization iteration.
    Completing 10% with 789 violations.
    elapsed time = 00:00:01, memory = 2725.30 (MB).
    Completing 20% with 789 violations.
    elapsed time = 00:00:01, memory = 2851.18 (MB).
    Completing 30% with 660 violations.
    elapsed time = 00:00:03, memory = 2595.26 (MB).
    Completing 40% with 660 violations.
    elapsed time = 00:00:04, memory = 2782.96 (MB).
    Completing 50% with 660 violations.
    elapsed time = 00:00:05, memory = 2815.49 (MB).
    Completing 60% with 412 violations.
    elapsed time = 00:00:14, memory = 2595.26 (MB).
    Completing 70% with 412 violations.
    elapsed time = 00:00:16, memory = 2837.13 (MB).
    Completing 80% with 213 violations.
    elapsed time = 00:00:18, memory = 2658.59 (MB).
    Completing 90% with 213 violations.
    elapsed time = 00:00:21, memory = 2868.50 (MB).
    Completing 100% with 60 violations.
    elapsed time = 00:00:39, memory = 2657.80 (MB).
[INFO DRT-0199]   Number of violations = 60.
Viol/Layer        met1   met2
Metal Spacing       19     14
Short               18      9
[INFO DRT-0267] cpu time = 00:02:36, elapsed time = 00:00:39, memory = 2657.80 (MB), peak = 2994.53 (MB)
Total wire length = 1464542 um.
Total wire length on LAYER li1 = 0 um.
Total wire length on LAYER met1 = 461942 um.
Total wire length on LAYER met2 = 530937 um.
Total wire length on LAYER met3 = 271144 um.
Total wire length on LAYER met4 = 195264 um.
Total wire length on LAYER met5 = 5254 um.
Total number of vias = 181536.
Up-via summary (total 181536):

-------------------------
 FR_MASTERSLICE         0
            li1     64510
           met1     93432
           met2     18423
           met3      5093
           met4        78
-------------------------
               181536


[INFO DRT-0195] Start 5th guides tiles iteration.
    Completing 10% with 60 violations.
    elapsed time = 00:00:00, memory = 2657.80 (MB).
    Completing 20% with 60 violations.
    elapsed time = 00:00:00, memory = 2657.80 (MB).
    Completing 30% with 60 violations.
    elapsed time = 00:00:00, memory = 2657.80 (MB).
    Completing 40% with 60 violations.
    elapsed time = 00:00:00, memory = 2657.80 (MB).
    Completing 50% with 60 violations.
    elapsed time = 00:00:02, memory = 2657.80 (MB).
    Completing 60% with 39 violations.
    elapsed time = 00:00:04, memory = 2657.80 (MB).
    Completing 70% with 39 violations.
    elapsed time = 00:00:04, memory = 2657.80 (MB).
    Completing 80% with 39 violations.
    elapsed time = 00:00:06, memory = 2657.80 (MB).
    Completing 90% with 15 violations.
    elapsed time = 00:00:07, memory = 2775.29 (MB).
    Completing 100% with 6 violations.
    elapsed time = 00:00:09, memory = 2657.80 (MB).
[INFO DRT-0199]   Number of violations = 6.
Viol/Layer        met1   met2
Metal Spacing        0      3
Short                1      2
[INFO DRT-0267] cpu time = 00:00:17, elapsed time = 00:00:09, memory = 2657.80 (MB), peak = 2994.53 (MB)
Total wire length = 1464519 um.
Total wire length on LAYER li1 = 0 um.
Total wire length on LAYER met1 = 461646 um.
Total wire length on LAYER met2 = 530834 um.
Total wire length on LAYER met3 = 271216 um.
Total wire length on LAYER met4 = 195380 um.
Total wire length on LAYER met5 = 5441 um.
Total number of vias = 181537.
Up-via summary (total 181537):

-------------------------
 FR_MASTERSLICE         0
            li1     64510
           met1     93426
           met2     18428
           met3      5093
           met4        80
-------------------------
               181537


[INFO DRT-0195] Start 6th guides tiles iteration.
    Completing 20% with 6 violations.
    elapsed time = 00:00:00, memory = 2657.80 (MB).
    Completing 40% with 6 violations.
    elapsed time = 00:00:00, memory = 2657.80 (MB).
    Completing 60% with 6 violations.
    elapsed time = 00:00:00, memory = 2657.80 (MB).
    Completing 80% with 6 violations.
    elapsed time = 00:00:01, memory = 2657.80 (MB).
    Completing 100% with 6 violations.
    elapsed time = 00:00:02, memory = 2657.80 (MB).
[INFO DRT-0199]   Number of violations = 6.
Viol/Layer        met1   met2
Metal Spacing        0      3
Short                1      2
[INFO DRT-0267] cpu time = 00:00:04, elapsed time = 00:00:02, memory = 2657.80 (MB), peak = 2994.53 (MB)
Total wire length = 1464520 um.
Total wire length on LAYER li1 = 0 um.
Total wire length on LAYER met1 = 461647 um.
Total wire length on LAYER met2 = 530834 um.
Total wire length on LAYER met3 = 271216 um.
Total wire length on LAYER met4 = 195380 um.
Total wire length on LAYER met5 = 5441 um.
Total number of vias = 181537.
Up-via summary (total 181537):

-------------------------
 FR_MASTERSLICE         0
            li1     64510
           met1     93426
           met2     18428
           met3      5093
           met4        80
-------------------------
               181537


[INFO DRT-0195] Start 7th stubborn tiles iteration.
    Completing 10% with 6 violations.
    elapsed time = 00:00:07, memory = 2915.51 (MB).
    Completing 20% with 6 violations.
    elapsed time = 00:00:21, memory = 2965.48 (MB).
    Completing 30% with 6 violations.
    elapsed time = 00:00:37, memory = 2933.87 (MB).
    Completing 40% with 6 violations.
    elapsed time = 00:00:53, memory = 3151.97 (MB).
    Completing 50% with 6 violations.
    elapsed time = 00:01:20, memory = 3330.54 (MB).
    Completing 60% with 6 violations.
    elapsed time = 00:01:31, memory = 3402.69 (MB).
    Completing 70% with 6 violations.
    elapsed time = 00:01:39, memory = 3633.66 (MB).
    Completing 80% with 6 violations.
    elapsed time = 00:01:44, memory = 3786.51 (MB).
    Completing 90% with 6 violations.
    elapsed time = 00:01:48, memory = 4129.55 (MB).
    Completing 100% with 0 violations.
    elapsed time = 00:02:13, memory = 3824.78 (MB).
[INFO DRT-0199]   Number of violations = 0.
[INFO DRT-0267] cpu time = 00:14:21, elapsed time = 00:02:14, memory = 3824.78 (MB), peak = 4146.25 (MB)
Total wire length = 1464529 um.
Total wire length on LAYER li1 = 0 um.
Total wire length on LAYER met1 = 461625 um.
Total wire length on LAYER met2 = 530772 um.
Total wire length on LAYER met3 = 271251 um.
Total wire length on LAYER met4 = 195438 um.
Total wire length on LAYER met5 = 5441 um.
Total number of vias = 181541.
Up-via summary (total 181541):

-------------------------
 FR_MASTERSLICE         0
            li1     64510
           met1     93424
           met2     18431
           met3      5096
           met4        80
-------------------------
               181541


[INFO DRT-0198] Complete detail routing.
Total wire length = 1464529 um.
Total wire length on LAYER li1 = 0 um.
Total wire length on LAYER met1 = 461625 um.
Total wire length on LAYER met2 = 530772 um.
Total wire length on LAYER met3 = 271251 um.
Total wire length on LAYER met4 = 195438 um.
Total wire length on LAYER met5 = 5441 um.
Total number of vias = 181541.
Up-via summary (total 181541):

-------------------------
 FR_MASTERSLICE         0
            li1     64510
           met1     93424
           met2     18431
           met3      5096
           met4        80
-------------------------
               181541


[INFO DRT-0267] cpu time = 00:49:03, elapsed time = 00:08:30, memory = 3824.78 (MB), peak = 4146.25 (MB)

[INFO DRT-0180] Post processing.
[INFO DRT-0501] Runtime: 573.84s
[INFO ANT-0002] Found 12 net violations.
[INFO ANT-0001] Found 21 pin violations.
[INFO GRT-0012] Found 12 antenna violations.
[INFO DPL-0006] Core area: 464820.80 um^2
[INFO DPL-0007] Movable instances area: 0.00 um^2
[INFO DPL-0008] Fixed instances area within core: 235012.90 um^2
[INFO DPL-0009] Utilization: 50.6%
[INFO DPL-0005] Diamond search max displacement: +/- 500 sites horizontally, +/- 100 rows vertically.
[INFO DPL-1102] Legalizing using negotiation legalizer.
[INFO DPL-1103] Negotiation base search window: +/-20 sites horizontally, +/-5 rows vertically 
	Automatic search window extension enabled.
	Search window extendable up to the max displacement cap of +/-500 sites, +/-100 rows near walls.
[INFO DPL-1104] NegotiationLegalizer DRC penalty: 5.
[INFO DPL-0392] Negotiation cell height distribution (1 unique row-count(s)):
[INFO DPL-0393]   height 1 row(s): 24681 cells
[INFO DPL-0500] Runtime: 0.47s
[INFO GRT-0015] Inserted 21 diodes.
[WARNING DRT-0120] Large net net1295 has 166 pins which may impact routing performance. Consider optimization.
[WARNING DRT-0120] Large net net1294 has 189 pins which may impact routing performance. Consider optimization.
[WARNING DRT-0120] Large net net1280 has 174 pins which may impact routing performance. Consider optimization.
[WARNING DRT-0120] Large net net1237 has 120 pins which may impact routing performance. Consider optimization.
[WARNING DRT-0120] Large net net1235 has 130 pins which may impact routing performance. Consider optimization.
[WARNING DRT-0120] Large net net1233 has 106 pins which may impact routing performance. Consider optimization.
[WARNING DRT-0120] Large net net1215 has 146 pins which may impact routing performance. Consider optimization.
[WARNING DRT-0120] Large net net1213 has 113 pins which may impact routing performance. Consider optimization.
[WARNING DRT-0120] Large net net1208 has 106 pins which may impact routing performance. Consider optimization.
[WARNING DRT-0120] Large net net1202 has 153 pins which may impact routing performance. Consider optimization.
[WARNING DRT-0120] Large net net1190 has 114 pins which may impact routing performance. Consider optimization.
[WARNING DRT-0120] Large net net1189 has 119 pins which may impact routing performance. Consider optimization.
[WARNING DRT-0120] Large net net1188 has 111 pins which may impact routing performance. Consider optimization.
[WARNING DRT-0120] Large net net1186 has 135 pins which may impact routing performance. Consider optimization.
[WARNING DRT-0120] Large net net1183 has 102 pins which may impact routing performance. Consider optimization.
[WARNING DRT-0120] Large net net1180 has 123 pins which may impact routing performance. Consider optimization.
[WARNING DRT-0120] Large net net1179 has 103 pins which may impact routing performance. Consider optimization.
[WARNING DRT-0120] Large net net1178 has 109 pins which may impact routing performance. Consider optimization.
[WARNING DRT-0120] Large net net1177 has 106 pins which may impact routing performance. Consider optimization.
[WARNING DRT-0120] Large net net1226 has 122 pins which may impact routing performance. Consider optimization.
[WARNING DRT-0120] Large net net1221 has 117 pins which may impact routing performance. Consider optimization.
[WARNING DRT-0120] Large net net1218 has 164 pins which may impact routing performance. Consider optimization.
[WARNING DRT-0120] Large net net1196 has 101 pins which may impact routing performance. Consider optimization.
[WARNING DRT-0120] Large net net1199 has 106 pins which may impact routing performance. Consider optimization.
[WARNING DRT-0120] Large net net71 has 187 pins which may impact routing performance. Consider optimization.
[INFO DRT-0024]   Complete FR_MASTERSLICE.
[INFO DRT-0024]   Complete Fr_VIA.
[INFO DRT-0024]   Complete li1.
[INFO DRT-0024]   Complete mcon.
[INFO DRT-0024]   Complete met1.
[INFO DRT-0024]   Complete via.
[INFO DRT-0024]   Complete met2.
[INFO DRT-0024]   Complete via2.
[INFO DRT-0024]   Complete met3.
[INFO DRT-0024]   Complete via3.
[INFO DRT-0024]   Complete met4.
[INFO DRT-0024]   Complete via4.
[INFO DRT-0024]   Complete met5.
[INFO DRT-0165] Start pin access.
[INFO DRT-0076]   Complete 1000 pins.
[INFO DRT-0078]   Complete 1071 pins.
[INFO DRT-0079]   Complete 100 unique inst patterns.
[INFO DRT-0081]   Complete 142 unique inst patterns.
[INFO DRT-0082]   Complete 10000 groups.
[INFO DRT-0084]   Complete 13561 groups.
#scanned instances     = 24681
#unique  instances     = 142
#stdCellGenAp          = 4020
#stdCellValidPlanarAp  = 74
#stdCellValidViaAp     = 2966
#stdCellPinNoAp        = 0
#stdCellPinCnt         = 67091
#instTermValidViaApCnt = 0
#macroGenAp            = 0
#macroValidPlanarAp    = 0
#macroValidViaAp       = 0
#macroNoAp             = 0
[INFO DRT-0166] Complete pin access.
[INFO DRT-0267] cpu time = 00:07:56, elapsed time = 00:01:06, memory = 3777.04 (MB), peak = 4146.25 (MB)
[INFO DRT-0156] guideIn read 100000 guides.

[INFO DRT-0157] Number of guides:     179236

[INFO DRT-0169] Post process guides.
[INFO DRT-0176] GCELLGRID X 0 DO 99 STEP 6900 ;
[INFO DRT-0177] GCELLGRID Y 0 DO 99 STEP 6900 ;
[INFO DRT-0026]   Complete 100000 origin guides.
[INFO DRT-0028]   Complete FR_MASTERSLICE.
[INFO DRT-0028]   Complete Fr_VIA.
[INFO DRT-0028]   Complete li1.
[INFO DRT-0028]   Complete mcon.
[INFO DRT-0028]   Complete met1.
[INFO DRT-0028]   Complete via.
[INFO DRT-0028]   Complete met2.
[INFO DRT-0028]   Complete via2.
[INFO DRT-0028]   Complete met3.
[INFO DRT-0028]   Complete via3.
[INFO DRT-0028]   Complete met4.
[INFO DRT-0028]   Complete via4.
[INFO DRT-0028]   Complete met5.
[INFO DRT-0178] Init guide query.
[INFO DRT-0035]   Complete FR_MASTERSLICE (guide).
[INFO DRT-0035]   Complete Fr_VIA (guide).
[INFO DRT-0035]   Complete li1 (guide).
[INFO DRT-0035]   Complete mcon (guide).
[INFO DRT-0035]   Complete met1 (guide).
[INFO DRT-0035]   Complete via (guide).
[INFO DRT-0035]   Complete met2 (guide).
[INFO DRT-0035]   Complete via2 (guide).
[INFO DRT-0035]   Complete met3 (guide).
[INFO DRT-0035]   Complete via3 (guide).
[INFO DRT-0035]   Complete met4 (guide).
[INFO DRT-0035]   Complete via4 (guide).
[INFO DRT-0035]   Complete met5 (guide).
[INFO DRT-0036] FR_MASTERSLICE guide region query size = 0.
[INFO DRT-0036] FR_VIA guide region query size = 0.
[INFO DRT-0036] li1 guide region query size = 54379.
[INFO DRT-0036] mcon guide region query size = 0.
[INFO DRT-0036] met1 guide region query size = 52145.
[INFO DRT-0036] via guide region query size = 0.
[INFO DRT-0036] met2 guide region query size = 28955.
[INFO DRT-0036] via2 guide region query size = 0.
[INFO DRT-0036] met3 guide region query size = 3716.
[INFO DRT-0036] via3 guide region query size = 0.
[INFO DRT-0036] met4 guide region query size = 1725.
[INFO DRT-0036] via4 guide region query size = 0.
[INFO DRT-0036] met5 guide region query size = 55.
[INFO DRT-0179] Init gr pin query.
[INFO DRT-0267] cpu time = 00:00:01, elapsed time = 00:00:00, memory = 3777.04 (MB), peak = 4146.25 (MB)
[INFO DRT-0245] skipped writing guide updates to database.
[INFO DRT-0181] Start track assignment.
[INFO DRT-0184] Done with 85059 vertical wires in 2 frboxes and 55916 horizontal wires in 2 frboxes.
[INFO DRT-0186] Done with 14045 vertical wires in 2 frboxes and 23290 horizontal wires in 2 frboxes.
[INFO DRT-0182] Complete track assignment.
[INFO DRT-0267] cpu time = 00:00:13, elapsed time = 00:00:08, memory = 3777.04 (MB), peak = 4146.25 (MB)
[INFO DRT-0187] Start routing data preparation.
[INFO DRT-0267] cpu time = 00:00:00, elapsed time = 00:00:00, memory = 3777.04 (MB), peak = 4146.25 (MB)
[INFO DRT-0194] Start detail routing.
[INFO DRT-0195] Start 0th optimization iteration.
    Completing 10% with 0 violations.
    elapsed time = 00:00:07, memory = 3821.34 (MB).
    Completing 20% with 0 violations.
    elapsed time = 00:00:11, memory = 3864.17 (MB).
    Completing 30% with 1583 violations.
    elapsed time = 00:00:18, memory = 3866.42 (MB).
    Completing 40% with 1583 violations.
    elapsed time = 00:00:22, memory = 3788.14 (MB).
    Completing 50% with 1583 violations.
    elapsed time = 00:00:28, memory = 3894.89 (MB).
    Completing 60% with 3193 violations.
    elapsed time = 00:00:32, memory = 3862.33 (MB).
    Completing 70% with 3193 violations.
    elapsed time = 00:00:37, memory = 3820.15 (MB).
    Completing 80% with 4134 violations.
    elapsed time = 00:00:46, memory = 3858.91 (MB).
    Completing 90% with 4134 violations.
    elapsed time = 00:00:53, memory = 3899.87 (MB).
    Completing 100% with 5228 violations.
    elapsed time = 00:01:04, memory = 3788.15 (MB).
[INFO DRT-0199]   Number of violations = 5556.
Viol/Layer        met1    via   met2   met3   met4
Cut Spacing          0      2      0      0      0
Metal Spacing      223      0    292      7      8
Min Hole             2      0      0      0      0
NS Metal             1      0      0      0      0
Recheck            159      0    161      4      4
Short             2606      2   2046     16     23
[INFO DRT-0267] cpu time = 00:06:04, elapsed time = 00:01:04, memory = 3788.15 (MB), peak = 4146.25 (MB)
Total wire length = 1465617 um.
Total wire length on LAYER li1 = 0 um.
Total wire length on LAYER met1 = 467335 um.
Total wire length on LAYER met2 = 533620 um.
Total wire length on LAYER met3 = 266469 um.
Total wire length on LAYER met4 = 192751 um.
Total wire length on LAYER met5 = 5441 um.
Total number of vias = 180791.
Up-via summary (total 180791):

-------------------------
 FR_MASTERSLICE         0
            li1     64546
           met1     93361
           met2     17866
           met3      4938
           met4        80
-------------------------
               180791


[INFO DRT-0195] Start 1st optimization iteration.
    Completing 10% with 5556 violations.
    elapsed time = 00:00:03, memory = 3824.63 (MB).
    Completing 20% with 5556 violations.
    elapsed time = 00:00:06, memory = 3901.50 (MB).
    Completing 30% with 5030 violations.
    elapsed time = 00:00:11, memory = 3821.67 (MB).
    Completing 40% with 5030 violations.
    elapsed time = 00:00:15, memory = 3900.09 (MB).
    Completing 50% with 5030 violations.
    elapsed time = 00:00:20, memory = 3826.10 (MB).
    Completing 60% with 4404 violations.
    elapsed time = 00:00:25, memory = 3899.66 (MB).
    Completing 70% with 4404 violations.
    elapsed time = 00:00:28, memory = 3894.08 (MB).
    Completing 80% with 3932 violations.
    elapsed time = 00:00:32, memory = 3831.71 (MB).
    Completing 90% with 3932 violations.
    elapsed time = 00:00:36, memory = 3827.18 (MB).
    Completing 100% with 3304 violations.
    elapsed time = 00:00:39, memory = 3788.16 (MB).
[INFO DRT-0199]   Number of violations = 3304.
Viol/Layer        met1    via   met2   met4
Metal Spacing      183      0    176      0
Short             2039      1    893     12
[INFO DRT-0267] cpu time = 00:05:00, elapsed time = 00:00:39, memory = 3788.16 (MB), peak = 4146.25 (MB)
Total wire length = 1465145 um.
Total wire length on LAYER li1 = 0 um.
Total wire length on LAYER met1 = 466999 um.
Total wire length on LAYER met2 = 533122 um.
Total wire length on LAYER met3 = 266673 um.
Total wire length on LAYER met4 = 192909 um.
Total wire length on LAYER met5 = 5441 um.
Total number of vias = 180774.
Up-via summary (total 180774):

-------------------------
 FR_MASTERSLICE         0
            li1     64539
           met1     93294
           met2     17901
           met3      4960
           met4        80
-------------------------
               180774


[INFO DRT-0195] Start 2nd optimization iteration.
    Completing 10% with 3304 violations.
    elapsed time = 00:00:02, memory = 3788.16 (MB).
    Completing 20% with 3304 violations.
    elapsed time = 00:00:04, memory = 3939.39 (MB).
    Completing 30% with 3251 violations.
    elapsed time = 00:00:07, memory = 3788.16 (MB).
    Completing 40% with 3251 violations.
    elapsed time = 00:00:10, memory = 3942.46 (MB).
    Completing 50% with 3251 violations.
    elapsed time = 00:00:13, memory = 3908.06 (MB).
    Completing 60% with 3225 violations.
    elapsed time = 00:00:20, memory = 3823.82 (MB).
    Completing 70% with 3225 violations.
    elapsed time = 00:00:23, memory = 3831.16 (MB).
    Completing 80% with 3201 violations.
    elapsed time = 00:00:28, memory = 3823.93 (MB).
    Completing 90% with 3201 violations.
    elapsed time = 00:00:31, memory = 3902.11 (MB).
    Completing 100% with 3192 violations.
    elapsed time = 00:00:37, memory = 3788.16 (MB).
[INFO DRT-0199]   Number of violations = 3192.
Viol/Layer        met1    via   met2   met4
Metal Spacing      234      0    198      0
Short             1942      1    812      5
[INFO DRT-0267] cpu time = 00:04:13, elapsed time = 00:00:38, memory = 3791.04 (MB), peak = 4146.25 (MB)
Total wire length = 1465098 um.
Total wire length on LAYER li1 = 0 um.
Total wire length on LAYER met1 = 466959 um.
Total wire length on LAYER met2 = 533102 um.
Total wire length on LAYER met3 = 266694 um.
Total wire length on LAYER met4 = 192901 um.
Total wire length on LAYER met5 = 5441 um.
Total number of vias = 180740.
Up-via summary (total 180740):

-------------------------
 FR_MASTERSLICE         0
            li1     64541
           met1     93282
           met2     17886
           met3      4951
           met4        80
-------------------------
               180740


[INFO DRT-0195] Start 3rd optimization iteration.
    Completing 10% with 3192 violations.
    elapsed time = 00:00:05, memory = 3897.64 (MB).
    Completing 20% with 3192 violations.
    elapsed time = 00:00:11, memory = 3976.26 (MB).
    Completing 30% with 2561 violations.
    elapsed time = 00:00:38, memory = 3793.99 (MB).
    Completing 40% with 2561 violations.
    elapsed time = 00:00:44, memory = 3910.16 (MB).
    Completing 50% with 2561 violations.
    elapsed time = 00:00:51, memory = 3873.28 (MB).
    Completing 60% with 1552 violations.
    elapsed time = 00:01:02, memory = 3825.73 (MB).
    Completing 70% with 1552 violations.
    elapsed time = 00:01:09, memory = 3892.36 (MB).
    Completing 80% with 1161 violations.
    elapsed time = 00:01:19, memory = 3791.04 (MB).
    Completing 90% with 1161 violations.
    elapsed time = 00:01:27, memory = 3887.89 (MB).
    Completing 100% with 541 violations.
    elapsed time = 00:01:41, memory = 3818.54 (MB).
[INFO DRT-0199]   Number of violations = 545.
Viol/Layer        met1    via   met2   met3
Cut Spacing          0      1      0      0
Metal Spacing       95      0     66      2
Recheck              3      0      1      0
Short              271      1    105      0
[INFO DRT-0267] cpu time = 00:08:32, elapsed time = 00:01:41, memory = 3818.54 (MB), peak = 4146.25 (MB)
Total wire length = 1465187 um.
Total wire length on LAYER li1 = 0 um.
Total wire length on LAYER met1 = 462103 um.
Total wire length on LAYER met2 = 530385 um.
Total wire length on LAYER met3 = 271448 um.
Total wire length on LAYER met4 = 195807 um.
Total wire length on LAYER met5 = 5441 um.
Total number of vias = 182074.
Up-via summary (total 182074):

-------------------------
 FR_MASTERSLICE         0
            li1     64536
           met1     93706
           met2     18596
           met3      5156
           met4        80
-------------------------
               182074


[INFO DRT-0195] Start 4th optimization iteration.
    Completing 10% with 545 violations.
    elapsed time = 00:00:00, memory = 3818.54 (MB).
    Completing 20% with 545 violations.
    elapsed time = 00:00:01, memory = 3818.54 (MB).
    Completing 30% with 375 violations.
    elapsed time = 00:00:04, memory = 3818.54 (MB).
    Completing 40% with 375 violations.
    elapsed time = 00:00:04, memory = 3818.54 (MB).
    Completing 50% with 375 violations.
    elapsed time = 00:00:06, memory = 3855.48 (MB).
    Completing 60% with 258 violations.
    elapsed time = 00:00:08, memory = 3818.54 (MB).
    Completing 70% with 258 violations.
    elapsed time = 00:00:08, memory = 3818.54 (MB).
    Completing 80% with 138 violations.
    elapsed time = 00:00:18, memory = 3818.54 (MB).
    Completing 90% with 138 violations.
    elapsed time = 00:00:19, memory = 3894.62 (MB).
    Completing 100% with 60 violations.
    elapsed time = 00:00:27, memory = 3818.54 (MB).
[INFO DRT-0199]   Number of violations = 60.
Viol/Layer        met1   met2
Metal Spacing       11      9
Short               33      7
[INFO DRT-0267] cpu time = 00:01:37, elapsed time = 00:00:28, memory = 3818.54 (MB), peak = 4146.25 (MB)
Total wire length = 1465026 um.
Total wire length on LAYER li1 = 0 um.
Total wire length on LAYER met1 = 461456 um.
Total wire length on LAYER met2 = 529963 um.
Total wire length on LAYER met3 = 272004 um.
Total wire length on LAYER met4 = 196160 um.
Total wire length on LAYER met5 = 5441 um.
Total number of vias = 182057.
Up-via summary (total 182057):

-------------------------
 FR_MASTERSLICE         0
            li1     64538
           met1     93645
           met2     18627
           met3      5167
           met4        80
-------------------------
               182057


[INFO DRT-0195] Start 5th guides tiles iteration.
    Completing 10% with 60 violations.
    elapsed time = 00:00:00, memory = 3863.36 (MB).
    Completing 20% with 60 violations.
    elapsed time = 00:00:00, memory = 3863.36 (MB).
    Completing 30% with 60 violations.
    elapsed time = 00:00:00, memory = 3863.36 (MB).
    Completing 40% with 60 violations.
    elapsed time = 00:00:00, memory = 3863.36 (MB).
    Completing 50% with 60 violations.
    elapsed time = 00:00:01, memory = 3863.36 (MB).
    Completing 60% with 60 violations.
    elapsed time = 00:00:02, memory = 3818.54 (MB).
    Completing 70% with 19 violations.
    elapsed time = 00:00:02, memory = 3818.54 (MB).
    Completing 80% with 19 violations.
    elapsed time = 00:00:02, memory = 3818.54 (MB).
    Completing 90% with 19 violations.
    elapsed time = 00:00:03, memory = 3818.54 (MB).
    Completing 100% with 13 violations.
    elapsed time = 00:00:03, memory = 3818.54 (MB).
[INFO DRT-0199]   Number of violations = 13.
Viol/Layer        met1   met2
Metal Spacing        9      3
Short                1      0
[INFO DRT-0267] cpu time = 00:00:09, elapsed time = 00:00:03, memory = 3818.54 (MB), peak = 4146.25 (MB)
Total wire length = 1465002 um.
Total wire length on LAYER li1 = 0 um.
Total wire length on LAYER met1 = 461367 um.
Total wire length on LAYER met2 = 529937 um.
Total wire length on LAYER met3 = 272005 um.
Total wire length on LAYER met4 = 196175 um.
Total wire length on LAYER met5 = 5516 um.
Total number of vias = 182046.
Up-via summary (total 182046):

-------------------------
 FR_MASTERSLICE         0
            li1     64538
           met1     93638
           met2     18619
           met3      5169
           met4        82
-------------------------
               182046


[INFO DRT-0195] Start 6th guides tiles iteration.
    Completing 20% with 13 violations.
    elapsed time = 00:00:00, memory = 3818.54 (MB).
    Completing 40% with 13 violations.
    elapsed time = 00:00:00, memory = 3818.54 (MB).
    Completing 60% with 13 violations.
    elapsed time = 00:00:00, memory = 3818.54 (MB).
    Completing 80% with 13 violations.
    elapsed time = 00:00:01, memory = 3818.54 (MB).
    Completing 100% with 9 violations.
    elapsed time = 00:00:02, memory = 3818.54 (MB).
[INFO DRT-0199]   Number of violations = 9.
Viol/Layer        met1   met2
Metal Spacing        5      3
Short                1      0
[INFO DRT-0267] cpu time = 00:00:04, elapsed time = 00:00:02, memory = 3818.54 (MB), peak = 4146.25 (MB)
Total wire length = 1465002 um.
Total wire length on LAYER li1 = 0 um.
Total wire length on LAYER met1 = 461367 um.
Total wire length on LAYER met2 = 529937 um.
Total wire length on LAYER met3 = 272005 um.
Total wire length on LAYER met4 = 196175 um.
Total wire length on LAYER met5 = 5516 um.
Total number of vias = 182046.
Up-via summary (total 182046):

-------------------------
 FR_MASTERSLICE         0
            li1     64538
           met1     93638
           met2     18619
           met3      5169
           met4        82
-------------------------
               182046


[INFO DRT-0195] Start 7th guides tiles iteration.
    Completing 20% with 9 violations.
    elapsed time = 00:00:00, memory = 3818.54 (MB).
    Completing 50% with 9 violations.
    elapsed time = 00:00:00, memory = 3818.54 (MB).
    Completing 70% with 9 violations.
    elapsed time = 00:00:01, memory = 3818.54 (MB).
    Completing 100% with 9 violations.
    elapsed time = 00:00:02, memory = 3818.54 (MB).
[INFO DRT-0199]   Number of violations = 9.
Viol/Layer        met1   met2
Metal Spacing        5      3
Short                1      0
[INFO DRT-0267] cpu time = 00:00:03, elapsed time = 00:00:02, memory = 3818.54 (MB), peak = 4146.25 (MB)
Total wire length = 1465002 um.
Total wire length on LAYER li1 = 0 um.
Total wire length on LAYER met1 = 461367 um.
Total wire length on LAYER met2 = 529937 um.
Total wire length on LAYER met3 = 272005 um.
Total wire length on LAYER met4 = 196175 um.
Total wire length on LAYER met5 = 5516 um.
Total number of vias = 182046.
Up-via summary (total 182046):

-------------------------
 FR_MASTERSLICE         0
            li1     64538
           met1     93638
           met2     18619
           met3      5169
           met4        82
-------------------------
               182046


[INFO DRT-0195] Start 8th stubborn tiles iteration.
    Completing 10% with 9 violations.
    elapsed time = 00:00:03, memory = 3818.54 (MB).
    Completing 20% with 9 violations.
    elapsed time = 00:00:07, memory = 3851.15 (MB).
    Completing 30% with 9 violations.
    elapsed time = 00:00:15, memory = 3888.91 (MB).
    Completing 40% with 9 violations.
    elapsed time = 00:00:26, memory = 3935.26 (MB).
    Completing 50% with 9 violations.
    elapsed time = 00:00:31, memory = 3950.36 (MB).
    Completing 60% with 9 violations.
    elapsed time = 00:00:37, memory = 3939.18 (MB).
    Completing 70% with 9 violations.
    elapsed time = 00:00:42, memory = 4020.15 (MB).
    Completing 80% with 9 violations.
    elapsed time = 00:00:46, memory = 4191.62 (MB).
    Completing 90% with 9 violations.
    elapsed time = 00:00:48, memory = 4407.41 (MB).
    Completing 100% with 0 violations.
    elapsed time = 00:00:58, memory = 4256.91 (MB).
[INFO DRT-0199]   Number of violations = 0.
[INFO DRT-0267] cpu time = 00:08:17, elapsed time = 00:00:58, memory = 4256.91 (MB), peak = 4499.15 (MB)
Total wire length = 1464988 um.
Total wire length on LAYER li1 = 0 um.
Total wire length on LAYER met1 = 461349 um.
Total wire length on LAYER met2 = 529913 um.
Total wire length on LAYER met3 = 272016 um.
Total wire length on LAYER met4 = 196192 um.
Total wire length on LAYER met5 = 5516 um.
Total number of vias = 182045.
Up-via summary (total 182045):

-------------------------
 FR_MASTERSLICE         0
            li1     64539
           met1     93634
           met2     18619
           met3      5171
           met4        82
-------------------------
               182045


[INFO DRT-0198] Complete detail routing.
Total wire length = 1464988 um.
Total wire length on LAYER li1 = 0 um.
Total wire length on LAYER met1 = 461349 um.
Total wire length on LAYER met2 = 529913 um.
Total wire length on LAYER met3 = 272016 um.
Total wire length on LAYER met4 = 196192 um.
Total wire length on LAYER met5 = 5516 um.
Total number of vias = 182045.
Up-via summary (total 182045):

-------------------------
 FR_MASTERSLICE         0
            li1     64539
           met1     93634
           met2     18619
           met3      5171
           met4        82
-------------------------
               182045


[INFO DRT-0267] cpu time = 00:34:03, elapsed time = 00:05:38, memory = 4256.91 (MB), peak = 4499.15 (MB)

[INFO DRT-0180] Post processing.
[INFO DRT-0501] Runtime: 406.92s
[INFO ANT-0002] Found 9 net violations.
[INFO ANT-0001] Found 16 pin violations.
[INFO GRT-0012] Found 9 antenna violations.
[INFO DPL-0006] Core area: 464820.80 um^2
[INFO DPL-0007] Movable instances area: 0.00 um^2
[INFO DPL-0008] Fixed instances area within core: 235052.93 um^2
[INFO DPL-0009] Utilization: 50.6%
[INFO DPL-0005] Diamond search max displacement: +/- 500 sites horizontally, +/- 100 rows vertically.
[INFO DPL-1102] Legalizing using negotiation legalizer.
[INFO DPL-1103] Negotiation base search window: +/-20 sites horizontally, +/-5 rows vertically 
	Automatic search window extension enabled.
	Search window extendable up to the max displacement cap of +/-500 sites, +/-100 rows near walls.
[INFO DPL-1104] NegotiationLegalizer DRC penalty: 5.
[INFO DPL-0392] Negotiation cell height distribution (1 unique row-count(s)):
[INFO DPL-0393]   height 1 row(s): 24697 cells
[INFO DPL-0500] Runtime: 0.22s
[INFO GRT-0015] Inserted 16 diodes.
[WARNING DRT-0120] Large net net1295 has 166 pins which may impact routing performance. Consider optimization.
[WARNING DRT-0120] Large net net1294 has 189 pins which may impact routing performance. Consider optimization.
[WARNING DRT-0120] Large net net1280 has 174 pins which may impact routing performance. Consider optimization.
[WARNING DRT-0120] Large net net1237 has 120 pins which may impact routing performance. Consider optimization.
[WARNING DRT-0120] Large net net1235 has 130 pins which may impact routing performance. Consider optimization.
[WARNING DRT-0120] Large net net1233 has 106 pins which may impact routing performance. Consider optimization.
[WARNING DRT-0120] Large net net1215 has 146 pins which may impact routing performance. Consider optimization.
[WARNING DRT-0120] Large net net1213 has 113 pins which may impact routing performance. Consider optimization.
[WARNING DRT-0120] Large net net1208 has 106 pins which may impact routing performance. Consider optimization.
[WARNING DRT-0120] Large net net1202 has 153 pins which may impact routing performance. Consider optimization.
[WARNING DRT-0120] Large net net1190 has 114 pins which may impact routing performance. Consider optimization.
[WARNING DRT-0120] Large net net1189 has 119 pins which may impact routing performance. Consider optimization.
[WARNING DRT-0120] Large net net1188 has 111 pins which may impact routing performance. Consider optimization.
[WARNING DRT-0120] Large net net1186 has 135 pins which may impact routing performance. Consider optimization.
[WARNING DRT-0120] Large net net1183 has 102 pins which may impact routing performance. Consider optimization.
[WARNING DRT-0120] Large net net1180 has 123 pins which may impact routing performance. Consider optimization.
[WARNING DRT-0120] Large net net1179 has 103 pins which may impact routing performance. Consider optimization.
[WARNING DRT-0120] Large net net1178 has 109 pins which may impact routing performance. Consider optimization.
[WARNING DRT-0120] Large net net1177 has 106 pins which may impact routing performance. Consider optimization.
[WARNING DRT-0120] Large net net1226 has 122 pins which may impact routing performance. Consider optimization.
[WARNING DRT-0120] Large net net1221 has 117 pins which may impact routing performance. Consider optimization.
[WARNING DRT-0120] Large net net1218 has 164 pins which may impact routing performance. Consider optimization.
[WARNING DRT-0120] Large net net1196 has 101 pins which may impact routing performance. Consider optimization.
[WARNING DRT-0120] Large net net1199 has 106 pins which may impact routing performance. Consider optimization.
[WARNING DRT-0120] Large net net71 has 187 pins which may impact routing performance. Consider optimization.
[INFO DRT-0024]   Complete FR_MASTERSLICE.
[INFO DRT-0024]   Complete Fr_VIA.
[INFO DRT-0024]   Complete li1.
[INFO DRT-0024]   Complete mcon.
[INFO DRT-0024]   Complete met1.
[INFO DRT-0024]   Complete via.
[INFO DRT-0024]   Complete met2.
[INFO DRT-0024]   Complete via2.
[INFO DRT-0024]   Complete met3.
[INFO DRT-0024]   Complete via3.
[INFO DRT-0024]   Complete met4.
[INFO DRT-0024]   Complete via4.
[INFO DRT-0024]   Complete met5.
[INFO DRT-0165] Start pin access.
[INFO DRT-0076]   Complete 1000 pins.
[INFO DRT-0078]   Complete 1071 pins.
[INFO DRT-0079]   Complete 100 unique inst patterns.
[INFO DRT-0081]   Complete 142 unique inst patterns.
[INFO DRT-0082]   Complete 10000 groups.
[INFO DRT-0084]   Complete 13562 groups.
#scanned instances     = 24697
#unique  instances     = 142
#stdCellGenAp          = 4020
#stdCellValidPlanarAp  = 74
#stdCellValidViaAp     = 2966
#stdCellPinNoAp        = 0
#stdCellPinCnt         = 67091
#instTermValidViaApCnt = 0
#macroGenAp            = 0
#macroValidPlanarAp    = 0
#macroValidViaAp       = 0
#macroNoAp             = 0
[INFO DRT-0166] Complete pin access.
[INFO DRT-0267] cpu time = 00:07:46, elapsed time = 00:00:47, memory = 4129.40 (MB), peak = 4499.15 (MB)
[INFO DRT-0156] guideIn read 100000 guides.

[INFO DRT-0157] Number of guides:     179213

[INFO DRT-0169] Post process guides.
[INFO DRT-0176] GCELLGRID X 0 DO 99 STEP 6900 ;
[INFO DRT-0177] GCELLGRID Y 0 DO 99 STEP 6900 ;
[INFO DRT-0026]   Complete 100000 origin guides.
[INFO DRT-0028]   Complete FR_MASTERSLICE.
[INFO DRT-0028]   Complete Fr_VIA.
[INFO DRT-0028]   Complete li1.
[INFO DRT-0028]   Complete mcon.
[INFO DRT-0028]   Complete met1.
[INFO DRT-0028]   Complete via.
[INFO DRT-0028]   Complete met2.
[INFO DRT-0028]   Complete via2.
[INFO DRT-0028]   Complete met3.
[INFO DRT-0028]   Complete via3.
[INFO DRT-0028]   Complete met4.
[INFO DRT-0028]   Complete via4.
[INFO DRT-0028]   Complete met5.
[INFO DRT-0178] Init guide query.
[INFO DRT-0035]   Complete FR_MASTERSLICE (guide).
[INFO DRT-0035]   Complete Fr_VIA (guide).
[INFO DRT-0035]   Complete li1 (guide).
[INFO DRT-0035]   Complete mcon (guide).
[INFO DRT-0035]   Complete met1 (guide).
[INFO DRT-0035]   Complete via (guide).
[INFO DRT-0035]   Complete met2 (guide).
[INFO DRT-0035]   Complete via2 (guide).
[INFO DRT-0035]   Complete met3 (guide).
[INFO DRT-0035]   Complete via3 (guide).
[INFO DRT-0035]   Complete met4 (guide).
[INFO DRT-0035]   Complete via4 (guide).
[INFO DRT-0035]   Complete met5 (guide).
[INFO DRT-0036] FR_MASTERSLICE guide region query size = 0.
[INFO DRT-0036] FR_VIA guide region query size = 0.
[INFO DRT-0036] li1 guide region query size = 54379.
[INFO DRT-0036] mcon guide region query size = 0.
[INFO DRT-0036] met1 guide region query size = 52141.
[INFO DRT-0036] via guide region query size = 0.
[INFO DRT-0036] met2 guide region query size = 28947.
[INFO DRT-0036] via2 guide region query size = 0.
[INFO DRT-0036] met3 guide region query size = 3706.
[INFO DRT-0036] via3 guide region query size = 0.
[INFO DRT-0036] met4 guide region query size = 1723.
[INFO DRT-0036] via4 guide region query size = 0.
[INFO DRT-0036] met5 guide region query size = 55.
[INFO DRT-0179] Init gr pin query.
[INFO DRT-0267] cpu time = 00:00:01, elapsed time = 00:00:00, memory = 4129.40 (MB), peak = 4499.15 (MB)
[INFO DRT-0245] skipped writing guide updates to database.
[INFO DRT-0181] Start track assignment.
[INFO DRT-0184] Done with 85049 vertical wires in 2 frboxes and 55902 horizontal wires in 2 frboxes.
[INFO DRT-0186] Done with 14040 vertical wires in 2 frboxes and 23364 horizontal wires in 2 frboxes.
[INFO DRT-0182] Complete track assignment.
[INFO DRT-0267] cpu time = 00:00:12, elapsed time = 00:00:06, memory = 4129.41 (MB), peak = 4499.15 (MB)
[INFO DRT-0187] Start routing data preparation.
[INFO DRT-0267] cpu time = 00:00:00, elapsed time = 00:00:00, memory = 4129.41 (MB), peak = 4499.15 (MB)
[INFO DRT-0194] Start detail routing.
[INFO DRT-0195] Start 0th optimization iteration.
    Completing 10% with 0 violations.
    elapsed time = 00:00:03, memory = 4214.68 (MB).
    Completing 20% with 0 violations.
    elapsed time = 00:00:06, memory = 4214.80 (MB).
    Completing 30% with 849 violations.
    elapsed time = 00:00:08, memory = 4179.52 (MB).
    Completing 40% with 849 violations.
    elapsed time = 00:00:11, memory = 4215.30 (MB).
    Completing 50% with 849 violations.
    elapsed time = 00:00:14, memory = 4179.05 (MB).
    Completing 60% with 1770 violations.
    elapsed time = 00:00:16, memory = 4181.46 (MB).
    Completing 70% with 1770 violations.
    elapsed time = 00:00:19, memory = 4210.72 (MB).
    Completing 80% with 2374 violations.
    elapsed time = 00:00:23, memory = 4213.05 (MB).
    Completing 90% with 2374 violations.
    elapsed time = 00:00:26, memory = 4207.91 (MB).
    Completing 100% with 3136 violations.
    elapsed time = 00:00:29, memory = 4172.86 (MB).
[INFO DRT-0199]   Number of violations = 3302.
Viol/Layer        mcon   met1    via   met2   met3   met4
Cut Spacing          1      0      0      0      0      0
Metal Spacing        0    127      0    144      2      0
Recheck              0     75      0     87      2      2
Short                0   1634      3   1213     11      1
[INFO DRT-0267] cpu time = 00:04:25, elapsed time = 00:00:29, memory = 4172.86 (MB), peak = 4499.15 (MB)
Total wire length = 1465702 um.
Total wire length on LAYER li1 = 0 um.
Total wire length on LAYER met1 = 465593 um.
Total wire length on LAYER met2 = 531926 um.
Total wire length on LAYER met3 = 268198 um.
Total wire length on LAYER met4 = 194467 um.
Total wire length on LAYER met5 = 5516 um.
Total number of vias = 181565.
Up-via summary (total 181565):

-------------------------
 FR_MASTERSLICE         0
            li1     64561
           met1     93548
           met2     18308
           met3      5066
           met4        82
-------------------------
               181565


[INFO DRT-0195] Start 1st optimization iteration.
    Completing 10% with 3302 violations.
    elapsed time = 00:00:02, memory = 4209.06 (MB).
    Completing 20% with 3302 violations.
    elapsed time = 00:00:04, memory = 4245.55 (MB).
    Completing 30% with 2921 violations.
    elapsed time = 00:00:07, memory = 4212.34 (MB).
    Completing 40% with 2921 violations.
    elapsed time = 00:00:09, memory = 4212.81 (MB).
    Completing 50% with 2921 violations.
    elapsed time = 00:00:11, memory = 4211.08 (MB).
    Completing 60% with 2466 violations.
    elapsed time = 00:00:14, memory = 4211.56 (MB).
    Completing 70% with 2466 violations.
    elapsed time = 00:00:16, memory = 4282.10 (MB).
    Completing 80% with 2230 violations.
    elapsed time = 00:00:19, memory = 4207.56 (MB).
    Completing 90% with 2230 violations.
    elapsed time = 00:00:21, memory = 4250.88 (MB).
    Completing 100% with 1750 violations.
    elapsed time = 00:00:24, memory = 4173.81 (MB).
[INFO DRT-0199]   Number of violations = 1750.
Viol/Layer        met1    via   met2
Metal Spacing       85      0     91
Short             1092      1    481
[INFO DRT-0267] cpu time = 00:03:59, elapsed time = 00:00:24, memory = 4173.81 (MB), peak = 4499.15 (MB)
Total wire length = 1465432 um.
Total wire length on LAYER li1 = 0 um.
Total wire length on LAYER met1 = 465317 um.
Total wire length on LAYER met2 = 531608 um.
Total wire length on LAYER met3 = 268414 um.
Total wire length on LAYER met4 = 194575 um.
Total wire length on LAYER met5 = 5516 um.
Total number of vias = 181539.
Up-via summary (total 181539):

-------------------------
 FR_MASTERSLICE         0
            li1     64560
           met1     93506
           met2     18313
           met3      5078
           met4        82
-------------------------
               181539


[INFO DRT-0195] Start 2nd optimization iteration.
    Completing 10% with 1750 violations.
    elapsed time = 00:00:01, memory = 4213.27 (MB).
    Completing 20% with 1750 violations.
    elapsed time = 00:00:03, memory = 4206.50 (MB).
    Completing 30% with 1784 violations.
    elapsed time = 00:00:04, memory = 4191.93 (MB).
    Completing 40% with 1784 violations.
    elapsed time = 00:00:06, memory = 4206.62 (MB).
    Completing 50% with 1784 violations.
    elapsed time = 00:00:08, memory = 4214.43 (MB).
    Completing 60% with 1757 violations.
    elapsed time = 00:00:09, memory = 4189.79 (MB).
    Completing 70% with 1757 violations.
    elapsed time = 00:00:10, memory = 4253.65 (MB).
    Completing 80% with 1731 violations.
    elapsed time = 00:00:12, memory = 4173.81 (MB).
    Completing 90% with 1731 violations.
    elapsed time = 00:00:16, memory = 4249.27 (MB).
    Completing 100% with 1701 violations.
    elapsed time = 00:00:18, memory = 4173.81 (MB).
[INFO DRT-0199]   Number of violations = 1701.
Viol/Layer        met1    via   met2
Metal Spacing       70      0    101
Short             1089      1    440
[INFO DRT-0267] cpu time = 00:02:48, elapsed time = 00:00:19, memory = 4173.81 (MB), peak = 4499.15 (MB)
Total wire length = 1465331 um.
Total wire length on LAYER li1 = 0 um.
Total wire length on LAYER met1 = 465234 um.
Total wire length on LAYER met2 = 531577 um.
Total wire length on LAYER met3 = 268439 um.
Total wire length on LAYER met4 = 194562 um.
Total wire length on LAYER met5 = 5516 um.
Total number of vias = 181541.
Up-via summary (total 181541):

-------------------------
 FR_MASTERSLICE         0
            li1     64561
           met1     93507
           met2     18315
           met3      5076
           met4        82
-------------------------
               181541


[INFO DRT-0195] Start 3rd optimization iteration.
    Completing 10% with 1701 violations.
    elapsed time = 00:00:01, memory = 4212.45 (MB).
    Completing 20% with 1701 violations.
    elapsed time = 00:00:03, memory = 4290.94 (MB).
    Completing 30% with 1359 violations.
    elapsed time = 00:00:17, memory = 4173.81 (MB).
    Completing 40% with 1359 violations.
    elapsed time = 00:00:22, memory = 4253.51 (MB).
    Completing 50% with 1359 violations.
    elapsed time = 00:00:29, memory = 4251.90 (MB).
    Completing 60% with 912 violations.
    elapsed time = 00:00:45, memory = 4173.82 (MB).
    Completing 70% with 912 violations.
    elapsed time = 00:00:49, memory = 4174.30 (MB).
    Completing 80% with 602 violations.
    elapsed time = 00:01:05, memory = 4174.30 (MB).
    Completing 90% with 602 violations.
    elapsed time = 00:01:12, memory = 4246.24 (MB).
    Completing 100% with 181 violations.
    elapsed time = 00:01:27, memory = 4174.30 (MB).
[INFO DRT-0199]   Number of violations = 183.
Viol/Layer        met1    via   met2   via2   met3
Cut Spacing          0      2      0      1      0
Metal Spacing       28      0     32      0      5
Min Hole             1      0      0      0      0
Recheck              2      0      0      0      0
Short               54      0     58      0      0
[INFO DRT-0267] cpu time = 00:05:24, elapsed time = 00:01:28, memory = 4174.30 (MB), peak = 4499.15 (MB)
Total wire length = 1465358 um.
Total wire length on LAYER li1 = 0 um.
Total wire length on LAYER met1 = 462434 um.
Total wire length on LAYER met2 = 530310 um.
Total wire length on LAYER met3 = 271100 um.
Total wire length on LAYER met4 = 195996 um.
Total wire length on LAYER met5 = 5516 um.
Total number of vias = 182350.
Up-via summary (total 182350):

-------------------------
 FR_MASTERSLICE         0
            li1     64561
           met1     93847
           met2     18676
           met3      5184
           met4        82
-------------------------
               182350


[INFO DRT-0195] Start 4th optimization iteration.
    Completing 10% with 183 violations.
    elapsed time = 00:00:00, memory = 4174.30 (MB).
    Completing 20% with 183 violations.
    elapsed time = 00:00:00, memory = 4174.30 (MB).
    Completing 30% with 150 violations.
    elapsed time = 00:00:02, memory = 4174.30 (MB).
    Completing 40% with 150 violations.
    elapsed time = 00:00:02, memory = 4174.30 (MB).
    Completing 50% with 150 violations.
    elapsed time = 00:00:02, memory = 4174.30 (MB).
    Completing 60% with 100 violations.
    elapsed time = 00:00:08, memory = 4174.30 (MB).
    Completing 70% with 100 violations.
    elapsed time = 00:00:08, memory = 4174.30 (MB).
    Completing 80% with 49 violations.
    elapsed time = 00:00:10, memory = 4174.30 (MB).
    Completing 90% with 49 violations.
    elapsed time = 00:00:10, memory = 4174.30 (MB).
    Completing 100% with 6 violations.
    elapsed time = 00:00:13, memory = 4174.30 (MB).
[INFO DRT-0199]   Number of violations = 6.
Viol/Layer        met1   met2
Metal Spacing        1      0
Short                4      1
[INFO DRT-0267] cpu time = 00:00:36, elapsed time = 00:00:13, memory = 4174.30 (MB), peak = 4499.15 (MB)
Total wire length = 1465319 um.
Total wire length on LAYER li1 = 0 um.
Total wire length on LAYER met1 = 462351 um.
Total wire length on LAYER met2 = 530233 um.
Total wire length on LAYER met3 = 271212 um.
Total wire length on LAYER met4 = 196019 um.
Total wire length on LAYER met5 = 5502 um.
Total number of vias = 182309.
Up-via summary (total 182309):

-------------------------
 FR_MASTERSLICE         0
            li1     64561
           met1     93821
           met2     18666
           met3      5181
           met4        80
-------------------------
               182309


[INFO DRT-0195] Start 5th guides tiles iteration.
    Completing 50% with 6 violations.
    elapsed time = 00:00:00, memory = 4174.30 (MB).
    Completing 100% with 0 violations.
    elapsed time = 00:00:00, memory = 4174.30 (MB).
[INFO DRT-0199]   Number of violations = 0.
[INFO DRT-0267] cpu time = 00:00:01, elapsed time = 00:00:00, memory = 4174.30 (MB), peak = 4499.15 (MB)
Total wire length = 1465311 um.
Total wire length on LAYER li1 = 0 um.
Total wire length on LAYER met1 = 462343 um.
Total wire length on LAYER met2 = 530227 um.
Total wire length on LAYER met3 = 271218 um.
Total wire length on LAYER met4 = 196019 um.
Total wire length on LAYER met5 = 5502 um.
Total number of vias = 182308.
Up-via summary (total 182308):

-------------------------
 FR_MASTERSLICE         0
            li1     64561
           met1     93819
           met2     18667
           met3      5181
           met4        80
-------------------------
               182308


[INFO DRT-0198] Complete detail routing.
Total wire length = 1465311 um.
Total wire length on LAYER li1 = 0 um.
Total wire length on LAYER met1 = 462343 um.
Total wire length on LAYER met2 = 530227 um.
Total wire length on LAYER met3 = 271218 um.
Total wire length on LAYER met4 = 196019 um.
Total wire length on LAYER met5 = 5502 um.
Total number of vias = 182308.
Up-via summary (total 182308):

-------------------------
 FR_MASTERSLICE         0
            li1     64561
           met1     93819
           met2     18667
           met3      5181
           met4        80
-------------------------
               182308


[INFO DRT-0267] cpu time = 00:17:16, elapsed time = 00:02:55, memory = 4174.30 (MB), peak = 4499.15 (MB)

[INFO DRT-0180] Post processing.
[INFO DRT-0501] Runtime: 226.69s
[INFO ANT-0002] Found 4 net violations.
[INFO ANT-0001] Found 6 pin violations.
[INFO GRT-0012] Found 4 antenna violations.
[INFO DPL-0006] Core area: 464820.80 um^2
[INFO DPL-0007] Movable instances area: 0.00 um^2
[INFO DPL-0008] Fixed instances area within core: 235067.95 um^2
[INFO DPL-0009] Utilization: 50.6%
[INFO DPL-0005] Diamond search max displacement: +/- 500 sites horizontally, +/- 100 rows vertically.
[INFO DPL-1102] Legalizing using negotiation legalizer.
[INFO DPL-1103] Negotiation base search window: +/-20 sites horizontally, +/-5 rows vertically 
	Automatic search window extension enabled.
	Search window extendable up to the max displacement cap of +/-500 sites, +/-100 rows near walls.
[INFO DPL-1104] NegotiationLegalizer DRC penalty: 5.
[INFO DPL-0392] Negotiation cell height distribution (1 unique row-count(s)):
[INFO DPL-0393]   height 1 row(s): 24703 cells
[INFO DPL-0500] Runtime: 0.43s
[INFO GRT-0015] Inserted 6 diodes.
[WARNING DRT-0120] Large net net1295 has 166 pins which may impact routing performance. Consider optimization.
[WARNING DRT-0120] Large net net1294 has 189 pins which may impact routing performance. Consider optimization.
[WARNING DRT-0120] Large net net1280 has 174 pins which may impact routing performance. Consider optimization.
[WARNING DRT-0120] Large net net1237 has 120 pins which may impact routing performance. Consider optimization.
[WARNING DRT-0120] Large net net1235 has 130 pins which may impact routing performance. Consider optimization.
[WARNING DRT-0120] Large net net1233 has 106 pins which may impact routing performance. Consider optimization.
[WARNING DRT-0120] Large net net1215 has 146 pins which may impact routing performance. Consider optimization.
[WARNING DRT-0120] Large net net1213 has 113 pins which may impact routing performance. Consider optimization.
[WARNING DRT-0120] Large net net1208 has 106 pins which may impact routing performance. Consider optimization.
[WARNING DRT-0120] Large net net1202 has 153 pins which may impact routing performance. Consider optimization.
[WARNING DRT-0120] Large net net1190 has 114 pins which may impact routing performance. Consider optimization.
[WARNING DRT-0120] Large net net1189 has 119 pins which may impact routing performance. Consider optimization.
[WARNING DRT-0120] Large net net1188 has 111 pins which may impact routing performance. Consider optimization.
[WARNING DRT-0120] Large net net1186 has 135 pins which may impact routing performance. Consider optimization.
[WARNING DRT-0120] Large net net1183 has 102 pins which may impact routing performance. Consider optimization.
[WARNING DRT-0120] Large net net1180 has 123 pins which may impact routing performance. Consider optimization.
[WARNING DRT-0120] Large net net1179 has 103 pins which may impact routing performance. Consider optimization.
[WARNING DRT-0120] Large net net1178 has 109 pins which may impact routing performance. Consider optimization.
[WARNING DRT-0120] Large net net1177 has 106 pins which may impact routing performance. Consider optimization.
[WARNING DRT-0120] Large net net1226 has 122 pins which may impact routing performance. Consider optimization.
[WARNING DRT-0120] Large net net1221 has 117 pins which may impact routing performance. Consider optimization.
[WARNING DRT-0120] Large net net1218 has 164 pins which may impact routing performance. Consider optimization.
[WARNING DRT-0120] Large net net1196 has 101 pins which may impact routing performance. Consider optimization.
[WARNING DRT-0120] Large net net1199 has 106 pins which may impact routing performance. Consider optimization.
[WARNING DRT-0120] Large net net71 has 187 pins which may impact routing performance. Consider optimization.
[INFO DRT-0024]   Complete FR_MASTERSLICE.
[INFO DRT-0024]   Complete Fr_VIA.
[INFO DRT-0024]   Complete li1.
[INFO DRT-0024]   Complete mcon.
[INFO DRT-0024]   Complete met1.
[INFO DRT-0024]   Complete via.
[INFO DRT-0024]   Complete met2.
[INFO DRT-0024]   Complete via2.
[INFO DRT-0024]   Complete met3.
[INFO DRT-0024]   Complete via3.
[INFO DRT-0024]   Complete met4.
[INFO DRT-0024]   Complete via4.
[INFO DRT-0024]   Complete met5.
[INFO DRT-0165] Start pin access.
[INFO DRT-0076]   Complete 1000 pins.
[INFO DRT-0078]   Complete 1071 pins.
[INFO DRT-0079]   Complete 100 unique inst patterns.
[INFO DRT-0081]   Complete 142 unique inst patterns.
[INFO DRT-0082]   Complete 10000 groups.
[INFO DRT-0084]   Complete 13567 groups.
#scanned instances     = 24703
#unique  instances     = 142
#stdCellGenAp          = 4020
#stdCellValidPlanarAp  = 74
#stdCellValidViaAp     = 2966
#stdCellPinNoAp        = 0
#stdCellPinCnt         = 67091
#instTermValidViaApCnt = 0
#macroGenAp            = 0
#macroValidPlanarAp    = 0
#macroValidViaAp       = 0
#macroNoAp             = 0
[INFO DRT-0166] Complete pin access.
[INFO DRT-0267] cpu time = 00:08:03, elapsed time = 00:01:25, memory = 4006.89 (MB), peak = 4499.15 (MB)
[INFO DRT-0156] guideIn read 100000 guides.

[INFO DRT-0157] Number of guides:     179122

[INFO DRT-0169] Post process guides.
[INFO DRT-0176] GCELLGRID X 0 DO 99 STEP 6900 ;
[INFO DRT-0177] GCELLGRID Y 0 DO 99 STEP 6900 ;
[INFO DRT-0026]   Complete 100000 origin guides.
[INFO DRT-0028]   Complete FR_MASTERSLICE.
[INFO DRT-0028]   Complete Fr_VIA.
[INFO DRT-0028]   Complete li1.
[INFO DRT-0028]   Complete mcon.
[INFO DRT-0028]   Complete met1.
[INFO DRT-0028]   Complete via.
[INFO DRT-0028]   Complete met2.
[INFO DRT-0028]   Complete via2.
[INFO DRT-0028]   Complete met3.
[INFO DRT-0028]   Complete via3.
[INFO DRT-0028]   Complete met4.
[INFO DRT-0028]   Complete via4.
[INFO DRT-0028]   Complete met5.
[INFO DRT-0178] Init guide query.
[INFO DRT-0035]   Complete FR_MASTERSLICE (guide).
[INFO DRT-0035]   Complete Fr_VIA (guide).
[INFO DRT-0035]   Complete li1 (guide).
[INFO DRT-0035]   Complete mcon (guide).
[INFO DRT-0035]   Complete met1 (guide).
[INFO DRT-0035]   Complete via (guide).
[INFO DRT-0035]   Complete met2 (guide).
[INFO DRT-0035]   Complete via2 (guide).
[INFO DRT-0035]   Complete met3 (guide).
[INFO DRT-0035]   Complete via3 (guide).
[INFO DRT-0035]   Complete met4 (guide).
[INFO DRT-0035]   Complete via4 (guide).
[INFO DRT-0035]   Complete met5 (guide).
[INFO DRT-0036] FR_MASTERSLICE guide region query size = 0.
[INFO DRT-0036] FR_VIA guide region query size = 0.
[INFO DRT-0036] li1 guide region query size = 54382.
[INFO DRT-0036] mcon guide region query size = 0.
[INFO DRT-0036] met1 guide region query size = 52134.
[INFO DRT-0036] via guide region query size = 0.
[INFO DRT-0036] met2 guide region query size = 28930.
[INFO DRT-0036] via2 guide region query size = 0.
[INFO DRT-0036] met3 guide region query size = 3678.
[INFO DRT-0036] via3 guide region query size = 0.
[INFO DRT-0036] met4 guide region query size = 1709.
[INFO DRT-0036] via4 guide region query size = 0.
[INFO DRT-0036] met5 guide region query size = 55.
[INFO DRT-0179] Init gr pin query.
[INFO DRT-0267] cpu time = 00:00:01, elapsed time = 00:00:00, memory = 4006.89 (MB), peak = 4499.15 (MB)
[INFO DRT-0245] skipped writing guide updates to database.
[INFO DRT-0181] Start track assignment.
[INFO DRT-0184] Done with 85021 vertical wires in 2 frboxes and 55867 horizontal wires in 2 frboxes.
[INFO DRT-0186] Done with 14074 vertical wires in 2 frboxes and 23389 horizontal wires in 2 frboxes.
[INFO DRT-0182] Complete track assignment.
[INFO DRT-0267] cpu time = 00:00:18, elapsed time = 00:00:10, memory = 4006.89 (MB), peak = 4499.15 (MB)
[INFO DRT-0187] Start routing data preparation.
[INFO DRT-0267] cpu time = 00:00:00, elapsed time = 00:00:00, memory = 4006.89 (MB), peak = 4499.15 (MB)
[INFO DRT-0194] Start detail routing.
[INFO DRT-0195] Start 0th optimization iteration.
    Completing 10% with 0 violations.
    elapsed time = 00:00:02, memory = 4006.92 (MB).
    Completing 20% with 0 violations.
    elapsed time = 00:00:05, memory = 4152.11 (MB).
    Completing 30% with 400 violations.
    elapsed time = 00:00:08, memory = 4045.80 (MB).
    Completing 40% with 400 violations.
    elapsed time = 00:00:10, memory = 4085.45 (MB).
    Completing 50% with 400 violations.
    elapsed time = 00:00:12, memory = 4122.08 (MB).
    Completing 60% with 934 violations.
    elapsed time = 00:00:15, memory = 4008.26 (MB).
    Completing 70% with 934 violations.
    elapsed time = 00:00:17, memory = 4008.83 (MB).
    Completing 80% with 1251 violations.
    elapsed time = 00:00:23, memory = 4078.33 (MB).
    Completing 90% with 1251 violations.
    elapsed time = 00:00:27, memory = 4008.83 (MB).
    Completing 100% with 1623 violations.
    elapsed time = 00:00:32, memory = 4008.83 (MB).
[INFO DRT-0199]   Number of violations = 1695.
Viol/Layer        met1    via   met2   met3
Cut Spacing          0      1      0      0
Metal Spacing       63      0     69      0
Min Hole             1      0      0      0
Recheck             35      0     37      0
Short              859      0    628      2
[INFO DRT-0267] cpu time = 00:04:01, elapsed time = 00:00:32, memory = 4008.83 (MB), peak = 4499.15 (MB)
Total wire length = 1465564 um.
Total wire length on LAYER li1 = 0 um.
Total wire length on LAYER met1 = 463834 um.
Total wire length on LAYER met2 = 531577 um.
Total wire length on LAYER met3 = 269859 um.
Total wire length on LAYER met4 = 194789 um.
Total wire length on LAYER met5 = 5502 um.
Total number of vias = 182061.
Up-via summary (total 182061):

-------------------------
 FR_MASTERSLICE         0
            li1     64566
           met1     93775
           met2     18521
           met3      5119
           met4        80
-------------------------
               182061


[INFO DRT-0195] Start 1st optimization iteration.
    Completing 10% with 1695 violations.
    elapsed time = 00:00:03, memory = 4008.83 (MB).
    Completing 20% with 1695 violations.
    elapsed time = 00:00:07, memory = 4121.24 (MB).
    Completing 30% with 1580 violations.
    elapsed time = 00:00:13, memory = 4019.29 (MB).
    Completing 40% with 1580 violations.
    elapsed time = 00:00:15, memory = 4032.07 (MB).
    Completing 50% with 1580 violations.
    elapsed time = 00:00:18, memory = 4067.50 (MB).
    Completing 60% with 1330 violations.
    elapsed time = 00:00:22, memory = 4104.87 (MB).
    Completing 70% with 1330 violations.
    elapsed time = 00:00:23, memory = 4106.46 (MB).
    Completing 80% with 1146 violations.
    elapsed time = 00:00:27, memory = 4143.20 (MB).
    Completing 90% with 1146 violations.
    elapsed time = 00:00:29, memory = 4102.37 (MB).
    Completing 100% with 1009 violations.
    elapsed time = 00:00:32, memory = 4032.07 (MB).
[INFO DRT-0199]   Number of violations = 1009.
Viol/Layer        met1   met2
Metal Spacing       69     66
Short              567    307
[INFO DRT-0267] cpu time = 00:03:48, elapsed time = 00:00:32, memory = 4032.07 (MB), peak = 4499.15 (MB)
Total wire length = 1465547 um.
Total wire length on LAYER li1 = 0 um.
Total wire length on LAYER met1 = 463803 um.
Total wire length on LAYER met2 = 531540 um.
Total wire length on LAYER met3 = 269919 um.
Total wire length on LAYER met4 = 194781 um.
Total wire length on LAYER met5 = 5502 um.
Total number of vias = 182082.
Up-via summary (total 182082):

-------------------------
 FR_MASTERSLICE         0
            li1     64566
           met1     93790
           met2     18527
           met3      5119
           met4        80
-------------------------
               182082


[INFO DRT-0195] Start 2nd optimization iteration.
    Completing 10% with 1009 violations.
    elapsed time = 00:00:00, memory = 4032.07 (MB).
    Completing 20% with 1009 violations.
    elapsed time = 00:00:01, memory = 4100.50 (MB).
    Completing 30% with 947 violations.
    elapsed time = 00:00:03, memory = 4032.16 (MB).
    Completing 40% with 947 violations.
    elapsed time = 00:00:06, memory = 4145.13 (MB).
    Completing 50% with 947 violations.
    elapsed time = 00:00:09, memory = 4109.45 (MB).
    Completing 60% with 937 violations.
    elapsed time = 00:00:11, memory = 4032.16 (MB).
    Completing 70% with 937 violations.
    elapsed time = 00:00:13, memory = 4100.88 (MB).
    Completing 80% with 938 violations.
    elapsed time = 00:00:16, memory = 4032.16 (MB).
    Completing 90% with 938 violations.
    elapsed time = 00:00:19, memory = 4074.22 (MB).
    Completing 100% with 899 violations.
    elapsed time = 00:00:22, memory = 4032.16 (MB).
[INFO DRT-0199]   Number of violations = 899.
Viol/Layer        met1   met2
Metal Spacing       46     52
Short              557    244
[INFO DRT-0267] cpu time = 00:02:04, elapsed time = 00:00:23, memory = 4032.16 (MB), peak = 4499.15 (MB)
Total wire length = 1465483 um.
Total wire length on LAYER li1 = 0 um.
Total wire length on LAYER met1 = 463783 um.
Total wire length on LAYER met2 = 531480 um.
Total wire length on LAYER met3 = 269924 um.
Total wire length on LAYER met4 = 194791 um.
Total wire length on LAYER met5 = 5502 um.
Total number of vias = 182074.
Up-via summary (total 182074):

-------------------------
 FR_MASTERSLICE         0
            li1     64567
           met1     93781
           met2     18525
           met3      5121
           met4        80
-------------------------
               182074


[INFO DRT-0195] Start 3rd optimization iteration.
    Completing 10% with 899 violations.
    elapsed time = 00:00:00, memory = 4032.16 (MB).
    Completing 20% with 899 violations.
    elapsed time = 00:00:04, memory = 4110.78 (MB).
    Completing 30% with 748 violations.
    elapsed time = 00:00:17, memory = 4032.16 (MB).
    Completing 40% with 748 violations.
    elapsed time = 00:00:19, memory = 4146.43 (MB).
    Completing 50% with 748 violations.
    elapsed time = 00:00:22, memory = 4110.25 (MB).
    Completing 60% with 456 violations.
    elapsed time = 00:00:28, memory = 4032.62 (MB).
    Completing 70% with 456 violations.
    elapsed time = 00:00:29, memory = 4101.21 (MB).
    Completing 80% with 264 violations.
    elapsed time = 00:00:42, memory = 4032.62 (MB).
    Completing 90% with 264 violations.
    elapsed time = 00:00:45, memory = 4139.62 (MB).
    Completing 100% with 95 violations.
    elapsed time = 00:00:55, memory = 4032.62 (MB).
[INFO DRT-0199]   Number of violations = 95.
Viol/Layer        met1   met2
Metal Spacing       11     10
Short               37     37
[INFO DRT-0267] cpu time = 00:03:32, elapsed time = 00:00:56, memory = 4032.62 (MB), peak = 4499.15 (MB)
Total wire length = 1465498 um.
Total wire length on LAYER li1 = 0 um.
Total wire length on LAYER met1 = 462483 um.
Total wire length on LAYER met2 = 530664 um.
Total wire length on LAYER met3 = 271168 um.
Total wire length on LAYER met4 = 195679 um.
Total wire length on LAYER met5 = 5502 um.
Total number of vias = 182454.
Up-via summary (total 182454):

-------------------------
 FR_MASTERSLICE         0
            li1     64567
           met1     93897
           met2     18720
           met3      5190
           met4        80
-------------------------
               182454


[INFO DRT-0195] Start 4th guides tiles iteration.
    Completing 10% with 95 violations.
    elapsed time = 00:00:00, memory = 4252.93 (MB).
    Completing 20% with 95 violations.
    elapsed time = 00:00:00, memory = 4252.93 (MB).
    Completing 30% with 95 violations.
    elapsed time = 00:00:00, memory = 4252.93 (MB).
    Completing 40% with 95 violations.
    elapsed time = 00:00:01, memory = 4252.93 (MB).
    Completing 50% with 95 violations.
    elapsed time = 00:00:03, memory = 4165.12 (MB).
    Completing 60% with 26 violations.
    elapsed time = 00:00:08, memory = 4032.62 (MB).
    Completing 70% with 26 violations.
    elapsed time = 00:00:08, memory = 4032.62 (MB).
    Completing 80% with 26 violations.
    elapsed time = 00:00:08, memory = 4188.07 (MB).
    Completing 90% with 26 violations.
    elapsed time = 00:00:09, memory = 4188.07 (MB).
    Completing 100% with 3 violations.
    elapsed time = 00:00:14, memory = 4032.62 (MB).
[INFO DRT-0199]   Number of violations = 3.
Viol/Layer        met1
Short                3
[INFO DRT-0267] cpu time = 00:00:23, elapsed time = 00:00:15, memory = 4032.62 (MB), peak = 4499.15 (MB)
Total wire length = 1465421 um.
Total wire length on LAYER li1 = 0 um.
Total wire length on LAYER met1 = 462266 um.
Total wire length on LAYER met2 = 529922 um.
Total wire length on LAYER met3 = 271324 um.
Total wire length on LAYER met4 = 196405 um.
Total wire length on LAYER met5 = 5502 um.
Total number of vias = 182440.
Up-via summary (total 182440):

-------------------------
 FR_MASTERSLICE         0
            li1     64566
           met1     93869
           met2     18728
           met3      5197
           met4        80
-------------------------
               182440


[INFO DRT-0195] Start 5th guides tiles iteration.
    Completing 100% with 3 violations.
    elapsed time = 00:00:02, memory = 4032.62 (MB).
[INFO DRT-0199]   Number of violations = 3.
Viol/Layer        met1
Short                3
[INFO DRT-0267] cpu time = 00:00:02, elapsed time = 00:00:02, memory = 4032.62 (MB), peak = 4499.15 (MB)
Total wire length = 1465421 um.
Total wire length on LAYER li1 = 0 um.
Total wire length on LAYER met1 = 462266 um.
Total wire length on LAYER met2 = 529922 um.
Total wire length on LAYER met3 = 271324 um.
Total wire length on LAYER met4 = 196405 um.
Total wire length on LAYER met5 = 5502 um.
Total number of vias = 182440.
Up-via summary (total 182440):

-------------------------
 FR_MASTERSLICE         0
            li1     64566
           met1     93869
           met2     18728
           met3      5197
           met4        80
-------------------------
               182440


[INFO DRT-0195] Start 6th stubborn tiles iteration.
    Completing 10% with 3 violations.
    elapsed time = 00:00:02, memory = 4144.22 (MB).
    Completing 20% with 3 violations.
    elapsed time = 00:00:02, memory = 4187.53 (MB).
    Completing 30% with 3 violations.
    elapsed time = 00:00:04, memory = 4147.46 (MB).
    Completing 40% with 3 violations.
    elapsed time = 00:00:04, memory = 4147.46 (MB).
    Completing 50% with 3 violations.
    elapsed time = 00:00:04, memory = 4103.50 (MB).
    Completing 60% with 3 violations.
    elapsed time = 00:00:07, memory = 4098.54 (MB).
    Completing 70% with 3 violations.
    elapsed time = 00:00:07, memory = 4142.18 (MB).
    Completing 80% with 3 violations.
    elapsed time = 00:00:07, memory = 4109.22 (MB).
    Completing 90% with 3 violations.
    elapsed time = 00:00:10, memory = 4070.92 (MB).
    Completing 100% with 0 violations.
    elapsed time = 00:00:28, memory = 4032.62 (MB).
[INFO DRT-0199]   Number of violations = 0.
[INFO DRT-0267] cpu time = 00:01:24, elapsed time = 00:00:29, memory = 4032.62 (MB), peak = 4499.15 (MB)
Total wire length = 1465420 um.
Total wire length on LAYER li1 = 0 um.
Total wire length on LAYER met1 = 462252 um.
Total wire length on LAYER met2 = 529923 um.
Total wire length on LAYER met3 = 271336 um.
Total wire length on LAYER met4 = 196405 um.
Total wire length on LAYER met5 = 5502 um.
Total number of vias = 182442.
Up-via summary (total 182442):

-------------------------
 FR_MASTERSLICE         0
            li1     64566
           met1     93869
           met2     18730
           met3      5197
           met4        80
-------------------------
               182442


[INFO DRT-0198] Complete detail routing.
Total wire length = 1465420 um.
Total wire length on LAYER li1 = 0 um.
Total wire length on LAYER met1 = 462252 um.
Total wire length on LAYER met2 = 529923 um.
Total wire length on LAYER met3 = 271336 um.
Total wire length on LAYER met4 = 196405 um.
Total wire length on LAYER met5 = 5502 um.
Total number of vias = 182442.
Up-via summary (total 182442):

-------------------------
 FR_MASTERSLICE         0
            li1     64566
           met1     93869
           met2     18730
           met3      5197
           met4        80
-------------------------
               182442


[INFO DRT-0267] cpu time = 00:15:17, elapsed time = 00:03:11, memory = 4032.62 (MB), peak = 4499.15 (MB)

[INFO DRT-0180] Post processing.
[INFO DRT-0501] Runtime: 285.58s
[INFO ANT-0002] Found 2 net violations.
[INFO ANT-0001] Found 2 pin violations.
[INFO GRT-0012] Found 2 antenna violations.
[INFO DPL-0006] Core area: 464820.80 um^2
[INFO DPL-0007] Movable instances area: 0.00 um^2
[INFO DPL-0008] Fixed instances area within core: 235072.95 um^2
[INFO DPL-0009] Utilization: 50.6%
[INFO DPL-0005] Diamond search max displacement: +/- 500 sites horizontally, +/- 100 rows vertically.
[INFO DPL-1102] Legalizing using negotiation legalizer.
[INFO DPL-1103] Negotiation base search window: +/-20 sites horizontally, +/-5 rows vertically 
	Automatic search window extension enabled.
	Search window extendable up to the max displacement cap of +/-500 sites, +/-100 rows near walls.
[INFO DPL-1104] NegotiationLegalizer DRC penalty: 5.
[INFO DPL-0392] Negotiation cell height distribution (1 unique row-count(s)):
[INFO DPL-0393]   height 1 row(s): 24705 cells
[INFO DPL-0500] Runtime: 0.58s
[INFO GRT-0015] Inserted 2 diodes.
[WARNING DRT-0120] Large net net1295 has 166 pins which may impact routing performance. Consider optimization.
[WARNING DRT-0120] Large net net1294 has 189 pins which may impact routing performance. Consider optimization.
[WARNING DRT-0120] Large net net1280 has 174 pins which may impact routing performance. Consider optimization.
[WARNING DRT-0120] Large net net1237 has 120 pins which may impact routing performance. Consider optimization.
[WARNING DRT-0120] Large net net1235 has 130 pins which may impact routing performance. Consider optimization.
[WARNING DRT-0120] Large net net1233 has 106 pins which may impact routing performance. Consider optimization.
[WARNING DRT-0120] Large net net1215 has 146 pins which may impact routing performance. Consider optimization.
[WARNING DRT-0120] Large net net1213 has 113 pins which may impact routing performance. Consider optimization.
[WARNING DRT-0120] Large net net1208 has 106 pins which may impact routing performance. Consider optimization.
[WARNING DRT-0120] Large net net1202 has 153 pins which may impact routing performance. Consider optimization.
[WARNING DRT-0120] Large net net1190 has 114 pins which may impact routing performance. Consider optimization.
[WARNING DRT-0120] Large net net1189 has 119 pins which may impact routing performance. Consider optimization.
[WARNING DRT-0120] Large net net1188 has 111 pins which may impact routing performance. Consider optimization.
[WARNING DRT-0120] Large net net1186 has 135 pins which may impact routing performance. Consider optimization.
[WARNING DRT-0120] Large net net1183 has 102 pins which may impact routing performance. Consider optimization.
[WARNING DRT-0120] Large net net1180 has 123 pins which may impact routing performance. Consider optimization.
[WARNING DRT-0120] Large net net1179 has 103 pins which may impact routing performance. Consider optimization.
[WARNING DRT-0120] Large net net1178 has 109 pins which may impact routing performance. Consider optimization.
[WARNING DRT-0120] Large net net1177 has 106 pins which may impact routing performance. Consider optimization.
[WARNING DRT-0120] Large net net1226 has 122 pins which may impact routing performance. Consider optimization.
[WARNING DRT-0120] Large net net1221 has 117 pins which may impact routing performance. Consider optimization.
[WARNING DRT-0120] Large net net1218 has 164 pins which may impact routing performance. Consider optimization.
[WARNING DRT-0120] Large net net1196 has 101 pins which may impact routing performance. Consider optimization.
[WARNING DRT-0120] Large net net1199 has 106 pins which may impact routing performance. Consider optimization.
[WARNING DRT-0120] Large net net71 has 187 pins which may impact routing performance. Consider optimization.
[INFO DRT-0024]   Complete FR_MASTERSLICE.
[INFO DRT-0024]   Complete Fr_VIA.
[INFO DRT-0024]   Complete li1.
[INFO DRT-0024]   Complete mcon.
[INFO DRT-0024]   Complete met1.
[INFO DRT-0024]   Complete via.
[INFO DRT-0024]   Complete met2.
[INFO DRT-0024]   Complete via2.
[INFO DRT-0024]   Complete met3.
[INFO DRT-0024]   Complete via3.
[INFO DRT-0024]   Complete met4.
[INFO DRT-0024]   Complete via4.
[INFO DRT-0024]   Complete met5.
[INFO DRT-0165] Start pin access.
[INFO DRT-0076]   Complete 1000 pins.
[INFO DRT-0078]   Complete 1071 pins.
[INFO DRT-0079]   Complete 100 unique inst patterns.
[INFO DRT-0081]   Complete 142 unique inst patterns.
[INFO DRT-0082]   Complete 10000 groups.
[INFO DRT-0084]   Complete 13568 groups.
#scanned instances     = 24705
#unique  instances     = 142
#stdCellGenAp          = 4020
#stdCellValidPlanarAp  = 74
#stdCellValidViaAp     = 2966
#stdCellPinNoAp        = 0
#stdCellPinCnt         = 67091
#instTermValidViaApCnt = 0
#macroGenAp            = 0
#macroValidPlanarAp    = 0
#macroValidViaAp       = 0
#macroNoAp             = 0
[INFO DRT-0166] Complete pin access.
[INFO DRT-0267] cpu time = 00:08:04, elapsed time = 00:01:20, memory = 3842.78 (MB), peak = 4499.15 (MB)
[INFO DRT-0156] guideIn read 100000 guides.

[INFO DRT-0157] Number of guides:     179130

[INFO DRT-0169] Post process guides.
[INFO DRT-0176] GCELLGRID X 0 DO 99 STEP 6900 ;
[INFO DRT-0177] GCELLGRID Y 0 DO 99 STEP 6900 ;
[INFO DRT-0026]   Complete 100000 origin guides.
[INFO DRT-0028]   Complete FR_MASTERSLICE.
[INFO DRT-0028]   Complete Fr_VIA.
[INFO DRT-0028]   Complete li1.
[INFO DRT-0028]   Complete mcon.
[INFO DRT-0028]   Complete met1.
[INFO DRT-0028]   Complete via.
[INFO DRT-0028]   Complete met2.
[INFO DRT-0028]   Complete via2.
[INFO DRT-0028]   Complete met3.
[INFO DRT-0028]   Complete via3.
[INFO DRT-0028]   Complete met4.
[INFO DRT-0028]   Complete via4.
[INFO DRT-0028]   Complete met5.
[INFO DRT-0178] Init guide query.
[INFO DRT-0035]   Complete FR_MASTERSLICE (guide).
[INFO DRT-0035]   Complete Fr_VIA (guide).
[INFO DRT-0035]   Complete li1 (guide).
[INFO DRT-0035]   Complete mcon (guide).
[INFO DRT-0035]   Complete met1 (guide).
[INFO DRT-0035]   Complete via (guide).
[INFO DRT-0035]   Complete met2 (guide).
[INFO DRT-0035]   Complete via2 (guide).
[INFO DRT-0035]   Complete met3 (guide).
[INFO DRT-0035]   Complete via3 (guide).
[INFO DRT-0035]   Complete met4 (guide).
[INFO DRT-0035]   Complete via4 (guide).
[INFO DRT-0035]   Complete met5 (guide).
[INFO DRT-0036] FR_MASTERSLICE guide region query size = 0.
[INFO DRT-0036] FR_VIA guide region query size = 0.
[INFO DRT-0036] li1 guide region query size = 54383.
[INFO DRT-0036] mcon guide region query size = 0.
[INFO DRT-0036] met1 guide region query size = 52133.
[INFO DRT-0036] via guide region query size = 0.
[INFO DRT-0036] met2 guide region query size = 28931.
[INFO DRT-0036] via2 guide region query size = 0.
[INFO DRT-0036] met3 guide region query size = 3678.
[INFO DRT-0036] via3 guide region query size = 0.
[INFO DRT-0036] met4 guide region query size = 1709.
[INFO DRT-0036] via4 guide region query size = 0.
[INFO DRT-0036] met5 guide region query size = 55.
[INFO DRT-0179] Init gr pin query.
[INFO DRT-0267] cpu time = 00:00:01, elapsed time = 00:00:00, memory = 3842.78 (MB), peak = 4499.15 (MB)
[INFO DRT-0245] skipped writing guide updates to database.
[INFO DRT-0181] Start track assignment.
[INFO DRT-0184] Done with 85023 vertical wires in 2 frboxes and 55866 horizontal wires in 2 frboxes.
[INFO DRT-0186] Done with 14092 vertical wires in 2 frboxes and 23393 horizontal wires in 2 frboxes.
[INFO DRT-0182] Complete track assignment.
[INFO DRT-0267] cpu time = 00:00:18, elapsed time = 00:00:11, memory = 3842.79 (MB), peak = 4499.15 (MB)
[INFO DRT-0187] Start routing data preparation.
[INFO DRT-0267] cpu time = 00:00:00, elapsed time = 00:00:00, memory = 3842.79 (MB), peak = 4499.15 (MB)
[INFO DRT-0194] Start detail routing.
[INFO DRT-0195] Start 0th optimization iteration.
    Completing 10% with 0 violations.
    elapsed time = 00:00:04, memory = 3916.65 (MB).
    Completing 20% with 0 violations.
    elapsed time = 00:00:07, memory = 3915.30 (MB).
    Completing 30% with 257 violations.
    elapsed time = 00:00:12, memory = 3920.82 (MB).
    Completing 40% with 257 violations.
    elapsed time = 00:00:15, memory = 3958.95 (MB).
    Completing 50% with 257 violations.
    elapsed time = 00:00:20, memory = 3960.60 (MB).
    Completing 60% with 611 violations.
    elapsed time = 00:00:27, memory = 3879.17 (MB).
    Completing 70% with 611 violations.
    elapsed time = 00:00:29, memory = 3876.39 (MB).
    Completing 80% with 824 violations.
    elapsed time = 00:00:33, memory = 3842.82 (MB).
    Completing 90% with 824 violations.
    elapsed time = 00:00:35, memory = 3920.16 (MB).
    Completing 100% with 1051 violations.
    elapsed time = 00:00:38, memory = 3842.82 (MB).
[INFO DRT-0199]   Number of violations = 1104.
Viol/Layer        met1   met2   met3
Metal Spacing       35     80      1
Recheck             26     26      1
Short              412    518      5
[INFO DRT-0267] cpu time = 00:03:53, elapsed time = 00:00:38, memory = 3842.82 (MB), peak = 4499.15 (MB)
Total wire length = 1465831 um.
Total wire length on LAYER li1 = 0 um.
Total wire length on LAYER met1 = 462830 um.
Total wire length on LAYER met2 = 530953 um.
Total wire length on LAYER met3 = 270649 um.
Total wire length on LAYER met4 = 195895 um.
Total wire length on LAYER met5 = 5502 um.
Total number of vias = 182326.
Up-via summary (total 182326):

-------------------------
 FR_MASTERSLICE         0
            li1     64569
           met1     93831
           met2     18668
           met3      5178
           met4        80
-------------------------
               182326


[INFO DRT-0195] Start 1st optimization iteration.
    Completing 10% with 1104 violations.
    elapsed time = 00:00:02, memory = 3842.82 (MB).
    Completing 20% with 1104 violations.
    elapsed time = 00:00:06, memory = 3955.06 (MB).
    Completing 30% with 935 violations.
    elapsed time = 00:00:10, memory = 3914.65 (MB).
    Completing 40% with 935 violations.
    elapsed time = 00:00:14, memory = 3958.49 (MB).
    Completing 50% with 935 violations.
    elapsed time = 00:00:18, memory = 3804.16 (MB).
    Completing 60% with 765 violations.
    elapsed time = 00:00:24, memory = 3876.84 (MB).
    Completing 70% with 765 violations.
    elapsed time = 00:00:27, memory = 3841.66 (MB).
    Completing 80% with 703 violations.
    elapsed time = 00:00:33, memory = 3914.85 (MB).
    Completing 90% with 703 violations.
    elapsed time = 00:00:36, memory = 3877.55 (MB).
    Completing 100% with 653 violations.
    elapsed time = 00:00:41, memory = 3804.16 (MB).
[INFO DRT-0199]   Number of violations = 653.
Viol/Layer        met1   met2
Metal Spacing       32     83
Short              270    268
[INFO DRT-0267] cpu time = 00:03:32, elapsed time = 00:00:41, memory = 3804.16 (MB), peak = 4499.15 (MB)
Total wire length = 1465745 um.
Total wire length on LAYER li1 = 0 um.
Total wire length on LAYER met1 = 462825 um.
Total wire length on LAYER met2 = 530798 um.
Total wire length on LAYER met3 = 270641 um.
Total wire length on LAYER met4 = 195976 um.
Total wire length on LAYER met5 = 5502 um.
Total number of vias = 182313.
Up-via summary (total 182313):

-------------------------
 FR_MASTERSLICE         0
            li1     64569
           met1     93823
           met2     18659
           met3      5182
           met4        80
-------------------------
               182313


[INFO DRT-0195] Start 2nd optimization iteration.
    Completing 10% with 653 violations.
    elapsed time = 00:00:00, memory = 3804.16 (MB).
    Completing 20% with 653 violations.
    elapsed time = 00:00:02, memory = 3916.41 (MB).
    Completing 30% with 653 violations.
    elapsed time = 00:00:04, memory = 3804.16 (MB).
    Completing 40% with 653 violations.
    elapsed time = 00:00:04, memory = 3804.16 (MB).
    Completing 50% with 653 violations.
    elapsed time = 00:00:07, memory = 3881.29 (MB).
    Completing 60% with 663 violations.
    elapsed time = 00:00:09, memory = 3804.16 (MB).
    Completing 70% with 663 violations.
    elapsed time = 00:00:09, memory = 3804.16 (MB).
    Completing 80% with 673 violations.
    elapsed time = 00:00:13, memory = 3835.98 (MB).
    Completing 90% with 673 violations.
    elapsed time = 00:00:13, memory = 3835.98 (MB).
    Completing 100% with 638 violations.
    elapsed time = 00:00:17, memory = 3835.98 (MB).
[INFO DRT-0199]   Number of violations = 638.
Viol/Layer        met1   met2
Metal Spacing       42     77
Short              253    266
[INFO DRT-0267] cpu time = 00:01:22, elapsed time = 00:00:18, memory = 3835.98 (MB), peak = 4499.15 (MB)
Total wire length = 1465694 um.
Total wire length on LAYER li1 = 0 um.
Total wire length on LAYER met1 = 462770 um.
Total wire length on LAYER met2 = 530787 um.
Total wire length on LAYER met3 = 270657 um.
Total wire length on LAYER met4 = 195976 um.
Total wire length on LAYER met5 = 5502 um.
Total number of vias = 182291.
Up-via summary (total 182291):

-------------------------
 FR_MASTERSLICE         0
            li1     64569
           met1     93803
           met2     18658
           met3      5181
           met4        80
-------------------------
               182291


[INFO DRT-0195] Start 3rd optimization iteration.
    Completing 10% with 638 violations.
    elapsed time = 00:00:00, memory = 3835.98 (MB).
    Completing 20% with 638 violations.
    elapsed time = 00:00:02, memory = 3947.94 (MB).
    Completing 30% with 505 violations.
    elapsed time = 00:00:16, memory = 3835.98 (MB).
    Completing 40% with 505 violations.
    elapsed time = 00:00:16, memory = 3835.98 (MB).
    Completing 50% with 505 violations.
    elapsed time = 00:00:18, memory = 3913.07 (MB).
    Completing 60% with 277 violations.
    elapsed time = 00:00:27, memory = 3835.98 (MB).
    Completing 70% with 277 violations.
    elapsed time = 00:00:27, memory = 3835.98 (MB).
    Completing 80% with 155 violations.
    elapsed time = 00:00:32, memory = 3835.98 (MB).
    Completing 90% with 155 violations.
    elapsed time = 00:00:32, memory = 3835.98 (MB).
    Completing 100% with 65 violations.
    elapsed time = 00:00:38, memory = 3835.98 (MB).
[INFO DRT-0199]   Number of violations = 65.
Viol/Layer        mcon   met1   met2
Cut Spacing          1      0      0
Metal Spacing        0     12      5
Short                0     29     18
[INFO DRT-0267] cpu time = 00:02:11, elapsed time = 00:00:39, memory = 3835.98 (MB), peak = 4499.15 (MB)
Total wire length = 1465851 um.
Total wire length on LAYER li1 = 0 um.
Total wire length on LAYER met1 = 462189 um.
Total wire length on LAYER met2 = 529997 um.
Total wire length on LAYER met3 = 271400 um.
Total wire length on LAYER met4 = 196760 um.
Total wire length on LAYER met5 = 5502 um.
Total number of vias = 182596.
Up-via summary (total 182596):

-------------------------
 FR_MASTERSLICE         0
            li1     64569
           met1     93933
           met2     18786
           met3      5228
           met4        80
-------------------------
               182596


[INFO DRT-0195] Start 4th guides tiles iteration.
    Completing 10% with 65 violations.
    elapsed time = 00:00:00, memory = 3835.98 (MB).
    Completing 20% with 65 violations.
    elapsed time = 00:00:01, memory = 3835.98 (MB).
    Completing 30% with 65 violations.
    elapsed time = 00:00:14, memory = 3835.98 (MB).
    Completing 40% with 7 violations.
    elapsed time = 00:00:15, memory = 3835.98 (MB).
    Completing 50% with 7 violations.
    elapsed time = 00:00:15, memory = 3835.98 (MB).
    Completing 60% with 7 violations.
    elapsed time = 00:00:15, memory = 3835.98 (MB).
    Completing 70% with 4 violations.
    elapsed time = 00:00:15, memory = 3835.98 (MB).
    Completing 80% with 4 violations.
    elapsed time = 00:00:15, memory = 3835.98 (MB).
    Completing 90% with 4 violations.
    elapsed time = 00:00:15, memory = 3835.98 (MB).
    Completing 100% with 4 violations.
    elapsed time = 00:00:15, memory = 3835.98 (MB).
[INFO DRT-0199]   Number of violations = 4.
Viol/Layer        met2
Metal Spacing        1
Short                3
[INFO DRT-0267] cpu time = 00:00:19, elapsed time = 00:00:15, memory = 3835.98 (MB), peak = 4499.15 (MB)
Total wire length = 1465800 um.
Total wire length on LAYER li1 = 0 um.
Total wire length on LAYER met1 = 462087 um.
Total wire length on LAYER met2 = 529704 um.
Total wire length on LAYER met3 = 271474 um.
Total wire length on LAYER met4 = 197031 um.
Total wire length on LAYER met5 = 5502 um.
Total number of vias = 182578.
Up-via summary (total 182578):

-------------------------
 FR_MASTERSLICE         0
            li1     64569
           met1     93908
           met2     18785
           met3      5236
           met4        80
-------------------------
               182578


[INFO DRT-0195] Start 5th guides tiles iteration.
    Completing 100% with 4 violations.
    elapsed time = 00:00:14, memory = 3835.98 (MB).
[INFO DRT-0199]   Number of violations = 4.
Viol/Layer        met2
Metal Spacing        1
Short                3
[INFO DRT-0267] cpu time = 00:00:12, elapsed time = 00:00:14, memory = 3835.98 (MB), peak = 4499.15 (MB)
Total wire length = 1465800 um.
Total wire length on LAYER li1 = 0 um.
Total wire length on LAYER met1 = 462087 um.
Total wire length on LAYER met2 = 529704 um.
Total wire length on LAYER met3 = 271474 um.
Total wire length on LAYER met4 = 197031 um.
Total wire length on LAYER met5 = 5502 um.
Total number of vias = 182578.
Up-via summary (total 182578):

-------------------------
 FR_MASTERSLICE         0
            li1     64569
           met1     93908
           met2     18785
           met3      5236
           met4        80
-------------------------
               182578


[INFO DRT-0195] Start 6th stubborn tiles iteration.
    Completing 10% with 4 violations.
    elapsed time = 00:00:01, memory = 3906.62 (MB).
    Completing 20% with 4 violations.
    elapsed time = 00:00:02, memory = 3941.95 (MB).
    Completing 30% with 4 violations.
    elapsed time = 00:00:04, memory = 3982.71 (MB).
    Completing 40% with 4 violations.
    elapsed time = 00:00:04, memory = 3926.77 (MB).
    Completing 50% with 4 violations.
    elapsed time = 00:00:04, memory = 3949.18 (MB).
    Completing 60% with 4 violations.
    elapsed time = 00:00:06, memory = 3988.11 (MB).
    Completing 70% with 4 violations.
    elapsed time = 00:00:06, memory = 3988.46 (MB).
    Completing 80% with 4 violations.
    elapsed time = 00:00:06, memory = 3912.40 (MB).
    Completing 90% with 4 violations.
    elapsed time = 00:00:08, memory = 3912.40 (MB).
    Completing 100% with 0 violations.
    elapsed time = 00:00:09, memory = 3835.98 (MB).
[INFO DRT-0199]   Number of violations = 0.
[INFO DRT-0267] cpu time = 00:00:49, elapsed time = 00:00:10, memory = 3835.98 (MB), peak = 4499.15 (MB)
Total wire length = 1465805 um.
Total wire length on LAYER li1 = 0 um.
Total wire length on LAYER met1 = 462094 um.
Total wire length on LAYER met2 = 529699 um.
Total wire length on LAYER met3 = 271477 um.
Total wire length on LAYER met4 = 197031 um.
Total wire length on LAYER met5 = 5502 um.
Total number of vias = 182580.
Up-via summary (total 182580):

-------------------------
 FR_MASTERSLICE         0
            li1     64569
           met1     93910
           met2     18785
           met3      5236
           met4        80
-------------------------
               182580


[INFO DRT-0198] Complete detail routing.
Total wire length = 1465805 um.
Total wire length on LAYER li1 = 0 um.
Total wire length on LAYER met1 = 462094 um.
Total wire length on LAYER met2 = 529699 um.
Total wire length on LAYER met3 = 271477 um.
Total wire length on LAYER met4 = 197031 um.
Total wire length on LAYER met5 = 5502 um.
Total number of vias = 182580.
Up-via summary (total 182580):

-------------------------
 FR_MASTERSLICE         0
            li1     64569
           met1     93910
           met2     18785
           met3      5236
           met4        80
-------------------------
               182580


[INFO DRT-0267] cpu time = 00:12:20, elapsed time = 00:02:58, memory = 3835.98 (MB), peak = 4499.15 (MB)

[INFO DRT-0180] Post processing.
[INFO DRT-0501] Runtime: 267.51s
[INFO ANT-0002] Found 2 net violations.
[INFO ANT-0001] Found 2 pin violations.
[INFO GRT-0012] Found 2 antenna violations.
[INFO DPL-0006] Core area: 464820.80 um^2
[INFO DPL-0007] Movable instances area: 0.00 um^2
[INFO DPL-0008] Fixed instances area within core: 235077.96 um^2
[INFO DPL-0009] Utilization: 50.6%
[INFO DPL-0005] Diamond search max displacement: +/- 500 sites horizontally, +/- 100 rows vertically.
[INFO DPL-1102] Legalizing using negotiation legalizer.
[INFO DPL-1103] Negotiation base search window: +/-20 sites horizontally, +/-5 rows vertically 
	Automatic search window extension enabled.
	Search window extendable up to the max displacement cap of +/-500 sites, +/-100 rows near walls.
[INFO DPL-1104] NegotiationLegalizer DRC penalty: 5.
[INFO DPL-0392] Negotiation cell height distribution (1 unique row-count(s)):
[INFO DPL-0393]   height 1 row(s): 24707 cells
[INFO DPL-0500] Runtime: 0.55s
[INFO GRT-0015] Inserted 2 diodes.
[WARNING DRT-0120] Large net net1295 has 166 pins which may impact routing performance. Consider optimization.
[WARNING DRT-0120] Large net net1294 has 189 pins which may impact routing performance. Consider optimization.
[WARNING DRT-0120] Large net net1280 has 174 pins which may impact routing performance. Consider optimization.
[WARNING DRT-0120] Large net net1237 has 120 pins which may impact routing performance. Consider optimization.
[WARNING DRT-0120] Large net net1235 has 130 pins which may impact routing performance. Consider optimization.
[WARNING DRT-0120] Large net net1233 has 106 pins which may impact routing performance. Consider optimization.
[WARNING DRT-0120] Large net net1215 has 146 pins which may impact routing performance. Consider optimization.
[WARNING DRT-0120] Large net net1213 has 113 pins which may impact routing performance. Consider optimization.
[WARNING DRT-0120] Large net net1208 has 106 pins which may impact routing performance. Consider optimization.
[WARNING DRT-0120] Large net net1202 has 153 pins which may impact routing performance. Consider optimization.
[WARNING DRT-0120] Large net net1190 has 114 pins which may impact routing performance. Consider optimization.
[WARNING DRT-0120] Large net net1189 has 119 pins which may impact routing performance. Consider optimization.
[WARNING DRT-0120] Large net net1188 has 111 pins which may impact routing performance. Consider optimization.
[WARNING DRT-0120] Large net net1186 has 135 pins which may impact routing performance. Consider optimization.
[WARNING DRT-0120] Large net net1183 has 102 pins which may impact routing performance. Consider optimization.
[WARNING DRT-0120] Large net net1180 has 123 pins which may impact routing performance. Consider optimization.
[WARNING DRT-0120] Large net net1179 has 103 pins which may impact routing performance. Consider optimization.
[WARNING DRT-0120] Large net net1178 has 109 pins which may impact routing performance. Consider optimization.
[WARNING DRT-0120] Large net net1177 has 106 pins which may impact routing performance. Consider optimization.
[WARNING DRT-0120] Large net net1226 has 122 pins which may impact routing performance. Consider optimization.
[WARNING DRT-0120] Large net net1221 has 117 pins which may impact routing performance. Consider optimization.
[WARNING DRT-0120] Large net net1218 has 164 pins which may impact routing performance. Consider optimization.
[WARNING DRT-0120] Large net net1196 has 101 pins which may impact routing performance. Consider optimization.
[WARNING DRT-0120] Large net net1199 has 106 pins which may impact routing performance. Consider optimization.
[WARNING DRT-0120] Large net net71 has 187 pins which may impact routing performance. Consider optimization.
[INFO DRT-0024]   Complete FR_MASTERSLICE.
[INFO DRT-0024]   Complete Fr_VIA.
[INFO DRT-0024]   Complete li1.
[INFO DRT-0024]   Complete mcon.
[INFO DRT-0024]   Complete met1.
[INFO DRT-0024]   Complete via.
[INFO DRT-0024]   Complete met2.
[INFO DRT-0024]   Complete via2.
[INFO DRT-0024]   Complete met3.
[INFO DRT-0024]   Complete via3.
[INFO DRT-0024]   Complete met4.
[INFO DRT-0024]   Complete via4.
[INFO DRT-0024]   Complete met5.
[INFO DRT-0165] Start pin access.
[INFO DRT-0076]   Complete 1000 pins.
[INFO DRT-0078]   Complete 1071 pins.
[INFO DRT-0079]   Complete 100 unique inst patterns.
[INFO DRT-0081]   Complete 142 unique inst patterns.
[INFO DRT-0082]   Complete 10000 groups.
[INFO DRT-0084]   Complete 13570 groups.
#scanned instances     = 24707
#unique  instances     = 142
#stdCellGenAp          = 4020
#stdCellValidPlanarAp  = 74
#stdCellValidViaAp     = 2966
#stdCellPinNoAp        = 0
#stdCellPinCnt         = 67091
#instTermValidViaApCnt = 0
#macroGenAp            = 0
#macroValidPlanarAp    = 0
#macroValidViaAp       = 0
#macroNoAp             = 0
[INFO DRT-0166] Complete pin access.
[INFO DRT-0267] cpu time = 00:08:03, elapsed time = 00:01:11, memory = 3835.96 (MB), peak = 4499.15 (MB)
[INFO DRT-0156] guideIn read 100000 guides.

[INFO DRT-0157] Number of guides:     179134

[INFO DRT-0169] Post process guides.
[INFO DRT-0176] GCELLGRID X 0 DO 99 STEP 6900 ;
[INFO DRT-0177] GCELLGRID Y 0 DO 99 STEP 6900 ;
[INFO DRT-0026]   Complete 100000 origin guides.
[INFO DRT-0028]   Complete FR_MASTERSLICE.
[INFO DRT-0028]   Complete Fr_VIA.
[INFO DRT-0028]   Complete li1.
[INFO DRT-0028]   Complete mcon.
[INFO DRT-0028]   Complete met1.
[INFO DRT-0028]   Complete via.
[INFO DRT-0028]   Complete met2.
[INFO DRT-0028]   Complete via2.
[INFO DRT-0028]   Complete met3.
[INFO DRT-0028]   Complete via3.
[INFO DRT-0028]   Complete met4.
[INFO DRT-0028]   Complete via4.
[INFO DRT-0028]   Complete met5.
[INFO DRT-0178] Init guide query.
[INFO DRT-0035]   Complete FR_MASTERSLICE (guide).
[INFO DRT-0035]   Complete Fr_VIA (guide).
[INFO DRT-0035]   Complete li1 (guide).
[INFO DRT-0035]   Complete mcon (guide).
[INFO DRT-0035]   Complete met1 (guide).
[INFO DRT-0035]   Complete via (guide).
[INFO DRT-0035]   Complete met2 (guide).
[INFO DRT-0035]   Complete via2 (guide).
[INFO DRT-0035]   Complete met3 (guide).
[INFO DRT-0035]   Complete via3 (guide).
[INFO DRT-0035]   Complete met4 (guide).
[INFO DRT-0035]   Complete via4 (guide).
[INFO DRT-0035]   Complete met5 (guide).
[INFO DRT-0036] FR_MASTERSLICE guide region query size = 0.
[INFO DRT-0036] FR_VIA guide region query size = 0.
[INFO DRT-0036] li1 guide region query size = 54384.
[INFO DRT-0036] mcon guide region query size = 0.
[INFO DRT-0036] met1 guide region query size = 52132.
[INFO DRT-0036] via guide region query size = 0.
[INFO DRT-0036] met2 guide region query size = 28931.
[INFO DRT-0036] via2 guide region query size = 0.
[INFO DRT-0036] met3 guide region query size = 3678.
[INFO DRT-0036] via3 guide region query size = 0.
[INFO DRT-0036] met4 guide region query size = 1709.
[INFO DRT-0036] via4 guide region query size = 0.
[INFO DRT-0036] met5 guide region query size = 55.
[INFO DRT-0179] Init gr pin query.
[INFO DRT-0267] cpu time = 00:00:01, elapsed time = 00:00:00, memory = 3835.96 (MB), peak = 4499.15 (MB)
[INFO DRT-0245] skipped writing guide updates to database.
[INFO DRT-0181] Start track assignment.
[INFO DRT-0184] Done with 85024 vertical wires in 2 frboxes and 55865 horizontal wires in 2 frboxes.
[INFO DRT-0186] Done with 14102 vertical wires in 2 frboxes and 23352 horizontal wires in 2 frboxes.
[INFO DRT-0182] Complete track assignment.
[INFO DRT-0267] cpu time = 00:00:19, elapsed time = 00:00:12, memory = 3835.96 (MB), peak = 4499.15 (MB)
[INFO DRT-0187] Start routing data preparation.
[INFO DRT-0267] cpu time = 00:00:00, elapsed time = 00:00:00, memory = 3835.96 (MB), peak = 4499.15 (MB)
[INFO DRT-0194] Start detail routing.
[INFO DRT-0195] Start 0th optimization iteration.
    Completing 10% with 0 violations.
    elapsed time = 00:00:04, memory = 3894.18 (MB).
    Completing 20% with 0 violations.
    elapsed time = 00:00:07, memory = 3928.15 (MB).
    Completing 30% with 161 violations.
    elapsed time = 00:00:11, memory = 3975.40 (MB).
    Completing 40% with 161 violations.
    elapsed time = 00:00:14, memory = 3937.04 (MB).
    Completing 50% with 161 violations.
    elapsed time = 00:00:18, memory = 3969.23 (MB).
    Completing 60% with 315 violations.
    elapsed time = 00:00:23, memory = 3933.91 (MB).
    Completing 70% with 315 violations.
    elapsed time = 00:00:26, memory = 3931.24 (MB).
    Completing 80% with 415 violations.
    elapsed time = 00:00:31, memory = 3926.78 (MB).
    Completing 90% with 415 violations.
    elapsed time = 00:00:34, memory = 3895.51 (MB).
    Completing 100% with 523 violations.
    elapsed time = 00:00:37, memory = 3858.87 (MB).
[INFO DRT-0199]   Number of violations = 549.
Viol/Layer        met1   met2
Metal Spacing       19     21
Recheck             10     16
Short              243    240
[INFO DRT-0267] cpu time = 00:03:32, elapsed time = 00:00:37, memory = 3858.87 (MB), peak = 4499.15 (MB)
Total wire length = 1465928 um.
Total wire length on LAYER li1 = 0 um.
Total wire length on LAYER met1 = 462415 um.
Total wire length on LAYER met2 = 530032 um.
Total wire length on LAYER met3 = 271195 um.
Total wire length on LAYER met4 = 196782 um.
Total wire length on LAYER met5 = 5502 um.
Total number of vias = 182492.
Up-via summary (total 182492):

-------------------------
 FR_MASTERSLICE         0
            li1     64574
           met1     93876
           met2     18742
           met3      5220
           met4        80
-------------------------
               182492


[INFO DRT-0195] Start 1st optimization iteration.
    Completing 10% with 549 violations.
    elapsed time = 00:00:02, memory = 3934.76 (MB).
    Completing 20% with 549 violations.
    elapsed time = 00:00:04, memory = 3930.74 (MB).
    Completing 30% with 540 violations.
    elapsed time = 00:00:06, memory = 3893.20 (MB).
    Completing 40% with 540 violations.
    elapsed time = 00:00:08, memory = 3936.21 (MB).
    Completing 50% with 540 violations.
    elapsed time = 00:00:10, memory = 3893.70 (MB).
    Completing 60% with 459 violations.
    elapsed time = 00:00:13, memory = 3972.21 (MB).
    Completing 70% with 459 violations.
    elapsed time = 00:00:15, memory = 3925.43 (MB).
    Completing 80% with 405 violations.
    elapsed time = 00:00:18, memory = 3902.25 (MB).
    Completing 90% with 405 violations.
    elapsed time = 00:00:20, memory = 3933.42 (MB).
    Completing 100% with 383 violations.
    elapsed time = 00:00:22, memory = 3858.87 (MB).
[INFO DRT-0199]   Number of violations = 383.
Viol/Layer        met1   met2
Metal Spacing       14     19
Short              197    153
[INFO DRT-0267] cpu time = 00:03:19, elapsed time = 00:00:22, memory = 3858.87 (MB), peak = 4499.15 (MB)
Total wire length = 1465888 um.
Total wire length on LAYER li1 = 0 um.
Total wire length on LAYER met1 = 462407 um.
Total wire length on LAYER met2 = 529999 um.
Total wire length on LAYER met3 = 271195 um.
Total wire length on LAYER met4 = 196782 um.
Total wire length on LAYER met5 = 5502 um.
Total number of vias = 182488.
Up-via summary (total 182488):

-------------------------
 FR_MASTERSLICE         0
            li1     64574
           met1     93872
           met2     18742
           met3      5220
           met4        80
-------------------------
               182488


[INFO DRT-0195] Start 2nd optimization iteration.
    Completing 10% with 383 violations.
    elapsed time = 00:00:00, memory = 3858.87 (MB).
    Completing 20% with 383 violations.
    elapsed time = 00:00:00, memory = 3858.87 (MB).
    Completing 30% with 383 violations.
    elapsed time = 00:00:02, memory = 3858.87 (MB).
    Completing 40% with 383 violations.
    elapsed time = 00:00:02, memory = 3858.87 (MB).
    Completing 50% with 383 violations.
    elapsed time = 00:00:04, memory = 3976.87 (MB).
    Completing 60% with 335 violations.
    elapsed time = 00:00:05, memory = 3858.87 (MB).
    Completing 70% with 335 violations.
    elapsed time = 00:00:05, memory = 3858.87 (MB).
    Completing 80% with 308 violations.
    elapsed time = 00:00:08, memory = 3858.87 (MB).
    Completing 90% with 308 violations.
    elapsed time = 00:00:08, memory = 3858.87 (MB).
    Completing 100% with 258 violations.
    elapsed time = 00:00:10, memory = 3858.87 (MB).
[INFO DRT-0199]   Number of violations = 258.
Viol/Layer        met1   met2
Metal Spacing       11     38
Short              124     85
[INFO DRT-0267] cpu time = 00:00:48, elapsed time = 00:00:10, memory = 3858.87 (MB), peak = 4499.15 (MB)
Total wire length = 1465871 um.
Total wire length on LAYER li1 = 0 um.
Total wire length on LAYER met1 = 462410 um.
Total wire length on LAYER met2 = 529978 um.
Total wire length on LAYER met3 = 271197 um.
Total wire length on LAYER met4 = 196782 um.
Total wire length on LAYER met5 = 5502 um.
Total number of vias = 182481.
Up-via summary (total 182481):

-------------------------
 FR_MASTERSLICE         0
            li1     64573
           met1     93864
           met2     18744
           met3      5220
           met4        80
-------------------------
               182481


[INFO DRT-0195] Start 3rd optimization iteration.
    Completing 10% with 258 violations.
    elapsed time = 00:00:00, memory = 3858.87 (MB).
    Completing 20% with 258 violations.
    elapsed time = 00:00:00, memory = 3858.87 (MB).
    Completing 30% with 198 violations.
    elapsed time = 00:00:33, memory = 3858.87 (MB).
    Completing 40% with 198 violations.
    elapsed time = 00:00:33, memory = 3858.87 (MB).
    Completing 50% with 198 violations.
    elapsed time = 00:00:35, memory = 3900.68 (MB).
    Completing 60% with 125 violations.
    elapsed time = 00:00:36, memory = 3858.87 (MB).
    Completing 70% with 125 violations.
    elapsed time = 00:00:36, memory = 3858.87 (MB).
    Completing 80% with 88 violations.
    elapsed time = 00:00:38, memory = 3858.87 (MB).
    Completing 90% with 88 violations.
    elapsed time = 00:00:38, memory = 3858.87 (MB).
    Completing 100% with 43 violations.
    elapsed time = 00:00:48, memory = 3858.87 (MB).
[INFO DRT-0199]   Number of violations = 43.
Viol/Layer        met1   met2
Metal Spacing        4      9
Short               17     13
[INFO DRT-0267] cpu time = 00:01:27, elapsed time = 00:00:48, memory = 3858.87 (MB), peak = 4499.15 (MB)
Total wire length = 1465883 um.
Total wire length on LAYER li1 = 0 um.
Total wire length on LAYER met1 = 462214 um.
Total wire length on LAYER met2 = 529777 um.
Total wire length on LAYER met3 = 271411 um.
Total wire length on LAYER met4 = 196978 um.
Total wire length on LAYER met5 = 5502 um.
Total number of vias = 182596.
Up-via summary (total 182596):

-------------------------
 FR_MASTERSLICE         0
            li1     64575
           met1     93920
           met2     18784
           met3      5237
           met4        80
-------------------------
               182596


[INFO DRT-0195] Start 4th guides tiles iteration.
    Completing 10% with 43 violations.
    elapsed time = 00:00:00, memory = 4062.78 (MB).
    Completing 20% with 43 violations.
    elapsed time = 00:00:06, memory = 3955.37 (MB).
    Completing 40% with 43 violations.
    elapsed time = 00:00:20, memory = 3858.87 (MB).
    Completing 50% with 10 violations.
    elapsed time = 00:00:20, memory = 3858.87 (MB).
    Completing 70% with 10 violations.
    elapsed time = 00:00:20, memory = 3858.87 (MB).
    Completing 80% with 10 violations.
    elapsed time = 00:00:21, memory = 3858.87 (MB).
    Completing 100% with 9 violations.
    elapsed time = 00:00:22, memory = 3858.87 (MB).
[INFO DRT-0199]   Number of violations = 9.
Viol/Layer        met1   met2
Metal Spacing        2      3
Short                0      4
[INFO DRT-0267] cpu time = 00:00:26, elapsed time = 00:00:22, memory = 3858.87 (MB), peak = 4499.15 (MB)
Total wire length = 1465860 um.
Total wire length on LAYER li1 = 0 um.
Total wire length on LAYER met1 = 462201 um.
Total wire length on LAYER met2 = 529674 um.
Total wire length on LAYER met3 = 271414 um.
Total wire length on LAYER met4 = 197068 um.
Total wire length on LAYER met5 = 5502 um.
Total number of vias = 182590.
Up-via summary (total 182590):

-------------------------
 FR_MASTERSLICE         0
            li1     64574
           met1     93923
           met2     18774
           met3      5239
           met4        80
-------------------------
               182590


[INFO DRT-0195] Start 5th guides tiles iteration.
    Completing 20% with 9 violations.
    elapsed time = 00:00:00, memory = 3955.37 (MB).
    Completing 50% with 9 violations.
    elapsed time = 00:00:17, memory = 3858.87 (MB).
    Completing 70% with 7 violations.
    elapsed time = 00:00:17, memory = 3858.87 (MB).
    Completing 100% with 7 violations.
    elapsed time = 00:00:17, memory = 3858.87 (MB).
[INFO DRT-0199]   Number of violations = 7.
Viol/Layer        met2
Metal Spacing        3
Short                4
[INFO DRT-0267] cpu time = 00:00:18, elapsed time = 00:00:18, memory = 3858.87 (MB), peak = 4499.15 (MB)
Total wire length = 1465860 um.
Total wire length on LAYER li1 = 0 um.
Total wire length on LAYER met1 = 462201 um.
Total wire length on LAYER met2 = 529673 um.
Total wire length on LAYER met3 = 271414 um.
Total wire length on LAYER met4 = 197068 um.
Total wire length on LAYER met5 = 5502 um.
Total number of vias = 182590.
Up-via summary (total 182590):

-------------------------
 FR_MASTERSLICE         0
            li1     64574
           met1     93923
           met2     18774
           met3      5239
           met4        80
-------------------------
               182590


[INFO DRT-0195] Start 6th guides tiles iteration.
    Completing 50% with 7 violations.
    elapsed time = 00:00:14, memory = 3858.87 (MB).
    Completing 100% with 7 violations.
    elapsed time = 00:00:16, memory = 3858.87 (MB).
[INFO DRT-0199]   Number of violations = 7.
Viol/Layer        met2
Metal Spacing        3
Short                4
[INFO DRT-0267] cpu time = 00:00:16, elapsed time = 00:00:16, memory = 3858.87 (MB), peak = 4499.15 (MB)
Total wire length = 1465860 um.
Total wire length on LAYER li1 = 0 um.
Total wire length on LAYER met1 = 462201 um.
Total wire length on LAYER met2 = 529673 um.
Total wire length on LAYER met3 = 271414 um.
Total wire length on LAYER met4 = 197068 um.
Total wire length on LAYER met5 = 5502 um.
Total number of vias = 182590.
Up-via summary (total 182590):

-------------------------
 FR_MASTERSLICE         0
            li1     64574
           met1     93923
           met2     18774
           met3      5239
           met4        80
-------------------------
               182590


[INFO DRT-0195] Start 7th stubborn tiles iteration.
    Completing 10% with 7 violations.
    elapsed time = 00:00:04, memory = 3963.32 (MB).
    Completing 20% with 7 violations.
    elapsed time = 00:00:07, memory = 3928.83 (MB).
    Completing 30% with 7 violations.
    elapsed time = 00:00:08, memory = 3966.61 (MB).
    Completing 40% with 7 violations.
    elapsed time = 00:00:10, memory = 3929.98 (MB).
    Completing 50% with 1 violations.
    elapsed time = 00:00:23, memory = 3858.87 (MB).
    Completing 60% with 1 violations.
    elapsed time = 00:00:23, memory = 3858.87 (MB).
    Completing 70% with 1 violations.
    elapsed time = 00:00:24, memory = 3898.30 (MB).
    Completing 80% with 1 violations.
    elapsed time = 00:00:25, memory = 3977.15 (MB).
    Completing 90% with 1 violations.
    elapsed time = 00:00:26, memory = 3898.30 (MB).
    Completing 100% with 0 violations.
    elapsed time = 00:00:26, memory = 3858.87 (MB).
[INFO DRT-0199]   Number of violations = 0.
[INFO DRT-0267] cpu time = 00:01:42, elapsed time = 00:00:26, memory = 3858.87 (MB), peak = 4499.15 (MB)
Total wire length = 1465853 um.
Total wire length on LAYER li1 = 0 um.
Total wire length on LAYER met1 = 462206 um.
Total wire length on LAYER met2 = 529642 um.
Total wire length on LAYER met3 = 271418 um.
Total wire length on LAYER met4 = 197083 um.
Total wire length on LAYER met5 = 5502 um.
Total number of vias = 182599.
Up-via summary (total 182599):

-------------------------
 FR_MASTERSLICE         0
            li1     64574
           met1     93928
           met2     18776
           met3      5241
           met4        80
-------------------------
               182599


[INFO DRT-0198] Complete detail routing.
Total wire length = 1465853 um.
Total wire length on LAYER li1 = 0 um.
Total wire length on LAYER met1 = 462206 um.
Total wire length on LAYER met2 = 529642 um.
Total wire length on LAYER met3 = 271418 um.
Total wire length on LAYER met4 = 197083 um.
Total wire length on LAYER met5 = 5502 um.
Total number of vias = 182599.
Up-via summary (total 182599):

-------------------------
 FR_MASTERSLICE         0
            li1     64574
           met1     93928
           met2     18776
           met3      5241
           met4        80
-------------------------
               182599


[INFO DRT-0267] cpu time = 00:11:51, elapsed time = 00:03:24, memory = 3858.87 (MB), peak = 4499.15 (MB)

[INFO DRT-0180] Post processing.
[INFO DRT-0501] Runtime: 285.78s
[INFO ANT-0002] Found 0 net violations.
[INFO ANT-0001] Found 0 pin violations.
[INFO ANT-0002] Found 0 net violations.
[INFO ANT-0001] Found 0 pin violations.
Design area 235078 um^2 51% utilization.
write_db /root/cac_runs/keccak_r1_10ns_ant10/results/sky130hd/cac_keccak_r1_10ns/base/5_2_route.odb
Elapsed time: 1:20:01.65[h:]min:sec. CPU time: user 26637.81 sys 55.54 (555%). Peak memory: 4607128KB.
Log                       Ext     Elapsed/s Peak Memory/MB sha1sum result [0:20)
5_2_route                 .odb         4801           4499 8940fd83e3217957d7e0
