{"train_loss": [0.7014387188529968, 0.5594991219806671, 0.5325384038448334, 0.5234041650772094, 0.5144046836090088], "train_acc": [0.7956, 0.83572, 0.84382, 0.848, 0.8516], "test_loss": [1.2215604012489318, 1.20542199382782, 1.201233957862854, 1.2058068477630615, 1.191532400894165], "test_acc": [0.6664, 0.6751, 0.6763, 0.6765, 0.6828]}