{"train_loss": [0.7062981597137451, 0.5622125322914123, 0.5377090965080261, 0.52304490732193, 0.5139915105819702], "train_acc": [0.79358, 0.83486, 0.84208, 0.84802, 0.8489], "test_loss": [1.2278603125572205, 1.209841305541992, 1.2032510143280029, 1.195608359336853, 1.1933287887573243], "test_acc": [0.6675, 0.6747, 0.6792, 0.6776, 0.6802]}