cycle,time_ns,state,len,j
0,453575.0,IDLE,128,127
1,453585.0,FETCH,128,0
2,453595.0,CAPTURE,128,0
3,453605.0,REDUCE,128,0
4,453615.0,EXEC,128,0
5,453625.0,WRITE,128,0
6,453635.0,FETCH,128,1
7,453645.0,CAPTURE,128,1
8,453655.0,REDUCE,128,1
9,453665.0,EXEC,128,1
10,453675.0,WRITE,128,1
11,453685.0,FETCH,128,2
12,453695.0,CAPTURE,128,2
13,453705.0,REDUCE,128,2
14,453715.0,EXEC,128,2
15,453725.0,WRITE,128,2
16,453735.0,FETCH,128,3
17,453745.0,CAPTURE,128,3
18,453755.0,REDUCE,128,3
19,453765.0,EXEC,128,3
20,453775.0,WRITE,128,3
21,453785.0,FETCH,128,4
22,453795.0,CAPTURE,128,4
23,453805.0,REDUCE,128,4
24,453815.0,EXEC,128,4
25,453825.0,WRITE,128,4
26,453835.0,FETCH,128,5
27,453845.0,CAPTURE,128,5
28,453855.0,REDUCE,128,5
29,453865.0,EXEC,128,5
30,453875.0,WRITE,128,5
31,453885.0,FETCH,128,6
32,453895.0,CAPTURE,128,6
33,453905.0,REDUCE,128,6
34,453915.0,EXEC,128,6
35,453925.0,WRITE,128,6
36,453935.0,FETCH,128,7
37,453945.0,CAPTURE,128,7
38,453955.0,REDUCE,128,7
39,453965.0,EXEC,128,7
40,453975.0,WRITE,128,7
41,453985.0,FETCH,128,8
42,453995.0,CAPTURE,128,8
43,454005.0,REDUCE,128,8
44,454015.0,EXEC,128,8
45,454025.0,WRITE,128,8
46,454035.0,FETCH,128,9
47,454045.0,CAPTURE,128,9
48,454055.0,REDUCE,128,9
49,454065.0,EXEC,128,9
50,454075.0,WRITE,128,9
51,454085.0,FETCH,128,10
52,454095.0,CAPTURE,128,10
53,454105.0,REDUCE,128,10
54,454115.0,EXEC,128,10
55,454125.0,WRITE,128,10
56,454135.0,FETCH,128,11
57,454145.0,CAPTURE,128,11
58,454155.0,REDUCE,128,11
59,454165.0,EXEC,128,11
60,454175.0,WRITE,128,11
61,454185.0,FETCH,128,12
62,454195.0,CAPTURE,128,12
63,454205.0,REDUCE,128,12
64,454215.0,EXEC,128,12
65,454225.0,WRITE,128,12
66,454235.0,FETCH,128,13
67,454245.0,CAPTURE,128,13
68,454255.0,REDUCE,128,13
69,454265.0,EXEC,128,13
70,454275.0,WRITE,128,13
71,454285.0,FETCH,128,14
72,454295.0,CAPTURE,128,14
73,454305.0,REDUCE,128,14
74,454315.0,EXEC,128,14
75,454325.0,WRITE,128,14
76,454335.0,FETCH,128,15
77,454345.0,CAPTURE,128,15
78,454355.0,REDUCE,128,15
79,454365.0,EXEC,128,15
80,454375.0,WRITE,128,15
81,454385.0,FETCH,128,16
82,454395.0,CAPTURE,128,16
83,454405.0,REDUCE,128,16
84,454415.0,EXEC,128,16
85,454425.0,WRITE,128,16
86,454435.0,FETCH,128,17
87,454445.0,CAPTURE,128,17
88,454455.0,REDUCE,128,17
89,454465.0,EXEC,128,17
90,454475.0,WRITE,128,17
91,454485.0,FETCH,128,18
92,454495.0,CAPTURE,128,18
93,454505.0,REDUCE,128,18
94,454515.0,EXEC,128,18
95,454525.0,WRITE,128,18
96,454535.0,FETCH,128,19
97,454545.0,CAPTURE,128,19
98,454555.0,REDUCE,128,19
99,454565.0,EXEC,128,19
100,454575.0,WRITE,128,19
101,454585.0,FETCH,128,20
102,454595.0,CAPTURE,128,20
103,454605.0,REDUCE,128,20
104,454615.0,EXEC,128,20
105,454625.0,WRITE,128,20
106,454635.0,FETCH,128,21
107,454645.0,CAPTURE,128,21
108,454655.0,REDUCE,128,21
109,454665.0,EXEC,128,21
110,454675.0,WRITE,128,21
111,454685.0,FETCH,128,22
112,454695.0,CAPTURE,128,22
113,454705.0,REDUCE,128,22
114,454715.0,EXEC,128,22
115,454725.0,WRITE,128,22
116,454735.0,FETCH,128,23
117,454745.0,CAPTURE,128,23
118,454755.0,REDUCE,128,23
119,454765.0,EXEC,128,23
120,454775.0,WRITE,128,23
121,454785.0,FETCH,128,24
122,454795.0,CAPTURE,128,24
123,454805.0,REDUCE,128,24
124,454815.0,EXEC,128,24
125,454825.0,WRITE,128,24
126,454835.0,FETCH,128,25
127,454845.0,CAPTURE,128,25
128,454855.0,REDUCE,128,25
129,454865.0,EXEC,128,25
130,454875.0,WRITE,128,25
131,454885.0,FETCH,128,26
132,454895.0,CAPTURE,128,26
133,454905.0,REDUCE,128,26
134,454915.0,EXEC,128,26
135,454925.0,WRITE,128,26
136,454935.0,FETCH,128,27
137,454945.0,CAPTURE,128,27
138,454955.0,REDUCE,128,27
139,454965.0,EXEC,128,27
140,454975.0,WRITE,128,27
141,454985.0,FETCH,128,28
142,454995.0,CAPTURE,128,28
143,455005.0,REDUCE,128,28
144,455015.0,EXEC,128,28
145,455025.0,WRITE,128,28
146,455035.0,FETCH,128,29
147,455045.0,CAPTURE,128,29
148,455055.0,REDUCE,128,29
149,455065.0,EXEC,128,29
150,455075.0,WRITE,128,29
151,455085.0,FETCH,128,30
152,455095.0,CAPTURE,128,30
153,455105.0,REDUCE,128,30
154,455115.0,EXEC,128,30
155,455125.0,WRITE,128,30
156,455135.0,FETCH,128,31
157,455145.0,CAPTURE,128,31
158,455155.0,REDUCE,128,31
159,455165.0,EXEC,128,31
160,455175.0,WRITE,128,31
161,455185.0,FETCH,128,32
162,455195.0,CAPTURE,128,32
163,455205.0,REDUCE,128,32
164,455215.0,EXEC,128,32
165,455225.0,WRITE,128,32
166,455235.0,FETCH,128,33
167,455245.0,CAPTURE,128,33
168,455255.0,REDUCE,128,33
169,455265.0,EXEC,128,33
170,455275.0,WRITE,128,33
171,455285.0,FETCH,128,34
172,455295.0,CAPTURE,128,34
173,455305.0,REDUCE,128,34
174,455315.0,EXEC,128,34
175,455325.0,WRITE,128,34
176,455335.0,FETCH,128,35
177,455345.0,CAPTURE,128,35
178,455355.0,REDUCE,128,35
179,455365.0,EXEC,128,35
180,455375.0,WRITE,128,35
181,455385.0,FETCH,128,36
182,455395.0,CAPTURE,128,36
183,455405.0,REDUCE,128,36
184,455415.0,EXEC,128,36
185,455425.0,WRITE,128,36
186,455435.0,FETCH,128,37
187,455445.0,CAPTURE,128,37
188,455455.0,REDUCE,128,37
189,455465.0,EXEC,128,37
190,455475.0,WRITE,128,37
191,455485.0,FETCH,128,38
192,455495.0,CAPTURE,128,38
193,455505.0,REDUCE,128,38
194,455515.0,EXEC,128,38
195,455525.0,WRITE,128,38
196,455535.0,FETCH,128,39
197,455545.0,CAPTURE,128,39
198,455555.0,REDUCE,128,39
199,455565.0,EXEC,128,39
200,455575.0,WRITE,128,39
201,455585.0,FETCH,128,40
202,455595.0,CAPTURE,128,40
203,455605.0,REDUCE,128,40
204,455615.0,EXEC,128,40
205,455625.0,WRITE,128,40
206,455635.0,FETCH,128,41
207,455645.0,CAPTURE,128,41
208,455655.0,REDUCE,128,41
209,455665.0,EXEC,128,41
210,455675.0,WRITE,128,41
211,455685.0,FETCH,128,42
212,455695.0,CAPTURE,128,42
213,455705.0,REDUCE,128,42
214,455715.0,EXEC,128,42
215,455725.0,WRITE,128,42
216,455735.0,FETCH,128,43
217,455745.0,CAPTURE,128,43
218,455755.0,REDUCE,128,43
219,455765.0,EXEC,128,43
220,455775.0,WRITE,128,43
221,455785.0,FETCH,128,44
222,455795.0,CAPTURE,128,44
223,455805.0,REDUCE,128,44
224,455815.0,EXEC,128,44
225,455825.0,WRITE,128,44
226,455835.0,FETCH,128,45
227,455845.0,CAPTURE,128,45
228,455855.0,REDUCE,128,45
229,455865.0,EXEC,128,45
230,455875.0,WRITE,128,45
231,455885.0,FETCH,128,46
232,455895.0,CAPTURE,128,46
233,455905.0,REDUCE,128,46
234,455915.0,EXEC,128,46
235,455925.0,WRITE,128,46
236,455935.0,FETCH,128,47
237,455945.0,CAPTURE,128,47
238,455955.0,REDUCE,128,47
239,455965.0,EXEC,128,47
240,455975.0,WRITE,128,47
241,455985.0,FETCH,128,48
242,455995.0,CAPTURE,128,48
243,456005.0,REDUCE,128,48
244,456015.0,EXEC,128,48
245,456025.0,WRITE,128,48
246,456035.0,FETCH,128,49
247,456045.0,CAPTURE,128,49
248,456055.0,REDUCE,128,49
249,456065.0,EXEC,128,49
250,456075.0,WRITE,128,49
251,456085.0,FETCH,128,50
252,456095.0,CAPTURE,128,50
253,456105.0,REDUCE,128,50
254,456115.0,EXEC,128,50
255,456125.0,WRITE,128,50
256,456135.0,FETCH,128,51
257,456145.0,CAPTURE,128,51
258,456155.0,REDUCE,128,51
259,456165.0,EXEC,128,51
260,456175.0,WRITE,128,51
261,456185.0,FETCH,128,52
262,456195.0,CAPTURE,128,52
263,456205.0,REDUCE,128,52
264,456215.0,EXEC,128,52
265,456225.0,WRITE,128,52
266,456235.0,FETCH,128,53
267,456245.0,CAPTURE,128,53
268,456255.0,REDUCE,128,53
269,456265.0,EXEC,128,53
270,456275.0,WRITE,128,53
271,456285.0,FETCH,128,54
272,456295.0,CAPTURE,128,54
273,456305.0,REDUCE,128,54
274,456315.0,EXEC,128,54
275,456325.0,WRITE,128,54
276,456335.0,FETCH,128,55
277,456345.0,CAPTURE,128,55
278,456355.0,REDUCE,128,55
279,456365.0,EXEC,128,55
280,456375.0,WRITE,128,55
281,456385.0,FETCH,128,56
282,456395.0,CAPTURE,128,56
283,456405.0,REDUCE,128,56
284,456415.0,EXEC,128,56
285,456425.0,WRITE,128,56
286,456435.0,FETCH,128,57
287,456445.0,CAPTURE,128,57
288,456455.0,REDUCE,128,57
289,456465.0,EXEC,128,57
290,456475.0,WRITE,128,57
291,456485.0,FETCH,128,58
292,456495.0,CAPTURE,128,58
293,456505.0,REDUCE,128,58
294,456515.0,EXEC,128,58
295,456525.0,WRITE,128,58
296,456535.0,FETCH,128,59
297,456545.0,CAPTURE,128,59
298,456555.0,REDUCE,128,59
299,456565.0,EXEC,128,59
300,456575.0,WRITE,128,59
301,456585.0,FETCH,128,60
302,456595.0,CAPTURE,128,60
303,456605.0,REDUCE,128,60
304,456615.0,EXEC,128,60
305,456625.0,WRITE,128,60
306,456635.0,FETCH,128,61
307,456645.0,CAPTURE,128,61
308,456655.0,REDUCE,128,61
309,456665.0,EXEC,128,61
310,456675.0,WRITE,128,61
311,456685.0,FETCH,128,62
312,456695.0,CAPTURE,128,62
313,456705.0,REDUCE,128,62
314,456715.0,EXEC,128,62
315,456725.0,WRITE,128,62
316,456735.0,FETCH,128,63
317,456745.0,CAPTURE,128,63
318,456755.0,REDUCE,128,63
319,456765.0,EXEC,128,63
320,456775.0,WRITE,128,63
321,456785.0,FETCH,128,64
322,456795.0,CAPTURE,128,64
323,456805.0,REDUCE,128,64
324,456815.0,EXEC,128,64
325,456825.0,WRITE,128,64
326,456835.0,FETCH,128,65
327,456845.0,CAPTURE,128,65
328,456855.0,REDUCE,128,65
329,456865.0,EXEC,128,65
330,456875.0,WRITE,128,65
331,456885.0,FETCH,128,66
332,456895.0,CAPTURE,128,66
333,456905.0,REDUCE,128,66
334,456915.0,EXEC,128,66
335,456925.0,WRITE,128,66
336,456935.0,FETCH,128,67
337,456945.0,CAPTURE,128,67
338,456955.0,REDUCE,128,67
339,456965.0,EXEC,128,67
340,456975.0,WRITE,128,67
341,456985.0,FETCH,128,68
342,456995.0,CAPTURE,128,68
343,457005.0,REDUCE,128,68
344,457015.0,EXEC,128,68
345,457025.0,WRITE,128,68
346,457035.0,FETCH,128,69
347,457045.0,CAPTURE,128,69
348,457055.0,REDUCE,128,69
349,457065.0,EXEC,128,69
350,457075.0,WRITE,128,69
351,457085.0,FETCH,128,70
352,457095.0,CAPTURE,128,70
353,457105.0,REDUCE,128,70
354,457115.0,EXEC,128,70
355,457125.0,WRITE,128,70
356,457135.0,FETCH,128,71
357,457145.0,CAPTURE,128,71
358,457155.0,REDUCE,128,71
359,457165.0,EXEC,128,71
360,457175.0,WRITE,128,71
361,457185.0,FETCH,128,72
362,457195.0,CAPTURE,128,72
363,457205.0,REDUCE,128,72
364,457215.0,EXEC,128,72
365,457225.0,WRITE,128,72
366,457235.0,FETCH,128,73
367,457245.0,CAPTURE,128,73
368,457255.0,REDUCE,128,73
369,457265.0,EXEC,128,73
370,457275.0,WRITE,128,73
371,457285.0,FETCH,128,74
372,457295.0,CAPTURE,128,74
373,457305.0,REDUCE,128,74
374,457315.0,EXEC,128,74
375,457325.0,WRITE,128,74
376,457335.0,FETCH,128,75
377,457345.0,CAPTURE,128,75
378,457355.0,REDUCE,128,75
379,457365.0,EXEC,128,75
380,457375.0,WRITE,128,75
381,457385.0,FETCH,128,76
382,457395.0,CAPTURE,128,76
383,457405.0,REDUCE,128,76
384,457415.0,EXEC,128,76
385,457425.0,WRITE,128,76
386,457435.0,FETCH,128,77
387,457445.0,CAPTURE,128,77
388,457455.0,REDUCE,128,77
389,457465.0,EXEC,128,77
390,457475.0,WRITE,128,77
391,457485.0,FETCH,128,78
392,457495.0,CAPTURE,128,78
393,457505.0,REDUCE,128,78
394,457515.0,EXEC,128,78
395,457525.0,WRITE,128,78
396,457535.0,FETCH,128,79
397,457545.0,CAPTURE,128,79
398,457555.0,REDUCE,128,79
399,457565.0,EXEC,128,79
400,457575.0,WRITE,128,79
401,457585.0,FETCH,128,80
402,457595.0,CAPTURE,128,80
403,457605.0,REDUCE,128,80
404,457615.0,EXEC,128,80
405,457625.0,WRITE,128,80
406,457635.0,FETCH,128,81
407,457645.0,CAPTURE,128,81
408,457655.0,REDUCE,128,81
409,457665.0,EXEC,128,81
410,457675.0,WRITE,128,81
411,457685.0,FETCH,128,82
412,457695.0,CAPTURE,128,82
413,457705.0,REDUCE,128,82
414,457715.0,EXEC,128,82
415,457725.0,WRITE,128,82
416,457735.0,FETCH,128,83
417,457745.0,CAPTURE,128,83
418,457755.0,REDUCE,128,83
419,457765.0,EXEC,128,83
420,457775.0,WRITE,128,83
421,457785.0,FETCH,128,84
422,457795.0,CAPTURE,128,84
423,457805.0,REDUCE,128,84
424,457815.0,EXEC,128,84
425,457825.0,WRITE,128,84
426,457835.0,FETCH,128,85
427,457845.0,CAPTURE,128,85
428,457855.0,REDUCE,128,85
429,457865.0,EXEC,128,85
430,457875.0,WRITE,128,85
431,457885.0,FETCH,128,86
432,457895.0,CAPTURE,128,86
433,457905.0,REDUCE,128,86
434,457915.0,EXEC,128,86
435,457925.0,WRITE,128,86
436,457935.0,FETCH,128,87
437,457945.0,CAPTURE,128,87
438,457955.0,REDUCE,128,87
439,457965.0,EXEC,128,87
440,457975.0,WRITE,128,87
441,457985.0,FETCH,128,88
442,457995.0,CAPTURE,128,88
443,458005.0,REDUCE,128,88
444,458015.0,EXEC,128,88
445,458025.0,WRITE,128,88
446,458035.0,FETCH,128,89
447,458045.0,CAPTURE,128,89
448,458055.0,REDUCE,128,89
449,458065.0,EXEC,128,89
450,458075.0,WRITE,128,89
451,458085.0,FETCH,128,90
452,458095.0,CAPTURE,128,90
453,458105.0,REDUCE,128,90
454,458115.0,EXEC,128,90
455,458125.0,WRITE,128,90
456,458135.0,FETCH,128,91
457,458145.0,CAPTURE,128,91
458,458155.0,REDUCE,128,91
459,458165.0,EXEC,128,91
460,458175.0,WRITE,128,91
461,458185.0,FETCH,128,92
462,458195.0,CAPTURE,128,92
463,458205.0,REDUCE,128,92
464,458215.0,EXEC,128,92
465,458225.0,WRITE,128,92
466,458235.0,FETCH,128,93
467,458245.0,CAPTURE,128,93
468,458255.0,REDUCE,128,93
469,458265.0,EXEC,128,93
470,458275.0,WRITE,128,93
471,458285.0,FETCH,128,94
472,458295.0,CAPTURE,128,94
473,458305.0,REDUCE,128,94
474,458315.0,EXEC,128,94
475,458325.0,WRITE,128,94
476,458335.0,FETCH,128,95
477,458345.0,CAPTURE,128,95
478,458355.0,REDUCE,128,95
479,458365.0,EXEC,128,95
480,458375.0,WRITE,128,95
481,458385.0,FETCH,128,96
482,458395.0,CAPTURE,128,96
483,458405.0,REDUCE,128,96
484,458415.0,EXEC,128,96
485,458425.0,WRITE,128,96
486,458435.0,FETCH,128,97
487,458445.0,CAPTURE,128,97
488,458455.0,REDUCE,128,97
489,458465.0,EXEC,128,97
490,458475.0,WRITE,128,97
491,458485.0,FETCH,128,98
492,458495.0,CAPTURE,128,98
493,458505.0,REDUCE,128,98
494,458515.0,EXEC,128,98
495,458525.0,WRITE,128,98
496,458535.0,FETCH,128,99
497,458545.0,CAPTURE,128,99
498,458555.0,REDUCE,128,99
499,458565.0,EXEC,128,99
500,458575.0,WRITE,128,99
501,458585.0,FETCH,128,100
502,458595.0,CAPTURE,128,100
503,458605.0,REDUCE,128,100
504,458615.0,EXEC,128,100
505,458625.0,WRITE,128,100
506,458635.0,FETCH,128,101
507,458645.0,CAPTURE,128,101
508,458655.0,REDUCE,128,101
509,458665.0,EXEC,128,101
510,458675.0,WRITE,128,101
511,458685.0,FETCH,128,102
512,458695.0,CAPTURE,128,102
513,458705.0,REDUCE,128,102
514,458715.0,EXEC,128,102
515,458725.0,WRITE,128,102
516,458735.0,FETCH,128,103
517,458745.0,CAPTURE,128,103
518,458755.0,REDUCE,128,103
519,458765.0,EXEC,128,103
520,458775.0,WRITE,128,103
521,458785.0,FETCH,128,104
522,458795.0,CAPTURE,128,104
523,458805.0,REDUCE,128,104
524,458815.0,EXEC,128,104
525,458825.0,WRITE,128,104
526,458835.0,FETCH,128,105
527,458845.0,CAPTURE,128,105
528,458855.0,REDUCE,128,105
529,458865.0,EXEC,128,105
530,458875.0,WRITE,128,105
531,458885.0,FETCH,128,106
532,458895.0,CAPTURE,128,106
533,458905.0,REDUCE,128,106
534,458915.0,EXEC,128,106
535,458925.0,WRITE,128,106
536,458935.0,FETCH,128,107
537,458945.0,CAPTURE,128,107
538,458955.0,REDUCE,128,107
539,458965.0,EXEC,128,107
540,458975.0,WRITE,128,107
541,458985.0,FETCH,128,108
542,458995.0,CAPTURE,128,108
543,459005.0,REDUCE,128,108
544,459015.0,EXEC,128,108
545,459025.0,WRITE,128,108
546,459035.0,FETCH,128,109
547,459045.0,CAPTURE,128,109
548,459055.0,REDUCE,128,109
549,459065.0,EXEC,128,109
550,459075.0,WRITE,128,109
551,459085.0,FETCH,128,110
552,459095.0,CAPTURE,128,110
553,459105.0,REDUCE,128,110
554,459115.0,EXEC,128,110
555,459125.0,WRITE,128,110
556,459135.0,FETCH,128,111
557,459145.0,CAPTURE,128,111
558,459155.0,REDUCE,128,111
559,459165.0,EXEC,128,111
560,459175.0,WRITE,128,111
561,459185.0,FETCH,128,112
562,459195.0,CAPTURE,128,112
563,459205.0,REDUCE,128,112
564,459215.0,EXEC,128,112
565,459225.0,WRITE,128,112
566,459235.0,FETCH,128,113
567,459245.0,CAPTURE,128,113
568,459255.0,REDUCE,128,113
569,459265.0,EXEC,128,113
570,459275.0,WRITE,128,113
571,459285.0,FETCH,128,114
572,459295.0,CAPTURE,128,114
573,459305.0,REDUCE,128,114
574,459315.0,EXEC,128,114
575,459325.0,WRITE,128,114
576,459335.0,FETCH,128,115
577,459345.0,CAPTURE,128,115
578,459355.0,REDUCE,128,115
579,459365.0,EXEC,128,115
580,459375.0,WRITE,128,115
581,459385.0,FETCH,128,116
582,459395.0,CAPTURE,128,116
583,459405.0,REDUCE,128,116
584,459415.0,EXEC,128,116
585,459425.0,WRITE,128,116
586,459435.0,FETCH,128,117
587,459445.0,CAPTURE,128,117
588,459455.0,REDUCE,128,117
589,459465.0,EXEC,128,117
590,459475.0,WRITE,128,117
591,459485.0,FETCH,128,118
592,459495.0,CAPTURE,128,118
593,459505.0,REDUCE,128,118
594,459515.0,EXEC,128,118
595,459525.0,WRITE,128,118
596,459535.0,FETCH,128,119
597,459545.0,CAPTURE,128,119
598,459555.0,REDUCE,128,119
599,459565.0,EXEC,128,119
600,459575.0,WRITE,128,119
601,459585.0,FETCH,128,120
602,459595.0,CAPTURE,128,120
603,459605.0,REDUCE,128,120
604,459615.0,EXEC,128,120
605,459625.0,WRITE,128,120
606,459635.0,FETCH,128,121
607,459645.0,CAPTURE,128,121
608,459655.0,REDUCE,128,121
609,459665.0,EXEC,128,121
610,459675.0,WRITE,128,121
611,459685.0,FETCH,128,122
612,459695.0,CAPTURE,128,122
613,459705.0,REDUCE,128,122
614,459715.0,EXEC,128,122
615,459725.0,WRITE,128,122
616,459735.0,FETCH,128,123
617,459745.0,CAPTURE,128,123
618,459755.0,REDUCE,128,123
619,459765.0,EXEC,128,123
620,459775.0,WRITE,128,123
621,459785.0,FETCH,128,124
622,459795.0,CAPTURE,128,124
623,459805.0,REDUCE,128,124
624,459815.0,EXEC,128,124
625,459825.0,WRITE,128,124
626,459835.0,FETCH,128,125
627,459845.0,CAPTURE,128,125
628,459855.0,REDUCE,128,125
629,459865.0,EXEC,128,125
630,459875.0,WRITE,128,125
631,459885.0,FETCH,128,126
632,459895.0,CAPTURE,128,126
633,459905.0,REDUCE,128,126
634,459915.0,EXEC,128,126
635,459925.0,WRITE,128,126
636,459935.0,FETCH,128,127
637,459945.0,CAPTURE,128,127
638,459955.0,REDUCE,128,127
639,459965.0,EXEC,128,127
640,459975.0,WRITE,128,127
641,459985.0,FETCH,64,0
642,459995.0,CAPTURE,64,0
643,460005.0,REDUCE,64,0
644,460015.0,EXEC,64,0
645,460025.0,WRITE,64,0
646,460035.0,FETCH,64,1
647,460045.0,CAPTURE,64,1
648,460055.0,REDUCE,64,1
649,460065.0,EXEC,64,1
650,460075.0,WRITE,64,1
651,460085.0,FETCH,64,2
652,460095.0,CAPTURE,64,2
653,460105.0,REDUCE,64,2
654,460115.0,EXEC,64,2
655,460125.0,WRITE,64,2
656,460135.0,FETCH,64,3
657,460145.0,CAPTURE,64,3
658,460155.0,REDUCE,64,3
659,460165.0,EXEC,64,3
660,460175.0,WRITE,64,3
661,460185.0,FETCH,64,4
662,460195.0,CAPTURE,64,4
663,460205.0,REDUCE,64,4
664,460215.0,EXEC,64,4
665,460225.0,WRITE,64,4
666,460235.0,FETCH,64,5
667,460245.0,CAPTURE,64,5
668,460255.0,REDUCE,64,5
669,460265.0,EXEC,64,5
670,460275.0,WRITE,64,5
671,460285.0,FETCH,64,6
672,460295.0,CAPTURE,64,6
673,460305.0,REDUCE,64,6
674,460315.0,EXEC,64,6
675,460325.0,WRITE,64,6
676,460335.0,FETCH,64,7
677,460345.0,CAPTURE,64,7
678,460355.0,REDUCE,64,7
679,460365.0,EXEC,64,7
680,460375.0,WRITE,64,7
681,460385.0,FETCH,64,8
682,460395.0,CAPTURE,64,8
683,460405.0,REDUCE,64,8
684,460415.0,EXEC,64,8
685,460425.0,WRITE,64,8
686,460435.0,FETCH,64,9
687,460445.0,CAPTURE,64,9
688,460455.0,REDUCE,64,9
689,460465.0,EXEC,64,9
690,460475.0,WRITE,64,9
691,460485.0,FETCH,64,10
692,460495.0,CAPTURE,64,10
693,460505.0,REDUCE,64,10
694,460515.0,EXEC,64,10
695,460525.0,WRITE,64,10
696,460535.0,FETCH,64,11
697,460545.0,CAPTURE,64,11
698,460555.0,REDUCE,64,11
699,460565.0,EXEC,64,11
700,460575.0,WRITE,64,11
701,460585.0,FETCH,64,12
702,460595.0,CAPTURE,64,12
703,460605.0,REDUCE,64,12
704,460615.0,EXEC,64,12
705,460625.0,WRITE,64,12
706,460635.0,FETCH,64,13
707,460645.0,CAPTURE,64,13
708,460655.0,REDUCE,64,13
709,460665.0,EXEC,64,13
710,460675.0,WRITE,64,13
711,460685.0,FETCH,64,14
712,460695.0,CAPTURE,64,14
713,460705.0,REDUCE,64,14
714,460715.0,EXEC,64,14
715,460725.0,WRITE,64,14
716,460735.0,FETCH,64,15
717,460745.0,CAPTURE,64,15
718,460755.0,REDUCE,64,15
719,460765.0,EXEC,64,15
720,460775.0,WRITE,64,15
721,460785.0,FETCH,64,16
722,460795.0,CAPTURE,64,16
723,460805.0,REDUCE,64,16
724,460815.0,EXEC,64,16
725,460825.0,WRITE,64,16
726,460835.0,FETCH,64,17
727,460845.0,CAPTURE,64,17
728,460855.0,REDUCE,64,17
729,460865.0,EXEC,64,17
730,460875.0,WRITE,64,17
731,460885.0,FETCH,64,18
732,460895.0,CAPTURE,64,18
733,460905.0,REDUCE,64,18
734,460915.0,EXEC,64,18
735,460925.0,WRITE,64,18
736,460935.0,FETCH,64,19
737,460945.0,CAPTURE,64,19
738,460955.0,REDUCE,64,19
739,460965.0,EXEC,64,19
740,460975.0,WRITE,64,19
741,460985.0,FETCH,64,20
742,460995.0,CAPTURE,64,20
743,461005.0,REDUCE,64,20
744,461015.0,EXEC,64,20
745,461025.0,WRITE,64,20
746,461035.0,FETCH,64,21
747,461045.0,CAPTURE,64,21
748,461055.0,REDUCE,64,21
749,461065.0,EXEC,64,21
750,461075.0,WRITE,64,21
751,461085.0,FETCH,64,22
752,461095.0,CAPTURE,64,22
753,461105.0,REDUCE,64,22
754,461115.0,EXEC,64,22
755,461125.0,WRITE,64,22
756,461135.0,FETCH,64,23
757,461145.0,CAPTURE,64,23
758,461155.0,REDUCE,64,23
759,461165.0,EXEC,64,23
760,461175.0,WRITE,64,23
761,461185.0,FETCH,64,24
762,461195.0,CAPTURE,64,24
763,461205.0,REDUCE,64,24
764,461215.0,EXEC,64,24
765,461225.0,WRITE,64,24
766,461235.0,FETCH,64,25
767,461245.0,CAPTURE,64,25
768,461255.0,REDUCE,64,25
769,461265.0,EXEC,64,25
770,461275.0,WRITE,64,25
771,461285.0,FETCH,64,26
772,461295.0,CAPTURE,64,26
773,461305.0,REDUCE,64,26
774,461315.0,EXEC,64,26
775,461325.0,WRITE,64,26
776,461335.0,FETCH,64,27
777,461345.0,CAPTURE,64,27
778,461355.0,REDUCE,64,27
779,461365.0,EXEC,64,27
780,461375.0,WRITE,64,27
781,461385.0,FETCH,64,28
782,461395.0,CAPTURE,64,28
783,461405.0,REDUCE,64,28
784,461415.0,EXEC,64,28
785,461425.0,WRITE,64,28
786,461435.0,FETCH,64,29
787,461445.0,CAPTURE,64,29
788,461455.0,REDUCE,64,29
789,461465.0,EXEC,64,29
790,461475.0,WRITE,64,29
791,461485.0,FETCH,64,30
792,461495.0,CAPTURE,64,30
793,461505.0,REDUCE,64,30
794,461515.0,EXEC,64,30
795,461525.0,WRITE,64,30
796,461535.0,FETCH,64,31
797,461545.0,CAPTURE,64,31
798,461555.0,REDUCE,64,31
799,461565.0,EXEC,64,31
800,461575.0,WRITE,64,31
801,461585.0,FETCH,64,32
802,461595.0,CAPTURE,64,32
803,461605.0,REDUCE,64,32
804,461615.0,EXEC,64,32
805,461625.0,WRITE,64,32
806,461635.0,FETCH,64,33
807,461645.0,CAPTURE,64,33
808,461655.0,REDUCE,64,33
809,461665.0,EXEC,64,33
810,461675.0,WRITE,64,33
811,461685.0,FETCH,64,34
812,461695.0,CAPTURE,64,34
813,461705.0,REDUCE,64,34
814,461715.0,EXEC,64,34
815,461725.0,WRITE,64,34
816,461735.0,FETCH,64,35
817,461745.0,CAPTURE,64,35
818,461755.0,REDUCE,64,35
819,461765.0,EXEC,64,35
820,461775.0,WRITE,64,35
821,461785.0,FETCH,64,36
822,461795.0,CAPTURE,64,36
823,461805.0,REDUCE,64,36
824,461815.0,EXEC,64,36
825,461825.0,WRITE,64,36
826,461835.0,FETCH,64,37
827,461845.0,CAPTURE,64,37
828,461855.0,REDUCE,64,37
829,461865.0,EXEC,64,37
830,461875.0,WRITE,64,37
831,461885.0,FETCH,64,38
832,461895.0,CAPTURE,64,38
833,461905.0,REDUCE,64,38
834,461915.0,EXEC,64,38
835,461925.0,WRITE,64,38
836,461935.0,FETCH,64,39
837,461945.0,CAPTURE,64,39
838,461955.0,REDUCE,64,39
839,461965.0,EXEC,64,39
840,461975.0,WRITE,64,39
841,461985.0,FETCH,64,40
842,461995.0,CAPTURE,64,40
843,462005.0,REDUCE,64,40
844,462015.0,EXEC,64,40
845,462025.0,WRITE,64,40
846,462035.0,FETCH,64,41
847,462045.0,CAPTURE,64,41
848,462055.0,REDUCE,64,41
849,462065.0,EXEC,64,41
850,462075.0,WRITE,64,41
851,462085.0,FETCH,64,42
852,462095.0,CAPTURE,64,42
853,462105.0,REDUCE,64,42
854,462115.0,EXEC,64,42
855,462125.0,WRITE,64,42
856,462135.0,FETCH,64,43
857,462145.0,CAPTURE,64,43
858,462155.0,REDUCE,64,43
859,462165.0,EXEC,64,43
860,462175.0,WRITE,64,43
861,462185.0,FETCH,64,44
862,462195.0,CAPTURE,64,44
863,462205.0,REDUCE,64,44
864,462215.0,EXEC,64,44
865,462225.0,WRITE,64,44
866,462235.0,FETCH,64,45
867,462245.0,CAPTURE,64,45
868,462255.0,REDUCE,64,45
869,462265.0,EXEC,64,45
870,462275.0,WRITE,64,45
871,462285.0,FETCH,64,46
872,462295.0,CAPTURE,64,46
873,462305.0,REDUCE,64,46
874,462315.0,EXEC,64,46
875,462325.0,WRITE,64,46
876,462335.0,FETCH,64,47
877,462345.0,CAPTURE,64,47
878,462355.0,REDUCE,64,47
879,462365.0,EXEC,64,47
880,462375.0,WRITE,64,47
881,462385.0,FETCH,64,48
882,462395.0,CAPTURE,64,48
883,462405.0,REDUCE,64,48
884,462415.0,EXEC,64,48
885,462425.0,WRITE,64,48
886,462435.0,FETCH,64,49
887,462445.0,CAPTURE,64,49
888,462455.0,REDUCE,64,49
889,462465.0,EXEC,64,49
890,462475.0,WRITE,64,49
891,462485.0,FETCH,64,50
892,462495.0,CAPTURE,64,50
893,462505.0,REDUCE,64,50
894,462515.0,EXEC,64,50
895,462525.0,WRITE,64,50
896,462535.0,FETCH,64,51
897,462545.0,CAPTURE,64,51
898,462555.0,REDUCE,64,51
899,462565.0,EXEC,64,51
900,462575.0,WRITE,64,51
901,462585.0,FETCH,64,52
902,462595.0,CAPTURE,64,52
903,462605.0,REDUCE,64,52
904,462615.0,EXEC,64,52
905,462625.0,WRITE,64,52
906,462635.0,FETCH,64,53
907,462645.0,CAPTURE,64,53
908,462655.0,REDUCE,64,53
909,462665.0,EXEC,64,53
910,462675.0,WRITE,64,53
911,462685.0,FETCH,64,54
912,462695.0,CAPTURE,64,54
913,462705.0,REDUCE,64,54
914,462715.0,EXEC,64,54
915,462725.0,WRITE,64,54
916,462735.0,FETCH,64,55
917,462745.0,CAPTURE,64,55
918,462755.0,REDUCE,64,55
919,462765.0,EXEC,64,55
920,462775.0,WRITE,64,55
921,462785.0,FETCH,64,56
922,462795.0,CAPTURE,64,56
923,462805.0,REDUCE,64,56
924,462815.0,EXEC,64,56
925,462825.0,WRITE,64,56
926,462835.0,FETCH,64,57
927,462845.0,CAPTURE,64,57
928,462855.0,REDUCE,64,57
929,462865.0,EXEC,64,57
930,462875.0,WRITE,64,57
931,462885.0,FETCH,64,58
932,462895.0,CAPTURE,64,58
933,462905.0,REDUCE,64,58
934,462915.0,EXEC,64,58
935,462925.0,WRITE,64,58
936,462935.0,FETCH,64,59
937,462945.0,CAPTURE,64,59
938,462955.0,REDUCE,64,59
939,462965.0,EXEC,64,59
940,462975.0,WRITE,64,59
941,462985.0,FETCH,64,60
942,462995.0,CAPTURE,64,60
943,463005.0,REDUCE,64,60
944,463015.0,EXEC,64,60
945,463025.0,WRITE,64,60
946,463035.0,FETCH,64,61
947,463045.0,CAPTURE,64,61
948,463055.0,REDUCE,64,61
949,463065.0,EXEC,64,61
950,463075.0,WRITE,64,61
951,463085.0,FETCH,64,62
952,463095.0,CAPTURE,64,62
953,463105.0,REDUCE,64,62
954,463115.0,EXEC,64,62
955,463125.0,WRITE,64,62
956,463135.0,FETCH,64,63
957,463145.0,CAPTURE,64,63
958,463155.0,REDUCE,64,63
959,463165.0,EXEC,64,63
960,463175.0,WRITE,64,63
961,463185.0,FETCH,64,128
962,463195.0,CAPTURE,64,128
963,463205.0,REDUCE,64,128
964,463215.0,EXEC,64,128
965,463225.0,WRITE,64,128
966,463235.0,FETCH,64,129
967,463245.0,CAPTURE,64,129
968,463255.0,REDUCE,64,129
969,463265.0,EXEC,64,129
970,463275.0,WRITE,64,129
971,463285.0,FETCH,64,130
972,463295.0,CAPTURE,64,130
973,463305.0,REDUCE,64,130
974,463315.0,EXEC,64,130
975,463325.0,WRITE,64,130
976,463335.0,FETCH,64,131
977,463345.0,CAPTURE,64,131
978,463355.0,REDUCE,64,131
979,463365.0,EXEC,64,131
980,463375.0,WRITE,64,131
981,463385.0,FETCH,64,132
982,463395.0,CAPTURE,64,132
983,463405.0,REDUCE,64,132
984,463415.0,EXEC,64,132
985,463425.0,WRITE,64,132
986,463435.0,FETCH,64,133
987,463445.0,CAPTURE,64,133
988,463455.0,REDUCE,64,133
989,463465.0,EXEC,64,133
990,463475.0,WRITE,64,133
991,463485.0,FETCH,64,134
992,463495.0,CAPTURE,64,134
993,463505.0,REDUCE,64,134
994,463515.0,EXEC,64,134
995,463525.0,WRITE,64,134
996,463535.0,FETCH,64,135
997,463545.0,CAPTURE,64,135
998,463555.0,REDUCE,64,135
999,463565.0,EXEC,64,135
1000,463575.0,WRITE,64,135
1001,463585.0,FETCH,64,136
1002,463595.0,CAPTURE,64,136
1003,463605.0,REDUCE,64,136
1004,463615.0,EXEC,64,136
1005,463625.0,WRITE,64,136
1006,463635.0,FETCH,64,137
1007,463645.0,CAPTURE,64,137
1008,463655.0,REDUCE,64,137
1009,463665.0,EXEC,64,137
1010,463675.0,WRITE,64,137
1011,463685.0,FETCH,64,138
1012,463695.0,CAPTURE,64,138
1013,463705.0,REDUCE,64,138
1014,463715.0,EXEC,64,138
1015,463725.0,WRITE,64,138
1016,463735.0,FETCH,64,139
1017,463745.0,CAPTURE,64,139
1018,463755.0,REDUCE,64,139
1019,463765.0,EXEC,64,139
1020,463775.0,WRITE,64,139
1021,463785.0,FETCH,64,140
1022,463795.0,CAPTURE,64,140
1023,463805.0,REDUCE,64,140
1024,463815.0,EXEC,64,140
1025,463825.0,WRITE,64,140
1026,463835.0,FETCH,64,141
1027,463845.0,CAPTURE,64,141
1028,463855.0,REDUCE,64,141
1029,463865.0,EXEC,64,141
1030,463875.0,WRITE,64,141
1031,463885.0,FETCH,64,142
1032,463895.0,CAPTURE,64,142
1033,463905.0,REDUCE,64,142
1034,463915.0,EXEC,64,142
1035,463925.0,WRITE,64,142
1036,463935.0,FETCH,64,143
1037,463945.0,CAPTURE,64,143
1038,463955.0,REDUCE,64,143
1039,463965.0,EXEC,64,143
1040,463975.0,WRITE,64,143
1041,463985.0,FETCH,64,144
1042,463995.0,CAPTURE,64,144
1043,464005.0,REDUCE,64,144
1044,464015.0,EXEC,64,144
1045,464025.0,WRITE,64,144
1046,464035.0,FETCH,64,145
1047,464045.0,CAPTURE,64,145
1048,464055.0,REDUCE,64,145
1049,464065.0,EXEC,64,145
1050,464075.0,WRITE,64,145
1051,464085.0,FETCH,64,146
1052,464095.0,CAPTURE,64,146
1053,464105.0,REDUCE,64,146
1054,464115.0,EXEC,64,146
1055,464125.0,WRITE,64,146
1056,464135.0,FETCH,64,147
1057,464145.0,CAPTURE,64,147
1058,464155.0,REDUCE,64,147
1059,464165.0,EXEC,64,147
1060,464175.0,WRITE,64,147
1061,464185.0,FETCH,64,148
1062,464195.0,CAPTURE,64,148
1063,464205.0,REDUCE,64,148
1064,464215.0,EXEC,64,148
1065,464225.0,WRITE,64,148
1066,464235.0,FETCH,64,149
1067,464245.0,CAPTURE,64,149
1068,464255.0,REDUCE,64,149
1069,464265.0,EXEC,64,149
1070,464275.0,WRITE,64,149
1071,464285.0,FETCH,64,150
1072,464295.0,CAPTURE,64,150
1073,464305.0,REDUCE,64,150
1074,464315.0,EXEC,64,150
1075,464325.0,WRITE,64,150
1076,464335.0,FETCH,64,151
1077,464345.0,CAPTURE,64,151
1078,464355.0,REDUCE,64,151
1079,464365.0,EXEC,64,151
1080,464375.0,WRITE,64,151
1081,464385.0,FETCH,64,152
1082,464395.0,CAPTURE,64,152
1083,464405.0,REDUCE,64,152
1084,464415.0,EXEC,64,152
1085,464425.0,WRITE,64,152
1086,464435.0,FETCH,64,153
1087,464445.0,CAPTURE,64,153
1088,464455.0,REDUCE,64,153
1089,464465.0,EXEC,64,153
1090,464475.0,WRITE,64,153
1091,464485.0,FETCH,64,154
1092,464495.0,CAPTURE,64,154
1093,464505.0,REDUCE,64,154
1094,464515.0,EXEC,64,154
1095,464525.0,WRITE,64,154
1096,464535.0,FETCH,64,155
1097,464545.0,CAPTURE,64,155
1098,464555.0,REDUCE,64,155
1099,464565.0,EXEC,64,155
1100,464575.0,WRITE,64,155
1101,464585.0,FETCH,64,156
1102,464595.0,CAPTURE,64,156
1103,464605.0,REDUCE,64,156
1104,464615.0,EXEC,64,156
1105,464625.0,WRITE,64,156
1106,464635.0,FETCH,64,157
1107,464645.0,CAPTURE,64,157
1108,464655.0,REDUCE,64,157
1109,464665.0,EXEC,64,157
1110,464675.0,WRITE,64,157
1111,464685.0,FETCH,64,158
1112,464695.0,CAPTURE,64,158
1113,464705.0,REDUCE,64,158
1114,464715.0,EXEC,64,158
1115,464725.0,WRITE,64,158
1116,464735.0,FETCH,64,159
1117,464745.0,CAPTURE,64,159
1118,464755.0,REDUCE,64,159
1119,464765.0,EXEC,64,159
1120,464775.0,WRITE,64,159
1121,464785.0,FETCH,64,160
1122,464795.0,CAPTURE,64,160
1123,464805.0,REDUCE,64,160
1124,464815.0,EXEC,64,160
1125,464825.0,WRITE,64,160
1126,464835.0,FETCH,64,161
1127,464845.0,CAPTURE,64,161
1128,464855.0,REDUCE,64,161
1129,464865.0,EXEC,64,161
1130,464875.0,WRITE,64,161
1131,464885.0,FETCH,64,162
1132,464895.0,CAPTURE,64,162
1133,464905.0,REDUCE,64,162
1134,464915.0,EXEC,64,162
1135,464925.0,WRITE,64,162
1136,464935.0,FETCH,64,163
1137,464945.0,CAPTURE,64,163
1138,464955.0,REDUCE,64,163
1139,464965.0,EXEC,64,163
1140,464975.0,WRITE,64,163
1141,464985.0,FETCH,64,164
1142,464995.0,CAPTURE,64,164
1143,465005.0,REDUCE,64,164
1144,465015.0,EXEC,64,164
1145,465025.0,WRITE,64,164
1146,465035.0,FETCH,64,165
1147,465045.0,CAPTURE,64,165
1148,465055.0,REDUCE,64,165
1149,465065.0,EXEC,64,165
1150,465075.0,WRITE,64,165
1151,465085.0,FETCH,64,166
1152,465095.0,CAPTURE,64,166
1153,465105.0,REDUCE,64,166
1154,465115.0,EXEC,64,166
1155,465125.0,WRITE,64,166
1156,465135.0,FETCH,64,167
1157,465145.0,CAPTURE,64,167
1158,465155.0,REDUCE,64,167
1159,465165.0,EXEC,64,167
1160,465175.0,WRITE,64,167
1161,465185.0,FETCH,64,168
1162,465195.0,CAPTURE,64,168
1163,465205.0,REDUCE,64,168
1164,465215.0,EXEC,64,168
1165,465225.0,WRITE,64,168
1166,465235.0,FETCH,64,169
1167,465245.0,CAPTURE,64,169
1168,465255.0,REDUCE,64,169
1169,465265.0,EXEC,64,169
1170,465275.0,WRITE,64,169
1171,465285.0,FETCH,64,170
1172,465295.0,CAPTURE,64,170
1173,465305.0,REDUCE,64,170
1174,465315.0,EXEC,64,170
1175,465325.0,WRITE,64,170
1176,465335.0,FETCH,64,171
1177,465345.0,CAPTURE,64,171
1178,465355.0,REDUCE,64,171
1179,465365.0,EXEC,64,171
1180,465375.0,WRITE,64,171
1181,465385.0,FETCH,64,172
1182,465395.0,CAPTURE,64,172
1183,465405.0,REDUCE,64,172
1184,465415.0,EXEC,64,172
1185,465425.0,WRITE,64,172
1186,465435.0,FETCH,64,173
1187,465445.0,CAPTURE,64,173
1188,465455.0,REDUCE,64,173
1189,465465.0,EXEC,64,173
1190,465475.0,WRITE,64,173
1191,465485.0,FETCH,64,174
1192,465495.0,CAPTURE,64,174
1193,465505.0,REDUCE,64,174
1194,465515.0,EXEC,64,174
1195,465525.0,WRITE,64,174
1196,465535.0,FETCH,64,175
1197,465545.0,CAPTURE,64,175
1198,465555.0,REDUCE,64,175
1199,465565.0,EXEC,64,175
1200,465575.0,WRITE,64,175
1201,465585.0,FETCH,64,176
1202,465595.0,CAPTURE,64,176
1203,465605.0,REDUCE,64,176
1204,465615.0,EXEC,64,176
1205,465625.0,WRITE,64,176
1206,465635.0,FETCH,64,177
1207,465645.0,CAPTURE,64,177
1208,465655.0,REDUCE,64,177
1209,465665.0,EXEC,64,177
1210,465675.0,WRITE,64,177
1211,465685.0,FETCH,64,178
1212,465695.0,CAPTURE,64,178
1213,465705.0,REDUCE,64,178
1214,465715.0,EXEC,64,178
1215,465725.0,WRITE,64,178
1216,465735.0,FETCH,64,179
1217,465745.0,CAPTURE,64,179
1218,465755.0,REDUCE,64,179
1219,465765.0,EXEC,64,179
1220,465775.0,WRITE,64,179
1221,465785.0,FETCH,64,180
1222,465795.0,CAPTURE,64,180
1223,465805.0,REDUCE,64,180
1224,465815.0,EXEC,64,180
1225,465825.0,WRITE,64,180
1226,465835.0,FETCH,64,181
1227,465845.0,CAPTURE,64,181
1228,465855.0,REDUCE,64,181
1229,465865.0,EXEC,64,181
1230,465875.0,WRITE,64,181
1231,465885.0,FETCH,64,182
1232,465895.0,CAPTURE,64,182
1233,465905.0,REDUCE,64,182
1234,465915.0,EXEC,64,182
1235,465925.0,WRITE,64,182
1236,465935.0,FETCH,64,183
1237,465945.0,CAPTURE,64,183
1238,465955.0,REDUCE,64,183
1239,465965.0,EXEC,64,183
1240,465975.0,WRITE,64,183
1241,465985.0,FETCH,64,184
1242,465995.0,CAPTURE,64,184
1243,466005.0,REDUCE,64,184
1244,466015.0,EXEC,64,184
1245,466025.0,WRITE,64,184
1246,466035.0,FETCH,64,185
1247,466045.0,CAPTURE,64,185
1248,466055.0,REDUCE,64,185
1249,466065.0,EXEC,64,185
1250,466075.0,WRITE,64,185
1251,466085.0,FETCH,64,186
1252,466095.0,CAPTURE,64,186
1253,466105.0,REDUCE,64,186
1254,466115.0,EXEC,64,186
1255,466125.0,WRITE,64,186
1256,466135.0,FETCH,64,187
1257,466145.0,CAPTURE,64,187
1258,466155.0,REDUCE,64,187
1259,466165.0,EXEC,64,187
1260,466175.0,WRITE,64,187
1261,466185.0,FETCH,64,188
1262,466195.0,CAPTURE,64,188
1263,466205.0,REDUCE,64,188
1264,466215.0,EXEC,64,188
1265,466225.0,WRITE,64,188
1266,466235.0,FETCH,64,189
1267,466245.0,CAPTURE,64,189
1268,466255.0,REDUCE,64,189
1269,466265.0,EXEC,64,189
1270,466275.0,WRITE,64,189
1271,466285.0,FETCH,64,190
1272,466295.0,CAPTURE,64,190
1273,466305.0,REDUCE,64,190
1274,466315.0,EXEC,64,190
1275,466325.0,WRITE,64,190
1276,466335.0,FETCH,64,191
1277,466345.0,CAPTURE,64,191
1278,466355.0,REDUCE,64,191
1279,466365.0,EXEC,64,191
1280,466375.0,WRITE,64,191
1281,466385.0,FETCH,32,0
1282,466395.0,CAPTURE,32,0
1283,466405.0,REDUCE,32,0
1284,466415.0,EXEC,32,0
1285,466425.0,WRITE,32,0
1286,466435.0,FETCH,32,1
1287,466445.0,CAPTURE,32,1
1288,466455.0,REDUCE,32,1
1289,466465.0,EXEC,32,1
1290,466475.0,WRITE,32,1
1291,466485.0,FETCH,32,2
1292,466495.0,CAPTURE,32,2
1293,466505.0,REDUCE,32,2
1294,466515.0,EXEC,32,2
1295,466525.0,WRITE,32,2
1296,466535.0,FETCH,32,3
1297,466545.0,CAPTURE,32,3
1298,466555.0,REDUCE,32,3
1299,466565.0,EXEC,32,3
1300,466575.0,WRITE,32,3
1301,466585.0,FETCH,32,4
1302,466595.0,CAPTURE,32,4
1303,466605.0,REDUCE,32,4
1304,466615.0,EXEC,32,4
1305,466625.0,WRITE,32,4
1306,466635.0,FETCH,32,5
1307,466645.0,CAPTURE,32,5
1308,466655.0,REDUCE,32,5
1309,466665.0,EXEC,32,5
1310,466675.0,WRITE,32,5
1311,466685.0,FETCH,32,6
1312,466695.0,CAPTURE,32,6
1313,466705.0,REDUCE,32,6
1314,466715.0,EXEC,32,6
1315,466725.0,WRITE,32,6
1316,466735.0,FETCH,32,7
1317,466745.0,CAPTURE,32,7
1318,466755.0,REDUCE,32,7
1319,466765.0,EXEC,32,7
1320,466775.0,WRITE,32,7
1321,466785.0,FETCH,32,8
1322,466795.0,CAPTURE,32,8
1323,466805.0,REDUCE,32,8
1324,466815.0,EXEC,32,8
1325,466825.0,WRITE,32,8
1326,466835.0,FETCH,32,9
1327,466845.0,CAPTURE,32,9
1328,466855.0,REDUCE,32,9
1329,466865.0,EXEC,32,9
1330,466875.0,WRITE,32,9
1331,466885.0,FETCH,32,10
1332,466895.0,CAPTURE,32,10
1333,466905.0,REDUCE,32,10
1334,466915.0,EXEC,32,10
1335,466925.0,WRITE,32,10
1336,466935.0,FETCH,32,11
1337,466945.0,CAPTURE,32,11
1338,466955.0,REDUCE,32,11
1339,466965.0,EXEC,32,11
1340,466975.0,WRITE,32,11
1341,466985.0,FETCH,32,12
1342,466995.0,CAPTURE,32,12
1343,467005.0,REDUCE,32,12
1344,467015.0,EXEC,32,12
1345,467025.0,WRITE,32,12
1346,467035.0,FETCH,32,13
1347,467045.0,CAPTURE,32,13
1348,467055.0,REDUCE,32,13
1349,467065.0,EXEC,32,13
1350,467075.0,WRITE,32,13
1351,467085.0,FETCH,32,14
1352,467095.0,CAPTURE,32,14
1353,467105.0,REDUCE,32,14
1354,467115.0,EXEC,32,14
1355,467125.0,WRITE,32,14
1356,467135.0,FETCH,32,15
1357,467145.0,CAPTURE,32,15
1358,467155.0,REDUCE,32,15
1359,467165.0,EXEC,32,15
1360,467175.0,WRITE,32,15
1361,467185.0,FETCH,32,16
1362,467195.0,CAPTURE,32,16
1363,467205.0,REDUCE,32,16
1364,467215.0,EXEC,32,16
1365,467225.0,WRITE,32,16
1366,467235.0,FETCH,32,17
1367,467245.0,CAPTURE,32,17
1368,467255.0,REDUCE,32,17
1369,467265.0,EXEC,32,17
1370,467275.0,WRITE,32,17
1371,467285.0,FETCH,32,18
1372,467295.0,CAPTURE,32,18
1373,467305.0,REDUCE,32,18
1374,467315.0,EXEC,32,18
1375,467325.0,WRITE,32,18
1376,467335.0,FETCH,32,19
1377,467345.0,CAPTURE,32,19
1378,467355.0,REDUCE,32,19
1379,467365.0,EXEC,32,19
1380,467375.0,WRITE,32,19
1381,467385.0,FETCH,32,20
1382,467395.0,CAPTURE,32,20
1383,467405.0,REDUCE,32,20
1384,467415.0,EXEC,32,20
1385,467425.0,WRITE,32,20
1386,467435.0,FETCH,32,21
1387,467445.0,CAPTURE,32,21
1388,467455.0,REDUCE,32,21
1389,467465.0,EXEC,32,21
1390,467475.0,WRITE,32,21
1391,467485.0,FETCH,32,22
1392,467495.0,CAPTURE,32,22
1393,467505.0,REDUCE,32,22
1394,467515.0,EXEC,32,22
1395,467525.0,WRITE,32,22
1396,467535.0,FETCH,32,23
1397,467545.0,CAPTURE,32,23
1398,467555.0,REDUCE,32,23
1399,467565.0,EXEC,32,23
1400,467575.0,WRITE,32,23
1401,467585.0,FETCH,32,24
1402,467595.0,CAPTURE,32,24
1403,467605.0,REDUCE,32,24
1404,467615.0,EXEC,32,24
1405,467625.0,WRITE,32,24
1406,467635.0,FETCH,32,25
1407,467645.0,CAPTURE,32,25
1408,467655.0,REDUCE,32,25
1409,467665.0,EXEC,32,25
1410,467675.0,WRITE,32,25
1411,467685.0,FETCH,32,26
1412,467695.0,CAPTURE,32,26
1413,467705.0,REDUCE,32,26
1414,467715.0,EXEC,32,26
1415,467725.0,WRITE,32,26
1416,467735.0,FETCH,32,27
1417,467745.0,CAPTURE,32,27
1418,467755.0,REDUCE,32,27
1419,467765.0,EXEC,32,27
1420,467775.0,WRITE,32,27
1421,467785.0,FETCH,32,28
1422,467795.0,CAPTURE,32,28
1423,467805.0,REDUCE,32,28
1424,467815.0,EXEC,32,28
1425,467825.0,WRITE,32,28
1426,467835.0,FETCH,32,29
1427,467845.0,CAPTURE,32,29
1428,467855.0,REDUCE,32,29
1429,467865.0,EXEC,32,29
1430,467875.0,WRITE,32,29
1431,467885.0,FETCH,32,30
1432,467895.0,CAPTURE,32,30
1433,467905.0,REDUCE,32,30
1434,467915.0,EXEC,32,30
1435,467925.0,WRITE,32,30
1436,467935.0,FETCH,32,31
1437,467945.0,CAPTURE,32,31
1438,467955.0,REDUCE,32,31
1439,467965.0,EXEC,32,31
1440,467975.0,WRITE,32,31
1441,467985.0,FETCH,32,64
1442,467995.0,CAPTURE,32,64
1443,468005.0,REDUCE,32,64
1444,468015.0,EXEC,32,64
1445,468025.0,WRITE,32,64
1446,468035.0,FETCH,32,65
1447,468045.0,CAPTURE,32,65
1448,468055.0,REDUCE,32,65
1449,468065.0,EXEC,32,65
1450,468075.0,WRITE,32,65
1451,468085.0,FETCH,32,66
1452,468095.0,CAPTURE,32,66
1453,468105.0,REDUCE,32,66
1454,468115.0,EXEC,32,66
1455,468125.0,WRITE,32,66
1456,468135.0,FETCH,32,67
1457,468145.0,CAPTURE,32,67
1458,468155.0,REDUCE,32,67
1459,468165.0,EXEC,32,67
1460,468175.0,WRITE,32,67
1461,468185.0,FETCH,32,68
1462,468195.0,CAPTURE,32,68
1463,468205.0,REDUCE,32,68
1464,468215.0,EXEC,32,68
1465,468225.0,WRITE,32,68
1466,468235.0,FETCH,32,69
1467,468245.0,CAPTURE,32,69
1468,468255.0,REDUCE,32,69
1469,468265.0,EXEC,32,69
1470,468275.0,WRITE,32,69
1471,468285.0,FETCH,32,70
1472,468295.0,CAPTURE,32,70
1473,468305.0,REDUCE,32,70
1474,468315.0,EXEC,32,70
1475,468325.0,WRITE,32,70
1476,468335.0,FETCH,32,71
1477,468345.0,CAPTURE,32,71
1478,468355.0,REDUCE,32,71
1479,468365.0,EXEC,32,71
1480,468375.0,WRITE,32,71
1481,468385.0,FETCH,32,72
1482,468395.0,CAPTURE,32,72
1483,468405.0,REDUCE,32,72
1484,468415.0,EXEC,32,72
1485,468425.0,WRITE,32,72
1486,468435.0,FETCH,32,73
1487,468445.0,CAPTURE,32,73
1488,468455.0,REDUCE,32,73
1489,468465.0,EXEC,32,73
1490,468475.0,WRITE,32,73
1491,468485.0,FETCH,32,74
1492,468495.0,CAPTURE,32,74
1493,468505.0,REDUCE,32,74
1494,468515.0,EXEC,32,74
1495,468525.0,WRITE,32,74
1496,468535.0,FETCH,32,75
1497,468545.0,CAPTURE,32,75
1498,468555.0,REDUCE,32,75
1499,468565.0,EXEC,32,75
1500,468575.0,WRITE,32,75
1501,468585.0,FETCH,32,76
1502,468595.0,CAPTURE,32,76
1503,468605.0,REDUCE,32,76
1504,468615.0,EXEC,32,76
1505,468625.0,WRITE,32,76
1506,468635.0,FETCH,32,77
1507,468645.0,CAPTURE,32,77
1508,468655.0,REDUCE,32,77
1509,468665.0,EXEC,32,77
1510,468675.0,WRITE,32,77
1511,468685.0,FETCH,32,78
1512,468695.0,CAPTURE,32,78
1513,468705.0,REDUCE,32,78
1514,468715.0,EXEC,32,78
1515,468725.0,WRITE,32,78
1516,468735.0,FETCH,32,79
1517,468745.0,CAPTURE,32,79
1518,468755.0,REDUCE,32,79
1519,468765.0,EXEC,32,79
1520,468775.0,WRITE,32,79
1521,468785.0,FETCH,32,80
1522,468795.0,CAPTURE,32,80
1523,468805.0,REDUCE,32,80
1524,468815.0,EXEC,32,80
1525,468825.0,WRITE,32,80
1526,468835.0,FETCH,32,81
1527,468845.0,CAPTURE,32,81
1528,468855.0,REDUCE,32,81
1529,468865.0,EXEC,32,81
1530,468875.0,WRITE,32,81
1531,468885.0,FETCH,32,82
1532,468895.0,CAPTURE,32,82
1533,468905.0,REDUCE,32,82
1534,468915.0,EXEC,32,82
1535,468925.0,WRITE,32,82
1536,468935.0,FETCH,32,83
1537,468945.0,CAPTURE,32,83
1538,468955.0,REDUCE,32,83
1539,468965.0,EXEC,32,83
1540,468975.0,WRITE,32,83
1541,468985.0,FETCH,32,84
1542,468995.0,CAPTURE,32,84
1543,469005.0,REDUCE,32,84
1544,469015.0,EXEC,32,84
1545,469025.0,WRITE,32,84
1546,469035.0,FETCH,32,85
1547,469045.0,CAPTURE,32,85
1548,469055.0,REDUCE,32,85
1549,469065.0,EXEC,32,85
1550,469075.0,WRITE,32,85
1551,469085.0,FETCH,32,86
1552,469095.0,CAPTURE,32,86
1553,469105.0,REDUCE,32,86
1554,469115.0,EXEC,32,86
1555,469125.0,WRITE,32,86
1556,469135.0,FETCH,32,87
1557,469145.0,CAPTURE,32,87
1558,469155.0,REDUCE,32,87
1559,469165.0,EXEC,32,87
1560,469175.0,WRITE,32,87
1561,469185.0,FETCH,32,88
1562,469195.0,CAPTURE,32,88
1563,469205.0,REDUCE,32,88
1564,469215.0,EXEC,32,88
1565,469225.0,WRITE,32,88
1566,469235.0,FETCH,32,89
1567,469245.0,CAPTURE,32,89
1568,469255.0,REDUCE,32,89
1569,469265.0,EXEC,32,89
1570,469275.0,WRITE,32,89
1571,469285.0,FETCH,32,90
1572,469295.0,CAPTURE,32,90
1573,469305.0,REDUCE,32,90
1574,469315.0,EXEC,32,90
1575,469325.0,WRITE,32,90
1576,469335.0,FETCH,32,91
1577,469345.0,CAPTURE,32,91
1578,469355.0,REDUCE,32,91
1579,469365.0,EXEC,32,91
1580,469375.0,WRITE,32,91
1581,469385.0,FETCH,32,92
1582,469395.0,CAPTURE,32,92
1583,469405.0,REDUCE,32,92
1584,469415.0,EXEC,32,92
1585,469425.0,WRITE,32,92
1586,469435.0,FETCH,32,93
1587,469445.0,CAPTURE,32,93
1588,469455.0,REDUCE,32,93
1589,469465.0,EXEC,32,93
1590,469475.0,WRITE,32,93
1591,469485.0,FETCH,32,94
1592,469495.0,CAPTURE,32,94
1593,469505.0,REDUCE,32,94
1594,469515.0,EXEC,32,94
1595,469525.0,WRITE,32,94
1596,469535.0,FETCH,32,95
1597,469545.0,CAPTURE,32,95
1598,469555.0,REDUCE,32,95
1599,469565.0,EXEC,32,95
1600,469575.0,WRITE,32,95
1601,469585.0,FETCH,32,128
1602,469595.0,CAPTURE,32,128
1603,469605.0,REDUCE,32,128
1604,469615.0,EXEC,32,128
1605,469625.0,WRITE,32,128
1606,469635.0,FETCH,32,129
1607,469645.0,CAPTURE,32,129
1608,469655.0,REDUCE,32,129
1609,469665.0,EXEC,32,129
1610,469675.0,WRITE,32,129
1611,469685.0,FETCH,32,130
1612,469695.0,CAPTURE,32,130
1613,469705.0,REDUCE,32,130
1614,469715.0,EXEC,32,130
1615,469725.0,WRITE,32,130
1616,469735.0,FETCH,32,131
1617,469745.0,CAPTURE,32,131
1618,469755.0,REDUCE,32,131
1619,469765.0,EXEC,32,131
1620,469775.0,WRITE,32,131
1621,469785.0,FETCH,32,132
1622,469795.0,CAPTURE,32,132
1623,469805.0,REDUCE,32,132
1624,469815.0,EXEC,32,132
1625,469825.0,WRITE,32,132
1626,469835.0,FETCH,32,133
1627,469845.0,CAPTURE,32,133
1628,469855.0,REDUCE,32,133
1629,469865.0,EXEC,32,133
1630,469875.0,WRITE,32,133
1631,469885.0,FETCH,32,134
1632,469895.0,CAPTURE,32,134
1633,469905.0,REDUCE,32,134
1634,469915.0,EXEC,32,134
1635,469925.0,WRITE,32,134
1636,469935.0,FETCH,32,135
1637,469945.0,CAPTURE,32,135
1638,469955.0,REDUCE,32,135
1639,469965.0,EXEC,32,135
1640,469975.0,WRITE,32,135
1641,469985.0,FETCH,32,136
1642,469995.0,CAPTURE,32,136
1643,470005.0,REDUCE,32,136
1644,470015.0,EXEC,32,136
1645,470025.0,WRITE,32,136
1646,470035.0,FETCH,32,137
1647,470045.0,CAPTURE,32,137
1648,470055.0,REDUCE,32,137
1649,470065.0,EXEC,32,137
1650,470075.0,WRITE,32,137
1651,470085.0,FETCH,32,138
1652,470095.0,CAPTURE,32,138
1653,470105.0,REDUCE,32,138
1654,470115.0,EXEC,32,138
1655,470125.0,WRITE,32,138
1656,470135.0,FETCH,32,139
1657,470145.0,CAPTURE,32,139
1658,470155.0,REDUCE,32,139
1659,470165.0,EXEC,32,139
1660,470175.0,WRITE,32,139
1661,470185.0,FETCH,32,140
1662,470195.0,CAPTURE,32,140
1663,470205.0,REDUCE,32,140
1664,470215.0,EXEC,32,140
1665,470225.0,WRITE,32,140
1666,470235.0,FETCH,32,141
1667,470245.0,CAPTURE,32,141
1668,470255.0,REDUCE,32,141
1669,470265.0,EXEC,32,141
1670,470275.0,WRITE,32,141
1671,470285.0,FETCH,32,142
1672,470295.0,CAPTURE,32,142
1673,470305.0,REDUCE,32,142
1674,470315.0,EXEC,32,142
1675,470325.0,WRITE,32,142
1676,470335.0,FETCH,32,143
1677,470345.0,CAPTURE,32,143
1678,470355.0,REDUCE,32,143
1679,470365.0,EXEC,32,143
1680,470375.0,WRITE,32,143
1681,470385.0,FETCH,32,144
1682,470395.0,CAPTURE,32,144
1683,470405.0,REDUCE,32,144
1684,470415.0,EXEC,32,144
1685,470425.0,WRITE,32,144
1686,470435.0,FETCH,32,145
1687,470445.0,CAPTURE,32,145
1688,470455.0,REDUCE,32,145
1689,470465.0,EXEC,32,145
1690,470475.0,WRITE,32,145
1691,470485.0,FETCH,32,146
1692,470495.0,CAPTURE,32,146
1693,470505.0,REDUCE,32,146
1694,470515.0,EXEC,32,146
1695,470525.0,WRITE,32,146
1696,470535.0,FETCH,32,147
1697,470545.0,CAPTURE,32,147
1698,470555.0,REDUCE,32,147
1699,470565.0,EXEC,32,147
1700,470575.0,WRITE,32,147
1701,470585.0,FETCH,32,148
1702,470595.0,CAPTURE,32,148
1703,470605.0,REDUCE,32,148
1704,470615.0,EXEC,32,148
1705,470625.0,WRITE,32,148
1706,470635.0,FETCH,32,149
1707,470645.0,CAPTURE,32,149
1708,470655.0,REDUCE,32,149
1709,470665.0,EXEC,32,149
1710,470675.0,WRITE,32,149
1711,470685.0,FETCH,32,150
1712,470695.0,CAPTURE,32,150
1713,470705.0,REDUCE,32,150
1714,470715.0,EXEC,32,150
1715,470725.0,WRITE,32,150
1716,470735.0,FETCH,32,151
1717,470745.0,CAPTURE,32,151
1718,470755.0,REDUCE,32,151
1719,470765.0,EXEC,32,151
1720,470775.0,WRITE,32,151
1721,470785.0,FETCH,32,152
1722,470795.0,CAPTURE,32,152
1723,470805.0,REDUCE,32,152
1724,470815.0,EXEC,32,152
1725,470825.0,WRITE,32,152
1726,470835.0,FETCH,32,153
1727,470845.0,CAPTURE,32,153
1728,470855.0,REDUCE,32,153
1729,470865.0,EXEC,32,153
1730,470875.0,WRITE,32,153
1731,470885.0,FETCH,32,154
1732,470895.0,CAPTURE,32,154
1733,470905.0,REDUCE,32,154
1734,470915.0,EXEC,32,154
1735,470925.0,WRITE,32,154
1736,470935.0,FETCH,32,155
1737,470945.0,CAPTURE,32,155
1738,470955.0,REDUCE,32,155
1739,470965.0,EXEC,32,155
1740,470975.0,WRITE,32,155
1741,470985.0,FETCH,32,156
1742,470995.0,CAPTURE,32,156
1743,471005.0,REDUCE,32,156
1744,471015.0,EXEC,32,156
1745,471025.0,WRITE,32,156
1746,471035.0,FETCH,32,157
1747,471045.0,CAPTURE,32,157
1748,471055.0,REDUCE,32,157
1749,471065.0,EXEC,32,157
1750,471075.0,WRITE,32,157
1751,471085.0,FETCH,32,158
1752,471095.0,CAPTURE,32,158
1753,471105.0,REDUCE,32,158
1754,471115.0,EXEC,32,158
1755,471125.0,WRITE,32,158
1756,471135.0,FETCH,32,159
1757,471145.0,CAPTURE,32,159
1758,471155.0,REDUCE,32,159
1759,471165.0,EXEC,32,159
1760,471175.0,WRITE,32,159
1761,471185.0,FETCH,32,192
1762,471195.0,CAPTURE,32,192
1763,471205.0,REDUCE,32,192
1764,471215.0,EXEC,32,192
1765,471225.0,WRITE,32,192
1766,471235.0,FETCH,32,193
1767,471245.0,CAPTURE,32,193
1768,471255.0,REDUCE,32,193
1769,471265.0,EXEC,32,193
1770,471275.0,WRITE,32,193
1771,471285.0,FETCH,32,194
1772,471295.0,CAPTURE,32,194
1773,471305.0,REDUCE,32,194
1774,471315.0,EXEC,32,194
1775,471325.0,WRITE,32,194
1776,471335.0,FETCH,32,195
1777,471345.0,CAPTURE,32,195
1778,471355.0,REDUCE,32,195
1779,471365.0,EXEC,32,195
1780,471375.0,WRITE,32,195
1781,471385.0,FETCH,32,196
1782,471395.0,CAPTURE,32,196
1783,471405.0,REDUCE,32,196
1784,471415.0,EXEC,32,196
1785,471425.0,WRITE,32,196
1786,471435.0,FETCH,32,197
1787,471445.0,CAPTURE,32,197
1788,471455.0,REDUCE,32,197
1789,471465.0,EXEC,32,197
1790,471475.0,WRITE,32,197
1791,471485.0,FETCH,32,198
1792,471495.0,CAPTURE,32,198
1793,471505.0,REDUCE,32,198
1794,471515.0,EXEC,32,198
1795,471525.0,WRITE,32,198
1796,471535.0,FETCH,32,199
1797,471545.0,CAPTURE,32,199
1798,471555.0,REDUCE,32,199
1799,471565.0,EXEC,32,199
1800,471575.0,WRITE,32,199
1801,471585.0,FETCH,32,200
1802,471595.0,CAPTURE,32,200
1803,471605.0,REDUCE,32,200
1804,471615.0,EXEC,32,200
1805,471625.0,WRITE,32,200
1806,471635.0,FETCH,32,201
1807,471645.0,CAPTURE,32,201
1808,471655.0,REDUCE,32,201
1809,471665.0,EXEC,32,201
1810,471675.0,WRITE,32,201
1811,471685.0,FETCH,32,202
1812,471695.0,CAPTURE,32,202
1813,471705.0,REDUCE,32,202
1814,471715.0,EXEC,32,202
1815,471725.0,WRITE,32,202
1816,471735.0,FETCH,32,203
1817,471745.0,CAPTURE,32,203
1818,471755.0,REDUCE,32,203
1819,471765.0,EXEC,32,203
1820,471775.0,WRITE,32,203
1821,471785.0,FETCH,32,204
1822,471795.0,CAPTURE,32,204
1823,471805.0,REDUCE,32,204
1824,471815.0,EXEC,32,204
1825,471825.0,WRITE,32,204
1826,471835.0,FETCH,32,205
1827,471845.0,CAPTURE,32,205
1828,471855.0,REDUCE,32,205
1829,471865.0,EXEC,32,205
1830,471875.0,WRITE,32,205
1831,471885.0,FETCH,32,206
1832,471895.0,CAPTURE,32,206
1833,471905.0,REDUCE,32,206
1834,471915.0,EXEC,32,206
1835,471925.0,WRITE,32,206
1836,471935.0,FETCH,32,207
1837,471945.0,CAPTURE,32,207
1838,471955.0,REDUCE,32,207
1839,471965.0,EXEC,32,207
1840,471975.0,WRITE,32,207
1841,471985.0,FETCH,32,208
1842,471995.0,CAPTURE,32,208
1843,472005.0,REDUCE,32,208
1844,472015.0,EXEC,32,208
1845,472025.0,WRITE,32,208
1846,472035.0,FETCH,32,209
1847,472045.0,CAPTURE,32,209
1848,472055.0,REDUCE,32,209
1849,472065.0,EXEC,32,209
1850,472075.0,WRITE,32,209
1851,472085.0,FETCH,32,210
1852,472095.0,CAPTURE,32,210
1853,472105.0,REDUCE,32,210
1854,472115.0,EXEC,32,210
1855,472125.0,WRITE,32,210
1856,472135.0,FETCH,32,211
1857,472145.0,CAPTURE,32,211
1858,472155.0,REDUCE,32,211
1859,472165.0,EXEC,32,211
1860,472175.0,WRITE,32,211
1861,472185.0,FETCH,32,212
1862,472195.0,CAPTURE,32,212
1863,472205.0,REDUCE,32,212
1864,472215.0,EXEC,32,212
1865,472225.0,WRITE,32,212
1866,472235.0,FETCH,32,213
1867,472245.0,CAPTURE,32,213
1868,472255.0,REDUCE,32,213
1869,472265.0,EXEC,32,213
1870,472275.0,WRITE,32,213
1871,472285.0,FETCH,32,214
1872,472295.0,CAPTURE,32,214
1873,472305.0,REDUCE,32,214
1874,472315.0,EXEC,32,214
1875,472325.0,WRITE,32,214
1876,472335.0,FETCH,32,215
1877,472345.0,CAPTURE,32,215
1878,472355.0,REDUCE,32,215
1879,472365.0,EXEC,32,215
1880,472375.0,WRITE,32,215
1881,472385.0,FETCH,32,216
1882,472395.0,CAPTURE,32,216
1883,472405.0,REDUCE,32,216
1884,472415.0,EXEC,32,216
1885,472425.0,WRITE,32,216
1886,472435.0,FETCH,32,217
1887,472445.0,CAPTURE,32,217
1888,472455.0,REDUCE,32,217
1889,472465.0,EXEC,32,217
1890,472475.0,WRITE,32,217
1891,472485.0,FETCH,32,218
1892,472495.0,CAPTURE,32,218
1893,472505.0,REDUCE,32,218
1894,472515.0,EXEC,32,218
1895,472525.0,WRITE,32,218
1896,472535.0,FETCH,32,219
1897,472545.0,CAPTURE,32,219
1898,472555.0,REDUCE,32,219
1899,472565.0,EXEC,32,219
1900,472575.0,WRITE,32,219
1901,472585.0,FETCH,32,220
1902,472595.0,CAPTURE,32,220
1903,472605.0,REDUCE,32,220
1904,472615.0,EXEC,32,220
1905,472625.0,WRITE,32,220
1906,472635.0,FETCH,32,221
1907,472645.0,CAPTURE,32,221
1908,472655.0,REDUCE,32,221
1909,472665.0,EXEC,32,221
1910,472675.0,WRITE,32,221
1911,472685.0,FETCH,32,222
1912,472695.0,CAPTURE,32,222
1913,472705.0,REDUCE,32,222
1914,472715.0,EXEC,32,222
1915,472725.0,WRITE,32,222
1916,472735.0,FETCH,32,223
1917,472745.0,CAPTURE,32,223
1918,472755.0,REDUCE,32,223
1919,472765.0,EXEC,32,223
1920,472775.0,WRITE,32,223
1921,472785.0,FETCH,16,0
1922,472795.0,CAPTURE,16,0
1923,472805.0,REDUCE,16,0
1924,472815.0,EXEC,16,0
1925,472825.0,WRITE,16,0
1926,472835.0,FETCH,16,1
1927,472845.0,CAPTURE,16,1
1928,472855.0,REDUCE,16,1
1929,472865.0,EXEC,16,1
1930,472875.0,WRITE,16,1
1931,472885.0,FETCH,16,2
1932,472895.0,CAPTURE,16,2
1933,472905.0,REDUCE,16,2
1934,472915.0,EXEC,16,2
1935,472925.0,WRITE,16,2
1936,472935.0,FETCH,16,3
1937,472945.0,CAPTURE,16,3
1938,472955.0,REDUCE,16,3
1939,472965.0,EXEC,16,3
1940,472975.0,WRITE,16,3
1941,472985.0,FETCH,16,4
1942,472995.0,CAPTURE,16,4
1943,473005.0,REDUCE,16,4
1944,473015.0,EXEC,16,4
1945,473025.0,WRITE,16,4
1946,473035.0,FETCH,16,5
1947,473045.0,CAPTURE,16,5
1948,473055.0,REDUCE,16,5
1949,473065.0,EXEC,16,5
1950,473075.0,WRITE,16,5
1951,473085.0,FETCH,16,6
1952,473095.0,CAPTURE,16,6
1953,473105.0,REDUCE,16,6
1954,473115.0,EXEC,16,6
1955,473125.0,WRITE,16,6
1956,473135.0,FETCH,16,7
1957,473145.0,CAPTURE,16,7
1958,473155.0,REDUCE,16,7
1959,473165.0,EXEC,16,7
1960,473175.0,WRITE,16,7
1961,473185.0,FETCH,16,8
1962,473195.0,CAPTURE,16,8
1963,473205.0,REDUCE,16,8
1964,473215.0,EXEC,16,8
1965,473225.0,WRITE,16,8
1966,473235.0,FETCH,16,9
1967,473245.0,CAPTURE,16,9
1968,473255.0,REDUCE,16,9
1969,473265.0,EXEC,16,9
1970,473275.0,WRITE,16,9
1971,473285.0,FETCH,16,10
1972,473295.0,CAPTURE,16,10
1973,473305.0,REDUCE,16,10
1974,473315.0,EXEC,16,10
1975,473325.0,WRITE,16,10
1976,473335.0,FETCH,16,11
1977,473345.0,CAPTURE,16,11
1978,473355.0,REDUCE,16,11
1979,473365.0,EXEC,16,11
1980,473375.0,WRITE,16,11
1981,473385.0,FETCH,16,12
1982,473395.0,CAPTURE,16,12
1983,473405.0,REDUCE,16,12
1984,473415.0,EXEC,16,12
1985,473425.0,WRITE,16,12
1986,473435.0,FETCH,16,13
1987,473445.0,CAPTURE,16,13
1988,473455.0,REDUCE,16,13
1989,473465.0,EXEC,16,13
1990,473475.0,WRITE,16,13
1991,473485.0,FETCH,16,14
1992,473495.0,CAPTURE,16,14
1993,473505.0,REDUCE,16,14
1994,473515.0,EXEC,16,14
1995,473525.0,WRITE,16,14
1996,473535.0,FETCH,16,15
1997,473545.0,CAPTURE,16,15
1998,473555.0,REDUCE,16,15
1999,473565.0,EXEC,16,15
2000,473575.0,WRITE,16,15
2001,473585.0,FETCH,16,32
2002,473595.0,CAPTURE,16,32
2003,473605.0,REDUCE,16,32
2004,473615.0,EXEC,16,32
2005,473625.0,WRITE,16,32
2006,473635.0,FETCH,16,33
2007,473645.0,CAPTURE,16,33
2008,473655.0,REDUCE,16,33
2009,473665.0,EXEC,16,33
2010,473675.0,WRITE,16,33
2011,473685.0,FETCH,16,34
2012,473695.0,CAPTURE,16,34
2013,473705.0,REDUCE,16,34
2014,473715.0,EXEC,16,34
2015,473725.0,WRITE,16,34
2016,473735.0,FETCH,16,35
2017,473745.0,CAPTURE,16,35
2018,473755.0,REDUCE,16,35
2019,473765.0,EXEC,16,35
2020,473775.0,WRITE,16,35
2021,473785.0,FETCH,16,36
2022,473795.0,CAPTURE,16,36
2023,473805.0,REDUCE,16,36
2024,473815.0,EXEC,16,36
2025,473825.0,WRITE,16,36
2026,473835.0,FETCH,16,37
2027,473845.0,CAPTURE,16,37
2028,473855.0,REDUCE,16,37
2029,473865.0,EXEC,16,37
2030,473875.0,WRITE,16,37
2031,473885.0,FETCH,16,38
2032,473895.0,CAPTURE,16,38
2033,473905.0,REDUCE,16,38
2034,473915.0,EXEC,16,38
2035,473925.0,WRITE,16,38
2036,473935.0,FETCH,16,39
2037,473945.0,CAPTURE,16,39
2038,473955.0,REDUCE,16,39
2039,473965.0,EXEC,16,39
2040,473975.0,WRITE,16,39
2041,473985.0,FETCH,16,40
2042,473995.0,CAPTURE,16,40
2043,474005.0,REDUCE,16,40
2044,474015.0,EXEC,16,40
2045,474025.0,WRITE,16,40
2046,474035.0,FETCH,16,41
2047,474045.0,CAPTURE,16,41
2048,474055.0,REDUCE,16,41
2049,474065.0,EXEC,16,41
2050,474075.0,WRITE,16,41
2051,474085.0,FETCH,16,42
2052,474095.0,CAPTURE,16,42
2053,474105.0,REDUCE,16,42
2054,474115.0,EXEC,16,42
2055,474125.0,WRITE,16,42
2056,474135.0,FETCH,16,43
2057,474145.0,CAPTURE,16,43
2058,474155.0,REDUCE,16,43
2059,474165.0,EXEC,16,43
2060,474175.0,WRITE,16,43
2061,474185.0,FETCH,16,44
2062,474195.0,CAPTURE,16,44
2063,474205.0,REDUCE,16,44
2064,474215.0,EXEC,16,44
2065,474225.0,WRITE,16,44
2066,474235.0,FETCH,16,45
2067,474245.0,CAPTURE,16,45
2068,474255.0,REDUCE,16,45
2069,474265.0,EXEC,16,45
2070,474275.0,WRITE,16,45
2071,474285.0,FETCH,16,46
2072,474295.0,CAPTURE,16,46
2073,474305.0,REDUCE,16,46
2074,474315.0,EXEC,16,46
2075,474325.0,WRITE,16,46
2076,474335.0,FETCH,16,47
2077,474345.0,CAPTURE,16,47
2078,474355.0,REDUCE,16,47
2079,474365.0,EXEC,16,47
2080,474375.0,WRITE,16,47
2081,474385.0,FETCH,16,64
2082,474395.0,CAPTURE,16,64
2083,474405.0,REDUCE,16,64
2084,474415.0,EXEC,16,64
2085,474425.0,WRITE,16,64
2086,474435.0,FETCH,16,65
2087,474445.0,CAPTURE,16,65
2088,474455.0,REDUCE,16,65
2089,474465.0,EXEC,16,65
2090,474475.0,WRITE,16,65
2091,474485.0,FETCH,16,66
2092,474495.0,CAPTURE,16,66
2093,474505.0,REDUCE,16,66
2094,474515.0,EXEC,16,66
2095,474525.0,WRITE,16,66
2096,474535.0,FETCH,16,67
2097,474545.0,CAPTURE,16,67
2098,474555.0,REDUCE,16,67
2099,474565.0,EXEC,16,67
2100,474575.0,WRITE,16,67
2101,474585.0,FETCH,16,68
2102,474595.0,CAPTURE,16,68
2103,474605.0,REDUCE,16,68
2104,474615.0,EXEC,16,68
2105,474625.0,WRITE,16,68
2106,474635.0,FETCH,16,69
2107,474645.0,CAPTURE,16,69
2108,474655.0,REDUCE,16,69
2109,474665.0,EXEC,16,69
2110,474675.0,WRITE,16,69
2111,474685.0,FETCH,16,70
2112,474695.0,CAPTURE,16,70
2113,474705.0,REDUCE,16,70
2114,474715.0,EXEC,16,70
2115,474725.0,WRITE,16,70
2116,474735.0,FETCH,16,71
2117,474745.0,CAPTURE,16,71
2118,474755.0,REDUCE,16,71
2119,474765.0,EXEC,16,71
2120,474775.0,WRITE,16,71
2121,474785.0,FETCH,16,72
2122,474795.0,CAPTURE,16,72
2123,474805.0,REDUCE,16,72
2124,474815.0,EXEC,16,72
2125,474825.0,WRITE,16,72
2126,474835.0,FETCH,16,73
2127,474845.0,CAPTURE,16,73
2128,474855.0,REDUCE,16,73
2129,474865.0,EXEC,16,73
2130,474875.0,WRITE,16,73
2131,474885.0,FETCH,16,74
2132,474895.0,CAPTURE,16,74
2133,474905.0,REDUCE,16,74
2134,474915.0,EXEC,16,74
2135,474925.0,WRITE,16,74
2136,474935.0,FETCH,16,75
2137,474945.0,CAPTURE,16,75
2138,474955.0,REDUCE,16,75
2139,474965.0,EXEC,16,75
2140,474975.0,WRITE,16,75
2141,474985.0,FETCH,16,76
2142,474995.0,CAPTURE,16,76
2143,475005.0,REDUCE,16,76
2144,475015.0,EXEC,16,76
2145,475025.0,WRITE,16,76
2146,475035.0,FETCH,16,77
2147,475045.0,CAPTURE,16,77
2148,475055.0,REDUCE,16,77
2149,475065.0,EXEC,16,77
2150,475075.0,WRITE,16,77
2151,475085.0,FETCH,16,78
2152,475095.0,CAPTURE,16,78
2153,475105.0,REDUCE,16,78
2154,475115.0,EXEC,16,78
2155,475125.0,WRITE,16,78
2156,475135.0,FETCH,16,79
2157,475145.0,CAPTURE,16,79
2158,475155.0,REDUCE,16,79
2159,475165.0,EXEC,16,79
2160,475175.0,WRITE,16,79
2161,475185.0,FETCH,16,96
2162,475195.0,CAPTURE,16,96
2163,475205.0,REDUCE,16,96
2164,475215.0,EXEC,16,96
2165,475225.0,WRITE,16,96
2166,475235.0,FETCH,16,97
2167,475245.0,CAPTURE,16,97
2168,475255.0,REDUCE,16,97
2169,475265.0,EXEC,16,97
2170,475275.0,WRITE,16,97
2171,475285.0,FETCH,16,98
2172,475295.0,CAPTURE,16,98
2173,475305.0,REDUCE,16,98
2174,475315.0,EXEC,16,98
2175,475325.0,WRITE,16,98
2176,475335.0,FETCH,16,99
2177,475345.0,CAPTURE,16,99
2178,475355.0,REDUCE,16,99
2179,475365.0,EXEC,16,99
2180,475375.0,WRITE,16,99
2181,475385.0,FETCH,16,100
2182,475395.0,CAPTURE,16,100
2183,475405.0,REDUCE,16,100
2184,475415.0,EXEC,16,100
2185,475425.0,WRITE,16,100
2186,475435.0,FETCH,16,101
2187,475445.0,CAPTURE,16,101
2188,475455.0,REDUCE,16,101
2189,475465.0,EXEC,16,101
2190,475475.0,WRITE,16,101
2191,475485.0,FETCH,16,102
2192,475495.0,CAPTURE,16,102
2193,475505.0,REDUCE,16,102
2194,475515.0,EXEC,16,102
2195,475525.0,WRITE,16,102
2196,475535.0,FETCH,16,103
2197,475545.0,CAPTURE,16,103
2198,475555.0,REDUCE,16,103
2199,475565.0,EXEC,16,103
2200,475575.0,WRITE,16,103
2201,475585.0,FETCH,16,104
2202,475595.0,CAPTURE,16,104
2203,475605.0,REDUCE,16,104
2204,475615.0,EXEC,16,104
2205,475625.0,WRITE,16,104
2206,475635.0,FETCH,16,105
2207,475645.0,CAPTURE,16,105
2208,475655.0,REDUCE,16,105
2209,475665.0,EXEC,16,105
2210,475675.0,WRITE,16,105
2211,475685.0,FETCH,16,106
2212,475695.0,CAPTURE,16,106
2213,475705.0,REDUCE,16,106
2214,475715.0,EXEC,16,106
2215,475725.0,WRITE,16,106
2216,475735.0,FETCH,16,107
2217,475745.0,CAPTURE,16,107
2218,475755.0,REDUCE,16,107
2219,475765.0,EXEC,16,107
2220,475775.0,WRITE,16,107
2221,475785.0,FETCH,16,108
2222,475795.0,CAPTURE,16,108
2223,475805.0,REDUCE,16,108
2224,475815.0,EXEC,16,108
2225,475825.0,WRITE,16,108
2226,475835.0,FETCH,16,109
2227,475845.0,CAPTURE,16,109
2228,475855.0,REDUCE,16,109
2229,475865.0,EXEC,16,109
2230,475875.0,WRITE,16,109
2231,475885.0,FETCH,16,110
2232,475895.0,CAPTURE,16,110
2233,475905.0,REDUCE,16,110
2234,475915.0,EXEC,16,110
2235,475925.0,WRITE,16,110
2236,475935.0,FETCH,16,111
2237,475945.0,CAPTURE,16,111
2238,475955.0,REDUCE,16,111
2239,475965.0,EXEC,16,111
2240,475975.0,WRITE,16,111
2241,475985.0,FETCH,16,128
2242,475995.0,CAPTURE,16,128
2243,476005.0,REDUCE,16,128
2244,476015.0,EXEC,16,128
2245,476025.0,WRITE,16,128
2246,476035.0,FETCH,16,129
2247,476045.0,CAPTURE,16,129
2248,476055.0,REDUCE,16,129
2249,476065.0,EXEC,16,129
2250,476075.0,WRITE,16,129
2251,476085.0,FETCH,16,130
2252,476095.0,CAPTURE,16,130
2253,476105.0,REDUCE,16,130
2254,476115.0,EXEC,16,130
2255,476125.0,WRITE,16,130
2256,476135.0,FETCH,16,131
2257,476145.0,CAPTURE,16,131
2258,476155.0,REDUCE,16,131
2259,476165.0,EXEC,16,131
2260,476175.0,WRITE,16,131
2261,476185.0,FETCH,16,132
2262,476195.0,CAPTURE,16,132
2263,476205.0,REDUCE,16,132
2264,476215.0,EXEC,16,132
2265,476225.0,WRITE,16,132
2266,476235.0,FETCH,16,133
2267,476245.0,CAPTURE,16,133
2268,476255.0,REDUCE,16,133
2269,476265.0,EXEC,16,133
2270,476275.0,WRITE,16,133
2271,476285.0,FETCH,16,134
2272,476295.0,CAPTURE,16,134
2273,476305.0,REDUCE,16,134
2274,476315.0,EXEC,16,134
2275,476325.0,WRITE,16,134
2276,476335.0,FETCH,16,135
2277,476345.0,CAPTURE,16,135
2278,476355.0,REDUCE,16,135
2279,476365.0,EXEC,16,135
2280,476375.0,WRITE,16,135
2281,476385.0,FETCH,16,136
2282,476395.0,CAPTURE,16,136
2283,476405.0,REDUCE,16,136
2284,476415.0,EXEC,16,136
2285,476425.0,WRITE,16,136
2286,476435.0,FETCH,16,137
2287,476445.0,CAPTURE,16,137
2288,476455.0,REDUCE,16,137
2289,476465.0,EXEC,16,137
2290,476475.0,WRITE,16,137
2291,476485.0,FETCH,16,138
2292,476495.0,CAPTURE,16,138
2293,476505.0,REDUCE,16,138
2294,476515.0,EXEC,16,138
2295,476525.0,WRITE,16,138
2296,476535.0,FETCH,16,139
2297,476545.0,CAPTURE,16,139
2298,476555.0,REDUCE,16,139
2299,476565.0,EXEC,16,139
2300,476575.0,WRITE,16,139
2301,476585.0,FETCH,16,140
2302,476595.0,CAPTURE,16,140
2303,476605.0,REDUCE,16,140
2304,476615.0,EXEC,16,140
2305,476625.0,WRITE,16,140
2306,476635.0,FETCH,16,141
2307,476645.0,CAPTURE,16,141
2308,476655.0,REDUCE,16,141
2309,476665.0,EXEC,16,141
2310,476675.0,WRITE,16,141
2311,476685.0,FETCH,16,142
2312,476695.0,CAPTURE,16,142
2313,476705.0,REDUCE,16,142
2314,476715.0,EXEC,16,142
2315,476725.0,WRITE,16,142
2316,476735.0,FETCH,16,143
2317,476745.0,CAPTURE,16,143
2318,476755.0,REDUCE,16,143
2319,476765.0,EXEC,16,143
2320,476775.0,WRITE,16,143
2321,476785.0,FETCH,16,160
2322,476795.0,CAPTURE,16,160
2323,476805.0,REDUCE,16,160
2324,476815.0,EXEC,16,160
2325,476825.0,WRITE,16,160
2326,476835.0,FETCH,16,161
2327,476845.0,CAPTURE,16,161
2328,476855.0,REDUCE,16,161
2329,476865.0,EXEC,16,161
2330,476875.0,WRITE,16,161
2331,476885.0,FETCH,16,162
2332,476895.0,CAPTURE,16,162
2333,476905.0,REDUCE,16,162
2334,476915.0,EXEC,16,162
2335,476925.0,WRITE,16,162
2336,476935.0,FETCH,16,163
2337,476945.0,CAPTURE,16,163
2338,476955.0,REDUCE,16,163
2339,476965.0,EXEC,16,163
2340,476975.0,WRITE,16,163
2341,476985.0,FETCH,16,164
2342,476995.0,CAPTURE,16,164
2343,477005.0,REDUCE,16,164
2344,477015.0,EXEC,16,164
2345,477025.0,WRITE,16,164
2346,477035.0,FETCH,16,165
2347,477045.0,CAPTURE,16,165
2348,477055.0,REDUCE,16,165
2349,477065.0,EXEC,16,165
2350,477075.0,WRITE,16,165
2351,477085.0,FETCH,16,166
2352,477095.0,CAPTURE,16,166
2353,477105.0,REDUCE,16,166
2354,477115.0,EXEC,16,166
2355,477125.0,WRITE,16,166
2356,477135.0,FETCH,16,167
2357,477145.0,CAPTURE,16,167
2358,477155.0,REDUCE,16,167
2359,477165.0,EXEC,16,167
2360,477175.0,WRITE,16,167
2361,477185.0,FETCH,16,168
2362,477195.0,CAPTURE,16,168
2363,477205.0,REDUCE,16,168
2364,477215.0,EXEC,16,168
2365,477225.0,WRITE,16,168
2366,477235.0,FETCH,16,169
2367,477245.0,CAPTURE,16,169
2368,477255.0,REDUCE,16,169
2369,477265.0,EXEC,16,169
2370,477275.0,WRITE,16,169
2371,477285.0,FETCH,16,170
2372,477295.0,CAPTURE,16,170
2373,477305.0,REDUCE,16,170
2374,477315.0,EXEC,16,170
2375,477325.0,WRITE,16,170
2376,477335.0,FETCH,16,171
2377,477345.0,CAPTURE,16,171
2378,477355.0,REDUCE,16,171
2379,477365.0,EXEC,16,171
2380,477375.0,WRITE,16,171
2381,477385.0,FETCH,16,172
2382,477395.0,CAPTURE,16,172
2383,477405.0,REDUCE,16,172
2384,477415.0,EXEC,16,172
2385,477425.0,WRITE,16,172
2386,477435.0,FETCH,16,173
2387,477445.0,CAPTURE,16,173
2388,477455.0,REDUCE,16,173
2389,477465.0,EXEC,16,173
2390,477475.0,WRITE,16,173
2391,477485.0,FETCH,16,174
2392,477495.0,CAPTURE,16,174
2393,477505.0,REDUCE,16,174
2394,477515.0,EXEC,16,174
2395,477525.0,WRITE,16,174
2396,477535.0,FETCH,16,175
2397,477545.0,CAPTURE,16,175
2398,477555.0,REDUCE,16,175
2399,477565.0,EXEC,16,175
2400,477575.0,WRITE,16,175
2401,477585.0,FETCH,16,192
2402,477595.0,CAPTURE,16,192
2403,477605.0,REDUCE,16,192
2404,477615.0,EXEC,16,192
2405,477625.0,WRITE,16,192
2406,477635.0,FETCH,16,193
2407,477645.0,CAPTURE,16,193
2408,477655.0,REDUCE,16,193
2409,477665.0,EXEC,16,193
2410,477675.0,WRITE,16,193
2411,477685.0,FETCH,16,194
2412,477695.0,CAPTURE,16,194
2413,477705.0,REDUCE,16,194
2414,477715.0,EXEC,16,194
2415,477725.0,WRITE,16,194
2416,477735.0,FETCH,16,195
2417,477745.0,CAPTURE,16,195
2418,477755.0,REDUCE,16,195
2419,477765.0,EXEC,16,195
2420,477775.0,WRITE,16,195
2421,477785.0,FETCH,16,196
2422,477795.0,CAPTURE,16,196
2423,477805.0,REDUCE,16,196
2424,477815.0,EXEC,16,196
2425,477825.0,WRITE,16,196
2426,477835.0,FETCH,16,197
2427,477845.0,CAPTURE,16,197
2428,477855.0,REDUCE,16,197
2429,477865.0,EXEC,16,197
2430,477875.0,WRITE,16,197
2431,477885.0,FETCH,16,198
2432,477895.0,CAPTURE,16,198
2433,477905.0,REDUCE,16,198
2434,477915.0,EXEC,16,198
2435,477925.0,WRITE,16,198
2436,477935.0,FETCH,16,199
2437,477945.0,CAPTURE,16,199
2438,477955.0,REDUCE,16,199
2439,477965.0,EXEC,16,199
2440,477975.0,WRITE,16,199
2441,477985.0,FETCH,16,200
2442,477995.0,CAPTURE,16,200
2443,478005.0,REDUCE,16,200
2444,478015.0,EXEC,16,200
2445,478025.0,WRITE,16,200
2446,478035.0,FETCH,16,201
2447,478045.0,CAPTURE,16,201
2448,478055.0,REDUCE,16,201
2449,478065.0,EXEC,16,201
2450,478075.0,WRITE,16,201
2451,478085.0,FETCH,16,202
2452,478095.0,CAPTURE,16,202
2453,478105.0,REDUCE,16,202
2454,478115.0,EXEC,16,202
2455,478125.0,WRITE,16,202
2456,478135.0,FETCH,16,203
2457,478145.0,CAPTURE,16,203
2458,478155.0,REDUCE,16,203
2459,478165.0,EXEC,16,203
2460,478175.0,WRITE,16,203
2461,478185.0,FETCH,16,204
2462,478195.0,CAPTURE,16,204
2463,478205.0,REDUCE,16,204
2464,478215.0,EXEC,16,204
2465,478225.0,WRITE,16,204
2466,478235.0,FETCH,16,205
2467,478245.0,CAPTURE,16,205
2468,478255.0,REDUCE,16,205
2469,478265.0,EXEC,16,205
2470,478275.0,WRITE,16,205
2471,478285.0,FETCH,16,206
2472,478295.0,CAPTURE,16,206
2473,478305.0,REDUCE,16,206
2474,478315.0,EXEC,16,206
2475,478325.0,WRITE,16,206
2476,478335.0,FETCH,16,207
2477,478345.0,CAPTURE,16,207
2478,478355.0,REDUCE,16,207
2479,478365.0,EXEC,16,207
2480,478375.0,WRITE,16,207
2481,478385.0,FETCH,16,224
2482,478395.0,CAPTURE,16,224
2483,478405.0,REDUCE,16,224
2484,478415.0,EXEC,16,224
2485,478425.0,WRITE,16,224
2486,478435.0,FETCH,16,225
2487,478445.0,CAPTURE,16,225
2488,478455.0,REDUCE,16,225
2489,478465.0,EXEC,16,225
2490,478475.0,WRITE,16,225
2491,478485.0,FETCH,16,226
2492,478495.0,CAPTURE,16,226
2493,478505.0,REDUCE,16,226
2494,478515.0,EXEC,16,226
2495,478525.0,WRITE,16,226
2496,478535.0,FETCH,16,227
2497,478545.0,CAPTURE,16,227
2498,478555.0,REDUCE,16,227
2499,478565.0,EXEC,16,227
2500,478575.0,WRITE,16,227
2501,478585.0,FETCH,16,228
2502,478595.0,CAPTURE,16,228
2503,478605.0,REDUCE,16,228
2504,478615.0,EXEC,16,228
2505,478625.0,WRITE,16,228
2506,478635.0,FETCH,16,229
2507,478645.0,CAPTURE,16,229
2508,478655.0,REDUCE,16,229
2509,478665.0,EXEC,16,229
2510,478675.0,WRITE,16,229
2511,478685.0,FETCH,16,230
2512,478695.0,CAPTURE,16,230
2513,478705.0,REDUCE,16,230
2514,478715.0,EXEC,16,230
2515,478725.0,WRITE,16,230
2516,478735.0,FETCH,16,231
2517,478745.0,CAPTURE,16,231
2518,478755.0,REDUCE,16,231
2519,478765.0,EXEC,16,231
2520,478775.0,WRITE,16,231
2521,478785.0,FETCH,16,232
2522,478795.0,CAPTURE,16,232
2523,478805.0,REDUCE,16,232
2524,478815.0,EXEC,16,232
2525,478825.0,WRITE,16,232
2526,478835.0,FETCH,16,233
2527,478845.0,CAPTURE,16,233
2528,478855.0,REDUCE,16,233
2529,478865.0,EXEC,16,233
2530,478875.0,WRITE,16,233
2531,478885.0,FETCH,16,234
2532,478895.0,CAPTURE,16,234
2533,478905.0,REDUCE,16,234
2534,478915.0,EXEC,16,234
2535,478925.0,WRITE,16,234
2536,478935.0,FETCH,16,235
2537,478945.0,CAPTURE,16,235
2538,478955.0,REDUCE,16,235
2539,478965.0,EXEC,16,235
2540,478975.0,WRITE,16,235
2541,478985.0,FETCH,16,236
2542,478995.0,CAPTURE,16,236
2543,479005.0,REDUCE,16,236
2544,479015.0,EXEC,16,236
2545,479025.0,WRITE,16,236
2546,479035.0,FETCH,16,237
2547,479045.0,CAPTURE,16,237
2548,479055.0,REDUCE,16,237
2549,479065.0,EXEC,16,237
2550,479075.0,WRITE,16,237
2551,479085.0,FETCH,16,238
2552,479095.0,CAPTURE,16,238
2553,479105.0,REDUCE,16,238
2554,479115.0,EXEC,16,238
2555,479125.0,WRITE,16,238
2556,479135.0,FETCH,16,239
2557,479145.0,CAPTURE,16,239
2558,479155.0,REDUCE,16,239
2559,479165.0,EXEC,16,239
2560,479175.0,WRITE,16,239
2561,479185.0,FETCH,8,0
2562,479195.0,CAPTURE,8,0
2563,479205.0,REDUCE,8,0
2564,479215.0,EXEC,8,0
2565,479225.0,WRITE,8,0
2566,479235.0,FETCH,8,1
2567,479245.0,CAPTURE,8,1
2568,479255.0,REDUCE,8,1
2569,479265.0,EXEC,8,1
2570,479275.0,WRITE,8,1
2571,479285.0,FETCH,8,2
2572,479295.0,CAPTURE,8,2
2573,479305.0,REDUCE,8,2
2574,479315.0,EXEC,8,2
2575,479325.0,WRITE,8,2
2576,479335.0,FETCH,8,3
2577,479345.0,CAPTURE,8,3
2578,479355.0,REDUCE,8,3
2579,479365.0,EXEC,8,3
2580,479375.0,WRITE,8,3
2581,479385.0,FETCH,8,4
2582,479395.0,CAPTURE,8,4
2583,479405.0,REDUCE,8,4
2584,479415.0,EXEC,8,4
2585,479425.0,WRITE,8,4
2586,479435.0,FETCH,8,5
2587,479445.0,CAPTURE,8,5
2588,479455.0,REDUCE,8,5
2589,479465.0,EXEC,8,5
2590,479475.0,WRITE,8,5
2591,479485.0,FETCH,8,6
2592,479495.0,CAPTURE,8,6
2593,479505.0,REDUCE,8,6
2594,479515.0,EXEC,8,6
2595,479525.0,WRITE,8,6
2596,479535.0,FETCH,8,7
2597,479545.0,CAPTURE,8,7
2598,479555.0,REDUCE,8,7
2599,479565.0,EXEC,8,7
2600,479575.0,WRITE,8,7
2601,479585.0,FETCH,8,16
2602,479595.0,CAPTURE,8,16
2603,479605.0,REDUCE,8,16
2604,479615.0,EXEC,8,16
2605,479625.0,WRITE,8,16
2606,479635.0,FETCH,8,17
2607,479645.0,CAPTURE,8,17
2608,479655.0,REDUCE,8,17
2609,479665.0,EXEC,8,17
2610,479675.0,WRITE,8,17
2611,479685.0,FETCH,8,18
2612,479695.0,CAPTURE,8,18
2613,479705.0,REDUCE,8,18
2614,479715.0,EXEC,8,18
2615,479725.0,WRITE,8,18
2616,479735.0,FETCH,8,19
2617,479745.0,CAPTURE,8,19
2618,479755.0,REDUCE,8,19
2619,479765.0,EXEC,8,19
2620,479775.0,WRITE,8,19
2621,479785.0,FETCH,8,20
2622,479795.0,CAPTURE,8,20
2623,479805.0,REDUCE,8,20
2624,479815.0,EXEC,8,20
2625,479825.0,WRITE,8,20
2626,479835.0,FETCH,8,21
2627,479845.0,CAPTURE,8,21
2628,479855.0,REDUCE,8,21
2629,479865.0,EXEC,8,21
2630,479875.0,WRITE,8,21
2631,479885.0,FETCH,8,22
2632,479895.0,CAPTURE,8,22
2633,479905.0,REDUCE,8,22
2634,479915.0,EXEC,8,22
2635,479925.0,WRITE,8,22
2636,479935.0,FETCH,8,23
2637,479945.0,CAPTURE,8,23
2638,479955.0,REDUCE,8,23
2639,479965.0,EXEC,8,23
2640,479975.0,WRITE,8,23
2641,479985.0,FETCH,8,32
2642,479995.0,CAPTURE,8,32
2643,480005.0,REDUCE,8,32
2644,480015.0,EXEC,8,32
2645,480025.0,WRITE,8,32
2646,480035.0,FETCH,8,33
2647,480045.0,CAPTURE,8,33
2648,480055.0,REDUCE,8,33
2649,480065.0,EXEC,8,33
2650,480075.0,WRITE,8,33
2651,480085.0,FETCH,8,34
2652,480095.0,CAPTURE,8,34
2653,480105.0,REDUCE,8,34
2654,480115.0,EXEC,8,34
2655,480125.0,WRITE,8,34
2656,480135.0,FETCH,8,35
2657,480145.0,CAPTURE,8,35
2658,480155.0,REDUCE,8,35
2659,480165.0,EXEC,8,35
2660,480175.0,WRITE,8,35
2661,480185.0,FETCH,8,36
2662,480195.0,CAPTURE,8,36
2663,480205.0,REDUCE,8,36
2664,480215.0,EXEC,8,36
2665,480225.0,WRITE,8,36
2666,480235.0,FETCH,8,37
2667,480245.0,CAPTURE,8,37
2668,480255.0,REDUCE,8,37
2669,480265.0,EXEC,8,37
2670,480275.0,WRITE,8,37
2671,480285.0,FETCH,8,38
2672,480295.0,CAPTURE,8,38
2673,480305.0,REDUCE,8,38
2674,480315.0,EXEC,8,38
2675,480325.0,WRITE,8,38
2676,480335.0,FETCH,8,39
2677,480345.0,CAPTURE,8,39
2678,480355.0,REDUCE,8,39
2679,480365.0,EXEC,8,39
2680,480375.0,WRITE,8,39
2681,480385.0,FETCH,8,48
2682,480395.0,CAPTURE,8,48
2683,480405.0,REDUCE,8,48
2684,480415.0,EXEC,8,48
2685,480425.0,WRITE,8,48
2686,480435.0,FETCH,8,49
2687,480445.0,CAPTURE,8,49
2688,480455.0,REDUCE,8,49
2689,480465.0,EXEC,8,49
2690,480475.0,WRITE,8,49
2691,480485.0,FETCH,8,50
2692,480495.0,CAPTURE,8,50
2693,480505.0,REDUCE,8,50
2694,480515.0,EXEC,8,50
2695,480525.0,WRITE,8,50
2696,480535.0,FETCH,8,51
2697,480545.0,CAPTURE,8,51
2698,480555.0,REDUCE,8,51
2699,480565.0,EXEC,8,51
2700,480575.0,WRITE,8,51
2701,480585.0,FETCH,8,52
2702,480595.0,CAPTURE,8,52
2703,480605.0,REDUCE,8,52
2704,480615.0,EXEC,8,52
2705,480625.0,WRITE,8,52
2706,480635.0,FETCH,8,53
2707,480645.0,CAPTURE,8,53
2708,480655.0,REDUCE,8,53
2709,480665.0,EXEC,8,53
2710,480675.0,WRITE,8,53
2711,480685.0,FETCH,8,54
2712,480695.0,CAPTURE,8,54
2713,480705.0,REDUCE,8,54
2714,480715.0,EXEC,8,54
2715,480725.0,WRITE,8,54
2716,480735.0,FETCH,8,55
2717,480745.0,CAPTURE,8,55
2718,480755.0,REDUCE,8,55
2719,480765.0,EXEC,8,55
2720,480775.0,WRITE,8,55
2721,480785.0,FETCH,8,64
2722,480795.0,CAPTURE,8,64
2723,480805.0,REDUCE,8,64
2724,480815.0,EXEC,8,64
2725,480825.0,WRITE,8,64
2726,480835.0,FETCH,8,65
2727,480845.0,CAPTURE,8,65
2728,480855.0,REDUCE,8,65
2729,480865.0,EXEC,8,65
2730,480875.0,WRITE,8,65
2731,480885.0,FETCH,8,66
2732,480895.0,CAPTURE,8,66
2733,480905.0,REDUCE,8,66
2734,480915.0,EXEC,8,66
2735,480925.0,WRITE,8,66
2736,480935.0,FETCH,8,67
2737,480945.0,CAPTURE,8,67
2738,480955.0,REDUCE,8,67
2739,480965.0,EXEC,8,67
2740,480975.0,WRITE,8,67
2741,480985.0,FETCH,8,68
2742,480995.0,CAPTURE,8,68
2743,481005.0,REDUCE,8,68
2744,481015.0,EXEC,8,68
2745,481025.0,WRITE,8,68
2746,481035.0,FETCH,8,69
2747,481045.0,CAPTURE,8,69
2748,481055.0,REDUCE,8,69
2749,481065.0,EXEC,8,69
2750,481075.0,WRITE,8,69
2751,481085.0,FETCH,8,70
2752,481095.0,CAPTURE,8,70
2753,481105.0,REDUCE,8,70
2754,481115.0,EXEC,8,70
2755,481125.0,WRITE,8,70
2756,481135.0,FETCH,8,71
2757,481145.0,CAPTURE,8,71
2758,481155.0,REDUCE,8,71
2759,481165.0,EXEC,8,71
2760,481175.0,WRITE,8,71
2761,481185.0,FETCH,8,80
2762,481195.0,CAPTURE,8,80
2763,481205.0,REDUCE,8,80
2764,481215.0,EXEC,8,80
2765,481225.0,WRITE,8,80
2766,481235.0,FETCH,8,81
2767,481245.0,CAPTURE,8,81
2768,481255.0,REDUCE,8,81
2769,481265.0,EXEC,8,81
2770,481275.0,WRITE,8,81
2771,481285.0,FETCH,8,82
2772,481295.0,CAPTURE,8,82
2773,481305.0,REDUCE,8,82
2774,481315.0,EXEC,8,82
2775,481325.0,WRITE,8,82
2776,481335.0,FETCH,8,83
2777,481345.0,CAPTURE,8,83
2778,481355.0,REDUCE,8,83
2779,481365.0,EXEC,8,83
2780,481375.0,WRITE,8,83
2781,481385.0,FETCH,8,84
2782,481395.0,CAPTURE,8,84
2783,481405.0,REDUCE,8,84
2784,481415.0,EXEC,8,84
2785,481425.0,WRITE,8,84
2786,481435.0,FETCH,8,85
2787,481445.0,CAPTURE,8,85
2788,481455.0,REDUCE,8,85
2789,481465.0,EXEC,8,85
2790,481475.0,WRITE,8,85
2791,481485.0,FETCH,8,86
2792,481495.0,CAPTURE,8,86
2793,481505.0,REDUCE,8,86
2794,481515.0,EXEC,8,86
2795,481525.0,WRITE,8,86
2796,481535.0,FETCH,8,87
2797,481545.0,CAPTURE,8,87
2798,481555.0,REDUCE,8,87
2799,481565.0,EXEC,8,87
2800,481575.0,WRITE,8,87
2801,481585.0,FETCH,8,96
2802,481595.0,CAPTURE,8,96
2803,481605.0,REDUCE,8,96
2804,481615.0,EXEC,8,96
2805,481625.0,WRITE,8,96
2806,481635.0,FETCH,8,97
2807,481645.0,CAPTURE,8,97
2808,481655.0,REDUCE,8,97
2809,481665.0,EXEC,8,97
2810,481675.0,WRITE,8,97
2811,481685.0,FETCH,8,98
2812,481695.0,CAPTURE,8,98
2813,481705.0,REDUCE,8,98
2814,481715.0,EXEC,8,98
2815,481725.0,WRITE,8,98
2816,481735.0,FETCH,8,99
2817,481745.0,CAPTURE,8,99
2818,481755.0,REDUCE,8,99
2819,481765.0,EXEC,8,99
2820,481775.0,WRITE,8,99
2821,481785.0,FETCH,8,100
2822,481795.0,CAPTURE,8,100
2823,481805.0,REDUCE,8,100
2824,481815.0,EXEC,8,100
2825,481825.0,WRITE,8,100
2826,481835.0,FETCH,8,101
2827,481845.0,CAPTURE,8,101
2828,481855.0,REDUCE,8,101
2829,481865.0,EXEC,8,101
2830,481875.0,WRITE,8,101
2831,481885.0,FETCH,8,102
2832,481895.0,CAPTURE,8,102
2833,481905.0,REDUCE,8,102
2834,481915.0,EXEC,8,102
2835,481925.0,WRITE,8,102
2836,481935.0,FETCH,8,103
2837,481945.0,CAPTURE,8,103
2838,481955.0,REDUCE,8,103
2839,481965.0,EXEC,8,103
2840,481975.0,WRITE,8,103
2841,481985.0,FETCH,8,112
2842,481995.0,CAPTURE,8,112
2843,482005.0,REDUCE,8,112
2844,482015.0,EXEC,8,112
2845,482025.0,WRITE,8,112
2846,482035.0,FETCH,8,113
2847,482045.0,CAPTURE,8,113
2848,482055.0,REDUCE,8,113
2849,482065.0,EXEC,8,113
2850,482075.0,WRITE,8,113
2851,482085.0,FETCH,8,114
2852,482095.0,CAPTURE,8,114
2853,482105.0,REDUCE,8,114
2854,482115.0,EXEC,8,114
2855,482125.0,WRITE,8,114
2856,482135.0,FETCH,8,115
2857,482145.0,CAPTURE,8,115
2858,482155.0,REDUCE,8,115
2859,482165.0,EXEC,8,115
2860,482175.0,WRITE,8,115
2861,482185.0,FETCH,8,116
2862,482195.0,CAPTURE,8,116
2863,482205.0,REDUCE,8,116
2864,482215.0,EXEC,8,116
2865,482225.0,WRITE,8,116
2866,482235.0,FETCH,8,117
2867,482245.0,CAPTURE,8,117
2868,482255.0,REDUCE,8,117
2869,482265.0,EXEC,8,117
2870,482275.0,WRITE,8,117
2871,482285.0,FETCH,8,118
2872,482295.0,CAPTURE,8,118
2873,482305.0,REDUCE,8,118
2874,482315.0,EXEC,8,118
2875,482325.0,WRITE,8,118
2876,482335.0,FETCH,8,119
2877,482345.0,CAPTURE,8,119
2878,482355.0,REDUCE,8,119
2879,482365.0,EXEC,8,119
2880,482375.0,WRITE,8,119
2881,482385.0,FETCH,8,128
2882,482395.0,CAPTURE,8,128
2883,482405.0,REDUCE,8,128
2884,482415.0,EXEC,8,128
2885,482425.0,WRITE,8,128
2886,482435.0,FETCH,8,129
2887,482445.0,CAPTURE,8,129
2888,482455.0,REDUCE,8,129
2889,482465.0,EXEC,8,129
2890,482475.0,WRITE,8,129
2891,482485.0,FETCH,8,130
2892,482495.0,CAPTURE,8,130
2893,482505.0,REDUCE,8,130
2894,482515.0,EXEC,8,130
2895,482525.0,WRITE,8,130
2896,482535.0,FETCH,8,131
2897,482545.0,CAPTURE,8,131
2898,482555.0,REDUCE,8,131
2899,482565.0,EXEC,8,131
2900,482575.0,WRITE,8,131
2901,482585.0,FETCH,8,132
2902,482595.0,CAPTURE,8,132
2903,482605.0,REDUCE,8,132
2904,482615.0,EXEC,8,132
2905,482625.0,WRITE,8,132
2906,482635.0,FETCH,8,133
2907,482645.0,CAPTURE,8,133
2908,482655.0,REDUCE,8,133
2909,482665.0,EXEC,8,133
2910,482675.0,WRITE,8,133
2911,482685.0,FETCH,8,134
2912,482695.0,CAPTURE,8,134
2913,482705.0,REDUCE,8,134
2914,482715.0,EXEC,8,134
2915,482725.0,WRITE,8,134
2916,482735.0,FETCH,8,135
2917,482745.0,CAPTURE,8,135
2918,482755.0,REDUCE,8,135
2919,482765.0,EXEC,8,135
2920,482775.0,WRITE,8,135
2921,482785.0,FETCH,8,144
2922,482795.0,CAPTURE,8,144
2923,482805.0,REDUCE,8,144
2924,482815.0,EXEC,8,144
2925,482825.0,WRITE,8,144
2926,482835.0,FETCH,8,145
2927,482845.0,CAPTURE,8,145
2928,482855.0,REDUCE,8,145
2929,482865.0,EXEC,8,145
2930,482875.0,WRITE,8,145
2931,482885.0,FETCH,8,146
2932,482895.0,CAPTURE,8,146
2933,482905.0,REDUCE,8,146
2934,482915.0,EXEC,8,146
2935,482925.0,WRITE,8,146
2936,482935.0,FETCH,8,147
2937,482945.0,CAPTURE,8,147
2938,482955.0,REDUCE,8,147
2939,482965.0,EXEC,8,147
2940,482975.0,WRITE,8,147
2941,482985.0,FETCH,8,148
2942,482995.0,CAPTURE,8,148
2943,483005.0,REDUCE,8,148
2944,483015.0,EXEC,8,148
2945,483025.0,WRITE,8,148
2946,483035.0,FETCH,8,149
2947,483045.0,CAPTURE,8,149
2948,483055.0,REDUCE,8,149
2949,483065.0,EXEC,8,149
2950,483075.0,WRITE,8,149
2951,483085.0,FETCH,8,150
2952,483095.0,CAPTURE,8,150
2953,483105.0,REDUCE,8,150
2954,483115.0,EXEC,8,150
2955,483125.0,WRITE,8,150
2956,483135.0,FETCH,8,151
2957,483145.0,CAPTURE,8,151
2958,483155.0,REDUCE,8,151
2959,483165.0,EXEC,8,151
2960,483175.0,WRITE,8,151
2961,483185.0,FETCH,8,160
2962,483195.0,CAPTURE,8,160
2963,483205.0,REDUCE,8,160
2964,483215.0,EXEC,8,160
2965,483225.0,WRITE,8,160
2966,483235.0,FETCH,8,161
2967,483245.0,CAPTURE,8,161
2968,483255.0,REDUCE,8,161
2969,483265.0,EXEC,8,161
2970,483275.0,WRITE,8,161
2971,483285.0,FETCH,8,162
2972,483295.0,CAPTURE,8,162
2973,483305.0,REDUCE,8,162
2974,483315.0,EXEC,8,162
2975,483325.0,WRITE,8,162
2976,483335.0,FETCH,8,163
2977,483345.0,CAPTURE,8,163
2978,483355.0,REDUCE,8,163
2979,483365.0,EXEC,8,163
2980,483375.0,WRITE,8,163
2981,483385.0,FETCH,8,164
2982,483395.0,CAPTURE,8,164
2983,483405.0,REDUCE,8,164
2984,483415.0,EXEC,8,164
2985,483425.0,WRITE,8,164
2986,483435.0,FETCH,8,165
2987,483445.0,CAPTURE,8,165
2988,483455.0,REDUCE,8,165
2989,483465.0,EXEC,8,165
2990,483475.0,WRITE,8,165
2991,483485.0,FETCH,8,166
2992,483495.0,CAPTURE,8,166
2993,483505.0,REDUCE,8,166
2994,483515.0,EXEC,8,166
2995,483525.0,WRITE,8,166
2996,483535.0,FETCH,8,167
2997,483545.0,CAPTURE,8,167
2998,483555.0,REDUCE,8,167
2999,483565.0,EXEC,8,167
3000,483575.0,WRITE,8,167
3001,483585.0,FETCH,8,176
3002,483595.0,CAPTURE,8,176
3003,483605.0,REDUCE,8,176
3004,483615.0,EXEC,8,176
3005,483625.0,WRITE,8,176
3006,483635.0,FETCH,8,177
3007,483645.0,CAPTURE,8,177
3008,483655.0,REDUCE,8,177
3009,483665.0,EXEC,8,177
3010,483675.0,WRITE,8,177
3011,483685.0,FETCH,8,178
3012,483695.0,CAPTURE,8,178
3013,483705.0,REDUCE,8,178
3014,483715.0,EXEC,8,178
3015,483725.0,WRITE,8,178
3016,483735.0,FETCH,8,179
3017,483745.0,CAPTURE,8,179
3018,483755.0,REDUCE,8,179
3019,483765.0,EXEC,8,179
3020,483775.0,WRITE,8,179
3021,483785.0,FETCH,8,180
3022,483795.0,CAPTURE,8,180
3023,483805.0,REDUCE,8,180
3024,483815.0,EXEC,8,180
3025,483825.0,WRITE,8,180
3026,483835.0,FETCH,8,181
3027,483845.0,CAPTURE,8,181
3028,483855.0,REDUCE,8,181
3029,483865.0,EXEC,8,181
3030,483875.0,WRITE,8,181
3031,483885.0,FETCH,8,182
3032,483895.0,CAPTURE,8,182
3033,483905.0,REDUCE,8,182
3034,483915.0,EXEC,8,182
3035,483925.0,WRITE,8,182
3036,483935.0,FETCH,8,183
3037,483945.0,CAPTURE,8,183
3038,483955.0,REDUCE,8,183
3039,483965.0,EXEC,8,183
3040,483975.0,WRITE,8,183
3041,483985.0,FETCH,8,192
3042,483995.0,CAPTURE,8,192
3043,484005.0,REDUCE,8,192
3044,484015.0,EXEC,8,192
3045,484025.0,WRITE,8,192
3046,484035.0,FETCH,8,193
3047,484045.0,CAPTURE,8,193
3048,484055.0,REDUCE,8,193
3049,484065.0,EXEC,8,193
3050,484075.0,WRITE,8,193
3051,484085.0,FETCH,8,194
3052,484095.0,CAPTURE,8,194
3053,484105.0,REDUCE,8,194
3054,484115.0,EXEC,8,194
3055,484125.0,WRITE,8,194
3056,484135.0,FETCH,8,195
3057,484145.0,CAPTURE,8,195
3058,484155.0,REDUCE,8,195
3059,484165.0,EXEC,8,195
3060,484175.0,WRITE,8,195
3061,484185.0,FETCH,8,196
3062,484195.0,CAPTURE,8,196
3063,484205.0,REDUCE,8,196
3064,484215.0,EXEC,8,196
3065,484225.0,WRITE,8,196
3066,484235.0,FETCH,8,197
3067,484245.0,CAPTURE,8,197
3068,484255.0,REDUCE,8,197
3069,484265.0,EXEC,8,197
3070,484275.0,WRITE,8,197
3071,484285.0,FETCH,8,198
3072,484295.0,CAPTURE,8,198
3073,484305.0,REDUCE,8,198
3074,484315.0,EXEC,8,198
3075,484325.0,WRITE,8,198
3076,484335.0,FETCH,8,199
3077,484345.0,CAPTURE,8,199
3078,484355.0,REDUCE,8,199
3079,484365.0,EXEC,8,199
3080,484375.0,WRITE,8,199
3081,484385.0,FETCH,8,208
3082,484395.0,CAPTURE,8,208
3083,484405.0,REDUCE,8,208
3084,484415.0,EXEC,8,208
3085,484425.0,WRITE,8,208
3086,484435.0,FETCH,8,209
3087,484445.0,CAPTURE,8,209
3088,484455.0,REDUCE,8,209
3089,484465.0,EXEC,8,209
3090,484475.0,WRITE,8,209
3091,484485.0,FETCH,8,210
3092,484495.0,CAPTURE,8,210
3093,484505.0,REDUCE,8,210
3094,484515.0,EXEC,8,210
3095,484525.0,WRITE,8,210
3096,484535.0,FETCH,8,211
3097,484545.0,CAPTURE,8,211
3098,484555.0,REDUCE,8,211
3099,484565.0,EXEC,8,211
3100,484575.0,WRITE,8,211
3101,484585.0,FETCH,8,212
3102,484595.0,CAPTURE,8,212
3103,484605.0,REDUCE,8,212
3104,484615.0,EXEC,8,212
3105,484625.0,WRITE,8,212
3106,484635.0,FETCH,8,213
3107,484645.0,CAPTURE,8,213
3108,484655.0,REDUCE,8,213
3109,484665.0,EXEC,8,213
3110,484675.0,WRITE,8,213
3111,484685.0,FETCH,8,214
3112,484695.0,CAPTURE,8,214
3113,484705.0,REDUCE,8,214
3114,484715.0,EXEC,8,214
3115,484725.0,WRITE,8,214
3116,484735.0,FETCH,8,215
3117,484745.0,CAPTURE,8,215
3118,484755.0,REDUCE,8,215
3119,484765.0,EXEC,8,215
3120,484775.0,WRITE,8,215
3121,484785.0,FETCH,8,224
3122,484795.0,CAPTURE,8,224
3123,484805.0,REDUCE,8,224
3124,484815.0,EXEC,8,224
3125,484825.0,WRITE,8,224
3126,484835.0,FETCH,8,225
3127,484845.0,CAPTURE,8,225
3128,484855.0,REDUCE,8,225
3129,484865.0,EXEC,8,225
3130,484875.0,WRITE,8,225
3131,484885.0,FETCH,8,226
3132,484895.0,CAPTURE,8,226
3133,484905.0,REDUCE,8,226
3134,484915.0,EXEC,8,226
3135,484925.0,WRITE,8,226
3136,484935.0,FETCH,8,227
3137,484945.0,CAPTURE,8,227
3138,484955.0,REDUCE,8,227
3139,484965.0,EXEC,8,227
3140,484975.0,WRITE,8,227
3141,484985.0,FETCH,8,228
3142,484995.0,CAPTURE,8,228
3143,485005.0,REDUCE,8,228
3144,485015.0,EXEC,8,228
3145,485025.0,WRITE,8,228
3146,485035.0,FETCH,8,229
3147,485045.0,CAPTURE,8,229
3148,485055.0,REDUCE,8,229
3149,485065.0,EXEC,8,229
3150,485075.0,WRITE,8,229
3151,485085.0,FETCH,8,230
3152,485095.0,CAPTURE,8,230
3153,485105.0,REDUCE,8,230
3154,485115.0,EXEC,8,230
3155,485125.0,WRITE,8,230
3156,485135.0,FETCH,8,231
3157,485145.0,CAPTURE,8,231
3158,485155.0,REDUCE,8,231
3159,485165.0,EXEC,8,231
3160,485175.0,WRITE,8,231
3161,485185.0,FETCH,8,240
3162,485195.0,CAPTURE,8,240
3163,485205.0,REDUCE,8,240
3164,485215.0,EXEC,8,240
3165,485225.0,WRITE,8,240
3166,485235.0,FETCH,8,241
3167,485245.0,CAPTURE,8,241
3168,485255.0,REDUCE,8,241
3169,485265.0,EXEC,8,241
3170,485275.0,WRITE,8,241
3171,485285.0,FETCH,8,242
3172,485295.0,CAPTURE,8,242
3173,485305.0,REDUCE,8,242
3174,485315.0,EXEC,8,242
3175,485325.0,WRITE,8,242
3176,485335.0,FETCH,8,243
3177,485345.0,CAPTURE,8,243
3178,485355.0,REDUCE,8,243
3179,485365.0,EXEC,8,243
3180,485375.0,WRITE,8,243
3181,485385.0,FETCH,8,244
3182,485395.0,CAPTURE,8,244
3183,485405.0,REDUCE,8,244
3184,485415.0,EXEC,8,244
3185,485425.0,WRITE,8,244
3186,485435.0,FETCH,8,245
3187,485445.0,CAPTURE,8,245
3188,485455.0,REDUCE,8,245
3189,485465.0,EXEC,8,245
3190,485475.0,WRITE,8,245
3191,485485.0,FETCH,8,246
3192,485495.0,CAPTURE,8,246
3193,485505.0,REDUCE,8,246
3194,485515.0,EXEC,8,246
3195,485525.0,WRITE,8,246
3196,485535.0,FETCH,8,247
3197,485545.0,CAPTURE,8,247
3198,485555.0,REDUCE,8,247
3199,485565.0,EXEC,8,247
3200,485575.0,WRITE,8,247
3201,485585.0,FETCH,4,0
3202,485595.0,CAPTURE,4,0
3203,485605.0,REDUCE,4,0
3204,485615.0,EXEC,4,0
3205,485625.0,WRITE,4,0
3206,485635.0,FETCH,4,1
3207,485645.0,CAPTURE,4,1
3208,485655.0,REDUCE,4,1
3209,485665.0,EXEC,4,1
3210,485675.0,WRITE,4,1
3211,485685.0,FETCH,4,2
3212,485695.0,CAPTURE,4,2
3213,485705.0,REDUCE,4,2
3214,485715.0,EXEC,4,2
3215,485725.0,WRITE,4,2
3216,485735.0,FETCH,4,3
3217,485745.0,CAPTURE,4,3
3218,485755.0,REDUCE,4,3
3219,485765.0,EXEC,4,3
3220,485775.0,WRITE,4,3
3221,485785.0,FETCH,4,8
3222,485795.0,CAPTURE,4,8
3223,485805.0,REDUCE,4,8
3224,485815.0,EXEC,4,8
3225,485825.0,WRITE,4,8
3226,485835.0,FETCH,4,9
3227,485845.0,CAPTURE,4,9
3228,485855.0,REDUCE,4,9
3229,485865.0,EXEC,4,9
3230,485875.0,WRITE,4,9
3231,485885.0,FETCH,4,10
3232,485895.0,CAPTURE,4,10
3233,485905.0,REDUCE,4,10
3234,485915.0,EXEC,4,10
3235,485925.0,WRITE,4,10
3236,485935.0,FETCH,4,11
3237,485945.0,CAPTURE,4,11
3238,485955.0,REDUCE,4,11
3239,485965.0,EXEC,4,11
3240,485975.0,WRITE,4,11
3241,485985.0,FETCH,4,16
3242,485995.0,CAPTURE,4,16
3243,486005.0,REDUCE,4,16
3244,486015.0,EXEC,4,16
3245,486025.0,WRITE,4,16
3246,486035.0,FETCH,4,17
3247,486045.0,CAPTURE,4,17
3248,486055.0,REDUCE,4,17
3249,486065.0,EXEC,4,17
3250,486075.0,WRITE,4,17
3251,486085.0,FETCH,4,18
3252,486095.0,CAPTURE,4,18
3253,486105.0,REDUCE,4,18
3254,486115.0,EXEC,4,18
3255,486125.0,WRITE,4,18
3256,486135.0,FETCH,4,19
3257,486145.0,CAPTURE,4,19
3258,486155.0,REDUCE,4,19
3259,486165.0,EXEC,4,19
3260,486175.0,WRITE,4,19
3261,486185.0,FETCH,4,24
3262,486195.0,CAPTURE,4,24
3263,486205.0,REDUCE,4,24
3264,486215.0,EXEC,4,24
3265,486225.0,WRITE,4,24
3266,486235.0,FETCH,4,25
3267,486245.0,CAPTURE,4,25
3268,486255.0,REDUCE,4,25
3269,486265.0,EXEC,4,25
3270,486275.0,WRITE,4,25
3271,486285.0,FETCH,4,26
3272,486295.0,CAPTURE,4,26
3273,486305.0,REDUCE,4,26
3274,486315.0,EXEC,4,26
3275,486325.0,WRITE,4,26
3276,486335.0,FETCH,4,27
3277,486345.0,CAPTURE,4,27
3278,486355.0,REDUCE,4,27
3279,486365.0,EXEC,4,27
3280,486375.0,WRITE,4,27
3281,486385.0,FETCH,4,32
3282,486395.0,CAPTURE,4,32
3283,486405.0,REDUCE,4,32
3284,486415.0,EXEC,4,32
3285,486425.0,WRITE,4,32
3286,486435.0,FETCH,4,33
3287,486445.0,CAPTURE,4,33
3288,486455.0,REDUCE,4,33
3289,486465.0,EXEC,4,33
3290,486475.0,WRITE,4,33
3291,486485.0,FETCH,4,34
3292,486495.0,CAPTURE,4,34
3293,486505.0,REDUCE,4,34
3294,486515.0,EXEC,4,34
3295,486525.0,WRITE,4,34
3296,486535.0,FETCH,4,35
3297,486545.0,CAPTURE,4,35
3298,486555.0,REDUCE,4,35
3299,486565.0,EXEC,4,35
3300,486575.0,WRITE,4,35
3301,486585.0,FETCH,4,40
3302,486595.0,CAPTURE,4,40
3303,486605.0,REDUCE,4,40
3304,486615.0,EXEC,4,40
3305,486625.0,WRITE,4,40
3306,486635.0,FETCH,4,41
3307,486645.0,CAPTURE,4,41
3308,486655.0,REDUCE,4,41
3309,486665.0,EXEC,4,41
3310,486675.0,WRITE,4,41
3311,486685.0,FETCH,4,42
3312,486695.0,CAPTURE,4,42
3313,486705.0,REDUCE,4,42
3314,486715.0,EXEC,4,42
3315,486725.0,WRITE,4,42
3316,486735.0,FETCH,4,43
3317,486745.0,CAPTURE,4,43
3318,486755.0,REDUCE,4,43
3319,486765.0,EXEC,4,43
3320,486775.0,WRITE,4,43
3321,486785.0,FETCH,4,48
3322,486795.0,CAPTURE,4,48
3323,486805.0,REDUCE,4,48
3324,486815.0,EXEC,4,48
3325,486825.0,WRITE,4,48
3326,486835.0,FETCH,4,49
3327,486845.0,CAPTURE,4,49
3328,486855.0,REDUCE,4,49
3329,486865.0,EXEC,4,49
3330,486875.0,WRITE,4,49
3331,486885.0,FETCH,4,50
3332,486895.0,CAPTURE,4,50
3333,486905.0,REDUCE,4,50
3334,486915.0,EXEC,4,50
3335,486925.0,WRITE,4,50
3336,486935.0,FETCH,4,51
3337,486945.0,CAPTURE,4,51
3338,486955.0,REDUCE,4,51
3339,486965.0,EXEC,4,51
3340,486975.0,WRITE,4,51
3341,486985.0,FETCH,4,56
3342,486995.0,CAPTURE,4,56
3343,487005.0,REDUCE,4,56
3344,487015.0,EXEC,4,56
3345,487025.0,WRITE,4,56
3346,487035.0,FETCH,4,57
3347,487045.0,CAPTURE,4,57
3348,487055.0,REDUCE,4,57
3349,487065.0,EXEC,4,57
3350,487075.0,WRITE,4,57
3351,487085.0,FETCH,4,58
3352,487095.0,CAPTURE,4,58
3353,487105.0,REDUCE,4,58
3354,487115.0,EXEC,4,58
3355,487125.0,WRITE,4,58
3356,487135.0,FETCH,4,59
3357,487145.0,CAPTURE,4,59
3358,487155.0,REDUCE,4,59
3359,487165.0,EXEC,4,59
3360,487175.0,WRITE,4,59
3361,487185.0,FETCH,4,64
3362,487195.0,CAPTURE,4,64
3363,487205.0,REDUCE,4,64
3364,487215.0,EXEC,4,64
3365,487225.0,WRITE,4,64
3366,487235.0,FETCH,4,65
3367,487245.0,CAPTURE,4,65
3368,487255.0,REDUCE,4,65
3369,487265.0,EXEC,4,65
3370,487275.0,WRITE,4,65
3371,487285.0,FETCH,4,66
3372,487295.0,CAPTURE,4,66
3373,487305.0,REDUCE,4,66
3374,487315.0,EXEC,4,66
3375,487325.0,WRITE,4,66
3376,487335.0,FETCH,4,67
3377,487345.0,CAPTURE,4,67
3378,487355.0,REDUCE,4,67
3379,487365.0,EXEC,4,67
3380,487375.0,WRITE,4,67
3381,487385.0,FETCH,4,72
3382,487395.0,CAPTURE,4,72
3383,487405.0,REDUCE,4,72
3384,487415.0,EXEC,4,72
3385,487425.0,WRITE,4,72
3386,487435.0,FETCH,4,73
3387,487445.0,CAPTURE,4,73
3388,487455.0,REDUCE,4,73
3389,487465.0,EXEC,4,73
3390,487475.0,WRITE,4,73
3391,487485.0,FETCH,4,74
3392,487495.0,CAPTURE,4,74
3393,487505.0,REDUCE,4,74
3394,487515.0,EXEC,4,74
3395,487525.0,WRITE,4,74
3396,487535.0,FETCH,4,75
3397,487545.0,CAPTURE,4,75
3398,487555.0,REDUCE,4,75
3399,487565.0,EXEC,4,75
3400,487575.0,WRITE,4,75
3401,487585.0,FETCH,4,80
3402,487595.0,CAPTURE,4,80
3403,487605.0,REDUCE,4,80
3404,487615.0,EXEC,4,80
3405,487625.0,WRITE,4,80
3406,487635.0,FETCH,4,81
3407,487645.0,CAPTURE,4,81
3408,487655.0,REDUCE,4,81
3409,487665.0,EXEC,4,81
3410,487675.0,WRITE,4,81
3411,487685.0,FETCH,4,82
3412,487695.0,CAPTURE,4,82
3413,487705.0,REDUCE,4,82
3414,487715.0,EXEC,4,82
3415,487725.0,WRITE,4,82
3416,487735.0,FETCH,4,83
3417,487745.0,CAPTURE,4,83
3418,487755.0,REDUCE,4,83
3419,487765.0,EXEC,4,83
3420,487775.0,WRITE,4,83
3421,487785.0,FETCH,4,88
3422,487795.0,CAPTURE,4,88
3423,487805.0,REDUCE,4,88
3424,487815.0,EXEC,4,88
3425,487825.0,WRITE,4,88
3426,487835.0,FETCH,4,89
3427,487845.0,CAPTURE,4,89
3428,487855.0,REDUCE,4,89
3429,487865.0,EXEC,4,89
3430,487875.0,WRITE,4,89
3431,487885.0,FETCH,4,90
3432,487895.0,CAPTURE,4,90
3433,487905.0,REDUCE,4,90
3434,487915.0,EXEC,4,90
3435,487925.0,WRITE,4,90
3436,487935.0,FETCH,4,91
3437,487945.0,CAPTURE,4,91
3438,487955.0,REDUCE,4,91
3439,487965.0,EXEC,4,91
3440,487975.0,WRITE,4,91
3441,487985.0,FETCH,4,96
3442,487995.0,CAPTURE,4,96
3443,488005.0,REDUCE,4,96
3444,488015.0,EXEC,4,96
3445,488025.0,WRITE,4,96
3446,488035.0,FETCH,4,97
3447,488045.0,CAPTURE,4,97
3448,488055.0,REDUCE,4,97
3449,488065.0,EXEC,4,97
3450,488075.0,WRITE,4,97
3451,488085.0,FETCH,4,98
3452,488095.0,CAPTURE,4,98
3453,488105.0,REDUCE,4,98
3454,488115.0,EXEC,4,98
3455,488125.0,WRITE,4,98
3456,488135.0,FETCH,4,99
3457,488145.0,CAPTURE,4,99
3458,488155.0,REDUCE,4,99
3459,488165.0,EXEC,4,99
3460,488175.0,WRITE,4,99
3461,488185.0,FETCH,4,104
3462,488195.0,CAPTURE,4,104
3463,488205.0,REDUCE,4,104
3464,488215.0,EXEC,4,104
3465,488225.0,WRITE,4,104
3466,488235.0,FETCH,4,105
3467,488245.0,CAPTURE,4,105
3468,488255.0,REDUCE,4,105
3469,488265.0,EXEC,4,105
3470,488275.0,WRITE,4,105
3471,488285.0,FETCH,4,106
3472,488295.0,CAPTURE,4,106
3473,488305.0,REDUCE,4,106
3474,488315.0,EXEC,4,106
3475,488325.0,WRITE,4,106
3476,488335.0,FETCH,4,107
3477,488345.0,CAPTURE,4,107
3478,488355.0,REDUCE,4,107
3479,488365.0,EXEC,4,107
3480,488375.0,WRITE,4,107
3481,488385.0,FETCH,4,112
3482,488395.0,CAPTURE,4,112
3483,488405.0,REDUCE,4,112
3484,488415.0,EXEC,4,112
3485,488425.0,WRITE,4,112
3486,488435.0,FETCH,4,113
3487,488445.0,CAPTURE,4,113
3488,488455.0,REDUCE,4,113
3489,488465.0,EXEC,4,113
3490,488475.0,WRITE,4,113
3491,488485.0,FETCH,4,114
3492,488495.0,CAPTURE,4,114
3493,488505.0,REDUCE,4,114
3494,488515.0,EXEC,4,114
3495,488525.0,WRITE,4,114
3496,488535.0,FETCH,4,115
3497,488545.0,CAPTURE,4,115
3498,488555.0,REDUCE,4,115
3499,488565.0,EXEC,4,115
3500,488575.0,WRITE,4,115
3501,488585.0,FETCH,4,120
3502,488595.0,CAPTURE,4,120
3503,488605.0,REDUCE,4,120
3504,488615.0,EXEC,4,120
3505,488625.0,WRITE,4,120
3506,488635.0,FETCH,4,121
3507,488645.0,CAPTURE,4,121
3508,488655.0,REDUCE,4,121
3509,488665.0,EXEC,4,121
3510,488675.0,WRITE,4,121
3511,488685.0,FETCH,4,122
3512,488695.0,CAPTURE,4,122
3513,488705.0,REDUCE,4,122
3514,488715.0,EXEC,4,122
3515,488725.0,WRITE,4,122
3516,488735.0,FETCH,4,123
3517,488745.0,CAPTURE,4,123
3518,488755.0,REDUCE,4,123
3519,488765.0,EXEC,4,123
3520,488775.0,WRITE,4,123
3521,488785.0,FETCH,4,128
3522,488795.0,CAPTURE,4,128
3523,488805.0,REDUCE,4,128
3524,488815.0,EXEC,4,128
3525,488825.0,WRITE,4,128
3526,488835.0,FETCH,4,129
3527,488845.0,CAPTURE,4,129
3528,488855.0,REDUCE,4,129
3529,488865.0,EXEC,4,129
3530,488875.0,WRITE,4,129
3531,488885.0,FETCH,4,130
3532,488895.0,CAPTURE,4,130
3533,488905.0,REDUCE,4,130
3534,488915.0,EXEC,4,130
3535,488925.0,WRITE,4,130
3536,488935.0,FETCH,4,131
3537,488945.0,CAPTURE,4,131
3538,488955.0,REDUCE,4,131
3539,488965.0,EXEC,4,131
3540,488975.0,WRITE,4,131
3541,488985.0,FETCH,4,136
3542,488995.0,CAPTURE,4,136
3543,489005.0,REDUCE,4,136
3544,489015.0,EXEC,4,136
3545,489025.0,WRITE,4,136
3546,489035.0,FETCH,4,137
3547,489045.0,CAPTURE,4,137
3548,489055.0,REDUCE,4,137
3549,489065.0,EXEC,4,137
3550,489075.0,WRITE,4,137
3551,489085.0,FETCH,4,138
3552,489095.0,CAPTURE,4,138
3553,489105.0,REDUCE,4,138
3554,489115.0,EXEC,4,138
3555,489125.0,WRITE,4,138
3556,489135.0,FETCH,4,139
3557,489145.0,CAPTURE,4,139
3558,489155.0,REDUCE,4,139
3559,489165.0,EXEC,4,139
3560,489175.0,WRITE,4,139
3561,489185.0,FETCH,4,144
3562,489195.0,CAPTURE,4,144
3563,489205.0,REDUCE,4,144
3564,489215.0,EXEC,4,144
3565,489225.0,WRITE,4,144
3566,489235.0,FETCH,4,145
3567,489245.0,CAPTURE,4,145
3568,489255.0,REDUCE,4,145
3569,489265.0,EXEC,4,145
3570,489275.0,WRITE,4,145
3571,489285.0,FETCH,4,146
3572,489295.0,CAPTURE,4,146
3573,489305.0,REDUCE,4,146
3574,489315.0,EXEC,4,146
3575,489325.0,WRITE,4,146
3576,489335.0,FETCH,4,147
3577,489345.0,CAPTURE,4,147
3578,489355.0,REDUCE,4,147
3579,489365.0,EXEC,4,147
3580,489375.0,WRITE,4,147
3581,489385.0,FETCH,4,152
3582,489395.0,CAPTURE,4,152
3583,489405.0,REDUCE,4,152
3584,489415.0,EXEC,4,152
3585,489425.0,WRITE,4,152
3586,489435.0,FETCH,4,153
3587,489445.0,CAPTURE,4,153
3588,489455.0,REDUCE,4,153
3589,489465.0,EXEC,4,153
3590,489475.0,WRITE,4,153
3591,489485.0,FETCH,4,154
3592,489495.0,CAPTURE,4,154
3593,489505.0,REDUCE,4,154
3594,489515.0,EXEC,4,154
3595,489525.0,WRITE,4,154
3596,489535.0,FETCH,4,155
3597,489545.0,CAPTURE,4,155
3598,489555.0,REDUCE,4,155
3599,489565.0,EXEC,4,155
3600,489575.0,WRITE,4,155
3601,489585.0,FETCH,4,160
3602,489595.0,CAPTURE,4,160
3603,489605.0,REDUCE,4,160
3604,489615.0,EXEC,4,160
3605,489625.0,WRITE,4,160
3606,489635.0,FETCH,4,161
3607,489645.0,CAPTURE,4,161
3608,489655.0,REDUCE,4,161
3609,489665.0,EXEC,4,161
3610,489675.0,WRITE,4,161
3611,489685.0,FETCH,4,162
3612,489695.0,CAPTURE,4,162
3613,489705.0,REDUCE,4,162
3614,489715.0,EXEC,4,162
3615,489725.0,WRITE,4,162
3616,489735.0,FETCH,4,163
3617,489745.0,CAPTURE,4,163
3618,489755.0,REDUCE,4,163
3619,489765.0,EXEC,4,163
3620,489775.0,WRITE,4,163
3621,489785.0,FETCH,4,168
3622,489795.0,CAPTURE,4,168
3623,489805.0,REDUCE,4,168
3624,489815.0,EXEC,4,168
3625,489825.0,WRITE,4,168
3626,489835.0,FETCH,4,169
3627,489845.0,CAPTURE,4,169
3628,489855.0,REDUCE,4,169
3629,489865.0,EXEC,4,169
3630,489875.0,WRITE,4,169
3631,489885.0,FETCH,4,170
3632,489895.0,CAPTURE,4,170
3633,489905.0,REDUCE,4,170
3634,489915.0,EXEC,4,170
3635,489925.0,WRITE,4,170
3636,489935.0,FETCH,4,171
3637,489945.0,CAPTURE,4,171
3638,489955.0,REDUCE,4,171
3639,489965.0,EXEC,4,171
3640,489975.0,WRITE,4,171
3641,489985.0,FETCH,4,176
3642,489995.0,CAPTURE,4,176
3643,490005.0,REDUCE,4,176
3644,490015.0,EXEC,4,176
3645,490025.0,WRITE,4,176
3646,490035.0,FETCH,4,177
3647,490045.0,CAPTURE,4,177
3648,490055.0,REDUCE,4,177
3649,490065.0,EXEC,4,177
3650,490075.0,WRITE,4,177
3651,490085.0,FETCH,4,178
3652,490095.0,CAPTURE,4,178
3653,490105.0,REDUCE,4,178
3654,490115.0,EXEC,4,178
3655,490125.0,WRITE,4,178
3656,490135.0,FETCH,4,179
3657,490145.0,CAPTURE,4,179
3658,490155.0,REDUCE,4,179
3659,490165.0,EXEC,4,179
3660,490175.0,WRITE,4,179
3661,490185.0,FETCH,4,184
3662,490195.0,CAPTURE,4,184
3663,490205.0,REDUCE,4,184
3664,490215.0,EXEC,4,184
3665,490225.0,WRITE,4,184
3666,490235.0,FETCH,4,185
3667,490245.0,CAPTURE,4,185
3668,490255.0,REDUCE,4,185
3669,490265.0,EXEC,4,185
3670,490275.0,WRITE,4,185
3671,490285.0,FETCH,4,186
3672,490295.0,CAPTURE,4,186
3673,490305.0,REDUCE,4,186
3674,490315.0,EXEC,4,186
3675,490325.0,WRITE,4,186
3676,490335.0,FETCH,4,187
3677,490345.0,CAPTURE,4,187
3678,490355.0,REDUCE,4,187
3679,490365.0,EXEC,4,187
3680,490375.0,WRITE,4,187
3681,490385.0,FETCH,4,192
3682,490395.0,CAPTURE,4,192
3683,490405.0,REDUCE,4,192
3684,490415.0,EXEC,4,192
3685,490425.0,WRITE,4,192
3686,490435.0,FETCH,4,193
3687,490445.0,CAPTURE,4,193
3688,490455.0,REDUCE,4,193
3689,490465.0,EXEC,4,193
3690,490475.0,WRITE,4,193
3691,490485.0,FETCH,4,194
3692,490495.0,CAPTURE,4,194
3693,490505.0,REDUCE,4,194
3694,490515.0,EXEC,4,194
3695,490525.0,WRITE,4,194
3696,490535.0,FETCH,4,195
3697,490545.0,CAPTURE,4,195
3698,490555.0,REDUCE,4,195
3699,490565.0,EXEC,4,195
3700,490575.0,WRITE,4,195
3701,490585.0,FETCH,4,200
3702,490595.0,CAPTURE,4,200
3703,490605.0,REDUCE,4,200
3704,490615.0,EXEC,4,200
3705,490625.0,WRITE,4,200
3706,490635.0,FETCH,4,201
3707,490645.0,CAPTURE,4,201
3708,490655.0,REDUCE,4,201
3709,490665.0,EXEC,4,201
3710,490675.0,WRITE,4,201
3711,490685.0,FETCH,4,202
3712,490695.0,CAPTURE,4,202
3713,490705.0,REDUCE,4,202
3714,490715.0,EXEC,4,202
3715,490725.0,WRITE,4,202
3716,490735.0,FETCH,4,203
3717,490745.0,CAPTURE,4,203
3718,490755.0,REDUCE,4,203
3719,490765.0,EXEC,4,203
3720,490775.0,WRITE,4,203
3721,490785.0,FETCH,4,208
3722,490795.0,CAPTURE,4,208
3723,490805.0,REDUCE,4,208
3724,490815.0,EXEC,4,208
3725,490825.0,WRITE,4,208
3726,490835.0,FETCH,4,209
3727,490845.0,CAPTURE,4,209
3728,490855.0,REDUCE,4,209
3729,490865.0,EXEC,4,209
3730,490875.0,WRITE,4,209
3731,490885.0,FETCH,4,210
3732,490895.0,CAPTURE,4,210
3733,490905.0,REDUCE,4,210
3734,490915.0,EXEC,4,210
3735,490925.0,WRITE,4,210
3736,490935.0,FETCH,4,211
3737,490945.0,CAPTURE,4,211
3738,490955.0,REDUCE,4,211
3739,490965.0,EXEC,4,211
3740,490975.0,WRITE,4,211
3741,490985.0,FETCH,4,216
3742,490995.0,CAPTURE,4,216
3743,491005.0,REDUCE,4,216
3744,491015.0,EXEC,4,216
3745,491025.0,WRITE,4,216
3746,491035.0,FETCH,4,217
3747,491045.0,CAPTURE,4,217
3748,491055.0,REDUCE,4,217
3749,491065.0,EXEC,4,217
3750,491075.0,WRITE,4,217
3751,491085.0,FETCH,4,218
3752,491095.0,CAPTURE,4,218
3753,491105.0,REDUCE,4,218
3754,491115.0,EXEC,4,218
3755,491125.0,WRITE,4,218
3756,491135.0,FETCH,4,219
3757,491145.0,CAPTURE,4,219
3758,491155.0,REDUCE,4,219
3759,491165.0,EXEC,4,219
3760,491175.0,WRITE,4,219
3761,491185.0,FETCH,4,224
3762,491195.0,CAPTURE,4,224
3763,491205.0,REDUCE,4,224
3764,491215.0,EXEC,4,224
3765,491225.0,WRITE,4,224
3766,491235.0,FETCH,4,225
3767,491245.0,CAPTURE,4,225
3768,491255.0,REDUCE,4,225
3769,491265.0,EXEC,4,225
3770,491275.0,WRITE,4,225
3771,491285.0,FETCH,4,226
3772,491295.0,CAPTURE,4,226
3773,491305.0,REDUCE,4,226
3774,491315.0,EXEC,4,226
3775,491325.0,WRITE,4,226
3776,491335.0,FETCH,4,227
3777,491345.0,CAPTURE,4,227
3778,491355.0,REDUCE,4,227
3779,491365.0,EXEC,4,227
3780,491375.0,WRITE,4,227
3781,491385.0,FETCH,4,232
3782,491395.0,CAPTURE,4,232
3783,491405.0,REDUCE,4,232
3784,491415.0,EXEC,4,232
3785,491425.0,WRITE,4,232
3786,491435.0,FETCH,4,233
3787,491445.0,CAPTURE,4,233
3788,491455.0,REDUCE,4,233
3789,491465.0,EXEC,4,233
3790,491475.0,WRITE,4,233
3791,491485.0,FETCH,4,234
3792,491495.0,CAPTURE,4,234
3793,491505.0,REDUCE,4,234
3794,491515.0,EXEC,4,234
3795,491525.0,WRITE,4,234
3796,491535.0,FETCH,4,235
3797,491545.0,CAPTURE,4,235
3798,491555.0,REDUCE,4,235
3799,491565.0,EXEC,4,235
3800,491575.0,WRITE,4,235
3801,491585.0,FETCH,4,240
3802,491595.0,CAPTURE,4,240
3803,491605.0,REDUCE,4,240
3804,491615.0,EXEC,4,240
3805,491625.0,WRITE,4,240
3806,491635.0,FETCH,4,241
3807,491645.0,CAPTURE,4,241
3808,491655.0,REDUCE,4,241
3809,491665.0,EXEC,4,241
3810,491675.0,WRITE,4,241
3811,491685.0,FETCH,4,242
3812,491695.0,CAPTURE,4,242
3813,491705.0,REDUCE,4,242
3814,491715.0,EXEC,4,242
3815,491725.0,WRITE,4,242
3816,491735.0,FETCH,4,243
3817,491745.0,CAPTURE,4,243
3818,491755.0,REDUCE,4,243
3819,491765.0,EXEC,4,243
3820,491775.0,WRITE,4,243
3821,491785.0,FETCH,4,248
3822,491795.0,CAPTURE,4,248
3823,491805.0,REDUCE,4,248
3824,491815.0,EXEC,4,248
3825,491825.0,WRITE,4,248
3826,491835.0,FETCH,4,249
3827,491845.0,CAPTURE,4,249
3828,491855.0,REDUCE,4,249
3829,491865.0,EXEC,4,249
3830,491875.0,WRITE,4,249
3831,491885.0,FETCH,4,250
3832,491895.0,CAPTURE,4,250
3833,491905.0,REDUCE,4,250
3834,491915.0,EXEC,4,250
3835,491925.0,WRITE,4,250
3836,491935.0,FETCH,4,251
3837,491945.0,CAPTURE,4,251
3838,491955.0,REDUCE,4,251
3839,491965.0,EXEC,4,251
3840,491975.0,WRITE,4,251
3841,491985.0,FETCH,2,0
3842,491995.0,CAPTURE,2,0
3843,492005.0,REDUCE,2,0
3844,492015.0,EXEC,2,0
3845,492025.0,WRITE,2,0
3846,492035.0,FETCH,2,1
3847,492045.0,CAPTURE,2,1
3848,492055.0,REDUCE,2,1
3849,492065.0,EXEC,2,1
3850,492075.0,WRITE,2,1
3851,492085.0,FETCH,2,4
3852,492095.0,CAPTURE,2,4
3853,492105.0,REDUCE,2,4
3854,492115.0,EXEC,2,4
3855,492125.0,WRITE,2,4
3856,492135.0,FETCH,2,5
3857,492145.0,CAPTURE,2,5
3858,492155.0,REDUCE,2,5
3859,492165.0,EXEC,2,5
3860,492175.0,WRITE,2,5
3861,492185.0,FETCH,2,8
3862,492195.0,CAPTURE,2,8
3863,492205.0,REDUCE,2,8
3864,492215.0,EXEC,2,8
3865,492225.0,WRITE,2,8
3866,492235.0,FETCH,2,9
3867,492245.0,CAPTURE,2,9
3868,492255.0,REDUCE,2,9
3869,492265.0,EXEC,2,9
3870,492275.0,WRITE,2,9
3871,492285.0,FETCH,2,12
3872,492295.0,CAPTURE,2,12
3873,492305.0,REDUCE,2,12
3874,492315.0,EXEC,2,12
3875,492325.0,WRITE,2,12
3876,492335.0,FETCH,2,13
3877,492345.0,CAPTURE,2,13
3878,492355.0,REDUCE,2,13
3879,492365.0,EXEC,2,13
3880,492375.0,WRITE,2,13
3881,492385.0,FETCH,2,16
3882,492395.0,CAPTURE,2,16
3883,492405.0,REDUCE,2,16
3884,492415.0,EXEC,2,16
3885,492425.0,WRITE,2,16
3886,492435.0,FETCH,2,17
3887,492445.0,CAPTURE,2,17
3888,492455.0,REDUCE,2,17
3889,492465.0,EXEC,2,17
3890,492475.0,WRITE,2,17
3891,492485.0,FETCH,2,20
3892,492495.0,CAPTURE,2,20
3893,492505.0,REDUCE,2,20
3894,492515.0,EXEC,2,20
3895,492525.0,WRITE,2,20
3896,492535.0,FETCH,2,21
3897,492545.0,CAPTURE,2,21
3898,492555.0,REDUCE,2,21
3899,492565.0,EXEC,2,21
3900,492575.0,WRITE,2,21
3901,492585.0,FETCH,2,24
3902,492595.0,CAPTURE,2,24
3903,492605.0,REDUCE,2,24
3904,492615.0,EXEC,2,24
3905,492625.0,WRITE,2,24
3906,492635.0,FETCH,2,25
3907,492645.0,CAPTURE,2,25
3908,492655.0,REDUCE,2,25
3909,492665.0,EXEC,2,25
3910,492675.0,WRITE,2,25
3911,492685.0,FETCH,2,28
3912,492695.0,CAPTURE,2,28
3913,492705.0,REDUCE,2,28
3914,492715.0,EXEC,2,28
3915,492725.0,WRITE,2,28
3916,492735.0,FETCH,2,29
3917,492745.0,CAPTURE,2,29
3918,492755.0,REDUCE,2,29
3919,492765.0,EXEC,2,29
3920,492775.0,WRITE,2,29
3921,492785.0,FETCH,2,32
3922,492795.0,CAPTURE,2,32
3923,492805.0,REDUCE,2,32
3924,492815.0,EXEC,2,32
3925,492825.0,WRITE,2,32
3926,492835.0,FETCH,2,33
3927,492845.0,CAPTURE,2,33
3928,492855.0,REDUCE,2,33
3929,492865.0,EXEC,2,33
3930,492875.0,WRITE,2,33
3931,492885.0,FETCH,2,36
3932,492895.0,CAPTURE,2,36
3933,492905.0,REDUCE,2,36
3934,492915.0,EXEC,2,36
3935,492925.0,WRITE,2,36
3936,492935.0,FETCH,2,37
3937,492945.0,CAPTURE,2,37
3938,492955.0,REDUCE,2,37
3939,492965.0,EXEC,2,37
3940,492975.0,WRITE,2,37
3941,492985.0,FETCH,2,40
3942,492995.0,CAPTURE,2,40
3943,493005.0,REDUCE,2,40
3944,493015.0,EXEC,2,40
3945,493025.0,WRITE,2,40
3946,493035.0,FETCH,2,41
3947,493045.0,CAPTURE,2,41
3948,493055.0,REDUCE,2,41
3949,493065.0,EXEC,2,41
3950,493075.0,WRITE,2,41
3951,493085.0,FETCH,2,44
3952,493095.0,CAPTURE,2,44
3953,493105.0,REDUCE,2,44
3954,493115.0,EXEC,2,44
3955,493125.0,WRITE,2,44
3956,493135.0,FETCH,2,45
3957,493145.0,CAPTURE,2,45
3958,493155.0,REDUCE,2,45
3959,493165.0,EXEC,2,45
3960,493175.0,WRITE,2,45
3961,493185.0,FETCH,2,48
3962,493195.0,CAPTURE,2,48
3963,493205.0,REDUCE,2,48
3964,493215.0,EXEC,2,48
3965,493225.0,WRITE,2,48
3966,493235.0,FETCH,2,49
3967,493245.0,CAPTURE,2,49
3968,493255.0,REDUCE,2,49
3969,493265.0,EXEC,2,49
3970,493275.0,WRITE,2,49
3971,493285.0,FETCH,2,52
3972,493295.0,CAPTURE,2,52
3973,493305.0,REDUCE,2,52
3974,493315.0,EXEC,2,52
3975,493325.0,WRITE,2,52
3976,493335.0,FETCH,2,53
3977,493345.0,CAPTURE,2,53
3978,493355.0,REDUCE,2,53
3979,493365.0,EXEC,2,53
3980,493375.0,WRITE,2,53
3981,493385.0,FETCH,2,56
3982,493395.0,CAPTURE,2,56
3983,493405.0,REDUCE,2,56
3984,493415.0,EXEC,2,56
3985,493425.0,WRITE,2,56
3986,493435.0,FETCH,2,57
3987,493445.0,CAPTURE,2,57
3988,493455.0,REDUCE,2,57
3989,493465.0,EXEC,2,57
3990,493475.0,WRITE,2,57
3991,493485.0,FETCH,2,60
3992,493495.0,CAPTURE,2,60
3993,493505.0,REDUCE,2,60
3994,493515.0,EXEC,2,60
3995,493525.0,WRITE,2,60
3996,493535.0,FETCH,2,61
3997,493545.0,CAPTURE,2,61
3998,493555.0,REDUCE,2,61
3999,493565.0,EXEC,2,61
4000,493575.0,WRITE,2,61
4001,493585.0,FETCH,2,64
4002,493595.0,CAPTURE,2,64
4003,493605.0,REDUCE,2,64
4004,493615.0,EXEC,2,64
4005,493625.0,WRITE,2,64
4006,493635.0,FETCH,2,65
4007,493645.0,CAPTURE,2,65
4008,493655.0,REDUCE,2,65
4009,493665.0,EXEC,2,65
4010,493675.0,WRITE,2,65
4011,493685.0,FETCH,2,68
4012,493695.0,CAPTURE,2,68
4013,493705.0,REDUCE,2,68
4014,493715.0,EXEC,2,68
4015,493725.0,WRITE,2,68
4016,493735.0,FETCH,2,69
4017,493745.0,CAPTURE,2,69
4018,493755.0,REDUCE,2,69
4019,493765.0,EXEC,2,69
4020,493775.0,WRITE,2,69
4021,493785.0,FETCH,2,72
4022,493795.0,CAPTURE,2,72
4023,493805.0,REDUCE,2,72
4024,493815.0,EXEC,2,72
4025,493825.0,WRITE,2,72
4026,493835.0,FETCH,2,73
4027,493845.0,CAPTURE,2,73
4028,493855.0,REDUCE,2,73
4029,493865.0,EXEC,2,73
4030,493875.0,WRITE,2,73
4031,493885.0,FETCH,2,76
4032,493895.0,CAPTURE,2,76
4033,493905.0,REDUCE,2,76
4034,493915.0,EXEC,2,76
4035,493925.0,WRITE,2,76
4036,493935.0,FETCH,2,77
4037,493945.0,CAPTURE,2,77
4038,493955.0,REDUCE,2,77
4039,493965.0,EXEC,2,77
4040,493975.0,WRITE,2,77
4041,493985.0,FETCH,2,80
4042,493995.0,CAPTURE,2,80
4043,494005.0,REDUCE,2,80
4044,494015.0,EXEC,2,80
4045,494025.0,WRITE,2,80
4046,494035.0,FETCH,2,81
4047,494045.0,CAPTURE,2,81
4048,494055.0,REDUCE,2,81
4049,494065.0,EXEC,2,81
4050,494075.0,WRITE,2,81
4051,494085.0,FETCH,2,84
4052,494095.0,CAPTURE,2,84
4053,494105.0,REDUCE,2,84
4054,494115.0,EXEC,2,84
4055,494125.0,WRITE,2,84
4056,494135.0,FETCH,2,85
4057,494145.0,CAPTURE,2,85
4058,494155.0,REDUCE,2,85
4059,494165.0,EXEC,2,85
4060,494175.0,WRITE,2,85
4061,494185.0,FETCH,2,88
4062,494195.0,CAPTURE,2,88
4063,494205.0,REDUCE,2,88
4064,494215.0,EXEC,2,88
4065,494225.0,WRITE,2,88
4066,494235.0,FETCH,2,89
4067,494245.0,CAPTURE,2,89
4068,494255.0,REDUCE,2,89
4069,494265.0,EXEC,2,89
4070,494275.0,WRITE,2,89
4071,494285.0,FETCH,2,92
4072,494295.0,CAPTURE,2,92
4073,494305.0,REDUCE,2,92
4074,494315.0,EXEC,2,92
4075,494325.0,WRITE,2,92
4076,494335.0,FETCH,2,93
4077,494345.0,CAPTURE,2,93
4078,494355.0,REDUCE,2,93
4079,494365.0,EXEC,2,93
4080,494375.0,WRITE,2,93
4081,494385.0,FETCH,2,96
4082,494395.0,CAPTURE,2,96
4083,494405.0,REDUCE,2,96
4084,494415.0,EXEC,2,96
4085,494425.0,WRITE,2,96
4086,494435.0,FETCH,2,97
4087,494445.0,CAPTURE,2,97
4088,494455.0,REDUCE,2,97
4089,494465.0,EXEC,2,97
4090,494475.0,WRITE,2,97
4091,494485.0,FETCH,2,100
4092,494495.0,CAPTURE,2,100
4093,494505.0,REDUCE,2,100
4094,494515.0,EXEC,2,100
4095,494525.0,WRITE,2,100
4096,494535.0,FETCH,2,101
4097,494545.0,CAPTURE,2,101
4098,494555.0,REDUCE,2,101
4099,494565.0,EXEC,2,101
4100,494575.0,WRITE,2,101
4101,494585.0,FETCH,2,104
4102,494595.0,CAPTURE,2,104
4103,494605.0,REDUCE,2,104
4104,494615.0,EXEC,2,104
4105,494625.0,WRITE,2,104
4106,494635.0,FETCH,2,105
4107,494645.0,CAPTURE,2,105
4108,494655.0,REDUCE,2,105
4109,494665.0,EXEC,2,105
4110,494675.0,WRITE,2,105
4111,494685.0,FETCH,2,108
4112,494695.0,CAPTURE,2,108
4113,494705.0,REDUCE,2,108
4114,494715.0,EXEC,2,108
4115,494725.0,WRITE,2,108
4116,494735.0,FETCH,2,109
4117,494745.0,CAPTURE,2,109
4118,494755.0,REDUCE,2,109
4119,494765.0,EXEC,2,109
4120,494775.0,WRITE,2,109
4121,494785.0,FETCH,2,112
4122,494795.0,CAPTURE,2,112
4123,494805.0,REDUCE,2,112
4124,494815.0,EXEC,2,112
4125,494825.0,WRITE,2,112
4126,494835.0,FETCH,2,113
4127,494845.0,CAPTURE,2,113
4128,494855.0,REDUCE,2,113
4129,494865.0,EXEC,2,113
4130,494875.0,WRITE,2,113
4131,494885.0,FETCH,2,116
4132,494895.0,CAPTURE,2,116
4133,494905.0,REDUCE,2,116
4134,494915.0,EXEC,2,116
4135,494925.0,WRITE,2,116
4136,494935.0,FETCH,2,117
4137,494945.0,CAPTURE,2,117
4138,494955.0,REDUCE,2,117
4139,494965.0,EXEC,2,117
4140,494975.0,WRITE,2,117
4141,494985.0,FETCH,2,120
4142,494995.0,CAPTURE,2,120
4143,495005.0,REDUCE,2,120
4144,495015.0,EXEC,2,120
4145,495025.0,WRITE,2,120
4146,495035.0,FETCH,2,121
4147,495045.0,CAPTURE,2,121
4148,495055.0,REDUCE,2,121
4149,495065.0,EXEC,2,121
4150,495075.0,WRITE,2,121
4151,495085.0,FETCH,2,124
4152,495095.0,CAPTURE,2,124
4153,495105.0,REDUCE,2,124
4154,495115.0,EXEC,2,124
4155,495125.0,WRITE,2,124
4156,495135.0,FETCH,2,125
4157,495145.0,CAPTURE,2,125
4158,495155.0,REDUCE,2,125
4159,495165.0,EXEC,2,125
4160,495175.0,WRITE,2,125
4161,495185.0,FETCH,2,128
4162,495195.0,CAPTURE,2,128
4163,495205.0,REDUCE,2,128
4164,495215.0,EXEC,2,128
4165,495225.0,WRITE,2,128
4166,495235.0,FETCH,2,129
4167,495245.0,CAPTURE,2,129
4168,495255.0,REDUCE,2,129
4169,495265.0,EXEC,2,129
4170,495275.0,WRITE,2,129
4171,495285.0,FETCH,2,132
4172,495295.0,CAPTURE,2,132
4173,495305.0,REDUCE,2,132
4174,495315.0,EXEC,2,132
4175,495325.0,WRITE,2,132
4176,495335.0,FETCH,2,133
4177,495345.0,CAPTURE,2,133
4178,495355.0,REDUCE,2,133
4179,495365.0,EXEC,2,133
4180,495375.0,WRITE,2,133
4181,495385.0,FETCH,2,136
4182,495395.0,CAPTURE,2,136
4183,495405.0,REDUCE,2,136
4184,495415.0,EXEC,2,136
4185,495425.0,WRITE,2,136
4186,495435.0,FETCH,2,137
4187,495445.0,CAPTURE,2,137
4188,495455.0,REDUCE,2,137
4189,495465.0,EXEC,2,137
4190,495475.0,WRITE,2,137
4191,495485.0,FETCH,2,140
4192,495495.0,CAPTURE,2,140
4193,495505.0,REDUCE,2,140
4194,495515.0,EXEC,2,140
4195,495525.0,WRITE,2,140
4196,495535.0,FETCH,2,141
4197,495545.0,CAPTURE,2,141
4198,495555.0,REDUCE,2,141
4199,495565.0,EXEC,2,141
4200,495575.0,WRITE,2,141
4201,495585.0,FETCH,2,144
4202,495595.0,CAPTURE,2,144
4203,495605.0,REDUCE,2,144
4204,495615.0,EXEC,2,144
4205,495625.0,WRITE,2,144
4206,495635.0,FETCH,2,145
4207,495645.0,CAPTURE,2,145
4208,495655.0,REDUCE,2,145
4209,495665.0,EXEC,2,145
4210,495675.0,WRITE,2,145
4211,495685.0,FETCH,2,148
4212,495695.0,CAPTURE,2,148
4213,495705.0,REDUCE,2,148
4214,495715.0,EXEC,2,148
4215,495725.0,WRITE,2,148
4216,495735.0,FETCH,2,149
4217,495745.0,CAPTURE,2,149
4218,495755.0,REDUCE,2,149
4219,495765.0,EXEC,2,149
4220,495775.0,WRITE,2,149
4221,495785.0,FETCH,2,152
4222,495795.0,CAPTURE,2,152
4223,495805.0,REDUCE,2,152
4224,495815.0,EXEC,2,152
4225,495825.0,WRITE,2,152
4226,495835.0,FETCH,2,153
4227,495845.0,CAPTURE,2,153
4228,495855.0,REDUCE,2,153
4229,495865.0,EXEC,2,153
4230,495875.0,WRITE,2,153
4231,495885.0,FETCH,2,156
4232,495895.0,CAPTURE,2,156
4233,495905.0,REDUCE,2,156
4234,495915.0,EXEC,2,156
4235,495925.0,WRITE,2,156
4236,495935.0,FETCH,2,157
4237,495945.0,CAPTURE,2,157
4238,495955.0,REDUCE,2,157
4239,495965.0,EXEC,2,157
4240,495975.0,WRITE,2,157
4241,495985.0,FETCH,2,160
4242,495995.0,CAPTURE,2,160
4243,496005.0,REDUCE,2,160
4244,496015.0,EXEC,2,160
4245,496025.0,WRITE,2,160
4246,496035.0,FETCH,2,161
4247,496045.0,CAPTURE,2,161
4248,496055.0,REDUCE,2,161
4249,496065.0,EXEC,2,161
4250,496075.0,WRITE,2,161
4251,496085.0,FETCH,2,164
4252,496095.0,CAPTURE,2,164
4253,496105.0,REDUCE,2,164
4254,496115.0,EXEC,2,164
4255,496125.0,WRITE,2,164
4256,496135.0,FETCH,2,165
4257,496145.0,CAPTURE,2,165
4258,496155.0,REDUCE,2,165
4259,496165.0,EXEC,2,165
4260,496175.0,WRITE,2,165
4261,496185.0,FETCH,2,168
4262,496195.0,CAPTURE,2,168
4263,496205.0,REDUCE,2,168
4264,496215.0,EXEC,2,168
4265,496225.0,WRITE,2,168
4266,496235.0,FETCH,2,169
4267,496245.0,CAPTURE,2,169
4268,496255.0,REDUCE,2,169
4269,496265.0,EXEC,2,169
4270,496275.0,WRITE,2,169
4271,496285.0,FETCH,2,172
4272,496295.0,CAPTURE,2,172
4273,496305.0,REDUCE,2,172
4274,496315.0,EXEC,2,172
4275,496325.0,WRITE,2,172
4276,496335.0,FETCH,2,173
4277,496345.0,CAPTURE,2,173
4278,496355.0,REDUCE,2,173
4279,496365.0,EXEC,2,173
4280,496375.0,WRITE,2,173
4281,496385.0,FETCH,2,176
4282,496395.0,CAPTURE,2,176
4283,496405.0,REDUCE,2,176
4284,496415.0,EXEC,2,176
4285,496425.0,WRITE,2,176
4286,496435.0,FETCH,2,177
4287,496445.0,CAPTURE,2,177
4288,496455.0,REDUCE,2,177
4289,496465.0,EXEC,2,177
4290,496475.0,WRITE,2,177
4291,496485.0,FETCH,2,180
4292,496495.0,CAPTURE,2,180
4293,496505.0,REDUCE,2,180
4294,496515.0,EXEC,2,180
4295,496525.0,WRITE,2,180
4296,496535.0,FETCH,2,181
4297,496545.0,CAPTURE,2,181
4298,496555.0,REDUCE,2,181
4299,496565.0,EXEC,2,181
4300,496575.0,WRITE,2,181
4301,496585.0,FETCH,2,184
4302,496595.0,CAPTURE,2,184
4303,496605.0,REDUCE,2,184
4304,496615.0,EXEC,2,184
4305,496625.0,WRITE,2,184
4306,496635.0,FETCH,2,185
4307,496645.0,CAPTURE,2,185
4308,496655.0,REDUCE,2,185
4309,496665.0,EXEC,2,185
4310,496675.0,WRITE,2,185
4311,496685.0,FETCH,2,188
4312,496695.0,CAPTURE,2,188
4313,496705.0,REDUCE,2,188
4314,496715.0,EXEC,2,188
4315,496725.0,WRITE,2,188
4316,496735.0,FETCH,2,189
4317,496745.0,CAPTURE,2,189
4318,496755.0,REDUCE,2,189
4319,496765.0,EXEC,2,189
4320,496775.0,WRITE,2,189
4321,496785.0,FETCH,2,192
4322,496795.0,CAPTURE,2,192
4323,496805.0,REDUCE,2,192
4324,496815.0,EXEC,2,192
4325,496825.0,WRITE,2,192
4326,496835.0,FETCH,2,193
4327,496845.0,CAPTURE,2,193
4328,496855.0,REDUCE,2,193
4329,496865.0,EXEC,2,193
4330,496875.0,WRITE,2,193
4331,496885.0,FETCH,2,196
4332,496895.0,CAPTURE,2,196
4333,496905.0,REDUCE,2,196
4334,496915.0,EXEC,2,196
4335,496925.0,WRITE,2,196
4336,496935.0,FETCH,2,197
4337,496945.0,CAPTURE,2,197
4338,496955.0,REDUCE,2,197
4339,496965.0,EXEC,2,197
4340,496975.0,WRITE,2,197
4341,496985.0,FETCH,2,200
4342,496995.0,CAPTURE,2,200
4343,497005.0,REDUCE,2,200
4344,497015.0,EXEC,2,200
4345,497025.0,WRITE,2,200
4346,497035.0,FETCH,2,201
4347,497045.0,CAPTURE,2,201
4348,497055.0,REDUCE,2,201
4349,497065.0,EXEC,2,201
4350,497075.0,WRITE,2,201
4351,497085.0,FETCH,2,204
4352,497095.0,CAPTURE,2,204
4353,497105.0,REDUCE,2,204
4354,497115.0,EXEC,2,204
4355,497125.0,WRITE,2,204
4356,497135.0,FETCH,2,205
4357,497145.0,CAPTURE,2,205
4358,497155.0,REDUCE,2,205
4359,497165.0,EXEC,2,205
4360,497175.0,WRITE,2,205
4361,497185.0,FETCH,2,208
4362,497195.0,CAPTURE,2,208
4363,497205.0,REDUCE,2,208
4364,497215.0,EXEC,2,208
4365,497225.0,WRITE,2,208
4366,497235.0,FETCH,2,209
4367,497245.0,CAPTURE,2,209
4368,497255.0,REDUCE,2,209
4369,497265.0,EXEC,2,209
4370,497275.0,WRITE,2,209
4371,497285.0,FETCH,2,212
4372,497295.0,CAPTURE,2,212
4373,497305.0,REDUCE,2,212
4374,497315.0,EXEC,2,212
4375,497325.0,WRITE,2,212
4376,497335.0,FETCH,2,213
4377,497345.0,CAPTURE,2,213
4378,497355.0,REDUCE,2,213
4379,497365.0,EXEC,2,213
4380,497375.0,WRITE,2,213
4381,497385.0,FETCH,2,216
4382,497395.0,CAPTURE,2,216
4383,497405.0,REDUCE,2,216
4384,497415.0,EXEC,2,216
4385,497425.0,WRITE,2,216
4386,497435.0,FETCH,2,217
4387,497445.0,CAPTURE,2,217
4388,497455.0,REDUCE,2,217
4389,497465.0,EXEC,2,217
4390,497475.0,WRITE,2,217
4391,497485.0,FETCH,2,220
4392,497495.0,CAPTURE,2,220
4393,497505.0,REDUCE,2,220
4394,497515.0,EXEC,2,220
4395,497525.0,WRITE,2,220
4396,497535.0,FETCH,2,221
4397,497545.0,CAPTURE,2,221
4398,497555.0,REDUCE,2,221
4399,497565.0,EXEC,2,221
4400,497575.0,WRITE,2,221
4401,497585.0,FETCH,2,224
4402,497595.0,CAPTURE,2,224
4403,497605.0,REDUCE,2,224
4404,497615.0,EXEC,2,224
4405,497625.0,WRITE,2,224
4406,497635.0,FETCH,2,225
4407,497645.0,CAPTURE,2,225
4408,497655.0,REDUCE,2,225
4409,497665.0,EXEC,2,225
4410,497675.0,WRITE,2,225
4411,497685.0,FETCH,2,228
4412,497695.0,CAPTURE,2,228
4413,497705.0,REDUCE,2,228
4414,497715.0,EXEC,2,228
4415,497725.0,WRITE,2,228
4416,497735.0,FETCH,2,229
4417,497745.0,CAPTURE,2,229
4418,497755.0,REDUCE,2,229
4419,497765.0,EXEC,2,229
4420,497775.0,WRITE,2,229
4421,497785.0,FETCH,2,232
4422,497795.0,CAPTURE,2,232
4423,497805.0,REDUCE,2,232
4424,497815.0,EXEC,2,232
4425,497825.0,WRITE,2,232
4426,497835.0,FETCH,2,233
4427,497845.0,CAPTURE,2,233
4428,497855.0,REDUCE,2,233
4429,497865.0,EXEC,2,233
4430,497875.0,WRITE,2,233
4431,497885.0,FETCH,2,236
4432,497895.0,CAPTURE,2,236
4433,497905.0,REDUCE,2,236
4434,497915.0,EXEC,2,236
4435,497925.0,WRITE,2,236
4436,497935.0,FETCH,2,237
4437,497945.0,CAPTURE,2,237
4438,497955.0,REDUCE,2,237
4439,497965.0,EXEC,2,237
4440,497975.0,WRITE,2,237
4441,497985.0,FETCH,2,240
4442,497995.0,CAPTURE,2,240
4443,498005.0,REDUCE,2,240
4444,498015.0,EXEC,2,240
4445,498025.0,WRITE,2,240
4446,498035.0,FETCH,2,241
4447,498045.0,CAPTURE,2,241
4448,498055.0,REDUCE,2,241
4449,498065.0,EXEC,2,241
4450,498075.0,WRITE,2,241
4451,498085.0,FETCH,2,244
4452,498095.0,CAPTURE,2,244
4453,498105.0,REDUCE,2,244
4454,498115.0,EXEC,2,244
4455,498125.0,WRITE,2,244
4456,498135.0,FETCH,2,245
4457,498145.0,CAPTURE,2,245
4458,498155.0,REDUCE,2,245
4459,498165.0,EXEC,2,245
4460,498175.0,WRITE,2,245
4461,498185.0,FETCH,2,248
4462,498195.0,CAPTURE,2,248
4463,498205.0,REDUCE,2,248
4464,498215.0,EXEC,2,248
4465,498225.0,WRITE,2,248
4466,498235.0,FETCH,2,249
4467,498245.0,CAPTURE,2,249
4468,498255.0,REDUCE,2,249
4469,498265.0,EXEC,2,249
4470,498275.0,WRITE,2,249
4471,498285.0,FETCH,2,252
4472,498295.0,CAPTURE,2,252
4473,498305.0,REDUCE,2,252
4474,498315.0,EXEC,2,252
4475,498325.0,WRITE,2,252
4476,498335.0,FETCH,2,253
4477,498345.0,CAPTURE,2,253
4478,498355.0,REDUCE,2,253
4479,498365.0,EXEC,2,253
4480,498375.0,WRITE,2,253
4481,498385.0,DONE,2,253
