cycle,time_ns,state,len,j
0,596935.0,IDLE,128,127
1,596945.0,FETCH,128,0
2,596955.0,CAPTURE,128,0
3,596965.0,CAPTURE_B,128,0
4,596975.0,REDUCE,128,0
5,596985.0,EXEC,128,0
6,596995.0,WRITE,128,0
7,597005.0,WRITE_B,128,0
8,597015.0,FETCH,128,1
9,597025.0,CAPTURE,128,1
10,597035.0,CAPTURE_B,128,1
11,597045.0,REDUCE,128,1
12,597055.0,EXEC,128,1
13,597065.0,WRITE,128,1
14,597075.0,WRITE_B,128,1
15,597085.0,FETCH,128,2
16,597095.0,CAPTURE,128,2
17,597105.0,CAPTURE_B,128,2
18,597115.0,REDUCE,128,2
19,597125.0,EXEC,128,2
20,597135.0,WRITE,128,2
21,597145.0,WRITE_B,128,2
22,597155.0,FETCH,128,3
23,597165.0,CAPTURE,128,3
24,597175.0,CAPTURE_B,128,3
25,597185.0,REDUCE,128,3
26,597195.0,EXEC,128,3
27,597205.0,WRITE,128,3
28,597215.0,WRITE_B,128,3
29,597225.0,FETCH,128,4
30,597235.0,CAPTURE,128,4
31,597245.0,CAPTURE_B,128,4
32,597255.0,REDUCE,128,4
33,597265.0,EXEC,128,4
34,597275.0,WRITE,128,4
35,597285.0,WRITE_B,128,4
36,597295.0,FETCH,128,5
37,597305.0,CAPTURE,128,5
38,597315.0,CAPTURE_B,128,5
39,597325.0,REDUCE,128,5
40,597335.0,EXEC,128,5
41,597345.0,WRITE,128,5
42,597355.0,WRITE_B,128,5
43,597365.0,FETCH,128,6
44,597375.0,CAPTURE,128,6
45,597385.0,CAPTURE_B,128,6
46,597395.0,REDUCE,128,6
47,597405.0,EXEC,128,6
48,597415.0,WRITE,128,6
49,597425.0,WRITE_B,128,6
50,597435.0,FETCH,128,7
51,597445.0,CAPTURE,128,7
52,597455.0,CAPTURE_B,128,7
53,597465.0,REDUCE,128,7
54,597475.0,EXEC,128,7
55,597485.0,WRITE,128,7
56,597495.0,WRITE_B,128,7
57,597505.0,FETCH,128,8
58,597515.0,CAPTURE,128,8
59,597525.0,CAPTURE_B,128,8
60,597535.0,REDUCE,128,8
61,597545.0,EXEC,128,8
62,597555.0,WRITE,128,8
63,597565.0,WRITE_B,128,8
64,597575.0,FETCH,128,9
65,597585.0,CAPTURE,128,9
66,597595.0,CAPTURE_B,128,9
67,597605.0,REDUCE,128,9
68,597615.0,EXEC,128,9
69,597625.0,WRITE,128,9
70,597635.0,WRITE_B,128,9
71,597645.0,FETCH,128,10
72,597655.0,CAPTURE,128,10
73,597665.0,CAPTURE_B,128,10
74,597675.0,REDUCE,128,10
75,597685.0,EXEC,128,10
76,597695.0,WRITE,128,10
77,597705.0,WRITE_B,128,10
78,597715.0,FETCH,128,11
79,597725.0,CAPTURE,128,11
80,597735.0,CAPTURE_B,128,11
81,597745.0,REDUCE,128,11
82,597755.0,EXEC,128,11
83,597765.0,WRITE,128,11
84,597775.0,WRITE_B,128,11
85,597785.0,FETCH,128,12
86,597795.0,CAPTURE,128,12
87,597805.0,CAPTURE_B,128,12
88,597815.0,REDUCE,128,12
89,597825.0,EXEC,128,12
90,597835.0,WRITE,128,12
91,597845.0,WRITE_B,128,12
92,597855.0,FETCH,128,13
93,597865.0,CAPTURE,128,13
94,597875.0,CAPTURE_B,128,13
95,597885.0,REDUCE,128,13
96,597895.0,EXEC,128,13
97,597905.0,WRITE,128,13
98,597915.0,WRITE_B,128,13
99,597925.0,FETCH,128,14
100,597935.0,CAPTURE,128,14
101,597945.0,CAPTURE_B,128,14
102,597955.0,REDUCE,128,14
103,597965.0,EXEC,128,14
104,597975.0,WRITE,128,14
105,597985.0,WRITE_B,128,14
106,597995.0,FETCH,128,15
107,598005.0,CAPTURE,128,15
108,598015.0,CAPTURE_B,128,15
109,598025.0,REDUCE,128,15
110,598035.0,EXEC,128,15
111,598045.0,WRITE,128,15
112,598055.0,WRITE_B,128,15
113,598065.0,FETCH,128,16
114,598075.0,CAPTURE,128,16
115,598085.0,CAPTURE_B,128,16
116,598095.0,REDUCE,128,16
117,598105.0,EXEC,128,16
118,598115.0,WRITE,128,16
119,598125.0,WRITE_B,128,16
120,598135.0,FETCH,128,17
121,598145.0,CAPTURE,128,17
122,598155.0,CAPTURE_B,128,17
123,598165.0,REDUCE,128,17
124,598175.0,EXEC,128,17
125,598185.0,WRITE,128,17
126,598195.0,WRITE_B,128,17
127,598205.0,FETCH,128,18
128,598215.0,CAPTURE,128,18
129,598225.0,CAPTURE_B,128,18
130,598235.0,REDUCE,128,18
131,598245.0,EXEC,128,18
132,598255.0,WRITE,128,18
133,598265.0,WRITE_B,128,18
134,598275.0,FETCH,128,19
135,598285.0,CAPTURE,128,19
136,598295.0,CAPTURE_B,128,19
137,598305.0,REDUCE,128,19
138,598315.0,EXEC,128,19
139,598325.0,WRITE,128,19
140,598335.0,WRITE_B,128,19
141,598345.0,FETCH,128,20
142,598355.0,CAPTURE,128,20
143,598365.0,CAPTURE_B,128,20
144,598375.0,REDUCE,128,20
145,598385.0,EXEC,128,20
146,598395.0,WRITE,128,20
147,598405.0,WRITE_B,128,20
148,598415.0,FETCH,128,21
149,598425.0,CAPTURE,128,21
150,598435.0,CAPTURE_B,128,21
151,598445.0,REDUCE,128,21
152,598455.0,EXEC,128,21
153,598465.0,WRITE,128,21
154,598475.0,WRITE_B,128,21
155,598485.0,FETCH,128,22
156,598495.0,CAPTURE,128,22
157,598505.0,CAPTURE_B,128,22
158,598515.0,REDUCE,128,22
159,598525.0,EXEC,128,22
160,598535.0,WRITE,128,22
161,598545.0,WRITE_B,128,22
162,598555.0,FETCH,128,23
163,598565.0,CAPTURE,128,23
164,598575.0,CAPTURE_B,128,23
165,598585.0,REDUCE,128,23
166,598595.0,EXEC,128,23
167,598605.0,WRITE,128,23
168,598615.0,WRITE_B,128,23
169,598625.0,FETCH,128,24
170,598635.0,CAPTURE,128,24
171,598645.0,CAPTURE_B,128,24
172,598655.0,REDUCE,128,24
173,598665.0,EXEC,128,24
174,598675.0,WRITE,128,24
175,598685.0,WRITE_B,128,24
176,598695.0,FETCH,128,25
177,598705.0,CAPTURE,128,25
178,598715.0,CAPTURE_B,128,25
179,598725.0,REDUCE,128,25
180,598735.0,EXEC,128,25
181,598745.0,WRITE,128,25
182,598755.0,WRITE_B,128,25
183,598765.0,FETCH,128,26
184,598775.0,CAPTURE,128,26
185,598785.0,CAPTURE_B,128,26
186,598795.0,REDUCE,128,26
187,598805.0,EXEC,128,26
188,598815.0,WRITE,128,26
189,598825.0,WRITE_B,128,26
190,598835.0,FETCH,128,27
191,598845.0,CAPTURE,128,27
192,598855.0,CAPTURE_B,128,27
193,598865.0,REDUCE,128,27
194,598875.0,EXEC,128,27
195,598885.0,WRITE,128,27
196,598895.0,WRITE_B,128,27
197,598905.0,FETCH,128,28
198,598915.0,CAPTURE,128,28
199,598925.0,CAPTURE_B,128,28
200,598935.0,REDUCE,128,28
201,598945.0,EXEC,128,28
202,598955.0,WRITE,128,28
203,598965.0,WRITE_B,128,28
204,598975.0,FETCH,128,29
205,598985.0,CAPTURE,128,29
206,598995.0,CAPTURE_B,128,29
207,599005.0,REDUCE,128,29
208,599015.0,EXEC,128,29
209,599025.0,WRITE,128,29
210,599035.0,WRITE_B,128,29
211,599045.0,FETCH,128,30
212,599055.0,CAPTURE,128,30
213,599065.0,CAPTURE_B,128,30
214,599075.0,REDUCE,128,30
215,599085.0,EXEC,128,30
216,599095.0,WRITE,128,30
217,599105.0,WRITE_B,128,30
218,599115.0,FETCH,128,31
219,599125.0,CAPTURE,128,31
220,599135.0,CAPTURE_B,128,31
221,599145.0,REDUCE,128,31
222,599155.0,EXEC,128,31
223,599165.0,WRITE,128,31
224,599175.0,WRITE_B,128,31
225,599185.0,FETCH,128,32
226,599195.0,CAPTURE,128,32
227,599205.0,CAPTURE_B,128,32
228,599215.0,REDUCE,128,32
229,599225.0,EXEC,128,32
230,599235.0,WRITE,128,32
231,599245.0,WRITE_B,128,32
232,599255.0,FETCH,128,33
233,599265.0,CAPTURE,128,33
234,599275.0,CAPTURE_B,128,33
235,599285.0,REDUCE,128,33
236,599295.0,EXEC,128,33
237,599305.0,WRITE,128,33
238,599315.0,WRITE_B,128,33
239,599325.0,FETCH,128,34
240,599335.0,CAPTURE,128,34
241,599345.0,CAPTURE_B,128,34
242,599355.0,REDUCE,128,34
243,599365.0,EXEC,128,34
244,599375.0,WRITE,128,34
245,599385.0,WRITE_B,128,34
246,599395.0,FETCH,128,35
247,599405.0,CAPTURE,128,35
248,599415.0,CAPTURE_B,128,35
249,599425.0,REDUCE,128,35
250,599435.0,EXEC,128,35
251,599445.0,WRITE,128,35
252,599455.0,WRITE_B,128,35
253,599465.0,FETCH,128,36
254,599475.0,CAPTURE,128,36
255,599485.0,CAPTURE_B,128,36
256,599495.0,REDUCE,128,36
257,599505.0,EXEC,128,36
258,599515.0,WRITE,128,36
259,599525.0,WRITE_B,128,36
260,599535.0,FETCH,128,37
261,599545.0,CAPTURE,128,37
262,599555.0,CAPTURE_B,128,37
263,599565.0,REDUCE,128,37
264,599575.0,EXEC,128,37
265,599585.0,WRITE,128,37
266,599595.0,WRITE_B,128,37
267,599605.0,FETCH,128,38
268,599615.0,CAPTURE,128,38
269,599625.0,CAPTURE_B,128,38
270,599635.0,REDUCE,128,38
271,599645.0,EXEC,128,38
272,599655.0,WRITE,128,38
273,599665.0,WRITE_B,128,38
274,599675.0,FETCH,128,39
275,599685.0,CAPTURE,128,39
276,599695.0,CAPTURE_B,128,39
277,599705.0,REDUCE,128,39
278,599715.0,EXEC,128,39
279,599725.0,WRITE,128,39
280,599735.0,WRITE_B,128,39
281,599745.0,FETCH,128,40
282,599755.0,CAPTURE,128,40
283,599765.0,CAPTURE_B,128,40
284,599775.0,REDUCE,128,40
285,599785.0,EXEC,128,40
286,599795.0,WRITE,128,40
287,599805.0,WRITE_B,128,40
288,599815.0,FETCH,128,41
289,599825.0,CAPTURE,128,41
290,599835.0,CAPTURE_B,128,41
291,599845.0,REDUCE,128,41
292,599855.0,EXEC,128,41
293,599865.0,WRITE,128,41
294,599875.0,WRITE_B,128,41
295,599885.0,FETCH,128,42
296,599895.0,CAPTURE,128,42
297,599905.0,CAPTURE_B,128,42
298,599915.0,REDUCE,128,42
299,599925.0,EXEC,128,42
300,599935.0,WRITE,128,42
301,599945.0,WRITE_B,128,42
302,599955.0,FETCH,128,43
303,599965.0,CAPTURE,128,43
304,599975.0,CAPTURE_B,128,43
305,599985.0,REDUCE,128,43
306,599995.0,EXEC,128,43
307,600005.0,WRITE,128,43
308,600015.0,WRITE_B,128,43
309,600025.0,FETCH,128,44
310,600035.0,CAPTURE,128,44
311,600045.0,CAPTURE_B,128,44
312,600055.0,REDUCE,128,44
313,600065.0,EXEC,128,44
314,600075.0,WRITE,128,44
315,600085.0,WRITE_B,128,44
316,600095.0,FETCH,128,45
317,600105.0,CAPTURE,128,45
318,600115.0,CAPTURE_B,128,45
319,600125.0,REDUCE,128,45
320,600135.0,EXEC,128,45
321,600145.0,WRITE,128,45
322,600155.0,WRITE_B,128,45
323,600165.0,FETCH,128,46
324,600175.0,CAPTURE,128,46
325,600185.0,CAPTURE_B,128,46
326,600195.0,REDUCE,128,46
327,600205.0,EXEC,128,46
328,600215.0,WRITE,128,46
329,600225.0,WRITE_B,128,46
330,600235.0,FETCH,128,47
331,600245.0,CAPTURE,128,47
332,600255.0,CAPTURE_B,128,47
333,600265.0,REDUCE,128,47
334,600275.0,EXEC,128,47
335,600285.0,WRITE,128,47
336,600295.0,WRITE_B,128,47
337,600305.0,FETCH,128,48
338,600315.0,CAPTURE,128,48
339,600325.0,CAPTURE_B,128,48
340,600335.0,REDUCE,128,48
341,600345.0,EXEC,128,48
342,600355.0,WRITE,128,48
343,600365.0,WRITE_B,128,48
344,600375.0,FETCH,128,49
345,600385.0,CAPTURE,128,49
346,600395.0,CAPTURE_B,128,49
347,600405.0,REDUCE,128,49
348,600415.0,EXEC,128,49
349,600425.0,WRITE,128,49
350,600435.0,WRITE_B,128,49
351,600445.0,FETCH,128,50
352,600455.0,CAPTURE,128,50
353,600465.0,CAPTURE_B,128,50
354,600475.0,REDUCE,128,50
355,600485.0,EXEC,128,50
356,600495.0,WRITE,128,50
357,600505.0,WRITE_B,128,50
358,600515.0,FETCH,128,51
359,600525.0,CAPTURE,128,51
360,600535.0,CAPTURE_B,128,51
361,600545.0,REDUCE,128,51
362,600555.0,EXEC,128,51
363,600565.0,WRITE,128,51
364,600575.0,WRITE_B,128,51
365,600585.0,FETCH,128,52
366,600595.0,CAPTURE,128,52
367,600605.0,CAPTURE_B,128,52
368,600615.0,REDUCE,128,52
369,600625.0,EXEC,128,52
370,600635.0,WRITE,128,52
371,600645.0,WRITE_B,128,52
372,600655.0,FETCH,128,53
373,600665.0,CAPTURE,128,53
374,600675.0,CAPTURE_B,128,53
375,600685.0,REDUCE,128,53
376,600695.0,EXEC,128,53
377,600705.0,WRITE,128,53
378,600715.0,WRITE_B,128,53
379,600725.0,FETCH,128,54
380,600735.0,CAPTURE,128,54
381,600745.0,CAPTURE_B,128,54
382,600755.0,REDUCE,128,54
383,600765.0,EXEC,128,54
384,600775.0,WRITE,128,54
385,600785.0,WRITE_B,128,54
386,600795.0,FETCH,128,55
387,600805.0,CAPTURE,128,55
388,600815.0,CAPTURE_B,128,55
389,600825.0,REDUCE,128,55
390,600835.0,EXEC,128,55
391,600845.0,WRITE,128,55
392,600855.0,WRITE_B,128,55
393,600865.0,FETCH,128,56
394,600875.0,CAPTURE,128,56
395,600885.0,CAPTURE_B,128,56
396,600895.0,REDUCE,128,56
397,600905.0,EXEC,128,56
398,600915.0,WRITE,128,56
399,600925.0,WRITE_B,128,56
400,600935.0,FETCH,128,57
401,600945.0,CAPTURE,128,57
402,600955.0,CAPTURE_B,128,57
403,600965.0,REDUCE,128,57
404,600975.0,EXEC,128,57
405,600985.0,WRITE,128,57
406,600995.0,WRITE_B,128,57
407,601005.0,FETCH,128,58
408,601015.0,CAPTURE,128,58
409,601025.0,CAPTURE_B,128,58
410,601035.0,REDUCE,128,58
411,601045.0,EXEC,128,58
412,601055.0,WRITE,128,58
413,601065.0,WRITE_B,128,58
414,601075.0,FETCH,128,59
415,601085.0,CAPTURE,128,59
416,601095.0,CAPTURE_B,128,59
417,601105.0,REDUCE,128,59
418,601115.0,EXEC,128,59
419,601125.0,WRITE,128,59
420,601135.0,WRITE_B,128,59
421,601145.0,FETCH,128,60
422,601155.0,CAPTURE,128,60
423,601165.0,CAPTURE_B,128,60
424,601175.0,REDUCE,128,60
425,601185.0,EXEC,128,60
426,601195.0,WRITE,128,60
427,601205.0,WRITE_B,128,60
428,601215.0,FETCH,128,61
429,601225.0,CAPTURE,128,61
430,601235.0,CAPTURE_B,128,61
431,601245.0,REDUCE,128,61
432,601255.0,EXEC,128,61
433,601265.0,WRITE,128,61
434,601275.0,WRITE_B,128,61
435,601285.0,FETCH,128,62
436,601295.0,CAPTURE,128,62
437,601305.0,CAPTURE_B,128,62
438,601315.0,REDUCE,128,62
439,601325.0,EXEC,128,62
440,601335.0,WRITE,128,62
441,601345.0,WRITE_B,128,62
442,601355.0,FETCH,128,63
443,601365.0,CAPTURE,128,63
444,601375.0,CAPTURE_B,128,63
445,601385.0,REDUCE,128,63
446,601395.0,EXEC,128,63
447,601405.0,WRITE,128,63
448,601415.0,WRITE_B,128,63
449,601425.0,FETCH,128,64
450,601435.0,CAPTURE,128,64
451,601445.0,CAPTURE_B,128,64
452,601455.0,REDUCE,128,64
453,601465.0,EXEC,128,64
454,601475.0,WRITE,128,64
455,601485.0,WRITE_B,128,64
456,601495.0,FETCH,128,65
457,601505.0,CAPTURE,128,65
458,601515.0,CAPTURE_B,128,65
459,601525.0,REDUCE,128,65
460,601535.0,EXEC,128,65
461,601545.0,WRITE,128,65
462,601555.0,WRITE_B,128,65
463,601565.0,FETCH,128,66
464,601575.0,CAPTURE,128,66
465,601585.0,CAPTURE_B,128,66
466,601595.0,REDUCE,128,66
467,601605.0,EXEC,128,66
468,601615.0,WRITE,128,66
469,601625.0,WRITE_B,128,66
470,601635.0,FETCH,128,67
471,601645.0,CAPTURE,128,67
472,601655.0,CAPTURE_B,128,67
473,601665.0,REDUCE,128,67
474,601675.0,EXEC,128,67
475,601685.0,WRITE,128,67
476,601695.0,WRITE_B,128,67
477,601705.0,FETCH,128,68
478,601715.0,CAPTURE,128,68
479,601725.0,CAPTURE_B,128,68
480,601735.0,REDUCE,128,68
481,601745.0,EXEC,128,68
482,601755.0,WRITE,128,68
483,601765.0,WRITE_B,128,68
484,601775.0,FETCH,128,69
485,601785.0,CAPTURE,128,69
486,601795.0,CAPTURE_B,128,69
487,601805.0,REDUCE,128,69
488,601815.0,EXEC,128,69
489,601825.0,WRITE,128,69
490,601835.0,WRITE_B,128,69
491,601845.0,FETCH,128,70
492,601855.0,CAPTURE,128,70
493,601865.0,CAPTURE_B,128,70
494,601875.0,REDUCE,128,70
495,601885.0,EXEC,128,70
496,601895.0,WRITE,128,70
497,601905.0,WRITE_B,128,70
498,601915.0,FETCH,128,71
499,601925.0,CAPTURE,128,71
500,601935.0,CAPTURE_B,128,71
501,601945.0,REDUCE,128,71
502,601955.0,EXEC,128,71
503,601965.0,WRITE,128,71
504,601975.0,WRITE_B,128,71
505,601985.0,FETCH,128,72
506,601995.0,CAPTURE,128,72
507,602005.0,CAPTURE_B,128,72
508,602015.0,REDUCE,128,72
509,602025.0,EXEC,128,72
510,602035.0,WRITE,128,72
511,602045.0,WRITE_B,128,72
512,602055.0,FETCH,128,73
513,602065.0,CAPTURE,128,73
514,602075.0,CAPTURE_B,128,73
515,602085.0,REDUCE,128,73
516,602095.0,EXEC,128,73
517,602105.0,WRITE,128,73
518,602115.0,WRITE_B,128,73
519,602125.0,FETCH,128,74
520,602135.0,CAPTURE,128,74
521,602145.0,CAPTURE_B,128,74
522,602155.0,REDUCE,128,74
523,602165.0,EXEC,128,74
524,602175.0,WRITE,128,74
525,602185.0,WRITE_B,128,74
526,602195.0,FETCH,128,75
527,602205.0,CAPTURE,128,75
528,602215.0,CAPTURE_B,128,75
529,602225.0,REDUCE,128,75
530,602235.0,EXEC,128,75
531,602245.0,WRITE,128,75
532,602255.0,WRITE_B,128,75
533,602265.0,FETCH,128,76
534,602275.0,CAPTURE,128,76
535,602285.0,CAPTURE_B,128,76
536,602295.0,REDUCE,128,76
537,602305.0,EXEC,128,76
538,602315.0,WRITE,128,76
539,602325.0,WRITE_B,128,76
540,602335.0,FETCH,128,77
541,602345.0,CAPTURE,128,77
542,602355.0,CAPTURE_B,128,77
543,602365.0,REDUCE,128,77
544,602375.0,EXEC,128,77
545,602385.0,WRITE,128,77
546,602395.0,WRITE_B,128,77
547,602405.0,FETCH,128,78
548,602415.0,CAPTURE,128,78
549,602425.0,CAPTURE_B,128,78
550,602435.0,REDUCE,128,78
551,602445.0,EXEC,128,78
552,602455.0,WRITE,128,78
553,602465.0,WRITE_B,128,78
554,602475.0,FETCH,128,79
555,602485.0,CAPTURE,128,79
556,602495.0,CAPTURE_B,128,79
557,602505.0,REDUCE,128,79
558,602515.0,EXEC,128,79
559,602525.0,WRITE,128,79
560,602535.0,WRITE_B,128,79
561,602545.0,FETCH,128,80
562,602555.0,CAPTURE,128,80
563,602565.0,CAPTURE_B,128,80
564,602575.0,REDUCE,128,80
565,602585.0,EXEC,128,80
566,602595.0,WRITE,128,80
567,602605.0,WRITE_B,128,80
568,602615.0,FETCH,128,81
569,602625.0,CAPTURE,128,81
570,602635.0,CAPTURE_B,128,81
571,602645.0,REDUCE,128,81
572,602655.0,EXEC,128,81
573,602665.0,WRITE,128,81
574,602675.0,WRITE_B,128,81
575,602685.0,FETCH,128,82
576,602695.0,CAPTURE,128,82
577,602705.0,CAPTURE_B,128,82
578,602715.0,REDUCE,128,82
579,602725.0,EXEC,128,82
580,602735.0,WRITE,128,82
581,602745.0,WRITE_B,128,82
582,602755.0,FETCH,128,83
583,602765.0,CAPTURE,128,83
584,602775.0,CAPTURE_B,128,83
585,602785.0,REDUCE,128,83
586,602795.0,EXEC,128,83
587,602805.0,WRITE,128,83
588,602815.0,WRITE_B,128,83
589,602825.0,FETCH,128,84
590,602835.0,CAPTURE,128,84
591,602845.0,CAPTURE_B,128,84
592,602855.0,REDUCE,128,84
593,602865.0,EXEC,128,84
594,602875.0,WRITE,128,84
595,602885.0,WRITE_B,128,84
596,602895.0,FETCH,128,85
597,602905.0,CAPTURE,128,85
598,602915.0,CAPTURE_B,128,85
599,602925.0,REDUCE,128,85
600,602935.0,EXEC,128,85
601,602945.0,WRITE,128,85
602,602955.0,WRITE_B,128,85
603,602965.0,FETCH,128,86
604,602975.0,CAPTURE,128,86
605,602985.0,CAPTURE_B,128,86
606,602995.0,REDUCE,128,86
607,603005.0,EXEC,128,86
608,603015.0,WRITE,128,86
609,603025.0,WRITE_B,128,86
610,603035.0,FETCH,128,87
611,603045.0,CAPTURE,128,87
612,603055.0,CAPTURE_B,128,87
613,603065.0,REDUCE,128,87
614,603075.0,EXEC,128,87
615,603085.0,WRITE,128,87
616,603095.0,WRITE_B,128,87
617,603105.0,FETCH,128,88
618,603115.0,CAPTURE,128,88
619,603125.0,CAPTURE_B,128,88
620,603135.0,REDUCE,128,88
621,603145.0,EXEC,128,88
622,603155.0,WRITE,128,88
623,603165.0,WRITE_B,128,88
624,603175.0,FETCH,128,89
625,603185.0,CAPTURE,128,89
626,603195.0,CAPTURE_B,128,89
627,603205.0,REDUCE,128,89
628,603215.0,EXEC,128,89
629,603225.0,WRITE,128,89
630,603235.0,WRITE_B,128,89
631,603245.0,FETCH,128,90
632,603255.0,CAPTURE,128,90
633,603265.0,CAPTURE_B,128,90
634,603275.0,REDUCE,128,90
635,603285.0,EXEC,128,90
636,603295.0,WRITE,128,90
637,603305.0,WRITE_B,128,90
638,603315.0,FETCH,128,91
639,603325.0,CAPTURE,128,91
640,603335.0,CAPTURE_B,128,91
641,603345.0,REDUCE,128,91
642,603355.0,EXEC,128,91
643,603365.0,WRITE,128,91
644,603375.0,WRITE_B,128,91
645,603385.0,FETCH,128,92
646,603395.0,CAPTURE,128,92
647,603405.0,CAPTURE_B,128,92
648,603415.0,REDUCE,128,92
649,603425.0,EXEC,128,92
650,603435.0,WRITE,128,92
651,603445.0,WRITE_B,128,92
652,603455.0,FETCH,128,93
653,603465.0,CAPTURE,128,93
654,603475.0,CAPTURE_B,128,93
655,603485.0,REDUCE,128,93
656,603495.0,EXEC,128,93
657,603505.0,WRITE,128,93
658,603515.0,WRITE_B,128,93
659,603525.0,FETCH,128,94
660,603535.0,CAPTURE,128,94
661,603545.0,CAPTURE_B,128,94
662,603555.0,REDUCE,128,94
663,603565.0,EXEC,128,94
664,603575.0,WRITE,128,94
665,603585.0,WRITE_B,128,94
666,603595.0,FETCH,128,95
667,603605.0,CAPTURE,128,95
668,603615.0,CAPTURE_B,128,95
669,603625.0,REDUCE,128,95
670,603635.0,EXEC,128,95
671,603645.0,WRITE,128,95
672,603655.0,WRITE_B,128,95
673,603665.0,FETCH,128,96
674,603675.0,CAPTURE,128,96
675,603685.0,CAPTURE_B,128,96
676,603695.0,REDUCE,128,96
677,603705.0,EXEC,128,96
678,603715.0,WRITE,128,96
679,603725.0,WRITE_B,128,96
680,603735.0,FETCH,128,97
681,603745.0,CAPTURE,128,97
682,603755.0,CAPTURE_B,128,97
683,603765.0,REDUCE,128,97
684,603775.0,EXEC,128,97
685,603785.0,WRITE,128,97
686,603795.0,WRITE_B,128,97
687,603805.0,FETCH,128,98
688,603815.0,CAPTURE,128,98
689,603825.0,CAPTURE_B,128,98
690,603835.0,REDUCE,128,98
691,603845.0,EXEC,128,98
692,603855.0,WRITE,128,98
693,603865.0,WRITE_B,128,98
694,603875.0,FETCH,128,99
695,603885.0,CAPTURE,128,99
696,603895.0,CAPTURE_B,128,99
697,603905.0,REDUCE,128,99
698,603915.0,EXEC,128,99
699,603925.0,WRITE,128,99
700,603935.0,WRITE_B,128,99
701,603945.0,FETCH,128,100
702,603955.0,CAPTURE,128,100
703,603965.0,CAPTURE_B,128,100
704,603975.0,REDUCE,128,100
705,603985.0,EXEC,128,100
706,603995.0,WRITE,128,100
707,604005.0,WRITE_B,128,100
708,604015.0,FETCH,128,101
709,604025.0,CAPTURE,128,101
710,604035.0,CAPTURE_B,128,101
711,604045.0,REDUCE,128,101
712,604055.0,EXEC,128,101
713,604065.0,WRITE,128,101
714,604075.0,WRITE_B,128,101
715,604085.0,FETCH,128,102
716,604095.0,CAPTURE,128,102
717,604105.0,CAPTURE_B,128,102
718,604115.0,REDUCE,128,102
719,604125.0,EXEC,128,102
720,604135.0,WRITE,128,102
721,604145.0,WRITE_B,128,102
722,604155.0,FETCH,128,103
723,604165.0,CAPTURE,128,103
724,604175.0,CAPTURE_B,128,103
725,604185.0,REDUCE,128,103
726,604195.0,EXEC,128,103
727,604205.0,WRITE,128,103
728,604215.0,WRITE_B,128,103
729,604225.0,FETCH,128,104
730,604235.0,CAPTURE,128,104
731,604245.0,CAPTURE_B,128,104
732,604255.0,REDUCE,128,104
733,604265.0,EXEC,128,104
734,604275.0,WRITE,128,104
735,604285.0,WRITE_B,128,104
736,604295.0,FETCH,128,105
737,604305.0,CAPTURE,128,105
738,604315.0,CAPTURE_B,128,105
739,604325.0,REDUCE,128,105
740,604335.0,EXEC,128,105
741,604345.0,WRITE,128,105
742,604355.0,WRITE_B,128,105
743,604365.0,FETCH,128,106
744,604375.0,CAPTURE,128,106
745,604385.0,CAPTURE_B,128,106
746,604395.0,REDUCE,128,106
747,604405.0,EXEC,128,106
748,604415.0,WRITE,128,106
749,604425.0,WRITE_B,128,106
750,604435.0,FETCH,128,107
751,604445.0,CAPTURE,128,107
752,604455.0,CAPTURE_B,128,107
753,604465.0,REDUCE,128,107
754,604475.0,EXEC,128,107
755,604485.0,WRITE,128,107
756,604495.0,WRITE_B,128,107
757,604505.0,FETCH,128,108
758,604515.0,CAPTURE,128,108
759,604525.0,CAPTURE_B,128,108
760,604535.0,REDUCE,128,108
761,604545.0,EXEC,128,108
762,604555.0,WRITE,128,108
763,604565.0,WRITE_B,128,108
764,604575.0,FETCH,128,109
765,604585.0,CAPTURE,128,109
766,604595.0,CAPTURE_B,128,109
767,604605.0,REDUCE,128,109
768,604615.0,EXEC,128,109
769,604625.0,WRITE,128,109
770,604635.0,WRITE_B,128,109
771,604645.0,FETCH,128,110
772,604655.0,CAPTURE,128,110
773,604665.0,CAPTURE_B,128,110
774,604675.0,REDUCE,128,110
775,604685.0,EXEC,128,110
776,604695.0,WRITE,128,110
777,604705.0,WRITE_B,128,110
778,604715.0,FETCH,128,111
779,604725.0,CAPTURE,128,111
780,604735.0,CAPTURE_B,128,111
781,604745.0,REDUCE,128,111
782,604755.0,EXEC,128,111
783,604765.0,WRITE,128,111
784,604775.0,WRITE_B,128,111
785,604785.0,FETCH,128,112
786,604795.0,CAPTURE,128,112
787,604805.0,CAPTURE_B,128,112
788,604815.0,REDUCE,128,112
789,604825.0,EXEC,128,112
790,604835.0,WRITE,128,112
791,604845.0,WRITE_B,128,112
792,604855.0,FETCH,128,113
793,604865.0,CAPTURE,128,113
794,604875.0,CAPTURE_B,128,113
795,604885.0,REDUCE,128,113
796,604895.0,EXEC,128,113
797,604905.0,WRITE,128,113
798,604915.0,WRITE_B,128,113
799,604925.0,FETCH,128,114
800,604935.0,CAPTURE,128,114
801,604945.0,CAPTURE_B,128,114
802,604955.0,REDUCE,128,114
803,604965.0,EXEC,128,114
804,604975.0,WRITE,128,114
805,604985.0,WRITE_B,128,114
806,604995.0,FETCH,128,115
807,605005.0,CAPTURE,128,115
808,605015.0,CAPTURE_B,128,115
809,605025.0,REDUCE,128,115
810,605035.0,EXEC,128,115
811,605045.0,WRITE,128,115
812,605055.0,WRITE_B,128,115
813,605065.0,FETCH,128,116
814,605075.0,CAPTURE,128,116
815,605085.0,CAPTURE_B,128,116
816,605095.0,REDUCE,128,116
817,605105.0,EXEC,128,116
818,605115.0,WRITE,128,116
819,605125.0,WRITE_B,128,116
820,605135.0,FETCH,128,117
821,605145.0,CAPTURE,128,117
822,605155.0,CAPTURE_B,128,117
823,605165.0,REDUCE,128,117
824,605175.0,EXEC,128,117
825,605185.0,WRITE,128,117
826,605195.0,WRITE_B,128,117
827,605205.0,FETCH,128,118
828,605215.0,CAPTURE,128,118
829,605225.0,CAPTURE_B,128,118
830,605235.0,REDUCE,128,118
831,605245.0,EXEC,128,118
832,605255.0,WRITE,128,118
833,605265.0,WRITE_B,128,118
834,605275.0,FETCH,128,119
835,605285.0,CAPTURE,128,119
836,605295.0,CAPTURE_B,128,119
837,605305.0,REDUCE,128,119
838,605315.0,EXEC,128,119
839,605325.0,WRITE,128,119
840,605335.0,WRITE_B,128,119
841,605345.0,FETCH,128,120
842,605355.0,CAPTURE,128,120
843,605365.0,CAPTURE_B,128,120
844,605375.0,REDUCE,128,120
845,605385.0,EXEC,128,120
846,605395.0,WRITE,128,120
847,605405.0,WRITE_B,128,120
848,605415.0,FETCH,128,121
849,605425.0,CAPTURE,128,121
850,605435.0,CAPTURE_B,128,121
851,605445.0,REDUCE,128,121
852,605455.0,EXEC,128,121
853,605465.0,WRITE,128,121
854,605475.0,WRITE_B,128,121
855,605485.0,FETCH,128,122
856,605495.0,CAPTURE,128,122
857,605505.0,CAPTURE_B,128,122
858,605515.0,REDUCE,128,122
859,605525.0,EXEC,128,122
860,605535.0,WRITE,128,122
861,605545.0,WRITE_B,128,122
862,605555.0,FETCH,128,123
863,605565.0,CAPTURE,128,123
864,605575.0,CAPTURE_B,128,123
865,605585.0,REDUCE,128,123
866,605595.0,EXEC,128,123
867,605605.0,WRITE,128,123
868,605615.0,WRITE_B,128,123
869,605625.0,FETCH,128,124
870,605635.0,CAPTURE,128,124
871,605645.0,CAPTURE_B,128,124
872,605655.0,REDUCE,128,124
873,605665.0,EXEC,128,124
874,605675.0,WRITE,128,124
875,605685.0,WRITE_B,128,124
876,605695.0,FETCH,128,125
877,605705.0,CAPTURE,128,125
878,605715.0,CAPTURE_B,128,125
879,605725.0,REDUCE,128,125
880,605735.0,EXEC,128,125
881,605745.0,WRITE,128,125
882,605755.0,WRITE_B,128,125
883,605765.0,FETCH,128,126
884,605775.0,CAPTURE,128,126
885,605785.0,CAPTURE_B,128,126
886,605795.0,REDUCE,128,126
887,605805.0,EXEC,128,126
888,605815.0,WRITE,128,126
889,605825.0,WRITE_B,128,126
890,605835.0,FETCH,128,127
891,605845.0,CAPTURE,128,127
892,605855.0,CAPTURE_B,128,127
893,605865.0,REDUCE,128,127
894,605875.0,EXEC,128,127
895,605885.0,WRITE,128,127
896,605895.0,WRITE_B,128,127
897,605905.0,FETCH,64,0
898,605915.0,CAPTURE,64,0
899,605925.0,CAPTURE_B,64,0
900,605935.0,REDUCE,64,0
901,605945.0,EXEC,64,0
902,605955.0,WRITE,64,0
903,605965.0,WRITE_B,64,0
904,605975.0,FETCH,64,1
905,605985.0,CAPTURE,64,1
906,605995.0,CAPTURE_B,64,1
907,606005.0,REDUCE,64,1
908,606015.0,EXEC,64,1
909,606025.0,WRITE,64,1
910,606035.0,WRITE_B,64,1
911,606045.0,FETCH,64,2
912,606055.0,CAPTURE,64,2
913,606065.0,CAPTURE_B,64,2
914,606075.0,REDUCE,64,2
915,606085.0,EXEC,64,2
916,606095.0,WRITE,64,2
917,606105.0,WRITE_B,64,2
918,606115.0,FETCH,64,3
919,606125.0,CAPTURE,64,3
920,606135.0,CAPTURE_B,64,3
921,606145.0,REDUCE,64,3
922,606155.0,EXEC,64,3
923,606165.0,WRITE,64,3
924,606175.0,WRITE_B,64,3
925,606185.0,FETCH,64,4
926,606195.0,CAPTURE,64,4
927,606205.0,CAPTURE_B,64,4
928,606215.0,REDUCE,64,4
929,606225.0,EXEC,64,4
930,606235.0,WRITE,64,4
931,606245.0,WRITE_B,64,4
932,606255.0,FETCH,64,5
933,606265.0,CAPTURE,64,5
934,606275.0,CAPTURE_B,64,5
935,606285.0,REDUCE,64,5
936,606295.0,EXEC,64,5
937,606305.0,WRITE,64,5
938,606315.0,WRITE_B,64,5
939,606325.0,FETCH,64,6
940,606335.0,CAPTURE,64,6
941,606345.0,CAPTURE_B,64,6
942,606355.0,REDUCE,64,6
943,606365.0,EXEC,64,6
944,606375.0,WRITE,64,6
945,606385.0,WRITE_B,64,6
946,606395.0,FETCH,64,7
947,606405.0,CAPTURE,64,7
948,606415.0,CAPTURE_B,64,7
949,606425.0,REDUCE,64,7
950,606435.0,EXEC,64,7
951,606445.0,WRITE,64,7
952,606455.0,WRITE_B,64,7
953,606465.0,FETCH,64,8
954,606475.0,CAPTURE,64,8
955,606485.0,CAPTURE_B,64,8
956,606495.0,REDUCE,64,8
957,606505.0,EXEC,64,8
958,606515.0,WRITE,64,8
959,606525.0,WRITE_B,64,8
960,606535.0,FETCH,64,9
961,606545.0,CAPTURE,64,9
962,606555.0,CAPTURE_B,64,9
963,606565.0,REDUCE,64,9
964,606575.0,EXEC,64,9
965,606585.0,WRITE,64,9
966,606595.0,WRITE_B,64,9
967,606605.0,FETCH,64,10
968,606615.0,CAPTURE,64,10
969,606625.0,CAPTURE_B,64,10
970,606635.0,REDUCE,64,10
971,606645.0,EXEC,64,10
972,606655.0,WRITE,64,10
973,606665.0,WRITE_B,64,10
974,606675.0,FETCH,64,11
975,606685.0,CAPTURE,64,11
976,606695.0,CAPTURE_B,64,11
977,606705.0,REDUCE,64,11
978,606715.0,EXEC,64,11
979,606725.0,WRITE,64,11
980,606735.0,WRITE_B,64,11
981,606745.0,FETCH,64,12
982,606755.0,CAPTURE,64,12
983,606765.0,CAPTURE_B,64,12
984,606775.0,REDUCE,64,12
985,606785.0,EXEC,64,12
986,606795.0,WRITE,64,12
987,606805.0,WRITE_B,64,12
988,606815.0,FETCH,64,13
989,606825.0,CAPTURE,64,13
990,606835.0,CAPTURE_B,64,13
991,606845.0,REDUCE,64,13
992,606855.0,EXEC,64,13
993,606865.0,WRITE,64,13
994,606875.0,WRITE_B,64,13
995,606885.0,FETCH,64,14
996,606895.0,CAPTURE,64,14
997,606905.0,CAPTURE_B,64,14
998,606915.0,REDUCE,64,14
999,606925.0,EXEC,64,14
1000,606935.0,WRITE,64,14
1001,606945.0,WRITE_B,64,14
1002,606955.0,FETCH,64,15
1003,606965.0,CAPTURE,64,15
1004,606975.0,CAPTURE_B,64,15
1005,606985.0,REDUCE,64,15
1006,606995.0,EXEC,64,15
1007,607005.0,WRITE,64,15
1008,607015.0,WRITE_B,64,15
1009,607025.0,FETCH,64,16
1010,607035.0,CAPTURE,64,16
1011,607045.0,CAPTURE_B,64,16
1012,607055.0,REDUCE,64,16
1013,607065.0,EXEC,64,16
1014,607075.0,WRITE,64,16
1015,607085.0,WRITE_B,64,16
1016,607095.0,FETCH,64,17
1017,607105.0,CAPTURE,64,17
1018,607115.0,CAPTURE_B,64,17
1019,607125.0,REDUCE,64,17
1020,607135.0,EXEC,64,17
1021,607145.0,WRITE,64,17
1022,607155.0,WRITE_B,64,17
1023,607165.0,FETCH,64,18
1024,607175.0,CAPTURE,64,18
1025,607185.0,CAPTURE_B,64,18
1026,607195.0,REDUCE,64,18
1027,607205.0,EXEC,64,18
1028,607215.0,WRITE,64,18
1029,607225.0,WRITE_B,64,18
1030,607235.0,FETCH,64,19
1031,607245.0,CAPTURE,64,19
1032,607255.0,CAPTURE_B,64,19
1033,607265.0,REDUCE,64,19
1034,607275.0,EXEC,64,19
1035,607285.0,WRITE,64,19
1036,607295.0,WRITE_B,64,19
1037,607305.0,FETCH,64,20
1038,607315.0,CAPTURE,64,20
1039,607325.0,CAPTURE_B,64,20
1040,607335.0,REDUCE,64,20
1041,607345.0,EXEC,64,20
1042,607355.0,WRITE,64,20
1043,607365.0,WRITE_B,64,20
1044,607375.0,FETCH,64,21
1045,607385.0,CAPTURE,64,21
1046,607395.0,CAPTURE_B,64,21
1047,607405.0,REDUCE,64,21
1048,607415.0,EXEC,64,21
1049,607425.0,WRITE,64,21
1050,607435.0,WRITE_B,64,21
1051,607445.0,FETCH,64,22
1052,607455.0,CAPTURE,64,22
1053,607465.0,CAPTURE_B,64,22
1054,607475.0,REDUCE,64,22
1055,607485.0,EXEC,64,22
1056,607495.0,WRITE,64,22
1057,607505.0,WRITE_B,64,22
1058,607515.0,FETCH,64,23
1059,607525.0,CAPTURE,64,23
1060,607535.0,CAPTURE_B,64,23
1061,607545.0,REDUCE,64,23
1062,607555.0,EXEC,64,23
1063,607565.0,WRITE,64,23
1064,607575.0,WRITE_B,64,23
1065,607585.0,FETCH,64,24
1066,607595.0,CAPTURE,64,24
1067,607605.0,CAPTURE_B,64,24
1068,607615.0,REDUCE,64,24
1069,607625.0,EXEC,64,24
1070,607635.0,WRITE,64,24
1071,607645.0,WRITE_B,64,24
1072,607655.0,FETCH,64,25
1073,607665.0,CAPTURE,64,25
1074,607675.0,CAPTURE_B,64,25
1075,607685.0,REDUCE,64,25
1076,607695.0,EXEC,64,25
1077,607705.0,WRITE,64,25
1078,607715.0,WRITE_B,64,25
1079,607725.0,FETCH,64,26
1080,607735.0,CAPTURE,64,26
1081,607745.0,CAPTURE_B,64,26
1082,607755.0,REDUCE,64,26
1083,607765.0,EXEC,64,26
1084,607775.0,WRITE,64,26
1085,607785.0,WRITE_B,64,26
1086,607795.0,FETCH,64,27
1087,607805.0,CAPTURE,64,27
1088,607815.0,CAPTURE_B,64,27
1089,607825.0,REDUCE,64,27
1090,607835.0,EXEC,64,27
1091,607845.0,WRITE,64,27
1092,607855.0,WRITE_B,64,27
1093,607865.0,FETCH,64,28
1094,607875.0,CAPTURE,64,28
1095,607885.0,CAPTURE_B,64,28
1096,607895.0,REDUCE,64,28
1097,607905.0,EXEC,64,28
1098,607915.0,WRITE,64,28
1099,607925.0,WRITE_B,64,28
1100,607935.0,FETCH,64,29
1101,607945.0,CAPTURE,64,29
1102,607955.0,CAPTURE_B,64,29
1103,607965.0,REDUCE,64,29
1104,607975.0,EXEC,64,29
1105,607985.0,WRITE,64,29
1106,607995.0,WRITE_B,64,29
1107,608005.0,FETCH,64,30
1108,608015.0,CAPTURE,64,30
1109,608025.0,CAPTURE_B,64,30
1110,608035.0,REDUCE,64,30
1111,608045.0,EXEC,64,30
1112,608055.0,WRITE,64,30
1113,608065.0,WRITE_B,64,30
1114,608075.0,FETCH,64,31
1115,608085.0,CAPTURE,64,31
1116,608095.0,CAPTURE_B,64,31
1117,608105.0,REDUCE,64,31
1118,608115.0,EXEC,64,31
1119,608125.0,WRITE,64,31
1120,608135.0,WRITE_B,64,31
1121,608145.0,FETCH,64,32
1122,608155.0,CAPTURE,64,32
1123,608165.0,CAPTURE_B,64,32
1124,608175.0,REDUCE,64,32
1125,608185.0,EXEC,64,32
1126,608195.0,WRITE,64,32
1127,608205.0,WRITE_B,64,32
1128,608215.0,FETCH,64,33
1129,608225.0,CAPTURE,64,33
1130,608235.0,CAPTURE_B,64,33
1131,608245.0,REDUCE,64,33
1132,608255.0,EXEC,64,33
1133,608265.0,WRITE,64,33
1134,608275.0,WRITE_B,64,33
1135,608285.0,FETCH,64,34
1136,608295.0,CAPTURE,64,34
1137,608305.0,CAPTURE_B,64,34
1138,608315.0,REDUCE,64,34
1139,608325.0,EXEC,64,34
1140,608335.0,WRITE,64,34
1141,608345.0,WRITE_B,64,34
1142,608355.0,FETCH,64,35
1143,608365.0,CAPTURE,64,35
1144,608375.0,CAPTURE_B,64,35
1145,608385.0,REDUCE,64,35
1146,608395.0,EXEC,64,35
1147,608405.0,WRITE,64,35
1148,608415.0,WRITE_B,64,35
1149,608425.0,FETCH,64,36
1150,608435.0,CAPTURE,64,36
1151,608445.0,CAPTURE_B,64,36
1152,608455.0,REDUCE,64,36
1153,608465.0,EXEC,64,36
1154,608475.0,WRITE,64,36
1155,608485.0,WRITE_B,64,36
1156,608495.0,FETCH,64,37
1157,608505.0,CAPTURE,64,37
1158,608515.0,CAPTURE_B,64,37
1159,608525.0,REDUCE,64,37
1160,608535.0,EXEC,64,37
1161,608545.0,WRITE,64,37
1162,608555.0,WRITE_B,64,37
1163,608565.0,FETCH,64,38
1164,608575.0,CAPTURE,64,38
1165,608585.0,CAPTURE_B,64,38
1166,608595.0,REDUCE,64,38
1167,608605.0,EXEC,64,38
1168,608615.0,WRITE,64,38
1169,608625.0,WRITE_B,64,38
1170,608635.0,FETCH,64,39
1171,608645.0,CAPTURE,64,39
1172,608655.0,CAPTURE_B,64,39
1173,608665.0,REDUCE,64,39
1174,608675.0,EXEC,64,39
1175,608685.0,WRITE,64,39
1176,608695.0,WRITE_B,64,39
1177,608705.0,FETCH,64,40
1178,608715.0,CAPTURE,64,40
1179,608725.0,CAPTURE_B,64,40
1180,608735.0,REDUCE,64,40
1181,608745.0,EXEC,64,40
1182,608755.0,WRITE,64,40
1183,608765.0,WRITE_B,64,40
1184,608775.0,FETCH,64,41
1185,608785.0,CAPTURE,64,41
1186,608795.0,CAPTURE_B,64,41
1187,608805.0,REDUCE,64,41
1188,608815.0,EXEC,64,41
1189,608825.0,WRITE,64,41
1190,608835.0,WRITE_B,64,41
1191,608845.0,FETCH,64,42
1192,608855.0,CAPTURE,64,42
1193,608865.0,CAPTURE_B,64,42
1194,608875.0,REDUCE,64,42
1195,608885.0,EXEC,64,42
1196,608895.0,WRITE,64,42
1197,608905.0,WRITE_B,64,42
1198,608915.0,FETCH,64,43
1199,608925.0,CAPTURE,64,43
1200,608935.0,CAPTURE_B,64,43
1201,608945.0,REDUCE,64,43
1202,608955.0,EXEC,64,43
1203,608965.0,WRITE,64,43
1204,608975.0,WRITE_B,64,43
1205,608985.0,FETCH,64,44
1206,608995.0,CAPTURE,64,44
1207,609005.0,CAPTURE_B,64,44
1208,609015.0,REDUCE,64,44
1209,609025.0,EXEC,64,44
1210,609035.0,WRITE,64,44
1211,609045.0,WRITE_B,64,44
1212,609055.0,FETCH,64,45
1213,609065.0,CAPTURE,64,45
1214,609075.0,CAPTURE_B,64,45
1215,609085.0,REDUCE,64,45
1216,609095.0,EXEC,64,45
1217,609105.0,WRITE,64,45
1218,609115.0,WRITE_B,64,45
1219,609125.0,FETCH,64,46
1220,609135.0,CAPTURE,64,46
1221,609145.0,CAPTURE_B,64,46
1222,609155.0,REDUCE,64,46
1223,609165.0,EXEC,64,46
1224,609175.0,WRITE,64,46
1225,609185.0,WRITE_B,64,46
1226,609195.0,FETCH,64,47
1227,609205.0,CAPTURE,64,47
1228,609215.0,CAPTURE_B,64,47
1229,609225.0,REDUCE,64,47
1230,609235.0,EXEC,64,47
1231,609245.0,WRITE,64,47
1232,609255.0,WRITE_B,64,47
1233,609265.0,FETCH,64,48
1234,609275.0,CAPTURE,64,48
1235,609285.0,CAPTURE_B,64,48
1236,609295.0,REDUCE,64,48
1237,609305.0,EXEC,64,48
1238,609315.0,WRITE,64,48
1239,609325.0,WRITE_B,64,48
1240,609335.0,FETCH,64,49
1241,609345.0,CAPTURE,64,49
1242,609355.0,CAPTURE_B,64,49
1243,609365.0,REDUCE,64,49
1244,609375.0,EXEC,64,49
1245,609385.0,WRITE,64,49
1246,609395.0,WRITE_B,64,49
1247,609405.0,FETCH,64,50
1248,609415.0,CAPTURE,64,50
1249,609425.0,CAPTURE_B,64,50
1250,609435.0,REDUCE,64,50
1251,609445.0,EXEC,64,50
1252,609455.0,WRITE,64,50
1253,609465.0,WRITE_B,64,50
1254,609475.0,FETCH,64,51
1255,609485.0,CAPTURE,64,51
1256,609495.0,CAPTURE_B,64,51
1257,609505.0,REDUCE,64,51
1258,609515.0,EXEC,64,51
1259,609525.0,WRITE,64,51
1260,609535.0,WRITE_B,64,51
1261,609545.0,FETCH,64,52
1262,609555.0,CAPTURE,64,52
1263,609565.0,CAPTURE_B,64,52
1264,609575.0,REDUCE,64,52
1265,609585.0,EXEC,64,52
1266,609595.0,WRITE,64,52
1267,609605.0,WRITE_B,64,52
1268,609615.0,FETCH,64,53
1269,609625.0,CAPTURE,64,53
1270,609635.0,CAPTURE_B,64,53
1271,609645.0,REDUCE,64,53
1272,609655.0,EXEC,64,53
1273,609665.0,WRITE,64,53
1274,609675.0,WRITE_B,64,53
1275,609685.0,FETCH,64,54
1276,609695.0,CAPTURE,64,54
1277,609705.0,CAPTURE_B,64,54
1278,609715.0,REDUCE,64,54
1279,609725.0,EXEC,64,54
1280,609735.0,WRITE,64,54
1281,609745.0,WRITE_B,64,54
1282,609755.0,FETCH,64,55
1283,609765.0,CAPTURE,64,55
1284,609775.0,CAPTURE_B,64,55
1285,609785.0,REDUCE,64,55
1286,609795.0,EXEC,64,55
1287,609805.0,WRITE,64,55
1288,609815.0,WRITE_B,64,55
1289,609825.0,FETCH,64,56
1290,609835.0,CAPTURE,64,56
1291,609845.0,CAPTURE_B,64,56
1292,609855.0,REDUCE,64,56
1293,609865.0,EXEC,64,56
1294,609875.0,WRITE,64,56
1295,609885.0,WRITE_B,64,56
1296,609895.0,FETCH,64,57
1297,609905.0,CAPTURE,64,57
1298,609915.0,CAPTURE_B,64,57
1299,609925.0,REDUCE,64,57
1300,609935.0,EXEC,64,57
1301,609945.0,WRITE,64,57
1302,609955.0,WRITE_B,64,57
1303,609965.0,FETCH,64,58
1304,609975.0,CAPTURE,64,58
1305,609985.0,CAPTURE_B,64,58
1306,609995.0,REDUCE,64,58
1307,610005.0,EXEC,64,58
1308,610015.0,WRITE,64,58
1309,610025.0,WRITE_B,64,58
1310,610035.0,FETCH,64,59
1311,610045.0,CAPTURE,64,59
1312,610055.0,CAPTURE_B,64,59
1313,610065.0,REDUCE,64,59
1314,610075.0,EXEC,64,59
1315,610085.0,WRITE,64,59
1316,610095.0,WRITE_B,64,59
1317,610105.0,FETCH,64,60
1318,610115.0,CAPTURE,64,60
1319,610125.0,CAPTURE_B,64,60
1320,610135.0,REDUCE,64,60
1321,610145.0,EXEC,64,60
1322,610155.0,WRITE,64,60
1323,610165.0,WRITE_B,64,60
1324,610175.0,FETCH,64,61
1325,610185.0,CAPTURE,64,61
1326,610195.0,CAPTURE_B,64,61
1327,610205.0,REDUCE,64,61
1328,610215.0,EXEC,64,61
1329,610225.0,WRITE,64,61
1330,610235.0,WRITE_B,64,61
1331,610245.0,FETCH,64,62
1332,610255.0,CAPTURE,64,62
1333,610265.0,CAPTURE_B,64,62
1334,610275.0,REDUCE,64,62
1335,610285.0,EXEC,64,62
1336,610295.0,WRITE,64,62
1337,610305.0,WRITE_B,64,62
1338,610315.0,FETCH,64,63
1339,610325.0,CAPTURE,64,63
1340,610335.0,CAPTURE_B,64,63
1341,610345.0,REDUCE,64,63
1342,610355.0,EXEC,64,63
1343,610365.0,WRITE,64,63
1344,610375.0,WRITE_B,64,63
1345,610385.0,FETCH,64,128
1346,610395.0,CAPTURE,64,128
1347,610405.0,CAPTURE_B,64,128
1348,610415.0,REDUCE,64,128
1349,610425.0,EXEC,64,128
1350,610435.0,WRITE,64,128
1351,610445.0,WRITE_B,64,128
1352,610455.0,FETCH,64,129
1353,610465.0,CAPTURE,64,129
1354,610475.0,CAPTURE_B,64,129
1355,610485.0,REDUCE,64,129
1356,610495.0,EXEC,64,129
1357,610505.0,WRITE,64,129
1358,610515.0,WRITE_B,64,129
1359,610525.0,FETCH,64,130
1360,610535.0,CAPTURE,64,130
1361,610545.0,CAPTURE_B,64,130
1362,610555.0,REDUCE,64,130
1363,610565.0,EXEC,64,130
1364,610575.0,WRITE,64,130
1365,610585.0,WRITE_B,64,130
1366,610595.0,FETCH,64,131
1367,610605.0,CAPTURE,64,131
1368,610615.0,CAPTURE_B,64,131
1369,610625.0,REDUCE,64,131
1370,610635.0,EXEC,64,131
1371,610645.0,WRITE,64,131
1372,610655.0,WRITE_B,64,131
1373,610665.0,FETCH,64,132
1374,610675.0,CAPTURE,64,132
1375,610685.0,CAPTURE_B,64,132
1376,610695.0,REDUCE,64,132
1377,610705.0,EXEC,64,132
1378,610715.0,WRITE,64,132
1379,610725.0,WRITE_B,64,132
1380,610735.0,FETCH,64,133
1381,610745.0,CAPTURE,64,133
1382,610755.0,CAPTURE_B,64,133
1383,610765.0,REDUCE,64,133
1384,610775.0,EXEC,64,133
1385,610785.0,WRITE,64,133
1386,610795.0,WRITE_B,64,133
1387,610805.0,FETCH,64,134
1388,610815.0,CAPTURE,64,134
1389,610825.0,CAPTURE_B,64,134
1390,610835.0,REDUCE,64,134
1391,610845.0,EXEC,64,134
1392,610855.0,WRITE,64,134
1393,610865.0,WRITE_B,64,134
1394,610875.0,FETCH,64,135
1395,610885.0,CAPTURE,64,135
1396,610895.0,CAPTURE_B,64,135
1397,610905.0,REDUCE,64,135
1398,610915.0,EXEC,64,135
1399,610925.0,WRITE,64,135
1400,610935.0,WRITE_B,64,135
1401,610945.0,FETCH,64,136
1402,610955.0,CAPTURE,64,136
1403,610965.0,CAPTURE_B,64,136
1404,610975.0,REDUCE,64,136
1405,610985.0,EXEC,64,136
1406,610995.0,WRITE,64,136
1407,611005.0,WRITE_B,64,136
1408,611015.0,FETCH,64,137
1409,611025.0,CAPTURE,64,137
1410,611035.0,CAPTURE_B,64,137
1411,611045.0,REDUCE,64,137
1412,611055.0,EXEC,64,137
1413,611065.0,WRITE,64,137
1414,611075.0,WRITE_B,64,137
1415,611085.0,FETCH,64,138
1416,611095.0,CAPTURE,64,138
1417,611105.0,CAPTURE_B,64,138
1418,611115.0,REDUCE,64,138
1419,611125.0,EXEC,64,138
1420,611135.0,WRITE,64,138
1421,611145.0,WRITE_B,64,138
1422,611155.0,FETCH,64,139
1423,611165.0,CAPTURE,64,139
1424,611175.0,CAPTURE_B,64,139
1425,611185.0,REDUCE,64,139
1426,611195.0,EXEC,64,139
1427,611205.0,WRITE,64,139
1428,611215.0,WRITE_B,64,139
1429,611225.0,FETCH,64,140
1430,611235.0,CAPTURE,64,140
1431,611245.0,CAPTURE_B,64,140
1432,611255.0,REDUCE,64,140
1433,611265.0,EXEC,64,140
1434,611275.0,WRITE,64,140
1435,611285.0,WRITE_B,64,140
1436,611295.0,FETCH,64,141
1437,611305.0,CAPTURE,64,141
1438,611315.0,CAPTURE_B,64,141
1439,611325.0,REDUCE,64,141
1440,611335.0,EXEC,64,141
1441,611345.0,WRITE,64,141
1442,611355.0,WRITE_B,64,141
1443,611365.0,FETCH,64,142
1444,611375.0,CAPTURE,64,142
1445,611385.0,CAPTURE_B,64,142
1446,611395.0,REDUCE,64,142
1447,611405.0,EXEC,64,142
1448,611415.0,WRITE,64,142
1449,611425.0,WRITE_B,64,142
1450,611435.0,FETCH,64,143
1451,611445.0,CAPTURE,64,143
1452,611455.0,CAPTURE_B,64,143
1453,611465.0,REDUCE,64,143
1454,611475.0,EXEC,64,143
1455,611485.0,WRITE,64,143
1456,611495.0,WRITE_B,64,143
1457,611505.0,FETCH,64,144
1458,611515.0,CAPTURE,64,144
1459,611525.0,CAPTURE_B,64,144
1460,611535.0,REDUCE,64,144
1461,611545.0,EXEC,64,144
1462,611555.0,WRITE,64,144
1463,611565.0,WRITE_B,64,144
1464,611575.0,FETCH,64,145
1465,611585.0,CAPTURE,64,145
1466,611595.0,CAPTURE_B,64,145
1467,611605.0,REDUCE,64,145
1468,611615.0,EXEC,64,145
1469,611625.0,WRITE,64,145
1470,611635.0,WRITE_B,64,145
1471,611645.0,FETCH,64,146
1472,611655.0,CAPTURE,64,146
1473,611665.0,CAPTURE_B,64,146
1474,611675.0,REDUCE,64,146
1475,611685.0,EXEC,64,146
1476,611695.0,WRITE,64,146
1477,611705.0,WRITE_B,64,146
1478,611715.0,FETCH,64,147
1479,611725.0,CAPTURE,64,147
1480,611735.0,CAPTURE_B,64,147
1481,611745.0,REDUCE,64,147
1482,611755.0,EXEC,64,147
1483,611765.0,WRITE,64,147
1484,611775.0,WRITE_B,64,147
1485,611785.0,FETCH,64,148
1486,611795.0,CAPTURE,64,148
1487,611805.0,CAPTURE_B,64,148
1488,611815.0,REDUCE,64,148
1489,611825.0,EXEC,64,148
1490,611835.0,WRITE,64,148
1491,611845.0,WRITE_B,64,148
1492,611855.0,FETCH,64,149
1493,611865.0,CAPTURE,64,149
1494,611875.0,CAPTURE_B,64,149
1495,611885.0,REDUCE,64,149
1496,611895.0,EXEC,64,149
1497,611905.0,WRITE,64,149
1498,611915.0,WRITE_B,64,149
1499,611925.0,FETCH,64,150
1500,611935.0,CAPTURE,64,150
1501,611945.0,CAPTURE_B,64,150
1502,611955.0,REDUCE,64,150
1503,611965.0,EXEC,64,150
1504,611975.0,WRITE,64,150
1505,611985.0,WRITE_B,64,150
1506,611995.0,FETCH,64,151
1507,612005.0,CAPTURE,64,151
1508,612015.0,CAPTURE_B,64,151
1509,612025.0,REDUCE,64,151
1510,612035.0,EXEC,64,151
1511,612045.0,WRITE,64,151
1512,612055.0,WRITE_B,64,151
1513,612065.0,FETCH,64,152
1514,612075.0,CAPTURE,64,152
1515,612085.0,CAPTURE_B,64,152
1516,612095.0,REDUCE,64,152
1517,612105.0,EXEC,64,152
1518,612115.0,WRITE,64,152
1519,612125.0,WRITE_B,64,152
1520,612135.0,FETCH,64,153
1521,612145.0,CAPTURE,64,153
1522,612155.0,CAPTURE_B,64,153
1523,612165.0,REDUCE,64,153
1524,612175.0,EXEC,64,153
1525,612185.0,WRITE,64,153
1526,612195.0,WRITE_B,64,153
1527,612205.0,FETCH,64,154
1528,612215.0,CAPTURE,64,154
1529,612225.0,CAPTURE_B,64,154
1530,612235.0,REDUCE,64,154
1531,612245.0,EXEC,64,154
1532,612255.0,WRITE,64,154
1533,612265.0,WRITE_B,64,154
1534,612275.0,FETCH,64,155
1535,612285.0,CAPTURE,64,155
1536,612295.0,CAPTURE_B,64,155
1537,612305.0,REDUCE,64,155
1538,612315.0,EXEC,64,155
1539,612325.0,WRITE,64,155
1540,612335.0,WRITE_B,64,155
1541,612345.0,FETCH,64,156
1542,612355.0,CAPTURE,64,156
1543,612365.0,CAPTURE_B,64,156
1544,612375.0,REDUCE,64,156
1545,612385.0,EXEC,64,156
1546,612395.0,WRITE,64,156
1547,612405.0,WRITE_B,64,156
1548,612415.0,FETCH,64,157
1549,612425.0,CAPTURE,64,157
1550,612435.0,CAPTURE_B,64,157
1551,612445.0,REDUCE,64,157
1552,612455.0,EXEC,64,157
1553,612465.0,WRITE,64,157
1554,612475.0,WRITE_B,64,157
1555,612485.0,FETCH,64,158
1556,612495.0,CAPTURE,64,158
1557,612505.0,CAPTURE_B,64,158
1558,612515.0,REDUCE,64,158
1559,612525.0,EXEC,64,158
1560,612535.0,WRITE,64,158
1561,612545.0,WRITE_B,64,158
1562,612555.0,FETCH,64,159
1563,612565.0,CAPTURE,64,159
1564,612575.0,CAPTURE_B,64,159
1565,612585.0,REDUCE,64,159
1566,612595.0,EXEC,64,159
1567,612605.0,WRITE,64,159
1568,612615.0,WRITE_B,64,159
1569,612625.0,FETCH,64,160
1570,612635.0,CAPTURE,64,160
1571,612645.0,CAPTURE_B,64,160
1572,612655.0,REDUCE,64,160
1573,612665.0,EXEC,64,160
1574,612675.0,WRITE,64,160
1575,612685.0,WRITE_B,64,160
1576,612695.0,FETCH,64,161
1577,612705.0,CAPTURE,64,161
1578,612715.0,CAPTURE_B,64,161
1579,612725.0,REDUCE,64,161
1580,612735.0,EXEC,64,161
1581,612745.0,WRITE,64,161
1582,612755.0,WRITE_B,64,161
1583,612765.0,FETCH,64,162
1584,612775.0,CAPTURE,64,162
1585,612785.0,CAPTURE_B,64,162
1586,612795.0,REDUCE,64,162
1587,612805.0,EXEC,64,162
1588,612815.0,WRITE,64,162
1589,612825.0,WRITE_B,64,162
1590,612835.0,FETCH,64,163
1591,612845.0,CAPTURE,64,163
1592,612855.0,CAPTURE_B,64,163
1593,612865.0,REDUCE,64,163
1594,612875.0,EXEC,64,163
1595,612885.0,WRITE,64,163
1596,612895.0,WRITE_B,64,163
1597,612905.0,FETCH,64,164
1598,612915.0,CAPTURE,64,164
1599,612925.0,CAPTURE_B,64,164
1600,612935.0,REDUCE,64,164
1601,612945.0,EXEC,64,164
1602,612955.0,WRITE,64,164
1603,612965.0,WRITE_B,64,164
1604,612975.0,FETCH,64,165
1605,612985.0,CAPTURE,64,165
1606,612995.0,CAPTURE_B,64,165
1607,613005.0,REDUCE,64,165
1608,613015.0,EXEC,64,165
1609,613025.0,WRITE,64,165
1610,613035.0,WRITE_B,64,165
1611,613045.0,FETCH,64,166
1612,613055.0,CAPTURE,64,166
1613,613065.0,CAPTURE_B,64,166
1614,613075.0,REDUCE,64,166
1615,613085.0,EXEC,64,166
1616,613095.0,WRITE,64,166
1617,613105.0,WRITE_B,64,166
1618,613115.0,FETCH,64,167
1619,613125.0,CAPTURE,64,167
1620,613135.0,CAPTURE_B,64,167
1621,613145.0,REDUCE,64,167
1622,613155.0,EXEC,64,167
1623,613165.0,WRITE,64,167
1624,613175.0,WRITE_B,64,167
1625,613185.0,FETCH,64,168
1626,613195.0,CAPTURE,64,168
1627,613205.0,CAPTURE_B,64,168
1628,613215.0,REDUCE,64,168
1629,613225.0,EXEC,64,168
1630,613235.0,WRITE,64,168
1631,613245.0,WRITE_B,64,168
1632,613255.0,FETCH,64,169
1633,613265.0,CAPTURE,64,169
1634,613275.0,CAPTURE_B,64,169
1635,613285.0,REDUCE,64,169
1636,613295.0,EXEC,64,169
1637,613305.0,WRITE,64,169
1638,613315.0,WRITE_B,64,169
1639,613325.0,FETCH,64,170
1640,613335.0,CAPTURE,64,170
1641,613345.0,CAPTURE_B,64,170
1642,613355.0,REDUCE,64,170
1643,613365.0,EXEC,64,170
1644,613375.0,WRITE,64,170
1645,613385.0,WRITE_B,64,170
1646,613395.0,FETCH,64,171
1647,613405.0,CAPTURE,64,171
1648,613415.0,CAPTURE_B,64,171
1649,613425.0,REDUCE,64,171
1650,613435.0,EXEC,64,171
1651,613445.0,WRITE,64,171
1652,613455.0,WRITE_B,64,171
1653,613465.0,FETCH,64,172
1654,613475.0,CAPTURE,64,172
1655,613485.0,CAPTURE_B,64,172
1656,613495.0,REDUCE,64,172
1657,613505.0,EXEC,64,172
1658,613515.0,WRITE,64,172
1659,613525.0,WRITE_B,64,172
1660,613535.0,FETCH,64,173
1661,613545.0,CAPTURE,64,173
1662,613555.0,CAPTURE_B,64,173
1663,613565.0,REDUCE,64,173
1664,613575.0,EXEC,64,173
1665,613585.0,WRITE,64,173
1666,613595.0,WRITE_B,64,173
1667,613605.0,FETCH,64,174
1668,613615.0,CAPTURE,64,174
1669,613625.0,CAPTURE_B,64,174
1670,613635.0,REDUCE,64,174
1671,613645.0,EXEC,64,174
1672,613655.0,WRITE,64,174
1673,613665.0,WRITE_B,64,174
1674,613675.0,FETCH,64,175
1675,613685.0,CAPTURE,64,175
1676,613695.0,CAPTURE_B,64,175
1677,613705.0,REDUCE,64,175
1678,613715.0,EXEC,64,175
1679,613725.0,WRITE,64,175
1680,613735.0,WRITE_B,64,175
1681,613745.0,FETCH,64,176
1682,613755.0,CAPTURE,64,176
1683,613765.0,CAPTURE_B,64,176
1684,613775.0,REDUCE,64,176
1685,613785.0,EXEC,64,176
1686,613795.0,WRITE,64,176
1687,613805.0,WRITE_B,64,176
1688,613815.0,FETCH,64,177
1689,613825.0,CAPTURE,64,177
1690,613835.0,CAPTURE_B,64,177
1691,613845.0,REDUCE,64,177
1692,613855.0,EXEC,64,177
1693,613865.0,WRITE,64,177
1694,613875.0,WRITE_B,64,177
1695,613885.0,FETCH,64,178
1696,613895.0,CAPTURE,64,178
1697,613905.0,CAPTURE_B,64,178
1698,613915.0,REDUCE,64,178
1699,613925.0,EXEC,64,178
1700,613935.0,WRITE,64,178
1701,613945.0,WRITE_B,64,178
1702,613955.0,FETCH,64,179
1703,613965.0,CAPTURE,64,179
1704,613975.0,CAPTURE_B,64,179
1705,613985.0,REDUCE,64,179
1706,613995.0,EXEC,64,179
1707,614005.0,WRITE,64,179
1708,614015.0,WRITE_B,64,179
1709,614025.0,FETCH,64,180
1710,614035.0,CAPTURE,64,180
1711,614045.0,CAPTURE_B,64,180
1712,614055.0,REDUCE,64,180
1713,614065.0,EXEC,64,180
1714,614075.0,WRITE,64,180
1715,614085.0,WRITE_B,64,180
1716,614095.0,FETCH,64,181
1717,614105.0,CAPTURE,64,181
1718,614115.0,CAPTURE_B,64,181
1719,614125.0,REDUCE,64,181
1720,614135.0,EXEC,64,181
1721,614145.0,WRITE,64,181
1722,614155.0,WRITE_B,64,181
1723,614165.0,FETCH,64,182
1724,614175.0,CAPTURE,64,182
1725,614185.0,CAPTURE_B,64,182
1726,614195.0,REDUCE,64,182
1727,614205.0,EXEC,64,182
1728,614215.0,WRITE,64,182
1729,614225.0,WRITE_B,64,182
1730,614235.0,FETCH,64,183
1731,614245.0,CAPTURE,64,183
1732,614255.0,CAPTURE_B,64,183
1733,614265.0,REDUCE,64,183
1734,614275.0,EXEC,64,183
1735,614285.0,WRITE,64,183
1736,614295.0,WRITE_B,64,183
1737,614305.0,FETCH,64,184
1738,614315.0,CAPTURE,64,184
1739,614325.0,CAPTURE_B,64,184
1740,614335.0,REDUCE,64,184
1741,614345.0,EXEC,64,184
1742,614355.0,WRITE,64,184
1743,614365.0,WRITE_B,64,184
1744,614375.0,FETCH,64,185
1745,614385.0,CAPTURE,64,185
1746,614395.0,CAPTURE_B,64,185
1747,614405.0,REDUCE,64,185
1748,614415.0,EXEC,64,185
1749,614425.0,WRITE,64,185
1750,614435.0,WRITE_B,64,185
1751,614445.0,FETCH,64,186
1752,614455.0,CAPTURE,64,186
1753,614465.0,CAPTURE_B,64,186
1754,614475.0,REDUCE,64,186
1755,614485.0,EXEC,64,186
1756,614495.0,WRITE,64,186
1757,614505.0,WRITE_B,64,186
1758,614515.0,FETCH,64,187
1759,614525.0,CAPTURE,64,187
1760,614535.0,CAPTURE_B,64,187
1761,614545.0,REDUCE,64,187
1762,614555.0,EXEC,64,187
1763,614565.0,WRITE,64,187
1764,614575.0,WRITE_B,64,187
1765,614585.0,FETCH,64,188
1766,614595.0,CAPTURE,64,188
1767,614605.0,CAPTURE_B,64,188
1768,614615.0,REDUCE,64,188
1769,614625.0,EXEC,64,188
1770,614635.0,WRITE,64,188
1771,614645.0,WRITE_B,64,188
1772,614655.0,FETCH,64,189
1773,614665.0,CAPTURE,64,189
1774,614675.0,CAPTURE_B,64,189
1775,614685.0,REDUCE,64,189
1776,614695.0,EXEC,64,189
1777,614705.0,WRITE,64,189
1778,614715.0,WRITE_B,64,189
1779,614725.0,FETCH,64,190
1780,614735.0,CAPTURE,64,190
1781,614745.0,CAPTURE_B,64,190
1782,614755.0,REDUCE,64,190
1783,614765.0,EXEC,64,190
1784,614775.0,WRITE,64,190
1785,614785.0,WRITE_B,64,190
1786,614795.0,FETCH,64,191
1787,614805.0,CAPTURE,64,191
1788,614815.0,CAPTURE_B,64,191
1789,614825.0,REDUCE,64,191
1790,614835.0,EXEC,64,191
1791,614845.0,WRITE,64,191
1792,614855.0,WRITE_B,64,191
1793,614865.0,FETCH,32,0
1794,614875.0,CAPTURE,32,0
1795,614885.0,CAPTURE_B,32,0
1796,614895.0,REDUCE,32,0
1797,614905.0,EXEC,32,0
1798,614915.0,WRITE,32,0
1799,614925.0,WRITE_B,32,0
1800,614935.0,FETCH,32,1
1801,614945.0,CAPTURE,32,1
1802,614955.0,CAPTURE_B,32,1
1803,614965.0,REDUCE,32,1
1804,614975.0,EXEC,32,1
1805,614985.0,WRITE,32,1
1806,614995.0,WRITE_B,32,1
1807,615005.0,FETCH,32,2
1808,615015.0,CAPTURE,32,2
1809,615025.0,CAPTURE_B,32,2
1810,615035.0,REDUCE,32,2
1811,615045.0,EXEC,32,2
1812,615055.0,WRITE,32,2
1813,615065.0,WRITE_B,32,2
1814,615075.0,FETCH,32,3
1815,615085.0,CAPTURE,32,3
1816,615095.0,CAPTURE_B,32,3
1817,615105.0,REDUCE,32,3
1818,615115.0,EXEC,32,3
1819,615125.0,WRITE,32,3
1820,615135.0,WRITE_B,32,3
1821,615145.0,FETCH,32,4
1822,615155.0,CAPTURE,32,4
1823,615165.0,CAPTURE_B,32,4
1824,615175.0,REDUCE,32,4
1825,615185.0,EXEC,32,4
1826,615195.0,WRITE,32,4
1827,615205.0,WRITE_B,32,4
1828,615215.0,FETCH,32,5
1829,615225.0,CAPTURE,32,5
1830,615235.0,CAPTURE_B,32,5
1831,615245.0,REDUCE,32,5
1832,615255.0,EXEC,32,5
1833,615265.0,WRITE,32,5
1834,615275.0,WRITE_B,32,5
1835,615285.0,FETCH,32,6
1836,615295.0,CAPTURE,32,6
1837,615305.0,CAPTURE_B,32,6
1838,615315.0,REDUCE,32,6
1839,615325.0,EXEC,32,6
1840,615335.0,WRITE,32,6
1841,615345.0,WRITE_B,32,6
1842,615355.0,FETCH,32,7
1843,615365.0,CAPTURE,32,7
1844,615375.0,CAPTURE_B,32,7
1845,615385.0,REDUCE,32,7
1846,615395.0,EXEC,32,7
1847,615405.0,WRITE,32,7
1848,615415.0,WRITE_B,32,7
1849,615425.0,FETCH,32,8
1850,615435.0,CAPTURE,32,8
1851,615445.0,CAPTURE_B,32,8
1852,615455.0,REDUCE,32,8
1853,615465.0,EXEC,32,8
1854,615475.0,WRITE,32,8
1855,615485.0,WRITE_B,32,8
1856,615495.0,FETCH,32,9
1857,615505.0,CAPTURE,32,9
1858,615515.0,CAPTURE_B,32,9
1859,615525.0,REDUCE,32,9
1860,615535.0,EXEC,32,9
1861,615545.0,WRITE,32,9
1862,615555.0,WRITE_B,32,9
1863,615565.0,FETCH,32,10
1864,615575.0,CAPTURE,32,10
1865,615585.0,CAPTURE_B,32,10
1866,615595.0,REDUCE,32,10
1867,615605.0,EXEC,32,10
1868,615615.0,WRITE,32,10
1869,615625.0,WRITE_B,32,10
1870,615635.0,FETCH,32,11
1871,615645.0,CAPTURE,32,11
1872,615655.0,CAPTURE_B,32,11
1873,615665.0,REDUCE,32,11
1874,615675.0,EXEC,32,11
1875,615685.0,WRITE,32,11
1876,615695.0,WRITE_B,32,11
1877,615705.0,FETCH,32,12
1878,615715.0,CAPTURE,32,12
1879,615725.0,CAPTURE_B,32,12
1880,615735.0,REDUCE,32,12
1881,615745.0,EXEC,32,12
1882,615755.0,WRITE,32,12
1883,615765.0,WRITE_B,32,12
1884,615775.0,FETCH,32,13
1885,615785.0,CAPTURE,32,13
1886,615795.0,CAPTURE_B,32,13
1887,615805.0,REDUCE,32,13
1888,615815.0,EXEC,32,13
1889,615825.0,WRITE,32,13
1890,615835.0,WRITE_B,32,13
1891,615845.0,FETCH,32,14
1892,615855.0,CAPTURE,32,14
1893,615865.0,CAPTURE_B,32,14
1894,615875.0,REDUCE,32,14
1895,615885.0,EXEC,32,14
1896,615895.0,WRITE,32,14
1897,615905.0,WRITE_B,32,14
1898,615915.0,FETCH,32,15
1899,615925.0,CAPTURE,32,15
1900,615935.0,CAPTURE_B,32,15
1901,615945.0,REDUCE,32,15
1902,615955.0,EXEC,32,15
1903,615965.0,WRITE,32,15
1904,615975.0,WRITE_B,32,15
1905,615985.0,FETCH,32,16
1906,615995.0,CAPTURE,32,16
1907,616005.0,CAPTURE_B,32,16
1908,616015.0,REDUCE,32,16
1909,616025.0,EXEC,32,16
1910,616035.0,WRITE,32,16
1911,616045.0,WRITE_B,32,16
1912,616055.0,FETCH,32,17
1913,616065.0,CAPTURE,32,17
1914,616075.0,CAPTURE_B,32,17
1915,616085.0,REDUCE,32,17
1916,616095.0,EXEC,32,17
1917,616105.0,WRITE,32,17
1918,616115.0,WRITE_B,32,17
1919,616125.0,FETCH,32,18
1920,616135.0,CAPTURE,32,18
1921,616145.0,CAPTURE_B,32,18
1922,616155.0,REDUCE,32,18
1923,616165.0,EXEC,32,18
1924,616175.0,WRITE,32,18
1925,616185.0,WRITE_B,32,18
1926,616195.0,FETCH,32,19
1927,616205.0,CAPTURE,32,19
1928,616215.0,CAPTURE_B,32,19
1929,616225.0,REDUCE,32,19
1930,616235.0,EXEC,32,19
1931,616245.0,WRITE,32,19
1932,616255.0,WRITE_B,32,19
1933,616265.0,FETCH,32,20
1934,616275.0,CAPTURE,32,20
1935,616285.0,CAPTURE_B,32,20
1936,616295.0,REDUCE,32,20
1937,616305.0,EXEC,32,20
1938,616315.0,WRITE,32,20
1939,616325.0,WRITE_B,32,20
1940,616335.0,FETCH,32,21
1941,616345.0,CAPTURE,32,21
1942,616355.0,CAPTURE_B,32,21
1943,616365.0,REDUCE,32,21
1944,616375.0,EXEC,32,21
1945,616385.0,WRITE,32,21
1946,616395.0,WRITE_B,32,21
1947,616405.0,FETCH,32,22
1948,616415.0,CAPTURE,32,22
1949,616425.0,CAPTURE_B,32,22
1950,616435.0,REDUCE,32,22
1951,616445.0,EXEC,32,22
1952,616455.0,WRITE,32,22
1953,616465.0,WRITE_B,32,22
1954,616475.0,FETCH,32,23
1955,616485.0,CAPTURE,32,23
1956,616495.0,CAPTURE_B,32,23
1957,616505.0,REDUCE,32,23
1958,616515.0,EXEC,32,23
1959,616525.0,WRITE,32,23
1960,616535.0,WRITE_B,32,23
1961,616545.0,FETCH,32,24
1962,616555.0,CAPTURE,32,24
1963,616565.0,CAPTURE_B,32,24
1964,616575.0,REDUCE,32,24
1965,616585.0,EXEC,32,24
1966,616595.0,WRITE,32,24
1967,616605.0,WRITE_B,32,24
1968,616615.0,FETCH,32,25
1969,616625.0,CAPTURE,32,25
1970,616635.0,CAPTURE_B,32,25
1971,616645.0,REDUCE,32,25
1972,616655.0,EXEC,32,25
1973,616665.0,WRITE,32,25
1974,616675.0,WRITE_B,32,25
1975,616685.0,FETCH,32,26
1976,616695.0,CAPTURE,32,26
1977,616705.0,CAPTURE_B,32,26
1978,616715.0,REDUCE,32,26
1979,616725.0,EXEC,32,26
1980,616735.0,WRITE,32,26
1981,616745.0,WRITE_B,32,26
1982,616755.0,FETCH,32,27
1983,616765.0,CAPTURE,32,27
1984,616775.0,CAPTURE_B,32,27
1985,616785.0,REDUCE,32,27
1986,616795.0,EXEC,32,27
1987,616805.0,WRITE,32,27
1988,616815.0,WRITE_B,32,27
1989,616825.0,FETCH,32,28
1990,616835.0,CAPTURE,32,28
1991,616845.0,CAPTURE_B,32,28
1992,616855.0,REDUCE,32,28
1993,616865.0,EXEC,32,28
1994,616875.0,WRITE,32,28
1995,616885.0,WRITE_B,32,28
1996,616895.0,FETCH,32,29
1997,616905.0,CAPTURE,32,29
1998,616915.0,CAPTURE_B,32,29
1999,616925.0,REDUCE,32,29
2000,616935.0,EXEC,32,29
2001,616945.0,WRITE,32,29
2002,616955.0,WRITE_B,32,29
2003,616965.0,FETCH,32,30
2004,616975.0,CAPTURE,32,30
2005,616985.0,CAPTURE_B,32,30
2006,616995.0,REDUCE,32,30
2007,617005.0,EXEC,32,30
2008,617015.0,WRITE,32,30
2009,617025.0,WRITE_B,32,30
2010,617035.0,FETCH,32,31
2011,617045.0,CAPTURE,32,31
2012,617055.0,CAPTURE_B,32,31
2013,617065.0,REDUCE,32,31
2014,617075.0,EXEC,32,31
2015,617085.0,WRITE,32,31
2016,617095.0,WRITE_B,32,31
2017,617105.0,FETCH,32,64
2018,617115.0,CAPTURE,32,64
2019,617125.0,CAPTURE_B,32,64
2020,617135.0,REDUCE,32,64
2021,617145.0,EXEC,32,64
2022,617155.0,WRITE,32,64
2023,617165.0,WRITE_B,32,64
2024,617175.0,FETCH,32,65
2025,617185.0,CAPTURE,32,65
2026,617195.0,CAPTURE_B,32,65
2027,617205.0,REDUCE,32,65
2028,617215.0,EXEC,32,65
2029,617225.0,WRITE,32,65
2030,617235.0,WRITE_B,32,65
2031,617245.0,FETCH,32,66
2032,617255.0,CAPTURE,32,66
2033,617265.0,CAPTURE_B,32,66
2034,617275.0,REDUCE,32,66
2035,617285.0,EXEC,32,66
2036,617295.0,WRITE,32,66
2037,617305.0,WRITE_B,32,66
2038,617315.0,FETCH,32,67
2039,617325.0,CAPTURE,32,67
2040,617335.0,CAPTURE_B,32,67
2041,617345.0,REDUCE,32,67
2042,617355.0,EXEC,32,67
2043,617365.0,WRITE,32,67
2044,617375.0,WRITE_B,32,67
2045,617385.0,FETCH,32,68
2046,617395.0,CAPTURE,32,68
2047,617405.0,CAPTURE_B,32,68
2048,617415.0,REDUCE,32,68
2049,617425.0,EXEC,32,68
2050,617435.0,WRITE,32,68
2051,617445.0,WRITE_B,32,68
2052,617455.0,FETCH,32,69
2053,617465.0,CAPTURE,32,69
2054,617475.0,CAPTURE_B,32,69
2055,617485.0,REDUCE,32,69
2056,617495.0,EXEC,32,69
2057,617505.0,WRITE,32,69
2058,617515.0,WRITE_B,32,69
2059,617525.0,FETCH,32,70
2060,617535.0,CAPTURE,32,70
2061,617545.0,CAPTURE_B,32,70
2062,617555.0,REDUCE,32,70
2063,617565.0,EXEC,32,70
2064,617575.0,WRITE,32,70
2065,617585.0,WRITE_B,32,70
2066,617595.0,FETCH,32,71
2067,617605.0,CAPTURE,32,71
2068,617615.0,CAPTURE_B,32,71
2069,617625.0,REDUCE,32,71
2070,617635.0,EXEC,32,71
2071,617645.0,WRITE,32,71
2072,617655.0,WRITE_B,32,71
2073,617665.0,FETCH,32,72
2074,617675.0,CAPTURE,32,72
2075,617685.0,CAPTURE_B,32,72
2076,617695.0,REDUCE,32,72
2077,617705.0,EXEC,32,72
2078,617715.0,WRITE,32,72
2079,617725.0,WRITE_B,32,72
2080,617735.0,FETCH,32,73
2081,617745.0,CAPTURE,32,73
2082,617755.0,CAPTURE_B,32,73
2083,617765.0,REDUCE,32,73
2084,617775.0,EXEC,32,73
2085,617785.0,WRITE,32,73
2086,617795.0,WRITE_B,32,73
2087,617805.0,FETCH,32,74
2088,617815.0,CAPTURE,32,74
2089,617825.0,CAPTURE_B,32,74
2090,617835.0,REDUCE,32,74
2091,617845.0,EXEC,32,74
2092,617855.0,WRITE,32,74
2093,617865.0,WRITE_B,32,74
2094,617875.0,FETCH,32,75
2095,617885.0,CAPTURE,32,75
2096,617895.0,CAPTURE_B,32,75
2097,617905.0,REDUCE,32,75
2098,617915.0,EXEC,32,75
2099,617925.0,WRITE,32,75
2100,617935.0,WRITE_B,32,75
2101,617945.0,FETCH,32,76
2102,617955.0,CAPTURE,32,76
2103,617965.0,CAPTURE_B,32,76
2104,617975.0,REDUCE,32,76
2105,617985.0,EXEC,32,76
2106,617995.0,WRITE,32,76
2107,618005.0,WRITE_B,32,76
2108,618015.0,FETCH,32,77
2109,618025.0,CAPTURE,32,77
2110,618035.0,CAPTURE_B,32,77
2111,618045.0,REDUCE,32,77
2112,618055.0,EXEC,32,77
2113,618065.0,WRITE,32,77
2114,618075.0,WRITE_B,32,77
2115,618085.0,FETCH,32,78
2116,618095.0,CAPTURE,32,78
2117,618105.0,CAPTURE_B,32,78
2118,618115.0,REDUCE,32,78
2119,618125.0,EXEC,32,78
2120,618135.0,WRITE,32,78
2121,618145.0,WRITE_B,32,78
2122,618155.0,FETCH,32,79
2123,618165.0,CAPTURE,32,79
2124,618175.0,CAPTURE_B,32,79
2125,618185.0,REDUCE,32,79
2126,618195.0,EXEC,32,79
2127,618205.0,WRITE,32,79
2128,618215.0,WRITE_B,32,79
2129,618225.0,FETCH,32,80
2130,618235.0,CAPTURE,32,80
2131,618245.0,CAPTURE_B,32,80
2132,618255.0,REDUCE,32,80
2133,618265.0,EXEC,32,80
2134,618275.0,WRITE,32,80
2135,618285.0,WRITE_B,32,80
2136,618295.0,FETCH,32,81
2137,618305.0,CAPTURE,32,81
2138,618315.0,CAPTURE_B,32,81
2139,618325.0,REDUCE,32,81
2140,618335.0,EXEC,32,81
2141,618345.0,WRITE,32,81
2142,618355.0,WRITE_B,32,81
2143,618365.0,FETCH,32,82
2144,618375.0,CAPTURE,32,82
2145,618385.0,CAPTURE_B,32,82
2146,618395.0,REDUCE,32,82
2147,618405.0,EXEC,32,82
2148,618415.0,WRITE,32,82
2149,618425.0,WRITE_B,32,82
2150,618435.0,FETCH,32,83
2151,618445.0,CAPTURE,32,83
2152,618455.0,CAPTURE_B,32,83
2153,618465.0,REDUCE,32,83
2154,618475.0,EXEC,32,83
2155,618485.0,WRITE,32,83
2156,618495.0,WRITE_B,32,83
2157,618505.0,FETCH,32,84
2158,618515.0,CAPTURE,32,84
2159,618525.0,CAPTURE_B,32,84
2160,618535.0,REDUCE,32,84
2161,618545.0,EXEC,32,84
2162,618555.0,WRITE,32,84
2163,618565.0,WRITE_B,32,84
2164,618575.0,FETCH,32,85
2165,618585.0,CAPTURE,32,85
2166,618595.0,CAPTURE_B,32,85
2167,618605.0,REDUCE,32,85
2168,618615.0,EXEC,32,85
2169,618625.0,WRITE,32,85
2170,618635.0,WRITE_B,32,85
2171,618645.0,FETCH,32,86
2172,618655.0,CAPTURE,32,86
2173,618665.0,CAPTURE_B,32,86
2174,618675.0,REDUCE,32,86
2175,618685.0,EXEC,32,86
2176,618695.0,WRITE,32,86
2177,618705.0,WRITE_B,32,86
2178,618715.0,FETCH,32,87
2179,618725.0,CAPTURE,32,87
2180,618735.0,CAPTURE_B,32,87
2181,618745.0,REDUCE,32,87
2182,618755.0,EXEC,32,87
2183,618765.0,WRITE,32,87
2184,618775.0,WRITE_B,32,87
2185,618785.0,FETCH,32,88
2186,618795.0,CAPTURE,32,88
2187,618805.0,CAPTURE_B,32,88
2188,618815.0,REDUCE,32,88
2189,618825.0,EXEC,32,88
2190,618835.0,WRITE,32,88
2191,618845.0,WRITE_B,32,88
2192,618855.0,FETCH,32,89
2193,618865.0,CAPTURE,32,89
2194,618875.0,CAPTURE_B,32,89
2195,618885.0,REDUCE,32,89
2196,618895.0,EXEC,32,89
2197,618905.0,WRITE,32,89
2198,618915.0,WRITE_B,32,89
2199,618925.0,FETCH,32,90
2200,618935.0,CAPTURE,32,90
2201,618945.0,CAPTURE_B,32,90
2202,618955.0,REDUCE,32,90
2203,618965.0,EXEC,32,90
2204,618975.0,WRITE,32,90
2205,618985.0,WRITE_B,32,90
2206,618995.0,FETCH,32,91
2207,619005.0,CAPTURE,32,91
2208,619015.0,CAPTURE_B,32,91
2209,619025.0,REDUCE,32,91
2210,619035.0,EXEC,32,91
2211,619045.0,WRITE,32,91
2212,619055.0,WRITE_B,32,91
2213,619065.0,FETCH,32,92
2214,619075.0,CAPTURE,32,92
2215,619085.0,CAPTURE_B,32,92
2216,619095.0,REDUCE,32,92
2217,619105.0,EXEC,32,92
2218,619115.0,WRITE,32,92
2219,619125.0,WRITE_B,32,92
2220,619135.0,FETCH,32,93
2221,619145.0,CAPTURE,32,93
2222,619155.0,CAPTURE_B,32,93
2223,619165.0,REDUCE,32,93
2224,619175.0,EXEC,32,93
2225,619185.0,WRITE,32,93
2226,619195.0,WRITE_B,32,93
2227,619205.0,FETCH,32,94
2228,619215.0,CAPTURE,32,94
2229,619225.0,CAPTURE_B,32,94
2230,619235.0,REDUCE,32,94
2231,619245.0,EXEC,32,94
2232,619255.0,WRITE,32,94
2233,619265.0,WRITE_B,32,94
2234,619275.0,FETCH,32,95
2235,619285.0,CAPTURE,32,95
2236,619295.0,CAPTURE_B,32,95
2237,619305.0,REDUCE,32,95
2238,619315.0,EXEC,32,95
2239,619325.0,WRITE,32,95
2240,619335.0,WRITE_B,32,95
2241,619345.0,FETCH,32,128
2242,619355.0,CAPTURE,32,128
2243,619365.0,CAPTURE_B,32,128
2244,619375.0,REDUCE,32,128
2245,619385.0,EXEC,32,128
2246,619395.0,WRITE,32,128
2247,619405.0,WRITE_B,32,128
2248,619415.0,FETCH,32,129
2249,619425.0,CAPTURE,32,129
2250,619435.0,CAPTURE_B,32,129
2251,619445.0,REDUCE,32,129
2252,619455.0,EXEC,32,129
2253,619465.0,WRITE,32,129
2254,619475.0,WRITE_B,32,129
2255,619485.0,FETCH,32,130
2256,619495.0,CAPTURE,32,130
2257,619505.0,CAPTURE_B,32,130
2258,619515.0,REDUCE,32,130
2259,619525.0,EXEC,32,130
2260,619535.0,WRITE,32,130
2261,619545.0,WRITE_B,32,130
2262,619555.0,FETCH,32,131
2263,619565.0,CAPTURE,32,131
2264,619575.0,CAPTURE_B,32,131
2265,619585.0,REDUCE,32,131
2266,619595.0,EXEC,32,131
2267,619605.0,WRITE,32,131
2268,619615.0,WRITE_B,32,131
2269,619625.0,FETCH,32,132
2270,619635.0,CAPTURE,32,132
2271,619645.0,CAPTURE_B,32,132
2272,619655.0,REDUCE,32,132
2273,619665.0,EXEC,32,132
2274,619675.0,WRITE,32,132
2275,619685.0,WRITE_B,32,132
2276,619695.0,FETCH,32,133
2277,619705.0,CAPTURE,32,133
2278,619715.0,CAPTURE_B,32,133
2279,619725.0,REDUCE,32,133
2280,619735.0,EXEC,32,133
2281,619745.0,WRITE,32,133
2282,619755.0,WRITE_B,32,133
2283,619765.0,FETCH,32,134
2284,619775.0,CAPTURE,32,134
2285,619785.0,CAPTURE_B,32,134
2286,619795.0,REDUCE,32,134
2287,619805.0,EXEC,32,134
2288,619815.0,WRITE,32,134
2289,619825.0,WRITE_B,32,134
2290,619835.0,FETCH,32,135
2291,619845.0,CAPTURE,32,135
2292,619855.0,CAPTURE_B,32,135
2293,619865.0,REDUCE,32,135
2294,619875.0,EXEC,32,135
2295,619885.0,WRITE,32,135
2296,619895.0,WRITE_B,32,135
2297,619905.0,FETCH,32,136
2298,619915.0,CAPTURE,32,136
2299,619925.0,CAPTURE_B,32,136
2300,619935.0,REDUCE,32,136
2301,619945.0,EXEC,32,136
2302,619955.0,WRITE,32,136
2303,619965.0,WRITE_B,32,136
2304,619975.0,FETCH,32,137
2305,619985.0,CAPTURE,32,137
2306,619995.0,CAPTURE_B,32,137
2307,620005.0,REDUCE,32,137
2308,620015.0,EXEC,32,137
2309,620025.0,WRITE,32,137
2310,620035.0,WRITE_B,32,137
2311,620045.0,FETCH,32,138
2312,620055.0,CAPTURE,32,138
2313,620065.0,CAPTURE_B,32,138
2314,620075.0,REDUCE,32,138
2315,620085.0,EXEC,32,138
2316,620095.0,WRITE,32,138
2317,620105.0,WRITE_B,32,138
2318,620115.0,FETCH,32,139
2319,620125.0,CAPTURE,32,139
2320,620135.0,CAPTURE_B,32,139
2321,620145.0,REDUCE,32,139
2322,620155.0,EXEC,32,139
2323,620165.0,WRITE,32,139
2324,620175.0,WRITE_B,32,139
2325,620185.0,FETCH,32,140
2326,620195.0,CAPTURE,32,140
2327,620205.0,CAPTURE_B,32,140
2328,620215.0,REDUCE,32,140
2329,620225.0,EXEC,32,140
2330,620235.0,WRITE,32,140
2331,620245.0,WRITE_B,32,140
2332,620255.0,FETCH,32,141
2333,620265.0,CAPTURE,32,141
2334,620275.0,CAPTURE_B,32,141
2335,620285.0,REDUCE,32,141
2336,620295.0,EXEC,32,141
2337,620305.0,WRITE,32,141
2338,620315.0,WRITE_B,32,141
2339,620325.0,FETCH,32,142
2340,620335.0,CAPTURE,32,142
2341,620345.0,CAPTURE_B,32,142
2342,620355.0,REDUCE,32,142
2343,620365.0,EXEC,32,142
2344,620375.0,WRITE,32,142
2345,620385.0,WRITE_B,32,142
2346,620395.0,FETCH,32,143
2347,620405.0,CAPTURE,32,143
2348,620415.0,CAPTURE_B,32,143
2349,620425.0,REDUCE,32,143
2350,620435.0,EXEC,32,143
2351,620445.0,WRITE,32,143
2352,620455.0,WRITE_B,32,143
2353,620465.0,FETCH,32,144
2354,620475.0,CAPTURE,32,144
2355,620485.0,CAPTURE_B,32,144
2356,620495.0,REDUCE,32,144
2357,620505.0,EXEC,32,144
2358,620515.0,WRITE,32,144
2359,620525.0,WRITE_B,32,144
2360,620535.0,FETCH,32,145
2361,620545.0,CAPTURE,32,145
2362,620555.0,CAPTURE_B,32,145
2363,620565.0,REDUCE,32,145
2364,620575.0,EXEC,32,145
2365,620585.0,WRITE,32,145
2366,620595.0,WRITE_B,32,145
2367,620605.0,FETCH,32,146
2368,620615.0,CAPTURE,32,146
2369,620625.0,CAPTURE_B,32,146
2370,620635.0,REDUCE,32,146
2371,620645.0,EXEC,32,146
2372,620655.0,WRITE,32,146
2373,620665.0,WRITE_B,32,146
2374,620675.0,FETCH,32,147
2375,620685.0,CAPTURE,32,147
2376,620695.0,CAPTURE_B,32,147
2377,620705.0,REDUCE,32,147
2378,620715.0,EXEC,32,147
2379,620725.0,WRITE,32,147
2380,620735.0,WRITE_B,32,147
2381,620745.0,FETCH,32,148
2382,620755.0,CAPTURE,32,148
2383,620765.0,CAPTURE_B,32,148
2384,620775.0,REDUCE,32,148
2385,620785.0,EXEC,32,148
2386,620795.0,WRITE,32,148
2387,620805.0,WRITE_B,32,148
2388,620815.0,FETCH,32,149
2389,620825.0,CAPTURE,32,149
2390,620835.0,CAPTURE_B,32,149
2391,620845.0,REDUCE,32,149
2392,620855.0,EXEC,32,149
2393,620865.0,WRITE,32,149
2394,620875.0,WRITE_B,32,149
2395,620885.0,FETCH,32,150
2396,620895.0,CAPTURE,32,150
2397,620905.0,CAPTURE_B,32,150
2398,620915.0,REDUCE,32,150
2399,620925.0,EXEC,32,150
2400,620935.0,WRITE,32,150
2401,620945.0,WRITE_B,32,150
2402,620955.0,FETCH,32,151
2403,620965.0,CAPTURE,32,151
2404,620975.0,CAPTURE_B,32,151
2405,620985.0,REDUCE,32,151
2406,620995.0,EXEC,32,151
2407,621005.0,WRITE,32,151
2408,621015.0,WRITE_B,32,151
2409,621025.0,FETCH,32,152
2410,621035.0,CAPTURE,32,152
2411,621045.0,CAPTURE_B,32,152
2412,621055.0,REDUCE,32,152
2413,621065.0,EXEC,32,152
2414,621075.0,WRITE,32,152
2415,621085.0,WRITE_B,32,152
2416,621095.0,FETCH,32,153
2417,621105.0,CAPTURE,32,153
2418,621115.0,CAPTURE_B,32,153
2419,621125.0,REDUCE,32,153
2420,621135.0,EXEC,32,153
2421,621145.0,WRITE,32,153
2422,621155.0,WRITE_B,32,153
2423,621165.0,FETCH,32,154
2424,621175.0,CAPTURE,32,154
2425,621185.0,CAPTURE_B,32,154
2426,621195.0,REDUCE,32,154
2427,621205.0,EXEC,32,154
2428,621215.0,WRITE,32,154
2429,621225.0,WRITE_B,32,154
2430,621235.0,FETCH,32,155
2431,621245.0,CAPTURE,32,155
2432,621255.0,CAPTURE_B,32,155
2433,621265.0,REDUCE,32,155
2434,621275.0,EXEC,32,155
2435,621285.0,WRITE,32,155
2436,621295.0,WRITE_B,32,155
2437,621305.0,FETCH,32,156
2438,621315.0,CAPTURE,32,156
2439,621325.0,CAPTURE_B,32,156
2440,621335.0,REDUCE,32,156
2441,621345.0,EXEC,32,156
2442,621355.0,WRITE,32,156
2443,621365.0,WRITE_B,32,156
2444,621375.0,FETCH,32,157
2445,621385.0,CAPTURE,32,157
2446,621395.0,CAPTURE_B,32,157
2447,621405.0,REDUCE,32,157
2448,621415.0,EXEC,32,157
2449,621425.0,WRITE,32,157
2450,621435.0,WRITE_B,32,157
2451,621445.0,FETCH,32,158
2452,621455.0,CAPTURE,32,158
2453,621465.0,CAPTURE_B,32,158
2454,621475.0,REDUCE,32,158
2455,621485.0,EXEC,32,158
2456,621495.0,WRITE,32,158
2457,621505.0,WRITE_B,32,158
2458,621515.0,FETCH,32,159
2459,621525.0,CAPTURE,32,159
2460,621535.0,CAPTURE_B,32,159
2461,621545.0,REDUCE,32,159
2462,621555.0,EXEC,32,159
2463,621565.0,WRITE,32,159
2464,621575.0,WRITE_B,32,159
2465,621585.0,FETCH,32,192
2466,621595.0,CAPTURE,32,192
2467,621605.0,CAPTURE_B,32,192
2468,621615.0,REDUCE,32,192
2469,621625.0,EXEC,32,192
2470,621635.0,WRITE,32,192
2471,621645.0,WRITE_B,32,192
2472,621655.0,FETCH,32,193
2473,621665.0,CAPTURE,32,193
2474,621675.0,CAPTURE_B,32,193
2475,621685.0,REDUCE,32,193
2476,621695.0,EXEC,32,193
2477,621705.0,WRITE,32,193
2478,621715.0,WRITE_B,32,193
2479,621725.0,FETCH,32,194
2480,621735.0,CAPTURE,32,194
2481,621745.0,CAPTURE_B,32,194
2482,621755.0,REDUCE,32,194
2483,621765.0,EXEC,32,194
2484,621775.0,WRITE,32,194
2485,621785.0,WRITE_B,32,194
2486,621795.0,FETCH,32,195
2487,621805.0,CAPTURE,32,195
2488,621815.0,CAPTURE_B,32,195
2489,621825.0,REDUCE,32,195
2490,621835.0,EXEC,32,195
2491,621845.0,WRITE,32,195
2492,621855.0,WRITE_B,32,195
2493,621865.0,FETCH,32,196
2494,621875.0,CAPTURE,32,196
2495,621885.0,CAPTURE_B,32,196
2496,621895.0,REDUCE,32,196
2497,621905.0,EXEC,32,196
2498,621915.0,WRITE,32,196
2499,621925.0,WRITE_B,32,196
2500,621935.0,FETCH,32,197
2501,621945.0,CAPTURE,32,197
2502,621955.0,CAPTURE_B,32,197
2503,621965.0,REDUCE,32,197
2504,621975.0,EXEC,32,197
2505,621985.0,WRITE,32,197
2506,621995.0,WRITE_B,32,197
2507,622005.0,FETCH,32,198
2508,622015.0,CAPTURE,32,198
2509,622025.0,CAPTURE_B,32,198
2510,622035.0,REDUCE,32,198
2511,622045.0,EXEC,32,198
2512,622055.0,WRITE,32,198
2513,622065.0,WRITE_B,32,198
2514,622075.0,FETCH,32,199
2515,622085.0,CAPTURE,32,199
2516,622095.0,CAPTURE_B,32,199
2517,622105.0,REDUCE,32,199
2518,622115.0,EXEC,32,199
2519,622125.0,WRITE,32,199
2520,622135.0,WRITE_B,32,199
2521,622145.0,FETCH,32,200
2522,622155.0,CAPTURE,32,200
2523,622165.0,CAPTURE_B,32,200
2524,622175.0,REDUCE,32,200
2525,622185.0,EXEC,32,200
2526,622195.0,WRITE,32,200
2527,622205.0,WRITE_B,32,200
2528,622215.0,FETCH,32,201
2529,622225.0,CAPTURE,32,201
2530,622235.0,CAPTURE_B,32,201
2531,622245.0,REDUCE,32,201
2532,622255.0,EXEC,32,201
2533,622265.0,WRITE,32,201
2534,622275.0,WRITE_B,32,201
2535,622285.0,FETCH,32,202
2536,622295.0,CAPTURE,32,202
2537,622305.0,CAPTURE_B,32,202
2538,622315.0,REDUCE,32,202
2539,622325.0,EXEC,32,202
2540,622335.0,WRITE,32,202
2541,622345.0,WRITE_B,32,202
2542,622355.0,FETCH,32,203
2543,622365.0,CAPTURE,32,203
2544,622375.0,CAPTURE_B,32,203
2545,622385.0,REDUCE,32,203
2546,622395.0,EXEC,32,203
2547,622405.0,WRITE,32,203
2548,622415.0,WRITE_B,32,203
2549,622425.0,FETCH,32,204
2550,622435.0,CAPTURE,32,204
2551,622445.0,CAPTURE_B,32,204
2552,622455.0,REDUCE,32,204
2553,622465.0,EXEC,32,204
2554,622475.0,WRITE,32,204
2555,622485.0,WRITE_B,32,204
2556,622495.0,FETCH,32,205
2557,622505.0,CAPTURE,32,205
2558,622515.0,CAPTURE_B,32,205
2559,622525.0,REDUCE,32,205
2560,622535.0,EXEC,32,205
2561,622545.0,WRITE,32,205
2562,622555.0,WRITE_B,32,205
2563,622565.0,FETCH,32,206
2564,622575.0,CAPTURE,32,206
2565,622585.0,CAPTURE_B,32,206
2566,622595.0,REDUCE,32,206
2567,622605.0,EXEC,32,206
2568,622615.0,WRITE,32,206
2569,622625.0,WRITE_B,32,206
2570,622635.0,FETCH,32,207
2571,622645.0,CAPTURE,32,207
2572,622655.0,CAPTURE_B,32,207
2573,622665.0,REDUCE,32,207
2574,622675.0,EXEC,32,207
2575,622685.0,WRITE,32,207
2576,622695.0,WRITE_B,32,207
2577,622705.0,FETCH,32,208
2578,622715.0,CAPTURE,32,208
2579,622725.0,CAPTURE_B,32,208
2580,622735.0,REDUCE,32,208
2581,622745.0,EXEC,32,208
2582,622755.0,WRITE,32,208
2583,622765.0,WRITE_B,32,208
2584,622775.0,FETCH,32,209
2585,622785.0,CAPTURE,32,209
2586,622795.0,CAPTURE_B,32,209
2587,622805.0,REDUCE,32,209
2588,622815.0,EXEC,32,209
2589,622825.0,WRITE,32,209
2590,622835.0,WRITE_B,32,209
2591,622845.0,FETCH,32,210
2592,622855.0,CAPTURE,32,210
2593,622865.0,CAPTURE_B,32,210
2594,622875.0,REDUCE,32,210
2595,622885.0,EXEC,32,210
2596,622895.0,WRITE,32,210
2597,622905.0,WRITE_B,32,210
2598,622915.0,FETCH,32,211
2599,622925.0,CAPTURE,32,211
2600,622935.0,CAPTURE_B,32,211
2601,622945.0,REDUCE,32,211
2602,622955.0,EXEC,32,211
2603,622965.0,WRITE,32,211
2604,622975.0,WRITE_B,32,211
2605,622985.0,FETCH,32,212
2606,622995.0,CAPTURE,32,212
2607,623005.0,CAPTURE_B,32,212
2608,623015.0,REDUCE,32,212
2609,623025.0,EXEC,32,212
2610,623035.0,WRITE,32,212
2611,623045.0,WRITE_B,32,212
2612,623055.0,FETCH,32,213
2613,623065.0,CAPTURE,32,213
2614,623075.0,CAPTURE_B,32,213
2615,623085.0,REDUCE,32,213
2616,623095.0,EXEC,32,213
2617,623105.0,WRITE,32,213
2618,623115.0,WRITE_B,32,213
2619,623125.0,FETCH,32,214
2620,623135.0,CAPTURE,32,214
2621,623145.0,CAPTURE_B,32,214
2622,623155.0,REDUCE,32,214
2623,623165.0,EXEC,32,214
2624,623175.0,WRITE,32,214
2625,623185.0,WRITE_B,32,214
2626,623195.0,FETCH,32,215
2627,623205.0,CAPTURE,32,215
2628,623215.0,CAPTURE_B,32,215
2629,623225.0,REDUCE,32,215
2630,623235.0,EXEC,32,215
2631,623245.0,WRITE,32,215
2632,623255.0,WRITE_B,32,215
2633,623265.0,FETCH,32,216
2634,623275.0,CAPTURE,32,216
2635,623285.0,CAPTURE_B,32,216
2636,623295.0,REDUCE,32,216
2637,623305.0,EXEC,32,216
2638,623315.0,WRITE,32,216
2639,623325.0,WRITE_B,32,216
2640,623335.0,FETCH,32,217
2641,623345.0,CAPTURE,32,217
2642,623355.0,CAPTURE_B,32,217
2643,623365.0,REDUCE,32,217
2644,623375.0,EXEC,32,217
2645,623385.0,WRITE,32,217
2646,623395.0,WRITE_B,32,217
2647,623405.0,FETCH,32,218
2648,623415.0,CAPTURE,32,218
2649,623425.0,CAPTURE_B,32,218
2650,623435.0,REDUCE,32,218
2651,623445.0,EXEC,32,218
2652,623455.0,WRITE,32,218
2653,623465.0,WRITE_B,32,218
2654,623475.0,FETCH,32,219
2655,623485.0,CAPTURE,32,219
2656,623495.0,CAPTURE_B,32,219
2657,623505.0,REDUCE,32,219
2658,623515.0,EXEC,32,219
2659,623525.0,WRITE,32,219
2660,623535.0,WRITE_B,32,219
2661,623545.0,FETCH,32,220
2662,623555.0,CAPTURE,32,220
2663,623565.0,CAPTURE_B,32,220
2664,623575.0,REDUCE,32,220
2665,623585.0,EXEC,32,220
2666,623595.0,WRITE,32,220
2667,623605.0,WRITE_B,32,220
2668,623615.0,FETCH,32,221
2669,623625.0,CAPTURE,32,221
2670,623635.0,CAPTURE_B,32,221
2671,623645.0,REDUCE,32,221
2672,623655.0,EXEC,32,221
2673,623665.0,WRITE,32,221
2674,623675.0,WRITE_B,32,221
2675,623685.0,FETCH,32,222
2676,623695.0,CAPTURE,32,222
2677,623705.0,CAPTURE_B,32,222
2678,623715.0,REDUCE,32,222
2679,623725.0,EXEC,32,222
2680,623735.0,WRITE,32,222
2681,623745.0,WRITE_B,32,222
2682,623755.0,FETCH,32,223
2683,623765.0,CAPTURE,32,223
2684,623775.0,CAPTURE_B,32,223
2685,623785.0,REDUCE,32,223
2686,623795.0,EXEC,32,223
2687,623805.0,WRITE,32,223
2688,623815.0,WRITE_B,32,223
2689,623825.0,FETCH,16,0
2690,623835.0,CAPTURE,16,0
2691,623845.0,CAPTURE_B,16,0
2692,623855.0,REDUCE,16,0
2693,623865.0,EXEC,16,0
2694,623875.0,WRITE,16,0
2695,623885.0,WRITE_B,16,0
2696,623895.0,FETCH,16,1
2697,623905.0,CAPTURE,16,1
2698,623915.0,CAPTURE_B,16,1
2699,623925.0,REDUCE,16,1
2700,623935.0,EXEC,16,1
2701,623945.0,WRITE,16,1
2702,623955.0,WRITE_B,16,1
2703,623965.0,FETCH,16,2
2704,623975.0,CAPTURE,16,2
2705,623985.0,CAPTURE_B,16,2
2706,623995.0,REDUCE,16,2
2707,624005.0,EXEC,16,2
2708,624015.0,WRITE,16,2
2709,624025.0,WRITE_B,16,2
2710,624035.0,FETCH,16,3
2711,624045.0,CAPTURE,16,3
2712,624055.0,CAPTURE_B,16,3
2713,624065.0,REDUCE,16,3
2714,624075.0,EXEC,16,3
2715,624085.0,WRITE,16,3
2716,624095.0,WRITE_B,16,3
2717,624105.0,FETCH,16,4
2718,624115.0,CAPTURE,16,4
2719,624125.0,CAPTURE_B,16,4
2720,624135.0,REDUCE,16,4
2721,624145.0,EXEC,16,4
2722,624155.0,WRITE,16,4
2723,624165.0,WRITE_B,16,4
2724,624175.0,FETCH,16,5
2725,624185.0,CAPTURE,16,5
2726,624195.0,CAPTURE_B,16,5
2727,624205.0,REDUCE,16,5
2728,624215.0,EXEC,16,5
2729,624225.0,WRITE,16,5
2730,624235.0,WRITE_B,16,5
2731,624245.0,FETCH,16,6
2732,624255.0,CAPTURE,16,6
2733,624265.0,CAPTURE_B,16,6
2734,624275.0,REDUCE,16,6
2735,624285.0,EXEC,16,6
2736,624295.0,WRITE,16,6
2737,624305.0,WRITE_B,16,6
2738,624315.0,FETCH,16,7
2739,624325.0,CAPTURE,16,7
2740,624335.0,CAPTURE_B,16,7
2741,624345.0,REDUCE,16,7
2742,624355.0,EXEC,16,7
2743,624365.0,WRITE,16,7
2744,624375.0,WRITE_B,16,7
2745,624385.0,FETCH,16,8
2746,624395.0,CAPTURE,16,8
2747,624405.0,CAPTURE_B,16,8
2748,624415.0,REDUCE,16,8
2749,624425.0,EXEC,16,8
2750,624435.0,WRITE,16,8
2751,624445.0,WRITE_B,16,8
2752,624455.0,FETCH,16,9
2753,624465.0,CAPTURE,16,9
2754,624475.0,CAPTURE_B,16,9
2755,624485.0,REDUCE,16,9
2756,624495.0,EXEC,16,9
2757,624505.0,WRITE,16,9
2758,624515.0,WRITE_B,16,9
2759,624525.0,FETCH,16,10
2760,624535.0,CAPTURE,16,10
2761,624545.0,CAPTURE_B,16,10
2762,624555.0,REDUCE,16,10
2763,624565.0,EXEC,16,10
2764,624575.0,WRITE,16,10
2765,624585.0,WRITE_B,16,10
2766,624595.0,FETCH,16,11
2767,624605.0,CAPTURE,16,11
2768,624615.0,CAPTURE_B,16,11
2769,624625.0,REDUCE,16,11
2770,624635.0,EXEC,16,11
2771,624645.0,WRITE,16,11
2772,624655.0,WRITE_B,16,11
2773,624665.0,FETCH,16,12
2774,624675.0,CAPTURE,16,12
2775,624685.0,CAPTURE_B,16,12
2776,624695.0,REDUCE,16,12
2777,624705.0,EXEC,16,12
2778,624715.0,WRITE,16,12
2779,624725.0,WRITE_B,16,12
2780,624735.0,FETCH,16,13
2781,624745.0,CAPTURE,16,13
2782,624755.0,CAPTURE_B,16,13
2783,624765.0,REDUCE,16,13
2784,624775.0,EXEC,16,13
2785,624785.0,WRITE,16,13
2786,624795.0,WRITE_B,16,13
2787,624805.0,FETCH,16,14
2788,624815.0,CAPTURE,16,14
2789,624825.0,CAPTURE_B,16,14
2790,624835.0,REDUCE,16,14
2791,624845.0,EXEC,16,14
2792,624855.0,WRITE,16,14
2793,624865.0,WRITE_B,16,14
2794,624875.0,FETCH,16,15
2795,624885.0,CAPTURE,16,15
2796,624895.0,CAPTURE_B,16,15
2797,624905.0,REDUCE,16,15
2798,624915.0,EXEC,16,15
2799,624925.0,WRITE,16,15
2800,624935.0,WRITE_B,16,15
2801,624945.0,FETCH,16,32
2802,624955.0,CAPTURE,16,32
2803,624965.0,CAPTURE_B,16,32
2804,624975.0,REDUCE,16,32
2805,624985.0,EXEC,16,32
2806,624995.0,WRITE,16,32
2807,625005.0,WRITE_B,16,32
2808,625015.0,FETCH,16,33
2809,625025.0,CAPTURE,16,33
2810,625035.0,CAPTURE_B,16,33
2811,625045.0,REDUCE,16,33
2812,625055.0,EXEC,16,33
2813,625065.0,WRITE,16,33
2814,625075.0,WRITE_B,16,33
2815,625085.0,FETCH,16,34
2816,625095.0,CAPTURE,16,34
2817,625105.0,CAPTURE_B,16,34
2818,625115.0,REDUCE,16,34
2819,625125.0,EXEC,16,34
2820,625135.0,WRITE,16,34
2821,625145.0,WRITE_B,16,34
2822,625155.0,FETCH,16,35
2823,625165.0,CAPTURE,16,35
2824,625175.0,CAPTURE_B,16,35
2825,625185.0,REDUCE,16,35
2826,625195.0,EXEC,16,35
2827,625205.0,WRITE,16,35
2828,625215.0,WRITE_B,16,35
2829,625225.0,FETCH,16,36
2830,625235.0,CAPTURE,16,36
2831,625245.0,CAPTURE_B,16,36
2832,625255.0,REDUCE,16,36
2833,625265.0,EXEC,16,36
2834,625275.0,WRITE,16,36
2835,625285.0,WRITE_B,16,36
2836,625295.0,FETCH,16,37
2837,625305.0,CAPTURE,16,37
2838,625315.0,CAPTURE_B,16,37
2839,625325.0,REDUCE,16,37
2840,625335.0,EXEC,16,37
2841,625345.0,WRITE,16,37
2842,625355.0,WRITE_B,16,37
2843,625365.0,FETCH,16,38
2844,625375.0,CAPTURE,16,38
2845,625385.0,CAPTURE_B,16,38
2846,625395.0,REDUCE,16,38
2847,625405.0,EXEC,16,38
2848,625415.0,WRITE,16,38
2849,625425.0,WRITE_B,16,38
2850,625435.0,FETCH,16,39
2851,625445.0,CAPTURE,16,39
2852,625455.0,CAPTURE_B,16,39
2853,625465.0,REDUCE,16,39
2854,625475.0,EXEC,16,39
2855,625485.0,WRITE,16,39
2856,625495.0,WRITE_B,16,39
2857,625505.0,FETCH,16,40
2858,625515.0,CAPTURE,16,40
2859,625525.0,CAPTURE_B,16,40
2860,625535.0,REDUCE,16,40
2861,625545.0,EXEC,16,40
2862,625555.0,WRITE,16,40
2863,625565.0,WRITE_B,16,40
2864,625575.0,FETCH,16,41
2865,625585.0,CAPTURE,16,41
2866,625595.0,CAPTURE_B,16,41
2867,625605.0,REDUCE,16,41
2868,625615.0,EXEC,16,41
2869,625625.0,WRITE,16,41
2870,625635.0,WRITE_B,16,41
2871,625645.0,FETCH,16,42
2872,625655.0,CAPTURE,16,42
2873,625665.0,CAPTURE_B,16,42
2874,625675.0,REDUCE,16,42
2875,625685.0,EXEC,16,42
2876,625695.0,WRITE,16,42
2877,625705.0,WRITE_B,16,42
2878,625715.0,FETCH,16,43
2879,625725.0,CAPTURE,16,43
2880,625735.0,CAPTURE_B,16,43
2881,625745.0,REDUCE,16,43
2882,625755.0,EXEC,16,43
2883,625765.0,WRITE,16,43
2884,625775.0,WRITE_B,16,43
2885,625785.0,FETCH,16,44
2886,625795.0,CAPTURE,16,44
2887,625805.0,CAPTURE_B,16,44
2888,625815.0,REDUCE,16,44
2889,625825.0,EXEC,16,44
2890,625835.0,WRITE,16,44
2891,625845.0,WRITE_B,16,44
2892,625855.0,FETCH,16,45
2893,625865.0,CAPTURE,16,45
2894,625875.0,CAPTURE_B,16,45
2895,625885.0,REDUCE,16,45
2896,625895.0,EXEC,16,45
2897,625905.0,WRITE,16,45
2898,625915.0,WRITE_B,16,45
2899,625925.0,FETCH,16,46
2900,625935.0,CAPTURE,16,46
2901,625945.0,CAPTURE_B,16,46
2902,625955.0,REDUCE,16,46
2903,625965.0,EXEC,16,46
2904,625975.0,WRITE,16,46
2905,625985.0,WRITE_B,16,46
2906,625995.0,FETCH,16,47
2907,626005.0,CAPTURE,16,47
2908,626015.0,CAPTURE_B,16,47
2909,626025.0,REDUCE,16,47
2910,626035.0,EXEC,16,47
2911,626045.0,WRITE,16,47
2912,626055.0,WRITE_B,16,47
2913,626065.0,FETCH,16,64
2914,626075.0,CAPTURE,16,64
2915,626085.0,CAPTURE_B,16,64
2916,626095.0,REDUCE,16,64
2917,626105.0,EXEC,16,64
2918,626115.0,WRITE,16,64
2919,626125.0,WRITE_B,16,64
2920,626135.0,FETCH,16,65
2921,626145.0,CAPTURE,16,65
2922,626155.0,CAPTURE_B,16,65
2923,626165.0,REDUCE,16,65
2924,626175.0,EXEC,16,65
2925,626185.0,WRITE,16,65
2926,626195.0,WRITE_B,16,65
2927,626205.0,FETCH,16,66
2928,626215.0,CAPTURE,16,66
2929,626225.0,CAPTURE_B,16,66
2930,626235.0,REDUCE,16,66
2931,626245.0,EXEC,16,66
2932,626255.0,WRITE,16,66
2933,626265.0,WRITE_B,16,66
2934,626275.0,FETCH,16,67
2935,626285.0,CAPTURE,16,67
2936,626295.0,CAPTURE_B,16,67
2937,626305.0,REDUCE,16,67
2938,626315.0,EXEC,16,67
2939,626325.0,WRITE,16,67
2940,626335.0,WRITE_B,16,67
2941,626345.0,FETCH,16,68
2942,626355.0,CAPTURE,16,68
2943,626365.0,CAPTURE_B,16,68
2944,626375.0,REDUCE,16,68
2945,626385.0,EXEC,16,68
2946,626395.0,WRITE,16,68
2947,626405.0,WRITE_B,16,68
2948,626415.0,FETCH,16,69
2949,626425.0,CAPTURE,16,69
2950,626435.0,CAPTURE_B,16,69
2951,626445.0,REDUCE,16,69
2952,626455.0,EXEC,16,69
2953,626465.0,WRITE,16,69
2954,626475.0,WRITE_B,16,69
2955,626485.0,FETCH,16,70
2956,626495.0,CAPTURE,16,70
2957,626505.0,CAPTURE_B,16,70
2958,626515.0,REDUCE,16,70
2959,626525.0,EXEC,16,70
2960,626535.0,WRITE,16,70
2961,626545.0,WRITE_B,16,70
2962,626555.0,FETCH,16,71
2963,626565.0,CAPTURE,16,71
2964,626575.0,CAPTURE_B,16,71
2965,626585.0,REDUCE,16,71
2966,626595.0,EXEC,16,71
2967,626605.0,WRITE,16,71
2968,626615.0,WRITE_B,16,71
2969,626625.0,FETCH,16,72
2970,626635.0,CAPTURE,16,72
2971,626645.0,CAPTURE_B,16,72
2972,626655.0,REDUCE,16,72
2973,626665.0,EXEC,16,72
2974,626675.0,WRITE,16,72
2975,626685.0,WRITE_B,16,72
2976,626695.0,FETCH,16,73
2977,626705.0,CAPTURE,16,73
2978,626715.0,CAPTURE_B,16,73
2979,626725.0,REDUCE,16,73
2980,626735.0,EXEC,16,73
2981,626745.0,WRITE,16,73
2982,626755.0,WRITE_B,16,73
2983,626765.0,FETCH,16,74
2984,626775.0,CAPTURE,16,74
2985,626785.0,CAPTURE_B,16,74
2986,626795.0,REDUCE,16,74
2987,626805.0,EXEC,16,74
2988,626815.0,WRITE,16,74
2989,626825.0,WRITE_B,16,74
2990,626835.0,FETCH,16,75
2991,626845.0,CAPTURE,16,75
2992,626855.0,CAPTURE_B,16,75
2993,626865.0,REDUCE,16,75
2994,626875.0,EXEC,16,75
2995,626885.0,WRITE,16,75
2996,626895.0,WRITE_B,16,75
2997,626905.0,FETCH,16,76
2998,626915.0,CAPTURE,16,76
2999,626925.0,CAPTURE_B,16,76
3000,626935.0,REDUCE,16,76
3001,626945.0,EXEC,16,76
3002,626955.0,WRITE,16,76
3003,626965.0,WRITE_B,16,76
3004,626975.0,FETCH,16,77
3005,626985.0,CAPTURE,16,77
3006,626995.0,CAPTURE_B,16,77
3007,627005.0,REDUCE,16,77
3008,627015.0,EXEC,16,77
3009,627025.0,WRITE,16,77
3010,627035.0,WRITE_B,16,77
3011,627045.0,FETCH,16,78
3012,627055.0,CAPTURE,16,78
3013,627065.0,CAPTURE_B,16,78
3014,627075.0,REDUCE,16,78
3015,627085.0,EXEC,16,78
3016,627095.0,WRITE,16,78
3017,627105.0,WRITE_B,16,78
3018,627115.0,FETCH,16,79
3019,627125.0,CAPTURE,16,79
3020,627135.0,CAPTURE_B,16,79
3021,627145.0,REDUCE,16,79
3022,627155.0,EXEC,16,79
3023,627165.0,WRITE,16,79
3024,627175.0,WRITE_B,16,79
3025,627185.0,FETCH,16,96
3026,627195.0,CAPTURE,16,96
3027,627205.0,CAPTURE_B,16,96
3028,627215.0,REDUCE,16,96
3029,627225.0,EXEC,16,96
3030,627235.0,WRITE,16,96
3031,627245.0,WRITE_B,16,96
3032,627255.0,FETCH,16,97
3033,627265.0,CAPTURE,16,97
3034,627275.0,CAPTURE_B,16,97
3035,627285.0,REDUCE,16,97
3036,627295.0,EXEC,16,97
3037,627305.0,WRITE,16,97
3038,627315.0,WRITE_B,16,97
3039,627325.0,FETCH,16,98
3040,627335.0,CAPTURE,16,98
3041,627345.0,CAPTURE_B,16,98
3042,627355.0,REDUCE,16,98
3043,627365.0,EXEC,16,98
3044,627375.0,WRITE,16,98
3045,627385.0,WRITE_B,16,98
3046,627395.0,FETCH,16,99
3047,627405.0,CAPTURE,16,99
3048,627415.0,CAPTURE_B,16,99
3049,627425.0,REDUCE,16,99
3050,627435.0,EXEC,16,99
3051,627445.0,WRITE,16,99
3052,627455.0,WRITE_B,16,99
3053,627465.0,FETCH,16,100
3054,627475.0,CAPTURE,16,100
3055,627485.0,CAPTURE_B,16,100
3056,627495.0,REDUCE,16,100
3057,627505.0,EXEC,16,100
3058,627515.0,WRITE,16,100
3059,627525.0,WRITE_B,16,100
3060,627535.0,FETCH,16,101
3061,627545.0,CAPTURE,16,101
3062,627555.0,CAPTURE_B,16,101
3063,627565.0,REDUCE,16,101
3064,627575.0,EXEC,16,101
3065,627585.0,WRITE,16,101
3066,627595.0,WRITE_B,16,101
3067,627605.0,FETCH,16,102
3068,627615.0,CAPTURE,16,102
3069,627625.0,CAPTURE_B,16,102
3070,627635.0,REDUCE,16,102
3071,627645.0,EXEC,16,102
3072,627655.0,WRITE,16,102
3073,627665.0,WRITE_B,16,102
3074,627675.0,FETCH,16,103
3075,627685.0,CAPTURE,16,103
3076,627695.0,CAPTURE_B,16,103
3077,627705.0,REDUCE,16,103
3078,627715.0,EXEC,16,103
3079,627725.0,WRITE,16,103
3080,627735.0,WRITE_B,16,103
3081,627745.0,FETCH,16,104
3082,627755.0,CAPTURE,16,104
3083,627765.0,CAPTURE_B,16,104
3084,627775.0,REDUCE,16,104
3085,627785.0,EXEC,16,104
3086,627795.0,WRITE,16,104
3087,627805.0,WRITE_B,16,104
3088,627815.0,FETCH,16,105
3089,627825.0,CAPTURE,16,105
3090,627835.0,CAPTURE_B,16,105
3091,627845.0,REDUCE,16,105
3092,627855.0,EXEC,16,105
3093,627865.0,WRITE,16,105
3094,627875.0,WRITE_B,16,105
3095,627885.0,FETCH,16,106
3096,627895.0,CAPTURE,16,106
3097,627905.0,CAPTURE_B,16,106
3098,627915.0,REDUCE,16,106
3099,627925.0,EXEC,16,106
3100,627935.0,WRITE,16,106
3101,627945.0,WRITE_B,16,106
3102,627955.0,FETCH,16,107
3103,627965.0,CAPTURE,16,107
3104,627975.0,CAPTURE_B,16,107
3105,627985.0,REDUCE,16,107
3106,627995.0,EXEC,16,107
3107,628005.0,WRITE,16,107
3108,628015.0,WRITE_B,16,107
3109,628025.0,FETCH,16,108
3110,628035.0,CAPTURE,16,108
3111,628045.0,CAPTURE_B,16,108
3112,628055.0,REDUCE,16,108
3113,628065.0,EXEC,16,108
3114,628075.0,WRITE,16,108
3115,628085.0,WRITE_B,16,108
3116,628095.0,FETCH,16,109
3117,628105.0,CAPTURE,16,109
3118,628115.0,CAPTURE_B,16,109
3119,628125.0,REDUCE,16,109
3120,628135.0,EXEC,16,109
3121,628145.0,WRITE,16,109
3122,628155.0,WRITE_B,16,109
3123,628165.0,FETCH,16,110
3124,628175.0,CAPTURE,16,110
3125,628185.0,CAPTURE_B,16,110
3126,628195.0,REDUCE,16,110
3127,628205.0,EXEC,16,110
3128,628215.0,WRITE,16,110
3129,628225.0,WRITE_B,16,110
3130,628235.0,FETCH,16,111
3131,628245.0,CAPTURE,16,111
3132,628255.0,CAPTURE_B,16,111
3133,628265.0,REDUCE,16,111
3134,628275.0,EXEC,16,111
3135,628285.0,WRITE,16,111
3136,628295.0,WRITE_B,16,111
3137,628305.0,FETCH,16,128
3138,628315.0,CAPTURE,16,128
3139,628325.0,CAPTURE_B,16,128
3140,628335.0,REDUCE,16,128
3141,628345.0,EXEC,16,128
3142,628355.0,WRITE,16,128
3143,628365.0,WRITE_B,16,128
3144,628375.0,FETCH,16,129
3145,628385.0,CAPTURE,16,129
3146,628395.0,CAPTURE_B,16,129
3147,628405.0,REDUCE,16,129
3148,628415.0,EXEC,16,129
3149,628425.0,WRITE,16,129
3150,628435.0,WRITE_B,16,129
3151,628445.0,FETCH,16,130
3152,628455.0,CAPTURE,16,130
3153,628465.0,CAPTURE_B,16,130
3154,628475.0,REDUCE,16,130
3155,628485.0,EXEC,16,130
3156,628495.0,WRITE,16,130
3157,628505.0,WRITE_B,16,130
3158,628515.0,FETCH,16,131
3159,628525.0,CAPTURE,16,131
3160,628535.0,CAPTURE_B,16,131
3161,628545.0,REDUCE,16,131
3162,628555.0,EXEC,16,131
3163,628565.0,WRITE,16,131
3164,628575.0,WRITE_B,16,131
3165,628585.0,FETCH,16,132
3166,628595.0,CAPTURE,16,132
3167,628605.0,CAPTURE_B,16,132
3168,628615.0,REDUCE,16,132
3169,628625.0,EXEC,16,132
3170,628635.0,WRITE,16,132
3171,628645.0,WRITE_B,16,132
3172,628655.0,FETCH,16,133
3173,628665.0,CAPTURE,16,133
3174,628675.0,CAPTURE_B,16,133
3175,628685.0,REDUCE,16,133
3176,628695.0,EXEC,16,133
3177,628705.0,WRITE,16,133
3178,628715.0,WRITE_B,16,133
3179,628725.0,FETCH,16,134
3180,628735.0,CAPTURE,16,134
3181,628745.0,CAPTURE_B,16,134
3182,628755.0,REDUCE,16,134
3183,628765.0,EXEC,16,134
3184,628775.0,WRITE,16,134
3185,628785.0,WRITE_B,16,134
3186,628795.0,FETCH,16,135
3187,628805.0,CAPTURE,16,135
3188,628815.0,CAPTURE_B,16,135
3189,628825.0,REDUCE,16,135
3190,628835.0,EXEC,16,135
3191,628845.0,WRITE,16,135
3192,628855.0,WRITE_B,16,135
3193,628865.0,FETCH,16,136
3194,628875.0,CAPTURE,16,136
3195,628885.0,CAPTURE_B,16,136
3196,628895.0,REDUCE,16,136
3197,628905.0,EXEC,16,136
3198,628915.0,WRITE,16,136
3199,628925.0,WRITE_B,16,136
3200,628935.0,FETCH,16,137
3201,628945.0,CAPTURE,16,137
3202,628955.0,CAPTURE_B,16,137
3203,628965.0,REDUCE,16,137
3204,628975.0,EXEC,16,137
3205,628985.0,WRITE,16,137
3206,628995.0,WRITE_B,16,137
3207,629005.0,FETCH,16,138
3208,629015.0,CAPTURE,16,138
3209,629025.0,CAPTURE_B,16,138
3210,629035.0,REDUCE,16,138
3211,629045.0,EXEC,16,138
3212,629055.0,WRITE,16,138
3213,629065.0,WRITE_B,16,138
3214,629075.0,FETCH,16,139
3215,629085.0,CAPTURE,16,139
3216,629095.0,CAPTURE_B,16,139
3217,629105.0,REDUCE,16,139
3218,629115.0,EXEC,16,139
3219,629125.0,WRITE,16,139
3220,629135.0,WRITE_B,16,139
3221,629145.0,FETCH,16,140
3222,629155.0,CAPTURE,16,140
3223,629165.0,CAPTURE_B,16,140
3224,629175.0,REDUCE,16,140
3225,629185.0,EXEC,16,140
3226,629195.0,WRITE,16,140
3227,629205.0,WRITE_B,16,140
3228,629215.0,FETCH,16,141
3229,629225.0,CAPTURE,16,141
3230,629235.0,CAPTURE_B,16,141
3231,629245.0,REDUCE,16,141
3232,629255.0,EXEC,16,141
3233,629265.0,WRITE,16,141
3234,629275.0,WRITE_B,16,141
3235,629285.0,FETCH,16,142
3236,629295.0,CAPTURE,16,142
3237,629305.0,CAPTURE_B,16,142
3238,629315.0,REDUCE,16,142
3239,629325.0,EXEC,16,142
3240,629335.0,WRITE,16,142
3241,629345.0,WRITE_B,16,142
3242,629355.0,FETCH,16,143
3243,629365.0,CAPTURE,16,143
3244,629375.0,CAPTURE_B,16,143
3245,629385.0,REDUCE,16,143
3246,629395.0,EXEC,16,143
3247,629405.0,WRITE,16,143
3248,629415.0,WRITE_B,16,143
3249,629425.0,FETCH,16,160
3250,629435.0,CAPTURE,16,160
3251,629445.0,CAPTURE_B,16,160
3252,629455.0,REDUCE,16,160
3253,629465.0,EXEC,16,160
3254,629475.0,WRITE,16,160
3255,629485.0,WRITE_B,16,160
3256,629495.0,FETCH,16,161
3257,629505.0,CAPTURE,16,161
3258,629515.0,CAPTURE_B,16,161
3259,629525.0,REDUCE,16,161
3260,629535.0,EXEC,16,161
3261,629545.0,WRITE,16,161
3262,629555.0,WRITE_B,16,161
3263,629565.0,FETCH,16,162
3264,629575.0,CAPTURE,16,162
3265,629585.0,CAPTURE_B,16,162
3266,629595.0,REDUCE,16,162
3267,629605.0,EXEC,16,162
3268,629615.0,WRITE,16,162
3269,629625.0,WRITE_B,16,162
3270,629635.0,FETCH,16,163
3271,629645.0,CAPTURE,16,163
3272,629655.0,CAPTURE_B,16,163
3273,629665.0,REDUCE,16,163
3274,629675.0,EXEC,16,163
3275,629685.0,WRITE,16,163
3276,629695.0,WRITE_B,16,163
3277,629705.0,FETCH,16,164
3278,629715.0,CAPTURE,16,164
3279,629725.0,CAPTURE_B,16,164
3280,629735.0,REDUCE,16,164
3281,629745.0,EXEC,16,164
3282,629755.0,WRITE,16,164
3283,629765.0,WRITE_B,16,164
3284,629775.0,FETCH,16,165
3285,629785.0,CAPTURE,16,165
3286,629795.0,CAPTURE_B,16,165
3287,629805.0,REDUCE,16,165
3288,629815.0,EXEC,16,165
3289,629825.0,WRITE,16,165
3290,629835.0,WRITE_B,16,165
3291,629845.0,FETCH,16,166
3292,629855.0,CAPTURE,16,166
3293,629865.0,CAPTURE_B,16,166
3294,629875.0,REDUCE,16,166
3295,629885.0,EXEC,16,166
3296,629895.0,WRITE,16,166
3297,629905.0,WRITE_B,16,166
3298,629915.0,FETCH,16,167
3299,629925.0,CAPTURE,16,167
3300,629935.0,CAPTURE_B,16,167
3301,629945.0,REDUCE,16,167
3302,629955.0,EXEC,16,167
3303,629965.0,WRITE,16,167
3304,629975.0,WRITE_B,16,167
3305,629985.0,FETCH,16,168
3306,629995.0,CAPTURE,16,168
3307,630005.0,CAPTURE_B,16,168
3308,630015.0,REDUCE,16,168
3309,630025.0,EXEC,16,168
3310,630035.0,WRITE,16,168
3311,630045.0,WRITE_B,16,168
3312,630055.0,FETCH,16,169
3313,630065.0,CAPTURE,16,169
3314,630075.0,CAPTURE_B,16,169
3315,630085.0,REDUCE,16,169
3316,630095.0,EXEC,16,169
3317,630105.0,WRITE,16,169
3318,630115.0,WRITE_B,16,169
3319,630125.0,FETCH,16,170
3320,630135.0,CAPTURE,16,170
3321,630145.0,CAPTURE_B,16,170
3322,630155.0,REDUCE,16,170
3323,630165.0,EXEC,16,170
3324,630175.0,WRITE,16,170
3325,630185.0,WRITE_B,16,170
3326,630195.0,FETCH,16,171
3327,630205.0,CAPTURE,16,171
3328,630215.0,CAPTURE_B,16,171
3329,630225.0,REDUCE,16,171
3330,630235.0,EXEC,16,171
3331,630245.0,WRITE,16,171
3332,630255.0,WRITE_B,16,171
3333,630265.0,FETCH,16,172
3334,630275.0,CAPTURE,16,172
3335,630285.0,CAPTURE_B,16,172
3336,630295.0,REDUCE,16,172
3337,630305.0,EXEC,16,172
3338,630315.0,WRITE,16,172
3339,630325.0,WRITE_B,16,172
3340,630335.0,FETCH,16,173
3341,630345.0,CAPTURE,16,173
3342,630355.0,CAPTURE_B,16,173
3343,630365.0,REDUCE,16,173
3344,630375.0,EXEC,16,173
3345,630385.0,WRITE,16,173
3346,630395.0,WRITE_B,16,173
3347,630405.0,FETCH,16,174
3348,630415.0,CAPTURE,16,174
3349,630425.0,CAPTURE_B,16,174
3350,630435.0,REDUCE,16,174
3351,630445.0,EXEC,16,174
3352,630455.0,WRITE,16,174
3353,630465.0,WRITE_B,16,174
3354,630475.0,FETCH,16,175
3355,630485.0,CAPTURE,16,175
3356,630495.0,CAPTURE_B,16,175
3357,630505.0,REDUCE,16,175
3358,630515.0,EXEC,16,175
3359,630525.0,WRITE,16,175
3360,630535.0,WRITE_B,16,175
3361,630545.0,FETCH,16,192
3362,630555.0,CAPTURE,16,192
3363,630565.0,CAPTURE_B,16,192
3364,630575.0,REDUCE,16,192
3365,630585.0,EXEC,16,192
3366,630595.0,WRITE,16,192
3367,630605.0,WRITE_B,16,192
3368,630615.0,FETCH,16,193
3369,630625.0,CAPTURE,16,193
3370,630635.0,CAPTURE_B,16,193
3371,630645.0,REDUCE,16,193
3372,630655.0,EXEC,16,193
3373,630665.0,WRITE,16,193
3374,630675.0,WRITE_B,16,193
3375,630685.0,FETCH,16,194
3376,630695.0,CAPTURE,16,194
3377,630705.0,CAPTURE_B,16,194
3378,630715.0,REDUCE,16,194
3379,630725.0,EXEC,16,194
3380,630735.0,WRITE,16,194
3381,630745.0,WRITE_B,16,194
3382,630755.0,FETCH,16,195
3383,630765.0,CAPTURE,16,195
3384,630775.0,CAPTURE_B,16,195
3385,630785.0,REDUCE,16,195
3386,630795.0,EXEC,16,195
3387,630805.0,WRITE,16,195
3388,630815.0,WRITE_B,16,195
3389,630825.0,FETCH,16,196
3390,630835.0,CAPTURE,16,196
3391,630845.0,CAPTURE_B,16,196
3392,630855.0,REDUCE,16,196
3393,630865.0,EXEC,16,196
3394,630875.0,WRITE,16,196
3395,630885.0,WRITE_B,16,196
3396,630895.0,FETCH,16,197
3397,630905.0,CAPTURE,16,197
3398,630915.0,CAPTURE_B,16,197
3399,630925.0,REDUCE,16,197
3400,630935.0,EXEC,16,197
3401,630945.0,WRITE,16,197
3402,630955.0,WRITE_B,16,197
3403,630965.0,FETCH,16,198
3404,630975.0,CAPTURE,16,198
3405,630985.0,CAPTURE_B,16,198
3406,630995.0,REDUCE,16,198
3407,631005.0,EXEC,16,198
3408,631015.0,WRITE,16,198
3409,631025.0,WRITE_B,16,198
3410,631035.0,FETCH,16,199
3411,631045.0,CAPTURE,16,199
3412,631055.0,CAPTURE_B,16,199
3413,631065.0,REDUCE,16,199
3414,631075.0,EXEC,16,199
3415,631085.0,WRITE,16,199
3416,631095.0,WRITE_B,16,199
3417,631105.0,FETCH,16,200
3418,631115.0,CAPTURE,16,200
3419,631125.0,CAPTURE_B,16,200
3420,631135.0,REDUCE,16,200
3421,631145.0,EXEC,16,200
3422,631155.0,WRITE,16,200
3423,631165.0,WRITE_B,16,200
3424,631175.0,FETCH,16,201
3425,631185.0,CAPTURE,16,201
3426,631195.0,CAPTURE_B,16,201
3427,631205.0,REDUCE,16,201
3428,631215.0,EXEC,16,201
3429,631225.0,WRITE,16,201
3430,631235.0,WRITE_B,16,201
3431,631245.0,FETCH,16,202
3432,631255.0,CAPTURE,16,202
3433,631265.0,CAPTURE_B,16,202
3434,631275.0,REDUCE,16,202
3435,631285.0,EXEC,16,202
3436,631295.0,WRITE,16,202
3437,631305.0,WRITE_B,16,202
3438,631315.0,FETCH,16,203
3439,631325.0,CAPTURE,16,203
3440,631335.0,CAPTURE_B,16,203
3441,631345.0,REDUCE,16,203
3442,631355.0,EXEC,16,203
3443,631365.0,WRITE,16,203
3444,631375.0,WRITE_B,16,203
3445,631385.0,FETCH,16,204
3446,631395.0,CAPTURE,16,204
3447,631405.0,CAPTURE_B,16,204
3448,631415.0,REDUCE,16,204
3449,631425.0,EXEC,16,204
3450,631435.0,WRITE,16,204
3451,631445.0,WRITE_B,16,204
3452,631455.0,FETCH,16,205
3453,631465.0,CAPTURE,16,205
3454,631475.0,CAPTURE_B,16,205
3455,631485.0,REDUCE,16,205
3456,631495.0,EXEC,16,205
3457,631505.0,WRITE,16,205
3458,631515.0,WRITE_B,16,205
3459,631525.0,FETCH,16,206
3460,631535.0,CAPTURE,16,206
3461,631545.0,CAPTURE_B,16,206
3462,631555.0,REDUCE,16,206
3463,631565.0,EXEC,16,206
3464,631575.0,WRITE,16,206
3465,631585.0,WRITE_B,16,206
3466,631595.0,FETCH,16,207
3467,631605.0,CAPTURE,16,207
3468,631615.0,CAPTURE_B,16,207
3469,631625.0,REDUCE,16,207
3470,631635.0,EXEC,16,207
3471,631645.0,WRITE,16,207
3472,631655.0,WRITE_B,16,207
3473,631665.0,FETCH,16,224
3474,631675.0,CAPTURE,16,224
3475,631685.0,CAPTURE_B,16,224
3476,631695.0,REDUCE,16,224
3477,631705.0,EXEC,16,224
3478,631715.0,WRITE,16,224
3479,631725.0,WRITE_B,16,224
3480,631735.0,FETCH,16,225
3481,631745.0,CAPTURE,16,225
3482,631755.0,CAPTURE_B,16,225
3483,631765.0,REDUCE,16,225
3484,631775.0,EXEC,16,225
3485,631785.0,WRITE,16,225
3486,631795.0,WRITE_B,16,225
3487,631805.0,FETCH,16,226
3488,631815.0,CAPTURE,16,226
3489,631825.0,CAPTURE_B,16,226
3490,631835.0,REDUCE,16,226
3491,631845.0,EXEC,16,226
3492,631855.0,WRITE,16,226
3493,631865.0,WRITE_B,16,226
3494,631875.0,FETCH,16,227
3495,631885.0,CAPTURE,16,227
3496,631895.0,CAPTURE_B,16,227
3497,631905.0,REDUCE,16,227
3498,631915.0,EXEC,16,227
3499,631925.0,WRITE,16,227
3500,631935.0,WRITE_B,16,227
3501,631945.0,FETCH,16,228
3502,631955.0,CAPTURE,16,228
3503,631965.0,CAPTURE_B,16,228
3504,631975.0,REDUCE,16,228
3505,631985.0,EXEC,16,228
3506,631995.0,WRITE,16,228
3507,632005.0,WRITE_B,16,228
3508,632015.0,FETCH,16,229
3509,632025.0,CAPTURE,16,229
3510,632035.0,CAPTURE_B,16,229
3511,632045.0,REDUCE,16,229
3512,632055.0,EXEC,16,229
3513,632065.0,WRITE,16,229
3514,632075.0,WRITE_B,16,229
3515,632085.0,FETCH,16,230
3516,632095.0,CAPTURE,16,230
3517,632105.0,CAPTURE_B,16,230
3518,632115.0,REDUCE,16,230
3519,632125.0,EXEC,16,230
3520,632135.0,WRITE,16,230
3521,632145.0,WRITE_B,16,230
3522,632155.0,FETCH,16,231
3523,632165.0,CAPTURE,16,231
3524,632175.0,CAPTURE_B,16,231
3525,632185.0,REDUCE,16,231
3526,632195.0,EXEC,16,231
3527,632205.0,WRITE,16,231
3528,632215.0,WRITE_B,16,231
3529,632225.0,FETCH,16,232
3530,632235.0,CAPTURE,16,232
3531,632245.0,CAPTURE_B,16,232
3532,632255.0,REDUCE,16,232
3533,632265.0,EXEC,16,232
3534,632275.0,WRITE,16,232
3535,632285.0,WRITE_B,16,232
3536,632295.0,FETCH,16,233
3537,632305.0,CAPTURE,16,233
3538,632315.0,CAPTURE_B,16,233
3539,632325.0,REDUCE,16,233
3540,632335.0,EXEC,16,233
3541,632345.0,WRITE,16,233
3542,632355.0,WRITE_B,16,233
3543,632365.0,FETCH,16,234
3544,632375.0,CAPTURE,16,234
3545,632385.0,CAPTURE_B,16,234
3546,632395.0,REDUCE,16,234
3547,632405.0,EXEC,16,234
3548,632415.0,WRITE,16,234
3549,632425.0,WRITE_B,16,234
3550,632435.0,FETCH,16,235
3551,632445.0,CAPTURE,16,235
3552,632455.0,CAPTURE_B,16,235
3553,632465.0,REDUCE,16,235
3554,632475.0,EXEC,16,235
3555,632485.0,WRITE,16,235
3556,632495.0,WRITE_B,16,235
3557,632505.0,FETCH,16,236
3558,632515.0,CAPTURE,16,236
3559,632525.0,CAPTURE_B,16,236
3560,632535.0,REDUCE,16,236
3561,632545.0,EXEC,16,236
3562,632555.0,WRITE,16,236
3563,632565.0,WRITE_B,16,236
3564,632575.0,FETCH,16,237
3565,632585.0,CAPTURE,16,237
3566,632595.0,CAPTURE_B,16,237
3567,632605.0,REDUCE,16,237
3568,632615.0,EXEC,16,237
3569,632625.0,WRITE,16,237
3570,632635.0,WRITE_B,16,237
3571,632645.0,FETCH,16,238
3572,632655.0,CAPTURE,16,238
3573,632665.0,CAPTURE_B,16,238
3574,632675.0,REDUCE,16,238
3575,632685.0,EXEC,16,238
3576,632695.0,WRITE,16,238
3577,632705.0,WRITE_B,16,238
3578,632715.0,FETCH,16,239
3579,632725.0,CAPTURE,16,239
3580,632735.0,CAPTURE_B,16,239
3581,632745.0,REDUCE,16,239
3582,632755.0,EXEC,16,239
3583,632765.0,WRITE,16,239
3584,632775.0,WRITE_B,16,239
3585,632785.0,FETCH,8,0
3586,632795.0,CAPTURE,8,0
3587,632805.0,CAPTURE_B,8,0
3588,632815.0,REDUCE,8,0
3589,632825.0,EXEC,8,0
3590,632835.0,WRITE,8,0
3591,632845.0,WRITE_B,8,0
3592,632855.0,FETCH,8,1
3593,632865.0,CAPTURE,8,1
3594,632875.0,CAPTURE_B,8,1
3595,632885.0,REDUCE,8,1
3596,632895.0,EXEC,8,1
3597,632905.0,WRITE,8,1
3598,632915.0,WRITE_B,8,1
3599,632925.0,FETCH,8,2
3600,632935.0,CAPTURE,8,2
3601,632945.0,CAPTURE_B,8,2
3602,632955.0,REDUCE,8,2
3603,632965.0,EXEC,8,2
3604,632975.0,WRITE,8,2
3605,632985.0,WRITE_B,8,2
3606,632995.0,FETCH,8,3
3607,633005.0,CAPTURE,8,3
3608,633015.0,CAPTURE_B,8,3
3609,633025.0,REDUCE,8,3
3610,633035.0,EXEC,8,3
3611,633045.0,WRITE,8,3
3612,633055.0,WRITE_B,8,3
3613,633065.0,FETCH,8,4
3614,633075.0,CAPTURE,8,4
3615,633085.0,CAPTURE_B,8,4
3616,633095.0,REDUCE,8,4
3617,633105.0,EXEC,8,4
3618,633115.0,WRITE,8,4
3619,633125.0,WRITE_B,8,4
3620,633135.0,FETCH,8,5
3621,633145.0,CAPTURE,8,5
3622,633155.0,CAPTURE_B,8,5
3623,633165.0,REDUCE,8,5
3624,633175.0,EXEC,8,5
3625,633185.0,WRITE,8,5
3626,633195.0,WRITE_B,8,5
3627,633205.0,FETCH,8,6
3628,633215.0,CAPTURE,8,6
3629,633225.0,CAPTURE_B,8,6
3630,633235.0,REDUCE,8,6
3631,633245.0,EXEC,8,6
3632,633255.0,WRITE,8,6
3633,633265.0,WRITE_B,8,6
3634,633275.0,FETCH,8,7
3635,633285.0,CAPTURE,8,7
3636,633295.0,CAPTURE_B,8,7
3637,633305.0,REDUCE,8,7
3638,633315.0,EXEC,8,7
3639,633325.0,WRITE,8,7
3640,633335.0,WRITE_B,8,7
3641,633345.0,FETCH,8,16
3642,633355.0,CAPTURE,8,16
3643,633365.0,CAPTURE_B,8,16
3644,633375.0,REDUCE,8,16
3645,633385.0,EXEC,8,16
3646,633395.0,WRITE,8,16
3647,633405.0,WRITE_B,8,16
3648,633415.0,FETCH,8,17
3649,633425.0,CAPTURE,8,17
3650,633435.0,CAPTURE_B,8,17
3651,633445.0,REDUCE,8,17
3652,633455.0,EXEC,8,17
3653,633465.0,WRITE,8,17
3654,633475.0,WRITE_B,8,17
3655,633485.0,FETCH,8,18
3656,633495.0,CAPTURE,8,18
3657,633505.0,CAPTURE_B,8,18
3658,633515.0,REDUCE,8,18
3659,633525.0,EXEC,8,18
3660,633535.0,WRITE,8,18
3661,633545.0,WRITE_B,8,18
3662,633555.0,FETCH,8,19
3663,633565.0,CAPTURE,8,19
3664,633575.0,CAPTURE_B,8,19
3665,633585.0,REDUCE,8,19
3666,633595.0,EXEC,8,19
3667,633605.0,WRITE,8,19
3668,633615.0,WRITE_B,8,19
3669,633625.0,FETCH,8,20
3670,633635.0,CAPTURE,8,20
3671,633645.0,CAPTURE_B,8,20
3672,633655.0,REDUCE,8,20
3673,633665.0,EXEC,8,20
3674,633675.0,WRITE,8,20
3675,633685.0,WRITE_B,8,20
3676,633695.0,FETCH,8,21
3677,633705.0,CAPTURE,8,21
3678,633715.0,CAPTURE_B,8,21
3679,633725.0,REDUCE,8,21
3680,633735.0,EXEC,8,21
3681,633745.0,WRITE,8,21
3682,633755.0,WRITE_B,8,21
3683,633765.0,FETCH,8,22
3684,633775.0,CAPTURE,8,22
3685,633785.0,CAPTURE_B,8,22
3686,633795.0,REDUCE,8,22
3687,633805.0,EXEC,8,22
3688,633815.0,WRITE,8,22
3689,633825.0,WRITE_B,8,22
3690,633835.0,FETCH,8,23
3691,633845.0,CAPTURE,8,23
3692,633855.0,CAPTURE_B,8,23
3693,633865.0,REDUCE,8,23
3694,633875.0,EXEC,8,23
3695,633885.0,WRITE,8,23
3696,633895.0,WRITE_B,8,23
3697,633905.0,FETCH,8,32
3698,633915.0,CAPTURE,8,32
3699,633925.0,CAPTURE_B,8,32
3700,633935.0,REDUCE,8,32
3701,633945.0,EXEC,8,32
3702,633955.0,WRITE,8,32
3703,633965.0,WRITE_B,8,32
3704,633975.0,FETCH,8,33
3705,633985.0,CAPTURE,8,33
3706,633995.0,CAPTURE_B,8,33
3707,634005.0,REDUCE,8,33
3708,634015.0,EXEC,8,33
3709,634025.0,WRITE,8,33
3710,634035.0,WRITE_B,8,33
3711,634045.0,FETCH,8,34
3712,634055.0,CAPTURE,8,34
3713,634065.0,CAPTURE_B,8,34
3714,634075.0,REDUCE,8,34
3715,634085.0,EXEC,8,34
3716,634095.0,WRITE,8,34
3717,634105.0,WRITE_B,8,34
3718,634115.0,FETCH,8,35
3719,634125.0,CAPTURE,8,35
3720,634135.0,CAPTURE_B,8,35
3721,634145.0,REDUCE,8,35
3722,634155.0,EXEC,8,35
3723,634165.0,WRITE,8,35
3724,634175.0,WRITE_B,8,35
3725,634185.0,FETCH,8,36
3726,634195.0,CAPTURE,8,36
3727,634205.0,CAPTURE_B,8,36
3728,634215.0,REDUCE,8,36
3729,634225.0,EXEC,8,36
3730,634235.0,WRITE,8,36
3731,634245.0,WRITE_B,8,36
3732,634255.0,FETCH,8,37
3733,634265.0,CAPTURE,8,37
3734,634275.0,CAPTURE_B,8,37
3735,634285.0,REDUCE,8,37
3736,634295.0,EXEC,8,37
3737,634305.0,WRITE,8,37
3738,634315.0,WRITE_B,8,37
3739,634325.0,FETCH,8,38
3740,634335.0,CAPTURE,8,38
3741,634345.0,CAPTURE_B,8,38
3742,634355.0,REDUCE,8,38
3743,634365.0,EXEC,8,38
3744,634375.0,WRITE,8,38
3745,634385.0,WRITE_B,8,38
3746,634395.0,FETCH,8,39
3747,634405.0,CAPTURE,8,39
3748,634415.0,CAPTURE_B,8,39
3749,634425.0,REDUCE,8,39
3750,634435.0,EXEC,8,39
3751,634445.0,WRITE,8,39
3752,634455.0,WRITE_B,8,39
3753,634465.0,FETCH,8,48
3754,634475.0,CAPTURE,8,48
3755,634485.0,CAPTURE_B,8,48
3756,634495.0,REDUCE,8,48
3757,634505.0,EXEC,8,48
3758,634515.0,WRITE,8,48
3759,634525.0,WRITE_B,8,48
3760,634535.0,FETCH,8,49
3761,634545.0,CAPTURE,8,49
3762,634555.0,CAPTURE_B,8,49
3763,634565.0,REDUCE,8,49
3764,634575.0,EXEC,8,49
3765,634585.0,WRITE,8,49
3766,634595.0,WRITE_B,8,49
3767,634605.0,FETCH,8,50
3768,634615.0,CAPTURE,8,50
3769,634625.0,CAPTURE_B,8,50
3770,634635.0,REDUCE,8,50
3771,634645.0,EXEC,8,50
3772,634655.0,WRITE,8,50
3773,634665.0,WRITE_B,8,50
3774,634675.0,FETCH,8,51
3775,634685.0,CAPTURE,8,51
3776,634695.0,CAPTURE_B,8,51
3777,634705.0,REDUCE,8,51
3778,634715.0,EXEC,8,51
3779,634725.0,WRITE,8,51
3780,634735.0,WRITE_B,8,51
3781,634745.0,FETCH,8,52
3782,634755.0,CAPTURE,8,52
3783,634765.0,CAPTURE_B,8,52
3784,634775.0,REDUCE,8,52
3785,634785.0,EXEC,8,52
3786,634795.0,WRITE,8,52
3787,634805.0,WRITE_B,8,52
3788,634815.0,FETCH,8,53
3789,634825.0,CAPTURE,8,53
3790,634835.0,CAPTURE_B,8,53
3791,634845.0,REDUCE,8,53
3792,634855.0,EXEC,8,53
3793,634865.0,WRITE,8,53
3794,634875.0,WRITE_B,8,53
3795,634885.0,FETCH,8,54
3796,634895.0,CAPTURE,8,54
3797,634905.0,CAPTURE_B,8,54
3798,634915.0,REDUCE,8,54
3799,634925.0,EXEC,8,54
3800,634935.0,WRITE,8,54
3801,634945.0,WRITE_B,8,54
3802,634955.0,FETCH,8,55
3803,634965.0,CAPTURE,8,55
3804,634975.0,CAPTURE_B,8,55
3805,634985.0,REDUCE,8,55
3806,634995.0,EXEC,8,55
3807,635005.0,WRITE,8,55
3808,635015.0,WRITE_B,8,55
3809,635025.0,FETCH,8,64
3810,635035.0,CAPTURE,8,64
3811,635045.0,CAPTURE_B,8,64
3812,635055.0,REDUCE,8,64
3813,635065.0,EXEC,8,64
3814,635075.0,WRITE,8,64
3815,635085.0,WRITE_B,8,64
3816,635095.0,FETCH,8,65
3817,635105.0,CAPTURE,8,65
3818,635115.0,CAPTURE_B,8,65
3819,635125.0,REDUCE,8,65
3820,635135.0,EXEC,8,65
3821,635145.0,WRITE,8,65
3822,635155.0,WRITE_B,8,65
3823,635165.0,FETCH,8,66
3824,635175.0,CAPTURE,8,66
3825,635185.0,CAPTURE_B,8,66
3826,635195.0,REDUCE,8,66
3827,635205.0,EXEC,8,66
3828,635215.0,WRITE,8,66
3829,635225.0,WRITE_B,8,66
3830,635235.0,FETCH,8,67
3831,635245.0,CAPTURE,8,67
3832,635255.0,CAPTURE_B,8,67
3833,635265.0,REDUCE,8,67
3834,635275.0,EXEC,8,67
3835,635285.0,WRITE,8,67
3836,635295.0,WRITE_B,8,67
3837,635305.0,FETCH,8,68
3838,635315.0,CAPTURE,8,68
3839,635325.0,CAPTURE_B,8,68
3840,635335.0,REDUCE,8,68
3841,635345.0,EXEC,8,68
3842,635355.0,WRITE,8,68
3843,635365.0,WRITE_B,8,68
3844,635375.0,FETCH,8,69
3845,635385.0,CAPTURE,8,69
3846,635395.0,CAPTURE_B,8,69
3847,635405.0,REDUCE,8,69
3848,635415.0,EXEC,8,69
3849,635425.0,WRITE,8,69
3850,635435.0,WRITE_B,8,69
3851,635445.0,FETCH,8,70
3852,635455.0,CAPTURE,8,70
3853,635465.0,CAPTURE_B,8,70
3854,635475.0,REDUCE,8,70
3855,635485.0,EXEC,8,70
3856,635495.0,WRITE,8,70
3857,635505.0,WRITE_B,8,70
3858,635515.0,FETCH,8,71
3859,635525.0,CAPTURE,8,71
3860,635535.0,CAPTURE_B,8,71
3861,635545.0,REDUCE,8,71
3862,635555.0,EXEC,8,71
3863,635565.0,WRITE,8,71
3864,635575.0,WRITE_B,8,71
3865,635585.0,FETCH,8,80
3866,635595.0,CAPTURE,8,80
3867,635605.0,CAPTURE_B,8,80
3868,635615.0,REDUCE,8,80
3869,635625.0,EXEC,8,80
3870,635635.0,WRITE,8,80
3871,635645.0,WRITE_B,8,80
3872,635655.0,FETCH,8,81
3873,635665.0,CAPTURE,8,81
3874,635675.0,CAPTURE_B,8,81
3875,635685.0,REDUCE,8,81
3876,635695.0,EXEC,8,81
3877,635705.0,WRITE,8,81
3878,635715.0,WRITE_B,8,81
3879,635725.0,FETCH,8,82
3880,635735.0,CAPTURE,8,82
3881,635745.0,CAPTURE_B,8,82
3882,635755.0,REDUCE,8,82
3883,635765.0,EXEC,8,82
3884,635775.0,WRITE,8,82
3885,635785.0,WRITE_B,8,82
3886,635795.0,FETCH,8,83
3887,635805.0,CAPTURE,8,83
3888,635815.0,CAPTURE_B,8,83
3889,635825.0,REDUCE,8,83
3890,635835.0,EXEC,8,83
3891,635845.0,WRITE,8,83
3892,635855.0,WRITE_B,8,83
3893,635865.0,FETCH,8,84
3894,635875.0,CAPTURE,8,84
3895,635885.0,CAPTURE_B,8,84
3896,635895.0,REDUCE,8,84
3897,635905.0,EXEC,8,84
3898,635915.0,WRITE,8,84
3899,635925.0,WRITE_B,8,84
3900,635935.0,FETCH,8,85
3901,635945.0,CAPTURE,8,85
3902,635955.0,CAPTURE_B,8,85
3903,635965.0,REDUCE,8,85
3904,635975.0,EXEC,8,85
3905,635985.0,WRITE,8,85
3906,635995.0,WRITE_B,8,85
3907,636005.0,FETCH,8,86
3908,636015.0,CAPTURE,8,86
3909,636025.0,CAPTURE_B,8,86
3910,636035.0,REDUCE,8,86
3911,636045.0,EXEC,8,86
3912,636055.0,WRITE,8,86
3913,636065.0,WRITE_B,8,86
3914,636075.0,FETCH,8,87
3915,636085.0,CAPTURE,8,87
3916,636095.0,CAPTURE_B,8,87
3917,636105.0,REDUCE,8,87
3918,636115.0,EXEC,8,87
3919,636125.0,WRITE,8,87
3920,636135.0,WRITE_B,8,87
3921,636145.0,FETCH,8,96
3922,636155.0,CAPTURE,8,96
3923,636165.0,CAPTURE_B,8,96
3924,636175.0,REDUCE,8,96
3925,636185.0,EXEC,8,96
3926,636195.0,WRITE,8,96
3927,636205.0,WRITE_B,8,96
3928,636215.0,FETCH,8,97
3929,636225.0,CAPTURE,8,97
3930,636235.0,CAPTURE_B,8,97
3931,636245.0,REDUCE,8,97
3932,636255.0,EXEC,8,97
3933,636265.0,WRITE,8,97
3934,636275.0,WRITE_B,8,97
3935,636285.0,FETCH,8,98
3936,636295.0,CAPTURE,8,98
3937,636305.0,CAPTURE_B,8,98
3938,636315.0,REDUCE,8,98
3939,636325.0,EXEC,8,98
3940,636335.0,WRITE,8,98
3941,636345.0,WRITE_B,8,98
3942,636355.0,FETCH,8,99
3943,636365.0,CAPTURE,8,99
3944,636375.0,CAPTURE_B,8,99
3945,636385.0,REDUCE,8,99
3946,636395.0,EXEC,8,99
3947,636405.0,WRITE,8,99
3948,636415.0,WRITE_B,8,99
3949,636425.0,FETCH,8,100
3950,636435.0,CAPTURE,8,100
3951,636445.0,CAPTURE_B,8,100
3952,636455.0,REDUCE,8,100
3953,636465.0,EXEC,8,100
3954,636475.0,WRITE,8,100
3955,636485.0,WRITE_B,8,100
3956,636495.0,FETCH,8,101
3957,636505.0,CAPTURE,8,101
3958,636515.0,CAPTURE_B,8,101
3959,636525.0,REDUCE,8,101
3960,636535.0,EXEC,8,101
3961,636545.0,WRITE,8,101
3962,636555.0,WRITE_B,8,101
3963,636565.0,FETCH,8,102
3964,636575.0,CAPTURE,8,102
3965,636585.0,CAPTURE_B,8,102
3966,636595.0,REDUCE,8,102
3967,636605.0,EXEC,8,102
3968,636615.0,WRITE,8,102
3969,636625.0,WRITE_B,8,102
3970,636635.0,FETCH,8,103
3971,636645.0,CAPTURE,8,103
3972,636655.0,CAPTURE_B,8,103
3973,636665.0,REDUCE,8,103
3974,636675.0,EXEC,8,103
3975,636685.0,WRITE,8,103
3976,636695.0,WRITE_B,8,103
3977,636705.0,FETCH,8,112
3978,636715.0,CAPTURE,8,112
3979,636725.0,CAPTURE_B,8,112
3980,636735.0,REDUCE,8,112
3981,636745.0,EXEC,8,112
3982,636755.0,WRITE,8,112
3983,636765.0,WRITE_B,8,112
3984,636775.0,FETCH,8,113
3985,636785.0,CAPTURE,8,113
3986,636795.0,CAPTURE_B,8,113
3987,636805.0,REDUCE,8,113
3988,636815.0,EXEC,8,113
3989,636825.0,WRITE,8,113
3990,636835.0,WRITE_B,8,113
3991,636845.0,FETCH,8,114
3992,636855.0,CAPTURE,8,114
3993,636865.0,CAPTURE_B,8,114
3994,636875.0,REDUCE,8,114
3995,636885.0,EXEC,8,114
3996,636895.0,WRITE,8,114
3997,636905.0,WRITE_B,8,114
3998,636915.0,FETCH,8,115
3999,636925.0,CAPTURE,8,115
4000,636935.0,CAPTURE_B,8,115
4001,636945.0,REDUCE,8,115
4002,636955.0,EXEC,8,115
4003,636965.0,WRITE,8,115
4004,636975.0,WRITE_B,8,115
4005,636985.0,FETCH,8,116
4006,636995.0,CAPTURE,8,116
4007,637005.0,CAPTURE_B,8,116
4008,637015.0,REDUCE,8,116
4009,637025.0,EXEC,8,116
4010,637035.0,WRITE,8,116
4011,637045.0,WRITE_B,8,116
4012,637055.0,FETCH,8,117
4013,637065.0,CAPTURE,8,117
4014,637075.0,CAPTURE_B,8,117
4015,637085.0,REDUCE,8,117
4016,637095.0,EXEC,8,117
4017,637105.0,WRITE,8,117
4018,637115.0,WRITE_B,8,117
4019,637125.0,FETCH,8,118
4020,637135.0,CAPTURE,8,118
4021,637145.0,CAPTURE_B,8,118
4022,637155.0,REDUCE,8,118
4023,637165.0,EXEC,8,118
4024,637175.0,WRITE,8,118
4025,637185.0,WRITE_B,8,118
4026,637195.0,FETCH,8,119
4027,637205.0,CAPTURE,8,119
4028,637215.0,CAPTURE_B,8,119
4029,637225.0,REDUCE,8,119
4030,637235.0,EXEC,8,119
4031,637245.0,WRITE,8,119
4032,637255.0,WRITE_B,8,119
4033,637265.0,FETCH,8,128
4034,637275.0,CAPTURE,8,128
4035,637285.0,CAPTURE_B,8,128
4036,637295.0,REDUCE,8,128
4037,637305.0,EXEC,8,128
4038,637315.0,WRITE,8,128
4039,637325.0,WRITE_B,8,128
4040,637335.0,FETCH,8,129
4041,637345.0,CAPTURE,8,129
4042,637355.0,CAPTURE_B,8,129
4043,637365.0,REDUCE,8,129
4044,637375.0,EXEC,8,129
4045,637385.0,WRITE,8,129
4046,637395.0,WRITE_B,8,129
4047,637405.0,FETCH,8,130
4048,637415.0,CAPTURE,8,130
4049,637425.0,CAPTURE_B,8,130
4050,637435.0,REDUCE,8,130
4051,637445.0,EXEC,8,130
4052,637455.0,WRITE,8,130
4053,637465.0,WRITE_B,8,130
4054,637475.0,FETCH,8,131
4055,637485.0,CAPTURE,8,131
4056,637495.0,CAPTURE_B,8,131
4057,637505.0,REDUCE,8,131
4058,637515.0,EXEC,8,131
4059,637525.0,WRITE,8,131
4060,637535.0,WRITE_B,8,131
4061,637545.0,FETCH,8,132
4062,637555.0,CAPTURE,8,132
4063,637565.0,CAPTURE_B,8,132
4064,637575.0,REDUCE,8,132
4065,637585.0,EXEC,8,132
4066,637595.0,WRITE,8,132
4067,637605.0,WRITE_B,8,132
4068,637615.0,FETCH,8,133
4069,637625.0,CAPTURE,8,133
4070,637635.0,CAPTURE_B,8,133
4071,637645.0,REDUCE,8,133
4072,637655.0,EXEC,8,133
4073,637665.0,WRITE,8,133
4074,637675.0,WRITE_B,8,133
4075,637685.0,FETCH,8,134
4076,637695.0,CAPTURE,8,134
4077,637705.0,CAPTURE_B,8,134
4078,637715.0,REDUCE,8,134
4079,637725.0,EXEC,8,134
4080,637735.0,WRITE,8,134
4081,637745.0,WRITE_B,8,134
4082,637755.0,FETCH,8,135
4083,637765.0,CAPTURE,8,135
4084,637775.0,CAPTURE_B,8,135
4085,637785.0,REDUCE,8,135
4086,637795.0,EXEC,8,135
4087,637805.0,WRITE,8,135
4088,637815.0,WRITE_B,8,135
4089,637825.0,FETCH,8,144
4090,637835.0,CAPTURE,8,144
4091,637845.0,CAPTURE_B,8,144
4092,637855.0,REDUCE,8,144
4093,637865.0,EXEC,8,144
4094,637875.0,WRITE,8,144
4095,637885.0,WRITE_B,8,144
4096,637895.0,FETCH,8,145
4097,637905.0,CAPTURE,8,145
4098,637915.0,CAPTURE_B,8,145
4099,637925.0,REDUCE,8,145
4100,637935.0,EXEC,8,145
4101,637945.0,WRITE,8,145
4102,637955.0,WRITE_B,8,145
4103,637965.0,FETCH,8,146
4104,637975.0,CAPTURE,8,146
4105,637985.0,CAPTURE_B,8,146
4106,637995.0,REDUCE,8,146
4107,638005.0,EXEC,8,146
4108,638015.0,WRITE,8,146
4109,638025.0,WRITE_B,8,146
4110,638035.0,FETCH,8,147
4111,638045.0,CAPTURE,8,147
4112,638055.0,CAPTURE_B,8,147
4113,638065.0,REDUCE,8,147
4114,638075.0,EXEC,8,147
4115,638085.0,WRITE,8,147
4116,638095.0,WRITE_B,8,147
4117,638105.0,FETCH,8,148
4118,638115.0,CAPTURE,8,148
4119,638125.0,CAPTURE_B,8,148
4120,638135.0,REDUCE,8,148
4121,638145.0,EXEC,8,148
4122,638155.0,WRITE,8,148
4123,638165.0,WRITE_B,8,148
4124,638175.0,FETCH,8,149
4125,638185.0,CAPTURE,8,149
4126,638195.0,CAPTURE_B,8,149
4127,638205.0,REDUCE,8,149
4128,638215.0,EXEC,8,149
4129,638225.0,WRITE,8,149
4130,638235.0,WRITE_B,8,149
4131,638245.0,FETCH,8,150
4132,638255.0,CAPTURE,8,150
4133,638265.0,CAPTURE_B,8,150
4134,638275.0,REDUCE,8,150
4135,638285.0,EXEC,8,150
4136,638295.0,WRITE,8,150
4137,638305.0,WRITE_B,8,150
4138,638315.0,FETCH,8,151
4139,638325.0,CAPTURE,8,151
4140,638335.0,CAPTURE_B,8,151
4141,638345.0,REDUCE,8,151
4142,638355.0,EXEC,8,151
4143,638365.0,WRITE,8,151
4144,638375.0,WRITE_B,8,151
4145,638385.0,FETCH,8,160
4146,638395.0,CAPTURE,8,160
4147,638405.0,CAPTURE_B,8,160
4148,638415.0,REDUCE,8,160
4149,638425.0,EXEC,8,160
4150,638435.0,WRITE,8,160
4151,638445.0,WRITE_B,8,160
4152,638455.0,FETCH,8,161
4153,638465.0,CAPTURE,8,161
4154,638475.0,CAPTURE_B,8,161
4155,638485.0,REDUCE,8,161
4156,638495.0,EXEC,8,161
4157,638505.0,WRITE,8,161
4158,638515.0,WRITE_B,8,161
4159,638525.0,FETCH,8,162
4160,638535.0,CAPTURE,8,162
4161,638545.0,CAPTURE_B,8,162
4162,638555.0,REDUCE,8,162
4163,638565.0,EXEC,8,162
4164,638575.0,WRITE,8,162
4165,638585.0,WRITE_B,8,162
4166,638595.0,FETCH,8,163
4167,638605.0,CAPTURE,8,163
4168,638615.0,CAPTURE_B,8,163
4169,638625.0,REDUCE,8,163
4170,638635.0,EXEC,8,163
4171,638645.0,WRITE,8,163
4172,638655.0,WRITE_B,8,163
4173,638665.0,FETCH,8,164
4174,638675.0,CAPTURE,8,164
4175,638685.0,CAPTURE_B,8,164
4176,638695.0,REDUCE,8,164
4177,638705.0,EXEC,8,164
4178,638715.0,WRITE,8,164
4179,638725.0,WRITE_B,8,164
4180,638735.0,FETCH,8,165
4181,638745.0,CAPTURE,8,165
4182,638755.0,CAPTURE_B,8,165
4183,638765.0,REDUCE,8,165
4184,638775.0,EXEC,8,165
4185,638785.0,WRITE,8,165
4186,638795.0,WRITE_B,8,165
4187,638805.0,FETCH,8,166
4188,638815.0,CAPTURE,8,166
4189,638825.0,CAPTURE_B,8,166
4190,638835.0,REDUCE,8,166
4191,638845.0,EXEC,8,166
4192,638855.0,WRITE,8,166
4193,638865.0,WRITE_B,8,166
4194,638875.0,FETCH,8,167
4195,638885.0,CAPTURE,8,167
4196,638895.0,CAPTURE_B,8,167
4197,638905.0,REDUCE,8,167
4198,638915.0,EXEC,8,167
4199,638925.0,WRITE,8,167
4200,638935.0,WRITE_B,8,167
4201,638945.0,FETCH,8,176
4202,638955.0,CAPTURE,8,176
4203,638965.0,CAPTURE_B,8,176
4204,638975.0,REDUCE,8,176
4205,638985.0,EXEC,8,176
4206,638995.0,WRITE,8,176
4207,639005.0,WRITE_B,8,176
4208,639015.0,FETCH,8,177
4209,639025.0,CAPTURE,8,177
4210,639035.0,CAPTURE_B,8,177
4211,639045.0,REDUCE,8,177
4212,639055.0,EXEC,8,177
4213,639065.0,WRITE,8,177
4214,639075.0,WRITE_B,8,177
4215,639085.0,FETCH,8,178
4216,639095.0,CAPTURE,8,178
4217,639105.0,CAPTURE_B,8,178
4218,639115.0,REDUCE,8,178
4219,639125.0,EXEC,8,178
4220,639135.0,WRITE,8,178
4221,639145.0,WRITE_B,8,178
4222,639155.0,FETCH,8,179
4223,639165.0,CAPTURE,8,179
4224,639175.0,CAPTURE_B,8,179
4225,639185.0,REDUCE,8,179
4226,639195.0,EXEC,8,179
4227,639205.0,WRITE,8,179
4228,639215.0,WRITE_B,8,179
4229,639225.0,FETCH,8,180
4230,639235.0,CAPTURE,8,180
4231,639245.0,CAPTURE_B,8,180
4232,639255.0,REDUCE,8,180
4233,639265.0,EXEC,8,180
4234,639275.0,WRITE,8,180
4235,639285.0,WRITE_B,8,180
4236,639295.0,FETCH,8,181
4237,639305.0,CAPTURE,8,181
4238,639315.0,CAPTURE_B,8,181
4239,639325.0,REDUCE,8,181
4240,639335.0,EXEC,8,181
4241,639345.0,WRITE,8,181
4242,639355.0,WRITE_B,8,181
4243,639365.0,FETCH,8,182
4244,639375.0,CAPTURE,8,182
4245,639385.0,CAPTURE_B,8,182
4246,639395.0,REDUCE,8,182
4247,639405.0,EXEC,8,182
4248,639415.0,WRITE,8,182
4249,639425.0,WRITE_B,8,182
4250,639435.0,FETCH,8,183
4251,639445.0,CAPTURE,8,183
4252,639455.0,CAPTURE_B,8,183
4253,639465.0,REDUCE,8,183
4254,639475.0,EXEC,8,183
4255,639485.0,WRITE,8,183
4256,639495.0,WRITE_B,8,183
4257,639505.0,FETCH,8,192
4258,639515.0,CAPTURE,8,192
4259,639525.0,CAPTURE_B,8,192
4260,639535.0,REDUCE,8,192
4261,639545.0,EXEC,8,192
4262,639555.0,WRITE,8,192
4263,639565.0,WRITE_B,8,192
4264,639575.0,FETCH,8,193
4265,639585.0,CAPTURE,8,193
4266,639595.0,CAPTURE_B,8,193
4267,639605.0,REDUCE,8,193
4268,639615.0,EXEC,8,193
4269,639625.0,WRITE,8,193
4270,639635.0,WRITE_B,8,193
4271,639645.0,FETCH,8,194
4272,639655.0,CAPTURE,8,194
4273,639665.0,CAPTURE_B,8,194
4274,639675.0,REDUCE,8,194
4275,639685.0,EXEC,8,194
4276,639695.0,WRITE,8,194
4277,639705.0,WRITE_B,8,194
4278,639715.0,FETCH,8,195
4279,639725.0,CAPTURE,8,195
4280,639735.0,CAPTURE_B,8,195
4281,639745.0,REDUCE,8,195
4282,639755.0,EXEC,8,195
4283,639765.0,WRITE,8,195
4284,639775.0,WRITE_B,8,195
4285,639785.0,FETCH,8,196
4286,639795.0,CAPTURE,8,196
4287,639805.0,CAPTURE_B,8,196
4288,639815.0,REDUCE,8,196
4289,639825.0,EXEC,8,196
4290,639835.0,WRITE,8,196
4291,639845.0,WRITE_B,8,196
4292,639855.0,FETCH,8,197
4293,639865.0,CAPTURE,8,197
4294,639875.0,CAPTURE_B,8,197
4295,639885.0,REDUCE,8,197
4296,639895.0,EXEC,8,197
4297,639905.0,WRITE,8,197
4298,639915.0,WRITE_B,8,197
4299,639925.0,FETCH,8,198
4300,639935.0,CAPTURE,8,198
4301,639945.0,CAPTURE_B,8,198
4302,639955.0,REDUCE,8,198
4303,639965.0,EXEC,8,198
4304,639975.0,WRITE,8,198
4305,639985.0,WRITE_B,8,198
4306,639995.0,FETCH,8,199
4307,640005.0,CAPTURE,8,199
4308,640015.0,CAPTURE_B,8,199
4309,640025.0,REDUCE,8,199
4310,640035.0,EXEC,8,199
4311,640045.0,WRITE,8,199
4312,640055.0,WRITE_B,8,199
4313,640065.0,FETCH,8,208
4314,640075.0,CAPTURE,8,208
4315,640085.0,CAPTURE_B,8,208
4316,640095.0,REDUCE,8,208
4317,640105.0,EXEC,8,208
4318,640115.0,WRITE,8,208
4319,640125.0,WRITE_B,8,208
4320,640135.0,FETCH,8,209
4321,640145.0,CAPTURE,8,209
4322,640155.0,CAPTURE_B,8,209
4323,640165.0,REDUCE,8,209
4324,640175.0,EXEC,8,209
4325,640185.0,WRITE,8,209
4326,640195.0,WRITE_B,8,209
4327,640205.0,FETCH,8,210
4328,640215.0,CAPTURE,8,210
4329,640225.0,CAPTURE_B,8,210
4330,640235.0,REDUCE,8,210
4331,640245.0,EXEC,8,210
4332,640255.0,WRITE,8,210
4333,640265.0,WRITE_B,8,210
4334,640275.0,FETCH,8,211
4335,640285.0,CAPTURE,8,211
4336,640295.0,CAPTURE_B,8,211
4337,640305.0,REDUCE,8,211
4338,640315.0,EXEC,8,211
4339,640325.0,WRITE,8,211
4340,640335.0,WRITE_B,8,211
4341,640345.0,FETCH,8,212
4342,640355.0,CAPTURE,8,212
4343,640365.0,CAPTURE_B,8,212
4344,640375.0,REDUCE,8,212
4345,640385.0,EXEC,8,212
4346,640395.0,WRITE,8,212
4347,640405.0,WRITE_B,8,212
4348,640415.0,FETCH,8,213
4349,640425.0,CAPTURE,8,213
4350,640435.0,CAPTURE_B,8,213
4351,640445.0,REDUCE,8,213
4352,640455.0,EXEC,8,213
4353,640465.0,WRITE,8,213
4354,640475.0,WRITE_B,8,213
4355,640485.0,FETCH,8,214
4356,640495.0,CAPTURE,8,214
4357,640505.0,CAPTURE_B,8,214
4358,640515.0,REDUCE,8,214
4359,640525.0,EXEC,8,214
4360,640535.0,WRITE,8,214
4361,640545.0,WRITE_B,8,214
4362,640555.0,FETCH,8,215
4363,640565.0,CAPTURE,8,215
4364,640575.0,CAPTURE_B,8,215
4365,640585.0,REDUCE,8,215
4366,640595.0,EXEC,8,215
4367,640605.0,WRITE,8,215
4368,640615.0,WRITE_B,8,215
4369,640625.0,FETCH,8,224
4370,640635.0,CAPTURE,8,224
4371,640645.0,CAPTURE_B,8,224
4372,640655.0,REDUCE,8,224
4373,640665.0,EXEC,8,224
4374,640675.0,WRITE,8,224
4375,640685.0,WRITE_B,8,224
4376,640695.0,FETCH,8,225
4377,640705.0,CAPTURE,8,225
4378,640715.0,CAPTURE_B,8,225
4379,640725.0,REDUCE,8,225
4380,640735.0,EXEC,8,225
4381,640745.0,WRITE,8,225
4382,640755.0,WRITE_B,8,225
4383,640765.0,FETCH,8,226
4384,640775.0,CAPTURE,8,226
4385,640785.0,CAPTURE_B,8,226
4386,640795.0,REDUCE,8,226
4387,640805.0,EXEC,8,226
4388,640815.0,WRITE,8,226
4389,640825.0,WRITE_B,8,226
4390,640835.0,FETCH,8,227
4391,640845.0,CAPTURE,8,227
4392,640855.0,CAPTURE_B,8,227
4393,640865.0,REDUCE,8,227
4394,640875.0,EXEC,8,227
4395,640885.0,WRITE,8,227
4396,640895.0,WRITE_B,8,227
4397,640905.0,FETCH,8,228
4398,640915.0,CAPTURE,8,228
4399,640925.0,CAPTURE_B,8,228
4400,640935.0,REDUCE,8,228
4401,640945.0,EXEC,8,228
4402,640955.0,WRITE,8,228
4403,640965.0,WRITE_B,8,228
4404,640975.0,FETCH,8,229
4405,640985.0,CAPTURE,8,229
4406,640995.0,CAPTURE_B,8,229
4407,641005.0,REDUCE,8,229
4408,641015.0,EXEC,8,229
4409,641025.0,WRITE,8,229
4410,641035.0,WRITE_B,8,229
4411,641045.0,FETCH,8,230
4412,641055.0,CAPTURE,8,230
4413,641065.0,CAPTURE_B,8,230
4414,641075.0,REDUCE,8,230
4415,641085.0,EXEC,8,230
4416,641095.0,WRITE,8,230
4417,641105.0,WRITE_B,8,230
4418,641115.0,FETCH,8,231
4419,641125.0,CAPTURE,8,231
4420,641135.0,CAPTURE_B,8,231
4421,641145.0,REDUCE,8,231
4422,641155.0,EXEC,8,231
4423,641165.0,WRITE,8,231
4424,641175.0,WRITE_B,8,231
4425,641185.0,FETCH,8,240
4426,641195.0,CAPTURE,8,240
4427,641205.0,CAPTURE_B,8,240
4428,641215.0,REDUCE,8,240
4429,641225.0,EXEC,8,240
4430,641235.0,WRITE,8,240
4431,641245.0,WRITE_B,8,240
4432,641255.0,FETCH,8,241
4433,641265.0,CAPTURE,8,241
4434,641275.0,CAPTURE_B,8,241
4435,641285.0,REDUCE,8,241
4436,641295.0,EXEC,8,241
4437,641305.0,WRITE,8,241
4438,641315.0,WRITE_B,8,241
4439,641325.0,FETCH,8,242
4440,641335.0,CAPTURE,8,242
4441,641345.0,CAPTURE_B,8,242
4442,641355.0,REDUCE,8,242
4443,641365.0,EXEC,8,242
4444,641375.0,WRITE,8,242
4445,641385.0,WRITE_B,8,242
4446,641395.0,FETCH,8,243
4447,641405.0,CAPTURE,8,243
4448,641415.0,CAPTURE_B,8,243
4449,641425.0,REDUCE,8,243
4450,641435.0,EXEC,8,243
4451,641445.0,WRITE,8,243
4452,641455.0,WRITE_B,8,243
4453,641465.0,FETCH,8,244
4454,641475.0,CAPTURE,8,244
4455,641485.0,CAPTURE_B,8,244
4456,641495.0,REDUCE,8,244
4457,641505.0,EXEC,8,244
4458,641515.0,WRITE,8,244
4459,641525.0,WRITE_B,8,244
4460,641535.0,FETCH,8,245
4461,641545.0,CAPTURE,8,245
4462,641555.0,CAPTURE_B,8,245
4463,641565.0,REDUCE,8,245
4464,641575.0,EXEC,8,245
4465,641585.0,WRITE,8,245
4466,641595.0,WRITE_B,8,245
4467,641605.0,FETCH,8,246
4468,641615.0,CAPTURE,8,246
4469,641625.0,CAPTURE_B,8,246
4470,641635.0,REDUCE,8,246
4471,641645.0,EXEC,8,246
4472,641655.0,WRITE,8,246
4473,641665.0,WRITE_B,8,246
4474,641675.0,FETCH,8,247
4475,641685.0,CAPTURE,8,247
4476,641695.0,CAPTURE_B,8,247
4477,641705.0,REDUCE,8,247
4478,641715.0,EXEC,8,247
4479,641725.0,WRITE,8,247
4480,641735.0,WRITE_B,8,247
4481,641745.0,FETCH,4,0
4482,641755.0,CAPTURE,4,0
4483,641765.0,CAPTURE_B,4,0
4484,641775.0,REDUCE,4,0
4485,641785.0,EXEC,4,0
4486,641795.0,WRITE,4,0
4487,641805.0,WRITE_B,4,0
4488,641815.0,FETCH,4,1
4489,641825.0,CAPTURE,4,1
4490,641835.0,CAPTURE_B,4,1
4491,641845.0,REDUCE,4,1
4492,641855.0,EXEC,4,1
4493,641865.0,WRITE,4,1
4494,641875.0,WRITE_B,4,1
4495,641885.0,FETCH,4,2
4496,641895.0,CAPTURE,4,2
4497,641905.0,CAPTURE_B,4,2
4498,641915.0,REDUCE,4,2
4499,641925.0,EXEC,4,2
4500,641935.0,WRITE,4,2
4501,641945.0,WRITE_B,4,2
4502,641955.0,FETCH,4,3
4503,641965.0,CAPTURE,4,3
4504,641975.0,CAPTURE_B,4,3
4505,641985.0,REDUCE,4,3
4506,641995.0,EXEC,4,3
4507,642005.0,WRITE,4,3
4508,642015.0,WRITE_B,4,3
4509,642025.0,FETCH,4,8
4510,642035.0,CAPTURE,4,8
4511,642045.0,CAPTURE_B,4,8
4512,642055.0,REDUCE,4,8
4513,642065.0,EXEC,4,8
4514,642075.0,WRITE,4,8
4515,642085.0,WRITE_B,4,8
4516,642095.0,FETCH,4,9
4517,642105.0,CAPTURE,4,9
4518,642115.0,CAPTURE_B,4,9
4519,642125.0,REDUCE,4,9
4520,642135.0,EXEC,4,9
4521,642145.0,WRITE,4,9
4522,642155.0,WRITE_B,4,9
4523,642165.0,FETCH,4,10
4524,642175.0,CAPTURE,4,10
4525,642185.0,CAPTURE_B,4,10
4526,642195.0,REDUCE,4,10
4527,642205.0,EXEC,4,10
4528,642215.0,WRITE,4,10
4529,642225.0,WRITE_B,4,10
4530,642235.0,FETCH,4,11
4531,642245.0,CAPTURE,4,11
4532,642255.0,CAPTURE_B,4,11
4533,642265.0,REDUCE,4,11
4534,642275.0,EXEC,4,11
4535,642285.0,WRITE,4,11
4536,642295.0,WRITE_B,4,11
4537,642305.0,FETCH,4,16
4538,642315.0,CAPTURE,4,16
4539,642325.0,CAPTURE_B,4,16
4540,642335.0,REDUCE,4,16
4541,642345.0,EXEC,4,16
4542,642355.0,WRITE,4,16
4543,642365.0,WRITE_B,4,16
4544,642375.0,FETCH,4,17
4545,642385.0,CAPTURE,4,17
4546,642395.0,CAPTURE_B,4,17
4547,642405.0,REDUCE,4,17
4548,642415.0,EXEC,4,17
4549,642425.0,WRITE,4,17
4550,642435.0,WRITE_B,4,17
4551,642445.0,FETCH,4,18
4552,642455.0,CAPTURE,4,18
4553,642465.0,CAPTURE_B,4,18
4554,642475.0,REDUCE,4,18
4555,642485.0,EXEC,4,18
4556,642495.0,WRITE,4,18
4557,642505.0,WRITE_B,4,18
4558,642515.0,FETCH,4,19
4559,642525.0,CAPTURE,4,19
4560,642535.0,CAPTURE_B,4,19
4561,642545.0,REDUCE,4,19
4562,642555.0,EXEC,4,19
4563,642565.0,WRITE,4,19
4564,642575.0,WRITE_B,4,19
4565,642585.0,FETCH,4,24
4566,642595.0,CAPTURE,4,24
4567,642605.0,CAPTURE_B,4,24
4568,642615.0,REDUCE,4,24
4569,642625.0,EXEC,4,24
4570,642635.0,WRITE,4,24
4571,642645.0,WRITE_B,4,24
4572,642655.0,FETCH,4,25
4573,642665.0,CAPTURE,4,25
4574,642675.0,CAPTURE_B,4,25
4575,642685.0,REDUCE,4,25
4576,642695.0,EXEC,4,25
4577,642705.0,WRITE,4,25
4578,642715.0,WRITE_B,4,25
4579,642725.0,FETCH,4,26
4580,642735.0,CAPTURE,4,26
4581,642745.0,CAPTURE_B,4,26
4582,642755.0,REDUCE,4,26
4583,642765.0,EXEC,4,26
4584,642775.0,WRITE,4,26
4585,642785.0,WRITE_B,4,26
4586,642795.0,FETCH,4,27
4587,642805.0,CAPTURE,4,27
4588,642815.0,CAPTURE_B,4,27
4589,642825.0,REDUCE,4,27
4590,642835.0,EXEC,4,27
4591,642845.0,WRITE,4,27
4592,642855.0,WRITE_B,4,27
4593,642865.0,FETCH,4,32
4594,642875.0,CAPTURE,4,32
4595,642885.0,CAPTURE_B,4,32
4596,642895.0,REDUCE,4,32
4597,642905.0,EXEC,4,32
4598,642915.0,WRITE,4,32
4599,642925.0,WRITE_B,4,32
4600,642935.0,FETCH,4,33
4601,642945.0,CAPTURE,4,33
4602,642955.0,CAPTURE_B,4,33
4603,642965.0,REDUCE,4,33
4604,642975.0,EXEC,4,33
4605,642985.0,WRITE,4,33
4606,642995.0,WRITE_B,4,33
4607,643005.0,FETCH,4,34
4608,643015.0,CAPTURE,4,34
4609,643025.0,CAPTURE_B,4,34
4610,643035.0,REDUCE,4,34
4611,643045.0,EXEC,4,34
4612,643055.0,WRITE,4,34
4613,643065.0,WRITE_B,4,34
4614,643075.0,FETCH,4,35
4615,643085.0,CAPTURE,4,35
4616,643095.0,CAPTURE_B,4,35
4617,643105.0,REDUCE,4,35
4618,643115.0,EXEC,4,35
4619,643125.0,WRITE,4,35
4620,643135.0,WRITE_B,4,35
4621,643145.0,FETCH,4,40
4622,643155.0,CAPTURE,4,40
4623,643165.0,CAPTURE_B,4,40
4624,643175.0,REDUCE,4,40
4625,643185.0,EXEC,4,40
4626,643195.0,WRITE,4,40
4627,643205.0,WRITE_B,4,40
4628,643215.0,FETCH,4,41
4629,643225.0,CAPTURE,4,41
4630,643235.0,CAPTURE_B,4,41
4631,643245.0,REDUCE,4,41
4632,643255.0,EXEC,4,41
4633,643265.0,WRITE,4,41
4634,643275.0,WRITE_B,4,41
4635,643285.0,FETCH,4,42
4636,643295.0,CAPTURE,4,42
4637,643305.0,CAPTURE_B,4,42
4638,643315.0,REDUCE,4,42
4639,643325.0,EXEC,4,42
4640,643335.0,WRITE,4,42
4641,643345.0,WRITE_B,4,42
4642,643355.0,FETCH,4,43
4643,643365.0,CAPTURE,4,43
4644,643375.0,CAPTURE_B,4,43
4645,643385.0,REDUCE,4,43
4646,643395.0,EXEC,4,43
4647,643405.0,WRITE,4,43
4648,643415.0,WRITE_B,4,43
4649,643425.0,FETCH,4,48
4650,643435.0,CAPTURE,4,48
4651,643445.0,CAPTURE_B,4,48
4652,643455.0,REDUCE,4,48
4653,643465.0,EXEC,4,48
4654,643475.0,WRITE,4,48
4655,643485.0,WRITE_B,4,48
4656,643495.0,FETCH,4,49
4657,643505.0,CAPTURE,4,49
4658,643515.0,CAPTURE_B,4,49
4659,643525.0,REDUCE,4,49
4660,643535.0,EXEC,4,49
4661,643545.0,WRITE,4,49
4662,643555.0,WRITE_B,4,49
4663,643565.0,FETCH,4,50
4664,643575.0,CAPTURE,4,50
4665,643585.0,CAPTURE_B,4,50
4666,643595.0,REDUCE,4,50
4667,643605.0,EXEC,4,50
4668,643615.0,WRITE,4,50
4669,643625.0,WRITE_B,4,50
4670,643635.0,FETCH,4,51
4671,643645.0,CAPTURE,4,51
4672,643655.0,CAPTURE_B,4,51
4673,643665.0,REDUCE,4,51
4674,643675.0,EXEC,4,51
4675,643685.0,WRITE,4,51
4676,643695.0,WRITE_B,4,51
4677,643705.0,FETCH,4,56
4678,643715.0,CAPTURE,4,56
4679,643725.0,CAPTURE_B,4,56
4680,643735.0,REDUCE,4,56
4681,643745.0,EXEC,4,56
4682,643755.0,WRITE,4,56
4683,643765.0,WRITE_B,4,56
4684,643775.0,FETCH,4,57
4685,643785.0,CAPTURE,4,57
4686,643795.0,CAPTURE_B,4,57
4687,643805.0,REDUCE,4,57
4688,643815.0,EXEC,4,57
4689,643825.0,WRITE,4,57
4690,643835.0,WRITE_B,4,57
4691,643845.0,FETCH,4,58
4692,643855.0,CAPTURE,4,58
4693,643865.0,CAPTURE_B,4,58
4694,643875.0,REDUCE,4,58
4695,643885.0,EXEC,4,58
4696,643895.0,WRITE,4,58
4697,643905.0,WRITE_B,4,58
4698,643915.0,FETCH,4,59
4699,643925.0,CAPTURE,4,59
4700,643935.0,CAPTURE_B,4,59
4701,643945.0,REDUCE,4,59
4702,643955.0,EXEC,4,59
4703,643965.0,WRITE,4,59
4704,643975.0,WRITE_B,4,59
4705,643985.0,FETCH,4,64
4706,643995.0,CAPTURE,4,64
4707,644005.0,CAPTURE_B,4,64
4708,644015.0,REDUCE,4,64
4709,644025.0,EXEC,4,64
4710,644035.0,WRITE,4,64
4711,644045.0,WRITE_B,4,64
4712,644055.0,FETCH,4,65
4713,644065.0,CAPTURE,4,65
4714,644075.0,CAPTURE_B,4,65
4715,644085.0,REDUCE,4,65
4716,644095.0,EXEC,4,65
4717,644105.0,WRITE,4,65
4718,644115.0,WRITE_B,4,65
4719,644125.0,FETCH,4,66
4720,644135.0,CAPTURE,4,66
4721,644145.0,CAPTURE_B,4,66
4722,644155.0,REDUCE,4,66
4723,644165.0,EXEC,4,66
4724,644175.0,WRITE,4,66
4725,644185.0,WRITE_B,4,66
4726,644195.0,FETCH,4,67
4727,644205.0,CAPTURE,4,67
4728,644215.0,CAPTURE_B,4,67
4729,644225.0,REDUCE,4,67
4730,644235.0,EXEC,4,67
4731,644245.0,WRITE,4,67
4732,644255.0,WRITE_B,4,67
4733,644265.0,FETCH,4,72
4734,644275.0,CAPTURE,4,72
4735,644285.0,CAPTURE_B,4,72
4736,644295.0,REDUCE,4,72
4737,644305.0,EXEC,4,72
4738,644315.0,WRITE,4,72
4739,644325.0,WRITE_B,4,72
4740,644335.0,FETCH,4,73
4741,644345.0,CAPTURE,4,73
4742,644355.0,CAPTURE_B,4,73
4743,644365.0,REDUCE,4,73
4744,644375.0,EXEC,4,73
4745,644385.0,WRITE,4,73
4746,644395.0,WRITE_B,4,73
4747,644405.0,FETCH,4,74
4748,644415.0,CAPTURE,4,74
4749,644425.0,CAPTURE_B,4,74
4750,644435.0,REDUCE,4,74
4751,644445.0,EXEC,4,74
4752,644455.0,WRITE,4,74
4753,644465.0,WRITE_B,4,74
4754,644475.0,FETCH,4,75
4755,644485.0,CAPTURE,4,75
4756,644495.0,CAPTURE_B,4,75
4757,644505.0,REDUCE,4,75
4758,644515.0,EXEC,4,75
4759,644525.0,WRITE,4,75
4760,644535.0,WRITE_B,4,75
4761,644545.0,FETCH,4,80
4762,644555.0,CAPTURE,4,80
4763,644565.0,CAPTURE_B,4,80
4764,644575.0,REDUCE,4,80
4765,644585.0,EXEC,4,80
4766,644595.0,WRITE,4,80
4767,644605.0,WRITE_B,4,80
4768,644615.0,FETCH,4,81
4769,644625.0,CAPTURE,4,81
4770,644635.0,CAPTURE_B,4,81
4771,644645.0,REDUCE,4,81
4772,644655.0,EXEC,4,81
4773,644665.0,WRITE,4,81
4774,644675.0,WRITE_B,4,81
4775,644685.0,FETCH,4,82
4776,644695.0,CAPTURE,4,82
4777,644705.0,CAPTURE_B,4,82
4778,644715.0,REDUCE,4,82
4779,644725.0,EXEC,4,82
4780,644735.0,WRITE,4,82
4781,644745.0,WRITE_B,4,82
4782,644755.0,FETCH,4,83
4783,644765.0,CAPTURE,4,83
4784,644775.0,CAPTURE_B,4,83
4785,644785.0,REDUCE,4,83
4786,644795.0,EXEC,4,83
4787,644805.0,WRITE,4,83
4788,644815.0,WRITE_B,4,83
4789,644825.0,FETCH,4,88
4790,644835.0,CAPTURE,4,88
4791,644845.0,CAPTURE_B,4,88
4792,644855.0,REDUCE,4,88
4793,644865.0,EXEC,4,88
4794,644875.0,WRITE,4,88
4795,644885.0,WRITE_B,4,88
4796,644895.0,FETCH,4,89
4797,644905.0,CAPTURE,4,89
4798,644915.0,CAPTURE_B,4,89
4799,644925.0,REDUCE,4,89
4800,644935.0,EXEC,4,89
4801,644945.0,WRITE,4,89
4802,644955.0,WRITE_B,4,89
4803,644965.0,FETCH,4,90
4804,644975.0,CAPTURE,4,90
4805,644985.0,CAPTURE_B,4,90
4806,644995.0,REDUCE,4,90
4807,645005.0,EXEC,4,90
4808,645015.0,WRITE,4,90
4809,645025.0,WRITE_B,4,90
4810,645035.0,FETCH,4,91
4811,645045.0,CAPTURE,4,91
4812,645055.0,CAPTURE_B,4,91
4813,645065.0,REDUCE,4,91
4814,645075.0,EXEC,4,91
4815,645085.0,WRITE,4,91
4816,645095.0,WRITE_B,4,91
4817,645105.0,FETCH,4,96
4818,645115.0,CAPTURE,4,96
4819,645125.0,CAPTURE_B,4,96
4820,645135.0,REDUCE,4,96
4821,645145.0,EXEC,4,96
4822,645155.0,WRITE,4,96
4823,645165.0,WRITE_B,4,96
4824,645175.0,FETCH,4,97
4825,645185.0,CAPTURE,4,97
4826,645195.0,CAPTURE_B,4,97
4827,645205.0,REDUCE,4,97
4828,645215.0,EXEC,4,97
4829,645225.0,WRITE,4,97
4830,645235.0,WRITE_B,4,97
4831,645245.0,FETCH,4,98
4832,645255.0,CAPTURE,4,98
4833,645265.0,CAPTURE_B,4,98
4834,645275.0,REDUCE,4,98
4835,645285.0,EXEC,4,98
4836,645295.0,WRITE,4,98
4837,645305.0,WRITE_B,4,98
4838,645315.0,FETCH,4,99
4839,645325.0,CAPTURE,4,99
4840,645335.0,CAPTURE_B,4,99
4841,645345.0,REDUCE,4,99
4842,645355.0,EXEC,4,99
4843,645365.0,WRITE,4,99
4844,645375.0,WRITE_B,4,99
4845,645385.0,FETCH,4,104
4846,645395.0,CAPTURE,4,104
4847,645405.0,CAPTURE_B,4,104
4848,645415.0,REDUCE,4,104
4849,645425.0,EXEC,4,104
4850,645435.0,WRITE,4,104
4851,645445.0,WRITE_B,4,104
4852,645455.0,FETCH,4,105
4853,645465.0,CAPTURE,4,105
4854,645475.0,CAPTURE_B,4,105
4855,645485.0,REDUCE,4,105
4856,645495.0,EXEC,4,105
4857,645505.0,WRITE,4,105
4858,645515.0,WRITE_B,4,105
4859,645525.0,FETCH,4,106
4860,645535.0,CAPTURE,4,106
4861,645545.0,CAPTURE_B,4,106
4862,645555.0,REDUCE,4,106
4863,645565.0,EXEC,4,106
4864,645575.0,WRITE,4,106
4865,645585.0,WRITE_B,4,106
4866,645595.0,FETCH,4,107
4867,645605.0,CAPTURE,4,107
4868,645615.0,CAPTURE_B,4,107
4869,645625.0,REDUCE,4,107
4870,645635.0,EXEC,4,107
4871,645645.0,WRITE,4,107
4872,645655.0,WRITE_B,4,107
4873,645665.0,FETCH,4,112
4874,645675.0,CAPTURE,4,112
4875,645685.0,CAPTURE_B,4,112
4876,645695.0,REDUCE,4,112
4877,645705.0,EXEC,4,112
4878,645715.0,WRITE,4,112
4879,645725.0,WRITE_B,4,112
4880,645735.0,FETCH,4,113
4881,645745.0,CAPTURE,4,113
4882,645755.0,CAPTURE_B,4,113
4883,645765.0,REDUCE,4,113
4884,645775.0,EXEC,4,113
4885,645785.0,WRITE,4,113
4886,645795.0,WRITE_B,4,113
4887,645805.0,FETCH,4,114
4888,645815.0,CAPTURE,4,114
4889,645825.0,CAPTURE_B,4,114
4890,645835.0,REDUCE,4,114
4891,645845.0,EXEC,4,114
4892,645855.0,WRITE,4,114
4893,645865.0,WRITE_B,4,114
4894,645875.0,FETCH,4,115
4895,645885.0,CAPTURE,4,115
4896,645895.0,CAPTURE_B,4,115
4897,645905.0,REDUCE,4,115
4898,645915.0,EXEC,4,115
4899,645925.0,WRITE,4,115
4900,645935.0,WRITE_B,4,115
4901,645945.0,FETCH,4,120
4902,645955.0,CAPTURE,4,120
4903,645965.0,CAPTURE_B,4,120
4904,645975.0,REDUCE,4,120
4905,645985.0,EXEC,4,120
4906,645995.0,WRITE,4,120
4907,646005.0,WRITE_B,4,120
4908,646015.0,FETCH,4,121
4909,646025.0,CAPTURE,4,121
4910,646035.0,CAPTURE_B,4,121
4911,646045.0,REDUCE,4,121
4912,646055.0,EXEC,4,121
4913,646065.0,WRITE,4,121
4914,646075.0,WRITE_B,4,121
4915,646085.0,FETCH,4,122
4916,646095.0,CAPTURE,4,122
4917,646105.0,CAPTURE_B,4,122
4918,646115.0,REDUCE,4,122
4919,646125.0,EXEC,4,122
4920,646135.0,WRITE,4,122
4921,646145.0,WRITE_B,4,122
4922,646155.0,FETCH,4,123
4923,646165.0,CAPTURE,4,123
4924,646175.0,CAPTURE_B,4,123
4925,646185.0,REDUCE,4,123
4926,646195.0,EXEC,4,123
4927,646205.0,WRITE,4,123
4928,646215.0,WRITE_B,4,123
4929,646225.0,FETCH,4,128
4930,646235.0,CAPTURE,4,128
4931,646245.0,CAPTURE_B,4,128
4932,646255.0,REDUCE,4,128
4933,646265.0,EXEC,4,128
4934,646275.0,WRITE,4,128
4935,646285.0,WRITE_B,4,128
4936,646295.0,FETCH,4,129
4937,646305.0,CAPTURE,4,129
4938,646315.0,CAPTURE_B,4,129
4939,646325.0,REDUCE,4,129
4940,646335.0,EXEC,4,129
4941,646345.0,WRITE,4,129
4942,646355.0,WRITE_B,4,129
4943,646365.0,FETCH,4,130
4944,646375.0,CAPTURE,4,130
4945,646385.0,CAPTURE_B,4,130
4946,646395.0,REDUCE,4,130
4947,646405.0,EXEC,4,130
4948,646415.0,WRITE,4,130
4949,646425.0,WRITE_B,4,130
4950,646435.0,FETCH,4,131
4951,646445.0,CAPTURE,4,131
4952,646455.0,CAPTURE_B,4,131
4953,646465.0,REDUCE,4,131
4954,646475.0,EXEC,4,131
4955,646485.0,WRITE,4,131
4956,646495.0,WRITE_B,4,131
4957,646505.0,FETCH,4,136
4958,646515.0,CAPTURE,4,136
4959,646525.0,CAPTURE_B,4,136
4960,646535.0,REDUCE,4,136
4961,646545.0,EXEC,4,136
4962,646555.0,WRITE,4,136
4963,646565.0,WRITE_B,4,136
4964,646575.0,FETCH,4,137
4965,646585.0,CAPTURE,4,137
4966,646595.0,CAPTURE_B,4,137
4967,646605.0,REDUCE,4,137
4968,646615.0,EXEC,4,137
4969,646625.0,WRITE,4,137
4970,646635.0,WRITE_B,4,137
4971,646645.0,FETCH,4,138
4972,646655.0,CAPTURE,4,138
4973,646665.0,CAPTURE_B,4,138
4974,646675.0,REDUCE,4,138
4975,646685.0,EXEC,4,138
4976,646695.0,WRITE,4,138
4977,646705.0,WRITE_B,4,138
4978,646715.0,FETCH,4,139
4979,646725.0,CAPTURE,4,139
4980,646735.0,CAPTURE_B,4,139
4981,646745.0,REDUCE,4,139
4982,646755.0,EXEC,4,139
4983,646765.0,WRITE,4,139
4984,646775.0,WRITE_B,4,139
4985,646785.0,FETCH,4,144
4986,646795.0,CAPTURE,4,144
4987,646805.0,CAPTURE_B,4,144
4988,646815.0,REDUCE,4,144
4989,646825.0,EXEC,4,144
4990,646835.0,WRITE,4,144
4991,646845.0,WRITE_B,4,144
4992,646855.0,FETCH,4,145
4993,646865.0,CAPTURE,4,145
4994,646875.0,CAPTURE_B,4,145
4995,646885.0,REDUCE,4,145
4996,646895.0,EXEC,4,145
4997,646905.0,WRITE,4,145
4998,646915.0,WRITE_B,4,145
4999,646925.0,FETCH,4,146
5000,646935.0,CAPTURE,4,146
5001,646945.0,CAPTURE_B,4,146
5002,646955.0,REDUCE,4,146
5003,646965.0,EXEC,4,146
5004,646975.0,WRITE,4,146
5005,646985.0,WRITE_B,4,146
5006,646995.0,FETCH,4,147
5007,647005.0,CAPTURE,4,147
5008,647015.0,CAPTURE_B,4,147
5009,647025.0,REDUCE,4,147
5010,647035.0,EXEC,4,147
5011,647045.0,WRITE,4,147
5012,647055.0,WRITE_B,4,147
5013,647065.0,FETCH,4,152
5014,647075.0,CAPTURE,4,152
5015,647085.0,CAPTURE_B,4,152
5016,647095.0,REDUCE,4,152
5017,647105.0,EXEC,4,152
5018,647115.0,WRITE,4,152
5019,647125.0,WRITE_B,4,152
5020,647135.0,FETCH,4,153
5021,647145.0,CAPTURE,4,153
5022,647155.0,CAPTURE_B,4,153
5023,647165.0,REDUCE,4,153
5024,647175.0,EXEC,4,153
5025,647185.0,WRITE,4,153
5026,647195.0,WRITE_B,4,153
5027,647205.0,FETCH,4,154
5028,647215.0,CAPTURE,4,154
5029,647225.0,CAPTURE_B,4,154
5030,647235.0,REDUCE,4,154
5031,647245.0,EXEC,4,154
5032,647255.0,WRITE,4,154
5033,647265.0,WRITE_B,4,154
5034,647275.0,FETCH,4,155
5035,647285.0,CAPTURE,4,155
5036,647295.0,CAPTURE_B,4,155
5037,647305.0,REDUCE,4,155
5038,647315.0,EXEC,4,155
5039,647325.0,WRITE,4,155
5040,647335.0,WRITE_B,4,155
5041,647345.0,FETCH,4,160
5042,647355.0,CAPTURE,4,160
5043,647365.0,CAPTURE_B,4,160
5044,647375.0,REDUCE,4,160
5045,647385.0,EXEC,4,160
5046,647395.0,WRITE,4,160
5047,647405.0,WRITE_B,4,160
5048,647415.0,FETCH,4,161
5049,647425.0,CAPTURE,4,161
5050,647435.0,CAPTURE_B,4,161
5051,647445.0,REDUCE,4,161
5052,647455.0,EXEC,4,161
5053,647465.0,WRITE,4,161
5054,647475.0,WRITE_B,4,161
5055,647485.0,FETCH,4,162
5056,647495.0,CAPTURE,4,162
5057,647505.0,CAPTURE_B,4,162
5058,647515.0,REDUCE,4,162
5059,647525.0,EXEC,4,162
5060,647535.0,WRITE,4,162
5061,647545.0,WRITE_B,4,162
5062,647555.0,FETCH,4,163
5063,647565.0,CAPTURE,4,163
5064,647575.0,CAPTURE_B,4,163
5065,647585.0,REDUCE,4,163
5066,647595.0,EXEC,4,163
5067,647605.0,WRITE,4,163
5068,647615.0,WRITE_B,4,163
5069,647625.0,FETCH,4,168
5070,647635.0,CAPTURE,4,168
5071,647645.0,CAPTURE_B,4,168
5072,647655.0,REDUCE,4,168
5073,647665.0,EXEC,4,168
5074,647675.0,WRITE,4,168
5075,647685.0,WRITE_B,4,168
5076,647695.0,FETCH,4,169
5077,647705.0,CAPTURE,4,169
5078,647715.0,CAPTURE_B,4,169
5079,647725.0,REDUCE,4,169
5080,647735.0,EXEC,4,169
5081,647745.0,WRITE,4,169
5082,647755.0,WRITE_B,4,169
5083,647765.0,FETCH,4,170
5084,647775.0,CAPTURE,4,170
5085,647785.0,CAPTURE_B,4,170
5086,647795.0,REDUCE,4,170
5087,647805.0,EXEC,4,170
5088,647815.0,WRITE,4,170
5089,647825.0,WRITE_B,4,170
5090,647835.0,FETCH,4,171
5091,647845.0,CAPTURE,4,171
5092,647855.0,CAPTURE_B,4,171
5093,647865.0,REDUCE,4,171
5094,647875.0,EXEC,4,171
5095,647885.0,WRITE,4,171
5096,647895.0,WRITE_B,4,171
5097,647905.0,FETCH,4,176
5098,647915.0,CAPTURE,4,176
5099,647925.0,CAPTURE_B,4,176
5100,647935.0,REDUCE,4,176
5101,647945.0,EXEC,4,176
5102,647955.0,WRITE,4,176
5103,647965.0,WRITE_B,4,176
5104,647975.0,FETCH,4,177
5105,647985.0,CAPTURE,4,177
5106,647995.0,CAPTURE_B,4,177
5107,648005.0,REDUCE,4,177
5108,648015.0,EXEC,4,177
5109,648025.0,WRITE,4,177
5110,648035.0,WRITE_B,4,177
5111,648045.0,FETCH,4,178
5112,648055.0,CAPTURE,4,178
5113,648065.0,CAPTURE_B,4,178
5114,648075.0,REDUCE,4,178
5115,648085.0,EXEC,4,178
5116,648095.0,WRITE,4,178
5117,648105.0,WRITE_B,4,178
5118,648115.0,FETCH,4,179
5119,648125.0,CAPTURE,4,179
5120,648135.0,CAPTURE_B,4,179
5121,648145.0,REDUCE,4,179
5122,648155.0,EXEC,4,179
5123,648165.0,WRITE,4,179
5124,648175.0,WRITE_B,4,179
5125,648185.0,FETCH,4,184
5126,648195.0,CAPTURE,4,184
5127,648205.0,CAPTURE_B,4,184
5128,648215.0,REDUCE,4,184
5129,648225.0,EXEC,4,184
5130,648235.0,WRITE,4,184
5131,648245.0,WRITE_B,4,184
5132,648255.0,FETCH,4,185
5133,648265.0,CAPTURE,4,185
5134,648275.0,CAPTURE_B,4,185
5135,648285.0,REDUCE,4,185
5136,648295.0,EXEC,4,185
5137,648305.0,WRITE,4,185
5138,648315.0,WRITE_B,4,185
5139,648325.0,FETCH,4,186
5140,648335.0,CAPTURE,4,186
5141,648345.0,CAPTURE_B,4,186
5142,648355.0,REDUCE,4,186
5143,648365.0,EXEC,4,186
5144,648375.0,WRITE,4,186
5145,648385.0,WRITE_B,4,186
5146,648395.0,FETCH,4,187
5147,648405.0,CAPTURE,4,187
5148,648415.0,CAPTURE_B,4,187
5149,648425.0,REDUCE,4,187
5150,648435.0,EXEC,4,187
5151,648445.0,WRITE,4,187
5152,648455.0,WRITE_B,4,187
5153,648465.0,FETCH,4,192
5154,648475.0,CAPTURE,4,192
5155,648485.0,CAPTURE_B,4,192
5156,648495.0,REDUCE,4,192
5157,648505.0,EXEC,4,192
5158,648515.0,WRITE,4,192
5159,648525.0,WRITE_B,4,192
5160,648535.0,FETCH,4,193
5161,648545.0,CAPTURE,4,193
5162,648555.0,CAPTURE_B,4,193
5163,648565.0,REDUCE,4,193
5164,648575.0,EXEC,4,193
5165,648585.0,WRITE,4,193
5166,648595.0,WRITE_B,4,193
5167,648605.0,FETCH,4,194
5168,648615.0,CAPTURE,4,194
5169,648625.0,CAPTURE_B,4,194
5170,648635.0,REDUCE,4,194
5171,648645.0,EXEC,4,194
5172,648655.0,WRITE,4,194
5173,648665.0,WRITE_B,4,194
5174,648675.0,FETCH,4,195
5175,648685.0,CAPTURE,4,195
5176,648695.0,CAPTURE_B,4,195
5177,648705.0,REDUCE,4,195
5178,648715.0,EXEC,4,195
5179,648725.0,WRITE,4,195
5180,648735.0,WRITE_B,4,195
5181,648745.0,FETCH,4,200
5182,648755.0,CAPTURE,4,200
5183,648765.0,CAPTURE_B,4,200
5184,648775.0,REDUCE,4,200
5185,648785.0,EXEC,4,200
5186,648795.0,WRITE,4,200
5187,648805.0,WRITE_B,4,200
5188,648815.0,FETCH,4,201
5189,648825.0,CAPTURE,4,201
5190,648835.0,CAPTURE_B,4,201
5191,648845.0,REDUCE,4,201
5192,648855.0,EXEC,4,201
5193,648865.0,WRITE,4,201
5194,648875.0,WRITE_B,4,201
5195,648885.0,FETCH,4,202
5196,648895.0,CAPTURE,4,202
5197,648905.0,CAPTURE_B,4,202
5198,648915.0,REDUCE,4,202
5199,648925.0,EXEC,4,202
5200,648935.0,WRITE,4,202
5201,648945.0,WRITE_B,4,202
5202,648955.0,FETCH,4,203
5203,648965.0,CAPTURE,4,203
5204,648975.0,CAPTURE_B,4,203
5205,648985.0,REDUCE,4,203
5206,648995.0,EXEC,4,203
5207,649005.0,WRITE,4,203
5208,649015.0,WRITE_B,4,203
5209,649025.0,FETCH,4,208
5210,649035.0,CAPTURE,4,208
5211,649045.0,CAPTURE_B,4,208
5212,649055.0,REDUCE,4,208
5213,649065.0,EXEC,4,208
5214,649075.0,WRITE,4,208
5215,649085.0,WRITE_B,4,208
5216,649095.0,FETCH,4,209
5217,649105.0,CAPTURE,4,209
5218,649115.0,CAPTURE_B,4,209
5219,649125.0,REDUCE,4,209
5220,649135.0,EXEC,4,209
5221,649145.0,WRITE,4,209
5222,649155.0,WRITE_B,4,209
5223,649165.0,FETCH,4,210
5224,649175.0,CAPTURE,4,210
5225,649185.0,CAPTURE_B,4,210
5226,649195.0,REDUCE,4,210
5227,649205.0,EXEC,4,210
5228,649215.0,WRITE,4,210
5229,649225.0,WRITE_B,4,210
5230,649235.0,FETCH,4,211
5231,649245.0,CAPTURE,4,211
5232,649255.0,CAPTURE_B,4,211
5233,649265.0,REDUCE,4,211
5234,649275.0,EXEC,4,211
5235,649285.0,WRITE,4,211
5236,649295.0,WRITE_B,4,211
5237,649305.0,FETCH,4,216
5238,649315.0,CAPTURE,4,216
5239,649325.0,CAPTURE_B,4,216
5240,649335.0,REDUCE,4,216
5241,649345.0,EXEC,4,216
5242,649355.0,WRITE,4,216
5243,649365.0,WRITE_B,4,216
5244,649375.0,FETCH,4,217
5245,649385.0,CAPTURE,4,217
5246,649395.0,CAPTURE_B,4,217
5247,649405.0,REDUCE,4,217
5248,649415.0,EXEC,4,217
5249,649425.0,WRITE,4,217
5250,649435.0,WRITE_B,4,217
5251,649445.0,FETCH,4,218
5252,649455.0,CAPTURE,4,218
5253,649465.0,CAPTURE_B,4,218
5254,649475.0,REDUCE,4,218
5255,649485.0,EXEC,4,218
5256,649495.0,WRITE,4,218
5257,649505.0,WRITE_B,4,218
5258,649515.0,FETCH,4,219
5259,649525.0,CAPTURE,4,219
5260,649535.0,CAPTURE_B,4,219
5261,649545.0,REDUCE,4,219
5262,649555.0,EXEC,4,219
5263,649565.0,WRITE,4,219
5264,649575.0,WRITE_B,4,219
5265,649585.0,FETCH,4,224
5266,649595.0,CAPTURE,4,224
5267,649605.0,CAPTURE_B,4,224
5268,649615.0,REDUCE,4,224
5269,649625.0,EXEC,4,224
5270,649635.0,WRITE,4,224
5271,649645.0,WRITE_B,4,224
5272,649655.0,FETCH,4,225
5273,649665.0,CAPTURE,4,225
5274,649675.0,CAPTURE_B,4,225
5275,649685.0,REDUCE,4,225
5276,649695.0,EXEC,4,225
5277,649705.0,WRITE,4,225
5278,649715.0,WRITE_B,4,225
5279,649725.0,FETCH,4,226
5280,649735.0,CAPTURE,4,226
5281,649745.0,CAPTURE_B,4,226
5282,649755.0,REDUCE,4,226
5283,649765.0,EXEC,4,226
5284,649775.0,WRITE,4,226
5285,649785.0,WRITE_B,4,226
5286,649795.0,FETCH,4,227
5287,649805.0,CAPTURE,4,227
5288,649815.0,CAPTURE_B,4,227
5289,649825.0,REDUCE,4,227
5290,649835.0,EXEC,4,227
5291,649845.0,WRITE,4,227
5292,649855.0,WRITE_B,4,227
5293,649865.0,FETCH,4,232
5294,649875.0,CAPTURE,4,232
5295,649885.0,CAPTURE_B,4,232
5296,649895.0,REDUCE,4,232
5297,649905.0,EXEC,4,232
5298,649915.0,WRITE,4,232
5299,649925.0,WRITE_B,4,232
5300,649935.0,FETCH,4,233
5301,649945.0,CAPTURE,4,233
5302,649955.0,CAPTURE_B,4,233
5303,649965.0,REDUCE,4,233
5304,649975.0,EXEC,4,233
5305,649985.0,WRITE,4,233
5306,649995.0,WRITE_B,4,233
5307,650005.0,FETCH,4,234
5308,650015.0,CAPTURE,4,234
5309,650025.0,CAPTURE_B,4,234
5310,650035.0,REDUCE,4,234
5311,650045.0,EXEC,4,234
5312,650055.0,WRITE,4,234
5313,650065.0,WRITE_B,4,234
5314,650075.0,FETCH,4,235
5315,650085.0,CAPTURE,4,235
5316,650095.0,CAPTURE_B,4,235
5317,650105.0,REDUCE,4,235
5318,650115.0,EXEC,4,235
5319,650125.0,WRITE,4,235
5320,650135.0,WRITE_B,4,235
5321,650145.0,FETCH,4,240
5322,650155.0,CAPTURE,4,240
5323,650165.0,CAPTURE_B,4,240
5324,650175.0,REDUCE,4,240
5325,650185.0,EXEC,4,240
5326,650195.0,WRITE,4,240
5327,650205.0,WRITE_B,4,240
5328,650215.0,FETCH,4,241
5329,650225.0,CAPTURE,4,241
5330,650235.0,CAPTURE_B,4,241
5331,650245.0,REDUCE,4,241
5332,650255.0,EXEC,4,241
5333,650265.0,WRITE,4,241
5334,650275.0,WRITE_B,4,241
5335,650285.0,FETCH,4,242
5336,650295.0,CAPTURE,4,242
5337,650305.0,CAPTURE_B,4,242
5338,650315.0,REDUCE,4,242
5339,650325.0,EXEC,4,242
5340,650335.0,WRITE,4,242
5341,650345.0,WRITE_B,4,242
5342,650355.0,FETCH,4,243
5343,650365.0,CAPTURE,4,243
5344,650375.0,CAPTURE_B,4,243
5345,650385.0,REDUCE,4,243
5346,650395.0,EXEC,4,243
5347,650405.0,WRITE,4,243
5348,650415.0,WRITE_B,4,243
5349,650425.0,FETCH,4,248
5350,650435.0,CAPTURE,4,248
5351,650445.0,CAPTURE_B,4,248
5352,650455.0,REDUCE,4,248
5353,650465.0,EXEC,4,248
5354,650475.0,WRITE,4,248
5355,650485.0,WRITE_B,4,248
5356,650495.0,FETCH,4,249
5357,650505.0,CAPTURE,4,249
5358,650515.0,CAPTURE_B,4,249
5359,650525.0,REDUCE,4,249
5360,650535.0,EXEC,4,249
5361,650545.0,WRITE,4,249
5362,650555.0,WRITE_B,4,249
5363,650565.0,FETCH,4,250
5364,650575.0,CAPTURE,4,250
5365,650585.0,CAPTURE_B,4,250
5366,650595.0,REDUCE,4,250
5367,650605.0,EXEC,4,250
5368,650615.0,WRITE,4,250
5369,650625.0,WRITE_B,4,250
5370,650635.0,FETCH,4,251
5371,650645.0,CAPTURE,4,251
5372,650655.0,CAPTURE_B,4,251
5373,650665.0,REDUCE,4,251
5374,650675.0,EXEC,4,251
5375,650685.0,WRITE,4,251
5376,650695.0,WRITE_B,4,251
5377,650705.0,FETCH,2,0
5378,650715.0,CAPTURE,2,0
5379,650725.0,CAPTURE_B,2,0
5380,650735.0,REDUCE,2,0
5381,650745.0,EXEC,2,0
5382,650755.0,WRITE,2,0
5383,650765.0,WRITE_B,2,0
5384,650775.0,FETCH,2,1
5385,650785.0,CAPTURE,2,1
5386,650795.0,CAPTURE_B,2,1
5387,650805.0,REDUCE,2,1
5388,650815.0,EXEC,2,1
5389,650825.0,WRITE,2,1
5390,650835.0,WRITE_B,2,1
5391,650845.0,FETCH,2,4
5392,650855.0,CAPTURE,2,4
5393,650865.0,CAPTURE_B,2,4
5394,650875.0,REDUCE,2,4
5395,650885.0,EXEC,2,4
5396,650895.0,WRITE,2,4
5397,650905.0,WRITE_B,2,4
5398,650915.0,FETCH,2,5
5399,650925.0,CAPTURE,2,5
5400,650935.0,CAPTURE_B,2,5
5401,650945.0,REDUCE,2,5
5402,650955.0,EXEC,2,5
5403,650965.0,WRITE,2,5
5404,650975.0,WRITE_B,2,5
5405,650985.0,FETCH,2,8
5406,650995.0,CAPTURE,2,8
5407,651005.0,CAPTURE_B,2,8
5408,651015.0,REDUCE,2,8
5409,651025.0,EXEC,2,8
5410,651035.0,WRITE,2,8
5411,651045.0,WRITE_B,2,8
5412,651055.0,FETCH,2,9
5413,651065.0,CAPTURE,2,9
5414,651075.0,CAPTURE_B,2,9
5415,651085.0,REDUCE,2,9
5416,651095.0,EXEC,2,9
5417,651105.0,WRITE,2,9
5418,651115.0,WRITE_B,2,9
5419,651125.0,FETCH,2,12
5420,651135.0,CAPTURE,2,12
5421,651145.0,CAPTURE_B,2,12
5422,651155.0,REDUCE,2,12
5423,651165.0,EXEC,2,12
5424,651175.0,WRITE,2,12
5425,651185.0,WRITE_B,2,12
5426,651195.0,FETCH,2,13
5427,651205.0,CAPTURE,2,13
5428,651215.0,CAPTURE_B,2,13
5429,651225.0,REDUCE,2,13
5430,651235.0,EXEC,2,13
5431,651245.0,WRITE,2,13
5432,651255.0,WRITE_B,2,13
5433,651265.0,FETCH,2,16
5434,651275.0,CAPTURE,2,16
5435,651285.0,CAPTURE_B,2,16
5436,651295.0,REDUCE,2,16
5437,651305.0,EXEC,2,16
5438,651315.0,WRITE,2,16
5439,651325.0,WRITE_B,2,16
5440,651335.0,FETCH,2,17
5441,651345.0,CAPTURE,2,17
5442,651355.0,CAPTURE_B,2,17
5443,651365.0,REDUCE,2,17
5444,651375.0,EXEC,2,17
5445,651385.0,WRITE,2,17
5446,651395.0,WRITE_B,2,17
5447,651405.0,FETCH,2,20
5448,651415.0,CAPTURE,2,20
5449,651425.0,CAPTURE_B,2,20
5450,651435.0,REDUCE,2,20
5451,651445.0,EXEC,2,20
5452,651455.0,WRITE,2,20
5453,651465.0,WRITE_B,2,20
5454,651475.0,FETCH,2,21
5455,651485.0,CAPTURE,2,21
5456,651495.0,CAPTURE_B,2,21
5457,651505.0,REDUCE,2,21
5458,651515.0,EXEC,2,21
5459,651525.0,WRITE,2,21
5460,651535.0,WRITE_B,2,21
5461,651545.0,FETCH,2,24
5462,651555.0,CAPTURE,2,24
5463,651565.0,CAPTURE_B,2,24
5464,651575.0,REDUCE,2,24
5465,651585.0,EXEC,2,24
5466,651595.0,WRITE,2,24
5467,651605.0,WRITE_B,2,24
5468,651615.0,FETCH,2,25
5469,651625.0,CAPTURE,2,25
5470,651635.0,CAPTURE_B,2,25
5471,651645.0,REDUCE,2,25
5472,651655.0,EXEC,2,25
5473,651665.0,WRITE,2,25
5474,651675.0,WRITE_B,2,25
5475,651685.0,FETCH,2,28
5476,651695.0,CAPTURE,2,28
5477,651705.0,CAPTURE_B,2,28
5478,651715.0,REDUCE,2,28
5479,651725.0,EXEC,2,28
5480,651735.0,WRITE,2,28
5481,651745.0,WRITE_B,2,28
5482,651755.0,FETCH,2,29
5483,651765.0,CAPTURE,2,29
5484,651775.0,CAPTURE_B,2,29
5485,651785.0,REDUCE,2,29
5486,651795.0,EXEC,2,29
5487,651805.0,WRITE,2,29
5488,651815.0,WRITE_B,2,29
5489,651825.0,FETCH,2,32
5490,651835.0,CAPTURE,2,32
5491,651845.0,CAPTURE_B,2,32
5492,651855.0,REDUCE,2,32
5493,651865.0,EXEC,2,32
5494,651875.0,WRITE,2,32
5495,651885.0,WRITE_B,2,32
5496,651895.0,FETCH,2,33
5497,651905.0,CAPTURE,2,33
5498,651915.0,CAPTURE_B,2,33
5499,651925.0,REDUCE,2,33
5500,651935.0,EXEC,2,33
5501,651945.0,WRITE,2,33
5502,651955.0,WRITE_B,2,33
5503,651965.0,FETCH,2,36
5504,651975.0,CAPTURE,2,36
5505,651985.0,CAPTURE_B,2,36
5506,651995.0,REDUCE,2,36
5507,652005.0,EXEC,2,36
5508,652015.0,WRITE,2,36
5509,652025.0,WRITE_B,2,36
5510,652035.0,FETCH,2,37
5511,652045.0,CAPTURE,2,37
5512,652055.0,CAPTURE_B,2,37
5513,652065.0,REDUCE,2,37
5514,652075.0,EXEC,2,37
5515,652085.0,WRITE,2,37
5516,652095.0,WRITE_B,2,37
5517,652105.0,FETCH,2,40
5518,652115.0,CAPTURE,2,40
5519,652125.0,CAPTURE_B,2,40
5520,652135.0,REDUCE,2,40
5521,652145.0,EXEC,2,40
5522,652155.0,WRITE,2,40
5523,652165.0,WRITE_B,2,40
5524,652175.0,FETCH,2,41
5525,652185.0,CAPTURE,2,41
5526,652195.0,CAPTURE_B,2,41
5527,652205.0,REDUCE,2,41
5528,652215.0,EXEC,2,41
5529,652225.0,WRITE,2,41
5530,652235.0,WRITE_B,2,41
5531,652245.0,FETCH,2,44
5532,652255.0,CAPTURE,2,44
5533,652265.0,CAPTURE_B,2,44
5534,652275.0,REDUCE,2,44
5535,652285.0,EXEC,2,44
5536,652295.0,WRITE,2,44
5537,652305.0,WRITE_B,2,44
5538,652315.0,FETCH,2,45
5539,652325.0,CAPTURE,2,45
5540,652335.0,CAPTURE_B,2,45
5541,652345.0,REDUCE,2,45
5542,652355.0,EXEC,2,45
5543,652365.0,WRITE,2,45
5544,652375.0,WRITE_B,2,45
5545,652385.0,FETCH,2,48
5546,652395.0,CAPTURE,2,48
5547,652405.0,CAPTURE_B,2,48
5548,652415.0,REDUCE,2,48
5549,652425.0,EXEC,2,48
5550,652435.0,WRITE,2,48
5551,652445.0,WRITE_B,2,48
5552,652455.0,FETCH,2,49
5553,652465.0,CAPTURE,2,49
5554,652475.0,CAPTURE_B,2,49
5555,652485.0,REDUCE,2,49
5556,652495.0,EXEC,2,49
5557,652505.0,WRITE,2,49
5558,652515.0,WRITE_B,2,49
5559,652525.0,FETCH,2,52
5560,652535.0,CAPTURE,2,52
5561,652545.0,CAPTURE_B,2,52
5562,652555.0,REDUCE,2,52
5563,652565.0,EXEC,2,52
5564,652575.0,WRITE,2,52
5565,652585.0,WRITE_B,2,52
5566,652595.0,FETCH,2,53
5567,652605.0,CAPTURE,2,53
5568,652615.0,CAPTURE_B,2,53
5569,652625.0,REDUCE,2,53
5570,652635.0,EXEC,2,53
5571,652645.0,WRITE,2,53
5572,652655.0,WRITE_B,2,53
5573,652665.0,FETCH,2,56
5574,652675.0,CAPTURE,2,56
5575,652685.0,CAPTURE_B,2,56
5576,652695.0,REDUCE,2,56
5577,652705.0,EXEC,2,56
5578,652715.0,WRITE,2,56
5579,652725.0,WRITE_B,2,56
5580,652735.0,FETCH,2,57
5581,652745.0,CAPTURE,2,57
5582,652755.0,CAPTURE_B,2,57
5583,652765.0,REDUCE,2,57
5584,652775.0,EXEC,2,57
5585,652785.0,WRITE,2,57
5586,652795.0,WRITE_B,2,57
5587,652805.0,FETCH,2,60
5588,652815.0,CAPTURE,2,60
5589,652825.0,CAPTURE_B,2,60
5590,652835.0,REDUCE,2,60
5591,652845.0,EXEC,2,60
5592,652855.0,WRITE,2,60
5593,652865.0,WRITE_B,2,60
5594,652875.0,FETCH,2,61
5595,652885.0,CAPTURE,2,61
5596,652895.0,CAPTURE_B,2,61
5597,652905.0,REDUCE,2,61
5598,652915.0,EXEC,2,61
5599,652925.0,WRITE,2,61
5600,652935.0,WRITE_B,2,61
5601,652945.0,FETCH,2,64
5602,652955.0,CAPTURE,2,64
5603,652965.0,CAPTURE_B,2,64
5604,652975.0,REDUCE,2,64
5605,652985.0,EXEC,2,64
5606,652995.0,WRITE,2,64
5607,653005.0,WRITE_B,2,64
5608,653015.0,FETCH,2,65
5609,653025.0,CAPTURE,2,65
5610,653035.0,CAPTURE_B,2,65
5611,653045.0,REDUCE,2,65
5612,653055.0,EXEC,2,65
5613,653065.0,WRITE,2,65
5614,653075.0,WRITE_B,2,65
5615,653085.0,FETCH,2,68
5616,653095.0,CAPTURE,2,68
5617,653105.0,CAPTURE_B,2,68
5618,653115.0,REDUCE,2,68
5619,653125.0,EXEC,2,68
5620,653135.0,WRITE,2,68
5621,653145.0,WRITE_B,2,68
5622,653155.0,FETCH,2,69
5623,653165.0,CAPTURE,2,69
5624,653175.0,CAPTURE_B,2,69
5625,653185.0,REDUCE,2,69
5626,653195.0,EXEC,2,69
5627,653205.0,WRITE,2,69
5628,653215.0,WRITE_B,2,69
5629,653225.0,FETCH,2,72
5630,653235.0,CAPTURE,2,72
5631,653245.0,CAPTURE_B,2,72
5632,653255.0,REDUCE,2,72
5633,653265.0,EXEC,2,72
5634,653275.0,WRITE,2,72
5635,653285.0,WRITE_B,2,72
5636,653295.0,FETCH,2,73
5637,653305.0,CAPTURE,2,73
5638,653315.0,CAPTURE_B,2,73
5639,653325.0,REDUCE,2,73
5640,653335.0,EXEC,2,73
5641,653345.0,WRITE,2,73
5642,653355.0,WRITE_B,2,73
5643,653365.0,FETCH,2,76
5644,653375.0,CAPTURE,2,76
5645,653385.0,CAPTURE_B,2,76
5646,653395.0,REDUCE,2,76
5647,653405.0,EXEC,2,76
5648,653415.0,WRITE,2,76
5649,653425.0,WRITE_B,2,76
5650,653435.0,FETCH,2,77
5651,653445.0,CAPTURE,2,77
5652,653455.0,CAPTURE_B,2,77
5653,653465.0,REDUCE,2,77
5654,653475.0,EXEC,2,77
5655,653485.0,WRITE,2,77
5656,653495.0,WRITE_B,2,77
5657,653505.0,FETCH,2,80
5658,653515.0,CAPTURE,2,80
5659,653525.0,CAPTURE_B,2,80
5660,653535.0,REDUCE,2,80
5661,653545.0,EXEC,2,80
5662,653555.0,WRITE,2,80
5663,653565.0,WRITE_B,2,80
5664,653575.0,FETCH,2,81
5665,653585.0,CAPTURE,2,81
5666,653595.0,CAPTURE_B,2,81
5667,653605.0,REDUCE,2,81
5668,653615.0,EXEC,2,81
5669,653625.0,WRITE,2,81
5670,653635.0,WRITE_B,2,81
5671,653645.0,FETCH,2,84
5672,653655.0,CAPTURE,2,84
5673,653665.0,CAPTURE_B,2,84
5674,653675.0,REDUCE,2,84
5675,653685.0,EXEC,2,84
5676,653695.0,WRITE,2,84
5677,653705.0,WRITE_B,2,84
5678,653715.0,FETCH,2,85
5679,653725.0,CAPTURE,2,85
5680,653735.0,CAPTURE_B,2,85
5681,653745.0,REDUCE,2,85
5682,653755.0,EXEC,2,85
5683,653765.0,WRITE,2,85
5684,653775.0,WRITE_B,2,85
5685,653785.0,FETCH,2,88
5686,653795.0,CAPTURE,2,88
5687,653805.0,CAPTURE_B,2,88
5688,653815.0,REDUCE,2,88
5689,653825.0,EXEC,2,88
5690,653835.0,WRITE,2,88
5691,653845.0,WRITE_B,2,88
5692,653855.0,FETCH,2,89
5693,653865.0,CAPTURE,2,89
5694,653875.0,CAPTURE_B,2,89
5695,653885.0,REDUCE,2,89
5696,653895.0,EXEC,2,89
5697,653905.0,WRITE,2,89
5698,653915.0,WRITE_B,2,89
5699,653925.0,FETCH,2,92
5700,653935.0,CAPTURE,2,92
5701,653945.0,CAPTURE_B,2,92
5702,653955.0,REDUCE,2,92
5703,653965.0,EXEC,2,92
5704,653975.0,WRITE,2,92
5705,653985.0,WRITE_B,2,92
5706,653995.0,FETCH,2,93
5707,654005.0,CAPTURE,2,93
5708,654015.0,CAPTURE_B,2,93
5709,654025.0,REDUCE,2,93
5710,654035.0,EXEC,2,93
5711,654045.0,WRITE,2,93
5712,654055.0,WRITE_B,2,93
5713,654065.0,FETCH,2,96
5714,654075.0,CAPTURE,2,96
5715,654085.0,CAPTURE_B,2,96
5716,654095.0,REDUCE,2,96
5717,654105.0,EXEC,2,96
5718,654115.0,WRITE,2,96
5719,654125.0,WRITE_B,2,96
5720,654135.0,FETCH,2,97
5721,654145.0,CAPTURE,2,97
5722,654155.0,CAPTURE_B,2,97
5723,654165.0,REDUCE,2,97
5724,654175.0,EXEC,2,97
5725,654185.0,WRITE,2,97
5726,654195.0,WRITE_B,2,97
5727,654205.0,FETCH,2,100
5728,654215.0,CAPTURE,2,100
5729,654225.0,CAPTURE_B,2,100
5730,654235.0,REDUCE,2,100
5731,654245.0,EXEC,2,100
5732,654255.0,WRITE,2,100
5733,654265.0,WRITE_B,2,100
5734,654275.0,FETCH,2,101
5735,654285.0,CAPTURE,2,101
5736,654295.0,CAPTURE_B,2,101
5737,654305.0,REDUCE,2,101
5738,654315.0,EXEC,2,101
5739,654325.0,WRITE,2,101
5740,654335.0,WRITE_B,2,101
5741,654345.0,FETCH,2,104
5742,654355.0,CAPTURE,2,104
5743,654365.0,CAPTURE_B,2,104
5744,654375.0,REDUCE,2,104
5745,654385.0,EXEC,2,104
5746,654395.0,WRITE,2,104
5747,654405.0,WRITE_B,2,104
5748,654415.0,FETCH,2,105
5749,654425.0,CAPTURE,2,105
5750,654435.0,CAPTURE_B,2,105
5751,654445.0,REDUCE,2,105
5752,654455.0,EXEC,2,105
5753,654465.0,WRITE,2,105
5754,654475.0,WRITE_B,2,105
5755,654485.0,FETCH,2,108
5756,654495.0,CAPTURE,2,108
5757,654505.0,CAPTURE_B,2,108
5758,654515.0,REDUCE,2,108
5759,654525.0,EXEC,2,108
5760,654535.0,WRITE,2,108
5761,654545.0,WRITE_B,2,108
5762,654555.0,FETCH,2,109
5763,654565.0,CAPTURE,2,109
5764,654575.0,CAPTURE_B,2,109
5765,654585.0,REDUCE,2,109
5766,654595.0,EXEC,2,109
5767,654605.0,WRITE,2,109
5768,654615.0,WRITE_B,2,109
5769,654625.0,FETCH,2,112
5770,654635.0,CAPTURE,2,112
5771,654645.0,CAPTURE_B,2,112
5772,654655.0,REDUCE,2,112
5773,654665.0,EXEC,2,112
5774,654675.0,WRITE,2,112
5775,654685.0,WRITE_B,2,112
5776,654695.0,FETCH,2,113
5777,654705.0,CAPTURE,2,113
5778,654715.0,CAPTURE_B,2,113
5779,654725.0,REDUCE,2,113
5780,654735.0,EXEC,2,113
5781,654745.0,WRITE,2,113
5782,654755.0,WRITE_B,2,113
5783,654765.0,FETCH,2,116
5784,654775.0,CAPTURE,2,116
5785,654785.0,CAPTURE_B,2,116
5786,654795.0,REDUCE,2,116
5787,654805.0,EXEC,2,116
5788,654815.0,WRITE,2,116
5789,654825.0,WRITE_B,2,116
5790,654835.0,FETCH,2,117
5791,654845.0,CAPTURE,2,117
5792,654855.0,CAPTURE_B,2,117
5793,654865.0,REDUCE,2,117
5794,654875.0,EXEC,2,117
5795,654885.0,WRITE,2,117
5796,654895.0,WRITE_B,2,117
5797,654905.0,FETCH,2,120
5798,654915.0,CAPTURE,2,120
5799,654925.0,CAPTURE_B,2,120
5800,654935.0,REDUCE,2,120
5801,654945.0,EXEC,2,120
5802,654955.0,WRITE,2,120
5803,654965.0,WRITE_B,2,120
5804,654975.0,FETCH,2,121
5805,654985.0,CAPTURE,2,121
5806,654995.0,CAPTURE_B,2,121
5807,655005.0,REDUCE,2,121
5808,655015.0,EXEC,2,121
5809,655025.0,WRITE,2,121
5810,655035.0,WRITE_B,2,121
5811,655045.0,FETCH,2,124
5812,655055.0,CAPTURE,2,124
5813,655065.0,CAPTURE_B,2,124
5814,655075.0,REDUCE,2,124
5815,655085.0,EXEC,2,124
5816,655095.0,WRITE,2,124
5817,655105.0,WRITE_B,2,124
5818,655115.0,FETCH,2,125
5819,655125.0,CAPTURE,2,125
5820,655135.0,CAPTURE_B,2,125
5821,655145.0,REDUCE,2,125
5822,655155.0,EXEC,2,125
5823,655165.0,WRITE,2,125
5824,655175.0,WRITE_B,2,125
5825,655185.0,FETCH,2,128
5826,655195.0,CAPTURE,2,128
5827,655205.0,CAPTURE_B,2,128
5828,655215.0,REDUCE,2,128
5829,655225.0,EXEC,2,128
5830,655235.0,WRITE,2,128
5831,655245.0,WRITE_B,2,128
5832,655255.0,FETCH,2,129
5833,655265.0,CAPTURE,2,129
5834,655275.0,CAPTURE_B,2,129
5835,655285.0,REDUCE,2,129
5836,655295.0,EXEC,2,129
5837,655305.0,WRITE,2,129
5838,655315.0,WRITE_B,2,129
5839,655325.0,FETCH,2,132
5840,655335.0,CAPTURE,2,132
5841,655345.0,CAPTURE_B,2,132
5842,655355.0,REDUCE,2,132
5843,655365.0,EXEC,2,132
5844,655375.0,WRITE,2,132
5845,655385.0,WRITE_B,2,132
5846,655395.0,FETCH,2,133
5847,655405.0,CAPTURE,2,133
5848,655415.0,CAPTURE_B,2,133
5849,655425.0,REDUCE,2,133
5850,655435.0,EXEC,2,133
5851,655445.0,WRITE,2,133
5852,655455.0,WRITE_B,2,133
5853,655465.0,FETCH,2,136
5854,655475.0,CAPTURE,2,136
5855,655485.0,CAPTURE_B,2,136
5856,655495.0,REDUCE,2,136
5857,655505.0,EXEC,2,136
5858,655515.0,WRITE,2,136
5859,655525.0,WRITE_B,2,136
5860,655535.0,FETCH,2,137
5861,655545.0,CAPTURE,2,137
5862,655555.0,CAPTURE_B,2,137
5863,655565.0,REDUCE,2,137
5864,655575.0,EXEC,2,137
5865,655585.0,WRITE,2,137
5866,655595.0,WRITE_B,2,137
5867,655605.0,FETCH,2,140
5868,655615.0,CAPTURE,2,140
5869,655625.0,CAPTURE_B,2,140
5870,655635.0,REDUCE,2,140
5871,655645.0,EXEC,2,140
5872,655655.0,WRITE,2,140
5873,655665.0,WRITE_B,2,140
5874,655675.0,FETCH,2,141
5875,655685.0,CAPTURE,2,141
5876,655695.0,CAPTURE_B,2,141
5877,655705.0,REDUCE,2,141
5878,655715.0,EXEC,2,141
5879,655725.0,WRITE,2,141
5880,655735.0,WRITE_B,2,141
5881,655745.0,FETCH,2,144
5882,655755.0,CAPTURE,2,144
5883,655765.0,CAPTURE_B,2,144
5884,655775.0,REDUCE,2,144
5885,655785.0,EXEC,2,144
5886,655795.0,WRITE,2,144
5887,655805.0,WRITE_B,2,144
5888,655815.0,FETCH,2,145
5889,655825.0,CAPTURE,2,145
5890,655835.0,CAPTURE_B,2,145
5891,655845.0,REDUCE,2,145
5892,655855.0,EXEC,2,145
5893,655865.0,WRITE,2,145
5894,655875.0,WRITE_B,2,145
5895,655885.0,FETCH,2,148
5896,655895.0,CAPTURE,2,148
5897,655905.0,CAPTURE_B,2,148
5898,655915.0,REDUCE,2,148
5899,655925.0,EXEC,2,148
5900,655935.0,WRITE,2,148
5901,655945.0,WRITE_B,2,148
5902,655955.0,FETCH,2,149
5903,655965.0,CAPTURE,2,149
5904,655975.0,CAPTURE_B,2,149
5905,655985.0,REDUCE,2,149
5906,655995.0,EXEC,2,149
5907,656005.0,WRITE,2,149
5908,656015.0,WRITE_B,2,149
5909,656025.0,FETCH,2,152
5910,656035.0,CAPTURE,2,152
5911,656045.0,CAPTURE_B,2,152
5912,656055.0,REDUCE,2,152
5913,656065.0,EXEC,2,152
5914,656075.0,WRITE,2,152
5915,656085.0,WRITE_B,2,152
5916,656095.0,FETCH,2,153
5917,656105.0,CAPTURE,2,153
5918,656115.0,CAPTURE_B,2,153
5919,656125.0,REDUCE,2,153
5920,656135.0,EXEC,2,153
5921,656145.0,WRITE,2,153
5922,656155.0,WRITE_B,2,153
5923,656165.0,FETCH,2,156
5924,656175.0,CAPTURE,2,156
5925,656185.0,CAPTURE_B,2,156
5926,656195.0,REDUCE,2,156
5927,656205.0,EXEC,2,156
5928,656215.0,WRITE,2,156
5929,656225.0,WRITE_B,2,156
5930,656235.0,FETCH,2,157
5931,656245.0,CAPTURE,2,157
5932,656255.0,CAPTURE_B,2,157
5933,656265.0,REDUCE,2,157
5934,656275.0,EXEC,2,157
5935,656285.0,WRITE,2,157
5936,656295.0,WRITE_B,2,157
5937,656305.0,FETCH,2,160
5938,656315.0,CAPTURE,2,160
5939,656325.0,CAPTURE_B,2,160
5940,656335.0,REDUCE,2,160
5941,656345.0,EXEC,2,160
5942,656355.0,WRITE,2,160
5943,656365.0,WRITE_B,2,160
5944,656375.0,FETCH,2,161
5945,656385.0,CAPTURE,2,161
5946,656395.0,CAPTURE_B,2,161
5947,656405.0,REDUCE,2,161
5948,656415.0,EXEC,2,161
5949,656425.0,WRITE,2,161
5950,656435.0,WRITE_B,2,161
5951,656445.0,FETCH,2,164
5952,656455.0,CAPTURE,2,164
5953,656465.0,CAPTURE_B,2,164
5954,656475.0,REDUCE,2,164
5955,656485.0,EXEC,2,164
5956,656495.0,WRITE,2,164
5957,656505.0,WRITE_B,2,164
5958,656515.0,FETCH,2,165
5959,656525.0,CAPTURE,2,165
5960,656535.0,CAPTURE_B,2,165
5961,656545.0,REDUCE,2,165
5962,656555.0,EXEC,2,165
5963,656565.0,WRITE,2,165
5964,656575.0,WRITE_B,2,165
5965,656585.0,FETCH,2,168
5966,656595.0,CAPTURE,2,168
5967,656605.0,CAPTURE_B,2,168
5968,656615.0,REDUCE,2,168
5969,656625.0,EXEC,2,168
5970,656635.0,WRITE,2,168
5971,656645.0,WRITE_B,2,168
5972,656655.0,FETCH,2,169
5973,656665.0,CAPTURE,2,169
5974,656675.0,CAPTURE_B,2,169
5975,656685.0,REDUCE,2,169
5976,656695.0,EXEC,2,169
5977,656705.0,WRITE,2,169
5978,656715.0,WRITE_B,2,169
5979,656725.0,FETCH,2,172
5980,656735.0,CAPTURE,2,172
5981,656745.0,CAPTURE_B,2,172
5982,656755.0,REDUCE,2,172
5983,656765.0,EXEC,2,172
5984,656775.0,WRITE,2,172
5985,656785.0,WRITE_B,2,172
5986,656795.0,FETCH,2,173
5987,656805.0,CAPTURE,2,173
5988,656815.0,CAPTURE_B,2,173
5989,656825.0,REDUCE,2,173
5990,656835.0,EXEC,2,173
5991,656845.0,WRITE,2,173
5992,656855.0,WRITE_B,2,173
5993,656865.0,FETCH,2,176
5994,656875.0,CAPTURE,2,176
5995,656885.0,CAPTURE_B,2,176
5996,656895.0,REDUCE,2,176
5997,656905.0,EXEC,2,176
5998,656915.0,WRITE,2,176
5999,656925.0,WRITE_B,2,176
6000,656935.0,FETCH,2,177
6001,656945.0,CAPTURE,2,177
6002,656955.0,CAPTURE_B,2,177
6003,656965.0,REDUCE,2,177
6004,656975.0,EXEC,2,177
6005,656985.0,WRITE,2,177
6006,656995.0,WRITE_B,2,177
6007,657005.0,FETCH,2,180
6008,657015.0,CAPTURE,2,180
6009,657025.0,CAPTURE_B,2,180
6010,657035.0,REDUCE,2,180
6011,657045.0,EXEC,2,180
6012,657055.0,WRITE,2,180
6013,657065.0,WRITE_B,2,180
6014,657075.0,FETCH,2,181
6015,657085.0,CAPTURE,2,181
6016,657095.0,CAPTURE_B,2,181
6017,657105.0,REDUCE,2,181
6018,657115.0,EXEC,2,181
6019,657125.0,WRITE,2,181
6020,657135.0,WRITE_B,2,181
6021,657145.0,FETCH,2,184
6022,657155.0,CAPTURE,2,184
6023,657165.0,CAPTURE_B,2,184
6024,657175.0,REDUCE,2,184
6025,657185.0,EXEC,2,184
6026,657195.0,WRITE,2,184
6027,657205.0,WRITE_B,2,184
6028,657215.0,FETCH,2,185
6029,657225.0,CAPTURE,2,185
6030,657235.0,CAPTURE_B,2,185
6031,657245.0,REDUCE,2,185
6032,657255.0,EXEC,2,185
6033,657265.0,WRITE,2,185
6034,657275.0,WRITE_B,2,185
6035,657285.0,FETCH,2,188
6036,657295.0,CAPTURE,2,188
6037,657305.0,CAPTURE_B,2,188
6038,657315.0,REDUCE,2,188
6039,657325.0,EXEC,2,188
6040,657335.0,WRITE,2,188
6041,657345.0,WRITE_B,2,188
6042,657355.0,FETCH,2,189
6043,657365.0,CAPTURE,2,189
6044,657375.0,CAPTURE_B,2,189
6045,657385.0,REDUCE,2,189
6046,657395.0,EXEC,2,189
6047,657405.0,WRITE,2,189
6048,657415.0,WRITE_B,2,189
6049,657425.0,FETCH,2,192
6050,657435.0,CAPTURE,2,192
6051,657445.0,CAPTURE_B,2,192
6052,657455.0,REDUCE,2,192
6053,657465.0,EXEC,2,192
6054,657475.0,WRITE,2,192
6055,657485.0,WRITE_B,2,192
6056,657495.0,FETCH,2,193
6057,657505.0,CAPTURE,2,193
6058,657515.0,CAPTURE_B,2,193
6059,657525.0,REDUCE,2,193
6060,657535.0,EXEC,2,193
6061,657545.0,WRITE,2,193
6062,657555.0,WRITE_B,2,193
6063,657565.0,FETCH,2,196
6064,657575.0,CAPTURE,2,196
6065,657585.0,CAPTURE_B,2,196
6066,657595.0,REDUCE,2,196
6067,657605.0,EXEC,2,196
6068,657615.0,WRITE,2,196
6069,657625.0,WRITE_B,2,196
6070,657635.0,FETCH,2,197
6071,657645.0,CAPTURE,2,197
6072,657655.0,CAPTURE_B,2,197
6073,657665.0,REDUCE,2,197
6074,657675.0,EXEC,2,197
6075,657685.0,WRITE,2,197
6076,657695.0,WRITE_B,2,197
6077,657705.0,FETCH,2,200
6078,657715.0,CAPTURE,2,200
6079,657725.0,CAPTURE_B,2,200
6080,657735.0,REDUCE,2,200
6081,657745.0,EXEC,2,200
6082,657755.0,WRITE,2,200
6083,657765.0,WRITE_B,2,200
6084,657775.0,FETCH,2,201
6085,657785.0,CAPTURE,2,201
6086,657795.0,CAPTURE_B,2,201
6087,657805.0,REDUCE,2,201
6088,657815.0,EXEC,2,201
6089,657825.0,WRITE,2,201
6090,657835.0,WRITE_B,2,201
6091,657845.0,FETCH,2,204
6092,657855.0,CAPTURE,2,204
6093,657865.0,CAPTURE_B,2,204
6094,657875.0,REDUCE,2,204
6095,657885.0,EXEC,2,204
6096,657895.0,WRITE,2,204
6097,657905.0,WRITE_B,2,204
6098,657915.0,FETCH,2,205
6099,657925.0,CAPTURE,2,205
6100,657935.0,CAPTURE_B,2,205
6101,657945.0,REDUCE,2,205
6102,657955.0,EXEC,2,205
6103,657965.0,WRITE,2,205
6104,657975.0,WRITE_B,2,205
6105,657985.0,FETCH,2,208
6106,657995.0,CAPTURE,2,208
6107,658005.0,CAPTURE_B,2,208
6108,658015.0,REDUCE,2,208
6109,658025.0,EXEC,2,208
6110,658035.0,WRITE,2,208
6111,658045.0,WRITE_B,2,208
6112,658055.0,FETCH,2,209
6113,658065.0,CAPTURE,2,209
6114,658075.0,CAPTURE_B,2,209
6115,658085.0,REDUCE,2,209
6116,658095.0,EXEC,2,209
6117,658105.0,WRITE,2,209
6118,658115.0,WRITE_B,2,209
6119,658125.0,FETCH,2,212
6120,658135.0,CAPTURE,2,212
6121,658145.0,CAPTURE_B,2,212
6122,658155.0,REDUCE,2,212
6123,658165.0,EXEC,2,212
6124,658175.0,WRITE,2,212
6125,658185.0,WRITE_B,2,212
6126,658195.0,FETCH,2,213
6127,658205.0,CAPTURE,2,213
6128,658215.0,CAPTURE_B,2,213
6129,658225.0,REDUCE,2,213
6130,658235.0,EXEC,2,213
6131,658245.0,WRITE,2,213
6132,658255.0,WRITE_B,2,213
6133,658265.0,FETCH,2,216
6134,658275.0,CAPTURE,2,216
6135,658285.0,CAPTURE_B,2,216
6136,658295.0,REDUCE,2,216
6137,658305.0,EXEC,2,216
6138,658315.0,WRITE,2,216
6139,658325.0,WRITE_B,2,216
6140,658335.0,FETCH,2,217
6141,658345.0,CAPTURE,2,217
6142,658355.0,CAPTURE_B,2,217
6143,658365.0,REDUCE,2,217
6144,658375.0,EXEC,2,217
6145,658385.0,WRITE,2,217
6146,658395.0,WRITE_B,2,217
6147,658405.0,FETCH,2,220
6148,658415.0,CAPTURE,2,220
6149,658425.0,CAPTURE_B,2,220
6150,658435.0,REDUCE,2,220
6151,658445.0,EXEC,2,220
6152,658455.0,WRITE,2,220
6153,658465.0,WRITE_B,2,220
6154,658475.0,FETCH,2,221
6155,658485.0,CAPTURE,2,221
6156,658495.0,CAPTURE_B,2,221
6157,658505.0,REDUCE,2,221
6158,658515.0,EXEC,2,221
6159,658525.0,WRITE,2,221
6160,658535.0,WRITE_B,2,221
6161,658545.0,FETCH,2,224
6162,658555.0,CAPTURE,2,224
6163,658565.0,CAPTURE_B,2,224
6164,658575.0,REDUCE,2,224
6165,658585.0,EXEC,2,224
6166,658595.0,WRITE,2,224
6167,658605.0,WRITE_B,2,224
6168,658615.0,FETCH,2,225
6169,658625.0,CAPTURE,2,225
6170,658635.0,CAPTURE_B,2,225
6171,658645.0,REDUCE,2,225
6172,658655.0,EXEC,2,225
6173,658665.0,WRITE,2,225
6174,658675.0,WRITE_B,2,225
6175,658685.0,FETCH,2,228
6176,658695.0,CAPTURE,2,228
6177,658705.0,CAPTURE_B,2,228
6178,658715.0,REDUCE,2,228
6179,658725.0,EXEC,2,228
6180,658735.0,WRITE,2,228
6181,658745.0,WRITE_B,2,228
6182,658755.0,FETCH,2,229
6183,658765.0,CAPTURE,2,229
6184,658775.0,CAPTURE_B,2,229
6185,658785.0,REDUCE,2,229
6186,658795.0,EXEC,2,229
6187,658805.0,WRITE,2,229
6188,658815.0,WRITE_B,2,229
6189,658825.0,FETCH,2,232
6190,658835.0,CAPTURE,2,232
6191,658845.0,CAPTURE_B,2,232
6192,658855.0,REDUCE,2,232
6193,658865.0,EXEC,2,232
6194,658875.0,WRITE,2,232
6195,658885.0,WRITE_B,2,232
6196,658895.0,FETCH,2,233
6197,658905.0,CAPTURE,2,233
6198,658915.0,CAPTURE_B,2,233
6199,658925.0,REDUCE,2,233
6200,658935.0,EXEC,2,233
6201,658945.0,WRITE,2,233
6202,658955.0,WRITE_B,2,233
6203,658965.0,FETCH,2,236
6204,658975.0,CAPTURE,2,236
6205,658985.0,CAPTURE_B,2,236
6206,658995.0,REDUCE,2,236
6207,659005.0,EXEC,2,236
6208,659015.0,WRITE,2,236
6209,659025.0,WRITE_B,2,236
6210,659035.0,FETCH,2,237
6211,659045.0,CAPTURE,2,237
6212,659055.0,CAPTURE_B,2,237
6213,659065.0,REDUCE,2,237
6214,659075.0,EXEC,2,237
6215,659085.0,WRITE,2,237
6216,659095.0,WRITE_B,2,237
6217,659105.0,FETCH,2,240
6218,659115.0,CAPTURE,2,240
6219,659125.0,CAPTURE_B,2,240
6220,659135.0,REDUCE,2,240
6221,659145.0,EXEC,2,240
6222,659155.0,WRITE,2,240
6223,659165.0,WRITE_B,2,240
6224,659175.0,FETCH,2,241
6225,659185.0,CAPTURE,2,241
6226,659195.0,CAPTURE_B,2,241
6227,659205.0,REDUCE,2,241
6228,659215.0,EXEC,2,241
6229,659225.0,WRITE,2,241
6230,659235.0,WRITE_B,2,241
6231,659245.0,FETCH,2,244
6232,659255.0,CAPTURE,2,244
6233,659265.0,CAPTURE_B,2,244
6234,659275.0,REDUCE,2,244
6235,659285.0,EXEC,2,244
6236,659295.0,WRITE,2,244
6237,659305.0,WRITE_B,2,244
6238,659315.0,FETCH,2,245
6239,659325.0,CAPTURE,2,245
6240,659335.0,CAPTURE_B,2,245
6241,659345.0,REDUCE,2,245
6242,659355.0,EXEC,2,245
6243,659365.0,WRITE,2,245
6244,659375.0,WRITE_B,2,245
6245,659385.0,FETCH,2,248
6246,659395.0,CAPTURE,2,248
6247,659405.0,CAPTURE_B,2,248
6248,659415.0,REDUCE,2,248
6249,659425.0,EXEC,2,248
6250,659435.0,WRITE,2,248
6251,659445.0,WRITE_B,2,248
6252,659455.0,FETCH,2,249
6253,659465.0,CAPTURE,2,249
6254,659475.0,CAPTURE_B,2,249
6255,659485.0,REDUCE,2,249
6256,659495.0,EXEC,2,249
6257,659505.0,WRITE,2,249
6258,659515.0,WRITE_B,2,249
6259,659525.0,FETCH,2,252
6260,659535.0,CAPTURE,2,252
6261,659545.0,CAPTURE_B,2,252
6262,659555.0,REDUCE,2,252
6263,659565.0,EXEC,2,252
6264,659575.0,WRITE,2,252
6265,659585.0,WRITE_B,2,252
6266,659595.0,FETCH,2,253
6267,659605.0,CAPTURE,2,253
6268,659615.0,CAPTURE_B,2,253
6269,659625.0,REDUCE,2,253
6270,659635.0,EXEC,2,253
6271,659645.0,WRITE,2,253
6272,659655.0,WRITE_B,2,253
6273,659665.0,DONE,2,253
