point_id,condition_id,mode,corner,vdd_v,temperature_c,differential_mv,previously_observed_postlayout,new_postlayout_not_blinded,pair_skew,trim_code,common_mode_ratio,output_load_ff_each,finest_attempt_id,finest_step_ps,run_identity,execution_status,numerically_qualified,numerical_state,numerical_reason,reset_ok,prior_error_attempts,core_energy_fj,outcome_1ns,decision_1ns,decision_time_ns_1ns,qp_at_deadline_v_1ns,qn_at_deadline_v_1ns,outcome_2ns,decision_2ns,decision_time_ns_2ns,qp_at_deadline_v_2ns,qn_at_deadline_v_2ns,schematic_core_energy_fj,schematic_finest_step_ps,matched_pair_numerically_qualified,energy_overhead_percent,matched_latency_delta_ns_1ns,matched_latency_delta_ns_2ns
c01-schematic-m10,c01,schematic,tt,1.8,27,-10,True,False,0,0,0.5,5,a0009-0b544fe35b9eb6b2ad1afa33,5,0b544fe35b9eb6b2ad1afa3338c727bad2f7f4672ef8f210d96c4462ea9fbe94,success,True,qualified,,True,,240.68553661238087,correct,-1,0.22601019857105023,0.0009481707540784779,1.7999615848797543,correct,-1,0.22601019857105023,1.7007785991642019e-06,1.7999999306313887,240.68553661238087,5,True,0.0,0.0,0.0
c01-rc-m10,c01,rc,tt,1.8,27,-10,True,False,0,0,0.5,5,a0010-4e017ba0c03e97f19999f4d6,5,4e017ba0c03e97f19999f4d69569bf085cab0d01d0eecb565c07e767df16ee88,success,True,qualified,,True,,417.7506429140066,correct,-1,0.5374425770080407,0.031408490384280986,1.7987779604083165,correct,-1,0.5374425770080407,0.0003297217365010045,1.7999856945700936,240.68553661238087,5,True,73.56699068577,0.31143237843699045,0.31143237843699045
c01-schematic-m03,c01,schematic,tt,1.8,27,-3,True,False,0,0,0.5,5,a0011-e2cfbab07bbdbdcb5ec6163b,5,e2cfbab07bbdbdcb5ec6163b1f05bc42710dacc1e9695b4743fed6112fb00634,success,True,qualified,,True,,244.05043184977032,correct,-1,0.275701950582678,0.0010671391505227197,1.7999571019269234,correct,-1,0.275701950582678,1.7808250940262544e-06,1.7999999240960898,244.05043184977032,5,True,0.0,0.0,0.0
c01-rc-m03,c01,rc,tt,1.8,27,-3,True,False,0,0,0.5,5,a0012-6e26433c361af933e65cae96,5,6e26433c361af933e65cae96257ffbd773da0ae09dffe42c545228894484042d,success,True,qualified,,True,,426.1041409889316,correct,-1,0.6575256759601008,0.03761840694930154,1.7981754711439182,correct,-1,0.6575256759601008,0.0004041406584227527,1.7999826033783912,244.05043184977032,5,True,74.5967576288608,0.3818237253774228,0.3818237253774228
c01-schematic-p03,c01,schematic,tt,1.8,27,3,True,False,0,0,0.5,5,a0013-154a1726ac0202ef76461944,5,154a1726ac0202ef764619444e881e0fe0bb711a0c3329512a5f86cb9e24d94b,success,True,qualified,,True,,244.0504318497379,correct,1,0.2757019505825688,1.799957101926922,0.0010671391505227014,correct,1,0.2757019505825688,1.7999999240960896,1.780825093265816e-06,244.0504318497379,5,True,0.0,0.0,0.0
c01-rc-p03,c01,rc,tt,1.8,27,3,True,False,0,0,0.5,5,a0014-de34b262731c0ce9c1b541a5,5,de34b262731c0ce9c1b541a5228709c4a58e7cb801f7499df68b291b93f2215a,success,True,qualified,,True,,424.6158936557739,correct,1,0.6326006718772189,1.798380934528429,0.03621406860311601,correct,1,0.6326006718772189,1.7999831725452642,0.00039014550426981487,244.0504318497379,5,True,73.98694623790314,0.3568987212946501,0.3568987212946501
c01-schematic-p10,c01,schematic,tt,1.8,27,10,True,False,0,0,0.5,5,a0015-778d1de347e12353db4e7cb3,5,778d1de347e12353db4e7cb331f387889b3ebcbcf36abd31c10ba75b71633bc2,success,True,qualified,,True,,240.68553661235634,correct,1,0.22601019857070945,1.7999615848797554,0.0009481707540778017,correct,1,0.22601019857070945,1.7999999306313887,1.7007786012955078e-06,240.68553661235634,5,True,0.0,0.0,0.0
c01-rc-p10,c01,rc,tt,1.8,27,10,True,False,0,0,0.5,5,a0016-5d1b62adcb7d867338fec118,5,5d1b62adcb7d867338fec118971caee79d8f592112f6345d8bb5ea00b5d06cac,success,True,qualified,,True,,417.0935066033928,correct,1,0.5277233793355006,1.7987894667413296,0.031117612231162856,correct,1,0.5277233793355006,1.7999858155084816,0.0003261840179202597,240.68553661235634,5,True,73.2939637644932,0.30171318076479114,0.30171318076479114
c02-schematic-m10,c02,schematic,ss,1.62,-40,-10,True,False,0,0,0.5,5,a0025-45310685ff8000a8aeba0826,5,45310685ff8000a8aeba0826cff8b1cf9e2bb6a2f259284676c3f512f2a8df0c,success,True,qualified,,True,,164.0878968779681,correct,-1,0.5351615202460608,0.08177233659905869,1.6188476131081802,correct,-1,0.5351615202460608,0.0028007314646633992,1.6198822843172729,164.0878968779681,5,True,0.0,0.0,0.0
c02-rc-m10,c02,rc,ss,1.62,-40,-10,True,False,0,0,0.5,5,a0026-f724d19bca2270c529465c36,5,f724d19bca2270c529465c36123d380174dbc5aaf52a9146a928570f281c4aac,success,True,qualified,,True,,288.7086530989857,unresolved,0,,0.7755795317210693,1.4439341287169798,correct,-1,1.324164917575828,0.08621609189244914,1.6179730703938089,164.0878968779681,5,True,75.9475613936949,,0.7890033973297673
c02-schematic-m03,c02,schematic,ss,1.62,-40,-3,True,False,0,0,0.5,5,a0027-d5c49765ed932e47af16bb9a,5,d5c49765ed932e47af16bb9aa0095c5b06e4af41c9cefda43f438a0fa853f435,success,True,qualified,,True,,166.88280177114962,correct,-1,0.6649524775876797,0.09184938760466357,1.6180670249363218,correct,-1,0.6649524775876797,0.004207780334906205,1.6198297601071108,166.88280177114962,5,True,0.0,0.0,0.0
c02-rc-m03,c02,rc,ss,1.62,-40,-3,True,False,0,0,0.5,5,a0028-8ca361919b1282378da3fa79,5,8ca361919b1282378da3fa79c8c2c15d3f9de4dc12aad47a7c9b5a6038db944f,success,True,qualified,,True,,295.5991172968788,unresolved,0,,1.0252169693370932,1.280161883680696,correct,-1,1.5841780809225599,0.11231461915819471,1.6097570572745505,166.88280177114962,5,True,77.12976661444175,,0.9192256033348801
c02-schematic-p03,c02,schematic,ss,1.62,-40,3,True,False,0,0,0.5,5,a0029-4f6cd738e403d315926b3715,5,4f6cd738e403d315926b37157d60259c2e351f599701f74323aa02c23bdff4be,success,True,qualified,,True,,166.88280177112728,correct,1,0.6649524775881992,1.6180670249363214,0.09184938760466016,correct,1,0.6649524775881992,1.6198297601071066,0.004207780334906398,166.88280177112728,5,True,0.0,0.0,0.0
c02-rc-p03,c02,rc,ss,1.62,-40,3,True,False,0,0,0.5,5,a0030-76a81071bed22dd742967a42,5,76a81071bed22dd742967a42dbd71d39f48d57d96d768d2887796a02b96b8ed0,success,True,qualified,,True,,295.07098410048695,unresolved,0,,1.2885385234469622,1.0143601943687286,correct,1,1.55918044851709,1.6115203352265512,0.10939353835782012,166.88280177112728,5,True,76.8132970976628,,0.8942279709288907
c02-schematic-p10,c02,schematic,ss,1.62,-40,10,True,False,0,0,0.5,5,a0031-f05cfb388498b3758f66dffd,5,f05cfb388498b3758f66dffd3594a0e69c51850fb7be452b5ae112ce27da8e5e,success,True,qualified,,True,,164.08789687798662,correct,1,0.5351615202461104,1.6188476131081784,0.08177233659905958,correct,1,0.5351615202461104,1.6198822843172707,0.0028007314646650698,164.08789687798662,5,True,0.0,0.0,0.0
c02-rc-p10,c02,rc,ss,1.62,-40,10,True,False,0,0,0.5,5,a0032-8aa387602b4c1975dc20c01d,5,8aa387602b4c1975dc20c01d22ee64da150509ef8d236bdd3b87509ae9b867f2,success,True,qualified,,True,,288.42997109209256,unresolved,0,,1.4471503987029464,0.76827645442787,correct,1,1.3191673742264687,1.6179956433141616,0.08569407988955108,164.08789687798662,5,True,75.77772436596277,,0.7840058539803583
c03-schematic-m10,c03,schematic,ss,1.62,125,-10,True,False,0,0,0.5,5,a0041-f50a53121f9f6878f5d89f74,5,f50a53121f9f6878f5d89f7409668fc463aca07ed73d08fb46909e34b967673f,success,True,qualified,,True,,205.56732280249972,correct,-1,0.4532337914398909,0.05447726726907154,1.6189407489653085,correct,-1,0.4532337914398909,0.002414724508605363,1.6199397105525084,205.56732280249972,5,True,0.0,0.0,0.0
c03-rc-m10,c03,rc,ss,1.62,125,-10,True,False,0,0,0.5,5,a0042-2b25a703cb7ad736228e8f1e,5,2b25a703cb7ad736228e8f1e8fdd083b437ae8e8b044b121ee3b62903fb35999,success,True,qualified,,True,,344.22099292519897,unresolved,0,,0.35924548489001984,1.5031233540342386,correct,-1,1.022386796352231,0.03723385817876166,1.6191421744642913,205.56732280249972,5,True,67.44927561075053,,0.5691530049123401
c03-schematic-m03,c03,schematic,ss,1.62,125,-3,True,False,0,0,0.5,5,a0043-f1714a63087e821ba126a239,5,f1714a63087e821ba126a2392a42ab0f8c25c78828fb1ecf88087403a3ceec98,success,True,qualified,,True,,208.7493037115553,correct,-1,0.5472542528436789,0.0585551727093025,1.6188936765607662,correct,-1,0.5472542528436789,0.002751102670951325,1.6199320996406017,208.7493037115553,5,True,0.0,0.0,0.0
c03-rc-m03,c03,rc,ss,1.62,125,-3,True,False,0,0,0.5,5,a0044-d32e7ad4d7fd205bfa73f7c9,5,d32e7ad4d7fd205bfa73f7c9f84867b3a74070110df2078c5b17ba7c93e950ef,success,True,qualified,,True,,351.6581397558773,unresolved,0,,0.7682613602643621,1.1602826204214545,correct,-1,1.2323902784606613,0.043126071310790944,1.6190133395129611,208.7493037115553,5,True,68.45955100371972,,0.6851360256169824
c03-schematic-p03,c03,schematic,ss,1.62,125,3,True,False,0,0,0.5,5,a0045-69609e79c9327904fe80d76f,5,69609e79c9327904fe80d76fb608132d961d9f74553b72b7ed33fdcfb4bd2c4e,success,True,qualified,,True,,208.74930371151945,correct,1,0.5472542528431892,1.6188936765607667,0.058555172709301245,correct,1,0.5472542528431892,1.6199320996406041,0.0027511026709537956,208.74930371151945,5,True,0.0,0.0,0.0
c03-rc-p03,c03,rc,ss,1.62,125,3,True,False,0,0,0.5,5,a0046-f7800114f8533ad7cc3fb592,5,f7800114f8533ad7cc3fb5923f3551da1c9159510174bb7a082c0469a0a6dc47,success,True,qualified,,True,,350.8359695248271,unresolved,0,,1.1878588044911829,0.7372196802936266,correct,1,1.2073905621631285,1.6190324376795582,0.04243502110072049,208.74930371151945,5,True,68.06569568714056,,0.6601363093199393
c03-schematic-p10,c03,schematic,ss,1.62,125,10,True,False,0,0,0.5,5,a0047-1a4758c284a056880be5d01b,5,1a4758c284a056880be5d01b1fcbc4c706b93ec09a868df4ef6adffcc0bdda96,success,True,qualified,,True,,205.56732280253874,correct,1,0.45323379143972875,1.6189407489653078,0.054477267269068874,correct,1,0.45323379143972875,1.6199397105525062,0.002414724508605438,205.56732280253874,5,True,0.0,0.0,0.0
c03-rc-p10,c03,rc,ss,1.62,125,10,True,False,0,0,0.5,5,a0048-815db43ee23009b11d725ae7,5,815db43ee23009b11d725ae776cba1135a5e440a5bf29e8b25a84b169e2bbc5f,success,True,qualified,,True,,343.8337508159936,unresolved,0,,1.5113436532346407,0.34780203327986164,correct,1,1.0173873432680787,1.6191453709010657,0.03700569184378545,205.56732280253874,5,True,67.26089834144946,,0.5641535518283499
c04-schematic-m10,c04,schematic,ff,1.95,-40,-10,True,False,0,0,0.5,5,a0057-1f9aaaf0e94c9aec76c9e3bf,5,1f9aaaf0e94c9aec76c9e3bf44762aef4914ff01d36115c62a6ce10711158e45,success,True,qualified,,True,,276.539187507525,correct,-1,0.13897335927766047,1.2546416554563414e-06,1.949999939547846,correct,-1,0.13897335927766047,3.4558139758256437e-07,1.9499999928831224,276.539187507525,5,True,0.0,0.0,0.0
c04-rc-m10,c04,rc,ff,1.95,-40,-10,True,False,0,0,0.5,5,a0058-6086877a7c6fa3d2296d8cd8,5,6086877a7c6fa3d2296d8cd86daa4923dda17f33dba477cb27f1eb4aa4882f37,success,True,qualified,,True,,493.06701024879993,correct,-1,0.34846423617978806,0.001196333109436862,1.9499332285671616,correct,-1,0.34846423617978806,7.817725594246068e-07,1.9499999810445565,276.539187507525,5,True,78.299146205231,0.2094908769021276,0.2094908769021276
c04-schematic-m03,c04,schematic,ff,1.95,-40,-3,True,False,0,0,0.5,5,a0059-b38984c4a87c5c870a040c60,5,b38984c4a87c5c870a040c60047b3894349a6c408d6be6ba9533c94c8b7c4088,success,True,qualified,,True,,280.83609953548216,correct,-1,0.1656363945648207,1.3579233871820075e-06,1.9499999116523472,correct,-1,0.1656363945648207,2.798937394420386e-07,1.9499999333160627,280.83609953548216,5,True,0.0,0.0,0.0
c04-rc-m03,c04,rc,ff,1.95,-40,-3,True,False,0,0,0.5,5,a0060-19950d488cef16ea755514f2,5,19950d488cef16ea755514f2a1076ffc29fbaa28363cdee70c8063c8cca1beea,success,True,qualified,,True,,504.1741017393524,correct,-1,0.41811640323845994,0.0014892421197194815,1.9499172814845083,correct,-1,0.41811640323845994,8.622230639801987e-07,1.9499999762402906,280.83609953548216,5,True,79.52610172740727,0.25248000867363923,0.25248000867363923
c04-schematic-p03,c04,schematic,ff,1.95,-40,3,True,False,0,0,0.5,5,a0061-b81ec96e114ee84e253b88fc,5,b81ec96e114ee84e253b88fcf2a5211593fe00ad7fb245d4f559aa7b6d12a01a,success,True,qualified,,True,,280.8360995376817,correct,1,0.16563639458365065,1.9499999116523472,1.3579233843980386e-06,correct,1,0.16563639458365065,1.949999933316064,2.798937382006765e-07,280.8360995376817,5,True,0.0,0.0,0.0
c04-rc-p03,c04,rc,ff,1.95,-40,3,True,False,0,0,0.5,5,a0062-8fa736c12c871cbeba215d09,5,8fa736c12c871cbeba215d092740c55964727220c8d2840df5e2c14513344285,success,True,qualified,,True,,500.6412078527405,correct,1,0.3925921297069307,1.949922636068079,0.0013894398950008544,correct,1,0.3925921297069307,1.9499999767876526,8.364715221810515e-07,280.8360995376817,5,True,78.26811035935428,0.22695573512328004,0.22695573512328004
c04-schematic-p10,c04,schematic,ff,1.95,-40,10,True,False,0,0,0.5,5,a0063-d538fc62e2149e7bd0500b37,5,d538fc62e2149e7bd0500b374e520bb36784fdda00e0f6ce3c8cfa4e2c447571,success,True,qualified,,True,,276.53918746893856,correct,1,0.13897335927918908,1.9499999395478456,1.254641654833045e-06,correct,1,0.13897335927918908,1.9499999928831206,3.455813970460087e-07,276.53918746893856,5,True,0.0,0.0,0.0
c04-rc-p10,c04,rc,ff,1.95,-40,10,True,False,0,0,0.5,5,a0064-4dc2a7dc2b2f6bb361ab558b,5,4dc2a7dc2b2f6bb361ab558b99b6221cbc1536a5ab74572ad3d35ee4d743bdcd,success,True,qualified,,True,,491.8951221969461,correct,1,0.3377537888656398,1.9499342133526505,0.001175178701612461,correct,1,0.3377537888656398,1.9499999802967032,7.750671924405084e-07,276.53918746893856,5,True,77.87537697607388,0.1987804295864507,0.1987804295864507
c05-schematic-m10,c05,schematic,ff,1.95,125,-10,True,False,0,0,0.5,5,a0073-39674293e0425526f7470ed1,5,39674293e0425526f7470ed197ae8cf5126f86d959d03414b6fdb9689ef0662c,success,True,qualified,,True,,333.8249881429629,correct,-1,0.17307915438276905,0.0012404747077456892,1.9499896927526847,correct,-1,0.17307915438276905,0.0009186518297797491,1.9499996412157565,333.8249881429629,5,True,0.0,0.0,0.0
c05-rc-m10,c05,rc,ff,1.95,125,-10,True,False,0,0,0.5,5,a0074-761a0281e2a00c366a26cf0d,5,761a0281e2a00c366a26cf0d0b5a128f57ed0a1a6265454b3228f6f603b84fde,success,True,qualified,,True,,570.606985813616,correct,-1,0.41522539189482094,0.01440459255672851,1.949527164061907,correct,-1,0.41522539189482094,0.0011983040988972882,1.9499957386759637,333.8249881429629,5,True,70.92998010360132,0.2421462375120519,0.2421462375120519
c05-schematic-m03,c05,schematic,ff,1.95,125,-3,True,False,0,0,0.5,5,a0075-6eb8bc6ba9b953ae7e330d1c,5,6eb8bc6ba9b953ae7e330d1cc52caf5accccb6d05542c0fff34bc364e9808a8b,success,True,qualified,,True,,341.3899491164003,correct,-1,0.20553949433565818,0.0012771935875792193,1.949988732867276,correct,-1,0.20553949433565818,0.0009222972302210796,1.9499996178456467,341.3899491164003,5,True,0.0,0.0,0.0
c05-rc-m03,c05,rc,ff,1.95,125,-3,True,False,0,0,0.5,5,a0076-98b627139976f33dab3f7a1c,5,98b627139976f33dab3f7a1cce013979b9f316b04028b039d7cbee53e4f1c6c0,success,True,qualified,,True,,590.3646334523808,correct,-1,0.4920152295585087,0.01697018450873365,1.9494408916846098,correct,-1,0.4920152295585087,0.0012181234808175312,1.9499951616725628,341.3899491164003,5,True,72.92970545277831,0.2864757352228505,0.2864757352228505
c05-schematic-p03,c05,schematic,ff,1.95,125,3,True,False,0,0,0.5,5,a0077-4c3a7e3925359db10eef0ea4,5,4c3a7e3925359db10eef0ea4953775220e47672275dce4532cc230a5276a6207,success,True,qualified,,True,,341.3899491164782,correct,1,0.20553949433485086,1.949988732867276,0.0012771935875805114,correct,1,0.20553949433485086,1.9499996178456496,0.0009222972302199404,341.3899491164782,5,True,0.0,0.0,0.0
c05-rc-p03,c05,rc,ff,1.95,125,3,True,False,0,0,0.5,5,a0078-80f0903c8827db20e8050075,5,80f0903c8827db20e80500753eef698184c53bde7257a02920221f321786fc00,success,True,qualified,,True,,583.311208819401,correct,1,0.46666457491814917,1.9494726621959737,0.016020390418874705,correct,1,0.46666457491814917,1.949995359252048,0.0012127747240443744,341.3899491164782,5,True,70.86361515007056,0.2611250805832983,0.2611250805832983
c05-schematic-p10,c05,schematic,ff,1.95,125,10,True,False,0,0,0.5,5,a0079-a6c53bec63e6a069fda4039b,5,a6c53bec63e6a069fda4039b9708f5a6eb2a4e8a60755c80a450107132c8b417,success,True,qualified,,True,,333.8249881426945,correct,1,0.1730791543820709,1.949989692752684,0.0012404747077465002,correct,1,0.1730791543820709,1.949999641215758,0.0009186518297772935,333.8249881426945,5,True,0.0,0.0,0.0
c05-rc-p10,c05,rc,ff,1.95,125,10,True,False,0,0,0.5,5,a0080-ed15feebfb0a0a085527cef8,5,ed15feebfb0a0a085527cef8d198853abb2030b80c85d199bd6c2e7d1c50a56c,success,True,qualified,,True,,568.4792440202608,correct,1,0.4047285097156305,1.9495339129024876,0.014176715772966414,correct,1,0.4047285097156305,1.9499957862014687,0.0011971842158518518,333.8249881426945,5,True,70.29259768213116,0.23164935533355963,0.23164935533355963
c06-schematic-m10,c06,schematic,tt,1.62,-40,-10,False,True,0,0,0.5,5,a0089-bfbf05599079ff28700ced24,5,bfbf05599079ff28700ced2465760e95bc8dc59133b523a81adbc09dd0ffdb97,success,True,qualified,,True,,166.62886306751386,correct,-1,0.30699470584185123,0.00886122376248477,1.6196789084180834,correct,-1,0.30699470584185123,1.953127712533411e-05,1.6199992732116875,166.62886306751386,5,True,0.0,0.0,0.0
c06-rc-m10,c06,rc,tt,1.62,-40,-10,False,True,0,0,0.5,5,a0090-99196f528f2c61ca0ec1c1e8,5,99196f528f2c61ca0ec1c1e852d8573b9bc4982cf564e7cbd1448f29c84ce217,success,True,qualified,,True,,296.84547668626317,correct,-1,0.7637643901380289,0.11029802821425032,1.6094439772753124,correct,-1,0.7637643901380289,0.005130101164228244,1.6198026461987785,166.62886306751386,5,True,78.14769375578634,0.45676968429617765,0.45676968429617765
c06-schematic-m03,c06,schematic,tt,1.62,-40,-3,False,True,0,0,0.5,5,a0091-e6ff2691321e035cc70cca5b,5,e6ff2691321e035cc70cca5b22ca4d45df1e16e303a5c4d7ed7169fb0941d33c,success,True,qualified,,True,,169.30851700658124,correct,-1,0.39968051811915906,0.01096141259081315,1.6196162943822616,correct,-1,0.39968051811915906,2.7315948405060776e-05,1.6199990571625071,169.30851700658124,5,True,0.0,0.0,0.0
c06-rc-m03,c06,rc,tt,1.62,-40,-3,False,True,0,0,0.5,5,a0092-bb67b38814f51aa4243f77e0,5,bb67b38814f51aa4243f77e02bbbaffb527ee7b81a6ce13840dabdfa4a26a6aa,success,True,qualified,,True,,304.01778448152305,correct,-1,0.9588123317603906,0.22469878152204098,1.4073345545439766,correct,-1,0.9588123317603906,0.007103248407715722,1.6197366487764042,169.30851700658124,5,True,79.56437741977594,0.5591318136412315,0.5591318136412315
c06-schematic-p03,c06,schematic,tt,1.62,-40,3,False,True,0,0,0.5,5,a0093-96eb9afd1e3e5a9a1088f221,5,96eb9afd1e3e5a9a1088f221b869f5dbb1f80d4738d5e449aa68cbf07d700368,success,True,qualified,,True,,169.30851700774306,correct,1,0.39968051811862965,1.6196162943822638,0.010961412590813324,correct,1,0.39968051811862965,1.619999057162507,2.7315948404468524e-05,169.30851700774306,5,True,0.0,0.0,0.0
c06-rc-p03,c06,rc,tt,1.62,-40,3,False,True,0,0,0.5,5,a0094-bff71cb68cbe38b15efe3eb6,5,bff71cb68cbe38b15efe3eb6c7066d42c96a6b421cb57f76582470c4343232e5,success,True,qualified,,True,,303.3181623485655,correct,1,0.9288176516055908,1.4644201105932024,0.19702466251572368,correct,1,0.9288176516055908,1.6197412952407089,0.0069607794832509005,169.30851700774306,5,True,79.15115418245247,0.5291371334869612,0.5291371334869612
c06-schematic-p10,c06,schematic,tt,1.62,-40,10,False,True,0,0,0.5,5,a0095-c859c91df63e41ba528c56d7,5,c859c91df63e41ba528c56d7087f1b3e2d69dc8da1b8b88aeaa66ea842726f9f,success,True,qualified,,True,,166.62886306757704,correct,1,0.306994705861869,1.6196789084180812,0.008861223762482929,correct,1,0.306994705861869,1.6199992732116875,1.9531277124829455e-05,166.62886306757704,5,True,0.0,0.0,0.0
c06-rc-p10,c06,rc,tt,1.62,-40,10,False,True,0,0,0.5,5,a0096-49020bc14223958c00ad560d,5,49020bc14223958c00ad560d6d005e8bc0a8c4e81d28f6eaef321f7491a79682,success,True,qualified,,True,,296.4877202148524,correct,1,0.7587702882269781,1.6100641331373904,0.10885079372134443,correct,1,0.7587702882269781,1.6198047950375114,0.0050622717328080175,166.62886306757704,5,True,77.93299117369033,0.4517755823651091,0.4517755823651091
c07-schematic-m10,c07,schematic,tt,1.62,27,-10,False,True,0,0,0.5,5,a0105-817c598ffa62577440a86938,5,817c598ffa62577440a86938809086001675094dc7975d94e008cd7bf6a068dc,success,True,qualified,,True,,183.46701057419594,correct,-1,0.30295142669547803,0.00943944651463256,1.619701406027729,correct,-1,0.30295142669547803,4.2834994973376296e-05,1.619998654134581,183.46701057419594,5,True,0.0,0.0,0.0
c07-rc-m10,c07,rc,tt,1.62,27,-10,False,True,0,0,0.5,5,a0106-1c7164ba500fa3bbc54ba728,5,1c7164ba500fa3bbc54ba728e0c997c0a5e9576618bf6a27e39c69de70d96481,success,True,qualified,,True,,320.3294287036472,correct,-1,0.722635624435748,0.09229530779046126,1.6149369006062577,correct,-1,0.722635624435748,0.004724366746567254,1.6198386133969989,183.46701057419594,5,True,74.59783516454183,0.41968419774027,0.41968419774027
c07-schematic-m03,c07,schematic,tt,1.62,27,-3,False,True,0,0,0.5,5,a0107-8cd3fe5d2c8eb7c40ed8f4c9,5,8cd3fe5d2c8eb7c40ed8f4c9309bf5a150ebc48c70353cdfc597bb01cdb2fe39,success,True,qualified,,True,,186.29487385687798,correct,-1,0.38345704688111065,0.010729277642793696,1.6196676985337264,correct,-1,0.38345704688111065,5.1976757720006136e-05,1.619998388755729,186.29487385687798,5,True,0.0,0.0,0.0
c07-rc-m03,c07,rc,tt,1.62,27,-3,False,True,0,0,0.5,5,a0108-2e6992153b22fa6db94a3654,5,2e6992153b22fa6db94a36545998a148aad731cce1a7874c9e8189d3ff9c4168,success,True,qualified,,True,,327.4502881493483,correct,-1,0.9076393008106599,0.16505908581849016,1.5402352029526318,correct,-1,0.9076393008106599,0.005869352293387236,1.619803688736756,186.29487385687798,5,True,75.76988640112219,0.5241822539295493,0.5241822539295493
c07-schematic-p03,c07,schematic,tt,1.62,27,3,False,True,0,0,0.5,5,a0109-fd45fcd4ad2d6a9f05f7f5df,5,fd45fcd4ad2d6a9f05f7f5dfc67c9d4a5d0b18b8d82a00b2da1f687ee3900647,success,True,qualified,,True,,186.29487385690092,correct,1,0.383457046881511,1.6196676985337266,0.010729277642794894,correct,1,0.383457046881511,1.6199983887557285,5.197675771972418e-05,186.29487385690092,5,True,0.0,0.0,0.0
c07-rc-p03,c07,rc,tt,1.62,27,3,False,True,0,0,0.5,5,a0110-37aecc134e22cd13945913dc,5,37aecc134e22cd13945913dca6895d147906d4f1aa5915bc37f55738706bc6b4,success,True,qualified,,True,,326.63774583415324,correct,1,0.8826396714071104,1.5656041642129335,0.14713726683080797,correct,1,0.8826396714071104,1.6198077755482532,0.005734794617372638,186.29487385690092,5,True,75.33372715615042,0.4991826245255994,0.4991826245255994
c07-schematic-p10,c07,schematic,tt,1.62,27,10,False,True,0,0,0.5,5,a0111-b53ea646739c0f3b11aeff5b,5,b53ea646739c0f3b11aeff5b6b5437ef8540903864aabbfc3437a76cf82e25e0,success,True,qualified,,True,,183.46701057427867,correct,1,0.3029514266954681,1.6197014060277302,0.009439446514637533,correct,1,0.3029514266954681,1.6199986541345806,4.283499497359472e-05,183.46701057427867,5,True,0.0,0.0,0.0
c07-rc-p10,c07,rc,tt,1.62,27,10,False,True,0,0,0.5,5,a0112-06aea64b22db465287e7cb05,5,06aea64b22db465287e7cb05f56fd3a8875cb63e0b504cff5259d64774fba123,success,True,qualified,,True,,319.9202150981104,correct,1,0.7176359958024389,1.6152500323076107,0.0912657911939171,correct,1,0.7176359958024389,1.619839718567218,0.004681961521033783,183.46701057427867,5,True,74.37479037605354,0.41468456910697077,0.41468456910697077
c08-schematic-m10,c08,schematic,tt,1.62,125,-10,False,True,0,0,0.5,5,a0121-ab1e08ec01acd29fe7bedc89,5,ab1e08ec01acd29fe7bedc89c25c05859c3e28b929b4eed43dbf5e88a5d7efba,success,True,qualified,,True,,207.3695068809627,correct,-1,0.3146345782410297,0.015955160030489673,1.6196084136130997,correct,-1,0.3146345782410297,0.0003542690052737783,1.619995046210904,207.3695068809627,5,True,0.0,0.0,0.0
c08-rc-m10,c08,rc,tt,1.62,125,-10,False,True,0,0,0.5,5,a0122-6aef8d19b321fe14f4e7438a,5,6aef8d19b321fe14f4e7438a2dc2d038c5fcb2996047504f52877bca53cf99ee,success,True,qualified,,True,,352.33992467242797,correct,-1,0.7206045672784688,0.0981902319973785,1.6158646883961254,correct,-1,0.7206045672784688,0.007746845308601743,1.6197918395678301,207.3695068809627,5,True,69.90922627533823,0.4059699890374391,0.4059699890374391
c08-schematic-m03,c08,schematic,tt,1.62,125,-3,False,True,0,0,0.5,5,a0123-22a8debaebf07f6891cb351e,5,22a8debaebf07f6891cb351ed700f368464e2469b0b5f97062f03f82eb78d7c5,success,True,qualified,,True,,210.7483289615626,correct,-1,0.37320260805013944,0.01749753359883174,1.6195773152122952,correct,-1,0.37320260805013944,0.00038315337910598153,1.619994415786892,210.7483289615626,5,True,0.0,0.0,0.0
c08-rc-m03,c08,rc,tt,1.62,125,-3,False,True,0,0,0.5,5,a0124-f3a367b947db67999ddd97d9,5,f3a367b947db67999ddd97d945fabac1bcf620c7d2c99bc4680e3eba51cbb864,success,True,qualified,,True,,360.39339226934436,correct,-1,0.8592010470461381,0.142961682044865,1.5962772967738525,correct,-1,0.8592010470461381,0.009071677930156534,1.619759107596743,210.7483289615626,5,True,71.0065242486809,0.48599843899599865,0.48599843899599865
c08-schematic-p03,c08,schematic,tt,1.62,125,3,False,True,0,0,0.5,5,a0125-17630dede83d09a8e3405a4e,5,17630dede83d09a8e3405a4eebc605d6476bbff2a9e0f7d508146ea6765eae7a,success,True,qualified,,True,,210.748328961525,correct,1,0.37320260805013944,1.6195773152122945,0.017497533598832937,correct,1,0.37320260805013944,1.619994415786892,0.00038315337910531074,210.748328961525,5,True,0.0,0.0,0.0
c08-rc-p03,c08,rc,tt,1.62,125,3,False,True,0,0,0.5,5,a0126-e613d27a49c36c0173a7df25,5,e613d27a49c36c0173a7df25cc646dca7697a6c27b1551777a855c30b0eb9537,success,True,qualified,,True,,359.18213736788954,correct,1,0.8402130735712184,1.602319034362458,0.13218157805584696,correct,1,0.8402130735712184,1.6197636289769186,0.008885596078740267,210.748328961525,5,True,70.43178426978804,0.467010465521079,0.467010465521079
c08-schematic-p10,c08,schematic,tt,1.62,125,10,False,True,0,0,0.5,5,a0127-549ee4a97dad67d6e61836f6,5,549ee4a97dad67d6e61836f67daf6fac892d62b020265a05a18c8aae53f37793,success,True,qualified,,True,,207.36950688096576,correct,1,0.31463457826206986,1.6196084136130975,0.01595516003047498,correct,1,0.31463457826206986,1.6199950462109056,0.0003542690052752098,207.36950688096576,5,True,0.0,0.0,0.0
c08-rc-p10,c08,rc,tt,1.62,125,10,False,True,0,0,0.5,5,a0128-1132e0d1a6e603567caddc1d,5,1132e0d1a6e603567caddc1d12ee8748da525266da54dc21c06fcee52700a989,success,True,qualified,,True,,351.86121804193607,correct,1,0.7156050607335207,1.6160850237542201,0.09707311848121765,correct,1,0.7156050607335207,1.61979300866681,0.00768876367411004,207.36950688096576,5,True,69.6783791089938,0.40097048247145084,0.40097048247145084
c09-schematic-m10,c09,schematic,tt,1.8,-40,-10,False,True,0,0,0.5,5,a0137-101ce3f1e261fa4b574b8fd5,5,101ce3f1e261fa4b574b8fd564655347b3de3c975d30d1f7a9ae4becfebf7b4a,success,True,qualified,,True,,222.06295477600045,correct,-1,0.20848335258978867,0.0002175823149274844,1.7999887908313594,correct,-1,0.20848335258978867,5.237585886422187e-08,1.8000000141195098,222.06295477600045,5,True,0.0,0.0,0.0
c09-rc-m10,c09,rc,tt,1.8,-40,-10,False,True,0,0,0.5,5,a0138-82b67851679676e69ac4ac67,5,82b67851679676e69ac4ac67880849ed066f998f029c7a1f8ae977a7279b58d4,success,True,qualified,,True,,392.0140217789939,correct,-1,0.5091508889535802,0.021351189371982767,1.798952140443518,correct,-1,0.5091508889535802,8.022582215814903e-05,1.7999956196790823,222.06295477600045,5,True,76.53283150016021,0.3006675363637915,0.3006675363637915
c09-schematic-m03,c09,schematic,tt,1.8,-40,-3,False,True,0,0,0.5,5,a0139-6e38767a963da20ce8ffa539,5,6e38767a963da20ce8ffa5397dac28a475efee27a1a30258ee74aca5753d6095,success,True,qualified,,True,,225.16965816858846,correct,-1,0.274779935150089,0.00025527845241394393,1.7999870346718738,correct,-1,0.274779935150089,7.650827249834356e-08,1.800000044715615,225.16965816858846,5,True,0.0,0.0,0.0
c09-rc-m03,c09,rc,tt,1.8,-40,-3,False,True,0,0,0.5,5,a0140-12c2a03caae87d431bb039bb,5,12c2a03caae87d431bb039bbfb6f6d210f1cff237843916c72a7222c32d6add0,success,True,qualified,,True,,400.10065323827314,correct,-1,0.6641682035913296,0.026736391051359186,1.7983782016241106,correct,-1,0.6641682035913296,0.000104540312095679,1.7999943575721575,225.16965816858846,5,True,77.68852894856322,0.3893882684412405,0.3893882684412405
c09-schematic-p03,c09,schematic,tt,1.8,-40,3,False,True,0,0,0.5,5,a0141-55e0f7393cfb1e73dc70f3a9,5,55e0f7393cfb1e73dc70f3a9f149eb5fdb209f09077ca3128d423771042c4b9f,success,True,qualified,,True,,225.16965816872536,correct,1,0.2747799351219682,1.7999870346718767,0.0002552784524154614,correct,1,0.2747799351219682,1.8000000447156144,7.650827346838023e-08,225.16965816872536,5,True,0.0,0.0,0.0
c09-rc-p03,c09,rc,tt,1.8,-40,3,False,True,0,0,0.5,5,a0142-a77cca1d804bbfe8c4812c23,5,a77cca1d804bbfe8c4812c23b40fc0db1faf54ef9398e327198f058a858f2bdf,success,True,qualified,,True,,398.9137863199545,correct,1,0.63917077218157,1.7985812996637411,0.025532889703082994,correct,1,0.63917077218157,1.7999945867871743,0.00010005277109234066,225.16965816872536,5,True,77.16142999206326,0.36439083705960185,0.36439083705960185
c09-schematic-p10,c09,schematic,tt,1.8,-40,10,False,True,0,0,0.5,5,a0143-cef213f4b42871171391b1bd,5,cef213f4b42871171391b1bd648e73c6f35aba2f8aba48afc13f1e90a245e9af,success,True,qualified,,True,,222.06295477549187,correct,1,0.20848335243179056,1.799988790831355,0.00021758231492482164,correct,1,0.20848335243179056,1.8000000141195065,5.237585139350599e-08,222.06295477549187,5,True,0.0,0.0,0.0
c09-rc-p10,c09,rc,tt,1.8,-40,10,False,True,0,0,0.5,5,a0144-b553ea091da1eeb2b81ea146,5,b553ea091da1eeb2b81ea1464cf7de20447076f1643164661e942afaf1a30b0e,success,True,qualified,,True,,391.4085693807003,correct,1,0.5041538171077413,1.7989603656554138,0.021150754731997307,correct,1,0.5041538171077413,1.7999956588371628,7.929790447240574e-05,222.06295477549187,5,True,76.26018251284586,0.29567046467595076,0.29567046467595076
c10-schematic-m10,c10,schematic,tt,1.8,125,-10,False,True,0,0,0.5,5,a0153-621284b781cca10aea652726,5,621284b781cca10aea6527266a3b5748ee17e4bb929d0c286ed7f0bfae7c0b7e,success,True,qualified,,True,,267.5166958743036,correct,-1,0.24461795742752904,0.004309002652724673,1.7998766447355041,correct,-1,0.24461795742752904,0.0001737313434955798,1.7999994847514031,267.5166958743036,5,True,0.0,0.0,0.0
c10-rc-m10,c10,rc,tt,1.8,125,-10,False,True,0,0,0.5,5,a0154-2539b59192977371f14f79ea,5,2539b59192977371f14f79ea867c664b1574cd93c6a491c1f0d9e9579167098a,success,True,qualified,,True,,453.64243128790883,correct,-1,0.5680249933724802,0.05182549848911155,1.7985005846893618,correct,-1,0.5680249933724802,0.0016895497863615278,1.7999505470256938,267.5166958743036,5,True,69.57537166243225,0.32340703594495124,0.32340703594495124
c10-schematic-m03,c10,schematic,tt,1.8,125,-3,False,True,0,0,0.5,5,a0155-369e362963020009ba5d86f5,5,369e362963020009ba5d86f5acb3304b2ced95252664514b464645641f1ffb5e,success,True,qualified,,True,,272.19451535026894,correct,-1,0.2901440446597204,0.00471171536231783,1.7998654791956123,correct,-1,0.2901440446597204,0.00017642261535492863,1.7999994280117928,272.19451535026894,5,True,0.0,0.0,0.0
c10-rc-m03,c10,rc,tt,1.8,125,-3,False,True,0,0,0.5,5,a0156-1543f73ec5ac1c665488970a,5,1543f73ec5ac1c665488970af99609667ea4979583bcc2e56628731361a54ef9,success,True,qualified,,True,,464.9064779693545,correct,-1,0.6675482099437909,0.05992384965445441,1.7977755876666854,correct,-1,0.6675482099437909,0.0019499497155792535,1.7999424486654407,272.19451535026894,5,True,70.79935551643919,0.37740416528407056,0.37740416528407056
c10-schematic-p03,c10,schematic,tt,1.8,125,3,False,True,0,0,0.5,5,a0157-132198a8548843768d846c68,5,132198a8548843768d846c6868507cadf326da66e86c7c30b620ea66322d72dc,success,True,qualified,,True,,272.1945153501798,correct,1,0.2901440446597204,1.7998654791956143,0.004711715362319179,correct,1,0.2901440446597204,1.799999428011794,0.0001764226153558043,272.1945153501798,5,True,0.0,0.0,0.0
c10-rc-p03,c10,rc,tt,1.8,125,3,False,True,0,0,0.5,5,a0158-9232e1d6f09f1e045d12ea95,5,9232e1d6f09f1e045d12ea959e4683c65421ae184437102408866d7427320641,success,True,qualified,,True,,462.4577754595008,correct,1,0.6474683059079898,1.7980239556316027,0.057898728766206733,correct,1,0.6474683059079898,1.7999440726845617,0.0018967396851655685,272.1945153501798,5,True,69.89974058240895,0.3573242612482694,0.3573242612482694
c10-schematic-p10,c10,schematic,tt,1.8,125,10,False,True,0,0,0.5,5,a0159-c3747d247a1a518ba23e36ac,5,c3747d247a1a518ba23e36ac46a73befe4c992d8ecb42068aa6ace9c48af0968,success,True,qualified,,True,,267.51669587430945,correct,1,0.2446179574309304,1.7998766447355046,0.004309002652722733,correct,1,0.2446179574309304,1.7999994847514031,0.00017373134349530476,267.51669587430945,5,True,0.0,0.0,0.0
c10-rc-p10,c10,rc,tt,1.8,125,10,False,True,0,0,0.5,5,a0160-93924cd6a6d54ff3e17a074f,5,93924cd6a6d54ff3e17a074f25f05595ef38e0d1be1f43ee6a2c9186b6627560,success,True,qualified,,True,,452.81371452684084,correct,1,0.5580848638842189,1.7985193826117167,0.051377979961113075,correct,1,0.5580848638842189,1.799950926855754,0.0016748111964646237,267.51669587430945,5,True,69.26559033892663,0.31346690645328845,0.31346690645328845
c11-schematic-m10,c11,schematic,tt,1.95,-40,-10,False,True,0,0,0.5,5,a0169-2453564a20be77c0072b4ab6,5,2453564a20be77c0072b4ab662cfb61bc2165f4126aad562892e6527ff6f5c5f,success,True,qualified,,True,,273.91177704176897,correct,-1,0.1774651362559912,1.7679337401308642e-05,1.9499989241648412,correct,-1,0.1774651362559912,1.6645357430468443e-08,1.9499999983215657,273.91177704176897,5,True,0.0,0.0,0.0
c11-rc-m10,c11,rc,tt,1.95,-40,-10,False,True,0,0,0.5,5,a0170-7671200000c160d78461b56b,5,7671200000c160d78461b56ba7f53a6b2a33e33396863d7d792838f8a407a795,success,True,qualified,,True,,480.9403756502839,correct,-1,0.4315589707343187,0.005707235474125975,1.9496422484453735,correct,-1,0.4315589707343187,6.1639766357627225e-06,1.9499996054512727,273.91177704176897,5,True,75.58221878752771,0.2540938344783275,0.2540938344783275
c11-schematic-m03,c11,schematic,tt,1.95,-40,-3,False,True,0,0,0.5,5,a0171-59898650afd7da64e372f315,5,59898650afd7da64e372f3152c4a165ed017b6bbcc8c7e13c8c59e7dc758a3e1,success,True,qualified,,True,,277.3210110857174,correct,-1,0.22778209825979942,2.0484664165979493e-05,1.949998738943357,correct,-1,0.22778209825979942,8.950120231735723e-09,1.949999991326389,277.3210110857174,5,True,0.0,0.0,0.0
c11-rc-m03,c11,rc,tt,1.95,-40,-3,False,True,0,0,0.5,5,a0172-fc8123960ae971b8759b8ccd,5,fc8123960ae971b8759b8ccdedce4b3e6b56dac6b837b074450d70b6881e05b3,success,True,qualified,,True,,489.7541156516529,correct,-1,0.54835359069122,0.00727941524145304,1.9495401935978247,correct,-1,0.54835359069122,7.968293789584117e-06,1.949999493643478,277.3210110857174,5,True,76.60187871602501,0.3205714924314206,0.3205714924314206
c11-schematic-p03,c11,schematic,tt,1.95,-40,3,False,True,0,0,0.5,5,a0173-95d5daa783e3b00dfb6d8d80,5,95d5daa783e3b00dfb6d8d804c6844c91b0b21571d0872a583db40400eec4cbb,success,True,qualified,,True,,277.3210110857813,correct,1,0.22778209826016999,1.9499987389433566,2.0484664165679552e-05,correct,1,0.22778209826016999,1.9499999913263886,8.950120084123616e-09,277.3210110857813,5,True,0.0,0.0,0.0
c11-rc-p03,c11,rc,tt,1.95,-40,3,False,True,0,0,0.5,5,a0174-e546cf36498f0dea6d2a2284,5,e546cf36498f0dea6d2a2284d830bb3556c203dacacee5ee230daed7360c62dd,success,True,qualified,,True,,487.9004854460654,correct,1,0.5218164769046002,1.9495695997259679,0.00684371285990229,correct,1,0.5218164769046002,1.9499995203827203,7.515358388689713e-06,277.3210110857813,5,True,75.93347274186424,0.2940343786444302,0.2940343786444302
c11-schematic-p10,c11,schematic,tt,1.95,-40,10,False,True,0,0,0.5,5,a0175-b4b8214f1fb3fc6f4a15fd11,5,b4b8214f1fb3fc6f4a15fd118726d79a548e5da3c1e09e4888f429772e79be06,success,True,qualified,,True,,273.9117770417435,correct,1,0.1774651362560706,1.9499989241648406,1.76793374017028e-05,correct,1,0.1774651362560706,1.9499999983215648,1.664535708956343e-08,273.9117770417435,5,True,0.0,0.0,0.0
c11-rc-p10,c11,rc,tt,1.95,-40,10,False,True,0,0,0.5,5,a0176-b166d04429d14821965e4c6a,5,b166d04429d14821965e4c6a1eff273dbf1e3650d5831ca3e7b6fda66fb2ff82,success,True,qualified,,True,,480.0776541261155,correct,1,0.42216372153702997,1.9496462887827297,0.005627833487925219,correct,1,0.42216372153702997,1.9499996095950467,6.068216419407853e-06,273.9117770417435,5,True,75.26725550502809,0.24469858528095936,0.24469858528095936
c12-schematic-m10,c12,schematic,tt,1.95,27,-10,False,True,0,0,0.5,5,a0185-015459b7b150af4ad855a16f,5,015459b7b150af4ad855a16fac3b5339e0abadeb71478bf6c7c0b8918d141f02,success,True,qualified,,True,,294.0810405399167,correct,-1,0.190238725773729,0.00019104694208573971,1.9499913769752264,correct,-1,0.190238725773729,1.5106063701847237e-06,1.9500000635161887,294.0810405399167,5,True,0.0,0.0,0.0
c12-rc-m10,c12,rc,tt,1.95,27,-10,False,True,0,0,0.5,5,a0186-61788e7c8e8fb4bae6227fce,5,61788e7c8e8fb4bae6227fce8d7a98c94b4b18f393aaab95f1b867db1c2f6a7b,success,True,qualified,,True,,508.6358447040459,correct,-1,0.4548778049768584,0.013526201964555687,1.949356211691911,correct,-1,0.4548778049768584,5.903824199562801e-05,1.9499971553550306,294.0810405399167,5,True,72.95771389077592,0.26463907920312946,0.26463907920312946
c12-schematic-m03,c12,schematic,tt,1.95,27,-3,False,True,0,0,0.5,5,a0187-ce2c7e5d1f89edeebbf27fa2,5,ce2c7e5d1f89edeebbf27fa2cc77dad327f720ed96046c5f82e74b190988a8eb,success,True,qualified,,True,,298.35182366931565,correct,-1,0.22851828857223042,0.00021330559544190323,1.9499902641032911,correct,-1,0.22851828857223042,1.4501763084619266e-06,1.9499999707513362,298.35182366931565,5,True,0.0,0.0,0.0
c12-rc-m03,c12,rc,tt,1.95,27,-3,False,True,0,0,0.5,5,a0188-c7fa25599f486faad3090bef,5,c7fa25599f486faad3090bef33e74e977e003be7b46ef6cc3ed466f40e3480bf,success,True,qualified,,True,,519.1928946058781,correct,-1,0.54845065881241,0.016229940314237634,1.9492211051936925,correct,-1,0.54845065881241,7.127724765231738e-05,1.9499965686278955,298.35182366931565,5,True,74.02035228761872,0.3199323702401795,0.3199323702401795
c12-schematic-p03,c12,schematic,tt,1.95,27,3,False,True,0,0,0.5,5,a0189-d40688fca2cd07a6fd10a2ff,5,d40688fca2cd07a6fd10a2ff0b67a5da802871824cdbd077fd49d86ae0c4fca3,success,True,qualified,,True,,298.3518236692791,correct,1,0.22851828857242892,1.949990264103293,0.00021330559544296295,correct,1,0.22851828857242892,1.949999970751334,1.4501763087014967e-06,298.3518236692791,5,True,0.0,0.0,0.0
c12-rc-p03,c12,rc,tt,1.95,27,3,False,True,0,0,0.5,5,a0190-58eb08af29978dc01db9c955,5,58eb08af29978dc01db9c955bf6ead86f57d77213e3d50544dd83709e8592f4e,success,True,qualified,,True,,516.5299899196345,correct,1,0.5236268181481296,1.9492614403448048,0.015465938398316267,correct,1,0.5236268181481296,1.949996714296008,6.816187847859624e-05,298.3518236692791,5,True,73.12781385650399,0.29510852957570066,0.29510852957570066
c12-schematic-p10,c12,schematic,tt,1.95,27,10,False,True,0,0,0.5,5,a0191-81adb607696e672f908a5130,5,81adb607696e672f908a5130590e69dd421565bc1e487ee72021487bb1069f30,success,True,qualified,,True,,294.0810405398895,correct,1,0.19023872577383819,1.9499913769752226,0.0001910469420856781,correct,1,0.19023872577383819,1.9500000635161887,1.5106063702527036e-06,294.0810405398895,5,True,0.0,0.0,0.0
c12-rc-p10,c12,rc,tt,1.95,27,10,False,True,0,0,0.5,5,a0192-45a8ab726c34492e7daf4aba,5,45a8ab726c34492e7daf4aba94c484f92f8f84f8081b26e099a2c982f1afbc4f,success,True,qualified,,True,,507.6807121967338,correct,1,0.4485054529094208,1.9493626976486778,0.013358275194439745,correct,1,0.4485054529094208,1.949997187386814,5.827328822837548e-05,294.0810405398895,5,True,72.6329284148025,0.25826672713558263,0.25826672713558263
c13-schematic-m10,c13,schematic,tt,1.95,125,-10,False,True,0,0,0.5,5,a0201-cc49f50e8d052aa029094058,5,cc49f50e8d052aa02909405812d0c9f7298a1b8cfc585aa41294c66b88a3ca38,success,True,qualified,,True,,323.9285005696236,correct,-1,0.21240877744062092,0.0017385150718829282,1.9499485533484762,correct,-1,0.21240877744062092,0.0001692925656449988,1.9499998551887108,323.9285005696236,5,True,0.0,0.0,0.0
c13-rc-m10,c13,rc,tt,1.95,125,-10,False,True,0,0,0.5,5,a0202-6fc355aa2fa8717c41c55c95,5,6fc355aa2fa8717c41c55c954f3edd6782b4e13b13d5b750fed781a2ca800f35,success,True,qualified,,True,,548.8356384209271,correct,-1,0.4961770262859504,0.031806634826699695,1.948930417264133,correct,-1,0.4961770262859504,0.0006886890779811998,1.9499819586973084,323.9285005696236,5,True,69.43110515308395,0.2837682488453295,0.2837682488453295
c13-schematic-m03,c13,schematic,tt,1.95,125,-3,False,True,0,0,0.5,5,a0203-a0bf3b584791ac1da14591c9,5,a0bf3b584791ac1da14591c95652d2d67c9dafc8a20453947d0f4a46089554ba,success,True,qualified,,True,,330.0966020935392,correct,-1,0.24707797732616932,0.0018879556081630164,1.9499439038728683,correct,-1,0.24707797732616932,0.00017028223850065706,1.9499998554315658,330.0966020935392,5,True,0.0,0.0,0.0
c13-rc-m03,c13,rc,tt,1.95,125,-3,False,True,0,0,0.5,5,a0204-bc70b1bf56dff46c2dd4ecc5,5,bc70b1bf56dff46c2dd4ecc51fb115062605a6d2a43b3f3224d39651e76a9563,success,True,qualified,,True,,564.0396955638157,correct,-1,0.5842178794783691,0.03685809092055861,1.948726263089811,correct,-1,0.5842178794783691,0.0007749056906462762,1.9499789526011382,330.0966020935392,5,True,70.87110015267113,0.3371399021521998,0.3371399021521998
c13-schematic-p03,c13,schematic,tt,1.95,125,3,False,True,0,0,0.5,5,a0205-338a60f164e540186422fc18,5,338a60f164e540186422fc18b6e406171ab52ea87840fa789d533d3f863b67c8,success,True,qualified,,True,,330.09660211787985,correct,1,0.24707797732773104,1.9499439038728672,0.0018879556081624464,correct,1,0.24707797732773104,1.9499998554315652,0.00017028223849994216,330.09660211787985,5,True,0.0,0.0,0.0
c13-rc-p03,c13,rc,tt,1.95,125,3,False,True,0,0,0.5,5,a0206-3380c994ee9b60f07b0a935a,5,3380c994ee9b60f07b0a935a4357cc6d021e49fc960e45652070cea41976ecfa,success,True,qualified,,True,,559.8085437264655,correct,1,0.5585892780685088,1.9487947932181244,0.03536437080155172,correct,1,0.5585892780685088,1.9499797414571667,0.0007519930719919706,330.09660211787985,5,True,69.58930814033457,0.3115113007407777,0.3115113007407777
c13-schematic-p10,c13,schematic,tt,1.95,125,10,False,True,0,0,0.5,5,a0207-99a78a15f6fffc4bad986a68,5,99a78a15f6fffc4bad986a68a27d7e6f94453b0e93af1e81904cadcbc113f195,success,True,qualified,,True,,323.9285005667636,correct,1,0.21240877744118009,1.949948553348476,0.0017385150718838608,correct,1,0.21240877744118009,1.9499998551887092,0.00016929256564427933,323.9285005667636,5,True,0.0,0.0,0.0
c13-rc-p10,c13,rc,tt,1.95,125,10,False,True,0,0,0.5,5,a0208-b7c6558023634a6c1581648d,5,b7c6558023634a6c1581648dbccef7ea322065d44e49fbbbfad8431fe5c59c6a,success,True,qualified,,True,,547.5013864608763,correct,1,0.48611315099743824,1.9489408565216497,0.03144254094955488,correct,1,0.48611315099743824,1.9499821390804963,0.0006826535736090149,323.9285005667636,5,True,69.01920809775521,0.27370437355625815,0.27370437355625815
c14-schematic-m10,c14,schematic,ss,1.62,27,-10,False,True,0,0,0.5,5,a0217-e2ba8e67aef965ee39ba5dad,5,e2ba8e67aef965ee39ba5dad49803d3d1425d46d57193b3524c76f2286326e71,success,True,qualified,,True,,181.4355665802973,correct,-1,0.4685882143810182,0.05646765290687461,1.6186612771857114,correct,-1,0.4685882143810182,0.0015715587886011384,1.6199452417182547,181.4355665802973,5,True,0.0,0.0,0.0
c14-rc-m10,c14,rc,ss,1.62,27,-10,False,True,0,0,0.5,5,a0218-7e1b36c6638f4acd6cd3f251,5,7e1b36c6638f4acd6cd3f2512063eb9defb5f3022cd3479897ba3b73000b6303,success,True,qualified,,True,,312.333303202245,unresolved,0,,0.5243529966800798,1.3850561321130064,correct,-1,1.1088618154377008,0.04562362068170788,1.6187402863600808,181.4355665802973,5,True,72.14557712642122,,0.6402736010566825
c14-schematic-m03,c14,schematic,ss,1.62,27,-3,False,True,0,0,0.5,5,a0219-640d9b96e4eb0f79230376bf,5,640d9b96e4eb0f79230376bfdd141b09031ded7a9547f2df5953a623ec85079a,success,True,qualified,,True,,184.41955094574502,correct,-1,0.5940210657892495,0.06260925969343513,1.618571496446539,correct,-1,0.5940210657892495,0.0019468295218059968,1.6199335197491684,184.41955094574502,5,True,0.0,0.0,0.0
c14-rc-m03,c14,rc,ss,1.62,27,-3,False,True,0,0,0.5,5,a0220-b4c9db2b207c5d77bac48bdf,5,b4c9db2b207c5d77bac48bdfaea51336a1ff0f933847a9fc733321ca1e58d115,success,True,qualified,,True,,319.67695420155945,unresolved,0,,0.8489034928397966,1.1629132737943542,correct,-1,1.373865288020421,0.055538275428827284,1.6183150805851079,184.41955094574502,5,True,73.34222568170456,,0.7798442222311714
c14-schematic-p03,c14,schematic,ss,1.62,27,3,False,True,0,0,0.5,5,a0221-11e781fec44ab6753aeb83a3,5,11e781fec44ab6753aeb83a34704fa3569986c4bb60c9658dcc34fb4777e4557,success,True,qualified,,True,,184.41955094567294,correct,1,0.5940210657887598,1.6185714964465407,0.06260925969343502,correct,1,0.5940210657887598,1.6199335197491695,0.0019468295218067549,184.41955094567294,5,True,0.0,0.0,0.0
c14-rc-p03,c14,rc,ss,1.62,27,3,False,True,0,0,0.5,5,a0222-5db0232564aafe974ed871d8,5,5db0232564aafe974ed871d841a4beaf25ea2646121add531d3a95501902eb3c,success,True,qualified,,True,,319.0479450123568,unresolved,0,,1.175171037397797,0.8306332963531888,correct,1,1.3438655170227687,1.6184037271479383,0.05463385892480084,184.41955094567294,5,True,73.00115057017098,,0.7498444512340089
c14-schematic-p10,c14,schematic,ss,1.62,27,10,False,True,0,0,0.5,5,a0223-6d5c733b80335ba60a5c0dc2,5,6d5c733b80335ba60a5c0dc2f75a7d53d046302b30f9e183a63235e6df61a69f,success,True,qualified,,True,,181.43556658034805,correct,1,0.4685882143810513,1.618661277185712,0.05646765290687348,correct,1,0.4685882143810513,1.6199452417182545,0.001571558788602175,181.43556658034805,5,True,0.0,0.0,0.0
c14-rc-p10,c14,rc,ss,1.62,27,10,False,True,0,0,0.5,5,a0224-de25700c22f0b05650631a2e,5,de25700c22f0b05650631a2e88c76b6707b5cdd7e16d7d9935656050595cc905,success,True,qualified,,True,,312.0028855148086,unresolved,0,,1.3937532007250397,0.5120484001284413,correct,1,1.1038615968695284,1.618745115555077,0.04527460961378279,181.43556658034805,5,True,71.96346416271106,,0.6352733824884771
c15-schematic-m10,c15,schematic,ss,1.8,-40,-10,False,True,0,0,0.5,5,a0233-59c80ed56cc3bc4b980dddf6,5,59c80ed56cc3bc4b980dddf6f2bb436ad1f3ab7989819c3bd073fb61127e0315,success,True,qualified,,True,,219.99940952592934,correct,-1,0.2885503617531396,0.0035480628134358662,1.7997590606760725,correct,-1,0.2885503617531396,3.0789920631039726e-06,1.799999750781629,219.99940952592934,5,True,0.0,0.0,0.0
c15-rc-m10,c15,rc,ss,1.8,-40,-10,False,True,0,0,0.5,5,a0234-2c68c6a457c03881e54a658d,5,2c68c6a457c03881e54a658dc71439ac0b27062167913a3760a2f42da19293f3,success,True,qualified,,True,,383.1352847350892,correct,-1,0.69678698359741,0.08815837999879945,1.7889425676700648,correct,-1,0.69678698359741,0.0018233408712489455,1.7998769776076478,219.99940952592934,5,True,74.15286957392154,0.4082366218442704,0.4082366218442704
c15-schematic-m03,c15,schematic,ss,1.8,-40,-3,False,True,0,0,0.5,5,a0235-28fa6845b578df12f0568003,5,28fa6845b578df12f0568003bb8a550ddddd5123d01a44efc290808dc0c7a642,success,True,qualified,,True,,223.35620389163162,correct,-1,0.38681872495955844,0.004146358751946571,1.7997237875457526,correct,-1,0.38681872495955844,3.903454751722986e-06,1.7999997111195478,223.35620389163162,5,True,0.0,0.0,0.0
c15-rc-m03,c15,rc,ss,1.8,-40,-3,False,True,0,0,0.5,5,a0236-4b4f6cccf34c36d928b439e0,5,4b4f6cccf34c36d928b439e063f72c8adaad443eccc398488939bae187f32f73,success,True,qualified,,True,,391.8130093978411,correct,-1,0.9117939527882586,0.14494075977790358,1.6528486164418328,correct,-1,0.9117939527882586,0.002327872435221651,1.7998453046735308,223.35620389163162,5,True,75.42069688287756,0.5249752278287001,0.5249752278287001
c15-schematic-p03,c15,schematic,ss,1.8,-40,3,False,True,0,0,0.5,5,a0237-bd75d98dedfbe11d8454f579,5,bd75d98dedfbe11d8454f579ac4890ed5a651c9bba98660bad566aeba75743b8,success,True,qualified,,True,,223.3562038921406,correct,1,0.38681872500864,1.7997237875457117,0.004146358752642494,correct,1,0.38681872500864,1.799999711119552,3.9034547537948655e-06,223.3562038921406,5,True,0.0,0.0,0.0
c15-rc-p03,c15,rc,ss,1.8,-40,3,False,True,0,0,0.5,5,a0238-09521410ec57da02309216e6,5,09521410ec57da02309216e6699d1fef63a844d23bb9c12902282013f3de1ef0,success,True,qualified,,True,,390.88104454792546,correct,1,0.881795609573701,1.6943094021826322,0.12975972257060064,correct,1,0.881795609573701,1.7998492734800926,0.0022647676077318956,223.3562038921406,5,True,75.00344191768372,0.49497688456506095,0.49497688456506095
c15-schematic-p10,c15,schematic,ss,1.8,-40,10,False,True,0,0,0.5,5,a0239-da5daae8fe8e4ab855a41382,5,da5daae8fe8e4ab855a41382fabad30b7295495b54064b6c9fafbe1471701f7f,success,True,qualified,,True,,219.99940951697474,correct,1,0.2885503617639591,1.7997590606760707,0.003548062813431399,correct,1,0.2885503617639591,1.7999997507816308,3.0789920631003876e-06,219.99940951697474,5,True,0.0,0.0,0.0
c15-rc-p10,c15,rc,ss,1.8,-40,10,False,True,0,0,0.5,5,a0240-602694a06fd978631dc21cba,5,602694a06fd978631dc21cba979235e13ceab21927125d0a45b471350342eeb2,success,True,qualified,,True,,382.64592181338867,correct,1,0.6917886474154081,1.7895740198375114,0.08737798277733415,correct,1,0.6917886474154081,1.7998779685339599,0.0018042540524602344,219.99940951697474,5,True,73.93043129230054,0.40323828565144904,0.40323828565144904
c16-schematic-m10,c16,schematic,ss,1.8,27,-10,False,True,0,0,0.5,5,a0249-fb5133fe9584aebda74f4b6e,5,fb5133fe9584aebda74f4b6eef6f39ccc454564524a88be9237da680464b4b42,success,True,qualified,,True,,239.29233236394478,correct,-1,0.3065249861492691,0.007198670689360189,1.7996604486391936,correct,-1,0.3065249861492691,2.2941857788829855e-05,1.7999988620550422,239.29233236394478,5,True,0.0,0.0,0.0
c16-rc-m10,c16,rc,ss,1.8,27,-10,False,True,0,0,0.5,5,a0250-6a3abd51c7edc0d4282fcab7,5,6a3abd51c7edc0d4282fcab7b62d3afca16336224b7d8d06bb51b88318b116a1,success,True,qualified,,True,,409.3814953770849,correct,-1,0.71288763409189,0.09152628052909913,1.7912795628004536,correct,-1,0.71288763409189,0.003418314371113147,1.7998359713467127,239.29233236394478,5,True,71.08007236706936,0.40636264794262095,0.40636264794262095
c16-schematic-m03,c16,schematic,ss,1.8,27,-3,False,True,0,0,0.5,5,a0251-c637765362fa61c674a0bf88,5,c637765362fa61c674a0bf88954f73fd29aefb3803769571e79259d901553627,success,True,qualified,,True,,242.77506366571728,correct,-1,0.3923070762822583,0.00811841775163124,1.7996226107165356,correct,-1,0.3923070762822583,2.7183090092442472e-05,1.799998694426337,242.77506366571728,5,True,0.0,0.0,0.0
c16-rc-m03,c16,rc,ss,1.8,27,-3,False,True,0,0,0.5,5,a0252-2f60494a29bbec9a734c8d08,5,2f60494a29bbec9a734c8d08a824a518008cd6a37760d5b0a524904fc3b4b18a,success,True,qualified,,True,,417.9209878496056,correct,-1,0.8978942426014909,0.1629913768684331,1.691544319084007,correct,-1,0.8978942426014909,0.004216226618062306,1.7997994949170841,242.77506366571728,5,True,72.14329245323599,0.5055871663192326,0.5055871663192326
c16-schematic-p03,c16,schematic,ss,1.8,27,3,False,True,0,0,0.5,5,a0253-0238495649d56885cd2d9646,5,0238495649d56885cd2d96464cc5cb977d32ad9f9ea1a951a8703698a1ab9e3b,success,True,qualified,,True,,242.7750636656758,correct,1,0.39230707628226824,1.7996226107165323,0.008118417751630686,correct,1,0.39230707628226824,1.7999986944263398,2.7183090093208366e-05,242.7750636656758,5,True,0.0,0.0,0.0
c16-rc-p03,c16,rc,ss,1.8,27,3,False,True,0,0,0.5,5,a0254-b46f98a4a5ab1c84032bb012,5,b46f98a4a5ab1c84032bb012db705f81c68484675ebd204c3f7ec849f70529f9,success,True,qualified,,True,,416.85119543829956,correct,1,0.8728956262892495,1.7250279588247721,0.1423009798077736,correct,1,0.8728956262892495,1.799805210921297,0.004091757166525007,242.7750636656758,5,True,71.70264076723424,0.4805885500069813,0.4805885500069813
c16-schematic-p10,c16,schematic,ss,1.8,27,10,False,True,0,0,0.5,5,a0255-9e65e12df15bc527415ba246,5,9e65e12df15bc527415ba246070fddaa118690c60d96276fb1a3e62a4604c58d,success,True,qualified,,True,,239.2923323639587,correct,1,0.30652498614927903,1.799660448639196,0.007198670689360422,correct,1,0.30652498614927903,1.79999886205504,2.2941857788419962e-05,239.2923323639587,5,True,0.0,0.0,0.0
c16-rc-p10,c16,rc,ss,1.8,27,10,False,True,0,0,0.5,5,a0256-a024874f8e3c4c8f5d29041b,5,a024874f8e3c4c8f5d29041b2d50532fa8b47c89f517c44eca2c1a0ac945660a,success,True,qualified,,True,,408.8421535898761,correct,1,0.7078887826478483,1.7918738906030884,0.09049547326526075,correct,1,0.7078887826478483,1.7998370306347558,0.003389448794342207,239.2923323639587,5,True,70.85468203303546,0.40136379649856924,0.40136379649856924
c17-schematic-m10,c17,schematic,ss,1.8,125,-10,False,True,0,0,0.5,5,a0265-cf7948720fbafb86d367fde0,5,cf7948720fbafb86d367fde0fbcb8fb946d90539d5c30cf03afe4ba6e91e12c7,success,True,qualified,,True,,265.9978852936114,correct,-1,0.3323319321074101,0.017082848220577047,1.7994814312176581,correct,-1,0.3323319321074101,0.00022083840102693562,1.7999934717713733,265.9978852936114,5,True,0.0,0.0,0.0
c17-rc-m10,c17,rc,ss,1.8,125,-10,False,True,0,0,0.5,5,a0266-0dd5f21d70b76d76d166b129,5,0dd5f21d70b76d76d166b12999a52fe657579f6c6217f6244145317c1b72f23d,success,True,qualified,,True,,444.7031860854861,correct,-1,0.7452448102223804,0.11391602820774996,1.7925940517479104,correct,-1,0.7452448102223804,0.008153744303657312,1.7997374078714645,265.9978852936114,5,True,67.1829780130086,0.41291287811497035,0.41291287811497035
c17-schematic-m03,c17,schematic,ss,1.8,125,-3,False,True,0,0,0.5,5,a0267-3ebd068f0aca83ca8c9730a8,5,3ebd068f0aca83ca8c9730a8e61e52b62932187bd8a8b9fb6f8537c3fe39105d,success,True,qualified,,True,,270.0401422756338,correct,-1,0.3955085947440592,0.018581135357111932,1.7994431702556035,correct,-1,0.3955085947440592,0.0002461838766971512,1.7999926842515173,270.0401422756338,5,True,0.0,0.0,0.0
c17-rc-m03,c17,rc,ss,1.8,125,-3,False,True,0,0,0.5,5,a0268-7190832f879698114be83fe0,5,7190832f879698114be83fe0eff78cab4a9499f6f40b50c851cd09fbdfced582,success,True,qualified,,True,,454.18661195524373,correct,-1,0.8863006222647593,0.17632135310050545,1.7570481340367567,correct,-1,0.8863006222647593,0.009457692069611277,1.799697850957082,270.0401422756338,5,True,68.19225768724748,0.49079202752070006,0.49079202752070006
c17-schematic-p03,c17,schematic,ss,1.8,125,3,False,True,0,0,0.5,5,a0269-4d475e45f49666cf1dd3cec7,5,4d475e45f49666cf1dd3cec7a0c34410045fa0de8e32c23a14bdb39470fcbdcc,success,True,qualified,,True,,270.0401422755498,correct,1,0.39550859474413863,1.7994431702556033,0.018581135357114406,correct,1,0.39550859474413863,1.7999926842515153,0.00024618387669758223,270.0401422755498,5,True,0.0,0.0,0.0
c17-rc-p03,c17,rc,ss,1.8,125,3,False,True,0,0,0.5,5,a0270-108d45a6010d82a30717b1b5,5,108d45a6010d82a30717b1b52d583787eb74c99c785e6c0fc98f0d966f801550,success,True,qualified,,True,,452.6337040747447,correct,1,0.8613018876028081,1.7683106997299236,0.15999407349357353,correct,1,0.8613018876028081,1.7997042740830382,0.009244022061250471,270.0401422755498,5,True,67.6171921183762,0.4657932928586695,0.4657932928586695
c17-schematic-p10,c17,schematic,ss,1.8,125,10,False,True,0,0,0.5,5,a0271-d2a8b17f0d8d9a0b525b8bcd,5,d2a8b17f0d8d9a0b525b8bcd618cff72f57e53645f0fa2a6e34c54b375faa594,success,True,qualified,,True,,265.9978852935753,correct,1,0.3323319321074101,1.7994814312176581,0.017082848220578442,correct,1,0.3323319321074101,1.7999934717713717,0.00022083840102578265,265.9978852935753,5,True,0.0,0.0,0.0
c17-rc-p10,c17,rc,ss,1.8,125,10,False,True,0,0,0.5,5,a0272-7f117de638416b8edebf8408,5,7f117de638416b8edebf84080155d73233d5c79748a26f9289c33dbd6de80ef9,success,True,qualified,,True,,444.09573273121106,correct,1,0.7394302031131992,1.7930615556218898,0.11226597010665938,correct,1,0.7394302031131992,1.7997389658305676,0.008091026815248918,265.9978852935753,5,True,66.95461027484244,0.4070982710057891,0.4070982710057891
c18-schematic-m10,c18,schematic,ss,1.95,-40,-10,False,True,0,0,0.5,5,a0281-073484c187a7715fd4231203,5,073484c187a7715fd423120339703328ac20e92d6b81fa5b0ab8aba7451f0b96,success,True,qualified,,True,,272.5915045921605,correct,-1,0.23235389764738948,0.00030947579984508673,1.9499730955033892,correct,-1,0.23235389764738948,3.8489757440473426e-08,1.9499999882123797,272.5915045921605,5,True,0.0,0.0,0.0
c18-rc-m10,c18,rc,ss,1.95,-40,-10,False,True,0,0,0.5,5,a0282-5bb03ad61764a5cfc854fe30,5,5bb03ad61764a5cfc854fe30f6a013f3bc00399b5dbeea7af2ff5a04c738d497,success,True,qualified,,True,,472.01262241188823,correct,-1,0.5427185967751305,0.02612961040137342,1.9475763094513463,correct,-1,0.5427185967751305,0.00013554251212792107,1.9499885174528344,272.5915045921605,5,True,73.15749554194393,0.310364699127741,0.310364699127741
c18-schematic-m03,c18,schematic,ss,1.95,-40,-3,False,True,0,0,0.5,5,a0283-a1f6b4c289e38efd7871ccb3,5,a1f6b4c289e38efd7871ccb39959d34d1fbd4390f723ec76b74dca6ae653dd63,success,True,qualified,,True,,276.2914969027096,correct,-1,0.3130773411808103,0.0003640694191863543,1.9499686720836424,correct,-1,0.3130773411808103,7.112689805009105e-08,1.9500000125191899,276.2914969027096,5,True,0.0,0.0,0.0
c18-rc-m03,c18,rc,ss,1.95,-40,-3,False,True,0,0,0.5,5,a0284-29c4d9badea6b6341608ca48,5,29c4d9badea6b6341608ca4813310341b716e3c5cc28ebe41ac3f74584a4d354,success,True,qualified,,True,,481.39158160211383,correct,-1,0.7276292259134999,0.034936486646717266,1.9404598414160215,correct,-1,0.7276292259134999,0.00017598492745696056,1.9499851791523333,276.2914969027096,5,True,74.23322360572901,0.41455188473268956,0.41455188473268956
c18-schematic-p03,c18,schematic,ss,1.95,-40,3,False,True,0,0,0.5,5,a0285-0b20f15b8cfa164e55225b79,5,0b20f15b8cfa164e55225b795aaaa4744398a834ea87b820c1f6dd591cfb9c32,success,True,qualified,,True,,276.29149690275443,correct,1,0.3130773411808004,1.949968672083645,0.0003640694191859375,correct,1,0.3130773411808004,1.9500000125191905,7.112689686364754e-08,276.29149690275443,5,True,0.0,0.0,0.0
c18-rc-p03,c18,rc,ss,1.95,-40,3,False,True,0,0,0.5,5,a0286-afb27c34b33ae3f8f8cbafec,5,afb27c34b33ae3f8f8cbafece9c8982ab52ef019c1d3688593dfa5f46028e475,success,True,qualified,,True,,479.9899209985984,correct,1,0.6976380645739383,1.9431738174841802,0.03264945713824414,correct,1,0.6976380645739383,1.9499858745908574,0.000167460344817298,276.29149690275443,5,True,73.72591135786533,0.3845607233931379,0.3845607233931379
c18-schematic-p10,c18,schematic,ss,1.95,-40,10,False,True,0,0,0.5,5,a0287-db5474c554167412520bd43b,5,db5474c554167412520bd43bcbd457eb86871650cd86e0135d455cb81edd2d3c,success,True,qualified,,True,,272.5915045921174,correct,1,0.23235389764737957,1.9499730955033905,0.00030947579984522865,correct,1,0.23235389764737957,1.9499999882123786,3.848975908491828e-08,272.5915045921174,5,True,0.0,0.0,0.0
c18-rc-p10,c18,rc,ss,1.95,-40,10,False,True,0,0,0.5,5,a0288-0ba9a6e169e0149f25f434eb,5,0ba9a6e169e0149f25f434ebffe1d93afbce13698e4a5c64f4b714bcc184138b,success,True,qualified,,True,,471.29326395513164,correct,1,0.5377375668307394,1.9476372134157343,0.025858626037213586,correct,1,0.5377375668307394,1.949988611143725,0.0001340660392090589,272.5915045921174,5,True,72.89359940264262,0.3053836691833598,0.3053836691833598
c19-schematic-m10,c19,schematic,ss,1.95,27,-10,False,True,0,0,0.5,5,a0297-dbc2341725e930c219d53f8a,5,dbc2341725e930c219d53f8a165772e77c71d9a449a144f8e6d8bb33a250d646,success,True,qualified,,True,,293.41362407585666,correct,-1,0.24879924784708127,0.001567350244619885,1.9499097660908289,correct,-1,0.24879924784708127,1.1847973730027179e-06,1.9499998845190325,293.41362407585666,5,True,0.0,0.0,0.0
c19-rc-m10,c19,rc,ss,1.95,27,-10,False,True,0,0,0.5,5,a0298-216b0a2f0bf68a98eed83ebf,5,216b0a2f0bf68a98eed83ebf6423ea6f35d2fc37e5467b6cded0e3d8dd30faa1,success,True,qualified,,True,,500.0938282010328,correct,-1,0.5823250762799086,0.04212745389766641,1.9473790418931838,correct,-1,0.5823250762799086,0.0006316057926683658,1.9499637502328242,293.41362407585666,5,True,70.43987980317601,0.3335258284328273,0.3335258284328273
c19-schematic-m03,c19,schematic,ss,1.95,27,-3,False,True,0,0,0.5,5,a0299-700945282ed9b4257933f4e6,5,700945282ed9b4257933f4e6a6c932e59dccf28d6dc2f5ca4eaab8de63642b77,success,True,qualified,,True,,297.2998731776155,correct,-1,0.31435159320868,0.0017620011035435913,1.9498991963217158,correct,-1,0.31435159320868,1.3546310915144191e-06,1.9499998585934737,297.2998731776155,5,True,0.0,0.0,0.0
c19-rc-m03,c19,rc,ss,1.95,27,-3,False,True,0,0,0.5,5,a0300-cc104e6a07786dfa7be22772,5,cc104e6a07786dfa7be2277293ffe90aebb291869e2b30cc3fff7c8cd9212a2b,success,True,qualified,,True,,509.59815796944537,correct,-1,0.7173297509126093,0.05324277972468184,1.9415778166060762,correct,-1,0.7173297509126093,0.0007687954230539881,1.949956039909663,297.2998731776155,5,True,71.4088043572749,0.4029781577039293,0.4029781577039293
c19-schematic-p03,c19,schematic,ss,1.95,27,3,False,True,0,0,0.5,5,a0301-65ffb9d6471133d2dc3674bf,5,65ffb9d6471133d2dc3674bfc805fe72336ac0f28e5a4da08aa0696e932506da,success,True,qualified,,True,,297.2998731776457,correct,1,0.3143515932086205,1.9498991963217178,0.001762001103545969,correct,1,0.3143515932086205,1.949999858593474,1.354631092403714e-06,297.2998731776457,5,True,0.0,0.0,0.0
c19-rc-p03,c19,rc,ss,1.95,27,3,False,True,0,0,0.5,5,a0302-30564e9fa361785e8e1a21bd,5,30564e9fa361785e8e1a21bd8377d6fd11f5ff46daf4decfc9244b3d68bca275,success,True,qualified,,True,,507.92790109361874,correct,1,0.6923305214750893,1.9437335325773784,0.0503455539520942,correct,1,0.6923305214750893,1.9499575900206392,0.0007408980640726233,297.2998731776457,5,True,70.84699554853711,0.37797892826646884,0.37797892826646884
c19-schematic-p10,c19,schematic,ss,1.95,27,10,False,True,0,0,0.5,5,a0303-e54d80a90583b72a34619dfc,5,e54d80a90583b72a34619dfcca6e5d42d2c08e03e633ffddd3f72179168f3059,success,True,qualified,,True,,293.4136240758647,correct,1,0.2487992478470912,1.9499097660908302,0.0015673502446195292,correct,1,0.2487992478470912,1.9499998845190303,1.1847973729909598e-06,293.4136240758647,5,True,0.0,0.0,0.0
c19-rc-p10,c19,rc,ss,1.95,27,10,False,True,0,0,0.5,5,a0304-f5b088d24b858ac3c0f4e7e6,5,f5b088d24b858ac3c0f4e7e6853beba3e4d16ad09134425d86de66e0dc712de9,success,True,qualified,,True,,499.32000037477474,correct,1,0.5773258951756399,1.9474550371120554,0.04167713117523362,correct,1,0.5773258951756399,1.9499640546211294,0.0006250078507738202,293.4136240758647,5,True,70.17614705091918,0.32852664732854875,0.32852664732854875
c20-schematic-m10,c20,schematic,ss,1.95,125,-10,False,True,0,0,0.5,5,a0313-c13bc162cd6c9b0dd0ceebc2,5,c13bc162cd6c9b0dd0ceebc22ec50db029a649adb3d0ad831307ae82fffaff5e,success,True,qualified,,True,,322.3742153977401,correct,-1,0.2767181771582603,0.0069699696741210215,1.9497496836050867,correct,-1,0.2767181771582603,4.924156002178564e-05,1.9499987281605609,322.3742153977401,5,True,0.0,0.0,0.0
c20-rc-m10,c20,rc,ss,1.95,125,-10,False,True,0,0,0.5,5,a0314-dde9090c39b204cb99b43342,5,dde9090c39b204cb99b43342734cd691199a8eae2f30809e75822b6c0b4367d8,success,True,qualified,,True,,538.4104340957953,correct,-1,0.6274829356533204,0.07023087910850646,1.9471803965702346,correct,-1,0.6274829356533204,0.0028524503020746386,1.9498940719113684,322.3742153977401,5,True,67.0141122891957,0.35076475849506006,0.35076475849506006
c20-schematic-m03,c20,schematic,ss,1.95,125,-3,False,True,0,0,0.5,5,a0315-7e6aac0a4ff851ed27078f82,5,7e6aac0a4ff851ed27078f82fa823e639c0c9323833311f6c07db4d899872de0,success,True,qualified,,True,,327.58548410637417,correct,-1,0.3247203831048308,0.007587393761868342,1.9497289571984127,correct,-1,0.3247203831048308,5.3149886918601965e-05,1.9499985140588705,327.58548410637417,5,True,0.0,0.0,0.0
c20-rc-m03,c20,rc,ss,1.95,125,-3,False,True,0,0,0.5,5,a0316-7d5273d1ab5c8a6c65e0620e,5,7d5273d1ab5c8a6c65e0620e5f6ba72e18d6726ea39fb7bfa21b84988fe2c2ef,success,True,qualified,,True,,550.6963692505831,correct,-1,0.7375001639616888,0.08452762402024476,1.943500222567669,correct,-1,0.7375001639616888,0.003289172480343737,1.9498782244985666,327.58548410637417,5,True,68.10768363342984,0.412779780856858,0.412779780856858
c20-schematic-p03,c20,schematic,ss,1.95,125,3,False,True,0,0,0.5,5,a0317-9b547f3a2985def99cab9451,5,9b547f3a2985def99cab9451a9f02d5898ab28aa667d99f50d58438526f45c4e,success,True,qualified,,True,,327.5854841063439,correct,1,0.3247203831224597,1.9497289571984178,0.007587393761853408,correct,1,0.3247203831224597,1.9499985140588707,5.314988691920388e-05,327.5854841063439,5,True,0.0,0.0,0.0
c20-rc-p03,c20,rc,ss,1.95,125,3,False,True,0,0,0.5,5,a0318-710c156ac4eeb2077ddb52b7,5,710c156ac4eeb2077ddb52b7d039edbffe214f120e761e0d57dc2f4c811c263d,success,True,qualified,,True,,547.9936535377004,correct,1,0.7127370496598311,1.944813072040996,0.0804706433818325,correct,1,0.7127370496598311,1.9498815995171634,0.003195062191425058,327.5854841063439,5,True,67.28264227965776,0.3880166665373714,0.3880166665373714
c20-schematic-p10,c20,schematic,ss,1.95,125,10,False,True,0,0,0.5,5,a0319-d4ed3da8206544366b2f59d1,5,d4ed3da8206544366b2f59d11d3ddc1e25a9e97725a701154a2929fcc7b3e11a,success,True,qualified,,True,,322.3742153977961,correct,1,0.27671817715827024,1.9497496836050907,0.006969969674119352,correct,1,0.27671817715827024,1.94999872816056,4.924156002373958e-05,322.3742153977961,5,True,0.0,0.0,0.0
c20-rc-p10,c20,rc,ss,1.95,125,10,False,True,0,0,0.5,5,a0320-277b0759f0616bc98e470658,5,277b0759f0616bc98e470658f34dd34a0eb2954a2ecc92d7789bb640c6b0c67e,success,True,qualified,,True,,537.4837244367798,correct,1,0.6175233567457294,1.9472652245788447,0.06953399593073632,correct,1,0.6175233567457294,1.9498948604776096,0.002826555798832824,322.3742153977961,5,True,66.72664833741362,0.3408051795874592,0.3408051795874592
c21-schematic-m10,c21,schematic,ff,1.62,-40,-10,False,True,0,0,0.5,5,a0329-53e4f097b2e97acc0cacf07c,5,53e4f097b2e97acc0cacf07cbf091d8741a7410b3cf3ee37c7ca1677993b7158,success,True,qualified,,True,,169.89659670203798,correct,-1,0.20992025763496816,0.0005130209679680438,1.6199813861202765,correct,-1,0.20992025763496816,4.047948205857146e-07,1.6200000335022025,169.89659670203798,5,True,0.0,0.0,0.0
c21-rc-m10,c21,rc,ff,1.62,-40,-10,False,True,0,0,0.5,5,a0330-52af3db8d182e07756852da6,5,52af3db8d182e07756852da638a40492e103d45f2f97cabcb8783bef6d8d2105,success,True,qualified,,True,,307.2080730481701,correct,-1,0.5146621032264691,0.029889687846584564,1.619033647970594,correct,-1,0.5146621032264691,0.00018404159833581662,1.6199926180042175,169.89659670203798,5,True,80.82061619335839,0.30474184559150097,0.30474184559150097
c21-schematic-m03,c21,schematic,ff,1.62,-40,-3,False,True,0,0,0.5,5,a0331-dff3fbd3104f0751801259d6,5,dff3fbd3104f0751801259d600bbc2089a4ed8556428a7b2f7012306aabf2b5c,success,True,qualified,,True,,172.3955874176726,correct,-1,0.26221621877514906,0.0006146022871173266,1.6199780636900745,correct,-1,0.26221621877514906,3.831097563261781e-07,1.6199999868319939,172.3955874176726,5,True,0.0,0.0,0.0
c21-rc-m03,c21,rc,ff,1.62,-40,-3,False,True,0,0,0.5,5,a0332-f60d92c23f718be0345b7f13,5,f60d92c23f718be0345b7f132543b7e83a500d52c86516c8e7c460ed722046f8,success,True,qualified,,True,,313.9280500642888,correct,-1,0.6446743969915497,0.03583369175196832,1.618761378866449,correct,-1,0.6446743969915497,0.00024212803718890678,1.6199904602245516,172.3955874176726,5,True,82.09749725421769,0.38245817821640066,0.38245817821640066
c21-schematic-p03,c21,schematic,ff,1.62,-40,3,False,True,0,0,0.5,5,a0333-a2fe089029f4afd97036ab04,5,a2fe089029f4afd97036ab040c0ef987c64336c48a172088e1dab4c81e58d114,success,True,qualified,,True,,172.39558739956226,correct,1,0.262216218775159,1.6199780636900745,0.0006146022871175423,correct,1,0.262216218775159,1.6199999868319932,3.8310975446360157e-07,172.39558739956226,5,True,0.0,0.0,0.0
c21-rc-p03,c21,rc,ff,1.62,-40,3,False,True,0,0,0.5,5,a0334-3502c3c1826c94084d97302b,5,3502c3c1826c94084d97302b4a345994a19201fe66dbcc3f999134b3e8e3c481,success,True,qualified,,True,,312.99004134993834,correct,1,0.624675652682961,1.6188411735618273,0.034904528149839305,correct,1,0.624675652682961,1.6199907199581831,0.00023499683159743283,172.39558739956226,5,True,81.55339476556294,0.362459433907802,0.362459433907802
c21-schematic-p10,c21,schematic,ff,1.62,-40,10,False,True,0,0,0.5,5,a0335-0968b45276dda4d9d6073cc5,5,0968b45276dda4d9d6073cc58461fef308ce9dd7eafb15322175041957528263,success,True,qualified,,True,,169.89659670223716,correct,1,0.20992025767585074,1.6199813861202785,0.0005130209679652083,correct,1,0.20992025767585074,1.620000033502202,4.047948215683303e-07,169.89659670223716,5,True,0.0,0.0,0.0
c21-rc-p10,c21,rc,ff,1.62,-40,10,False,True,0,0,0.5,5,a0336-7844d6e2c7e15ea997db0ebe,5,7844d6e2c7e15ea997db0ebea1a02062996ec4a43a1b4b60d29eb69d69f124ac,success,True,qualified,,True,,306.7378405970344,correct,1,0.5096636984795292,1.619039702401594,0.029597024791126192,correct,1,0.5096636984795292,1.619992696750127,0.0001816413018030545,169.89659670223716,5,True,80.54384051884622,0.29974344080367843,0.29974344080367843
c22-schematic-m10,c22,schematic,ff,1.62,27,-10,False,True,0,0,0.5,5,a0345-4afae953ab410a13c4364c69,5,4afae953ab410a13c4364c6903ea55f7403999a4e5c57b30d9861c1adc79303a,success,True,qualified,,True,,186.1842048195413,correct,-1,0.2130326815356699,0.0012022980225609961,1.6199639849192613,correct,-1,0.2130326815356699,1.7164130093006887e-05,1.6199999757341228,186.1842048195413,5,True,0.0,0.0,0.0
c22-rc-m10,c22,rc,ff,1.62,27,-10,False,True,0,0,0.5,5,a0346-a09a3f52d20a781953d47117,5,a09a3f52d20a781953d47117cddd88e0eab323f7ac74654b4ecd8919bc9ee520,success,True,qualified,,True,,330.0998471585734,correct,-1,0.5213296088341312,0.032376278065134954,1.6190697782014891,correct,-1,0.5213296088341312,0.00041728878883746397,1.6199863246015451,186.1842048195413,5,True,77.29744984464288,0.30829692729846125,0.30829692729846125
c22-schematic-m03,c22,schematic,ff,1.62,27,-3,False,True,0,0,0.5,5,a0347-dd40f66f3c9846200a19f9d8,5,dd40f66f3c9846200a19f9d892ffd06cf03f1c7c9daba8c6876116a1a3ec510e,success,True,qualified,,True,,189.10071514030972,correct,-1,0.26389421761016996,0.0013679047745950002,1.619959407831313,correct,-1,0.26389421761016996,1.754318976073927e-05,1.619999985349154,189.10071514030972,5,True,0.0,0.0,0.0
c22-rc-m03,c22,rc,ff,1.62,27,-3,False,True,0,0,0.5,5,a0348-03031776d24e407effc43839,5,03031776d24e407effc43839f459c4e2a2db60546ec12eeeb323a8cba592a198,success,True,qualified,,True,,337.39357840703894,correct,-1,0.631332619214629,0.03779027215874361,1.6188389141453865,correct,-1,0.631332619214629,0.0005113547928388795,1.6199833186540256,189.10071514030972,5,True,78.42004360306004,0.36743840160445906,0.36743840160445906
c22-schematic-p03,c22,schematic,ff,1.62,27,3,False,True,0,0,0.5,5,a0349-7e8f169771b0c8f7fad2de83,5,7e8f169771b0c8f7fad2de83d5067fc37dd0dd2f2fe3cfc8e020d16c99c672be,success,True,qualified,,True,,189.10071514024307,correct,1,0.2638942176095413,1.6199594078313162,0.0013679047745947354,correct,1,0.2638942176095413,1.6199999853491514,1.7543189760369976e-05,189.10071514024307,5,True,0.0,0.0,0.0
c22-rc-p03,c22,rc,ff,1.62,27,3,False,True,0,0,0.5,5,a0350-97755abe125b236149c78042,5,97755abe125b236149c78042b767cba72ca675d452271b610042abd0b4c6d1a0,success,True,qualified,,True,,336.1112538850438,correct,1,0.6113330081069903,1.6189062874113451,0.036748211836270125,correct,1,0.6113330081069903,1.6199837814560265,0.0004966277430177555,189.10071514024307,5,True,77.74192637810656,0.347438790497449,0.347438790497449
c22-schematic-p10,c22,schematic,ff,1.62,27,10,False,True,0,0,0.5,5,a0351-91d2d3ef21aab74ab56cd417,5,91d2d3ef21aab74ab56cd4176a195e654642be6e397faa62f2d2a8da4f90dea1,success,True,qualified,,True,,186.18420481955016,correct,1,0.21303268153443905,1.6199639849192609,0.0012022980225601038,correct,1,0.21303268153443905,1.6199999757341228,1.7164130093077567e-05,186.18420481955016,5,True,0.0,0.0,0.0
c22-rc-p10,c22,rc,ff,1.62,27,10,False,True,0,0,0.5,5,a0352-3d6ccab40543882eab1a5e9e,5,3d6ccab40543882eab1a5e9e889b70c9b56cfb657cc60bccc4ca5d6d423ce7f0,success,True,qualified,,True,,329.57681458012206,correct,1,0.5163304097278613,1.6190754020836384,0.032114438949113755,correct,1,0.5163304097278613,1.6199864354432068,0.00041313699906058115,186.18420481955016,5,True,77.01652774441747,0.3032977281934222,0.3032977281934222
c23-schematic-m10,c23,schematic,ff,1.62,125,-10,False,True,0,0,0.5,5,a0361-e74db71d975bfd4d436e8bc0,5,e74db71d975bfd4d436e8bc027ec4fea27b79ad3d767b4aca09a882fcfdbbd1a,success,True,qualified,,True,,212.82304524660745,correct,-1,0.2318942622498089,0.004499966185174423,1.619901420425672,correct,-1,0.2318942622498089,0.0007817760338117781,1.6199993458537278,212.82304524660745,5,True,0.0,0.0,0.0
c23-rc-m10,c23,rc,ff,1.62,125,-10,False,True,0,0,0.5,5,a0362-975165cc7896bcfaef0a3002,5,975165cc7896bcfaef0a30026121eec1565a217fbf911de64139b81c4176292d,success,True,qualified,,True,,365.14609281964243,correct,-1,0.5433103280170193,0.04640529078875967,1.6188430786863914,correct,-1,0.5433103280170193,0.0021891577244441476,1.619959896471818,212.82304524660745,5,True,71.57262851705349,0.31141606576721037,0.31141606576721037
c23-schematic-m03,c23,schematic,ff,1.62,125,-3,False,True,0,0,0.5,5,a0363-791682b909b453fbbeaab20f,5,791682b909b453fbbeaab20fe81fd00eed38eca703353e6c4289d70a3e693fbf,success,True,qualified,,True,,216.9962865534173,correct,-1,0.27437789066371104,0.0049227362968210986,1.6198913701607047,correct,-1,0.27437789066371104,0.0007899446401385472,1.6199992718583898,216.9962865534173,5,True,0.0,0.0,0.0
c23-rc-m03,c23,rc,ff,1.62,125,-3,False,True,0,0,0.5,5,a0364-ee0dc93df51e7f5c3317b0ba,5,ee0dc93df51e7f5c3317b0baa4be11b117bd8dfdb631980a433541878bd28c0b,success,True,qualified,,True,,375.3366213989498,correct,-1,0.6433698088292498,0.05342681504568469,1.6184158043931636,correct,-1,0.6433698088292498,0.0024522834626558754,1.619952604385477,216.9962865534173,5,True,72.96914493813438,0.3689919181655387,0.3689919181655387
c23-schematic-p03,c23,schematic,ff,1.62,125,3,False,True,0,0,0.5,5,a0365-4a0d0fe3e1bf4e8e2b58a4e1,5,4a0d0fe3e1bf4e8e2b58a4e152c1833ec74ff61359db4c42006dd6038151a82a,success,True,qualified,,True,,216.99628669625037,correct,1,0.2743778906678701,1.6198913701607018,0.004922736296822449,correct,1,0.2743778906678701,1.6199992718583898,0.000789944640139208,216.99628669625037,5,True,0.0,0.0,0.0
c23-rc-p03,c23,rc,ff,1.62,125,3,False,True,0,0,0.5,5,a0366-1628ea80cc04902a3ef0c19e,5,1628ea80cc04902a3ef0c19e832424b933bbecf9aa8a41d7a0da677a23459bd4,success,True,qualified,,True,,373.20876712654655,correct,1,0.6233598207877706,1.6185560457886765,0.05184023448916694,correct,1,0.6233598207877706,1.6199539406808314,0.002404324909676793,216.99628669625037,5,True,71.9885500386286,0.34898193011990053,0.34898193011990053
c23-schematic-p10,c23,schematic,ff,1.62,125,10,False,True,0,0,0.5,5,a0367-5315a8af487f2beaa7b991da,5,5315a8af487f2beaa7b991dac18624576d7dc9b7b79073d9fdadab93cba6eda3,success,True,qualified,,True,,212.82304521618698,correct,1,0.23189426178965827,1.6199014204256565,0.004499966185054122,correct,1,0.23189426178965827,1.6199993458537358,0.000781776033821144,212.82304521618698,5,True,0.0,0.0,0.0
c23-rc-p10,c23,rc,ff,1.62,125,10,False,True,0,0,0.5,5,a0368-525d67a7bd5de4478e9b85cf,5,525d67a7bd5de4478e9b85cfa3225b486dc2fca8fe26c53fd64c2b8ea9a2ef12,success,True,qualified,,True,,364.436372496145,correct,1,0.5383197191528301,1.6188540170029226,0.046021570750883915,correct,1,0.5383197191528301,1.6199602122698171,0.002175862870076505,212.82304521618698,5,True,71.23914946614369,0.3064254573631718,0.3064254573631718
c24-schematic-m10,c24,schematic,ff,1.8,-40,-10,False,True,0,0,0.5,5,a0377-64af2d209771f1b9d7c44107,5,64af2d209771f1b9d7c4410720a21a246d9c9633bd38dff511fbac26e6e55e10,success,True,qualified,,True,,224.94673692470047,correct,-1,0.1603590450208084,1.238671464969194e-05,1.7999995012754888,correct,-1,0.1603590450208084,3.5655965075752143e-07,1.8000000285173017,224.94673692470047,5,True,0.0,0.0,0.0
c24-rc-m10,c24,rc,ff,1.8,-40,-10,False,True,0,0,0.5,5,a0378-a3fd9a46d9e23da376bd636f,5,a3fd9a46d9e23da376bd636f8a7ba66d4fd4a104212d3e3d3b0b7d2d62b3d78b,success,True,qualified,,True,,403.2938249669618,correct,-1,0.3968716809326306,0.004231115655625181,1.7997913835971888,correct,-1,0.3968716809326306,3.9827037429442395e-06,1.7999998170265463,224.94673692470047,5,True,79.28414098398852,0.2365126359118222,0.2365126359118222
c24-schematic-m03,c24,schematic,ff,1.8,-40,-3,False,True,0,0,0.5,5,a0379-a1a44a6a0b4e187180923900,5,a1a44a6a0b4e187180923900d9b3fea1b512a9c32bb60cb076eecbac66d9e625,success,True,qualified,,True,,228.08843441029785,correct,-1,0.19696929502092875,1.4207281792525649e-05,1.7999994066267233,correct,-1,0.19696929502092875,3.03617533277289e-07,1.8000000154433364,228.08843441029785,5,True,0.0,0.0,0.0
c24-rc-m03,c24,rc,ff,1.8,-40,-3,False,True,0,0,0.5,5,a0380-cd184ff58b8f9125ea62b7b8,5,cd184ff58b8f9125ea62b7b811fab7da68520fd55b58a3f73004d11281e2c694,success,True,qualified,,True,,411.3516817591999,correct,-1,0.48529626311035945,0.005213914203762127,1.799745897607105,correct,-1,0.48529626311035945,4.9633445280323e-06,1.799999772023989,228.08843441029785,5,True,80.3474528740191,0.2883269680894307,0.2883269680894307
c24-schematic-p03,c24,schematic,ff,1.8,-40,3,False,True,0,0,0.5,5,a0381-db736f010d4a9ad1f17cf0c0,5,db736f010d4a9ad1f17cf0c043e19035790c7c24145190049d782c1512191655,success,True,qualified,,True,,228.08843441035455,correct,1,0.19696929502093868,1.7999994066267242,1.4207281792917281e-05,correct,1,0.19696929502093868,1.8000000154433358,3.036175330746948e-07,228.08843441035455,5,True,0.0,0.0,0.0
c24-rc-p03,c24,rc,ff,1.8,-40,3,False,True,0,0,0.5,5,a0382-91cc1aed7f23b6af32f50e36,5,91cc1aed7f23b6af32f50e364319e59fea08aa6fcaecd534acb848c0b9db161e,success,True,qualified,,True,,409.4986906459769,correct,1,0.46520277102744945,1.7997576175642984,0.004959807115109888,correct,1,0.46520277102744945,1.7999997753216865,4.732337377037607e-06,228.08843441035455,5,True,79.53505257931958,0.26823347600651076,0.26823347600651076
c24-schematic-p10,c24,schematic,ff,1.8,-40,10,False,True,0,0,0.5,5,a0383-9f89cf516321ededf580a87e,5,9f89cf516321ededf580a87e489ab24577e7aecb2d6f65d81851f9c3d53da1b7,success,True,qualified,,True,,224.94673692464696,correct,1,0.16035904502082823,1.7999995012754888,1.2386714649243464e-05,correct,1,0.16035904502082823,1.8000000285173008,3.5655964772218384e-07,224.94673692464696,5,True,0.0,0.0,0.0
c24-rc-p10,c24,rc,ff,1.8,-40,10,False,True,0,0,0.5,5,a0384-045835058e2a42b13a2226df,5,045835058e2a42b13a2226df0c48ea6868f65021a7aa203a8e3b643414c07e02,success,True,qualified,,True,,402.5362969369923,correct,1,0.3917146184681599,1.7997934919039285,0.004176602344383509,correct,1,0.3917146184681599,1.7999998194649705,3.928758797978108e-06,224.94673692464696,5,True,78.94738214043736,0.23135557344733168,0.23135557344733168
c25-schematic-m10,c25,schematic,ff,1.8,27,-10,False,True,0,0,0.5,5,a0393-1a0a9fe17c68bee4446d7337,5,1a0a9fe17c68bee4446d7337443f9348397c8d9d0d428c3db45af48bf765c474,success,True,qualified,,True,,243.30598628393668,correct,-1,0.17105934975561798,0.00012807939288064836,1.799996011390166,correct,-1,0.17105934975561798,1.7498851287434778e-05,1.7999999659070907,243.30598628393668,5,True,0.0,0.0,0.0
c25-rc-m10,c25,rc,ff,1.8,27,-10,False,True,0,0,0.5,5,a0394-f0f93d626f86e676f9f4ee6b,5,f0f93d626f86e676f9f4ee6b059d062a3c0179945ed6bd4d262894efb93953d4,success,True,qualified,,True,,428.8840162426698,correct,-1,0.41898962196139905,0.009443926624995913,1.799631685887684,correct,-1,0.41898962196139905,5.1156078209798266e-05,1.799998788973023,243.30598628393668,5,True,76.2735158279931,0.24793027220578107,0.24793027220578107
c25-schematic-m03,c25,schematic,ff,1.8,27,-3,False,True,0,0,0.5,5,a0395-8f2d66d1ed94391730fbb09b,5,8f2d66d1ed94391730fbb09b5ce9a2b81b4885a15b0d573d3e2680704959448e,success,True,qualified,,True,,247.50871235429508,correct,-1,0.20466483188667098,0.00014257371520240303,1.799995718636118,correct,-1,0.20466483188667098,1.773736756817714e-05,1.8000000465555634,247.50871235429508,5,True,0.0,0.0,0.0
c25-rc-m03,c25,rc,ff,1.8,27,-3,False,True,0,0,0.5,5,a0396-80c59b32b6f65db4c2a81a09,5,80c59b32b6f65db4c2a81a098673cc28604c4ee140de90b5470691183a847f23,success,True,qualified,,True,,439.4122376334394,correct,-1,0.498306256309659,0.011331464646315001,1.799563183435506,correct,-1,0.498306256309659,5.7913132049770227e-05,1.799998530769739,247.50871235429508,5,True,77.5340485810637,0.293641424422988,0.293641424422988
c25-schematic-p03,c25,schematic,ff,1.8,27,3,False,True,0,0,0.5,5,a0397-073ae7a59f1fe66b8657c9f7,5,073ae7a59f1fe66b8657c9f7e86edf11a37d200047c6f5ec850cbdb71be4e72a,success,True,qualified,,True,,247.50871235431174,correct,1,0.20466483188668091,1.7999957186361193,0.00014257371520313722,correct,1,0.20466483188668091,1.8000000465555632,1.7737367576576886e-05,247.50871235431174,5,True,0.0,0.0,0.0
c25-rc-p03,c25,rc,ff,1.8,27,3,False,True,0,0,0.5,5,a0398-f38a6172c1c2d64e5ff7ad80,5,f38a6172c1c2d64e5ff7ad80b0fcc3dc25ec7f2e756fb75f7a59e0f2d01c859a,success,True,qualified,,True,,436.6435780016117,correct,1,0.47881949250310085,1.7995820887679128,0.010809886483335448,correct,1,0.47881949250310085,1.7999985932761287,5.626295213168936e-05,247.50871235431174,5,True,76.41543760146554,0.2741546606164199,0.2741546606164199
c25-schematic-p10,c25,schematic,ff,1.8,27,10,False,True,0,0,0.5,5,a0399-1c05f8e523bcfb3990ceb714,5,1c05f8e523bcfb3990ceb71483d5b71bd25e715640d40b7317afc793c5b8c499,success,True,qualified,,True,,243.3059862839287,correct,1,0.17105934975552867,1.799996011390166,0.0001280793928808097,correct,1,0.17105934975552867,1.7999999659070882,1.749885128622402e-05,243.3059862839287,5,True,0.0,0.0,0.0
c25-rc-p10,c25,rc,ff,1.8,27,10,False,True,0,0,0.5,5,a0400-1733cea729833823261f1153,5,1733cea729833823261f115390be313d86d104f5a8dec2c8af05417868d5e707,success,True,qualified,,True,,427.93861338248735,correct,1,0.4131803241371184,1.799635388452802,0.009323501176263297,correct,1,0.4131803241371184,1.7999988034066563,5.074675846807705e-05,243.3059862839287,5,True,75.88495043566232,0.24212097438158975,0.24212097438158975
c26-schematic-m10,c26,schematic,ff,1.8,125,-10,False,True,0,0,0.5,5,a0409-2b9436da61c05c741652cb20,5,2b9436da61c05c741652cb20f821102fb4b2b7b25cc317d9a8f525c4660b9f9f,success,True,qualified,,True,,274.99579533335043,correct,-1,0.1938921661272785,0.0017303357230943769,1.799973697311963,correct,-1,0.1938921661272785,0.0008247425600050905,1.7999996450279214,274.99579533335043,5,True,0.0,0.0,0.0
c26-rc-m10,c26,rc,ff,1.8,125,-10,False,True,0,0,0.5,5,a0410-15091d1909e619502550ab18,5,15091d1909e619502550ab184509602e48407164fbe5099068e7dbb3f44d2661,success,True,qualified,,True,,470.7085736951022,correct,-1,0.4583822450749601,0.023377948308197456,1.7992890532825923,correct,-1,0.4583822450749601,0.0012335181939259025,1.7999904040881498,274.99579533335043,5,True,71.16937119875173,0.2644900789476816,0.2644900789476816
c26-schematic-m03,c26,schematic,ff,1.8,125,-3,False,True,0,0,0.5,5,a0411-cd3f24bf161a78be6ab0483a,5,cd3f24bf161a78be6ab0483a57e763d51c03fdb065e2855693fba41f04b946a5,success,True,qualified,,True,,280.79033484704496,correct,-1,0.2281179252844397,0.0018296008717514527,1.7999706838256893,correct,-1,0.2281179252844397,0.0008293099037489313,1.7999996348039722,280.79033484704496,5,True,0.0,0.0,0.0
c26-rc-m03,c26,rc,ff,1.8,125,-3,False,True,0,0,0.5,5,a0412-16d88e2bfccfd580cf04fa0d,5,16d88e2bfccfd580cf04fa0d3c00d1296e34670fe36292d47731d042f5b1c91b,success,True,qualified,,True,,485.40814017004743,correct,-1,0.5401700750293494,0.027281192619755756,1.799170947517663,correct,-1,0.5401700750293494,0.001287563540895879,1.7999887898212135,280.79033484704496,5,True,72.87209705222368,0.31205214974490975,0.31205214974490975
c26-schematic-p03,c26,schematic,ff,1.8,125,3,False,True,0,0,0.5,5,a0413-065fedeeda54c8eeae202fda,5,065fedeeda54c8eeae202fdac8d8f7976069b621ebaa706110411116da53faae,success,True,qualified,,True,,280.79033486970195,correct,1,0.22811792558836902,1.7999706838256377,0.0018296008716967322,correct,1,0.22811792558836902,1.7999996348039737,0.0008293099037565907,280.79033486970195,5,True,0.0,0.0,0.0
c26-rc-p03,c26,rc,ff,1.8,125,3,False,True,0,0,0.5,5,a0414-758ee71f45fae64247bb02e4,5,758ee71f45fae64247bb02e48eb5553d8df04a080e3c4acd9ef6a49051a4e152,success,True,qualified,,True,,481.1897420709263,correct,1,0.5153433673308213,1.7992073903762762,0.026130270109204882,correct,1,0.5153433673308213,1.7999892175603964,0.0012743415736171655,280.79033486970195,5,True,71.36976680277039,0.2872254417424523,0.2872254417424523
c26-schematic-p10,c26,schematic,ff,1.8,125,10,False,True,0,0,0.5,5,a0415-b33e805af17c0e48596d1823,5,b33e805af17c0e48596d1823172fba8a139fce692bd83be68db904e5ce08db76,success,True,qualified,,True,,274.9957951544281,correct,1,0.1938921657405881,1.799973697311621,0.0017303357233999293,correct,1,0.1938921657405881,1.7999996450278652,0.0008247425600923502,274.9957951544281,5,True,0.0,0.0,0.0
c26-rc-p10,c26,rc,ff,1.8,125,10,False,True,0,0,0.5,5,a0416-daa53056ca7448e04f2a09db,5,daa53056ca7448e04f2a09db94e2ff154cb90a4c8f4bbf83ab27483350746cad,success,True,qualified,,True,,469.3642985906668,correct,1,0.4481857310771092,1.7992961619683145,0.023090215958754923,correct,1,0.4481857310771092,1.7999905024358496,0.001230224118472735,274.9957951544281,5,True,70.68053652496327,0.2542935653365211,0.2542935653365211
c27-schematic-m10,c27,schematic,ff,1.95,27,-10,False,True,0,0,0.5,5,a0425-e67e2b026dfc1280b70722c8,5,e67e2b026dfc1280b70722c84412ebc57b4a87bc1072c70a042e8fd3db2750f3,success,True,qualified,,True,,297.1156637725961,correct,-1,0.1524419734287309,4.037690581780246e-05,1.9499992032177338,correct,-1,0.1524419734287309,2.004704455636551e-05,1.949999997143444,297.1156637725961,5,True,0.0,0.0,0.0
c27-rc-m10,c27,rc,ff,1.95,27,-10,False,True,0,0,0.5,5,a0426-1f496fc0984834128046738e,5,1f496fc0984834128046738ecc602c44786278de0034def2943f80bef0e3e00b,success,True,qualified,,True,,522.0183420444163,correct,-1,0.37357188074415,0.0040682159638537425,1.9498211375908223,correct,-1,0.37357188074415,3.098097637000464e-05,1.949999737656742,297.1156637725961,5,True,75.69532868652603,0.2211299073154191,0.2211299073154191
c27-schematic-m03,c27,schematic,ff,1.95,27,-3,False,True,0,0,0.5,5,a0427-b248945660817281efd61521,5,b248945660817281efd615211a307e2157d3b2ffc494b74feea90c251d492eaa,success,True,qualified,,True,,302.801979461851,correct,-1,0.17866804094165964,4.2941228055836044e-05,1.949999094290605,correct,-1,0.17866804094165964,2.01674518758161e-05,1.9500000204893708,302.801979461851,5,True,0.0,0.0,0.0
c27-rc-m03,c27,rc,ff,1.95,27,-3,False,True,0,0,0.5,5,a0428-61bedb0bf3c73cbaa4657f43,5,61bedb0bf3c73cbaa4657f435a04cc0e1d5ada0a298d4d10b1dbc5316df05c55,success,True,qualified,,True,,536.74450106148,correct,-1,0.44125947661786935,0.004947302110419153,1.9497835212869519,correct,-1,0.44125947661786935,3.2246229234693405e-05,1.949999686858226,302.801979461851,5,True,77.25924447898225,0.2625914356762097,0.2625914356762097
c27-schematic-p03,c27,schematic,ff,1.95,27,3,False,True,0,0,0.5,5,a0429-0f844daa1f6ea313cb3bf54e,5,0f844daa1f6ea313cb3bf54e7fc359f33334c059cacee7c9c0a9c009f8ff94b9,success,True,qualified,,True,,302.8019794614854,correct,1,0.1786680409438401,1.9499990942906038,4.2941228054674016e-05,correct,1,0.1786680409438401,1.9500000204893724,2.016745187381405e-05,302.8019794614854,5,True,0.0,0.0,0.0
c27-rc-p03,c27,rc,ff,1.95,27,3,False,True,0,0,0.5,5,a0430-2f730a86d73b91b83eb3ec98,5,2f730a86d73b91b83eb3ec98dca4568d79a2f69acdf1770a10521ac2c8e64fc2,success,True,qualified,,True,,531.7497783885392,correct,1,0.4197064996021101,1.9497967716917484,0.004633778619992963,correct,1,0.4197064996021101,1.9499997036937884,3.186394577266976e-05,302.8019794614854,5,True,75.6097431510267,0.24103845865827,0.24103845865827
c27-schematic-p10,c27,schematic,ff,1.95,27,10,False,True,0,0,0.5,5,a0431-f1a45ebefeb63db20385c29e,5,f1a45ebefeb63db20385c29e1bd7932900350669fefd801e994fd66394c93a9d,success,True,qualified,,True,,297.1156637727753,correct,1,0.15244197342875074,1.9499992032177338,4.0376905816937145e-05,correct,1,0.15244197342875074,1.9499999971434447,2.004704455508978e-05,297.1156637727753,5,True,0.0,0.0,0.0
c27-rc-p10,c27,rc,ff,1.95,27,10,False,True,0,0,0.5,5,a0432-88525a32c3f2cc9be462114e,5,88525a32c3f2cc9be462114e51bc30b92a724b6673e2807611c54ce812d287d5,success,True,qualified,,True,,520.4460455824789,correct,1,0.36512019542645113,1.9498238030343198,0.003997082438052893,correct,1,0.36512019542645113,1.949999745136945,3.0896347588191455e-05,297.1156637727753,5,True,75.16614202491176,0.2126782219977004,0.2126782219977004
c28-schematic-m10,c28,schematic,sf,1.62,-40,-10,False,True,0,0,0.5,5,a0441-0fd3d9d02909b6cf39038e4a,5,0fd3d9d02909b6cf39038e4a8b31dbee5530314bc9876a849c2d2a766ab12271,success,True,qualified,,True,,174.59402251798377,correct,-1,0.2628674723129807,0.00022551905019166458,1.6199713186133184,correct,-1,0.2628674723129807,1.965655912176137e-08,1.61999998555972,174.59402251798377,5,True,0.0,0.0,0.0
c28-rc-m10,c28,rc,sf,1.62,-40,-10,False,True,0,0,0.5,5,a0442-7f9f48eaf6ea6fa71cca3f1b,5,7f9f48eaf6ea6fa71cca3f1b3e8b05b54f059bc57b0328ac15f36081360bb058,success,True,qualified,,True,,315.1637803954286,correct,-1,0.5934732380631884,0.018431490508493777,1.614855331145502,correct,-1,0.5934732380631884,7.229689971358888e-05,1.6199902529690784,174.59402251798377,5,True,80.51235423192433,0.3306057657502077,0.3306057657502077
c28-schematic-m03,c28,schematic,sf,1.62,-40,-3,False,True,0,0,0.5,5,a0443-43789a1d3f1510d167466452,5,43789a1d3f1510d1674664526c737b4bb401313bdf3dc41c6dbb07f741e88bbc,success,True,qualified,,True,,176.97407291876777,correct,-1,0.3833339032244987,0.0003062368962460007,1.6199615711328226,correct,-1,0.3833339032244987,2.103208548932199e-08,1.619999975079796,176.97407291876777,5,True,0.0,0.0,0.0
c28-rc-m03,c28,rc,sf,1.62,-40,-3,False,True,0,0,0.5,5,a0444-7bc9982489a3b3b200b028bc,5,7bc9982489a3b3b200b028bca8b68a18954d000e61347f887662bfae3dbf19fe,success,True,qualified,,True,,321.4931597813713,correct,-1,0.8539051588072609,0.03195167936191009,1.5521418278301602,correct,-1,0.8539051588072609,0.0001242054878369992,1.619983386005198,176.97407291876777,5,True,81.661163400437,0.47057125558276225,0.47057125558276225
c28-schematic-p03,c28,schematic,sf,1.62,-40,3,False,True,0,0,0.5,5,a0445-fc07921fe2fe035cbf78d28a,5,fc07921fe2fe035cbf78d28a213c48a09c53f59c0a4a9bee3d778791f9e61d33,success,True,qualified,,True,,176.97407291915442,correct,1,0.383333903278229,1.6199615711328241,0.0003062368962449616,correct,1,0.383333903278229,1.6199999750797955,2.1032085660277386e-08,176.97407291915442,5,True,0.0,0.0,0.0
c28-rc-p03,c28,rc,sf,1.62,-40,3,False,True,0,0,0.5,5,a0446-fb2ae609b9a76b1c0d8800db,5,fb2ae609b9a76b1c0d8800db31dfa871e3f992af59620f97c4f18cadfda8aa2d,success,True,qualified,,True,,320.4408046557793,correct,1,0.7989057112077588,1.581877916513694,0.027368718273574674,correct,1,0.7989057112077588,1.6199853922135548,0.00010925233631097542,176.97407291915442,5,True,81.0665253786432,0.41557180792952975,0.41557180792952975
c28-schematic-p10,c28,schematic,sf,1.62,-40,10,False,True,0,0,0.5,5,a0447-1210dbdad970a6964d4262a1,5,1210dbdad970a6964d4262a131ca4a3e549f2e5d667b8e0ce0faae4674c9dac7,success,True,qualified,,True,,174.5940225179868,correct,1,0.2628674723330911,1.6199713186133207,0.0002255190501923701,correct,1,0.2628674723330911,1.6199999855597216,1.96565589454433e-08,174.5940225179868,5,True,0.0,0.0,0.0
c28-rc-p10,c28,rc,sf,1.62,-40,10,False,True,0,0,0.5,5,a0448-c22d9c245632ca4f8703dfe2,5,c22d9c245632ca4f8703dfe2884a55e96cd0a1efb0bd915667e31d02e476ce44,success,True,qualified,,True,,314.63400644478565,correct,1,0.5834751874821487,1.615271330900791,0.018132352644621586,correct,1,0.5834751874821487,1.6199903827488937,7.102220768720878e-05,174.5940225179868,5,True,80.20892233717329,0.32060771514905756,0.32060771514905756
c29-schematic-m10,c29,schematic,sf,1.62,27,-10,False,True,0,0,0.5,5,a0457-2a2e60e60e88dfa11c9c0886,5,2a2e60e60e88dfa11c9c08862c220553b4a0bbcd151587321dafa6224cc4eddf,success,True,qualified,,True,,190.5535857913024,correct,-1,0.26568767573637914,0.0007184020779780929,1.6199393629332461,correct,-1,0.26568767573637914,3.8214840647141217e-07,1.6200000190116606,190.5535857913024,5,True,0.0,0.0,0.0
c29-rc-m10,c29,rc,sf,1.62,27,-10,False,True,0,0,0.5,5,a0458-bdc94d73f686cca3baf04faa,5,bdc94d73f686cca3baf04faa1a438ab0ec971ff071eb4dc25bf6d10831776e10,success,True,qualified,,True,,337.37720858997943,correct,-1,0.5897511878852889,0.024555472716129227,1.6163119980873308,correct,-1,0.5897511878852889,0.00022217805445731665,1.619980058593021,190.5535857913024,5,True,77.05109415231934,0.32406351214890977,0.32406351214890977
c29-schematic-m03,c29,schematic,sf,1.62,27,-3,False,True,0,0,0.5,5,a0459-9f9c3be207245c067385d171,5,9f9c3be207245c067385d17182ea8e10dc84d46a2e38c9169b0bd84638f66a16,success,True,qualified,,True,,193.02630569117534,correct,-1,0.364896467537461,0.0008751670173070085,1.6199266943545148,correct,-1,0.364896467537461,4.902278361282035e-07,1.6200000121576161,193.02630569117534,5,True,0.0,0.0,0.0
c29-rc-m03,c29,rc,sf,1.62,27,-3,False,True,0,0,0.5,5,a0460-34931eee214e1bbce4300caa,5,34931eee214e1bbce4300caab7db50944b2495f509bee8c295ec0b454b77b5c0,success,True,qualified,,True,,343.6934002870978,correct,-1,0.8097529196979507,0.03750811824785839,1.5864235650480212,correct,-1,0.8097529196979507,0.00032397962535293974,1.619971225329392,193.02630569117534,5,True,78.0552132811246,0.4448564521604897,0.4448564521604897
c29-schematic-p03,c29,schematic,sf,1.62,27,3,False,True,0,0,0.5,5,a0461-dfd81a2f840f72f9c75adaf6,5,dfd81a2f840f72f9c75adaf6299ec21a0fb0bad5f31248d73986bc1c663f4031,success,True,qualified,,True,,193.0263056916061,correct,1,0.36489646732314845,1.6199266943544965,0.0008751670173398379,correct,1,0.36489646732314845,1.6200000121576086,4.902278304048815e-07,193.0263056916061,5,True,0.0,0.0,0.0
c29-rc-p03,c29,rc,sf,1.62,27,3,False,True,0,0,0.5,5,a0462-b88cca7b78ffa5d9a2c57958,5,b88cca7b78ffa5d9a2c579585b7b696bb1a6fe5b07c23c752f79ccd0af31dee8,success,True,qualified,,True,,342.4694887329843,correct,1,0.7597532583262906,1.6007120543113353,0.03301403656663353,correct,1,0.7597532583262906,1.6199736250163213,0.00029624761054056995,193.0263056916061,5,True,77.4211486387458,0.39485679100314214,0.39485679100314214
c29-schematic-p10,c29,schematic,sf,1.62,27,10,False,True,0,0,0.5,5,a0463-0490efd5b0b8d3d070f199bb,5,0490efd5b0b8d3d070f199bbebdb38da6b3d7fd6f950306c565935d0743f880b,success,True,qualified,,True,,190.5535857912574,correct,1,0.2656876757355189,1.6199393629332448,0.0007184020779776864,correct,1,0.2656876757355189,1.6200000190116575,3.821484056590929e-07,190.5535857912574,5,True,0.0,0.0,0.0
c29-rc-p10,c29,rc,sf,1.62,27,10,False,True,0,0,0.5,5,a0464-77c844b839f320aa042dc847,5,77c844b839f320aa042dc847cce259acba9eb5a5cbd2e65bcfd43278e76165f1,success,True,qualified,,True,,336.8030618893819,correct,1,0.5747518456714181,1.6165969991742404,0.024164441586998438,correct,1,0.5747518456714181,1.6199803195959084,0.00021850583676726387,190.5535857912574,5,True,76.7497895622568,0.30906416993589925,0.30906416993589925
c30-schematic-m10,c30,schematic,sf,1.62,125,-10,False,True,0,0,0.5,5,a0475-ccd9fb47b160de5914723c88,5,ccd9fb47b160de5914723c8895f6644a64a3d3e67ec383c273d88c2f72499639,success,True,qualified,,True,,212.80922022205365,correct,-1,0.2541942956388003,0.002751140945348516,1.6198505662839966,correct,-1,0.2541942956388003,8.304008618370215e-06,1.6199987853787279,212.80922022205365,5,True,0.0,0.0,0.0
c30-rc-m10,c30,rc,sf,1.62,125,-10,False,True,0,0,0.5,5,a0476-06303414b1ec3da035edf4d5,5,06303414b1ec3da035edf4d5b0e185a732462a10b7342f13cf159fe3e4c54e48,success,True,qualified,,True,,367.5109899006815,correct,-1,0.5677909746431209,0.038865740967035746,1.6171035270028224,correct,-1,0.5677909746431209,0.0008993974099526176,1.61994709866007,212.80922022205365,5,True,72.69505029772951,0.3135966790043206,0.3135966790043206
c30-schematic-m03,c30,schematic,sf,1.62,125,-3,False,True,0,0,0.5,5,a0477-a8ecdecab3fea59e42f4ecef,5,a8ecdecab3fea59e42f4ecef985be69e8f6d27feae34ae4b090b5349cf1e02fb,success,True,qualified,,True,,216.04153123364426,correct,-1,0.3202074587025485,0.003081583047605905,1.6198337201628752,correct,-1,0.3202074587025485,9.352484246186728e-06,1.6199987062229126,216.04153123364426,5,True,0.0,0.0,0.0
c30-rc-m03,c30,rc,sf,1.62,125,-3,False,True,0,0,0.5,5,a0478-f818f95b4c91a9725509285b,5,f818f95b4c91a9725509285bf1781a84e09c2c4ee79ff433ed576c73721f9745,success,True,qualified,,True,,375.3068371744298,correct,-1,0.7218616708471397,0.0490230931022432,1.6090687476518235,correct,-1,0.7218616708471397,0.0011130292320280762,1.61993524843589,216.04153123364426,5,True,73.71976352479355,0.4016542121445912,0.4016542121445912
c30-schematic-p03,c30,schematic,sf,1.62,125,3,False,True,0,0,0.5,5,a0479-c560f29967a1d4ad6ee327cf,5,c560f29967a1d4ad6ee327cfc4e2b2de2e8048a409d1efd15e9ac5cc648937ee,success,True,qualified,,True,,216.04153123358887,correct,1,0.32020745870244927,1.6198337201628754,0.0030815830476043755,correct,1,0.32020745870244927,1.6199987062229146,9.352484245774062e-06,216.04153123358887,5,True,0.0,0.0,0.0
c30-rc-p03,c30,rc,sf,1.62,125,3,False,True,0,0,0.5,5,a0480-d90cc40c989de4af2bf0b99b,5,d90cc40c989de4af2bf0b99b25b8d90acee26682ad26a30ab55159dd1554ffef,success,True,qualified,,True,,373.38631198431847,correct,1,0.6869130167961209,1.6125745437350973,0.045711019308160655,correct,1,0.6869130167961209,1.6199381927921315,0.0010592510843204853,216.04153123358887,5,True,72.83080241669133,0.36670555809367167,0.36670555809367167
c30-schematic-p10,c30,schematic,sf,1.62,125,10,False,True,0,0,0.5,5,a0481-d077354f7722d7614bac1596,5,d077354f7722d7614bac1596b889adae25f7d834002b7dfc0b0363b235327c78,success,True,qualified,,True,,212.80922022203106,correct,1,0.25419429563884,1.6198505662839975,0.0027511409453493383,correct,1,0.25419429563884,1.6199987853787265,8.304008618384715e-06,212.80922022203106,5,True,0.0,0.0,0.0
c30-rc-p10,c30,rc,sf,1.62,125,10,False,True,0,0,0.5,5,a0482-6b45d0b5150eacd286c206d4,5,6b45d0b5150eacd286c206d4e231587301c7ee66e184d60d01f68f80b1a8f54a,success,True,qualified,,True,,366.8303203061541,correct,1,0.5579843085674511,1.617258649892562,0.03838217446434836,correct,1,0.5579843085674511,1.6199476259153824,0.0008877919437980993,212.80922022203106,5,True,72.37520062496709,0.3037900129286111,0.3037900129286111
c31-schematic-m10,c31,schematic,sf,1.8,-40,-10,False,True,0,0,0.5,5,a0491-0f0985474ad36d6a1e1bd98b,5,0f0985474ad36d6a1e1bd98b42fd9b837c4f389ecb42d31800aaafa460554c7d,success,True,qualified,,True,,230.5296874795796,correct,-1,0.22350696368217948,6.418965146537167e-06,1.799999053850682,correct,-1,0.22350696368217948,3.276949147574695e-08,1.8000000296255565,230.5296874795796,5,True,0.0,0.0,0.0
c31-rc-m10,c31,rc,sf,1.8,-40,-10,False,True,0,0,0.5,5,a0492-f6c26662ec3fae962be5e50b,5,f6c26662ec3fae962be5e50b530def474d6bb8c5c3fafc199ad25fb33f7d053b,success,True,qualified,,True,,412.221582134159,correct,-1,0.5018196129897884,0.0031855159903415487,1.799210465030047,correct,-1,0.5018196129897884,1.9937868611496686e-06,1.7999996608022664,230.5296874795796,5,True,78.81496593390982,0.2783126493076089,0.2783126493076089
c31-schematic-m03,c31,schematic,sf,1.8,-40,-3,False,True,0,0,0.5,5,a0493-320a24a8151e1760df23413d,5,320a24a8151e1760df23413d09a05c005bf4800ef5c02fa5d2b69475a58fe994,success,True,qualified,,True,,233.1109695087916,correct,-1,0.3000497879786292,8.903262851965035e-06,1.799998792428212,correct,-1,0.3000497879786292,7.357172659648845e-08,1.8000000699729553,233.1109695087916,5,True,0.0,0.0,0.0
c31-rc-m03,c31,rc,sf,1.8,-40,-3,False,True,0,0,0.5,5,a0494-f1cba6c24e496a59728faa60,5,f1cba6c24e496a59728faa60bdbfd282a98ed82cb1a5de3cba84bd08574d857c,success,True,qualified,,True,,419.19797657686297,correct,-1,0.6744169630423582,0.005886181439000325,1.795724973980612,correct,-1,0.6744169630423582,3.5813788095151208e-06,1.7999993877978235,233.1109695087916,5,True,79.82764923512242,0.374367175063729,0.374367175063729
c31-schematic-p03,c31,schematic,sf,1.8,-40,3,False,True,0,0,0.5,5,a0495-d8fcf743eac1c37542672a79,5,d8fcf743eac1c37542672a795885fc2939719d810466d7d9ac866b5b5b964aca,success,True,qualified,,True,,233.11096950869006,correct,1,0.3000497879786093,1.799998792428215,8.90326285096324e-06,correct,1,0.3000497879786093,1.8000000699729553,7.357172739522092e-08,233.11096950869006,5,True,0.0,0.0,0.0
c31-rc-p03,c31,rc,sf,1.8,-40,3,False,True,0,0,0.5,5,a0496-d076c34bdc888d13003d88a1,5,d076c34bdc888d13003d88a1983d60e20786c8ef0e3a3cd3f4830ddb395d1ca0,success,True,qualified,,True,,417.4281771232778,correct,1,0.6273638298280996,1.7975822605005223,0.004755741015786332,correct,1,0.6273638298280996,1.7999994965399926,2.958338782631839e-06,233.11096950869006,5,True,79.0684402381659,0.32731404184949026,0.32731404184949026
c31-schematic-p10,c31,schematic,sf,1.8,-40,10,False,True,0,0,0.5,5,a0497-9bc2aa943ad46ddee15ea118,5,9bc2aa943ad46ddee15ea1182ad15e5e55d637a6a7191859aacedd78948e4198,success,True,qualified,,True,,230.52968748180112,correct,1,0.22350696368202067,1.799999053850681,6.418965146369667e-06,correct,1,0.22350696368202067,1.8000000296255558,3.276949384276637e-08,230.52968748180112,5,True,0.0,0.0,0.0
c31-rc-p10,c31,rc,sf,1.8,-40,10,False,True,0,0,0.5,5,a0498-7cb2b871aec904e441da1790,5,7cb2b871aec904e441da179058a26d3ef33fcb8a93f938ae42ba55ecbff48fb1,success,True,qualified,,True,,411.4097238617927,correct,1,0.4854875928582688,1.7992688294920047,0.00308260977719899,correct,1,0.4854875928582688,1.7999996732764378,1.933378144696433e-06,230.52968748180112,5,True,78.46279512016037,0.26198062917624815,0.26198062917624815
c32-schematic-m10,c32,schematic,sf,1.8,27,-10,False,True,0,0,0.5,5,a0507-26ca5fef0fb14cc827d1e490,5,26ca5fef0fb14cc827d1e490e3fb8f82b78859bf51571cfaef033bd9c74463a3,success,True,qualified,,True,,248.11058922997796,correct,-1,0.2199217499037612,7.229183849039015e-05,1.7999925138646826,correct,-1,0.2199217499037612,-4.479045245964511e-08,1.799999895923896,248.11058922997796,5,True,0.0,0.0,0.0
c32-rc-m10,c32,rc,sf,1.8,27,-10,False,True,0,0,0.5,5,a0508-445666a7d8db91be6490a23c,5,445666a7d8db91be6490a23c0e54c64835d3e6a31ea42f7ef9fc32caa67909e6,success,True,qualified,,True,,436.5978708057429,correct,-1,0.49849382023237865,0.007724277201641412,1.7990288501697393,correct,-1,0.49849382023237865,1.8918251409104504e-05,1.7999979632209926,248.11058922997796,5,True,75.96905966840974,0.2785720703286174,0.2785720703286174
c32-schematic-m03,c32,schematic,sf,1.8,27,-3,False,True,0,0,0.5,5,a0509-6ee597edfd91be45fc3af76b,5,6ee597edfd91be45fc3af76baf7fee5d0a793f0d25521ab5a5f109cee074fbcb,success,True,qualified,,True,,251.1552851912578,correct,-1,0.27893828797980896,8.543000182735366e-05,1.7999914774100443,correct,-1,0.27893828797980896,7.838417462328045e-08,1.800000031570383,251.1552851912578,5,True,0.0,0.0,0.0
c32-rc-m03,c32,rc,sf,1.8,27,-3,False,True,0,0,0.5,5,a0510-23a6361f877e92e3a8beff76,5,23a6361f877e92e3a8beff76487b032ac80e224eab373e8b450ccc22e7049f4e,success,True,qualified,,True,,444.34376428564974,correct,-1,0.636680374102588,0.01079643036547438,1.797410979002046,correct,-1,0.636680374102588,2.6246028069657793e-05,1.799997196357697,251.1552851912578,5,True,76.91993379604835,0.3577420861227791,0.3577420861227791
c32-schematic-p03,c32,schematic,sf,1.8,27,3,False,True,0,0,0.5,5,a0511-39ef47eb7f57e6b67899486e,5,39ef47eb7f57e6b67899486e3f95abb77a0fd786a04c2751bfa49f06f930e819,success,True,qualified,,True,,251.15528516826447,correct,1,0.27893828798014975,1.7999914774100416,8.543000182667565e-05,correct,1,0.27893828798014975,1.8000000315703872,7.838420935904227e-08,251.15528516826447,5,True,0.0,0.0,0.0
c32-rc-p03,c32,rc,sf,1.8,27,3,False,True,0,0,0.5,5,a0512-a9e9f8f493bdfb898fec55aa,5,a9e9f8f493bdfb898fec55aa549f23168c6545f033f540140b94a2a64491b36b,success,True,qualified,,True,,442.01169272075987,correct,1,0.5970483492889589,1.798210249552911,0.009622865573458613,correct,1,0.5970483492889589,1.799997462441576,2.36662944560944e-05,251.15528516826447,5,True,75.99139608972547,0.31811006130880914,0.31811006130880914
c32-schematic-p10,c32,schematic,sf,1.8,27,10,False,True,0,0,0.5,5,a0513-2a5afaefcf7adca3a6a08a6b,5,2a5afaefcf7adca3a6a08a6b5eb809b1baa5eb909ad51600415475244132b3db,success,True,qualified,,True,,248.1105892295664,correct,1,0.2199217499037612,1.7999925138646815,7.229183849023767e-05,correct,1,0.2199217499037612,1.799999895923896,-4.479046068910846e-08,248.1105892295664,5,True,0.0,0.0,0.0
c32-rc-p10,c32,rc,sf,1.8,27,10,False,True,0,0,0.5,5,a0514-1396924d59b191c68ae743e7,5,1396924d59b191c68ae743e75c843590c833e0409a983ae7b61e3eccc191e1e0,success,True,qualified,,True,,435.69556561188733,correct,1,0.4886563713580093,1.7990737214526327,0.007543607539629386,correct,1,0.4886563713580093,1.7999980024238678,1.847740295234709e-05,248.1105892295664,5,True,75.60538909879271,0.2687346214542481,0.2687346214542481
c33-schematic-m10,c33,schematic,sf,1.8,125,-10,False,True,0,0,0.5,5,a0523-f9558b3066d7091347d981c7,5,f9558b3066d7091347d981c761adf84c37f7c758d2572b55025fb32c49cb3823,success,True,qualified,,True,,273.14746113382455,correct,-1,0.2172373401878611,0.0006852189867840297,1.7999571095720643,correct,-1,0.2172373401878611,2.0338386750485737e-06,1.7999991064490326,273.14746113382455,5,True,0.0,0.0,0.0
c33-rc-m10,c33,rc,sf,1.8,125,-10,False,True,0,0,0.5,5,a0524-a337582934d8aa4e1a9481a2,5,a337582934d8aa4e1a9481a27be87f807a954169ea082eedb54a27cd43dce669,success,True,qualified,,True,,470.58692756459993,correct,-1,0.48445908900718854,0.019185957509534488,1.7986937839827855,correct,-1,0.48445908900718854,0.0001835677226343502,1.7999869936296582,273.14746113382455,5,True,72.28310510784605,0.2672217488193275,0.2672217488193275
c33-schematic-m03,c33,schematic,sf,1.8,125,-3,False,True,0,0,0.5,5,a0525-4e9dc79c3954422ea23608ff,5,4e9dc79c3954422ea23608ff0a5a1d935ce9b559092629c113911cc85386d549,success,True,qualified,,True,,277.6839137409915,correct,-1,0.2613704821867702,0.00076013742924743,1.7999526622845476,correct,-1,0.2613704821867702,2.1266351764139846e-06,1.799999136304746,277.6839137409915,5,True,0.0,0.0,0.0
c33-rc-m03,c33,rc,sf,1.8,125,-3,False,True,0,0,0.5,5,a0526-bbb04ebb4c787a173d70fb69,5,bbb04ebb4c787a173d70fb695c74dd01225b88db4b6db22129ffc28d613e737a,success,True,qualified,,True,,481.99408891151506,correct,-1,0.5965996369408406,0.02336180353037069,1.797873627800523,correct,-1,0.5965996369408406,0.00022430699725922457,1.7999843637353696,277.6839137409915,5,True,73.57652534424194,0.3352291547540704,0.3352291547540704
c33-schematic-p03,c33,schematic,sf,1.8,125,3,False,True,0,0,0.5,5,a0527-18e51fec23ee39354c8f86f2,5,18e51fec23ee39354c8f86f26e127eb62b2f373b49156b2379dcf85f009490ff,success,True,qualified,,True,,277.68391374117044,correct,1,0.2613704822035289,1.7999526622845468,0.000760137429252195,correct,1,0.2613704822035289,1.7999991363047456,2.12663517617149e-06,277.68391374117044,5,True,0.0,0.0,0.0
c33-rc-p03,c33,rc,sf,1.8,125,3,False,True,0,0,0.5,5,a0528-2bf9e43d530cee650229d944,5,2bf9e43d530cee650229d94489cf909d393acd0c771f4180e005f85753398097,success,True,qualified,,True,,478.10103880373214,correct,1,0.5621957620584908,1.7982649893557558,0.021798041664964848,correct,1,0.5621957620584908,1.7999852447934517,0.0002104103627039104,277.68391374117044,5,True,72.17455356429856,0.3008252798549619,0.3008252798549619
c33-schematic-p10,c33,schematic,sf,1.8,125,10,False,True,0,0,0.5,5,a0529-92a154c5de567e2c70b7e2ff,5,92a154c5de567e2c70b7e2ff90cb2bae086e6dd34b570b0d4737b7b2e8b19f65,success,True,qualified,,True,,273.1474611707701,correct,1,0.21723734018853938,1.7999571095720617,0.0006852189867830873,correct,1,0.21723734018853938,1.799999106449032,2.0338386752121704e-06,273.1474611707701,5,True,0.0,0.0,0.0
c33-rc-p10,c33,rc,sf,1.8,125,10,False,True,0,0,0.5,5,a0530-969b437df87c7ecc225e92f1,5,969b437df87c7ecc225e92f1f6d74e928d398d44ff696986eff11e9268e96c20,success,True,qualified,,True,,469.3734558272468,correct,1,0.4743920417525112,1.7987263118822683,0.018870548305276718,correct,1,0.4743920417525112,1.7999871608666356,0.0001805018060788825,273.1474611707701,5,True,71.83884990744886,0.2571547015639718,0.2571547015639718
c34-schematic-m10,c34,schematic,sf,1.95,-40,-10,False,True,0,0,0.5,5,a0539-a8808a030ffbdb29b1cd2c88,5,a8808a030ffbdb29b1cd2c88320363b7917a343130c72050884b7e88bd17e54a,success,True,qualified,,True,,282.4834726371049,correct,-1,0.1954547689016507,4.1986164666486765e-07,1.9499996169294769,correct,-1,0.1954547689016507,-4.490264307078845e-08,1.9499999152733016,282.4834726371049,5,True,0.0,0.0,0.0
c34-rc-m10,c34,rc,sf,1.95,-40,-10,False,True,0,0,0.5,5,a0540-40cb2c5fe7d63983255bbf04,5,40cb2c5fe7d63983255bbf0437a23a1e22cc75bce563062722cde8341334f621,success,True,qualified,,True,,502.3042544825065,correct,-1,0.451545034691439,0.001029641909752027,1.9497418393063033,correct,-1,0.451545034691439,2.1005018545908155e-07,1.9499999586805339,282.4834726371049,5,True,77.81721875381945,0.2560902657897883,0.2560902657897883
c34-schematic-m03,c34,schematic,sf,1.95,-40,-3,False,True,0,0,0.5,5,a0541-ee12d70e0de86533c4b8bc12,5,ee12d70e0de86533c4b8bc12849a69352c225a83d07e15e08a60dad4f975da28,success,True,qualified,,True,,285.4514057250806,correct,-1,0.2477273429481909,6.970114490848186e-07,1.9499999027363037,correct,-1,0.2477273429481909,1.449605292561679e-08,1.9500000043769135,285.4514057250806,5,True,0.0,0.0,0.0
c34-rc-m03,c34,rc,sf,1.95,-40,-3,False,True,0,0,0.5,5,a0542-78e44efe8319c5039c899446,5,78e44efe8319c5039c899446078b1e72f5517776c1f3efe5f3781e8632670b9d,success,True,qualified,,True,,510.31861487400664,correct,-1,0.5693761191825789,0.0017413145473711422,1.9492607618427475,correct,-1,0.5693761191825789,3.4185261965987517e-07,1.9499999337885274,285.4514057250806,5,True,78.77600342437852,0.32164877623438803,0.32164877623438803
c34-schematic-p03,c34,schematic,sf,1.95,-40,3,False,True,0,0,0.5,5,a0543-e8e83cc59b41a3c83d435947,5,e8e83cc59b41a3c83d435947d0eb8305bbeabb136353c252e61d31654667c0b1,success,True,qualified,,True,,285.45140572499696,correct,1,0.24772734294828022,1.9499999027363033,6.970114482167581e-07,correct,1,0.24772734294828022,1.950000004376916,1.449605368723594e-08,285.45140572499696,5,True,0.0,0.0,0.0
c34-rc-p03,c34,rc,sf,1.95,-40,3,False,True,0,0,0.5,5,a0544-cc1c51d1fd531a5ea209836a,5,cc1c51d1fd531a5ea209836a71c81c28e362b85b190401b396daebfd4a28c6a1,success,True,qualified,,True,,507.5174331005154,correct,1,0.5293307659271804,1.9495183151963433,0.00140828191793836,correct,1,0.5293307659271804,1.9499999470171692,2.8426022406311385e-07,285.45140572499696,5,True,77.79468691405087,0.2816034229789002,0.2816034229789002
c34-schematic-p10,c34,schematic,sf,1.95,-40,10,False,True,0,0,0.5,5,a0545-1120349805c8aa64270ad3a0,5,1120349805c8aa64270ad3a06eb28c41fdb76e264a98c996361bef89cf3f176f,success,True,qualified,,True,,282.4834726371687,correct,1,0.1954547689016507,1.949999616929476,4.198616462803076e-07,correct,1,0.1954547689016507,1.9499999152733016,-4.490264485451669e-08,282.4834726371687,5,True,0.0,0.0,0.0
c34-rc-p10,c34,rc,sf,1.95,-40,10,False,True,0,0,0.5,5,a0546-9f525ae3d2ef640c5a1ecc5f,5,9f525ae3d2ef640c5a1ecc5f600e737d7c0f165a722fa2f9cef7e526109c5b4b,success,True,qualified,,True,,501.16311089799603,correct,1,0.43688502882680985,1.9497594856910636,0.0009859624742187437,correct,1,0.43688502882680985,1.949999959397385,2.0087142049779818e-07,282.4834726371687,5,True,77.41325048835932,0.24143025992515915,0.24143025992515915
c35-schematic-m10,c35,schematic,sf,1.95,27,-10,False,True,0,0,0.5,5,a0555-9f085b5cf2ba8142e6165ff9,5,9f085b5cf2ba8142e6165ff9ee8de2b506754750a901eec8d860f7999d4c97ea,success,True,qualified,,True,,301.7137418871532,correct,-1,0.19515678097746952,1.3771604625724481e-05,1.9499981973696006,correct,-1,0.19515678097746952,-2.9384510423723538e-08,1.9499998751741963,301.7137418871532,5,True,0.0,0.0,0.0
c35-rc-m10,c35,rc,sf,1.95,27,-10,False,True,0,0,0.5,5,a0556-01b7ea16210c9be701f3fbf9,5,01b7ea16210c9be701f3fbf97018ed724a27beabc11e4cb0850da90c04a8ab6a,success,True,qualified,,True,,528.8844219750742,correct,-1,0.44616095884269014,0.0034591876661861885,1.9495499789760382,correct,-1,0.44616095884269014,3.5433101800458004e-06,1.9499995564855606,301.7137418871532,5,True,75.29344824236983,0.2510041778652206,0.2510041778652206
c35-schematic-m03,c35,schematic,sf,1.95,27,-3,False,True,0,0,0.5,5,a0557-a49351b77c51ede03624d3e5,5,a49351b77c51ede03624d3e55311555e902b50bc280bddb403206f5e52e87b28,success,True,qualified,,True,,305.8281301361623,correct,-1,0.23621579426736924,1.5868536168841717e-05,1.949998108112624,correct,-1,0.23621579426736924,-2.2034561285858036e-08,1.9499999376871753,305.8281301361623,5,True,0.0,0.0,0.0
c35-rc-m03,c35,rc,sf,1.95,27,-3,False,True,0,0,0.5,5,a0558-da12b4702a9e8058fe19b41a,5,da12b4702a9e8058fe19b41a95af520fa203612ec51b0cd77c5c4c22a072c2ff,success,True,qualified,,True,,539.636325054429,correct,-1,0.5488628710550493,0.004693455094296738,1.949217441174644,correct,-1,0.5488628710550493,4.775032677415547e-06,1.9499994141457309,305.8281301361623,5,True,76.45084669424276,0.31264707678768,0.31264707678768
c35-schematic-p03,c35,schematic,sf,1.95,27,3,False,True,0,0,0.5,5,a0559-ce6248533895c8519932eac9,5,ce6248533895c8519932eac9828068ec18d64f44203ce8f2e99c385308493c46,success,True,qualified,,True,,305.8281301802315,correct,1,0.23621579426774975,1.9499981081126272,1.586853616850405e-05,correct,1,0.23621579426774975,1.9499999376871744,-2.20345610501602e-08,305.8281301802315,5,True,0.0,0.0,0.0
c35-rc-p03,c35,rc,sf,1.95,27,3,False,True,0,0,0.5,5,a0560-a1a28bd40edbde89a2073d96,5,a1a28bd40edbde89a2073d9616c991f769f5dac5f6d41234cbfa0aafeff47106,success,True,qualified,,True,,535.3654275725764,correct,1,0.508893581078479,1.9493896807183222,0.004131612902747812,correct,1,0.508893581078479,1.9499994759436492,4.244436592949131e-06,305.8281301802315,5,True,75.0543441694109,0.2726777868107293,0.2726777868107293
c35-schematic-p10,c35,schematic,sf,1.95,27,10,False,True,0,0,0.5,5,a0561-e0405825880a2a957df93b7e,5,e0405825880a2a957df93b7e4cccaa101b20b3ea71dc5e90d938d86127bde3ca,success,True,qualified,,True,,301.7137418909816,correct,1,0.19515678095757086,1.949998197369605,1.3771604626257707e-05,correct,1,0.19515678095757086,1.9499998751741963,-2.9384510361204406e-08,301.7137418909816,5,True,0.0,0.0,0.0
c35-rc-p10,c35,rc,sf,1.95,27,10,False,True,0,0,0.5,5,a0562-babb13b5588163c8a63149ac,5,babb13b5588163c8a63149ac062945fbb3e3c313c88c05ba0d6bf3a8cd3c8773,success,True,qualified,,True,,527.5384196033544,correct,1,0.4337130386329381,1.9495665619845737,0.003362141385090515,correct,1,0.4337130386329381,1.9499995695506709,3.447829747070168e-06,301.7137418909816,5,True,74.84732922571693,0.23855625767536723,0.23855625767536723
c36-schematic-m10,c36,schematic,sf,1.95,125,-10,False,True,0,0,0.5,5,a0571-e00986a0c7cb5715ea701ea9,5,e00986a0c7cb5715ea701ea9439c7fa0585bbd295119257cbad4e4bcf69e7adc,success,True,qualified,,True,,329.63752104897134,correct,-1,0.19308555448692918,0.00024812769843922324,1.949982347669251,correct,-1,0.19308555448692918,1.8546281608513889e-06,1.9499990702050742,329.63752104897134,5,True,0.0,0.0,0.0
c36-rc-m10,c36,rc,sf,1.95,125,-10,False,True,0,0,0.5,5,a0572-83e168ea759251e0ae1f38ec,5,83e168ea759251e0ae1f38ecb21ebbdf2d81ea56106c42ca0fd2cc53e5f4f338,success,True,qualified,,True,,567.3765946213891,correct,-1,0.44012799951674825,0.01152890040603787,1.949150071541636,correct,-1,0.44012799951674825,6.120110980487771e-05,1.9499946549493492,329.63752104897134,5,True,72.12136313120101,0.24704244502981906,0.24704244502981906
c36-schematic-m03,c36,schematic,sf,1.95,125,-3,False,True,0,0,0.5,5,a0573-1fc6e03bad7fd297d7856470,5,1fc6e03bad7fd297d7856470318ec07f7e6b63f2b43ebfc7c11342ad6d118bcd,success,True,qualified,,True,,335.6999467261746,correct,-1,0.22826170210840016,0.00027406594500213567,1.949980686731597,correct,-1,0.22826170210840016,1.905758017157567e-06,1.9499990955566326,335.6999467261746,5,True,0.0,0.0,0.0
c36-rc-m03,c36,rc,sf,1.95,125,-3,False,True,0,0,0.5,5,a0574-a50ca9f097459e7b4ac74a93,5,a50ca9f097459e7b4ac74a93c9c73e6af144821be89e7ca06b3ab5df813b9a49,success,True,qualified,,True,,583.2966686226357,correct,-1,0.5347260645104691,0.014129387639206882,1.9488475268266807,correct,-1,0.5347260645104691,7.457310143143653e-05,1.9499937033163577,335.6999467261746,5,True,73.75536526326054,0.306464362402069,0.306464362402069
c36-schematic-p03,c36,schematic,sf,1.95,125,3,False,True,0,0,0.5,5,a0575-0d224767fd9b6ac6ccbdc466,5,0d224767fd9b6ac6ccbdc4669732c1a625565b80349d2e804dba0433405ff312,success,True,qualified,,True,,335.69994663868323,correct,1,0.2282617019047086,1.9499806867315965,0.00027406594502524153,correct,1,0.2282617019047086,1.9499990955566282,1.9057580046301603e-06,335.69994663868323,5,True,0.0,0.0,0.0
c36-rc-p03,c36,rc,sf,1.95,125,3,False,True,0,0,0.5,5,a0576-5ed645e0d7c220f8da8c5f5b,5,5ed645e0d7c220f8da8c5f5b87524c04e2a3d130b923b957a048d66106ad537d,success,True,qualified,,True,,576.6075200362434,correct,1,0.4947455074557482,1.9490004374076249,0.012958864535288444,correct,1,0.4947455074557482,1.949994101917027,6.891656101825052e-05,335.69994663868323,5,True,71.76276785556092,0.26648380555103957,0.26648380555103957
c36-schematic-p10,c36,schematic,sf,1.95,125,10,False,True,0,0,0.5,5,a0577-b513e25d60aeb3a74b8b52d8,5,b513e25d60aeb3a74b8b52d83c29d41547abaf5f98d183fb5501b5795f115e4a,success,True,qualified,,True,,329.6375210490212,correct,1,0.19308555448688947,1.9499823476692522,0.0002481276984384624,correct,1,0.19308555448688947,1.9499990702050725,1.8546281613716494e-06,329.6375210490212,5,True,0.0,0.0,0.0
c36-rc-p10,c36,rc,sf,1.95,125,10,False,True,0,0,0.5,5,a0578-a9a1f6f7a418ab02668a9fcb,5,a9a1f6f7a418ab02668a9fcbd5b71f93219fe2cd92dd17b81c30a54b9682c23a,success,True,qualified,,True,,565.3797907850507,correct,1,0.4258124822691501,1.9491694600571572,0.011285532064394371,correct,1,0.4258124822691501,1.949994739791197,5.995942614253192e-05,329.6375210490212,5,True,71.51560568281656,0.23272692778226062,0.23272692778226062
c37-schematic-m10,c37,schematic,fs,1.62,-40,-10,False,True,0,0,0.5,5,a0587-5176c6fc2f2e677915f14361,5,5176c6fc2f2e677915f14361c0b1a8ddd5af0cd5b40540bfd3d2d89a14b4f18a,success,True,qualified,,True,,160.52291727251085,correct,-1,0.6629897479901793,0.11071388426473973,1.6191439506533476,correct,-1,0.6629897479901793,0.011964909776802035,1.6198497376154173,160.52291727251085,5,True,0.0,0.0,0.0
c37-rc-m10,c37,rc,fs,1.62,-40,-10,False,True,0,0,0.5,5,a0588-0af94cff8c301a8b91e54a27,5,0af94cff8c301a8b91e54a27ffe8e606dc0db775f09365d9c3e1e9d6f416a827,success,True,qualified,,True,,281.28999370942483,unresolved,0,,1.0967358082304208,1.5136243108977694,correct,-1,1.660395561379781,0.17032979748141516,1.6174750908905071,160.52291727251085,5,True,75.23354203181742,,0.9974058133896017
c37-schematic-m03,c37,schematic,fs,1.62,-40,-3,False,True,0,0,0.5,5,a0589-d0197ee718c6b425ea9857da,5,d0197ee718c6b425ea9857da6e2e11e97633c78a77a26921f5f31d8ff9297124,success,True,qualified,,True,,163.10296974547364,correct,-1,0.7380074249024994,0.13437713219047734,1.6183405137168159,correct,-1,0.7380074249024994,0.017729123823718676,1.619790921624996,163.10296974547364,5,True,0.0,0.0,0.0
c37-rc-m03,c37,rc,fs,1.62,-40,-3,False,True,0,0,0.5,5,a0590-f32f9ec2374320313bdb1d08,5,f32f9ec2374320313bdb1d08bac3025897ebc4abecfcd81ef749d0be74505541,success,True,qualified,,True,,286.74888600855604,unresolved,0,,1.2512259611565013,1.3946675247046452,correct,-1,1.8350324672430902,0.2434797062855275,1.61595725092661,163.10296974547364,5,True,75.80850088507587,,1.097025042340591
c37-schematic-p03,c37,schematic,fs,1.62,-40,3,False,True,0,0,0.5,5,a0591-5a46f063871a3d51f8f56c7b,5,5a46f063871a3d51f8f56c7bf8aca2e9e379fad9b3e7ef63b95861bc022b224a,success,True,qualified,,True,,163.10296974536894,correct,1,0.7380074249024696,1.6183405137168179,0.13437713219047276,correct,1,0.7380074249024696,1.6197909216249944,0.01772912382371654,163.10296974536894,5,True,0.0,0.0,0.0
c37-rc-p03,c37,rc,fs,1.62,-40,3,False,True,0,0,0.5,5,a0592-931f7eb8ca8f2e5aef91419d,5,931f7eb8ca8f2e5aef91419dec8e19c72295f38736d3c23a86581eaa06af17f6,success,True,qualified,,True,,286.338371867936,unresolved,0,,1.3989442851308829,1.246280102394764,correct,1,1.8250320034624805,1.6161338242516714,0.23881455992076592,163.10296974536894,5,True,75.55681071592883,,1.087024578560011
c37-schematic-p10,c37,schematic,fs,1.62,-40,10,False,True,0,0,0.5,5,a0593-83039b3ac14cbb37f6145042,5,83039b3ac14cbb37f6145042236ab20eb5437bf1d5f658913c9e6a7a45cb1215,success,True,qualified,,True,,160.5229172724907,correct,1,0.6629897479901793,1.6191439506533492,0.11071388426473928,correct,1,0.6629897479901793,1.619849737615417,0.01196490977679771,160.5229172724907,5,True,0.0,0.0,0.0
c37-rc-p10,c37,rc,fs,1.62,-40,10,False,True,0,0,0.5,5,a0594-ad65f97b3e3eb26db6748b65,5,ad65f97b3e3eb26db6748b651c23b30d9eee7ced80c092dc7984eba4a7af4f89,success,True,qualified,,True,,281.06530858633397,unresolved,0,,1.5157726605260589,1.0924417099381927,correct,1,1.6553957907087808,1.6175047310789654,0.16866011659219504,160.5229172724907,5,True,75.0935712869087,,0.9924060427186016
c38-schematic-m10,c38,schematic,fs,1.62,27,-10,False,True,0,0,0.5,5,a0603-f21aabcc59ff3ac339fad7b3,5,f21aabcc59ff3ac339fad7b3f7437aac5b2cb4a7025ec3b0090d991e963d5f18,success,True,qualified,,True,,178.08604359007654,correct,-1,0.52155543468637,0.08005958651610433,1.6194847727734092,correct,-1,0.52155543468637,0.004156305566049152,1.6199467572510056,178.08604359007654,5,True,0.0,0.0,0.0
c38-rc-m10,c38,rc,fs,1.62,27,-10,False,True,0,0,0.5,5,a0604-fdef8a04c45fbb0e7498064a,5,fdef8a04c45fbb0e7498064a5370490abe6d933c5ded2556383ed2884d299eee,success,True,qualified,,True,,306.33120695877244,unresolved,0,,0.7837291703222159,1.4486992716123133,correct,-1,1.2754952845323981,0.07848075355209558,1.6192962262371067,178.08604359007654,5,True,72.01303413977472,,0.7539398498460281
c38-schematic-m03,c38,schematic,fs,1.62,27,-3,False,True,0,0,0.5,5,a0605-d2bdd6b29b4819eba63ceaac,5,d2bdd6b29b4819eba63ceaac7734c92125af98d107364fa72872a0f782c82204,success,True,qualified,,True,,180.97479733155427,correct,-1,0.5915547105279991,0.08660473391592947,1.6195111584203614,correct,-1,0.5915547105279991,0.005231950042458198,1.6199342037942004,180.97479733155427,5,True,0.0,0.0,0.0
c38-rc-m03,c38,rc,fs,1.62,27,-3,False,True,0,0,0.5,5,a0606-c44f11aa5d2d0ae917eb31b1,5,c44f11aa5d2d0ae917eb31b1464af51b9b601ef3c1fa58701edddce0b153795c,success,True,qualified,,True,,313.444568873254,unresolved,0,,1.0275355273593125,1.2457375508908302,correct,-1,1.4254915201854808,0.09167018864744621,1.619119942780363,180.97479733155427,5,True,73.19791125336027,,0.8339368096574816
c38-schematic-p03,c38,schematic,fs,1.62,27,3,False,True,0,0,0.5,5,a0607-6cebf9ef846fbd233a209e75,5,6cebf9ef846fbd233a209e755c1a43d80c329be76aac9f08e416049572d541fd,success,True,qualified,,True,,180.9747973314963,correct,1,0.5915547105279891,1.6195111584203616,0.0866047339159295,correct,1,0.5915547105279891,1.6199342037941975,0.005231950042461843,180.9747973314963,5,True,0.0,0.0,0.0
c38-rc-p03,c38,rc,fs,1.62,27,3,False,True,0,0,0.5,5,a0608-497f585d7640187c72dc7492,5,497f585d7640187c72dc7492c66a02b81721dc99a20c16dee2edb5e14af44abe,success,True,qualified,,True,,312.8791358401162,unresolved,0,,1.2547416880762141,1.0171577702216792,correct,1,1.4154924907346205,1.619151081477411,0.0906854798618253,180.9747973314963,5,True,72.88547380827136,,0.8239377802066313
c38-schematic-p10,c38,schematic,fs,1.62,27,10,False,True,0,0,0.5,5,a0609-86ac731d264ca898d49e7fcd,5,86ac731d264ca898d49e7fcd17adbbd48c73a8dbe8a02ccaeceddc2119b04dd2,success,True,qualified,,True,,178.086043590062,correct,1,0.5215554346862608,1.6194847727734083,0.08005958651610601,correct,1,0.5215554346862608,1.6199467572510056,0.00415630556604724,178.086043590062,5,True,0.0,0.0,0.0
c38-rc-p10,c38,rc,fs,1.62,27,10,False,True,0,0,0.5,5,a0610-b5233b4a1746944b6ebe31a9,5,b5233b4a1746944b6ebe31a99d084d4211b8caeb38c701a1c189062f328529b0,success,True,qualified,,True,,306.04093372068206,unresolved,0,,1.4545419900920202,0.7748343783994792,correct,1,1.270495132212628,1.6192967901040152,0.07804065821763596,178.086043590062,5,True,71.85003807775117,,0.7489396975263674
c39-schematic-m10,c39,schematic,fs,1.62,125,-10,False,True,0,0,0.5,5,a0619-1f32a2b73553d46fb28caceb,5,1f32a2b73553d46fb28caceb147ebdec3994afb5a9ff7da13fe63bf0a0f1bf20,success,True,qualified,,True,,210.0907628661791,correct,-1,0.4723351399078896,0.07321969029143192,1.6193857049218334,correct,-1,0.4723351399078896,0.008013823666294329,1.6199438682204417,210.0907628661791,5,True,0.0,0.0,0.0
c39-rc-m10,c39,rc,fs,1.62,125,-10,False,True,0,0,0.5,5,a0620-13724ac33e4c7ad79a0b1e0c,5,13724ac33e4c7ad79a0b1e0c385ff951106f7c06e3cfaac4ab500ac56cefe028,success,True,qualified,,True,,344.9513012591167,unresolved,0,,0.48104436218916735,1.5439787318199973,correct,-1,1.09792668770027,0.058658232711820996,1.6193532998547429,210.0907628661791,5,True,64.19156013957613,,0.6255915477923804
c39-schematic-m03,c39,schematic,fs,1.62,125,-3,False,True,0,0,0.5,5,a0621-465a99d30116cb07d5b64684,5,465a99d30116cb07d5b6468453247c336c41636f340aecbf9e73c19d0c6e4a5d,success,True,qualified,,True,,213.63964883198318,correct,-1,0.532418502016369,0.07810213161451604,1.6193844112062052,correct,-1,0.532418502016369,0.008732848735212432,1.6199361932539584,213.63964883198318,5,True,0.0,0.0,0.0
c39-rc-m03,c39,rc,fs,1.62,125,-3,False,True,0,0,0.5,5,a0622-6d09211704365524976ad8d2,5,6d09211704365524976ad8d2d422564967a381630e16c6758709b01173334c90,success,True,qualified,,True,,353.3449910583177,unresolved,0,,0.8434744414969859,1.3079247886151986,correct,-1,1.2429260356768386,0.06612119139411655,1.6192904311676402,213.63964883198318,5,True,65.3929843969205,,0.7105075336604696
c39-schematic-p03,c39,schematic,fs,1.62,125,3,False,True,0,0,0.5,5,a0623-bdaffb0b53083473a790cb93,5,bdaffb0b53083473a790cb9375c8fa1920489327026546bf6d4cd43b093f134b,success,True,qualified,,True,,213.63964883202084,correct,1,0.5324185020176395,1.6193844112062037,0.07810213161451791,correct,1,0.5324185020176395,1.6199361932539593,0.008732848735214392,213.63964883202084,5,True,0.0,0.0,0.0
c39-rc-p03,c39,rc,fs,1.62,125,3,False,True,0,0,0.5,5,a0624-83e70cfb8b737cdf963f6e88,5,83e70cfb8b737cdf963f6e886ba2ca7941c203918d30aa9d181fc026bbdbb713,success,True,qualified,,True,,352.47648922772044,unresolved,0,,1.3307426242427243,0.8155784936342853,correct,1,1.2279266645980902,1.6192980690732262,0.06544044647889542,213.63964883202084,5,True,64.98645787648869,,0.6955081625804507
c39-schematic-p10,c39,schematic,fs,1.62,125,10,False,True,0,0,0.5,5,a0625-b04c8c475c5bd9127d5a4750,5,b04c8c475c5bd9127d5a475056cbbf65664c868ebd64f0efa6e9c6941d23eb4e,success,True,qualified,,True,,210.09076286615678,correct,1,0.4723351399084488,1.6193857049218343,0.07321969029143412,correct,1,0.4723351399084488,1.6199438682204421,0.0080138236662927,210.09076286615678,5,True,0.0,0.0,0.0
c39-rc-p10,c39,rc,fs,1.62,125,10,False,True,0,0,0.5,5,a0626-a93d62d79c7895d707d23761,5,a93d62d79c7895d707d23761c056aa1bda3f00e61be8890fde0efbd7aceeaf34,success,True,qualified,,True,,344.59459037410613,unresolved,0,,1.548011231333943,0.47133242980448237,correct,1,1.0979272848151205,1.6193548802484412,0.058361764275984204,210.09076286615678,5,True,64.0217711968794,,0.6255921449066717
c40-schematic-m10,c40,schematic,fs,1.8,-40,-10,False,True,0,0,0.5,5,a0635-e3de42078de429472521b379,5,e3de42078de429472521b3799aa36e42959b8cbb310eadf6f7875c93638c133b,success,True,qualified,,True,,215.3347719078671,correct,-1,0.2931416175365005,0.006915762226359896,1.7998493528401738,correct,-1,0.2931416175365005,1.315723757245654e-05,1.7999997817283264,215.3347719078671,5,True,0.0,0.0,0.0
c40-rc-m10,c40,rc,fs,1.8,-40,-10,False,True,0,0,0.5,5,a0636-736c35fdf6032cdf1c2b8a88,5,736c35fdf6032cdf1c2b8a88be0b1d9802a17854f71e856fadc119dd2636659d,success,True,qualified,,True,,375.6766810172091,correct,-1,0.7484144377951801,0.11655826040081936,1.7973536310369038,correct,-1,0.7484144377951801,0.004062390198858879,1.7999018118709604,215.3347719078671,5,True,74.4616894376658,0.45527282025867966,0.45527282025867966
c40-schematic-m03,c40,schematic,fs,1.8,-40,-3,False,True,0,0,0.5,5,a0637-2a875c9b75630f0e212389f1,5,2a875c9b75630f0e212389f1e6cace2272cebc057bbe4d95e3f9cbd0d6a3eb73,success,True,qualified,,True,,218.63380203484658,correct,-1,0.34486085005427985,0.008151866590373159,1.7998261238100177,correct,-1,0.34486085005427985,1.6253435785744223e-05,1.7999997547081519,218.63380203484658,5,True,0.0,0.0,0.0
c40-rc-m03,c40,rc,fs,1.8,-40,-3,False,True,0,0,0.5,5,a0638-ad7e8f2a789885901eda5b05,5,ad7e8f2a789885901eda5b05df7cf585fc968cfd4de7e051687652aa6e79cdfe,success,True,qualified,,True,,384.37456802913977,correct,-1,0.8634245332610586,0.16628546537065297,1.7907704770946062,correct,-1,0.8634245332610586,0.005129500055315448,1.7998785057296784,218.63380203484658,5,True,75.80747553750946,0.5185636832067788,0.5185636832067788
c40-schematic-p03,c40,schematic,fs,1.8,-40,3,False,True,0,0,0.5,5,a0639-8ff6106af89a5076cf867b1b,5,8ff6106af89a5076cf867b1b85c8ea10490710bbb0cf93487af5f819a1e57b2d,success,True,qualified,,True,,218.6338020349366,correct,1,0.34486085005495815,1.799826123810017,0.008151866590373062,correct,1,0.34486085005495815,1.7999997547081528,1.6253435786722777e-05,218.6338020349366,5,True,0.0,0.0,0.0
c40-rc-p03,c40,rc,fs,1.8,-40,3,False,True,0,0,0.5,5,a0640-ab8d76f88148f8ce31e98c3e,5,ab8d76f88148f8ce31e98c3ee870d30b0b8f2cd4e805fa6b400a412ca8a00909,success,True,qualified,,True,,383.5383053998097,correct,1,0.8484279312258112,1.792380466972571,0.1581027621794528,correct,1,0.8484279312258112,1.7998799588747592,0.005061274621660376,218.6338020349366,5,True,75.42498087213532,0.503567081170853,0.503567081170853
c40-schematic-p10,c40,schematic,fs,1.8,-40,10,False,True,0,0,0.5,5,a0641-4c8058c40837cbc0f09dc5a2,5,4c8058c40837cbc0f09dc5a26203527aa6d806c83e270841d0dfccdf983d04bb,success,True,qualified,,True,,215.33477190782972,correct,1,0.2931416175367784,1.799849352840173,0.0069157622263601535,correct,1,0.2931416175367784,1.799999781728326,1.315723757238139e-05,215.33477190782972,5,True,0.0,0.0,0.0
c40-rc-p10,c40,rc,fs,1.8,-40,10,False,True,0,0,0.5,5,a0642-ef0e907167e5feba81e80789,5,ef0e907167e5feba81e80789eaafd084a25dd81f1db7e3a4d32c7ac1635fe45d,success,True,qualified,,True,,375.2441036530848,correct,1,0.7484178349301585,1.7974163521643878,0.11558809777961235,correct,1,0.7484178349301585,1.7999027521881263,0.004017781477446336,215.33477190782972,5,True,74.26080345895156,0.45527621739338003,0.45527621739338003
c41-schematic-m10,c41,schematic,fs,1.8,27,-10,False,True,0,0,0.5,5,a0651-50dd72c7df6086c62be22266,5,50dd72c7df6086c62be22266aa94d6905ddef173f97920bf1714401244251a04,success,True,qualified,,True,,235.24555004766566,correct,-1,0.3025508094180983,0.011275258779824967,1.7997989858044163,correct,-1,0.3025508094180983,0.00015651247725323228,1.799999029321488,235.24555004766566,5,True,0.0,0.0,0.0
c41-rc-m10,c41,rc,fs,1.8,27,-10,False,True,0,0,0.5,5,a0652-15e897ff5c44f0af64d00f0f,5,15e897ff5c44f0af64d00f0f2f74153323b4f09be7e2e2bac2f12f8d910bc5fd,success,True,qualified,,True,,402.7333177622189,correct,-1,0.7340742648836989,0.11112547349716193,1.797839373231397,correct,-1,0.7340742648836989,0.005995565583852359,1.7998798014136694,235.24555004766566,5,True,71.19699721444962,0.43152345546560056,0.43152345546560056
c41-schematic-m03,c41,schematic,fs,1.8,27,-3,False,True,0,0,0.5,5,a0653-5a05d44c6b4dbd04f4344cb8,5,5a05d44c6b4dbd04f4344cb8eb8f51cc84c850417d5aae61742f861cae60eb4c,success,True,qualified,,True,,238.9038533731166,correct,-1,0.3512234249989989,0.012486523241935821,1.7997807509496584,correct,-1,0.3512234249989989,0.00016666216044818077,1.7999988458581335,238.9038533731166,5,True,0.0,0.0,0.0
c41-rc-m03,c41,rc,fs,1.8,27,-3,False,True,0,0,0.5,5,a0654-edc2211831c8c2807f34d97f,5,edc2211831c8c2807f34d97f53d2abdf1f6c9f5142fa042d673b40b8a7a3bb2b,success,True,qualified,,True,,411.77188948965926,correct,-1,0.8490778118980781,0.1501527499460149,1.7930830358293688,correct,-1,0.8490778118980781,0.006993099637712596,1.7998614139791613,238.9038533731166,5,True,72.35883125190111,0.4978543868990792,0.4978543868990792
c41-schematic-p03,c41,schematic,fs,1.8,27,3,False,True,0,0,0.5,5,a0655-6513f8621f4d073082ecf14f,5,6513f8621f4d073082ecf14f40717552b226c2e9a617c76f2e7830a02a94059a,success,True,qualified,,True,,238.90385337309564,correct,1,0.3512234249973611,1.799780750949662,0.012486523241934841,correct,1,0.3512234249973611,1.7999988458581326,0.0001666621604490291,238.90385337309564,5,True,0.0,0.0,0.0
c41-rc-p03,c41,rc,fs,1.8,27,3,False,True,0,0,0.5,5,a0656-904abed5e197888a9b1a685d,5,904abed5e197888a9b1a685d62694f5c787a21ca8b2fc0f9800445bcd2c7ba7d,success,True,qualified,,True,,410.7043508821649,correct,1,0.8340783422732997,1.7942154439173816,0.1429067078243172,correct,1,0.8340783422732997,1.7998632941712889,0.006891026831254541,238.90385337309564,5,True,71.91198261702742,0.4828549172759386,0.4828549172759386
c41-schematic-p10,c41,schematic,fs,1.8,27,10,False,True,0,0,0.5,5,a0657-bbc26ac2a19fe5a5ba6df6c5,5,bbc26ac2a19fe5a5ba6df6c5afe640d06c9064dc80f78b55f7013eb4762de35c,success,True,qualified,,True,,235.24555004759003,correct,1,0.30255080941839946,1.799798985804416,0.01127525877982511,correct,1,0.30255080941839946,1.7999990293214911,0.0001565124772534849,235.24555004759003,5,True,0.0,0.0,0.0
c41-rc-p10,c41,rc,fs,1.8,27,10,False,True,0,0,0.5,5,a0658-36e101cc345e5697d3617bdb,5,36e101cc345e5697d3617bdb15c18a72f2c11c4b12989d71d76c14b37cb28dd1,success,True,qualified,,True,,402.24483968266503,correct,1,0.7290744169655008,1.7979005101864156,0.11019812778108964,correct,1,0.7290744169655008,1.7998805559137248,0.005950589976778477,235.24555004759003,5,True,70.98935116999712,0.42652360754710134,0.42652360754710134
c42-schematic-m10,c42,schematic,fs,1.8,125,-10,False,True,0,0,0.5,5,a0667-6be99026055015c4358e701f,5,6be99026055015c4358e701f962bf067bd0d27f040e516a9196ec250e0ed12e8,success,True,qualified,,True,,275.15189073899234,correct,-1,0.3264084382748383,0.026160812994771382,1.7996602859432704,correct,-1,0.3264084382748383,0.0039412071443627305,1.7999943519463417,275.15189073899234,5,True,0.0,0.0,0.0
c42-rc-m10,c42,rc,fs,1.8,125,-10,False,True,0,0,0.5,5,a0668-5fef1a337d7097e68e5a5762,5,5fef1a337d7097e68e5a5762c7558fbc54713544980288a641e1630c6329a65b,success,True,qualified,,True,,450.2707986868345,correct,-1,0.7557112204630199,0.13225868536625054,1.7969817876169363,correct,-1,0.7557112204630199,0.01565457824019857,1.7997930352467568,275.15189073899234,5,True,63.644450153518676,0.4293027821881816,0.4293027821881816
c42-schematic-m03,c42,schematic,fs,1.8,125,-3,False,True,0,0,0.5,5,a0669-5a5d8a50100c115a4bed0715,5,5a5d8a50100c115a4bed07156fd966a22e693e3d8510348d8df184101c048121,success,True,qualified,,True,,280.13967158256384,correct,-1,0.37326980888518974,0.028277805057916137,1.799634388969733,correct,-1,0.37326980888518974,0.004019147418877239,1.7999936256683098,280.13967158256384,5,True,0.0,0.0,0.0
c42-rc-m03,c42,rc,fs,1.8,125,-3,False,True,0,0,0.5,5,a0670-02fc7d50d8bce05b39c6f6af,5,02fc7d50d8bce05b39c6f6af854486dde9790737af623795eb968380c3517527,success,True,qualified,,True,,462.1644079263819,correct,-1,0.8723474628395986,0.18247792661086906,1.7904016617286187,correct,-1,0.8723474628395986,0.01752652797128414,1.7997635777442804,280.13967158256384,5,True,64.97642240940911,0.4990776539544089,0.4990776539544089
c42-schematic-p03,c42,schematic,fs,1.8,125,3,False,True,0,0,0.5,5,a0671-062c17fa6aaaf20527d9d1d8,5,062c17fa6aaaf20527d9d1d805f584bea0e1eec8cde5e8ed220304dca4240e7d,success,True,qualified,,True,,280.1396715824328,correct,1,0.3732698088852096,1.7996343889697313,0.028277805057915197,correct,1,0.3732698088852096,1.7999936256683093,0.004019147418877274,280.1396715824328,5,True,0.0,0.0,0.0
c42-rc-p03,c42,rc,fs,1.8,125,3,False,True,0,0,0.5,5,a0672-bef8c8ddea732c791ab76757,5,bef8c8ddea732c791ab76757f3b4fb34fdd72e9e4553d931cb63dce5327197c9,success,True,qualified,,True,,460.4253449795399,correct,1,0.852406312533499,1.7921215217262547,0.17205125181995803,correct,1,0.852406312533499,1.7997674910652155,0.01727945776224426,280.1396715824328,5,True,64.35563816389245,0.47913650364828936,0.47913650364828936
c42-schematic-p10,c42,schematic,fs,1.8,125,10,False,True,0,0,0.5,5,a0673-524dc17f359b1ce2bf87a1e7,5,524dc17f359b1ce2bf87a1e76a8a2097d0aa10a7b039decc2e8c3da52146a5e7,success,True,qualified,,True,,275.1518907390102,correct,1,0.32640843827480853,1.7996602859432702,0.02616081299477115,correct,1,0.32640843827480853,1.7999943519463422,0.00394120714436267,275.1518907390102,5,True,0.0,0.0,0.0
c42-rc-p10,c42,rc,fs,1.8,125,10,False,True,0,0,0.5,5,a0674-e629d513ab857f27a47b80cc,5,e629d513ab857f27a47b80cc260ace62f38c810dbdf1757adda2358d2b165803,success,True,qualified,,True,,449.654086673596,correct,1,0.7523422532144401,1.7970882636554988,0.13081942372530933,correct,1,0.7523422532144401,1.7997941769419599,0.015571737188982573,275.1518907390102,5,True,63.420315036143585,0.4259338149396316,0.4259338149396316
c43-schematic-m10,c43,schematic,fs,1.95,-40,-10,False,True,0,0,0.5,5,a0683-49b7f2726e3ca50365584d51,5,49b7f2726e3ca50365584d51270e84dbf50c7399d97859164676fe852bb0f27b,success,True,qualified,,True,,267.171224519978,correct,-1,0.21544975257607124,0.0005409283168104056,1.9499849366116881,correct,-1,0.21544975257607124,3.020112531420776e-06,1.9499999580929614,267.171224519978,5,True,0.0,0.0,0.0
c43-rc-m10,c43,rc,fs,1.95,-40,-10,False,True,0,0,0.5,5,a0684-6d9136b1332c2d327b828db3,5,6d9136b1332c2d327b828db338ddc776ad4cbb2b0e63c4c2b4c847f44c0499c3,success,True,qualified,,True,,463.84668305021165,correct,-1,0.539651408135399,0.036381340036784685,1.9490038696936027,correct,-1,0.539651408135399,0.0002537857787001228,1.9499923479046548,267.171224519978,5,True,73.61401246844494,0.3242016555593278,0.3242016555593278
c43-schematic-m03,c43,schematic,fs,1.95,-40,-3,False,True,0,0,0.5,5,a0685-0dfc0c44b3ff9cde98a7ba60,5,0dfc0c44b3ff9cde98a7ba608201afbcc434fef7ec9adda71b22b97968324ae9,success,True,qualified,,True,,270.98880546594575,correct,-1,0.2514954296956111,0.0006061982380948871,1.9499832734087057,correct,-1,0.2514954296956111,3.087389452742915e-06,1.949999977699252,270.98880546594575,5,True,0.0,0.0,0.0
c43-rc-m03,c43,rc,fs,1.95,-40,-3,False,True,0,0,0.5,5,a0686-2040410e1544082708434323,5,2040410e1544082708434323d1396c58eca22181f742d479cd8ed2a8eac824ef,success,True,qualified,,True,,473.5842643281842,correct,-1,0.62975403119678,0.04126774025668422,1.9488776730538488,correct,-1,0.62975403119678,0.0002976597711578737,1.9499910898674468,270.98880546594575,5,True,74.76156017363526,0.37825860150116886,0.37825860150116886
c43-schematic-p03,c43,schematic,fs,1.95,-40,3,False,True,0,0,0.5,5,a0687-facc114f82a3c9e60d6d469c,5,facc114f82a3c9e60d6d469ca10de79b60fd25b89dbd53d7008b1a130874e049,success,True,qualified,,True,,270.9888054659309,correct,1,0.2514954296956012,1.9499832734087048,0.0006061982380951961,correct,1,0.2514954296956012,1.949999977699252,3.087389451073364e-06,270.9888054659309,5,True,0.0,0.0,0.0
c43-rc-p03,c43,rc,fs,1.95,-40,3,False,True,0,0,0.5,5,a0688-6d127bcebf0e4c15004670f9,5,6d127bcebf0e4c15004670f948a7206c5411d6d354335affc8dc7f3e5dde5fe9,success,True,qualified,,True,,472.24444739640205,correct,1,0.6148368074733288,1.9489012783452757,0.04048433713178761,correct,1,0.6148368074733288,1.949991243816217,0.0002922258074279409,270.9888054659309,5,True,74.26714235831165,0.3633413777777276,0.3633413777777276
c43-schematic-p10,c43,schematic,fs,1.95,-40,10,False,True,0,0,0.5,5,a0689-f5d32a5a1f9bf7ef2c1c5470,5,f5d32a5a1f9bf7ef2c1c54701471d7ccf34c70967f48d735515f8c9d691ae491,success,True,qualified,,True,,267.1712245200182,correct,1,0.21544975257608118,1.9499849366116881,0.0005409283168116805,correct,1,0.21544975257608118,1.9499999580929634,3.020112533480435e-06,267.1712245200182,5,True,0.0,0.0,0.0
c43-rc-p10,c43,rc,fs,1.95,-40,10,False,True,0,0,0.5,5,a0690-cd6973db864da5896f42cacb,5,cd6973db864da5896f42cacb0e2bba2d4a74109ef483295a6467f0f3a904894d,success,True,qualified,,True,,463.19272335024505,correct,1,0.5346584968537588,1.949008650135414,0.036114203415390934,correct,1,0.5346584968537588,1.9499924066044343,0.0002515103247588238,267.1712245200182,5,True,73.36924071160202,0.3192087442776776,0.3192087442776776
c44-schematic-m10,c44,schematic,fs,1.95,27,-10,False,True,0,0,0.5,5,a0699-7a5e8bfe432e0165b9f27c29,5,7a5e8bfe432e0165b9f27c2931a4fbe010325621ef5ea9431e6b0a90f398ed91,success,True,qualified,,True,,289.0044729384767,correct,-1,0.23622434383564905,0.002401861181178741,1.9499493986182503,correct,-1,0.23622434383564905,0.00011629128818936009,1.9499999285483094,289.0044729384767,5,True,0.0,0.0,0.0
c44-rc-m10,c44,rc,fs,1.95,27,-10,False,True,0,0,0.5,5,a0700-1c4786113e733704b60278f7,5,1c4786113e733704b60278f765550ccd2d9ee9967090abfca59d36b39cd0491e,success,True,qualified,,True,,493.0599620502889,correct,-1,0.5675116308387411,0.05187882797759735,1.9488883687903646,correct,-1,0.5675116308387411,0.0011068044595669466,1.9499758505961595,289.0044729384767,5,True,70.60634288357592,0.33128728700309207,0.33128728700309207
c44-schematic-m03,c44,schematic,fs,1.95,27,-3,False,True,0,0,0.5,5,a0701-cc2a91d6b8cacaee84f75a54,5,cc2a91d6b8cacaee84f75a5407a728bcd53a0031254975feaf4df484d4584a51,success,True,qualified,,True,,293.69503461983976,correct,-1,0.27196970376225826,0.002639501217814231,1.949944519897106,correct,-1,0.27196970376225826,0.00011752855051919614,1.9499999249670417,293.69503461983976,5,True,0.0,0.0,0.0
c44-rc-m03,c44,rc,fs,1.95,27,-3,False,True,0,0,0.5,5,a0702-f2e30d042ed81b5d4ff6406a,5,f2e30d042ed81b5d4ff6406a9293dd2f4c0f4aae06ae7e692159fd0b5bd71d51,success,True,qualified,,True,,504.44421696737464,correct,-1,0.6576989474139397,0.05897055979674669,1.9486875126138634,correct,-1,0.6576989474139397,0.0012639487746170751,1.949972184662654,293.69503461983976,5,True,71.75782955279773,0.3857292436516815,0.3857292436516815
c44-schematic-p03,c44,schematic,fs,1.95,27,3,False,True,0,0,0.5,5,a0703-c7b56eb4e6ee3836111b4774,5,c7b56eb4e6ee3836111b4774dbc740a94f135dff13dde6e81fbc02b8baf42c6d,success,True,qualified,,True,,293.6950346199057,correct,1,0.27196970376592106,1.9499445198971062,0.0026395012178143332,correct,1,0.27196970376592106,1.9499999249670397,0.00011752855051931404,293.6950346199057,5,True,0.0,0.0,0.0
c44-rc-p03,c44,rc,fs,1.95,27,3,False,True,0,0,0.5,5,a0704-bcbf9c867f95b0454fa4799c,5,bcbf9c867f95b0454fa4799c397a2108faadf2b2aaacc71570e77cc1b0cae4eb,success,True,qualified,,True,,502.5200310691654,correct,1,0.6426504332516008,1.9487354968185788,0.05762233518667459,correct,1,0.6426504332516008,1.9499727519151666,0.0012396733572289469,293.6950346199057,5,True,71.102664952956,0.3706807294856797,0.3706807294856797
c44-schematic-p10,c44,schematic,fs,1.95,27,10,False,True,0,0,0.5,5,a0705-b6e1397fdb5f2f18b9842751,5,b6e1397fdb5f2f18b9842751dfcb9331d07cee58a6c2109332a0efeaaf86fd49,success,True,qualified,,True,,289.00447293843746,correct,1,0.23622434383563912,1.9499493986182506,0.0024018611811790704,correct,1,0.23622434383563912,1.9499999285483087,0.00011629128818826411,289.00447293843746,5,True,0.0,0.0,0.0
c44-rc-p10,c44,rc,fs,1.95,27,10,False,True,0,0,0.5,5,a0706-8358ddbcb83e6c82e15cefd8,5,8358ddbcb83e6c82e15cefd876428e8f397b9ec4605da740336e557c13bfc21c,success,True,qualified,,True,,492.3318621487598,correct,1,0.5623438498687098,1.9488942416327315,0.05152205493978085,correct,1,0.5623438498687098,1.9499760134863546,0.001098955452473506,289.00447293843746,5,True,70.3544091006627,0.32611950603307066,0.32611950603307066
c45-schematic-m10,c45,schematic,fs,1.95,125,-10,False,True,0,0,0.5,5,a0715-ac952540faf341759214b632,5,ac952540faf341759214b632369fd2633a49e9a334c9fcbc2d80840fd7fa4ace,success,True,qualified,,True,,337.271624375643,correct,-1,0.2698892118565583,0.01289817970353519,1.9498384491918193,correct,-1,0.2698892118565583,0.003891409732846212,1.9499989201917705,337.271624375643,5,True,0.0,0.0,0.0
c45-rc-m10,c45,rc,fs,1.95,125,-10,False,True,0,0,0.5,5,a0716-f6569f29e188aa9cc479bc36,5,f6569f29e188aa9cc479bc36eaddeacfbe72d9c759d9702b5893449162b54d6a,success,True,qualified,,True,,549.9377516398656,correct,-1,0.6230220192316899,0.08454006459880671,1.9485668965563994,correct,-1,0.6230220192316899,0.008247231789057263,1.9499180746748117,337.271624375643,5,True,63.05485308997163,0.3531328073751316,0.3531328073751316
c45-schematic-m03,c45,schematic,fs,1.95,125,-3,False,True,0,0,0.5,5,a0717-b7b8b98caea4cc261314eacc,5,b7b8b98caea4cc261314eacc633c59c547d50d684a295e5e57975a7640d97dcc,success,True,qualified,,True,,343.76818507231155,correct,-1,0.30882565760542063,0.013766064092816018,1.9498251386299803,correct,-1,0.30882565760542063,0.003920965277177852,1.9499987933322307,343.76818507231155,5,True,0.0,0.0,0.0
c45-rc-m03,c45,rc,fs,1.95,125,-3,False,True,0,0,0.5,5,a0718-9c2e1daa7e2ff2a71dd1deca,5,9c2e1daa7e2ff2a71dd1decaa28ffb4f68ede6ad406120a2e5e35380569ca4f7,success,True,qualified,,True,,565.5967688373919,correct,-1,0.7173269238153097,0.09774149550949039,1.9478619578406025,correct,-1,0.7173269238153097,0.008882548885299378,1.9499061588955022,343.76818507231155,5,True,64.52853795019418,0.4085012662098891,0.4085012662098891
c45-schematic-p03,c45,schematic,fs,1.95,125,3,False,True,0,0,0.5,5,a0719-26025289916e2053e4915415,5,26025289916e2053e491541586fe498898354f7d3b0dc464bfa27106290edc3b,success,True,qualified,,True,,343.7681850725169,correct,1,0.3088256576046994,1.949825138629978,0.013766064092819571,correct,1,0.3088256576046994,1.9499987933322316,0.003920965277177371,343.7681850725169,5,True,0.0,0.0,0.0
c45-rc-p03,c45,rc,fs,1.95,125,3,False,True,0,0,0.5,5,a0720-01813b1d8e87f2b5ef7624a2,5,01813b1d8e87f2b5ef7624a23823d3361b5b1eeaf03379df0060b9ae9662b444,success,True,qualified,,True,,562.6088703996539,correct,1,0.70244008258108,1.94806563026796,0.0947033068691825,correct,1,0.70244008258108,1.949908292565297,0.008772747617693361,343.7681850725169,5,True,63.65937711221683,0.39361442497638066,0.39361442497638066
c45-schematic-p10,c45,schematic,fs,1.95,125,10,False,True,0,0,0.5,5,a0721-8411f080937b6a513a57ad02,5,8411f080937b6a513a57ad020cdbd225ebaa208e82a5e5e469cd725002fd3a87,success,True,qualified,,True,,337.2716243755371,correct,1,0.26988921185638953,1.9498384491918213,0.01289817970353582,correct,1,0.26988921185638953,1.9499989201917696,0.003891409732846134,337.2716243755371,5,True,0.0,0.0,0.0
c45-rc-p10,c45,rc,fs,1.95,125,10,False,True,0,0,0.5,5,a0722-99f05ad94e92c492fd44dd77,5,99f05ad94e92c492fd44dd77ad89d3025306a357455ed1bd3cb1e31536a6330a,success,True,qualified,,True,,548.9497648661535,correct,1,0.6179874067199213,1.9485860875421024,0.08389048357268557,correct,1,0.6179874067199213,1.9499186513595461,0.008214328729915836,337.2716243755371,5,True,62.76191804826192,0.3480981948635317,0.3480981948635317
