OpenROAD f552262465b0bfef8f097e258f94bc501d01e19d 
Features included (+) or not (-): +GPU +GUI +Python
This program is licensed under the BSD-3 license. See the LICENSE file for details.
Components of this program may be licensed under more restrictive licenses which must be honored.
[INFO ORD-0030] Using 12 thread(s).
read_liberty /opt/eda/orfs-6101364b/flow/platforms/sky130hd/lib/sky130_fd_sc_hd__tt_025C_1v80.lib
read_db /root/cac_runs/ntt_sp_15ns/results/sky130hd/cac_ntt_sp_15ns/base/1_synth.odb
read_sdc /root/cac_runs/ntt_sp_15ns/results/sky130hd/cac_ntt_sp_15ns/base/1_synth.sdc
source /opt/eda/orfs-6101364b/flow/platforms/sky130hd/setRC.tcl
Master sky130_ef_sc_hd__decap_12 is loaded but not used in the design

==========================================================================
Floorplan check_setup
--------------------------------------------------------------------------
Warning: There is 1 input port missing set_input_delay.
number instances in verilog is 10775
[INFO IFP-0107] Defining die area using utilization: 45.00% and aspect ratio: 1.
[WARNING IFP-0028] Core area lower left (1.000, 1.000) snapped to (1.380, 2.720).
[INFO IFP-0001] Added 235 rows of 1397 site unithd.
[INFO IFP-0100] Die BBox:  (  0.000  0.000 ) ( 645.155 645.155 ) um
[INFO IFP-0101] Core BBox: (  1.380  2.720 ) ( 644.000 641.920 ) um
[INFO IFP-0102] Core area:                       410762.704 um^2
[INFO IFP-0103] Total instances area:            186141.024 um^2
[INFO IFP-0104] Effective utilization:                0.453
[INFO IFP-0105] Number of instances:                  10775
source /opt/eda/orfs-6101364b/flow/platforms/sky130hd/make_tracks.tcl
source /opt/eda/orfs-6101364b/flow/platforms/sky130hd/fastroute.tcl
Repair tie lo fanout...
Repair tie hi fanout...
repair_timing -setup_margin 0 -hold_margin 0 -repair_tns 100 -match_cell_footprint -setup -skip_last_gasp -sequence unbuffer,sizeup,swap,vt_swap -verbose
[WARNING EST-0027] no estimated parasitics. Using wire load models.
[INFO RSZ-0100] Repair move sequence: UnbufferMove SizeUpMove SwapPinsMove 
[INFO RSZ-0094] Found 2828 endpoints with setup violations.
[INFO RSZ-0099] Repairing 2828 out of 2828 (100.00%) violating endpoints...
   Iter   | Removed | Resized | Inserted | Cloned |  Pin  |   Area   |    WNS   |   StTNS    |   EnTNS    |  Viol  |  Worst  
          | Buffers |  Gates  | Buffers  |  Gates | Swaps |          |          |            |            | Endpts | St/EnPt 
------------------------------------------------------------------------------------------------------------------------------
       0* |       0 |       0 |        0 |      0 |     0 |    +0.0% |   -7.045 |     -246.6 |    -1642.2 |   2828 | mul_reduced_q\[2\]$_DFFE_PN0P_/D
      10* |       0 |       9 |        0 |      0 |     0 |    +0.0% |   -6.433 |     -219.6 |    -1634.9 |   2828 | mul_reduced_q\[2\]$_DFFE_PN0P_/D
      20* |       0 |      19 |        0 |      0 |     0 |    +0.1% |   -6.101 |     -203.1 |    -1630.9 |   2828 | mul_reduced_q\[2\]$_DFFE_PN0P_/D
      30* |       0 |      27 |        0 |      0 |     2 |    +0.1% |   -5.900 |     -193.4 |    -1628.5 |   2828 | mul_reduced_q\[2\]$_DFFE_PN0P_/D
      40* |       0 |      34 |        0 |      0 |     5 |    +0.1% |   -5.767 |     -188.6 |    -1626.9 |   2828 | mul_reduced_q\[2\]$_DFFE_PN0P_/D
      50* |       0 |      39 |        0 |      0 |    10 |    +0.1% |   -5.726 |     -186.5 |    -1626.4 |   2828 | mul_reduced_q\[2\]$_DFFE_PN0P_/D
      60* |       0 |      42 |        0 |      0 |    17 |    +0.1% |   -5.692 |     -186.0 |    -1626.0 |   2828 | mul_reduced_q\[2\]$_DFFE_PN0P_/D
      70* |       0 |      49 |        0 |      0 |    20 |    +0.1% |   -5.547 |     -179.3 |    -1624.3 |   2828 | mul_reduced_q\[2\]$_DFFE_PN0P_/D
      80* |       0 |      51 |        0 |      0 |    28 |    +0.1% |   -5.544 |     -180.3 |    -1624.2 |   2828 | mul_reduced_q\[2\]$_DFFE_PN0P_/D
      90* |       0 |      56 |        0 |      0 |    33 |    +0.1% |   -5.556 |     -180.3 |    -1624.4 |   2828 | mul_reduced_q\[2\]$_DFFE_PN0P_/D
     100* |       0 |      60 |        0 |      0 |    39 |    +0.1% |   -5.559 |     -185.0 |    -1624.4 |   2828 | mul_reduced_q\[2\]$_DFFE_PN0P_/D
     110* |       0 |      66 |        0 |      0 |    43 |    +0.2% |   -5.543 |     -185.1 |    -1624.2 |   2828 | mul_reduced_q\[2\]$_DFFE_PN0P_/D
     120* |       0 |      71 |        0 |      0 |    48 |    +0.2% |   -5.545 |     -187.3 |    -1624.3 |   2828 | mul_reduced_q\[2\]$_DFFE_PN0P_/D
     130* |       0 |      74 |        0 |      0 |    55 |    +0.2% |   -5.518 |     -186.3 |    -1623.9 |   2828 | mul_reduced_q\[2\]$_DFFE_PN0P_/D
     140* |       0 |      78 |        0 |      0 |    61 |    +0.2% |   -5.542 |     -187.9 |    -1624.2 |   2828 | mul_reduced_q\[2\]$_DFFE_PN0P_/D
     143* |       0 |      57 |        0 |      0 |    35 |    +0.1% |   -5.449 |     -179.7 |    -1623.1 |   2828 | mul_reduced_q\[2\]$_DFFE_PN0P_/D
     150* |       0 |      63 |        0 |      0 |    35 |    +0.1% |   -5.418 |     -179.1 |    -1622.7 |   2828 | mul_reduced_q\[2\]$_DFFE_PN0P_/D
     160* |       0 |      73 |        0 |      0 |    35 |    +0.2% |   -5.312 |     -176.3 |    -1621.5 |   2828 | mul_reduced_q\[2\]$_DFFE_PN0P_/D
     170* |       0 |      83 |        0 |      0 |    35 |    +0.2% |   -5.263 |     -174.0 |    -1620.9 |   2828 | mul_reduced_q\[2\]$_DFFE_PN0P_/D
     180* |       0 |      89 |        0 |      0 |    39 |    +0.2% |   -5.157 |     -168.8 |    -1619.6 |   2828 | mul_reduced_q\[2\]$_DFFE_PN0P_/D
     190* |       0 |      94 |        0 |      0 |    44 |    +0.2% |   -5.121 |     -168.8 |    -1619.2 |   2828 | mul_reduced_q\[2\]$_DFFE_PN0P_/D
     200* |       0 |     101 |        0 |      0 |    47 |    +0.3% |   -5.093 |     -168.5 |    -1618.8 |   2828 | mul_reduced_q\[2\]$_DFFE_PN0P_/D
     210* |       0 |     104 |        0 |      0 |    54 |    +0.3% |   -5.115 |     -169.6 |    -1618.7 |   2828 | mul_reduced_q\[4\]$_DFFE_PN0P_/D
     220* |       0 |     111 |        0 |      0 |    57 |    +0.3% |   -5.078 |     -166.5 |    -1618.2 |   2828 | mul_reduced_q\[4\]$_DFFE_PN0P_/D
     230* |       0 |     118 |        0 |      0 |    60 |    +0.3% |   -5.048 |     -164.8 |    -1617.9 |   2828 | mul_reduced_q\[4\]$_DFFE_PN0P_/D
     240* |       0 |     124 |        0 |      0 |    64 |    +0.3% |   -5.038 |     -165.1 |    -1617.9 |   2828 | mul_reduced_q\[4\]$_DFFE_PN0P_/D
     240* |       0 |     124 |        0 |      0 |    64 |    +0.3% |   -5.038 |     -165.1 |    -1617.9 |   2828 | mul_reduced_q\[4\]$_DFFE_PN0P_/D
     243* |       0 |     125 |        0 |      0 |    65 |    +0.3% |   -5.038 |     -165.1 |    -1617.9 |   2828 | mul_reduced_q\[4\]$_DFFE_PN0P_/D
     246* |       0 |     126 |        0 |      0 |    66 |    +0.3% |   -5.038 |     -165.1 |    -1617.9 |   2828 | mul_reduced_q\[4\]$_DFFE_PN0P_/D
     249* |       0 |     126 |        0 |      0 |    67 |    +0.3% |   -5.038 |     -165.1 |    -1617.9 |   2828 | mul_reduced_q\[4\]$_DFFE_PN0P_/D
     250* |       0 |     126 |        0 |      0 |    67 |    +0.3% |   -5.038 |     -165.1 |    -1617.9 |   2828 | mul_reduced_q\[4\]$_DFFE_PN0P_/D
     252* |       0 |     127 |        0 |      0 |    68 |    +0.3% |   -5.038 |     -165.1 |    -1617.9 |   2828 | mul_reduced_q\[4\]$_DFFE_PN0P_/D
     255* |       0 |     128 |        0 |      0 |    69 |    +0.3% |   -5.038 |     -165.1 |    -1617.9 |   2828 | mul_reduced_q\[4\]$_DFFE_PN0P_/D
     257* |       0 |     128 |        0 |      0 |    70 |    +0.3% |   -5.038 |     -165.1 |    -1617.9 |   2828 | mul_reduced_q\[4\]$_DFFE_PN0P_/D
     260* |       0 |     129 |        0 |      0 |    71 |    +0.3% |   -5.038 |     -165.1 |    -1617.9 |   2828 | mul_reduced_q\[4\]$_DFFE_PN0P_/D
     260* |       0 |     128 |        0 |      0 |    71 |    +0.3% |   -5.038 |     -165.1 |    -1617.9 |   2828 | mul_reduced_q\[4\]$_DFFE_PN0P_/D
     263* |       0 |     128 |        0 |      0 |    71 |    +0.3% |   -5.038 |     -165.1 |    -1617.9 |   2828 | mul_reduced_q\[4\]$_DFFE_PN0P_/D
     265* |       0 |     128 |        0 |      0 |    72 |    +0.3% |   -5.038 |     -165.1 |    -1617.9 |   2828 | mul_reduced_q\[4\]$_DFFE_PN0P_/D
     267* |       0 |     128 |        0 |      0 |    73 |    +0.3% |   -5.038 |     -165.1 |    -1617.8 |   2828 | mul_reduced_q\[4\]$_DFFE_PN0P_/D
     269* |       0 |     129 |        0 |      0 |    73 |    +0.3% |   -5.038 |     -164.5 |    -1476.0 |   2828 | mul_reduced_q\[4\]$_DFFE_PN0P_/D
     270* |       0 |     129 |        0 |      0 |    73 |    +0.3% |   -5.038 |     -164.5 |    -1476.0 |   2828 | mul_reduced_q\[4\]$_DFFE_PN0P_/D
     271* |       0 |     130 |        0 |      0 |    73 |    +0.3% |   -5.038 |     -164.0 |    -1334.1 |   2828 | mul_reduced_q\[4\]$_DFFE_PN0P_/D
     272* |       0 |     130 |        0 |      0 |    73 |    +0.3% |   -5.038 |     -164.0 |    -1334.1 |   2828 | mul_reduced_q\[4\]$_DFFE_PN0P_/D
     273* |       0 |     130 |        0 |      0 |    73 |    +0.3% |   -5.038 |     -164.0 |    -1334.1 |   2828 | mul_reduced_q\[4\]$_DFFE_PN0P_/D
     274* |       0 |     130 |        0 |      0 |    73 |    +0.3% |   -5.038 |     -164.0 |    -1334.1 |   2828 | mul_reduced_q\[4\]$_DFFE_PN0P_/D
     275* |       0 |     130 |        0 |      0 |    73 |    +0.3% |   -5.038 |     -164.0 |    -1334.1 |   2828 | mul_reduced_q\[4\]$_DFFE_PN0P_/D
     276* |       0 |     130 |        0 |      0 |    73 |    +0.3% |   -5.038 |     -164.0 |    -1334.1 |   2828 | mul_reduced_q\[4\]$_DFFE_PN0P_/D
     277* |       0 |     130 |        0 |      0 |    73 |    +0.3% |   -5.038 |     -164.0 |    -1334.1 |   2828 | mul_reduced_q\[4\]$_DFFE_PN0P_/D
     278* |       0 |     130 |        0 |      0 |    73 |    +0.3% |   -5.038 |     -164.0 |    -1334.1 |   2828 | mul_reduced_q\[4\]$_DFFE_PN0P_/D
     279* |       0 |     130 |        0 |      0 |    73 |    +0.3% |   -5.038 |     -164.0 |    -1334.1 |   2828 | mul_reduced_q\[4\]$_DFFE_PN0P_/D
     280* |       0 |     130 |        0 |      0 |    73 |    +0.3% |   -5.038 |     -164.0 |    -1334.1 |   2828 | mul_reduced_q\[4\]$_DFFE_PN0P_/D
     280* |       0 |     130 |        0 |      0 |    73 |    +0.3% |   -5.038 |     -164.0 |    -1334.1 |   2828 | mul_reduced_q\[4\]$_DFFE_PN0P_/D
     281* |       0 |     130 |        0 |      0 |    73 |    +0.3% |   -5.038 |     -164.0 |    -1334.1 |   2828 | mul_reduced_q\[4\]$_DFFE_PN0P_/D
     282* |       0 |     130 |        0 |      0 |    73 |    +0.3% |   -5.038 |     -164.0 |    -1334.1 |   2828 | mul_reduced_q\[4\]$_DFFE_PN0P_/D
     283* |       0 |     130 |        0 |      0 |    73 |    +0.3% |   -5.038 |     -164.0 |    -1334.1 |   2828 | mul_reduced_q\[4\]$_DFFE_PN0P_/D
     284* |       0 |     130 |        0 |      0 |    73 |    +0.3% |   -5.038 |     -164.0 |    -1334.1 |   2828 | mul_reduced_q\[4\]$_DFFE_PN0P_/D
     285* |       0 |     130 |        0 |      0 |    73 |    +0.3% |   -5.038 |     -164.0 |    -1334.1 |   2828 | mul_reduced_q\[4\]$_DFFE_PN0P_/D
     286* |       0 |     130 |        0 |      0 |    73 |    +0.3% |   -5.038 |     -164.0 |    -1334.1 |   2828 | mul_reduced_q\[4\]$_DFFE_PN0P_/D
     287* |       0 |     130 |        0 |      0 |    73 |    +0.3% |   -5.038 |     -164.0 |    -1334.1 |   2828 | mul_reduced_q\[4\]$_DFFE_PN0P_/D
     288* |       0 |     130 |        0 |      0 |    73 |    +0.3% |   -5.038 |     -164.0 |    -1334.1 |   2828 | mul_reduced_q\[4\]$_DFFE_PN0P_/D
     289* |       0 |     130 |        0 |      0 |    73 |    +0.3% |   -5.038 |     -164.0 |    -1334.1 |   2828 | mul_reduced_q\[4\]$_DFFE_PN0P_/D
     290* |       0 |     130 |        0 |      0 |    73 |    +0.3% |   -5.038 |     -164.0 |    -1334.1 |   2828 | mul_reduced_q\[4\]$_DFFE_PN0P_/D
     290* |       0 |     130 |        0 |      0 |    73 |    +0.3% |   -5.038 |     -164.0 |    -1334.1 |   2828 | mul_reduced_q\[4\]$_DFFE_PN0P_/D
     291* |       0 |     130 |        0 |      0 |    73 |    +0.3% |   -5.038 |     -164.0 |    -1334.1 |   2828 | mul_reduced_q\[4\]$_DFFE_PN0P_/D
     292* |       0 |     130 |        0 |      0 |    73 |    +0.3% |   -5.038 |     -164.0 |    -1334.1 |   2828 | mul_reduced_q\[4\]$_DFFE_PN0P_/D
     293* |       0 |     130 |        0 |      0 |    73 |    +0.3% |   -5.038 |     -164.0 |    -1334.1 |   2828 | mul_reduced_q\[4\]$_DFFE_PN0P_/D
     294* |       0 |     130 |        0 |      0 |    73 |    +0.3% |   -5.038 |     -164.0 |    -1334.1 |   2828 | mul_reduced_q\[4\]$_DFFE_PN0P_/D
     295* |       0 |     130 |        0 |      0 |    73 |    +0.3% |   -5.038 |     -164.0 |    -1334.1 |   2828 | mul_reduced_q\[4\]$_DFFE_PN0P_/D
     296* |       0 |     130 |        0 |      0 |    73 |    +0.3% |   -5.038 |     -164.0 |    -1334.1 |   2828 | mul_reduced_q\[4\]$_DFFE_PN0P_/D
     297* |       0 |     130 |        0 |      0 |    73 |    +0.3% |   -5.038 |     -164.0 |    -1334.1 |   2828 | mul_reduced_q\[4\]$_DFFE_PN0P_/D
     298* |       0 |     130 |        0 |      0 |    73 |    +0.3% |   -5.038 |     -164.0 |    -1334.1 |   2828 | mul_reduced_q\[4\]$_DFFE_PN0P_/D
     299* |       0 |     130 |        0 |      0 |    73 |    +0.3% |   -5.038 |     -164.0 |    -1334.1 |   2828 | mul_reduced_q\[4\]$_DFFE_PN0P_/D
     300* |       0 |     130 |        0 |      0 |    73 |    +0.3% |   -5.038 |     -164.0 |    -1334.1 |   2828 | mul_reduced_q\[4\]$_DFFE_PN0P_/D
     300* |       0 |     130 |        0 |      0 |    73 |    +0.3% |   -5.038 |     -164.0 |    -1334.1 |   2828 | mul_reduced_q\[4\]$_DFFE_PN0P_/D
     301* |       0 |     130 |        0 |      0 |    73 |    +0.3% |   -5.038 |     -164.0 |    -1334.1 |   2828 | mul_reduced_q\[4\]$_DFFE_PN0P_/D
     302* |       0 |     130 |        0 |      0 |    73 |    +0.3% |   -5.038 |     -164.0 |    -1334.1 |   2828 | mul_reduced_q\[4\]$_DFFE_PN0P_/D
     303* |       0 |     130 |        0 |      0 |    73 |    +0.3% |   -5.038 |     -164.0 |    -1334.1 |   2828 | mul_reduced_q\[4\]$_DFFE_PN0P_/D
     304* |       0 |     130 |        0 |      0 |    73 |    +0.3% |   -5.038 |     -164.0 |    -1334.1 |   2828 | mul_reduced_q\[4\]$_DFFE_PN0P_/D
     305* |       0 |     130 |        0 |      0 |    73 |    +0.3% |   -5.038 |     -164.0 |    -1334.1 |   2828 | mul_reduced_q\[4\]$_DFFE_PN0P_/D
     306* |       0 |     130 |        0 |      0 |    73 |    +0.3% |   -5.038 |     -164.0 |    -1334.1 |   2828 | mul_reduced_q\[4\]$_DFFE_PN0P_/D
     307* |       0 |     130 |        0 |      0 |    73 |    +0.3% |   -5.038 |     -164.0 |    -1334.1 |   2828 | mul_reduced_q\[4\]$_DFFE_PN0P_/D
     308* |       0 |     130 |        0 |      0 |    73 |    +0.3% |   -5.038 |     -164.0 |    -1334.1 |   2828 | mul_reduced_q\[4\]$_DFFE_PN0P_/D
     309* |       0 |     130 |        0 |      0 |    73 |    +0.3% |   -5.038 |     -164.0 |    -1334.1 |   2828 | mul_reduced_q\[4\]$_DFFE_PN0P_/D
     310* |       0 |     130 |        0 |      0 |    73 |    +0.3% |   -5.038 |     -164.0 |    -1334.1 |   2828 | mul_reduced_q\[4\]$_DFFE_PN0P_/D
     310* |       0 |     130 |        0 |      0 |    73 |    +0.3% |   -5.038 |     -164.0 |    -1334.1 |   2828 | mul_reduced_q\[4\]$_DFFE_PN0P_/D
     311* |       0 |     130 |        0 |      0 |    73 |    +0.3% |   -5.038 |     -164.0 |    -1334.1 |   2828 | mul_reduced_q\[4\]$_DFFE_PN0P_/D
     312* |       0 |     130 |        0 |      0 |    73 |    +0.3% |   -5.038 |     -164.0 |    -1334.1 |   2828 | mul_reduced_q\[4\]$_DFFE_PN0P_/D
     313* |       0 |     130 |        0 |      0 |    73 |    +0.3% |   -5.038 |     -164.0 |    -1334.1 |   2828 | mul_reduced_q\[4\]$_DFFE_PN0P_/D
     314* |       0 |     130 |        0 |      0 |    73 |    +0.3% |   -5.038 |     -164.0 |    -1334.1 |   2828 | mul_reduced_q\[4\]$_DFFE_PN0P_/D
     315* |       0 |     130 |        0 |      0 |    73 |    +0.3% |   -5.038 |     -164.0 |    -1334.1 |   2828 | mul_reduced_q\[4\]$_DFFE_PN0P_/D
     316* |       0 |     130 |        0 |      0 |    73 |    +0.3% |   -5.038 |     -164.0 |    -1334.1 |   2828 | mul_reduced_q\[4\]$_DFFE_PN0P_/D
     317* |       0 |     130 |        0 |      0 |    73 |    +0.3% |   -5.038 |     -164.0 |    -1334.1 |   2828 | mul_reduced_q\[4\]$_DFFE_PN0P_/D
     318* |       0 |     130 |        0 |      0 |    73 |    +0.3% |   -5.038 |     -164.0 |    -1334.1 |   2828 | mul_reduced_q\[4\]$_DFFE_PN0P_/D
     319* |       0 |     130 |        0 |      0 |    73 |    +0.3% |   -5.038 |     -164.0 |    -1334.1 |   2828 | mul_reduced_q\[4\]$_DFFE_PN0P_/D
     320* |       0 |     130 |        0 |      0 |    73 |    +0.3% |   -5.038 |     -164.0 |    -1334.1 |   2828 | mul_reduced_q\[4\]$_DFFE_PN0P_/D
     320* |       0 |     130 |        0 |      0 |    73 |    +0.3% |   -5.038 |     -164.0 |    -1334.1 |   2828 | mul_reduced_q\[4\]$_DFFE_PN0P_/D
     321* |       0 |     130 |        0 |      0 |    73 |    +0.3% |   -5.038 |     -164.0 |    -1334.1 |   2828 | mul_reduced_q\[4\]$_DFFE_PN0P_/D
     322* |       0 |     130 |        0 |      0 |    73 |    +0.3% |   -5.038 |     -164.0 |    -1334.1 |   2828 | mul_reduced_q\[4\]$_DFFE_PN0P_/D
     323* |       0 |     130 |        0 |      0 |    73 |    +0.3% |   -5.038 |     -164.0 |    -1334.1 |   2828 | mul_reduced_q\[4\]$_DFFE_PN0P_/D
     324* |       0 |     130 |        0 |      0 |    73 |    +0.3% |   -5.038 |     -164.0 |    -1334.1 |   2828 | mul_reduced_q\[4\]$_DFFE_PN0P_/D
     325* |       0 |     130 |        0 |      0 |    73 |    +0.3% |   -5.038 |     -164.0 |    -1334.1 |   2828 | mul_reduced_q\[4\]$_DFFE_PN0P_/D
     326* |       0 |     130 |        0 |      0 |    73 |    +0.3% |   -5.038 |     -164.0 |    -1334.1 |   2828 | mul_reduced_q\[4\]$_DFFE_PN0P_/D
     327* |       0 |     130 |        0 |      0 |    73 |    +0.3% |   -5.038 |     -164.0 |    -1334.1 |   2828 | mul_reduced_q\[4\]$_DFFE_PN0P_/D
     328* |       0 |     130 |        0 |      0 |    73 |    +0.3% |   -5.038 |     -164.0 |    -1334.1 |   2828 | mul_reduced_q\[4\]$_DFFE_PN0P_/D
     329* |       0 |     130 |        0 |      0 |    73 |    +0.3% |   -5.038 |     -164.0 |    -1334.1 |   2828 | mul_reduced_q\[4\]$_DFFE_PN0P_/D
     330* |       0 |     130 |        0 |      0 |    73 |    +0.3% |   -5.038 |     -164.0 |    -1334.1 |   2828 | mul_reduced_q\[4\]$_DFFE_PN0P_/D
     330* |       0 |     130 |        0 |      0 |    73 |    +0.3% |   -5.038 |     -164.0 |    -1334.1 |   2828 | mul_reduced_q\[4\]$_DFFE_PN0P_/D
     331* |       0 |     130 |        0 |      0 |    73 |    +0.3% |   -5.038 |     -164.0 |    -1334.1 |   2828 | mul_reduced_q\[4\]$_DFFE_PN0P_/D
     332* |       0 |     130 |        0 |      0 |    73 |    +0.3% |   -5.038 |     -164.0 |    -1334.1 |   2828 | mul_reduced_q\[4\]$_DFFE_PN0P_/D
     333* |       0 |     130 |        0 |      0 |    73 |    +0.3% |   -5.038 |     -164.0 |    -1334.1 |   2828 | mul_reduced_q\[4\]$_DFFE_PN0P_/D
     334* |       0 |     130 |        0 |      0 |    73 |    +0.3% |   -5.038 |     -164.0 |    -1334.1 |   2828 | mul_reduced_q\[4\]$_DFFE_PN0P_/D
     335* |       0 |     130 |        0 |      0 |    73 |    +0.3% |   -5.038 |     -164.0 |    -1334.1 |   2828 | mul_reduced_q\[4\]$_DFFE_PN0P_/D
     336* |       0 |     130 |        0 |      0 |    73 |    +0.3% |   -5.038 |     -164.0 |    -1334.1 |   2828 | mul_reduced_q\[4\]$_DFFE_PN0P_/D
     337* |       0 |     130 |        0 |      0 |    73 |    +0.3% |   -5.038 |     -164.0 |    -1334.1 |   2828 | mul_reduced_q\[4\]$_DFFE_PN0P_/D
     338* |       0 |     130 |        0 |      0 |    73 |    +0.3% |   -5.038 |     -164.0 |    -1334.1 |   2828 | mul_reduced_q\[4\]$_DFFE_PN0P_/D
     339* |       0 |     130 |        0 |      0 |    73 |    +0.3% |   -5.038 |     -164.0 |    -1334.1 |   2828 | mul_reduced_q\[4\]$_DFFE_PN0P_/D
     340* |       0 |     130 |        0 |      0 |    73 |    +0.3% |   -5.038 |     -164.0 |    -1334.1 |   2828 | mul_reduced_q\[4\]$_DFFE_PN0P_/D
     340* |       0 |     130 |        0 |      0 |    73 |    +0.3% |   -5.038 |     -164.0 |    -1334.1 |   2828 | mul_reduced_q\[4\]$_DFFE_PN0P_/D
     341* |       0 |     130 |        0 |      0 |    73 |    +0.3% |   -5.038 |     -164.0 |    -1334.1 |   2828 | mul_reduced_q\[4\]$_DFFE_PN0P_/D
     342* |       0 |     130 |        0 |      0 |    73 |    +0.3% |   -5.038 |     -164.0 |    -1334.1 |   2828 | mul_reduced_q\[4\]$_DFFE_PN0P_/D
     343* |       0 |     130 |        0 |      0 |    73 |    +0.3% |   -5.038 |     -164.0 |    -1334.1 |   2828 | mul_reduced_q\[4\]$_DFFE_PN0P_/D
     344* |       0 |     130 |        0 |      0 |    73 |    +0.3% |   -5.038 |     -164.0 |    -1334.1 |   2828 | mul_reduced_q\[4\]$_DFFE_PN0P_/D
     345* |       0 |     130 |        0 |      0 |    73 |    +0.3% |   -5.038 |     -164.0 |    -1334.1 |   2828 | mul_reduced_q\[4\]$_DFFE_PN0P_/D
     346* |       0 |     130 |        0 |      0 |    73 |    +0.3% |   -5.038 |     -164.0 |    -1334.1 |   2828 | mul_reduced_q\[4\]$_DFFE_PN0P_/D
     347* |       0 |     130 |        0 |      0 |    73 |    +0.3% |   -5.038 |     -164.0 |    -1334.1 |   2828 | mul_reduced_q\[4\]$_DFFE_PN0P_/D
     348* |       0 |     130 |        0 |      0 |    73 |    +0.3% |   -5.038 |     -164.0 |    -1334.1 |   2828 | mul_reduced_q\[4\]$_DFFE_PN0P_/D
     349* |       0 |     130 |        0 |      0 |    73 |    +0.3% |   -5.038 |     -164.0 |    -1334.1 |   2828 | mul_reduced_q\[4\]$_DFFE_PN0P_/D
     350* |       0 |     130 |        0 |      0 |    73 |    +0.3% |   -5.038 |     -164.0 |    -1334.1 |   2828 | mul_reduced_q\[4\]$_DFFE_PN0P_/D
     350* |       0 |     130 |        0 |      0 |    73 |    +0.3% |   -5.038 |     -164.0 |    -1334.1 |   2828 | mul_reduced_q\[4\]$_DFFE_PN0P_/D
     351* |       0 |     130 |        0 |      0 |    73 |    +0.3% |   -5.038 |     -164.0 |    -1334.1 |   2828 | mul_reduced_q\[4\]$_DFFE_PN0P_/D
     352* |       0 |     130 |        0 |      0 |    73 |    +0.3% |   -5.038 |     -164.0 |    -1334.1 |   2828 | mul_reduced_q\[4\]$_DFFE_PN0P_/D
     353* |       0 |     130 |        0 |      0 |    73 |    +0.3% |   -5.038 |     -164.0 |    -1334.1 |   2828 | mul_reduced_q\[4\]$_DFFE_PN0P_/D
     354* |       0 |     130 |        0 |      0 |    73 |    +0.3% |   -5.038 |     -164.0 |    -1334.1 |   2828 | mul_reduced_q\[4\]$_DFFE_PN0P_/D
     355* |       0 |     130 |        0 |      0 |    73 |    +0.3% |   -5.038 |     -164.0 |    -1334.1 |   2828 | mul_reduced_q\[4\]$_DFFE_PN0P_/D
     356* |       0 |     130 |        0 |      0 |    73 |    +0.3% |   -5.038 |     -164.0 |    -1334.1 |   2828 | mul_reduced_q\[4\]$_DFFE_PN0P_/D
     357* |       0 |     130 |        0 |      0 |    73 |    +0.3% |   -5.038 |     -164.0 |    -1334.1 |   2828 | mul_reduced_q\[4\]$_DFFE_PN0P_/D
     358* |       0 |     130 |        0 |      0 |    73 |    +0.3% |   -5.038 |     -164.0 |    -1334.1 |   2828 | mul_reduced_q\[4\]$_DFFE_PN0P_/D
     359* |       0 |     130 |        0 |      0 |    73 |    +0.3% |   -5.038 |     -164.0 |    -1334.1 |   2828 | mul_reduced_q\[4\]$_DFFE_PN0P_/D
     360* |       0 |     130 |        0 |      0 |    73 |    +0.3% |   -5.038 |     -164.0 |    -1334.1 |   2828 | mul_reduced_q\[4\]$_DFFE_PN0P_/D
     360* |       0 |     130 |        0 |      0 |    73 |    +0.3% |   -5.038 |     -164.0 |    -1334.1 |   2828 | mul_reduced_q\[4\]$_DFFE_PN0P_/D
     361* |       0 |     130 |        0 |      0 |    73 |    +0.3% |   -5.038 |     -164.0 |    -1334.1 |   2828 | mul_reduced_q\[4\]$_DFFE_PN0P_/D
     362* |       0 |     130 |        0 |      0 |    73 |    +0.3% |   -5.038 |     -164.0 |    -1334.1 |   2828 | mul_reduced_q\[4\]$_DFFE_PN0P_/D
     363* |       0 |     130 |        0 |      0 |    73 |    +0.3% |   -5.038 |     -164.0 |    -1334.1 |   2828 | mul_reduced_q\[4\]$_DFFE_PN0P_/D
     364* |       0 |     130 |        0 |      0 |    73 |    +0.3% |   -5.038 |     -164.0 |    -1334.1 |   2828 | mul_reduced_q\[4\]$_DFFE_PN0P_/D
     365* |       0 |     130 |        0 |      0 |    73 |    +0.3% |   -5.038 |     -164.0 |    -1334.1 |   2828 | mul_reduced_q\[4\]$_DFFE_PN0P_/D
     366* |       0 |     130 |        0 |      0 |    73 |    +0.3% |   -5.038 |     -164.0 |    -1334.1 |   2828 | mul_reduced_q\[4\]$_DFFE_PN0P_/D
     367* |       0 |     130 |        0 |      0 |    73 |    +0.3% |   -5.038 |     -164.0 |    -1334.1 |   2828 | mul_reduced_q\[4\]$_DFFE_PN0P_/D
     368* |       0 |     130 |        0 |      0 |    73 |    +0.3% |   -5.038 |     -164.0 |    -1334.1 |   2828 | mul_reduced_q\[4\]$_DFFE_PN0P_/D
     369* |       0 |     130 |        0 |      0 |    73 |    +0.3% |   -5.038 |     -164.0 |    -1334.1 |   2828 | mul_reduced_q\[4\]$_DFFE_PN0P_/D
     370* |       0 |     130 |        0 |      0 |    73 |    +0.3% |   -5.038 |     -164.0 |    -1334.1 |   2828 | mul_reduced_q\[4\]$_DFFE_PN0P_/D
     370* |       0 |     130 |        0 |      0 |    73 |    +0.3% |   -5.038 |     -164.0 |    -1334.1 |   2828 | mul_reduced_q\[4\]$_DFFE_PN0P_/D
     371* |       0 |     130 |        0 |      0 |    73 |    +0.3% |   -5.038 |     -164.0 |    -1334.1 |   2828 | mul_reduced_q\[4\]$_DFFE_PN0P_/D
     372* |       0 |     130 |        0 |      0 |    73 |    +0.3% |   -5.038 |     -164.0 |    -1334.1 |   2828 | mul_reduced_q\[4\]$_DFFE_PN0P_/D
     373* |       0 |     130 |        0 |      0 |    73 |    +0.3% |   -5.038 |     -164.0 |    -1334.1 |   2828 | mul_reduced_q\[4\]$_DFFE_PN0P_/D
     374* |       0 |     130 |        0 |      0 |    73 |    +0.3% |   -5.038 |     -164.0 |    -1334.1 |   2828 | mul_reduced_q\[4\]$_DFFE_PN0P_/D
     375* |       0 |     130 |        0 |      0 |    73 |    +0.3% |   -5.038 |     -164.0 |    -1334.1 |   2828 | mul_reduced_q\[4\]$_DFFE_PN0P_/D
     376* |       0 |     130 |        0 |      0 |    73 |    +0.3% |   -5.038 |     -164.0 |    -1334.1 |   2828 | mul_reduced_q\[4\]$_DFFE_PN0P_/D
     377* |       0 |     130 |        0 |      0 |    73 |    +0.3% |   -5.038 |     -164.0 |    -1334.1 |   2828 | mul_reduced_q\[4\]$_DFFE_PN0P_/D
     378* |       0 |     130 |        0 |      0 |    73 |    +0.3% |   -5.038 |     -164.0 |    -1334.1 |   2828 | mul_reduced_q\[4\]$_DFFE_PN0P_/D
     379* |       0 |     130 |        0 |      0 |    73 |    +0.3% |   -5.038 |     -164.0 |    -1334.1 |   2828 | mul_reduced_q\[4\]$_DFFE_PN0P_/D
     380* |       0 |     130 |        0 |      0 |    73 |    +0.3% |   -5.038 |     -164.0 |    -1334.1 |   2828 | mul_reduced_q\[4\]$_DFFE_PN0P_/D
     380* |       0 |     130 |        0 |      0 |    73 |    +0.3% |   -5.038 |     -164.0 |    -1334.1 |   2828 | mul_reduced_q\[4\]$_DFFE_PN0P_/D
     381* |       0 |     130 |        0 |      0 |    73 |    +0.3% |   -5.038 |     -164.0 |    -1334.1 |   2828 | mul_reduced_q\[4\]$_DFFE_PN0P_/D
     382* |       0 |     130 |        0 |      0 |    73 |    +0.3% |   -5.038 |     -164.0 |    -1334.1 |   2828 | mul_reduced_q\[4\]$_DFFE_PN0P_/D
     383* |       0 |     130 |        0 |      0 |    73 |    +0.3% |   -5.038 |     -164.0 |    -1334.1 |   2828 | mul_reduced_q\[4\]$_DFFE_PN0P_/D
     384* |       0 |     130 |        0 |      0 |    73 |    +0.3% |   -5.038 |     -164.0 |    -1334.1 |   2828 | mul_reduced_q\[4\]$_DFFE_PN0P_/D
     385* |       0 |     130 |        0 |      0 |    73 |    +0.3% |   -5.038 |     -164.0 |    -1334.1 |   2828 | mul_reduced_q\[4\]$_DFFE_PN0P_/D
     386* |       0 |     130 |        0 |      0 |    73 |    +0.3% |   -5.038 |     -164.0 |    -1334.1 |   2828 | mul_reduced_q\[4\]$_DFFE_PN0P_/D
     387* |       0 |     130 |        0 |      0 |    73 |    +0.3% |   -5.038 |     -164.0 |    -1334.1 |   2828 | mul_reduced_q\[4\]$_DFFE_PN0P_/D
     388* |       0 |     130 |        0 |      0 |    73 |    +0.3% |   -5.038 |     -164.0 |    -1334.1 |   2828 | mul_reduced_q\[4\]$_DFFE_PN0P_/D
     389* |       0 |     130 |        0 |      0 |    73 |    +0.3% |   -5.038 |     -164.0 |    -1334.1 |   2828 | mul_reduced_q\[4\]$_DFFE_PN0P_/D
     390* |       0 |     130 |        0 |      0 |    73 |    +0.3% |   -5.038 |     -164.0 |    -1334.1 |   2828 | mul_reduced_q\[4\]$_DFFE_PN0P_/D
     390* |       0 |     130 |        0 |      0 |    73 |    +0.3% |   -5.038 |     -164.0 |    -1334.1 |   2828 | mul_reduced_q\[4\]$_DFFE_PN0P_/D
     391* |       0 |     130 |        0 |      0 |    73 |    +0.3% |   -5.038 |     -164.0 |    -1334.1 |   2828 | mul_reduced_q\[4\]$_DFFE_PN0P_/D
     392* |       0 |     130 |        0 |      0 |    73 |    +0.3% |   -5.038 |     -164.0 |    -1334.1 |   2828 | mul_reduced_q\[4\]$_DFFE_PN0P_/D
     393* |       0 |     130 |        0 |      0 |    73 |    +0.3% |   -5.038 |     -164.0 |    -1334.1 |   2828 | mul_reduced_q\[4\]$_DFFE_PN0P_/D
     394* |       0 |     130 |        0 |      0 |    73 |    +0.3% |   -5.038 |     -164.0 |    -1334.1 |   2828 | mul_reduced_q\[4\]$_DFFE_PN0P_/D
     395* |       0 |     130 |        0 |      0 |    73 |    +0.3% |   -5.038 |     -164.0 |    -1334.1 |   2828 | mul_reduced_q\[4\]$_DFFE_PN0P_/D
     396* |       0 |     130 |        0 |      0 |    73 |    +0.3% |   -5.038 |     -164.0 |    -1334.1 |   2828 | mul_reduced_q\[4\]$_DFFE_PN0P_/D
     397* |       0 |     130 |        0 |      0 |    73 |    +0.3% |   -5.038 |     -164.0 |    -1334.1 |   2828 | mul_reduced_q\[4\]$_DFFE_PN0P_/D
     398* |       0 |     130 |        0 |      0 |    73 |    +0.3% |   -5.038 |     -164.0 |    -1334.1 |   2828 | mul_reduced_q\[4\]$_DFFE_PN0P_/D
     399* |       0 |     130 |        0 |      0 |    73 |    +0.3% |   -5.038 |     -164.0 |    -1334.1 |   2828 | mul_reduced_q\[4\]$_DFFE_PN0P_/D
     400* |       0 |     130 |        0 |      0 |    73 |    +0.3% |   -5.038 |     -164.0 |    -1334.1 |   2828 | mul_reduced_q\[4\]$_DFFE_PN0P_/D
     400* |       0 |     130 |        0 |      0 |    73 |    +0.3% |   -5.038 |     -164.0 |    -1334.1 |   2828 | mul_reduced_q\[4\]$_DFFE_PN0P_/D
     401* |       0 |     130 |        0 |      0 |    73 |    +0.3% |   -5.038 |     -164.0 |    -1334.1 |   2828 | mul_reduced_q\[4\]$_DFFE_PN0P_/D
     402* |       0 |     130 |        0 |      0 |    73 |    +0.3% |   -5.038 |     -164.0 |    -1334.1 |   2828 | mul_reduced_q\[4\]$_DFFE_PN0P_/D
     403* |       0 |     130 |        0 |      0 |    73 |    +0.3% |   -5.038 |     -164.0 |    -1334.1 |   2828 | mul_reduced_q\[4\]$_DFFE_PN0P_/D
     404* |       0 |     130 |        0 |      0 |    73 |    +0.3% |   -5.038 |     -164.0 |    -1334.1 |   2828 | mul_reduced_q\[4\]$_DFFE_PN0P_/D
     405* |       0 |     130 |        0 |      0 |    73 |    +0.3% |   -5.038 |     -164.0 |    -1334.1 |   2828 | mul_reduced_q\[4\]$_DFFE_PN0P_/D
     406* |       0 |     130 |        0 |      0 |    73 |    +0.3% |   -5.038 |     -164.0 |    -1334.1 |   2828 | mul_reduced_q\[4\]$_DFFE_PN0P_/D
     407* |       0 |     130 |        0 |      0 |    73 |    +0.3% |   -5.038 |     -164.0 |    -1334.1 |   2828 | mul_reduced_q\[4\]$_DFFE_PN0P_/D
     408* |       0 |     130 |        0 |      0 |    73 |    +0.3% |   -5.038 |     -164.0 |    -1334.1 |   2828 | mul_reduced_q\[4\]$_DFFE_PN0P_/D
     409* |       0 |     130 |        0 |      0 |    73 |    +0.3% |   -5.038 |     -164.0 |    -1334.1 |   2828 | mul_reduced_q\[4\]$_DFFE_PN0P_/D
     410* |       0 |     130 |        0 |      0 |    73 |    +0.3% |   -5.038 |     -164.0 |    -1334.1 |   2828 | mul_reduced_q\[4\]$_DFFE_PN0P_/D
     410* |       0 |     130 |        0 |      0 |    73 |    +0.3% |   -5.038 |     -164.0 |    -1334.1 |   2828 | mul_reduced_q\[4\]$_DFFE_PN0P_/D
     411* |       0 |     130 |        0 |      0 |    73 |    +0.3% |   -5.038 |     -164.0 |    -1334.1 |   2828 | mul_reduced_q\[4\]$_DFFE_PN0P_/D
     412* |       0 |     130 |        0 |      0 |    73 |    +0.3% |   -5.038 |     -164.0 |    -1334.1 |   2828 | mul_reduced_q\[4\]$_DFFE_PN0P_/D
     413* |       0 |     130 |        0 |      0 |    73 |    +0.3% |   -5.038 |     -164.0 |    -1334.1 |   2828 | mul_reduced_q\[4\]$_DFFE_PN0P_/D
     414* |       0 |     130 |        0 |      0 |    73 |    +0.3% |   -5.038 |     -164.0 |    -1334.1 |   2828 | mul_reduced_q\[4\]$_DFFE_PN0P_/D
     415* |       0 |     130 |        0 |      0 |    73 |    +0.3% |   -5.038 |     -164.0 |    -1334.1 |   2828 | mul_reduced_q\[4\]$_DFFE_PN0P_/D
     416* |       0 |     130 |        0 |      0 |    73 |    +0.3% |   -5.038 |     -164.0 |    -1334.1 |   2828 | mul_reduced_q\[4\]$_DFFE_PN0P_/D
     417* |       0 |     130 |        0 |      0 |    73 |    +0.3% |   -5.038 |     -164.0 |    -1334.1 |   2828 | mul_reduced_q\[4\]$_DFFE_PN0P_/D
     418* |       0 |     130 |        0 |      0 |    73 |    +0.3% |   -5.038 |     -164.0 |    -1334.1 |   2828 | mul_reduced_q\[4\]$_DFFE_PN0P_/D
     419* |       0 |     130 |        0 |      0 |    73 |    +0.3% |   -5.038 |     -164.0 |    -1334.1 |   2828 | mul_reduced_q\[4\]$_DFFE_PN0P_/D
     420* |       0 |     130 |        0 |      0 |    73 |    +0.3% |   -5.038 |     -164.0 |    -1334.1 |   2828 | mul_reduced_q\[4\]$_DFFE_PN0P_/D
     420* |       0 |     130 |        0 |      0 |    73 |    +0.3% |   -5.038 |     -164.0 |    -1334.1 |   2828 | mul_reduced_q\[4\]$_DFFE_PN0P_/D
     421* |       0 |     130 |        0 |      0 |    73 |    +0.3% |   -5.038 |     -164.0 |    -1334.1 |   2828 | mul_reduced_q\[4\]$_DFFE_PN0P_/D
     422* |       0 |     130 |        0 |      0 |    73 |    +0.3% |   -5.038 |     -164.0 |    -1334.1 |   2828 | mul_reduced_q\[4\]$_DFFE_PN0P_/D
     423* |       0 |     130 |        0 |      0 |    73 |    +0.3% |   -5.038 |     -164.0 |    -1334.1 |   2828 | mul_reduced_q\[4\]$_DFFE_PN0P_/D
     424* |       0 |     130 |        0 |      0 |    73 |    +0.3% |   -5.038 |     -164.0 |    -1334.1 |   2828 | mul_reduced_q\[4\]$_DFFE_PN0P_/D
     425* |       0 |     130 |        0 |      0 |    73 |    +0.3% |   -5.038 |     -164.0 |    -1334.1 |   2828 | mul_reduced_q\[4\]$_DFFE_PN0P_/D
     426* |       0 |     130 |        0 |      0 |    73 |    +0.3% |   -5.038 |     -164.0 |    -1334.1 |   2828 | mul_reduced_q\[4\]$_DFFE_PN0P_/D
     427* |       0 |     130 |        0 |      0 |    73 |    +0.3% |   -5.038 |     -164.0 |    -1334.1 |   2828 | mul_reduced_q\[4\]$_DFFE_PN0P_/D
     428* |       0 |     130 |        0 |      0 |    73 |    +0.3% |   -5.038 |     -164.0 |    -1334.1 |   2828 | mul_reduced_q\[4\]$_DFFE_PN0P_/D
     429* |       0 |     130 |        0 |      0 |    73 |    +0.3% |   -5.038 |     -164.0 |    -1334.1 |   2828 | mul_reduced_q\[4\]$_DFFE_PN0P_/D
     430* |       0 |     130 |        0 |      0 |    73 |    +0.3% |   -5.038 |     -164.0 |    -1334.1 |   2828 | mul_reduced_q\[4\]$_DFFE_PN0P_/D
     430* |       0 |     130 |        0 |      0 |    73 |    +0.3% |   -5.038 |     -164.0 |    -1334.1 |   2828 | mul_reduced_q\[4\]$_DFFE_PN0P_/D
     431* |       0 |     130 |        0 |      0 |    73 |    +0.3% |   -5.038 |     -164.0 |    -1334.1 |   2828 | mul_reduced_q\[4\]$_DFFE_PN0P_/D
     432* |       0 |     130 |        0 |      0 |    73 |    +0.3% |   -5.038 |     -164.0 |    -1334.1 |   2828 | mul_reduced_q\[4\]$_DFFE_PN0P_/D
     433* |       0 |     130 |        0 |      0 |    73 |    +0.3% |   -5.038 |     -164.0 |    -1334.1 |   2828 | mul_reduced_q\[4\]$_DFFE_PN0P_/D
     434* |       0 |     130 |        0 |      0 |    73 |    +0.3% |   -5.038 |     -164.0 |    -1334.1 |   2828 | mul_reduced_q\[4\]$_DFFE_PN0P_/D
     435* |       0 |     130 |        0 |      0 |    73 |    +0.3% |   -5.038 |     -164.0 |    -1334.1 |   2828 | mul_reduced_q\[4\]$_DFFE_PN0P_/D
     436* |       0 |     130 |        0 |      0 |    73 |    +0.3% |   -5.038 |     -164.0 |    -1334.1 |   2828 | mul_reduced_q\[4\]$_DFFE_PN0P_/D
     437* |       0 |     130 |        0 |      0 |    73 |    +0.3% |   -5.038 |     -164.0 |    -1334.1 |   2828 | mul_reduced_q\[4\]$_DFFE_PN0P_/D
     438* |       0 |     130 |        0 |      0 |    73 |    +0.3% |   -5.038 |     -164.0 |    -1334.1 |   2828 | mul_reduced_q\[4\]$_DFFE_PN0P_/D
     439* |       0 |     130 |        0 |      0 |    73 |    +0.3% |   -5.038 |     -164.0 |    -1334.1 |   2828 | mul_reduced_q\[4\]$_DFFE_PN0P_/D
     440* |       0 |     130 |        0 |      0 |    73 |    +0.3% |   -5.038 |     -164.0 |    -1334.1 |   2828 | mul_reduced_q\[4\]$_DFFE_PN0P_/D
     440* |       0 |     130 |        0 |      0 |    73 |    +0.3% |   -5.038 |     -164.0 |    -1334.1 |   2828 | mul_reduced_q\[4\]$_DFFE_PN0P_/D
     441* |       0 |     130 |        0 |      0 |    73 |    +0.3% |   -5.038 |     -164.0 |    -1334.1 |   2828 | mul_reduced_q\[4\]$_DFFE_PN0P_/D
     442* |       0 |     130 |        0 |      0 |    73 |    +0.3% |   -5.038 |     -164.0 |    -1334.1 |   2828 | mul_reduced_q\[4\]$_DFFE_PN0P_/D
     443* |       0 |     130 |        0 |      0 |    73 |    +0.3% |   -5.038 |     -164.0 |    -1334.1 |   2828 | mul_reduced_q\[4\]$_DFFE_PN0P_/D
     444* |       0 |     130 |        0 |      0 |    73 |    +0.3% |   -5.038 |     -164.0 |    -1334.1 |   2828 | mul_reduced_q\[4\]$_DFFE_PN0P_/D
     445* |       0 |     130 |        0 |      0 |    73 |    +0.3% |   -5.038 |     -164.0 |    -1334.1 |   2828 | mul_reduced_q\[4\]$_DFFE_PN0P_/D
     446* |       0 |     130 |        0 |      0 |    73 |    +0.3% |   -5.038 |     -164.0 |    -1334.1 |   2828 | mul_reduced_q\[4\]$_DFFE_PN0P_/D
     447* |       0 |     130 |        0 |      0 |    73 |    +0.3% |   -5.038 |     -164.0 |    -1334.1 |   2828 | mul_reduced_q\[4\]$_DFFE_PN0P_/D
     448* |       0 |     130 |        0 |      0 |    73 |    +0.3% |   -5.038 |     -164.0 |    -1334.1 |   2828 | mul_reduced_q\[4\]$_DFFE_PN0P_/D
     449* |       0 |     130 |        0 |      0 |    73 |    +0.3% |   -5.038 |     -164.0 |    -1334.1 |   2828 | mul_reduced_q\[4\]$_DFFE_PN0P_/D
     450* |       0 |     130 |        0 |      0 |    73 |    +0.3% |   -5.038 |     -164.0 |    -1334.1 |   2828 | mul_reduced_q\[4\]$_DFFE_PN0P_/D
     450* |       0 |     130 |        0 |      0 |    73 |    +0.3% |   -5.038 |     -164.0 |    -1334.1 |   2828 | mul_reduced_q\[4\]$_DFFE_PN0P_/D
     451* |       0 |     130 |        0 |      0 |    73 |    +0.3% |   -5.038 |     -164.0 |    -1334.1 |   2828 | mul_reduced_q\[4\]$_DFFE_PN0P_/D
     452* |       0 |     130 |        0 |      0 |    73 |    +0.3% |   -5.038 |     -164.0 |    -1334.1 |   2828 | mul_reduced_q\[4\]$_DFFE_PN0P_/D
     453* |       0 |     130 |        0 |      0 |    73 |    +0.3% |   -5.038 |     -164.0 |    -1334.1 |   2828 | mul_reduced_q\[4\]$_DFFE_PN0P_/D
     454* |       0 |     130 |        0 |      0 |    73 |    +0.3% |   -5.038 |     -164.0 |    -1334.1 |   2828 | mul_reduced_q\[4\]$_DFFE_PN0P_/D
     455* |       0 |     130 |        0 |      0 |    73 |    +0.3% |   -5.038 |     -164.0 |    -1334.1 |   2828 | mul_reduced_q\[4\]$_DFFE_PN0P_/D
     456* |       0 |     130 |        0 |      0 |    73 |    +0.3% |   -5.038 |     -164.0 |    -1334.1 |   2828 | mul_reduced_q\[4\]$_DFFE_PN0P_/D
     457* |       0 |     130 |        0 |      0 |    73 |    +0.3% |   -5.038 |     -164.0 |    -1334.1 |   2828 | mul_reduced_q\[4\]$_DFFE_PN0P_/D
     458* |       0 |     130 |        0 |      0 |    73 |    +0.3% |   -5.038 |     -164.0 |    -1334.1 |   2828 | mul_reduced_q\[4\]$_DFFE_PN0P_/D
     459* |       0 |     130 |        0 |      0 |    73 |    +0.3% |   -5.038 |     -164.0 |    -1334.1 |   2828 | mul_reduced_q\[4\]$_DFFE_PN0P_/D
     460* |       0 |     130 |        0 |      0 |    73 |    +0.3% |   -5.038 |     -164.0 |    -1334.1 |   2828 | mul_reduced_q\[4\]$_DFFE_PN0P_/D
     460* |       0 |     130 |        0 |      0 |    73 |    +0.3% |   -5.038 |     -164.0 |    -1334.1 |   2828 | mul_reduced_q\[4\]$_DFFE_PN0P_/D
     461* |       0 |     130 |        0 |      0 |    73 |    +0.3% |   -5.038 |     -164.0 |    -1334.1 |   2828 | mul_reduced_q\[4\]$_DFFE_PN0P_/D
     462* |       0 |     130 |        0 |      0 |    73 |    +0.3% |   -5.038 |     -164.0 |    -1334.1 |   2828 | mul_reduced_q\[4\]$_DFFE_PN0P_/D
     463* |       0 |     130 |        0 |      0 |    73 |    +0.3% |   -5.038 |     -164.0 |    -1334.1 |   2828 | mul_reduced_q\[4\]$_DFFE_PN0P_/D
     464* |       0 |     130 |        0 |      0 |    73 |    +0.3% |   -5.038 |     -164.0 |    -1334.1 |   2828 | mul_reduced_q\[4\]$_DFFE_PN0P_/D
     465* |       0 |     130 |        0 |      0 |    73 |    +0.3% |   -5.038 |     -164.0 |    -1334.1 |   2828 | mul_reduced_q\[4\]$_DFFE_PN0P_/D
     466* |       0 |     130 |        0 |      0 |    73 |    +0.3% |   -5.038 |     -164.0 |    -1334.1 |   2828 | mul_reduced_q\[4\]$_DFFE_PN0P_/D
     467* |       0 |     130 |        0 |      0 |    73 |    +0.3% |   -5.038 |     -164.0 |    -1334.1 |   2828 | mul_reduced_q\[4\]$_DFFE_PN0P_/D
     468* |       0 |     130 |        0 |      0 |    73 |    +0.3% |   -5.038 |     -164.0 |    -1334.1 |   2828 | mul_reduced_q\[4\]$_DFFE_PN0P_/D
     469* |       0 |     130 |        0 |      0 |    73 |    +0.3% |   -5.038 |     -164.0 |    -1334.1 |   2828 | mul_reduced_q\[4\]$_DFFE_PN0P_/D
     470* |       0 |     130 |        0 |      0 |    73 |    +0.3% |   -5.038 |     -164.0 |    -1334.1 |   2828 | mul_reduced_q\[4\]$_DFFE_PN0P_/D
     470* |       0 |     130 |        0 |      0 |    73 |    +0.3% |   -5.038 |     -164.0 |    -1334.1 |   2828 | mul_reduced_q\[4\]$_DFFE_PN0P_/D
     471* |       0 |     130 |        0 |      0 |    73 |    +0.3% |   -5.038 |     -164.0 |    -1334.1 |   2828 | mul_reduced_q\[4\]$_DFFE_PN0P_/D
     472* |       0 |     130 |        0 |      0 |    73 |    +0.3% |   -5.038 |     -164.0 |    -1334.1 |   2828 | mul_reduced_q\[4\]$_DFFE_PN0P_/D
     473* |       0 |     130 |        0 |      0 |    73 |    +0.3% |   -5.038 |     -164.0 |    -1334.1 |   2828 | mul_reduced_q\[4\]$_DFFE_PN0P_/D
     474* |       0 |     130 |        0 |      0 |    73 |    +0.3% |   -5.038 |     -164.0 |    -1334.1 |   2828 | mul_reduced_q\[4\]$_DFFE_PN0P_/D
     475* |       0 |     130 |        0 |      0 |    73 |    +0.3% |   -5.038 |     -164.0 |    -1334.1 |   2828 | mul_reduced_q\[4\]$_DFFE_PN0P_/D
     476* |       0 |     130 |        0 |      0 |    73 |    +0.3% |   -5.038 |     -164.0 |    -1334.1 |   2828 | mul_reduced_q\[4\]$_DFFE_PN0P_/D
     477* |       0 |     130 |        0 |      0 |    73 |    +0.3% |   -5.038 |     -164.0 |    -1334.1 |   2828 | mul_reduced_q\[4\]$_DFFE_PN0P_/D
     478* |       0 |     130 |        0 |      0 |    73 |    +0.3% |   -5.038 |     -164.0 |    -1334.1 |   2828 | mul_reduced_q\[4\]$_DFFE_PN0P_/D
     479* |       0 |     130 |        0 |      0 |    73 |    +0.3% |   -5.038 |     -164.0 |    -1334.1 |   2828 | mul_reduced_q\[4\]$_DFFE_PN0P_/D
     480* |       0 |     130 |        0 |      0 |    73 |    +0.3% |   -5.038 |     -164.0 |    -1334.1 |   2828 | mul_reduced_q\[4\]$_DFFE_PN0P_/D
     480* |       0 |     130 |        0 |      0 |    73 |    +0.3% |   -5.038 |     -164.0 |    -1334.1 |   2828 | mul_reduced_q\[4\]$_DFFE_PN0P_/D
     481* |       0 |     130 |        0 |      0 |    73 |    +0.3% |   -5.038 |     -164.0 |    -1334.1 |   2828 | mul_reduced_q\[4\]$_DFFE_PN0P_/D
     482* |       0 |     130 |        0 |      0 |    73 |    +0.3% |   -5.038 |     -164.0 |    -1334.1 |   2828 | mul_reduced_q\[4\]$_DFFE_PN0P_/D
     483* |       0 |     130 |        0 |      0 |    73 |    +0.3% |   -5.038 |     -164.0 |    -1334.1 |   2828 | mul_reduced_q\[4\]$_DFFE_PN0P_/D
     484* |       0 |     130 |        0 |      0 |    73 |    +0.3% |   -5.038 |     -164.0 |    -1334.1 |   2828 | mul_reduced_q\[4\]$_DFFE_PN0P_/D
     485* |       0 |     130 |        0 |      0 |    73 |    +0.3% |   -5.038 |     -164.0 |    -1334.1 |   2828 | mul_reduced_q\[4\]$_DFFE_PN0P_/D
     486* |       0 |     130 |        0 |      0 |    73 |    +0.3% |   -5.038 |     -164.0 |    -1334.1 |   2828 | mul_reduced_q\[4\]$_DFFE_PN0P_/D
     487* |       0 |     130 |        0 |      0 |    73 |    +0.3% |   -5.038 |     -164.0 |    -1334.1 |   2828 | mul_reduced_q\[4\]$_DFFE_PN0P_/D
     488* |       0 |     130 |        0 |      0 |    73 |    +0.3% |   -5.038 |     -164.0 |    -1334.1 |   2828 | mul_reduced_q\[4\]$_DFFE_PN0P_/D
     489* |       0 |     130 |        0 |      0 |    73 |    +0.3% |   -5.038 |     -164.0 |    -1334.1 |   2828 | mul_reduced_q\[4\]$_DFFE_PN0P_/D
     490* |       0 |     130 |        0 |      0 |    73 |    +0.3% |   -5.038 |     -164.0 |    -1334.1 |   2828 | mul_reduced_q\[4\]$_DFFE_PN0P_/D
     490* |       0 |     130 |        0 |      0 |    73 |    +0.3% |   -5.038 |     -164.0 |    -1334.1 |   2828 | mul_reduced_q\[4\]$_DFFE_PN0P_/D
     491* |       0 |     130 |        0 |      0 |    73 |    +0.3% |   -5.038 |     -164.0 |    -1334.1 |   2828 | mul_reduced_q\[4\]$_DFFE_PN0P_/D
     492* |       0 |     130 |        0 |      0 |    73 |    +0.3% |   -5.038 |     -164.0 |    -1334.1 |   2828 | mul_reduced_q\[4\]$_DFFE_PN0P_/D
     493* |       0 |     130 |        0 |      0 |    73 |    +0.3% |   -5.038 |     -164.0 |    -1334.1 |   2828 | mul_reduced_q\[4\]$_DFFE_PN0P_/D
     494* |       0 |     130 |        0 |      0 |    73 |    +0.3% |   -5.038 |     -164.0 |    -1334.1 |   2828 | mul_reduced_q\[4\]$_DFFE_PN0P_/D
     495* |       0 |     130 |        0 |      0 |    73 |    +0.3% |   -5.038 |     -164.0 |    -1334.1 |   2828 | mul_reduced_q\[4\]$_DFFE_PN0P_/D
     496* |       0 |     130 |        0 |      0 |    73 |    +0.3% |   -5.038 |     -164.0 |    -1334.1 |   2828 | mul_reduced_q\[4\]$_DFFE_PN0P_/D
     497* |       0 |     130 |        0 |      0 |    73 |    +0.3% |   -5.038 |     -164.0 |    -1334.1 |   2828 | mul_reduced_q\[4\]$_DFFE_PN0P_/D
     498* |       0 |     130 |        0 |      0 |    73 |    +0.3% |   -5.038 |     -164.0 |    -1334.1 |   2828 | mul_reduced_q\[4\]$_DFFE_PN0P_/D
     499* |       0 |     130 |        0 |      0 |    73 |    +0.3% |   -5.038 |     -164.0 |    -1334.1 |   2828 | mul_reduced_q\[4\]$_DFFE_PN0P_/D
     500* |       0 |     130 |        0 |      0 |    73 |    +0.3% |   -5.038 |     -164.0 |    -1334.1 |   2828 | mul_reduced_q\[4\]$_DFFE_PN0P_/D
     500* |       0 |     130 |        0 |      0 |    73 |    +0.3% |   -5.038 |     -164.0 |    -1334.1 |   2828 | mul_reduced_q\[4\]$_DFFE_PN0P_/D
     501* |       0 |     130 |        0 |      0 |    73 |    +0.3% |   -5.038 |     -164.0 |    -1334.1 |   2828 | mul_reduced_q\[4\]$_DFFE_PN0P_/D
     502* |       0 |     130 |        0 |      0 |    73 |    +0.3% |   -5.038 |     -164.0 |    -1334.1 |   2828 | mul_reduced_q\[4\]$_DFFE_PN0P_/D
     503* |       0 |     130 |        0 |      0 |    73 |    +0.3% |   -5.038 |     -164.0 |    -1334.1 |   2828 | mul_reduced_q\[4\]$_DFFE_PN0P_/D
     504* |       0 |     130 |        0 |      0 |    73 |    +0.3% |   -5.038 |     -164.0 |    -1334.1 |   2828 | mul_reduced_q\[4\]$_DFFE_PN0P_/D
     505* |       0 |     130 |        0 |      0 |    73 |    +0.3% |   -5.038 |     -164.0 |    -1334.1 |   2828 | mul_reduced_q\[4\]$_DFFE_PN0P_/D
     506* |       0 |     130 |        0 |      0 |    73 |    +0.3% |   -5.038 |     -164.0 |    -1334.1 |   2828 | mul_reduced_q\[4\]$_DFFE_PN0P_/D
     507* |       0 |     130 |        0 |      0 |    73 |    +0.3% |   -5.038 |     -164.0 |    -1334.1 |   2828 | mul_reduced_q\[4\]$_DFFE_PN0P_/D
     508* |       0 |     130 |        0 |      0 |    73 |    +0.3% |   -5.038 |     -164.0 |    -1334.1 |   2828 | mul_reduced_q\[4\]$_DFFE_PN0P_/D
     509* |       0 |     130 |        0 |      0 |    73 |    +0.3% |   -5.038 |     -164.0 |    -1334.1 |   2828 | mul_reduced_q\[4\]$_DFFE_PN0P_/D
     510* |       0 |     130 |        0 |      0 |    73 |    +0.3% |   -5.038 |     -164.0 |    -1334.1 |   2828 | mul_reduced_q\[4\]$_DFFE_PN0P_/D
     510* |       0 |     130 |        0 |      0 |    73 |    +0.3% |   -5.038 |     -164.0 |    -1334.1 |   2828 | mul_reduced_q\[4\]$_DFFE_PN0P_/D
     511* |       0 |     130 |        0 |      0 |    73 |    +0.3% |   -5.038 |     -164.0 |    -1334.1 |   2828 | mul_reduced_q\[4\]$_DFFE_PN0P_/D
     512* |       0 |     130 |        0 |      0 |    73 |    +0.3% |   -5.038 |     -164.0 |    -1334.1 |   2828 | mul_reduced_q\[4\]$_DFFE_PN0P_/D
     513* |       0 |     130 |        0 |      0 |    73 |    +0.3% |   -5.038 |     -164.0 |    -1334.1 |   2828 | mul_reduced_q\[4\]$_DFFE_PN0P_/D
     514* |       0 |     130 |        0 |      0 |    73 |    +0.3% |   -5.038 |     -164.0 |    -1334.1 |   2828 | mul_reduced_q\[4\]$_DFFE_PN0P_/D
     515* |       0 |     130 |        0 |      0 |    73 |    +0.3% |   -5.038 |     -164.0 |    -1334.1 |   2828 | mul_reduced_q\[4\]$_DFFE_PN0P_/D
     516* |       0 |     130 |        0 |      0 |    73 |    +0.3% |   -5.038 |     -164.0 |    -1334.1 |   2828 | mul_reduced_q\[4\]$_DFFE_PN0P_/D
     517* |       0 |     130 |        0 |      0 |    73 |    +0.3% |   -5.038 |     -164.0 |    -1334.1 |   2828 | mul_reduced_q\[4\]$_DFFE_PN0P_/D
     518* |       0 |     130 |        0 |      0 |    73 |    +0.3% |   -5.038 |     -164.0 |    -1334.1 |   2828 | mul_reduced_q\[4\]$_DFFE_PN0P_/D
     519* |       0 |     130 |        0 |      0 |    73 |    +0.3% |   -5.038 |     -164.0 |    -1334.1 |   2828 | mul_reduced_q\[4\]$_DFFE_PN0P_/D
     520* |       0 |     130 |        0 |      0 |    73 |    +0.3% |   -5.038 |     -164.0 |    -1334.1 |   2828 | mul_reduced_q\[4\]$_DFFE_PN0P_/D
     520* |       0 |     130 |        0 |      0 |    73 |    +0.3% |   -5.038 |     -164.0 |    -1334.1 |   2828 | mul_reduced_q\[4\]$_DFFE_PN0P_/D
     521* |       0 |     130 |        0 |      0 |    73 |    +0.3% |   -5.038 |     -164.0 |    -1334.1 |   2828 | mul_reduced_q\[4\]$_DFFE_PN0P_/D
     522* |       0 |     130 |        0 |      0 |    73 |    +0.3% |   -5.038 |     -164.0 |    -1334.1 |   2828 | mul_reduced_q\[4\]$_DFFE_PN0P_/D
     523* |       0 |     130 |        0 |      0 |    73 |    +0.3% |   -5.038 |     -164.0 |    -1334.1 |   2828 | mul_reduced_q\[4\]$_DFFE_PN0P_/D
     524* |       0 |     130 |        0 |      0 |    73 |    +0.3% |   -5.038 |     -164.0 |    -1334.1 |   2828 | mul_reduced_q\[4\]$_DFFE_PN0P_/D
     525* |       0 |     130 |        0 |      0 |    73 |    +0.3% |   -5.038 |     -164.0 |    -1334.1 |   2828 | mul_reduced_q\[4\]$_DFFE_PN0P_/D
     526* |       0 |     130 |        0 |      0 |    73 |    +0.3% |   -5.038 |     -164.0 |    -1334.1 |   2828 | mul_reduced_q\[4\]$_DFFE_PN0P_/D
     527* |       0 |     130 |        0 |      0 |    73 |    +0.3% |   -5.038 |     -164.0 |    -1334.1 |   2828 | mul_reduced_q\[4\]$_DFFE_PN0P_/D
     528* |       0 |     130 |        0 |      0 |    73 |    +0.3% |   -5.038 |     -164.0 |    -1334.1 |   2828 | mul_reduced_q\[4\]$_DFFE_PN0P_/D
     529* |       0 |     130 |        0 |      0 |    73 |    +0.3% |   -5.038 |     -164.0 |    -1334.1 |   2828 | mul_reduced_q\[4\]$_DFFE_PN0P_/D
     530* |       0 |     130 |        0 |      0 |    73 |    +0.3% |   -5.038 |     -164.0 |    -1334.1 |   2828 | mul_reduced_q\[4\]$_DFFE_PN0P_/D
     530* |       0 |     130 |        0 |      0 |    73 |    +0.3% |   -5.038 |     -164.0 |    -1334.1 |   2828 | mul_reduced_q\[4\]$_DFFE_PN0P_/D
     531* |       0 |     130 |        0 |      0 |    73 |    +0.3% |   -5.038 |     -164.0 |    -1334.1 |   2828 | mul_reduced_q\[4\]$_DFFE_PN0P_/D
     532* |       0 |     130 |        0 |      0 |    73 |    +0.3% |   -5.038 |     -164.0 |    -1334.1 |   2828 | mul_reduced_q\[4\]$_DFFE_PN0P_/D
     533* |       0 |     130 |        0 |      0 |    73 |    +0.3% |   -5.038 |     -164.0 |    -1334.1 |   2828 | mul_reduced_q\[4\]$_DFFE_PN0P_/D
     534* |       0 |     130 |        0 |      0 |    73 |    +0.3% |   -5.038 |     -164.0 |    -1334.1 |   2828 | mul_reduced_q\[4\]$_DFFE_PN0P_/D
     535* |       0 |     130 |        0 |      0 |    73 |    +0.3% |   -5.038 |     -164.0 |    -1334.1 |   2828 | mul_reduced_q\[4\]$_DFFE_PN0P_/D
     536* |       0 |     130 |        0 |      0 |    73 |    +0.3% |   -5.038 |     -164.0 |    -1334.1 |   2828 | mul_reduced_q\[4\]$_DFFE_PN0P_/D
     537* |       0 |     130 |        0 |      0 |    73 |    +0.3% |   -5.038 |     -164.0 |    -1334.1 |   2828 | mul_reduced_q\[4\]$_DFFE_PN0P_/D
     538* |       0 |     130 |        0 |      0 |    73 |    +0.3% |   -5.038 |     -164.0 |    -1334.1 |   2828 | mul_reduced_q\[4\]$_DFFE_PN0P_/D
     539* |       0 |     130 |        0 |      0 |    73 |    +0.3% |   -5.038 |     -164.0 |    -1334.1 |   2828 | mul_reduced_q\[4\]$_DFFE_PN0P_/D
     540* |       0 |     130 |        0 |      0 |    73 |    +0.3% |   -5.038 |     -164.0 |    -1334.1 |   2828 | mul_reduced_q\[4\]$_DFFE_PN0P_/D
     540* |       0 |     130 |        0 |      0 |    73 |    +0.3% |   -5.038 |     -164.0 |    -1334.1 |   2828 | mul_reduced_q\[4\]$_DFFE_PN0P_/D
     541* |       0 |     130 |        0 |      0 |    73 |    +0.3% |   -5.038 |     -164.0 |    -1334.1 |   2828 | mul_reduced_q\[4\]$_DFFE_PN0P_/D
     542* |       0 |     130 |        0 |      0 |    73 |    +0.3% |   -5.038 |     -164.0 |    -1334.1 |   2828 | mul_reduced_q\[4\]$_DFFE_PN0P_/D
     543* |       0 |     130 |        0 |      0 |    73 |    +0.3% |   -5.038 |     -164.0 |    -1334.1 |   2828 | mul_reduced_q\[4\]$_DFFE_PN0P_/D
     544* |       0 |     130 |        0 |      0 |    73 |    +0.3% |   -5.038 |     -164.0 |    -1334.1 |   2828 | mul_reduced_q\[4\]$_DFFE_PN0P_/D
     545* |       0 |     130 |        0 |      0 |    73 |    +0.3% |   -5.038 |     -164.0 |    -1334.1 |   2828 | mul_reduced_q\[4\]$_DFFE_PN0P_/D
     546* |       0 |     130 |        0 |      0 |    73 |    +0.3% |   -5.038 |     -164.0 |    -1334.1 |   2828 | mul_reduced_q\[4\]$_DFFE_PN0P_/D
     547* |       0 |     130 |        0 |      0 |    73 |    +0.3% |   -5.038 |     -164.0 |    -1334.1 |   2828 | mul_reduced_q\[4\]$_DFFE_PN0P_/D
     548* |       0 |     130 |        0 |      0 |    73 |    +0.3% |   -5.038 |     -164.0 |    -1334.1 |   2828 | mul_reduced_q\[4\]$_DFFE_PN0P_/D
     549* |       0 |     130 |        0 |      0 |    73 |    +0.3% |   -5.038 |     -164.0 |    -1334.1 |   2828 | mul_reduced_q\[4\]$_DFFE_PN0P_/D
     550* |       0 |     130 |        0 |      0 |    73 |    +0.3% |   -5.038 |     -164.0 |    -1334.1 |   2828 | mul_reduced_q\[4\]$_DFFE_PN0P_/D
     550* |       0 |     130 |        0 |      0 |    73 |    +0.3% |   -5.038 |     -164.0 |    -1334.1 |   2828 | mul_reduced_q\[4\]$_DFFE_PN0P_/D
     551* |       0 |     130 |        0 |      0 |    73 |    +0.3% |   -5.038 |     -164.0 |    -1334.1 |   2828 | mul_reduced_q\[4\]$_DFFE_PN0P_/D
     552* |       0 |     130 |        0 |      0 |    73 |    +0.3% |   -5.038 |     -164.0 |    -1334.1 |   2828 | mul_reduced_q\[4\]$_DFFE_PN0P_/D
     553* |       0 |     130 |        0 |      0 |    73 |    +0.3% |   -5.038 |     -164.0 |    -1334.1 |   2828 | mul_reduced_q\[4\]$_DFFE_PN0P_/D
     554* |       0 |     130 |        0 |      0 |    73 |    +0.3% |   -5.038 |     -164.0 |    -1334.1 |   2828 | mul_reduced_q\[4\]$_DFFE_PN0P_/D
     555* |       0 |     130 |        0 |      0 |    73 |    +0.3% |   -5.038 |     -164.0 |    -1334.1 |   2828 | mul_reduced_q\[4\]$_DFFE_PN0P_/D
     556* |       0 |     130 |        0 |      0 |    73 |    +0.3% |   -5.038 |     -164.0 |    -1334.1 |   2828 | mul_reduced_q\[4\]$_DFFE_PN0P_/D
     557* |       0 |     130 |        0 |      0 |    73 |    +0.3% |   -5.038 |     -164.0 |    -1334.1 |   2828 | mul_reduced_q\[4\]$_DFFE_PN0P_/D
     558* |       0 |     130 |        0 |      0 |    73 |    +0.3% |   -5.038 |     -164.0 |    -1334.1 |   2828 | mul_reduced_q\[4\]$_DFFE_PN0P_/D
     559* |       0 |     130 |        0 |      0 |    73 |    +0.3% |   -5.038 |     -164.0 |    -1334.1 |   2828 | mul_reduced_q\[4\]$_DFFE_PN0P_/D
     560* |       0 |     130 |        0 |      0 |    73 |    +0.3% |   -5.038 |     -164.0 |    -1334.1 |   2828 | mul_reduced_q\[4\]$_DFFE_PN0P_/D
     560* |       0 |     130 |        0 |      0 |    73 |    +0.3% |   -5.038 |     -164.0 |    -1334.1 |   2828 | mul_reduced_q\[4\]$_DFFE_PN0P_/D
     561* |       0 |     130 |        0 |      0 |    73 |    +0.3% |   -5.038 |     -164.0 |    -1334.1 |   2828 | mul_reduced_q\[4\]$_DFFE_PN0P_/D
     562* |       0 |     130 |        0 |      0 |    73 |    +0.3% |   -5.038 |     -164.0 |    -1334.1 |   2828 | mul_reduced_q\[4\]$_DFFE_PN0P_/D
     563* |       0 |     130 |        0 |      0 |    73 |    +0.3% |   -5.038 |     -164.0 |    -1334.1 |   2828 | mul_reduced_q\[4\]$_DFFE_PN0P_/D
     564* |       0 |     130 |        0 |      0 |    73 |    +0.3% |   -5.038 |     -164.0 |    -1334.1 |   2828 | mul_reduced_q\[4\]$_DFFE_PN0P_/D
     565* |       0 |     130 |        0 |      0 |    73 |    +0.3% |   -5.038 |     -164.0 |    -1334.1 |   2828 | mul_reduced_q\[4\]$_DFFE_PN0P_/D
     566* |       0 |     130 |        0 |      0 |    73 |    +0.3% |   -5.038 |     -164.0 |    -1334.1 |   2828 | mul_reduced_q\[4\]$_DFFE_PN0P_/D
     567* |       0 |     130 |        0 |      0 |    73 |    +0.3% |   -5.038 |     -164.0 |    -1334.1 |   2828 | mul_reduced_q\[4\]$_DFFE_PN0P_/D
     568* |       0 |     130 |        0 |      0 |    73 |    +0.3% |   -5.038 |     -164.0 |    -1334.1 |   2828 | mul_reduced_q\[4\]$_DFFE_PN0P_/D
     569* |       0 |     130 |        0 |      0 |    73 |    +0.3% |   -5.038 |     -164.0 |    -1334.1 |   2828 | mul_reduced_q\[4\]$_DFFE_PN0P_/D
     570* |       0 |     130 |        0 |      0 |    73 |    +0.3% |   -5.038 |     -164.0 |    -1334.1 |   2828 | mul_reduced_q\[4\]$_DFFE_PN0P_/D
     570* |       0 |     130 |        0 |      0 |    73 |    +0.3% |   -5.038 |     -164.0 |    -1334.1 |   2828 | mul_reduced_q\[4\]$_DFFE_PN0P_/D
     571* |       0 |     130 |        0 |      0 |    73 |    +0.3% |   -5.038 |     -164.0 |    -1334.1 |   2828 | mul_reduced_q\[4\]$_DFFE_PN0P_/D
     572* |       0 |     130 |        0 |      0 |    73 |    +0.3% |   -5.038 |     -164.0 |    -1334.1 |   2828 | mul_reduced_q\[4\]$_DFFE_PN0P_/D
     573* |       0 |     130 |        0 |      0 |    73 |    +0.3% |   -5.038 |     -164.0 |    -1334.1 |   2828 | mul_reduced_q\[4\]$_DFFE_PN0P_/D
     574* |       0 |     130 |        0 |      0 |    73 |    +0.3% |   -5.038 |     -164.0 |    -1334.1 |   2828 | mul_reduced_q\[4\]$_DFFE_PN0P_/D
     575* |       0 |     130 |        0 |      0 |    73 |    +0.3% |   -5.038 |     -164.0 |    -1334.1 |   2828 | mul_reduced_q\[4\]$_DFFE_PN0P_/D
     576* |       0 |     130 |        0 |      0 |    73 |    +0.3% |   -5.038 |     -164.0 |    -1334.1 |   2828 | mul_reduced_q\[4\]$_DFFE_PN0P_/D
     577* |       0 |     130 |        0 |      0 |    73 |    +0.3% |   -5.038 |     -164.0 |    -1334.1 |   2828 | mul_reduced_q\[4\]$_DFFE_PN0P_/D
     578* |       0 |     130 |        0 |      0 |    73 |    +0.3% |   -5.038 |     -164.0 |    -1334.1 |   2828 | mul_reduced_q\[4\]$_DFFE_PN0P_/D
     579* |       0 |     130 |        0 |      0 |    73 |    +0.3% |   -5.038 |     -164.0 |    -1334.1 |   2828 | mul_reduced_q\[4\]$_DFFE_PN0P_/D
     580* |       0 |     130 |        0 |      0 |    73 |    +0.3% |   -5.038 |     -164.0 |    -1334.1 |   2828 | mul_reduced_q\[4\]$_DFFE_PN0P_/D
     580* |       0 |     130 |        0 |      0 |    73 |    +0.3% |   -5.038 |     -164.0 |    -1334.1 |   2828 | mul_reduced_q\[4\]$_DFFE_PN0P_/D
     581* |       0 |     130 |        0 |      0 |    73 |    +0.3% |   -5.038 |     -164.0 |    -1334.1 |   2828 | mul_reduced_q\[4\]$_DFFE_PN0P_/D
     582* |       0 |     130 |        0 |      0 |    73 |    +0.3% |   -5.038 |     -164.0 |    -1334.1 |   2828 | mul_reduced_q\[4\]$_DFFE_PN0P_/D
     583* |       0 |     130 |        0 |      0 |    73 |    +0.3% |   -5.038 |     -164.0 |    -1334.1 |   2828 | mul_reduced_q\[4\]$_DFFE_PN0P_/D
     584* |       0 |     130 |        0 |      0 |    73 |    +0.3% |   -5.038 |     -164.0 |    -1334.1 |   2828 | mul_reduced_q\[4\]$_DFFE_PN0P_/D
     585* |       0 |     130 |        0 |      0 |    73 |    +0.3% |   -5.038 |     -164.0 |    -1334.1 |   2828 | mul_reduced_q\[4\]$_DFFE_PN0P_/D
     586* |       0 |     130 |        0 |      0 |    73 |    +0.3% |   -5.038 |     -164.0 |    -1334.1 |   2828 | mul_reduced_q\[4\]$_DFFE_PN0P_/D
     587* |       0 |     130 |        0 |      0 |    73 |    +0.3% |   -5.038 |     -164.0 |    -1334.1 |   2828 | mul_reduced_q\[4\]$_DFFE_PN0P_/D
     588* |       0 |     130 |        0 |      0 |    73 |    +0.3% |   -5.038 |     -164.0 |    -1334.1 |   2828 | mul_reduced_q\[4\]$_DFFE_PN0P_/D
     589* |       0 |     130 |        0 |      0 |    73 |    +0.3% |   -5.038 |     -164.0 |    -1334.1 |   2828 | mul_reduced_q\[4\]$_DFFE_PN0P_/D
     590* |       0 |     130 |        0 |      0 |    73 |    +0.3% |   -5.038 |     -164.0 |    -1334.1 |   2828 | mul_reduced_q\[4\]$_DFFE_PN0P_/D
     590* |       0 |     130 |        0 |      0 |    73 |    +0.3% |   -5.038 |     -164.0 |    -1334.1 |   2828 | mul_reduced_q\[4\]$_DFFE_PN0P_/D
     591* |       0 |     130 |        0 |      0 |    73 |    +0.3% |   -5.038 |     -164.0 |    -1334.1 |   2828 | mul_reduced_q\[4\]$_DFFE_PN0P_/D
     592* |       0 |     130 |        0 |      0 |    73 |    +0.3% |   -5.038 |     -164.0 |    -1334.1 |   2828 | mul_reduced_q\[4\]$_DFFE_PN0P_/D
     593* |       0 |     130 |        0 |      0 |    73 |    +0.3% |   -5.038 |     -164.0 |    -1334.1 |   2828 | mul_reduced_q\[4\]$_DFFE_PN0P_/D
     594* |       0 |     130 |        0 |      0 |    73 |    +0.3% |   -5.038 |     -164.0 |    -1334.1 |   2828 | mul_reduced_q\[4\]$_DFFE_PN0P_/D
     595* |       0 |     130 |        0 |      0 |    73 |    +0.3% |   -5.038 |     -164.0 |    -1334.1 |   2828 | mul_reduced_q\[4\]$_DFFE_PN0P_/D
     596* |       0 |     130 |        0 |      0 |    73 |    +0.3% |   -5.038 |     -164.0 |    -1334.1 |   2828 | mul_reduced_q\[4\]$_DFFE_PN0P_/D
     597* |       0 |     130 |        0 |      0 |    73 |    +0.3% |   -5.038 |     -164.0 |    -1334.1 |   2828 | mul_reduced_q\[4\]$_DFFE_PN0P_/D
     598* |       0 |     130 |        0 |      0 |    73 |    +0.3% |   -5.038 |     -164.0 |    -1334.1 |   2828 | mul_reduced_q\[4\]$_DFFE_PN0P_/D
     599* |       0 |     130 |        0 |      0 |    73 |    +0.3% |   -5.038 |     -164.0 |    -1334.1 |   2828 | mul_reduced_q\[4\]$_DFFE_PN0P_/D
     600* |       0 |     130 |        0 |      0 |    73 |    +0.3% |   -5.038 |     -164.0 |    -1334.1 |   2828 | mul_reduced_q\[4\]$_DFFE_PN0P_/D
     600* |       0 |     130 |        0 |      0 |    73 |    +0.3% |   -5.038 |     -164.0 |    -1334.1 |   2828 | mul_reduced_q\[4\]$_DFFE_PN0P_/D
     601* |       0 |     130 |        0 |      0 |    73 |    +0.3% |   -5.038 |     -164.0 |    -1334.1 |   2828 | mul_reduced_q\[4\]$_DFFE_PN0P_/D
     602* |       0 |     130 |        0 |      0 |    73 |    +0.3% |   -5.038 |     -164.0 |    -1334.1 |   2828 | mul_reduced_q\[4\]$_DFFE_PN0P_/D
     603* |       0 |     130 |        0 |      0 |    73 |    +0.3% |   -5.038 |     -164.0 |    -1334.1 |   2828 | mul_reduced_q\[4\]$_DFFE_PN0P_/D
     604* |       0 |     130 |        0 |      0 |    73 |    +0.3% |   -5.038 |     -164.0 |    -1334.1 |   2828 | mul_reduced_q\[4\]$_DFFE_PN0P_/D
     605* |       0 |     130 |        0 |      0 |    73 |    +0.3% |   -5.038 |     -164.0 |    -1334.1 |   2828 | mul_reduced_q\[4\]$_DFFE_PN0P_/D
     606* |       0 |     130 |        0 |      0 |    73 |    +0.3% |   -5.038 |     -164.0 |    -1334.1 |   2828 | mul_reduced_q\[4\]$_DFFE_PN0P_/D
     607* |       0 |     130 |        0 |      0 |    73 |    +0.3% |   -5.038 |     -164.0 |    -1334.1 |   2828 | mul_reduced_q\[4\]$_DFFE_PN0P_/D
     608* |       0 |     130 |        0 |      0 |    73 |    +0.3% |   -5.038 |     -164.0 |    -1334.1 |   2828 | mul_reduced_q\[4\]$_DFFE_PN0P_/D
     609* |       0 |     130 |        0 |      0 |    73 |    +0.3% |   -5.038 |     -164.0 |    -1334.1 |   2828 | mul_reduced_q\[4\]$_DFFE_PN0P_/D
     610* |       0 |     130 |        0 |      0 |    73 |    +0.3% |   -5.038 |     -164.0 |    -1334.1 |   2828 | mul_reduced_q\[4\]$_DFFE_PN0P_/D
     610* |       0 |     130 |        0 |      0 |    73 |    +0.3% |   -5.038 |     -164.0 |    -1334.1 |   2828 | mul_reduced_q\[4\]$_DFFE_PN0P_/D
     611* |       0 |     130 |        0 |      0 |    73 |    +0.3% |   -5.038 |     -164.0 |    -1334.1 |   2828 | mul_reduced_q\[4\]$_DFFE_PN0P_/D
     612* |       0 |     130 |        0 |      0 |    73 |    +0.3% |   -5.038 |     -164.0 |    -1334.1 |   2828 | mul_reduced_q\[4\]$_DFFE_PN0P_/D
     613* |       0 |     130 |        0 |      0 |    73 |    +0.3% |   -5.038 |     -164.0 |    -1334.1 |   2828 | mul_reduced_q\[4\]$_DFFE_PN0P_/D
     614* |       0 |     130 |        0 |      0 |    73 |    +0.3% |   -5.038 |     -164.0 |    -1334.1 |   2828 | mul_reduced_q\[4\]$_DFFE_PN0P_/D
     615* |       0 |     130 |        0 |      0 |    73 |    +0.3% |   -5.038 |     -164.0 |    -1334.1 |   2828 | mul_reduced_q\[4\]$_DFFE_PN0P_/D
     616* |       0 |     130 |        0 |      0 |    73 |    +0.3% |   -5.038 |     -164.0 |    -1334.1 |   2828 | mul_reduced_q\[4\]$_DFFE_PN0P_/D
     617* |       0 |     130 |        0 |      0 |    73 |    +0.3% |   -5.038 |     -164.0 |    -1334.1 |   2828 | mul_reduced_q\[4\]$_DFFE_PN0P_/D
     618* |       0 |     130 |        0 |      0 |    73 |    +0.3% |   -5.038 |     -164.0 |    -1334.1 |   2828 | mul_reduced_q\[4\]$_DFFE_PN0P_/D
     619* |       0 |     130 |        0 |      0 |    73 |    +0.3% |   -5.038 |     -164.0 |    -1334.1 |   2828 | mul_reduced_q\[4\]$_DFFE_PN0P_/D
     620* |       0 |     130 |        0 |      0 |    73 |    +0.3% |   -5.038 |     -164.0 |    -1334.1 |   2828 | mul_reduced_q\[4\]$_DFFE_PN0P_/D
     620* |       0 |     130 |        0 |      0 |    73 |    +0.3% |   -5.038 |     -164.0 |    -1334.1 |   2828 | mul_reduced_q\[4\]$_DFFE_PN0P_/D
     621* |       0 |     130 |        0 |      0 |    73 |    +0.3% |   -5.038 |     -164.0 |    -1334.1 |   2828 | mul_reduced_q\[4\]$_DFFE_PN0P_/D
     622* |       0 |     130 |        0 |      0 |    73 |    +0.3% |   -5.038 |     -164.0 |    -1334.1 |   2828 | mul_reduced_q\[4\]$_DFFE_PN0P_/D
     623* |       0 |     130 |        0 |      0 |    73 |    +0.3% |   -5.038 |     -164.0 |    -1334.1 |   2828 | mul_reduced_q\[4\]$_DFFE_PN0P_/D
     624* |       0 |     130 |        0 |      0 |    73 |    +0.3% |   -5.038 |     -164.0 |    -1334.1 |   2828 | mul_reduced_q\[4\]$_DFFE_PN0P_/D
     625* |       0 |     130 |        0 |      0 |    73 |    +0.3% |   -5.038 |     -164.0 |    -1334.1 |   2828 | mul_reduced_q\[4\]$_DFFE_PN0P_/D
     626* |       0 |     130 |        0 |      0 |    73 |    +0.3% |   -5.038 |     -164.0 |    -1334.1 |   2828 | mul_reduced_q\[4\]$_DFFE_PN0P_/D
     627* |       0 |     130 |        0 |      0 |    73 |    +0.3% |   -5.038 |     -164.0 |    -1334.1 |   2828 | mul_reduced_q\[4\]$_DFFE_PN0P_/D
     628* |       0 |     130 |        0 |      0 |    73 |    +0.3% |   -5.038 |     -164.0 |    -1334.1 |   2828 | mul_reduced_q\[4\]$_DFFE_PN0P_/D
     629* |       0 |     130 |        0 |      0 |    73 |    +0.3% |   -5.038 |     -164.0 |    -1334.1 |   2828 | mul_reduced_q\[4\]$_DFFE_PN0P_/D
     630* |       0 |     130 |        0 |      0 |    73 |    +0.3% |   -5.038 |     -164.0 |    -1334.1 |   2828 | mul_reduced_q\[4\]$_DFFE_PN0P_/D
     630* |       0 |     130 |        0 |      0 |    73 |    +0.3% |   -5.038 |     -164.0 |    -1334.1 |   2828 | mul_reduced_q\[4\]$_DFFE_PN0P_/D
     631* |       0 |     130 |        0 |      0 |    73 |    +0.3% |   -5.038 |     -164.0 |    -1334.1 |   2828 | mul_reduced_q\[4\]$_DFFE_PN0P_/D
     632* |       0 |     130 |        0 |      0 |    73 |    +0.3% |   -5.038 |     -164.0 |    -1334.1 |   2828 | mul_reduced_q\[4\]$_DFFE_PN0P_/D
     633* |       0 |     130 |        0 |      0 |    73 |    +0.3% |   -5.038 |     -164.0 |    -1334.1 |   2828 | mul_reduced_q\[4\]$_DFFE_PN0P_/D
     634* |       0 |     130 |        0 |      0 |    73 |    +0.3% |   -5.038 |     -164.0 |    -1334.1 |   2828 | mul_reduced_q\[4\]$_DFFE_PN0P_/D
     635* |       0 |     130 |        0 |      0 |    73 |    +0.3% |   -5.038 |     -164.0 |    -1334.1 |   2828 | mul_reduced_q\[4\]$_DFFE_PN0P_/D
     636* |       0 |     130 |        0 |      0 |    73 |    +0.3% |   -5.038 |     -164.0 |    -1334.1 |   2828 | mul_reduced_q\[4\]$_DFFE_PN0P_/D
     637* |       0 |     130 |        0 |      0 |    73 |    +0.3% |   -5.038 |     -164.0 |    -1334.1 |   2828 | mul_reduced_q\[4\]$_DFFE_PN0P_/D
     638* |       0 |     130 |        0 |      0 |    73 |    +0.3% |   -5.038 |     -164.0 |    -1334.1 |   2828 | mul_reduced_q\[4\]$_DFFE_PN0P_/D
     639* |       0 |     130 |        0 |      0 |    73 |    +0.3% |   -5.038 |     -164.0 |    -1334.1 |   2828 | mul_reduced_q\[4\]$_DFFE_PN0P_/D
     640* |       0 |     130 |        0 |      0 |    73 |    +0.3% |   -5.038 |     -164.0 |    -1334.1 |   2828 | mul_reduced_q\[4\]$_DFFE_PN0P_/D
     640* |       0 |     130 |        0 |      0 |    73 |    +0.3% |   -5.038 |     -164.0 |    -1334.1 |   2828 | mul_reduced_q\[4\]$_DFFE_PN0P_/D
     641* |       0 |     130 |        0 |      0 |    73 |    +0.3% |   -5.038 |     -164.0 |    -1334.1 |   2828 | mul_reduced_q\[4\]$_DFFE_PN0P_/D
     642* |       0 |     130 |        0 |      0 |    73 |    +0.3% |   -5.038 |     -164.0 |    -1334.1 |   2828 | mul_reduced_q\[4\]$_DFFE_PN0P_/D
     643* |       0 |     130 |        0 |      0 |    73 |    +0.3% |   -5.038 |     -164.0 |    -1334.1 |   2828 | mul_reduced_q\[4\]$_DFFE_PN0P_/D
     644* |       0 |     130 |        0 |      0 |    73 |    +0.3% |   -5.038 |     -164.0 |    -1334.1 |   2828 | mul_reduced_q\[4\]$_DFFE_PN0P_/D
     645* |       0 |     130 |        0 |      0 |    73 |    +0.3% |   -5.038 |     -164.0 |    -1334.1 |   2828 | mul_reduced_q\[4\]$_DFFE_PN0P_/D
     646* |       0 |     130 |        0 |      0 |    73 |    +0.3% |   -5.038 |     -164.0 |    -1334.1 |   2828 | mul_reduced_q\[4\]$_DFFE_PN0P_/D
     647* |       0 |     130 |        0 |      0 |    73 |    +0.3% |   -5.038 |     -164.0 |    -1334.1 |   2828 | mul_reduced_q\[4\]$_DFFE_PN0P_/D
     648* |       0 |     130 |        0 |      0 |    73 |    +0.3% |   -5.038 |     -164.0 |    -1334.1 |   2828 | mul_reduced_q\[4\]$_DFFE_PN0P_/D
     649* |       0 |     130 |        0 |      0 |    73 |    +0.3% |   -5.038 |     -164.0 |    -1334.1 |   2828 | mul_reduced_q\[4\]$_DFFE_PN0P_/D
     650* |       0 |     130 |        0 |      0 |    73 |    +0.3% |   -5.038 |     -164.0 |    -1334.1 |   2828 | mul_reduced_q\[4\]$_DFFE_PN0P_/D
     650* |       0 |     130 |        0 |      0 |    73 |    +0.3% |   -5.038 |     -164.0 |    -1334.1 |   2828 | mul_reduced_q\[4\]$_DFFE_PN0P_/D
     651* |       0 |     130 |        0 |      0 |    73 |    +0.3% |   -5.038 |     -164.0 |    -1334.1 |   2828 | mul_reduced_q\[4\]$_DFFE_PN0P_/D
     652* |       0 |     130 |        0 |      0 |    73 |    +0.3% |   -5.038 |     -164.0 |    -1334.1 |   2828 | mul_reduced_q\[4\]$_DFFE_PN0P_/D
     653* |       0 |     130 |        0 |      0 |    73 |    +0.3% |   -5.038 |     -164.0 |    -1334.1 |   2828 | mul_reduced_q\[4\]$_DFFE_PN0P_/D
     654* |       0 |     130 |        0 |      0 |    73 |    +0.3% |   -5.038 |     -164.0 |    -1334.1 |   2828 | mul_reduced_q\[4\]$_DFFE_PN0P_/D
     655* |       0 |     130 |        0 |      0 |    73 |    +0.3% |   -5.038 |     -164.0 |    -1334.1 |   2828 | mul_reduced_q\[4\]$_DFFE_PN0P_/D
     656* |       0 |     130 |        0 |      0 |    73 |    +0.3% |   -5.038 |     -164.0 |    -1334.1 |   2828 | mul_reduced_q\[4\]$_DFFE_PN0P_/D
     657* |       0 |     130 |        0 |      0 |    73 |    +0.3% |   -5.038 |     -164.0 |    -1334.1 |   2828 | mul_reduced_q\[4\]$_DFFE_PN0P_/D
     658* |       0 |     130 |        0 |      0 |    73 |    +0.3% |   -5.038 |     -164.0 |    -1334.1 |   2828 | mul_reduced_q\[4\]$_DFFE_PN0P_/D
     659* |       0 |     130 |        0 |      0 |    73 |    +0.3% |   -5.038 |     -164.0 |    -1334.1 |   2828 | mul_reduced_q\[4\]$_DFFE_PN0P_/D
     660* |       0 |     130 |        0 |      0 |    73 |    +0.3% |   -5.038 |     -164.0 |    -1334.1 |   2828 | mul_reduced_q\[4\]$_DFFE_PN0P_/D
     660* |       0 |     130 |        0 |      0 |    73 |    +0.3% |   -5.038 |     -164.0 |    -1334.1 |   2828 | mul_reduced_q\[4\]$_DFFE_PN0P_/D
     661* |       0 |     130 |        0 |      0 |    73 |    +0.3% |   -5.038 |     -164.0 |    -1334.1 |   2828 | mul_reduced_q\[4\]$_DFFE_PN0P_/D
     662* |       0 |     130 |        0 |      0 |    73 |    +0.3% |   -5.038 |     -164.0 |    -1334.1 |   2828 | mul_reduced_q\[4\]$_DFFE_PN0P_/D
     663* |       0 |     130 |        0 |      0 |    73 |    +0.3% |   -5.038 |     -164.0 |    -1334.1 |   2828 | mul_reduced_q\[4\]$_DFFE_PN0P_/D
     664* |       0 |     130 |        0 |      0 |    73 |    +0.3% |   -5.038 |     -164.0 |    -1334.1 |   2828 | mul_reduced_q\[4\]$_DFFE_PN0P_/D
     665* |       0 |     130 |        0 |      0 |    73 |    +0.3% |   -5.038 |     -164.0 |    -1334.1 |   2828 | mul_reduced_q\[4\]$_DFFE_PN0P_/D
     666* |       0 |     130 |        0 |      0 |    73 |    +0.3% |   -5.038 |     -164.0 |    -1334.1 |   2828 | mul_reduced_q\[4\]$_DFFE_PN0P_/D
     667* |       0 |     130 |        0 |      0 |    73 |    +0.3% |   -5.038 |     -164.0 |    -1334.1 |   2828 | mul_reduced_q\[4\]$_DFFE_PN0P_/D
     668* |       0 |     130 |        0 |      0 |    73 |    +0.3% |   -5.038 |     -164.0 |    -1334.1 |   2828 | mul_reduced_q\[4\]$_DFFE_PN0P_/D
     669* |       0 |     130 |        0 |      0 |    73 |    +0.3% |   -5.038 |     -164.0 |    -1334.1 |   2828 | mul_reduced_q\[4\]$_DFFE_PN0P_/D
     670* |       0 |     130 |        0 |      0 |    73 |    +0.3% |   -5.038 |     -164.0 |    -1334.1 |   2828 | mul_reduced_q\[4\]$_DFFE_PN0P_/D
     670* |       0 |     130 |        0 |      0 |    73 |    +0.3% |   -5.038 |     -164.0 |    -1334.1 |   2828 | mul_reduced_q\[4\]$_DFFE_PN0P_/D
     671* |       0 |     130 |        0 |      0 |    73 |    +0.3% |   -5.038 |     -164.0 |    -1334.1 |   2828 | mul_reduced_q\[4\]$_DFFE_PN0P_/D
     672* |       0 |     130 |        0 |      0 |    73 |    +0.3% |   -5.038 |     -164.0 |    -1334.1 |   2828 | mul_reduced_q\[4\]$_DFFE_PN0P_/D
     673* |       0 |     130 |        0 |      0 |    73 |    +0.3% |   -5.038 |     -164.0 |    -1334.1 |   2828 | mul_reduced_q\[4\]$_DFFE_PN0P_/D
     674* |       0 |     130 |        0 |      0 |    73 |    +0.3% |   -5.038 |     -164.0 |    -1334.1 |   2828 | mul_reduced_q\[4\]$_DFFE_PN0P_/D
     675* |       0 |     130 |        0 |      0 |    73 |    +0.3% |   -5.038 |     -164.0 |    -1334.1 |   2828 | mul_reduced_q\[4\]$_DFFE_PN0P_/D
     676* |       0 |     130 |        0 |      0 |    73 |    +0.3% |   -5.038 |     -164.0 |    -1334.1 |   2828 | mul_reduced_q\[4\]$_DFFE_PN0P_/D
     677* |       0 |     130 |        0 |      0 |    73 |    +0.3% |   -5.038 |     -164.0 |    -1334.1 |   2828 | mul_reduced_q\[4\]$_DFFE_PN0P_/D
     678* |       0 |     130 |        0 |      0 |    73 |    +0.3% |   -5.038 |     -164.0 |    -1334.1 |   2828 | mul_reduced_q\[4\]$_DFFE_PN0P_/D
     679* |       0 |     130 |        0 |      0 |    73 |    +0.3% |   -5.038 |     -164.0 |    -1334.1 |   2828 | mul_reduced_q\[4\]$_DFFE_PN0P_/D
     680* |       0 |     130 |        0 |      0 |    73 |    +0.3% |   -5.038 |     -164.0 |    -1334.1 |   2828 | mul_reduced_q\[4\]$_DFFE_PN0P_/D
     680* |       0 |     130 |        0 |      0 |    73 |    +0.3% |   -5.038 |     -164.0 |    -1334.1 |   2828 | mul_reduced_q\[4\]$_DFFE_PN0P_/D
     681* |       0 |     130 |        0 |      0 |    73 |    +0.3% |   -5.038 |     -164.0 |    -1334.1 |   2828 | mul_reduced_q\[4\]$_DFFE_PN0P_/D
     682* |       0 |     130 |        0 |      0 |    73 |    +0.3% |   -5.038 |     -164.0 |    -1334.1 |   2828 | mul_reduced_q\[4\]$_DFFE_PN0P_/D
     683* |       0 |     130 |        0 |      0 |    73 |    +0.3% |   -5.038 |     -164.0 |    -1334.1 |   2828 | mul_reduced_q\[4\]$_DFFE_PN0P_/D
     684* |       0 |     130 |        0 |      0 |    73 |    +0.3% |   -5.038 |     -164.0 |    -1334.1 |   2828 | mul_reduced_q\[4\]$_DFFE_PN0P_/D
     685* |       0 |     130 |        0 |      0 |    73 |    +0.3% |   -5.038 |     -164.0 |    -1334.1 |   2828 | mul_reduced_q\[4\]$_DFFE_PN0P_/D
     686* |       0 |     130 |        0 |      0 |    73 |    +0.3% |   -5.038 |     -164.0 |    -1334.1 |   2828 | mul_reduced_q\[4\]$_DFFE_PN0P_/D
     687* |       0 |     130 |        0 |      0 |    73 |    +0.3% |   -5.038 |     -164.0 |    -1334.1 |   2828 | mul_reduced_q\[4\]$_DFFE_PN0P_/D
     688* |       0 |     130 |        0 |      0 |    73 |    +0.3% |   -5.038 |     -164.0 |    -1334.1 |   2828 | mul_reduced_q\[4\]$_DFFE_PN0P_/D
     689* |       0 |     130 |        0 |      0 |    73 |    +0.3% |   -5.038 |     -164.0 |    -1334.1 |   2828 | mul_reduced_q\[4\]$_DFFE_PN0P_/D
     690* |       0 |     130 |        0 |      0 |    73 |    +0.3% |   -5.038 |     -164.0 |    -1334.1 |   2828 | mul_reduced_q\[4\]$_DFFE_PN0P_/D
     690* |       0 |     130 |        0 |      0 |    73 |    +0.3% |   -5.038 |     -164.0 |    -1334.1 |   2828 | mul_reduced_q\[4\]$_DFFE_PN0P_/D
     691* |       0 |     130 |        0 |      0 |    73 |    +0.3% |   -5.038 |     -164.0 |    -1334.1 |   2828 | mul_reduced_q\[4\]$_DFFE_PN0P_/D
     692* |       0 |     130 |        0 |      0 |    73 |    +0.3% |   -5.038 |     -164.0 |    -1334.1 |   2828 | mul_reduced_q\[4\]$_DFFE_PN0P_/D
     693* |       0 |     130 |        0 |      0 |    73 |    +0.3% |   -5.038 |     -164.0 |    -1334.1 |   2828 | mul_reduced_q\[4\]$_DFFE_PN0P_/D
     694* |       0 |     130 |        0 |      0 |    73 |    +0.3% |   -5.038 |     -164.0 |    -1334.1 |   2828 | mul_reduced_q\[4\]$_DFFE_PN0P_/D
     695* |       0 |     130 |        0 |      0 |    73 |    +0.3% |   -5.038 |     -164.0 |    -1334.1 |   2828 | mul_reduced_q\[4\]$_DFFE_PN0P_/D
     696* |       0 |     130 |        0 |      0 |    73 |    +0.3% |   -5.038 |     -164.0 |    -1334.1 |   2828 | mul_reduced_q\[4\]$_DFFE_PN0P_/D
     697* |       0 |     130 |        0 |      0 |    73 |    +0.3% |   -5.038 |     -164.0 |    -1334.1 |   2828 | mul_reduced_q\[4\]$_DFFE_PN0P_/D
     698* |       0 |     130 |        0 |      0 |    73 |    +0.3% |   -5.038 |     -164.0 |    -1334.1 |   2828 | mul_reduced_q\[4\]$_DFFE_PN0P_/D
     699* |       0 |     130 |        0 |      0 |    73 |    +0.3% |   -5.038 |     -164.0 |    -1334.1 |   2828 | mul_reduced_q\[4\]$_DFFE_PN0P_/D
     700* |       0 |     130 |        0 |      0 |    73 |    +0.3% |   -5.038 |     -164.0 |    -1334.1 |   2828 | mul_reduced_q\[4\]$_DFFE_PN0P_/D
     700* |       0 |     130 |        0 |      0 |    73 |    +0.3% |   -5.038 |     -164.0 |    -1334.1 |   2828 | mul_reduced_q\[4\]$_DFFE_PN0P_/D
     701* |       0 |     130 |        0 |      0 |    73 |    +0.3% |   -5.038 |     -164.0 |    -1334.1 |   2828 | mul_reduced_q\[4\]$_DFFE_PN0P_/D
     702* |       0 |     130 |        0 |      0 |    73 |    +0.3% |   -5.038 |     -164.0 |    -1334.1 |   2828 | mul_reduced_q\[4\]$_DFFE_PN0P_/D
     703* |       0 |     130 |        0 |      0 |    73 |    +0.3% |   -5.038 |     -164.0 |    -1334.1 |   2828 | mul_reduced_q\[4\]$_DFFE_PN0P_/D
     704* |       0 |     130 |        0 |      0 |    73 |    +0.3% |   -5.038 |     -164.0 |    -1334.1 |   2828 | mul_reduced_q\[4\]$_DFFE_PN0P_/D
     705* |       0 |     130 |        0 |      0 |    73 |    +0.3% |   -5.038 |     -164.0 |    -1334.1 |   2828 | mul_reduced_q\[4\]$_DFFE_PN0P_/D
     706* |       0 |     130 |        0 |      0 |    73 |    +0.3% |   -5.038 |     -164.0 |    -1334.1 |   2828 | mul_reduced_q\[4\]$_DFFE_PN0P_/D
     707* |       0 |     130 |        0 |      0 |    73 |    +0.3% |   -5.038 |     -164.0 |    -1334.1 |   2828 | mul_reduced_q\[4\]$_DFFE_PN0P_/D
     708* |       0 |     130 |        0 |      0 |    73 |    +0.3% |   -5.038 |     -164.0 |    -1334.1 |   2828 | mul_reduced_q\[4\]$_DFFE_PN0P_/D
     709* |       0 |     130 |        0 |      0 |    73 |    +0.3% |   -5.038 |     -164.0 |    -1334.1 |   2828 | mul_reduced_q\[4\]$_DFFE_PN0P_/D
     710* |       0 |     130 |        0 |      0 |    73 |    +0.3% |   -5.038 |     -164.0 |    -1334.1 |   2828 | mul_reduced_q\[4\]$_DFFE_PN0P_/D
     710* |       0 |     130 |        0 |      0 |    73 |    +0.3% |   -5.038 |     -164.0 |    -1334.1 |   2828 | mul_reduced_q\[4\]$_DFFE_PN0P_/D
     711* |       0 |     130 |        0 |      0 |    73 |    +0.3% |   -5.038 |     -164.0 |    -1334.1 |   2828 | mul_reduced_q\[4\]$_DFFE_PN0P_/D
     712* |       0 |     130 |        0 |      0 |    73 |    +0.3% |   -5.038 |     -164.0 |    -1334.1 |   2828 | mul_reduced_q\[4\]$_DFFE_PN0P_/D
     713* |       0 |     130 |        0 |      0 |    73 |    +0.3% |   -5.038 |     -164.0 |    -1334.1 |   2828 | mul_reduced_q\[4\]$_DFFE_PN0P_/D
     714* |       0 |     130 |        0 |      0 |    73 |    +0.3% |   -5.038 |     -164.0 |    -1334.1 |   2828 | mul_reduced_q\[4\]$_DFFE_PN0P_/D
     715* |       0 |     130 |        0 |      0 |    73 |    +0.3% |   -5.038 |     -164.0 |    -1334.1 |   2828 | mul_reduced_q\[4\]$_DFFE_PN0P_/D
     716* |       0 |     130 |        0 |      0 |    73 |    +0.3% |   -5.038 |     -164.0 |    -1334.1 |   2828 | mul_reduced_q\[4\]$_DFFE_PN0P_/D
     717* |       0 |     130 |        0 |      0 |    73 |    +0.3% |   -5.038 |     -164.0 |    -1334.1 |   2828 | mul_reduced_q\[4\]$_DFFE_PN0P_/D
     718* |       0 |     130 |        0 |      0 |    73 |    +0.3% |   -5.038 |     -164.0 |    -1334.1 |   2828 | mul_reduced_q\[4\]$_DFFE_PN0P_/D
     719* |       0 |     130 |        0 |      0 |    73 |    +0.3% |   -5.038 |     -164.0 |    -1334.1 |   2828 | mul_reduced_q\[4\]$_DFFE_PN0P_/D
     720* |       0 |     130 |        0 |      0 |    73 |    +0.3% |   -5.038 |     -164.0 |    -1334.1 |   2828 | mul_reduced_q\[4\]$_DFFE_PN0P_/D
     720* |       0 |     130 |        0 |      0 |    73 |    +0.3% |   -5.038 |     -164.0 |    -1334.1 |   2828 | mul_reduced_q\[4\]$_DFFE_PN0P_/D
     721* |       0 |     130 |        0 |      0 |    73 |    +0.3% |   -5.038 |     -164.0 |    -1334.1 |   2828 | mul_reduced_q\[4\]$_DFFE_PN0P_/D
     722* |       0 |     130 |        0 |      0 |    73 |    +0.3% |   -5.038 |     -164.0 |    -1334.1 |   2828 | mul_reduced_q\[4\]$_DFFE_PN0P_/D
     723* |       0 |     130 |        0 |      0 |    73 |    +0.3% |   -5.038 |     -164.0 |    -1334.1 |   2828 | mul_reduced_q\[4\]$_DFFE_PN0P_/D
     724* |       0 |     130 |        0 |      0 |    73 |    +0.3% |   -5.038 |     -164.0 |    -1334.1 |   2828 | mul_reduced_q\[4\]$_DFFE_PN0P_/D
     725* |       0 |     130 |        0 |      0 |    73 |    +0.3% |   -5.038 |     -164.0 |    -1334.1 |   2828 | mul_reduced_q\[4\]$_DFFE_PN0P_/D
     726* |       0 |     130 |        0 |      0 |    73 |    +0.3% |   -5.038 |     -164.0 |    -1334.1 |   2828 | mul_reduced_q\[4\]$_DFFE_PN0P_/D
     727* |       0 |     130 |        0 |      0 |    73 |    +0.3% |   -5.038 |     -164.0 |    -1334.1 |   2828 | mul_reduced_q\[4\]$_DFFE_PN0P_/D
     728* |       0 |     130 |        0 |      0 |    73 |    +0.3% |   -5.038 |     -164.0 |    -1334.1 |   2828 | mul_reduced_q\[4\]$_DFFE_PN0P_/D
     729* |       0 |     130 |        0 |      0 |    73 |    +0.3% |   -5.038 |     -164.0 |    -1334.1 |   2828 | mul_reduced_q\[4\]$_DFFE_PN0P_/D
     730* |       0 |     130 |        0 |      0 |    73 |    +0.3% |   -5.038 |     -164.0 |    -1334.1 |   2828 | mul_reduced_q\[4\]$_DFFE_PN0P_/D
     730* |       0 |     130 |        0 |      0 |    73 |    +0.3% |   -5.038 |     -164.0 |    -1334.1 |   2828 | mul_reduced_q\[4\]$_DFFE_PN0P_/D
     731* |       0 |     130 |        0 |      0 |    73 |    +0.3% |   -5.038 |     -164.0 |    -1334.1 |   2828 | mul_reduced_q\[4\]$_DFFE_PN0P_/D
     732* |       0 |     130 |        0 |      0 |    73 |    +0.3% |   -5.038 |     -164.0 |    -1334.1 |   2828 | mul_reduced_q\[4\]$_DFFE_PN0P_/D
     733* |       0 |     130 |        0 |      0 |    73 |    +0.3% |   -5.038 |     -164.0 |    -1334.1 |   2828 | mul_reduced_q\[4\]$_DFFE_PN0P_/D
     734* |       0 |     130 |        0 |      0 |    73 |    +0.3% |   -5.038 |     -164.0 |    -1334.1 |   2828 | mul_reduced_q\[4\]$_DFFE_PN0P_/D
     735* |       0 |     130 |        0 |      0 |    73 |    +0.3% |   -5.038 |     -164.0 |    -1334.1 |   2828 | mul_reduced_q\[4\]$_DFFE_PN0P_/D
     736* |       0 |     130 |        0 |      0 |    73 |    +0.3% |   -5.038 |     -164.0 |    -1334.1 |   2828 | mul_reduced_q\[4\]$_DFFE_PN0P_/D
     737* |       0 |     130 |        0 |      0 |    73 |    +0.3% |   -5.038 |     -164.0 |    -1334.1 |   2828 | mul_reduced_q\[4\]$_DFFE_PN0P_/D
     738* |       0 |     130 |        0 |      0 |    73 |    +0.3% |   -5.038 |     -164.0 |    -1334.1 |   2828 | mul_reduced_q\[4\]$_DFFE_PN0P_/D
     739* |       0 |     130 |        0 |      0 |    73 |    +0.3% |   -5.038 |     -164.0 |    -1334.1 |   2828 | mul_reduced_q\[4\]$_DFFE_PN0P_/D
     740* |       0 |     130 |        0 |      0 |    73 |    +0.3% |   -5.038 |     -164.0 |    -1334.1 |   2828 | mul_reduced_q\[4\]$_DFFE_PN0P_/D
     740* |       0 |     130 |        0 |      0 |    73 |    +0.3% |   -5.038 |     -164.0 |    -1334.1 |   2828 | mul_reduced_q\[4\]$_DFFE_PN0P_/D
     741* |       0 |     130 |        0 |      0 |    73 |    +0.3% |   -5.038 |     -164.0 |    -1334.1 |   2828 | mul_reduced_q\[4\]$_DFFE_PN0P_/D
     742* |       0 |     130 |        0 |      0 |    73 |    +0.3% |   -5.038 |     -164.0 |    -1334.1 |   2828 | mul_reduced_q\[4\]$_DFFE_PN0P_/D
     743* |       0 |     130 |        0 |      0 |    73 |    +0.3% |   -5.038 |     -164.0 |    -1334.1 |   2828 | mul_reduced_q\[4\]$_DFFE_PN0P_/D
     744* |       0 |     130 |        0 |      0 |    73 |    +0.3% |   -5.038 |     -164.0 |    -1334.1 |   2828 | mul_reduced_q\[4\]$_DFFE_PN0P_/D
     745* |       0 |     130 |        0 |      0 |    73 |    +0.3% |   -5.038 |     -164.0 |    -1334.1 |   2828 | mul_reduced_q\[4\]$_DFFE_PN0P_/D
     746* |       0 |     130 |        0 |      0 |    73 |    +0.3% |   -5.038 |     -164.0 |    -1334.1 |   2828 | mul_reduced_q\[4\]$_DFFE_PN0P_/D
     747* |       0 |     130 |        0 |      0 |    73 |    +0.3% |   -5.038 |     -164.0 |    -1334.1 |   2828 | mul_reduced_q\[4\]$_DFFE_PN0P_/D
     748* |       0 |     130 |        0 |      0 |    73 |    +0.3% |   -5.038 |     -164.0 |    -1334.1 |   2828 | mul_reduced_q\[4\]$_DFFE_PN0P_/D
     749* |       0 |     130 |        0 |      0 |    73 |    +0.3% |   -5.038 |     -164.0 |    -1334.1 |   2828 | mul_reduced_q\[4\]$_DFFE_PN0P_/D
     750* |       0 |     130 |        0 |      0 |    73 |    +0.3% |   -5.038 |     -164.0 |    -1334.1 |   2828 | mul_reduced_q\[4\]$_DFFE_PN0P_/D
     750* |       0 |     130 |        0 |      0 |    73 |    +0.3% |   -5.038 |     -164.0 |    -1334.1 |   2828 | mul_reduced_q\[4\]$_DFFE_PN0P_/D
     751* |       0 |     130 |        0 |      0 |    73 |    +0.3% |   -5.038 |     -164.0 |    -1334.1 |   2828 | mul_reduced_q\[4\]$_DFFE_PN0P_/D
     752* |       0 |     130 |        0 |      0 |    73 |    +0.3% |   -5.038 |     -164.0 |    -1334.1 |   2828 | mul_reduced_q\[4\]$_DFFE_PN0P_/D
     753* |       0 |     130 |        0 |      0 |    73 |    +0.3% |   -5.038 |     -164.0 |    -1334.1 |   2828 | mul_reduced_q\[4\]$_DFFE_PN0P_/D
     754* |       0 |     130 |        0 |      0 |    73 |    +0.3% |   -5.038 |     -164.0 |    -1334.1 |   2828 | mul_reduced_q\[4\]$_DFFE_PN0P_/D
     755* |       0 |     130 |        0 |      0 |    73 |    +0.3% |   -5.038 |     -164.0 |    -1334.1 |   2828 | mul_reduced_q\[4\]$_DFFE_PN0P_/D
     756* |       0 |     130 |        0 |      0 |    73 |    +0.3% |   -5.038 |     -164.0 |    -1334.1 |   2828 | mul_reduced_q\[4\]$_DFFE_PN0P_/D
     757* |       0 |     130 |        0 |      0 |    73 |    +0.3% |   -5.038 |     -164.0 |    -1334.1 |   2828 | mul_reduced_q\[4\]$_DFFE_PN0P_/D
     758* |       0 |     130 |        0 |      0 |    73 |    +0.3% |   -5.038 |     -164.0 |    -1334.1 |   2828 | mul_reduced_q\[4\]$_DFFE_PN0P_/D
     759* |       0 |     130 |        0 |      0 |    73 |    +0.3% |   -5.038 |     -164.0 |    -1334.1 |   2828 | mul_reduced_q\[4\]$_DFFE_PN0P_/D
     760* |       0 |     130 |        0 |      0 |    73 |    +0.3% |   -5.038 |     -164.0 |    -1334.1 |   2828 | mul_reduced_q\[4\]$_DFFE_PN0P_/D
     760* |       0 |     130 |        0 |      0 |    73 |    +0.3% |   -5.038 |     -164.0 |    -1334.1 |   2828 | mul_reduced_q\[4\]$_DFFE_PN0P_/D
     761* |       0 |     130 |        0 |      0 |    73 |    +0.3% |   -5.038 |     -164.0 |    -1334.1 |   2828 | mul_reduced_q\[4\]$_DFFE_PN0P_/D
     762* |       0 |     130 |        0 |      0 |    73 |    +0.3% |   -5.038 |     -164.0 |    -1334.1 |   2828 | mul_reduced_q\[4\]$_DFFE_PN0P_/D
     763* |       0 |     130 |        0 |      0 |    73 |    +0.3% |   -5.038 |     -164.0 |    -1334.1 |   2828 | mul_reduced_q\[4\]$_DFFE_PN0P_/D
     764* |       0 |     130 |        0 |      0 |    73 |    +0.3% |   -5.038 |     -164.0 |    -1334.1 |   2828 | mul_reduced_q\[4\]$_DFFE_PN0P_/D
     765* |       0 |     130 |        0 |      0 |    73 |    +0.3% |   -5.038 |     -164.0 |    -1334.1 |   2828 | mul_reduced_q\[4\]$_DFFE_PN0P_/D
     766* |       0 |     130 |        0 |      0 |    73 |    +0.3% |   -5.038 |     -164.0 |    -1334.1 |   2828 | mul_reduced_q\[4\]$_DFFE_PN0P_/D
     767* |       0 |     130 |        0 |      0 |    73 |    +0.3% |   -5.038 |     -164.0 |    -1334.1 |   2828 | mul_reduced_q\[4\]$_DFFE_PN0P_/D
     768* |       0 |     130 |        0 |      0 |    73 |    +0.3% |   -5.038 |     -164.0 |    -1334.1 |   2828 | mul_reduced_q\[4\]$_DFFE_PN0P_/D
     769* |       0 |     130 |        0 |      0 |    73 |    +0.3% |   -5.038 |     -164.0 |    -1334.1 |   2828 | mul_reduced_q\[4\]$_DFFE_PN0P_/D
     770* |       0 |     130 |        0 |      0 |    73 |    +0.3% |   -5.038 |     -164.0 |    -1334.1 |   2828 | mul_reduced_q\[4\]$_DFFE_PN0P_/D
     770* |       0 |     130 |        0 |      0 |    73 |    +0.3% |   -5.038 |     -164.0 |    -1334.1 |   2828 | mul_reduced_q\[4\]$_DFFE_PN0P_/D
     771* |       0 |     130 |        0 |      0 |    73 |    +0.3% |   -5.038 |     -164.0 |    -1334.1 |   2828 | mul_reduced_q\[4\]$_DFFE_PN0P_/D
     772* |       0 |     130 |        0 |      0 |    73 |    +0.3% |   -5.038 |     -164.0 |    -1334.1 |   2828 | mul_reduced_q\[4\]$_DFFE_PN0P_/D
     773* |       0 |     130 |        0 |      0 |    73 |    +0.3% |   -5.038 |     -164.0 |    -1334.1 |   2828 | mul_reduced_q\[4\]$_DFFE_PN0P_/D
     774* |       0 |     130 |        0 |      0 |    73 |    +0.3% |   -5.038 |     -164.0 |    -1334.1 |   2828 | mul_reduced_q\[4\]$_DFFE_PN0P_/D
     775* |       0 |     130 |        0 |      0 |    73 |    +0.3% |   -5.038 |     -164.0 |    -1334.1 |   2828 | mul_reduced_q\[4\]$_DFFE_PN0P_/D
     776* |       0 |     130 |        0 |      0 |    73 |    +0.3% |   -5.038 |     -164.0 |    -1334.1 |   2828 | mul_reduced_q\[4\]$_DFFE_PN0P_/D
     777* |       0 |     130 |        0 |      0 |    73 |    +0.3% |   -5.038 |     -164.0 |    -1334.1 |   2828 | mul_reduced_q\[4\]$_DFFE_PN0P_/D
     778* |       0 |     130 |        0 |      0 |    73 |    +0.3% |   -5.038 |     -164.0 |    -1334.1 |   2828 | mul_reduced_q\[4\]$_DFFE_PN0P_/D
     779* |       0 |     130 |        0 |      0 |    73 |    +0.3% |   -5.038 |     -164.0 |    -1334.1 |   2828 | mul_reduced_q\[4\]$_DFFE_PN0P_/D
     780* |       0 |     130 |        0 |      0 |    73 |    +0.3% |   -5.038 |     -164.0 |    -1334.1 |   2828 | mul_reduced_q\[4\]$_DFFE_PN0P_/D
     780* |       0 |     130 |        0 |      0 |    73 |    +0.3% |   -5.038 |     -164.0 |    -1334.1 |   2828 | mul_reduced_q\[4\]$_DFFE_PN0P_/D
     781* |       0 |     130 |        0 |      0 |    73 |    +0.3% |   -5.038 |     -164.0 |    -1334.1 |   2828 | mul_reduced_q\[4\]$_DFFE_PN0P_/D
     783* |       0 |     131 |        0 |      0 |    73 |    +0.3% |   -5.038 |     -163.4 |    -1192.2 |   2828 | mul_reduced_q\[4\]$_DFFE_PN0P_/D
     785* |       0 |     132 |        0 |      0 |    73 |    +0.3% |   -5.038 |     -162.9 |    -1050.4 |   2828 | mul_reduced_q\[4\]$_DFFE_PN0P_/D
     786* |       0 |     132 |        0 |      0 |    73 |    +0.3% |   -5.038 |     -162.9 |    -1050.4 |   2828 | mul_reduced_q\[4\]$_DFFE_PN0P_/D
     787* |       0 |     132 |        0 |      0 |    73 |    +0.3% |   -5.038 |     -162.9 |    -1050.4 |   2828 | mul_reduced_q\[4\]$_DFFE_PN0P_/D
     788* |       0 |     132 |        0 |      0 |    73 |    +0.3% |   -5.038 |     -162.9 |    -1050.4 |   2828 | mul_reduced_q\[4\]$_DFFE_PN0P_/D
     789* |       0 |     132 |        0 |      0 |    73 |    +0.3% |   -5.038 |     -162.9 |    -1050.4 |   2828 | mul_reduced_q\[4\]$_DFFE_PN0P_/D
     790* |       0 |     132 |        0 |      0 |    73 |    +0.3% |   -5.038 |     -162.9 |    -1050.4 |   2828 | mul_reduced_q\[4\]$_DFFE_PN0P_/D
     790* |       0 |     132 |        0 |      0 |    73 |    +0.3% |   -5.038 |     -162.9 |    -1050.4 |   2828 | mul_reduced_q\[4\]$_DFFE_PN0P_/D
     791* |       0 |     132 |        0 |      0 |    73 |    +0.3% |   -5.038 |     -162.9 |    -1050.4 |   2828 | mul_reduced_q\[4\]$_DFFE_PN0P_/D
     792* |       0 |     132 |        0 |      0 |    73 |    +0.3% |   -5.038 |     -162.9 |    -1050.4 |   2828 | mul_reduced_q\[4\]$_DFFE_PN0P_/D
     793* |       0 |     132 |        0 |      0 |    73 |    +0.3% |   -5.038 |     -162.9 |    -1050.4 |   2828 | mul_reduced_q\[4\]$_DFFE_PN0P_/D
     794* |       0 |     132 |        0 |      0 |    73 |    +0.3% |   -5.038 |     -162.9 |    -1050.4 |   2828 | mul_reduced_q\[4\]$_DFFE_PN0P_/D
     795* |       0 |     132 |        0 |      0 |    73 |    +0.3% |   -5.038 |     -162.9 |    -1050.4 |   2828 | mul_reduced_q\[4\]$_DFFE_PN0P_/D
     796* |       0 |     132 |        0 |      0 |    73 |    +0.3% |   -5.038 |     -162.9 |    -1050.4 |   2828 | mul_reduced_q\[4\]$_DFFE_PN0P_/D
     797* |       0 |     132 |        0 |      0 |    73 |    +0.3% |   -5.038 |     -162.9 |    -1050.4 |   2828 | mul_reduced_q\[4\]$_DFFE_PN0P_/D
     798* |       0 |     132 |        0 |      0 |    73 |    +0.3% |   -5.038 |     -162.9 |    -1050.4 |   2828 | mul_reduced_q\[4\]$_DFFE_PN0P_/D
     799* |       0 |     132 |        0 |      0 |    73 |    +0.3% |   -5.038 |     -162.9 |    -1050.4 |   2828 | mul_reduced_q\[4\]$_DFFE_PN0P_/D
     800* |       0 |     132 |        0 |      0 |    73 |    +0.3% |   -5.038 |     -162.9 |    -1050.4 |   2828 | mul_reduced_q\[4\]$_DFFE_PN0P_/D
     800* |       0 |     132 |        0 |      0 |    73 |    +0.3% |   -5.038 |     -162.9 |    -1050.4 |   2828 | mul_reduced_q\[4\]$_DFFE_PN0P_/D
     801* |       0 |     132 |        0 |      0 |    73 |    +0.3% |   -5.038 |     -162.9 |    -1050.4 |   2828 | mul_reduced_q\[4\]$_DFFE_PN0P_/D
     802* |       0 |     132 |        0 |      0 |    73 |    +0.3% |   -5.038 |     -162.9 |    -1050.4 |   2828 | mul_reduced_q\[4\]$_DFFE_PN0P_/D
     803* |       0 |     132 |        0 |      0 |    73 |    +0.3% |   -5.038 |     -162.9 |    -1050.4 |   2828 | mul_reduced_q\[4\]$_DFFE_PN0P_/D
     804* |       0 |     132 |        0 |      0 |    73 |    +0.3% |   -5.038 |     -162.9 |    -1050.4 |   2828 | mul_reduced_q\[4\]$_DFFE_PN0P_/D
     805* |       0 |     132 |        0 |      0 |    73 |    +0.3% |   -5.038 |     -162.9 |    -1050.4 |   2828 | mul_reduced_q\[4\]$_DFFE_PN0P_/D
     806* |       0 |     132 |        0 |      0 |    73 |    +0.3% |   -5.038 |     -162.9 |    -1050.4 |   2828 | mul_reduced_q\[4\]$_DFFE_PN0P_/D
     807* |       0 |     132 |        0 |      0 |    73 |    +0.3% |   -5.038 |     -162.9 |    -1050.4 |   2828 | mul_reduced_q\[4\]$_DFFE_PN0P_/D
     808* |       0 |     132 |        0 |      0 |    73 |    +0.3% |   -5.038 |     -162.9 |    -1050.4 |   2828 | mul_reduced_q\[4\]$_DFFE_PN0P_/D
     809* |       0 |     132 |        0 |      0 |    73 |    +0.3% |   -5.038 |     -162.9 |    -1050.4 |   2828 | mul_reduced_q\[4\]$_DFFE_PN0P_/D
     810* |       0 |     132 |        0 |      0 |    73 |    +0.3% |   -5.038 |     -162.9 |    -1050.4 |   2828 | mul_reduced_q\[4\]$_DFFE_PN0P_/D
     810* |       0 |     132 |        0 |      0 |    73 |    +0.3% |   -5.038 |     -162.9 |    -1050.4 |   2828 | mul_reduced_q\[4\]$_DFFE_PN0P_/D
     811* |       0 |     132 |        0 |      0 |    73 |    +0.3% |   -5.038 |     -162.9 |    -1050.4 |   2828 | mul_reduced_q\[4\]$_DFFE_PN0P_/D
     812* |       0 |     132 |        0 |      0 |    73 |    +0.3% |   -5.038 |     -162.9 |    -1050.4 |   2828 | mul_reduced_q\[4\]$_DFFE_PN0P_/D
     813* |       0 |     132 |        0 |      0 |    73 |    +0.3% |   -5.038 |     -162.9 |    -1050.4 |   2828 | mul_reduced_q\[4\]$_DFFE_PN0P_/D
     814* |       0 |     132 |        0 |      0 |    73 |    +0.3% |   -5.038 |     -162.9 |    -1050.4 |   2828 | mul_reduced_q\[4\]$_DFFE_PN0P_/D
     815* |       0 |     132 |        0 |      0 |    73 |    +0.3% |   -5.038 |     -162.9 |    -1050.4 |   2828 | mul_reduced_q\[4\]$_DFFE_PN0P_/D
     816* |       0 |     132 |        0 |      0 |    73 |    +0.3% |   -5.038 |     -162.9 |    -1050.4 |   2828 | mul_reduced_q\[4\]$_DFFE_PN0P_/D
     817* |       0 |     132 |        0 |      0 |    73 |    +0.3% |   -5.038 |     -162.9 |    -1050.4 |   2828 | mul_reduced_q\[4\]$_DFFE_PN0P_/D
     818* |       0 |     132 |        0 |      0 |    73 |    +0.3% |   -5.038 |     -162.9 |    -1050.4 |   2828 | mul_reduced_q\[4\]$_DFFE_PN0P_/D
     819* |       0 |     132 |        0 |      0 |    73 |    +0.3% |   -5.038 |     -162.9 |    -1050.4 |   2828 | mul_reduced_q\[4\]$_DFFE_PN0P_/D
     820* |       0 |     132 |        0 |      0 |    73 |    +0.3% |   -5.038 |     -162.9 |    -1050.4 |   2828 | mul_reduced_q\[4\]$_DFFE_PN0P_/D
     820* |       0 |     132 |        0 |      0 |    73 |    +0.3% |   -5.038 |     -162.9 |    -1050.4 |   2828 | mul_reduced_q\[4\]$_DFFE_PN0P_/D
     821* |       0 |     132 |        0 |      0 |    73 |    +0.3% |   -5.038 |     -162.9 |    -1050.4 |   2828 | mul_reduced_q\[4\]$_DFFE_PN0P_/D
     822* |       0 |     132 |        0 |      0 |    73 |    +0.3% |   -5.038 |     -162.9 |    -1050.4 |   2828 | mul_reduced_q\[4\]$_DFFE_PN0P_/D
     823* |       0 |     132 |        0 |      0 |    73 |    +0.3% |   -5.038 |     -162.9 |    -1050.4 |   2828 | mul_reduced_q\[4\]$_DFFE_PN0P_/D
     824* |       0 |     132 |        0 |      0 |    73 |    +0.3% |   -5.038 |     -162.9 |    -1050.4 |   2828 | mul_reduced_q\[4\]$_DFFE_PN0P_/D
     825* |       0 |     132 |        0 |      0 |    73 |    +0.3% |   -5.038 |     -162.9 |    -1050.4 |   2828 | mul_reduced_q\[4\]$_DFFE_PN0P_/D
     826* |       0 |     132 |        0 |      0 |    73 |    +0.3% |   -5.038 |     -162.9 |    -1050.4 |   2828 | mul_reduced_q\[4\]$_DFFE_PN0P_/D
     827* |       0 |     132 |        0 |      0 |    73 |    +0.3% |   -5.038 |     -162.9 |    -1050.4 |   2828 | mul_reduced_q\[4\]$_DFFE_PN0P_/D
     828* |       0 |     132 |        0 |      0 |    73 |    +0.3% |   -5.038 |     -162.9 |    -1050.4 |   2828 | mul_reduced_q\[4\]$_DFFE_PN0P_/D
     829* |       0 |     132 |        0 |      0 |    73 |    +0.3% |   -5.038 |     -162.9 |    -1050.4 |   2828 | mul_reduced_q\[4\]$_DFFE_PN0P_/D
     830* |       0 |     132 |        0 |      0 |    73 |    +0.3% |   -5.038 |     -162.9 |    -1050.4 |   2828 | mul_reduced_q\[4\]$_DFFE_PN0P_/D
     830* |       0 |     132 |        0 |      0 |    73 |    +0.3% |   -5.038 |     -162.9 |    -1050.4 |   2828 | mul_reduced_q\[4\]$_DFFE_PN0P_/D
     831* |       0 |     132 |        0 |      0 |    73 |    +0.3% |   -5.038 |     -162.9 |    -1050.4 |   2828 | mul_reduced_q\[4\]$_DFFE_PN0P_/D
     832* |       0 |     132 |        0 |      0 |    73 |    +0.3% |   -5.038 |     -162.9 |    -1050.4 |   2828 | mul_reduced_q\[4\]$_DFFE_PN0P_/D
     833* |       0 |     132 |        0 |      0 |    73 |    +0.3% |   -5.038 |     -162.9 |    -1050.4 |   2828 | mul_reduced_q\[4\]$_DFFE_PN0P_/D
     834* |       0 |     132 |        0 |      0 |    73 |    +0.3% |   -5.038 |     -162.9 |    -1050.4 |   2828 | mul_reduced_q\[4\]$_DFFE_PN0P_/D
     835* |       0 |     132 |        0 |      0 |    73 |    +0.3% |   -5.038 |     -162.9 |    -1050.4 |   2828 | mul_reduced_q\[4\]$_DFFE_PN0P_/D
     836* |       0 |     132 |        0 |      0 |    73 |    +0.3% |   -5.038 |     -162.9 |    -1050.4 |   2828 | mul_reduced_q\[4\]$_DFFE_PN0P_/D
     837* |       0 |     132 |        0 |      0 |    73 |    +0.3% |   -5.038 |     -162.9 |    -1050.4 |   2828 | mul_reduced_q\[4\]$_DFFE_PN0P_/D
     838* |       0 |     132 |        0 |      0 |    73 |    +0.3% |   -5.038 |     -162.9 |    -1050.4 |   2828 | mul_reduced_q\[4\]$_DFFE_PN0P_/D
     839* |       0 |     132 |        0 |      0 |    73 |    +0.3% |   -5.038 |     -162.9 |    -1050.4 |   2828 | mul_reduced_q\[4\]$_DFFE_PN0P_/D
     840* |       0 |     132 |        0 |      0 |    73 |    +0.3% |   -5.038 |     -162.9 |    -1050.4 |   2828 | mul_reduced_q\[4\]$_DFFE_PN0P_/D
     840* |       0 |     132 |        0 |      0 |    73 |    +0.3% |   -5.038 |     -162.9 |    -1050.4 |   2828 | mul_reduced_q\[4\]$_DFFE_PN0P_/D
     841* |       0 |     132 |        0 |      0 |    73 |    +0.3% |   -5.038 |     -162.9 |    -1050.4 |   2828 | mul_reduced_q\[4\]$_DFFE_PN0P_/D
     842* |       0 |     132 |        0 |      0 |    73 |    +0.3% |   -5.038 |     -162.9 |    -1050.4 |   2828 | mul_reduced_q\[4\]$_DFFE_PN0P_/D
     843* |       0 |     132 |        0 |      0 |    73 |    +0.3% |   -5.038 |     -162.9 |    -1050.4 |   2828 | mul_reduced_q\[4\]$_DFFE_PN0P_/D
     844* |       0 |     132 |        0 |      0 |    73 |    +0.3% |   -5.038 |     -162.9 |    -1050.4 |   2828 | mul_reduced_q\[4\]$_DFFE_PN0P_/D
     845* |       0 |     132 |        0 |      0 |    73 |    +0.3% |   -5.038 |     -162.9 |    -1050.4 |   2828 | mul_reduced_q\[4\]$_DFFE_PN0P_/D
     846* |       0 |     132 |        0 |      0 |    73 |    +0.3% |   -5.038 |     -162.9 |    -1050.4 |   2828 | mul_reduced_q\[4\]$_DFFE_PN0P_/D
     847* |       0 |     132 |        0 |      0 |    73 |    +0.3% |   -5.038 |     -162.9 |    -1050.4 |   2828 | mul_reduced_q\[4\]$_DFFE_PN0P_/D
     848* |       0 |     132 |        0 |      0 |    73 |    +0.3% |   -5.038 |     -162.9 |    -1050.4 |   2828 | mul_reduced_q\[4\]$_DFFE_PN0P_/D
     849* |       0 |     132 |        0 |      0 |    73 |    +0.3% |   -5.038 |     -162.9 |    -1050.4 |   2828 | mul_reduced_q\[4\]$_DFFE_PN0P_/D
     850* |       0 |     132 |        0 |      0 |    73 |    +0.3% |   -5.038 |     -162.9 |    -1050.4 |   2828 | mul_reduced_q\[4\]$_DFFE_PN0P_/D
     850* |       0 |     132 |        0 |      0 |    73 |    +0.3% |   -5.038 |     -162.9 |    -1050.4 |   2828 | mul_reduced_q\[4\]$_DFFE_PN0P_/D
     851* |       0 |     132 |        0 |      0 |    73 |    +0.3% |   -5.038 |     -162.9 |    -1050.4 |   2828 | mul_reduced_q\[4\]$_DFFE_PN0P_/D
     852* |       0 |     132 |        0 |      0 |    73 |    +0.3% |   -5.038 |     -162.9 |    -1050.4 |   2828 | mul_reduced_q\[4\]$_DFFE_PN0P_/D
     853* |       0 |     132 |        0 |      0 |    73 |    +0.3% |   -5.038 |     -162.9 |    -1050.4 |   2828 | mul_reduced_q\[4\]$_DFFE_PN0P_/D
     854* |       0 |     132 |        0 |      0 |    73 |    +0.3% |   -5.038 |     -162.9 |    -1050.4 |   2828 | mul_reduced_q\[4\]$_DFFE_PN0P_/D
     855* |       0 |     132 |        0 |      0 |    73 |    +0.3% |   -5.038 |     -162.9 |    -1050.4 |   2828 | mul_reduced_q\[4\]$_DFFE_PN0P_/D
     856* |       0 |     132 |        0 |      0 |    73 |    +0.3% |   -5.038 |     -162.9 |    -1050.4 |   2828 | mul_reduced_q\[4\]$_DFFE_PN0P_/D
     857* |       0 |     132 |        0 |      0 |    73 |    +0.3% |   -5.038 |     -162.9 |    -1050.4 |   2828 | mul_reduced_q\[4\]$_DFFE_PN0P_/D
     858* |       0 |     132 |        0 |      0 |    73 |    +0.3% |   -5.038 |     -162.9 |    -1050.4 |   2828 | mul_reduced_q\[4\]$_DFFE_PN0P_/D
     859* |       0 |     132 |        0 |      0 |    73 |    +0.3% |   -5.038 |     -162.9 |    -1050.4 |   2828 | mul_reduced_q\[4\]$_DFFE_PN0P_/D
     860* |       0 |     132 |        0 |      0 |    73 |    +0.3% |   -5.038 |     -162.9 |    -1050.4 |   2828 | mul_reduced_q\[4\]$_DFFE_PN0P_/D
     860* |       0 |     132 |        0 |      0 |    73 |    +0.3% |   -5.038 |     -162.9 |    -1050.4 |   2828 | mul_reduced_q\[4\]$_DFFE_PN0P_/D
     861* |       0 |     132 |        0 |      0 |    73 |    +0.3% |   -5.038 |     -162.9 |    -1050.4 |   2828 | mul_reduced_q\[4\]$_DFFE_PN0P_/D
     862* |       0 |     132 |        0 |      0 |    73 |    +0.3% |   -5.038 |     -162.9 |    -1050.4 |   2828 | mul_reduced_q\[4\]$_DFFE_PN0P_/D
     863* |       0 |     132 |        0 |      0 |    73 |    +0.3% |   -5.038 |     -162.9 |    -1050.4 |   2828 | mul_reduced_q\[4\]$_DFFE_PN0P_/D
     864* |       0 |     132 |        0 |      0 |    73 |    +0.3% |   -5.038 |     -162.9 |    -1050.4 |   2828 | mul_reduced_q\[4\]$_DFFE_PN0P_/D
     865* |       0 |     132 |        0 |      0 |    73 |    +0.3% |   -5.038 |     -162.9 |    -1050.4 |   2828 | mul_reduced_q\[4\]$_DFFE_PN0P_/D
     866* |       0 |     132 |        0 |      0 |    73 |    +0.3% |   -5.038 |     -162.9 |    -1050.4 |   2828 | mul_reduced_q\[4\]$_DFFE_PN0P_/D
     867* |       0 |     132 |        0 |      0 |    73 |    +0.3% |   -5.038 |     -162.9 |    -1050.4 |   2828 | mul_reduced_q\[4\]$_DFFE_PN0P_/D
     868* |       0 |     132 |        0 |      0 |    73 |    +0.3% |   -5.038 |     -162.9 |    -1050.4 |   2828 | mul_reduced_q\[4\]$_DFFE_PN0P_/D
     869* |       0 |     132 |        0 |      0 |    73 |    +0.3% |   -5.038 |     -162.9 |    -1050.4 |   2828 | mul_reduced_q\[4\]$_DFFE_PN0P_/D
     870* |       0 |     132 |        0 |      0 |    73 |    +0.3% |   -5.038 |     -162.9 |    -1050.4 |   2828 | mul_reduced_q\[4\]$_DFFE_PN0P_/D
     870* |       0 |     132 |        0 |      0 |    73 |    +0.3% |   -5.038 |     -162.9 |    -1050.4 |   2828 | mul_reduced_q\[4\]$_DFFE_PN0P_/D
     871* |       0 |     132 |        0 |      0 |    73 |    +0.3% |   -5.038 |     -162.9 |    -1050.4 |   2828 | mul_reduced_q\[4\]$_DFFE_PN0P_/D
     872* |       0 |     132 |        0 |      0 |    73 |    +0.3% |   -5.038 |     -162.9 |    -1050.4 |   2828 | mul_reduced_q\[4\]$_DFFE_PN0P_/D
     873* |       0 |     132 |        0 |      0 |    73 |    +0.3% |   -5.038 |     -162.9 |    -1050.4 |   2828 | mul_reduced_q\[4\]$_DFFE_PN0P_/D
     874* |       0 |     132 |        0 |      0 |    73 |    +0.3% |   -5.038 |     -162.9 |    -1050.4 |   2828 | mul_reduced_q\[4\]$_DFFE_PN0P_/D
     875* |       0 |     132 |        0 |      0 |    73 |    +0.3% |   -5.038 |     -162.9 |    -1050.4 |   2828 | mul_reduced_q\[4\]$_DFFE_PN0P_/D
     876* |       0 |     132 |        0 |      0 |    73 |    +0.3% |   -5.038 |     -162.9 |    -1050.4 |   2828 | mul_reduced_q\[4\]$_DFFE_PN0P_/D
     877* |       0 |     132 |        0 |      0 |    73 |    +0.3% |   -5.038 |     -162.9 |    -1050.4 |   2828 | mul_reduced_q\[4\]$_DFFE_PN0P_/D
     878* |       0 |     132 |        0 |      0 |    73 |    +0.3% |   -5.038 |     -162.9 |    -1050.4 |   2828 | mul_reduced_q\[4\]$_DFFE_PN0P_/D
     879* |       0 |     132 |        0 |      0 |    73 |    +0.3% |   -5.038 |     -162.9 |    -1050.4 |   2828 | mul_reduced_q\[4\]$_DFFE_PN0P_/D
     880* |       0 |     132 |        0 |      0 |    73 |    +0.3% |   -5.038 |     -162.9 |    -1050.4 |   2828 | mul_reduced_q\[4\]$_DFFE_PN0P_/D
     880* |       0 |     132 |        0 |      0 |    73 |    +0.3% |   -5.038 |     -162.9 |    -1050.4 |   2828 | mul_reduced_q\[4\]$_DFFE_PN0P_/D
     881* |       0 |     132 |        0 |      0 |    73 |    +0.3% |   -5.038 |     -162.9 |    -1050.4 |   2828 | mul_reduced_q\[4\]$_DFFE_PN0P_/D
     882* |       0 |     132 |        0 |      0 |    73 |    +0.3% |   -5.038 |     -162.9 |    -1050.4 |   2828 | mul_reduced_q\[4\]$_DFFE_PN0P_/D
     883* |       0 |     132 |        0 |      0 |    73 |    +0.3% |   -5.038 |     -162.9 |    -1050.4 |   2828 | mul_reduced_q\[4\]$_DFFE_PN0P_/D
     884* |       0 |     132 |        0 |      0 |    73 |    +0.3% |   -5.038 |     -162.9 |    -1050.4 |   2828 | mul_reduced_q\[4\]$_DFFE_PN0P_/D
     885* |       0 |     132 |        0 |      0 |    73 |    +0.3% |   -5.038 |     -162.9 |    -1050.4 |   2828 | mul_reduced_q\[4\]$_DFFE_PN0P_/D
     886* |       0 |     132 |        0 |      0 |    73 |    +0.3% |   -5.038 |     -162.9 |    -1050.4 |   2828 | mul_reduced_q\[4\]$_DFFE_PN0P_/D
     887* |       0 |     132 |        0 |      0 |    73 |    +0.3% |   -5.038 |     -162.9 |    -1050.4 |   2828 | mul_reduced_q\[4\]$_DFFE_PN0P_/D
     888* |       0 |     132 |        0 |      0 |    73 |    +0.3% |   -5.038 |     -162.9 |    -1050.4 |   2828 | mul_reduced_q\[4\]$_DFFE_PN0P_/D
     889* |       0 |     132 |        0 |      0 |    73 |    +0.3% |   -5.038 |     -162.9 |    -1050.4 |   2828 | mul_reduced_q\[4\]$_DFFE_PN0P_/D
     890* |       0 |     132 |        0 |      0 |    73 |    +0.3% |   -5.038 |     -162.9 |    -1050.4 |   2828 | mul_reduced_q\[4\]$_DFFE_PN0P_/D
     890* |       0 |     132 |        0 |      0 |    73 |    +0.3% |   -5.038 |     -162.9 |    -1050.4 |   2828 | mul_reduced_q\[4\]$_DFFE_PN0P_/D
     891* |       0 |     132 |        0 |      0 |    73 |    +0.3% |   -5.038 |     -162.9 |    -1050.4 |   2828 | mul_reduced_q\[4\]$_DFFE_PN0P_/D
     892* |       0 |     132 |        0 |      0 |    73 |    +0.3% |   -5.038 |     -162.9 |    -1050.4 |   2828 | mul_reduced_q\[4\]$_DFFE_PN0P_/D
     893* |       0 |     132 |        0 |      0 |    73 |    +0.3% |   -5.038 |     -162.9 |    -1050.4 |   2828 | mul_reduced_q\[4\]$_DFFE_PN0P_/D
     894* |       0 |     132 |        0 |      0 |    73 |    +0.3% |   -5.038 |     -162.9 |    -1050.4 |   2828 | mul_reduced_q\[4\]$_DFFE_PN0P_/D
     895* |       0 |     132 |        0 |      0 |    73 |    +0.3% |   -5.038 |     -162.9 |    -1050.4 |   2828 | mul_reduced_q\[4\]$_DFFE_PN0P_/D
     896* |       0 |     132 |        0 |      0 |    73 |    +0.3% |   -5.038 |     -162.9 |    -1050.4 |   2828 | mul_reduced_q\[4\]$_DFFE_PN0P_/D
     897* |       0 |     132 |        0 |      0 |    73 |    +0.3% |   -5.038 |     -162.9 |    -1050.4 |   2828 | mul_reduced_q\[4\]$_DFFE_PN0P_/D
     898* |       0 |     132 |        0 |      0 |    73 |    +0.3% |   -5.038 |     -162.9 |    -1050.4 |   2828 | mul_reduced_q\[4\]$_DFFE_PN0P_/D
     899* |       0 |     132 |        0 |      0 |    73 |    +0.3% |   -5.038 |     -162.9 |    -1050.4 |   2828 | mul_reduced_q\[4\]$_DFFE_PN0P_/D
     900* |       0 |     132 |        0 |      0 |    73 |    +0.3% |   -5.038 |     -162.9 |    -1050.4 |   2828 | mul_reduced_q\[4\]$_DFFE_PN0P_/D
     900* |       0 |     132 |        0 |      0 |    73 |    +0.3% |   -5.038 |     -162.9 |    -1050.4 |   2828 | mul_reduced_q\[4\]$_DFFE_PN0P_/D
     901* |       0 |     132 |        0 |      0 |    73 |    +0.3% |   -5.038 |     -162.9 |    -1050.4 |   2828 | mul_reduced_q\[4\]$_DFFE_PN0P_/D
     902* |       0 |     132 |        0 |      0 |    73 |    +0.3% |   -5.038 |     -162.9 |    -1050.4 |   2828 | mul_reduced_q\[4\]$_DFFE_PN0P_/D
     903* |       0 |     132 |        0 |      0 |    73 |    +0.3% |   -5.038 |     -162.9 |    -1050.4 |   2828 | mul_reduced_q\[4\]$_DFFE_PN0P_/D
     904* |       0 |     132 |        0 |      0 |    73 |    +0.3% |   -5.038 |     -162.9 |    -1050.4 |   2828 | mul_reduced_q\[4\]$_DFFE_PN0P_/D
     905* |       0 |     132 |        0 |      0 |    73 |    +0.3% |   -5.038 |     -162.9 |    -1050.4 |   2828 | mul_reduced_q\[4\]$_DFFE_PN0P_/D
     906* |       0 |     132 |        0 |      0 |    73 |    +0.3% |   -5.038 |     -162.9 |    -1050.4 |   2828 | mul_reduced_q\[4\]$_DFFE_PN0P_/D
     907* |       0 |     132 |        0 |      0 |    73 |    +0.3% |   -5.038 |     -162.9 |    -1050.4 |   2828 | mul_reduced_q\[4\]$_DFFE_PN0P_/D
     908* |       0 |     132 |        0 |      0 |    73 |    +0.3% |   -5.038 |     -162.9 |    -1050.4 |   2828 | mul_reduced_q\[4\]$_DFFE_PN0P_/D
     909* |       0 |     132 |        0 |      0 |    73 |    +0.3% |   -5.038 |     -162.9 |    -1050.4 |   2828 | mul_reduced_q\[4\]$_DFFE_PN0P_/D
     910* |       0 |     132 |        0 |      0 |    73 |    +0.3% |   -5.038 |     -162.9 |    -1050.4 |   2828 | mul_reduced_q\[4\]$_DFFE_PN0P_/D
     910* |       0 |     132 |        0 |      0 |    73 |    +0.3% |   -5.038 |     -162.9 |    -1050.4 |   2828 | mul_reduced_q\[4\]$_DFFE_PN0P_/D
     911* |       0 |     132 |        0 |      0 |    73 |    +0.3% |   -5.038 |     -162.9 |    -1050.4 |   2828 | mul_reduced_q\[4\]$_DFFE_PN0P_/D
     912* |       0 |     132 |        0 |      0 |    73 |    +0.3% |   -5.038 |     -162.9 |    -1050.4 |   2828 | mul_reduced_q\[4\]$_DFFE_PN0P_/D
     913* |       0 |     132 |        0 |      0 |    73 |    +0.3% |   -5.038 |     -162.9 |    -1050.4 |   2828 | mul_reduced_q\[4\]$_DFFE_PN0P_/D
     914* |       0 |     132 |        0 |      0 |    73 |    +0.3% |   -5.038 |     -162.9 |    -1050.4 |   2828 | mul_reduced_q\[4\]$_DFFE_PN0P_/D
     915* |       0 |     132 |        0 |      0 |    73 |    +0.3% |   -5.038 |     -162.9 |    -1050.4 |   2828 | mul_reduced_q\[4\]$_DFFE_PN0P_/D
     916* |       0 |     132 |        0 |      0 |    73 |    +0.3% |   -5.038 |     -162.9 |    -1050.4 |   2828 | mul_reduced_q\[4\]$_DFFE_PN0P_/D
     917* |       0 |     132 |        0 |      0 |    73 |    +0.3% |   -5.038 |     -162.9 |    -1050.4 |   2828 | mul_reduced_q\[4\]$_DFFE_PN0P_/D
     918* |       0 |     132 |        0 |      0 |    73 |    +0.3% |   -5.038 |     -162.9 |    -1050.4 |   2828 | mul_reduced_q\[4\]$_DFFE_PN0P_/D
     919* |       0 |     132 |        0 |      0 |    73 |    +0.3% |   -5.038 |     -162.9 |    -1050.4 |   2828 | mul_reduced_q\[4\]$_DFFE_PN0P_/D
     920* |       0 |     132 |        0 |      0 |    73 |    +0.3% |   -5.038 |     -162.9 |    -1050.4 |   2828 | mul_reduced_q\[4\]$_DFFE_PN0P_/D
     920* |       0 |     132 |        0 |      0 |    73 |    +0.3% |   -5.038 |     -162.9 |    -1050.4 |   2828 | mul_reduced_q\[4\]$_DFFE_PN0P_/D
     921* |       0 |     132 |        0 |      0 |    73 |    +0.3% |   -5.038 |     -162.9 |    -1050.4 |   2828 | mul_reduced_q\[4\]$_DFFE_PN0P_/D
     922* |       0 |     132 |        0 |      0 |    73 |    +0.3% |   -5.038 |     -162.9 |    -1050.4 |   2828 | mul_reduced_q\[4\]$_DFFE_PN0P_/D
     923* |       0 |     132 |        0 |      0 |    73 |    +0.3% |   -5.038 |     -162.9 |    -1050.4 |   2828 | mul_reduced_q\[4\]$_DFFE_PN0P_/D
     924* |       0 |     132 |        0 |      0 |    73 |    +0.3% |   -5.038 |     -162.9 |    -1050.4 |   2828 | mul_reduced_q\[4\]$_DFFE_PN0P_/D
     925* |       0 |     132 |        0 |      0 |    73 |    +0.3% |   -5.038 |     -162.9 |    -1050.4 |   2828 | mul_reduced_q\[4\]$_DFFE_PN0P_/D
     926* |       0 |     132 |        0 |      0 |    73 |    +0.3% |   -5.038 |     -162.9 |    -1050.4 |   2828 | mul_reduced_q\[4\]$_DFFE_PN0P_/D
     927* |       0 |     132 |        0 |      0 |    73 |    +0.3% |   -5.038 |     -162.9 |    -1050.4 |   2828 | mul_reduced_q\[4\]$_DFFE_PN0P_/D
     928* |       0 |     132 |        0 |      0 |    73 |    +0.3% |   -5.038 |     -162.9 |    -1050.4 |   2828 | mul_reduced_q\[4\]$_DFFE_PN0P_/D
     929* |       0 |     132 |        0 |      0 |    73 |    +0.3% |   -5.038 |     -162.9 |    -1050.4 |   2828 | mul_reduced_q\[4\]$_DFFE_PN0P_/D
     930* |       0 |     132 |        0 |      0 |    73 |    +0.3% |   -5.038 |     -162.9 |    -1050.4 |   2828 | mul_reduced_q\[4\]$_DFFE_PN0P_/D
     930* |       0 |     132 |        0 |      0 |    73 |    +0.3% |   -5.038 |     -162.9 |    -1050.4 |   2828 | mul_reduced_q\[4\]$_DFFE_PN0P_/D
     931* |       0 |     132 |        0 |      0 |    73 |    +0.3% |   -5.038 |     -162.9 |    -1050.4 |   2828 | mul_reduced_q\[4\]$_DFFE_PN0P_/D
     932* |       0 |     132 |        0 |      0 |    73 |    +0.3% |   -5.038 |     -162.9 |    -1050.4 |   2828 | mul_reduced_q\[4\]$_DFFE_PN0P_/D
     933* |       0 |     132 |        0 |      0 |    73 |    +0.3% |   -5.038 |     -162.9 |    -1050.4 |   2828 | mul_reduced_q\[4\]$_DFFE_PN0P_/D
     934* |       0 |     132 |        0 |      0 |    73 |    +0.3% |   -5.038 |     -162.9 |    -1050.4 |   2828 | mul_reduced_q\[4\]$_DFFE_PN0P_/D
     935* |       0 |     132 |        0 |      0 |    73 |    +0.3% |   -5.038 |     -162.9 |    -1050.4 |   2828 | mul_reduced_q\[4\]$_DFFE_PN0P_/D
     936* |       0 |     132 |        0 |      0 |    73 |    +0.3% |   -5.038 |     -162.9 |    -1050.4 |   2828 | mul_reduced_q\[4\]$_DFFE_PN0P_/D
     937* |       0 |     132 |        0 |      0 |    73 |    +0.3% |   -5.038 |     -162.9 |    -1050.4 |   2828 | mul_reduced_q\[4\]$_DFFE_PN0P_/D
     938* |       0 |     132 |        0 |      0 |    73 |    +0.3% |   -5.038 |     -162.9 |    -1050.4 |   2828 | mul_reduced_q\[4\]$_DFFE_PN0P_/D
     939* |       0 |     132 |        0 |      0 |    73 |    +0.3% |   -5.038 |     -162.9 |    -1050.4 |   2828 | mul_reduced_q\[4\]$_DFFE_PN0P_/D
     940* |       0 |     132 |        0 |      0 |    73 |    +0.3% |   -5.038 |     -162.9 |    -1050.4 |   2828 | mul_reduced_q\[4\]$_DFFE_PN0P_/D
     940* |       0 |     132 |        0 |      0 |    73 |    +0.3% |   -5.038 |     -162.9 |    -1050.4 |   2828 | mul_reduced_q\[4\]$_DFFE_PN0P_/D
     941* |       0 |     132 |        0 |      0 |    73 |    +0.3% |   -5.038 |     -162.9 |    -1050.4 |   2828 | mul_reduced_q\[4\]$_DFFE_PN0P_/D
     942* |       0 |     132 |        0 |      0 |    73 |    +0.3% |   -5.038 |     -162.9 |    -1050.4 |   2828 | mul_reduced_q\[4\]$_DFFE_PN0P_/D
     943* |       0 |     132 |        0 |      0 |    73 |    +0.3% |   -5.038 |     -162.9 |    -1050.4 |   2828 | mul_reduced_q\[4\]$_DFFE_PN0P_/D
     944* |       0 |     132 |        0 |      0 |    73 |    +0.3% |   -5.038 |     -162.9 |    -1050.4 |   2828 | mul_reduced_q\[4\]$_DFFE_PN0P_/D
     945* |       0 |     132 |        0 |      0 |    73 |    +0.3% |   -5.038 |     -162.9 |    -1050.4 |   2828 | mul_reduced_q\[4\]$_DFFE_PN0P_/D
     946* |       0 |     132 |        0 |      0 |    73 |    +0.3% |   -5.038 |     -162.9 |    -1050.4 |   2828 | mul_reduced_q\[4\]$_DFFE_PN0P_/D
     947* |       0 |     132 |        0 |      0 |    73 |    +0.3% |   -5.038 |     -162.9 |    -1050.4 |   2828 | mul_reduced_q\[4\]$_DFFE_PN0P_/D
     948* |       0 |     132 |        0 |      0 |    73 |    +0.3% |   -5.038 |     -162.9 |    -1050.4 |   2828 | mul_reduced_q\[4\]$_DFFE_PN0P_/D
     949* |       0 |     132 |        0 |      0 |    73 |    +0.3% |   -5.038 |     -162.9 |    -1050.4 |   2828 | mul_reduced_q\[4\]$_DFFE_PN0P_/D
     950* |       0 |     132 |        0 |      0 |    73 |    +0.3% |   -5.038 |     -162.9 |    -1050.4 |   2828 | mul_reduced_q\[4\]$_DFFE_PN0P_/D
     950* |       0 |     132 |        0 |      0 |    73 |    +0.3% |   -5.038 |     -162.9 |    -1050.4 |   2828 | mul_reduced_q\[4\]$_DFFE_PN0P_/D
     951* |       0 |     132 |        0 |      0 |    73 |    +0.3% |   -5.038 |     -162.9 |    -1050.4 |   2828 | mul_reduced_q\[4\]$_DFFE_PN0P_/D
     952* |       0 |     132 |        0 |      0 |    73 |    +0.3% |   -5.038 |     -162.9 |    -1050.4 |   2828 | mul_reduced_q\[4\]$_DFFE_PN0P_/D
     953* |       0 |     132 |        0 |      0 |    73 |    +0.3% |   -5.038 |     -162.9 |    -1050.4 |   2828 | mul_reduced_q\[4\]$_DFFE_PN0P_/D
     954* |       0 |     132 |        0 |      0 |    73 |    +0.3% |   -5.038 |     -162.9 |    -1050.4 |   2828 | mul_reduced_q\[4\]$_DFFE_PN0P_/D
     955* |       0 |     132 |        0 |      0 |    73 |    +0.3% |   -5.038 |     -162.9 |    -1050.4 |   2828 | mul_reduced_q\[4\]$_DFFE_PN0P_/D
     956* |       0 |     132 |        0 |      0 |    73 |    +0.3% |   -5.038 |     -162.9 |    -1050.4 |   2828 | mul_reduced_q\[4\]$_DFFE_PN0P_/D
     957* |       0 |     132 |        0 |      0 |    73 |    +0.3% |   -5.038 |     -162.9 |    -1050.4 |   2828 | mul_reduced_q\[4\]$_DFFE_PN0P_/D
     958* |       0 |     132 |        0 |      0 |    73 |    +0.3% |   -5.038 |     -162.9 |    -1050.4 |   2828 | mul_reduced_q\[4\]$_DFFE_PN0P_/D
     959* |       0 |     132 |        0 |      0 |    73 |    +0.3% |   -5.038 |     -162.9 |    -1050.4 |   2828 | mul_reduced_q\[4\]$_DFFE_PN0P_/D
     960* |       0 |     132 |        0 |      0 |    73 |    +0.3% |   -5.038 |     -162.9 |    -1050.4 |   2828 | mul_reduced_q\[4\]$_DFFE_PN0P_/D
     960* |       0 |     132 |        0 |      0 |    73 |    +0.3% |   -5.038 |     -162.9 |    -1050.4 |   2828 | mul_reduced_q\[4\]$_DFFE_PN0P_/D
     961* |       0 |     132 |        0 |      0 |    73 |    +0.3% |   -5.038 |     -162.9 |    -1050.4 |   2828 | mul_reduced_q\[4\]$_DFFE_PN0P_/D
     962* |       0 |     132 |        0 |      0 |    73 |    +0.3% |   -5.038 |     -162.9 |    -1050.4 |   2828 | mul_reduced_q\[4\]$_DFFE_PN0P_/D
     963* |       0 |     132 |        0 |      0 |    73 |    +0.3% |   -5.038 |     -162.9 |    -1050.4 |   2828 | mul_reduced_q\[4\]$_DFFE_PN0P_/D
     964* |       0 |     132 |        0 |      0 |    73 |    +0.3% |   -5.038 |     -162.9 |    -1050.4 |   2828 | mul_reduced_q\[4\]$_DFFE_PN0P_/D
     965* |       0 |     132 |        0 |      0 |    73 |    +0.3% |   -5.038 |     -162.9 |    -1050.4 |   2828 | mul_reduced_q\[4\]$_DFFE_PN0P_/D
     966* |       0 |     132 |        0 |      0 |    73 |    +0.3% |   -5.038 |     -162.9 |    -1050.4 |   2828 | mul_reduced_q\[4\]$_DFFE_PN0P_/D
     967* |       0 |     132 |        0 |      0 |    73 |    +0.3% |   -5.038 |     -162.9 |    -1050.4 |   2828 | mul_reduced_q\[4\]$_DFFE_PN0P_/D
     968* |       0 |     132 |        0 |      0 |    73 |    +0.3% |   -5.038 |     -162.9 |    -1050.4 |   2828 | mul_reduced_q\[4\]$_DFFE_PN0P_/D
     969* |       0 |     132 |        0 |      0 |    73 |    +0.3% |   -5.038 |     -162.9 |    -1050.4 |   2828 | mul_reduced_q\[4\]$_DFFE_PN0P_/D
     970* |       0 |     132 |        0 |      0 |    73 |    +0.3% |   -5.038 |     -162.9 |    -1050.4 |   2828 | mul_reduced_q\[4\]$_DFFE_PN0P_/D
     970* |       0 |     132 |        0 |      0 |    73 |    +0.3% |   -5.038 |     -162.9 |    -1050.4 |   2828 | mul_reduced_q\[4\]$_DFFE_PN0P_/D
     971* |       0 |     132 |        0 |      0 |    73 |    +0.3% |   -5.038 |     -162.9 |    -1050.4 |   2828 | mul_reduced_q\[4\]$_DFFE_PN0P_/D
     972* |       0 |     132 |        0 |      0 |    73 |    +0.3% |   -5.038 |     -162.9 |    -1050.4 |   2828 | mul_reduced_q\[4\]$_DFFE_PN0P_/D
     973* |       0 |     132 |        0 |      0 |    73 |    +0.3% |   -5.038 |     -162.9 |    -1050.4 |   2828 | mul_reduced_q\[4\]$_DFFE_PN0P_/D
     974* |       0 |     132 |        0 |      0 |    73 |    +0.3% |   -5.038 |     -162.9 |    -1050.4 |   2828 | mul_reduced_q\[4\]$_DFFE_PN0P_/D
     975* |       0 |     132 |        0 |      0 |    73 |    +0.3% |   -5.038 |     -162.9 |    -1050.4 |   2828 | mul_reduced_q\[4\]$_DFFE_PN0P_/D
     976* |       0 |     132 |        0 |      0 |    73 |    +0.3% |   -5.038 |     -162.9 |    -1050.4 |   2828 | mul_reduced_q\[4\]$_DFFE_PN0P_/D
     977* |       0 |     132 |        0 |      0 |    73 |    +0.3% |   -5.038 |     -162.9 |    -1050.4 |   2828 | mul_reduced_q\[4\]$_DFFE_PN0P_/D
     978* |       0 |     132 |        0 |      0 |    73 |    +0.3% |   -5.038 |     -162.9 |    -1050.4 |   2828 | mul_reduced_q\[4\]$_DFFE_PN0P_/D
     979* |       0 |     132 |        0 |      0 |    73 |    +0.3% |   -5.038 |     -162.9 |    -1050.4 |   2828 | mul_reduced_q\[4\]$_DFFE_PN0P_/D
     980* |       0 |     132 |        0 |      0 |    73 |    +0.3% |   -5.038 |     -162.9 |    -1050.4 |   2828 | mul_reduced_q\[4\]$_DFFE_PN0P_/D
     980* |       0 |     132 |        0 |      0 |    73 |    +0.3% |   -5.038 |     -162.9 |    -1050.4 |   2828 | mul_reduced_q\[4\]$_DFFE_PN0P_/D
     981* |       0 |     132 |        0 |      0 |    73 |    +0.3% |   -5.038 |     -162.9 |    -1050.4 |   2828 | mul_reduced_q\[4\]$_DFFE_PN0P_/D
     982* |       0 |     132 |        0 |      0 |    73 |    +0.3% |   -5.038 |     -162.9 |    -1050.4 |   2828 | mul_reduced_q\[4\]$_DFFE_PN0P_/D
     983* |       0 |     132 |        0 |      0 |    73 |    +0.3% |   -5.038 |     -162.9 |    -1050.4 |   2828 | mul_reduced_q\[4\]$_DFFE_PN0P_/D
     984* |       0 |     132 |        0 |      0 |    73 |    +0.3% |   -5.038 |     -162.9 |    -1050.4 |   2828 | mul_reduced_q\[4\]$_DFFE_PN0P_/D
     985* |       0 |     132 |        0 |      0 |    73 |    +0.3% |   -5.038 |     -162.9 |    -1050.4 |   2828 | mul_reduced_q\[4\]$_DFFE_PN0P_/D
     986* |       0 |     132 |        0 |      0 |    73 |    +0.3% |   -5.038 |     -162.9 |    -1050.4 |   2828 | mul_reduced_q\[4\]$_DFFE_PN0P_/D
     987* |       0 |     132 |        0 |      0 |    73 |    +0.3% |   -5.038 |     -162.9 |    -1050.4 |   2828 | mul_reduced_q\[4\]$_DFFE_PN0P_/D
     988* |       0 |     132 |        0 |      0 |    73 |    +0.3% |   -5.038 |     -162.9 |    -1050.4 |   2828 | mul_reduced_q\[4\]$_DFFE_PN0P_/D
     989* |       0 |     132 |        0 |      0 |    73 |    +0.3% |   -5.038 |     -162.9 |    -1050.4 |   2828 | mul_reduced_q\[4\]$_DFFE_PN0P_/D
     990* |       0 |     132 |        0 |      0 |    73 |    +0.3% |   -5.038 |     -162.9 |    -1050.4 |   2828 | mul_reduced_q\[4\]$_DFFE_PN0P_/D
     990* |       0 |     132 |        0 |      0 |    73 |    +0.3% |   -5.038 |     -162.9 |    -1050.4 |   2828 | mul_reduced_q\[4\]$_DFFE_PN0P_/D
     991* |       0 |     132 |        0 |      0 |    73 |    +0.3% |   -5.038 |     -162.9 |    -1050.4 |   2828 | mul_reduced_q\[4\]$_DFFE_PN0P_/D
     992* |       0 |     132 |        0 |      0 |    73 |    +0.3% |   -5.038 |     -162.9 |    -1050.4 |   2828 | mul_reduced_q\[4\]$_DFFE_PN0P_/D
     993* |       0 |     132 |        0 |      0 |    73 |    +0.3% |   -5.038 |     -162.9 |    -1050.4 |   2828 | mul_reduced_q\[4\]$_DFFE_PN0P_/D
     994* |       0 |     132 |        0 |      0 |    73 |    +0.3% |   -5.038 |     -162.9 |    -1050.4 |   2828 | mul_reduced_q\[4\]$_DFFE_PN0P_/D
     995* |       0 |     132 |        0 |      0 |    73 |    +0.3% |   -5.038 |     -162.9 |    -1050.4 |   2828 | mul_reduced_q\[4\]$_DFFE_PN0P_/D
     996* |       0 |     132 |        0 |      0 |    73 |    +0.3% |   -5.038 |     -162.9 |    -1050.4 |   2828 | mul_reduced_q\[4\]$_DFFE_PN0P_/D
     997* |       0 |     132 |        0 |      0 |    73 |    +0.3% |   -5.038 |     -162.9 |    -1050.4 |   2828 | mul_reduced_q\[4\]$_DFFE_PN0P_/D
     998* |       0 |     132 |        0 |      0 |    73 |    +0.3% |   -5.038 |     -162.9 |    -1050.4 |   2828 | mul_reduced_q\[4\]$_DFFE_PN0P_/D
     999* |       0 |     132 |        0 |      0 |    73 |    +0.3% |   -5.038 |     -162.9 |    -1050.4 |   2828 | mul_reduced_q\[4\]$_DFFE_PN0P_/D
    1000* |       0 |     132 |        0 |      0 |    73 |    +0.3% |   -5.038 |     -162.9 |    -1050.4 |   2828 | mul_reduced_q\[4\]$_DFFE_PN0P_/D
    1000* |       0 |     132 |        0 |      0 |    73 |    +0.3% |   -5.038 |     -162.9 |    -1050.4 |   2828 | mul_reduced_q\[4\]$_DFFE_PN0P_/D
    1001* |       0 |     132 |        0 |      0 |    73 |    +0.3% |   -5.038 |     -162.9 |    -1050.4 |   2828 | mul_reduced_q\[4\]$_DFFE_PN0P_/D
    1002* |       0 |     132 |        0 |      0 |    73 |    +0.3% |   -5.038 |     -162.9 |    -1050.4 |   2828 | mul_reduced_q\[4\]$_DFFE_PN0P_/D
    1003* |       0 |     132 |        0 |      0 |    73 |    +0.3% |   -5.038 |     -162.9 |    -1050.4 |   2828 | mul_reduced_q\[4\]$_DFFE_PN0P_/D
    1004* |       0 |     132 |        0 |      0 |    73 |    +0.3% |   -5.038 |     -162.9 |    -1050.4 |   2828 | mul_reduced_q\[4\]$_DFFE_PN0P_/D
    1005* |       0 |     132 |        0 |      0 |    73 |    +0.3% |   -5.038 |     -162.9 |    -1050.4 |   2828 | mul_reduced_q\[4\]$_DFFE_PN0P_/D
    1006* |       0 |     132 |        0 |      0 |    73 |    +0.3% |   -5.038 |     -162.9 |    -1050.4 |   2828 | mul_reduced_q\[4\]$_DFFE_PN0P_/D
    1007* |       0 |     132 |        0 |      0 |    73 |    +0.3% |   -5.038 |     -162.9 |    -1050.4 |   2828 | mul_reduced_q\[4\]$_DFFE_PN0P_/D
    1008* |       0 |     132 |        0 |      0 |    73 |    +0.3% |   -5.038 |     -162.9 |    -1050.4 |   2828 | mul_reduced_q\[4\]$_DFFE_PN0P_/D
    1009* |       0 |     132 |        0 |      0 |    73 |    +0.3% |   -5.038 |     -162.9 |    -1050.4 |   2828 | mul_reduced_q\[4\]$_DFFE_PN0P_/D
    1010* |       0 |     132 |        0 |      0 |    73 |    +0.3% |   -5.038 |     -162.9 |    -1050.4 |   2828 | mul_reduced_q\[4\]$_DFFE_PN0P_/D
    1010* |       0 |     132 |        0 |      0 |    73 |    +0.3% |   -5.038 |     -162.9 |    -1050.4 |   2828 | mul_reduced_q\[4\]$_DFFE_PN0P_/D
    1011* |       0 |     132 |        0 |      0 |    73 |    +0.3% |   -5.038 |     -162.9 |    -1050.4 |   2828 | mul_reduced_q\[4\]$_DFFE_PN0P_/D
    1012* |       0 |     132 |        0 |      0 |    73 |    +0.3% |   -5.038 |     -162.9 |    -1050.4 |   2828 | mul_reduced_q\[4\]$_DFFE_PN0P_/D
    1013* |       0 |     132 |        0 |      0 |    73 |    +0.3% |   -5.038 |     -162.9 |    -1050.4 |   2828 | mul_reduced_q\[4\]$_DFFE_PN0P_/D
    1014* |       0 |     132 |        0 |      0 |    73 |    +0.3% |   -5.038 |     -162.9 |    -1050.4 |   2828 | mul_reduced_q\[4\]$_DFFE_PN0P_/D
    1015* |       0 |     132 |        0 |      0 |    73 |    +0.3% |   -5.038 |     -162.9 |    -1050.4 |   2828 | mul_reduced_q\[4\]$_DFFE_PN0P_/D
    1016* |       0 |     132 |        0 |      0 |    73 |    +0.3% |   -5.038 |     -162.9 |    -1050.4 |   2828 | mul_reduced_q\[4\]$_DFFE_PN0P_/D
    1017* |       0 |     132 |        0 |      0 |    73 |    +0.3% |   -5.038 |     -162.9 |    -1050.4 |   2828 | mul_reduced_q\[4\]$_DFFE_PN0P_/D
    1018* |       0 |     132 |        0 |      0 |    73 |    +0.3% |   -5.038 |     -162.9 |    -1050.4 |   2828 | mul_reduced_q\[4\]$_DFFE_PN0P_/D
    1019* |       0 |     132 |        0 |      0 |    73 |    +0.3% |   -5.038 |     -162.9 |    -1050.4 |   2828 | mul_reduced_q\[4\]$_DFFE_PN0P_/D
    1020* |       0 |     132 |        0 |      0 |    73 |    +0.3% |   -5.038 |     -162.9 |    -1050.4 |   2828 | mul_reduced_q\[4\]$_DFFE_PN0P_/D
    1020* |       0 |     132 |        0 |      0 |    73 |    +0.3% |   -5.038 |     -162.9 |    -1050.4 |   2828 | mul_reduced_q\[4\]$_DFFE_PN0P_/D
    1021* |       0 |     132 |        0 |      0 |    73 |    +0.3% |   -5.038 |     -162.9 |    -1050.4 |   2828 | mul_reduced_q\[4\]$_DFFE_PN0P_/D
    1022* |       0 |     132 |        0 |      0 |    73 |    +0.3% |   -5.038 |     -162.9 |    -1050.4 |   2828 | mul_reduced_q\[4\]$_DFFE_PN0P_/D
    1023* |       0 |     132 |        0 |      0 |    73 |    +0.3% |   -5.038 |     -162.9 |    -1050.4 |   2828 | mul_reduced_q\[4\]$_DFFE_PN0P_/D
    1024* |       0 |     132 |        0 |      0 |    73 |    +0.3% |   -5.038 |     -162.9 |    -1050.4 |   2828 | mul_reduced_q\[4\]$_DFFE_PN0P_/D
    1025* |       0 |     132 |        0 |      0 |    73 |    +0.3% |   -5.038 |     -162.9 |    -1050.4 |   2828 | mul_reduced_q\[4\]$_DFFE_PN0P_/D
    1026* |       0 |     132 |        0 |      0 |    73 |    +0.3% |   -5.038 |     -162.9 |    -1050.4 |   2828 | mul_reduced_q\[4\]$_DFFE_PN0P_/D
    1027* |       0 |     132 |        0 |      0 |    73 |    +0.3% |   -5.038 |     -162.9 |    -1050.4 |   2828 | mul_reduced_q\[4\]$_DFFE_PN0P_/D
    1028* |       0 |     132 |        0 |      0 |    73 |    +0.3% |   -5.038 |     -162.9 |    -1050.4 |   2828 | mul_reduced_q\[4\]$_DFFE_PN0P_/D
    1029* |       0 |     132 |        0 |      0 |    73 |    +0.3% |   -5.038 |     -162.9 |    -1050.4 |   2828 | mul_reduced_q\[4\]$_DFFE_PN0P_/D
    1030* |       0 |     132 |        0 |      0 |    73 |    +0.3% |   -5.038 |     -162.9 |    -1050.4 |   2828 | mul_reduced_q\[4\]$_DFFE_PN0P_/D
    1030* |       0 |     132 |        0 |      0 |    73 |    +0.3% |   -5.038 |     -162.9 |    -1050.4 |   2828 | mul_reduced_q\[4\]$_DFFE_PN0P_/D
    1031* |       0 |     132 |        0 |      0 |    73 |    +0.3% |   -5.038 |     -162.9 |    -1050.4 |   2828 | mul_reduced_q\[4\]$_DFFE_PN0P_/D
    1032* |       0 |     132 |        0 |      0 |    73 |    +0.3% |   -5.038 |     -162.9 |    -1050.4 |   2828 | mul_reduced_q\[4\]$_DFFE_PN0P_/D
    1033* |       0 |     132 |        0 |      0 |    73 |    +0.3% |   -5.038 |     -162.9 |    -1050.4 |   2828 | mul_reduced_q\[4\]$_DFFE_PN0P_/D
    1034* |       0 |     132 |        0 |      0 |    73 |    +0.3% |   -5.038 |     -162.9 |    -1050.4 |   2828 | mul_reduced_q\[4\]$_DFFE_PN0P_/D
    1035* |       0 |     132 |        0 |      0 |    73 |    +0.3% |   -5.038 |     -162.9 |    -1050.4 |   2828 | mul_reduced_q\[4\]$_DFFE_PN0P_/D
    1036* |       0 |     132 |        0 |      0 |    73 |    +0.3% |   -5.038 |     -162.9 |    -1050.4 |   2828 | mul_reduced_q\[4\]$_DFFE_PN0P_/D
    1037* |       0 |     132 |        0 |      0 |    73 |    +0.3% |   -5.038 |     -162.9 |    -1050.4 |   2828 | mul_reduced_q\[4\]$_DFFE_PN0P_/D
    1038* |       0 |     132 |        0 |      0 |    73 |    +0.3% |   -5.038 |     -162.9 |    -1050.4 |   2828 | mul_reduced_q\[4\]$_DFFE_PN0P_/D
    1039* |       0 |     132 |        0 |      0 |    73 |    +0.3% |   -5.038 |     -162.9 |    -1050.4 |   2828 | mul_reduced_q\[4\]$_DFFE_PN0P_/D
    1040* |       0 |     132 |        0 |      0 |    73 |    +0.3% |   -5.038 |     -162.9 |    -1050.4 |   2828 | mul_reduced_q\[4\]$_DFFE_PN0P_/D
    1040* |       0 |     132 |        0 |      0 |    73 |    +0.3% |   -5.038 |     -162.9 |    -1050.4 |   2828 | mul_reduced_q\[4\]$_DFFE_PN0P_/D
    1041* |       0 |     132 |        0 |      0 |    73 |    +0.3% |   -5.038 |     -162.9 |    -1050.4 |   2828 | mul_reduced_q\[4\]$_DFFE_PN0P_/D
    1042* |       0 |     132 |        0 |      0 |    73 |    +0.3% |   -5.038 |     -162.9 |    -1050.4 |   2828 | mul_reduced_q\[4\]$_DFFE_PN0P_/D
    1043* |       0 |     132 |        0 |      0 |    73 |    +0.3% |   -5.038 |     -162.9 |    -1050.4 |   2828 | mul_reduced_q\[4\]$_DFFE_PN0P_/D
    1044* |       0 |     132 |        0 |      0 |    73 |    +0.3% |   -5.038 |     -162.9 |    -1050.4 |   2828 | mul_reduced_q\[4\]$_DFFE_PN0P_/D
    1045* |       0 |     132 |        0 |      0 |    73 |    +0.3% |   -5.038 |     -162.9 |    -1050.4 |   2828 | mul_reduced_q\[4\]$_DFFE_PN0P_/D
    1046* |       0 |     132 |        0 |      0 |    73 |    +0.3% |   -5.038 |     -162.9 |    -1050.4 |   2828 | mul_reduced_q\[4\]$_DFFE_PN0P_/D
    1047* |       0 |     132 |        0 |      0 |    73 |    +0.3% |   -5.038 |     -162.9 |    -1050.4 |   2828 | mul_reduced_q\[4\]$_DFFE_PN0P_/D
    1048* |       0 |     132 |        0 |      0 |    73 |    +0.3% |   -5.038 |     -162.9 |    -1050.4 |   2828 | mul_reduced_q\[4\]$_DFFE_PN0P_/D
    1049* |       0 |     132 |        0 |      0 |    73 |    +0.3% |   -5.038 |     -162.9 |    -1050.4 |   2828 | mul_reduced_q\[4\]$_DFFE_PN0P_/D
    1050* |       0 |     132 |        0 |      0 |    73 |    +0.3% |   -5.038 |     -162.9 |    -1050.4 |   2828 | mul_reduced_q\[4\]$_DFFE_PN0P_/D
    1050* |       0 |     132 |        0 |      0 |    73 |    +0.3% |   -5.038 |     -162.9 |    -1050.4 |   2828 | mul_reduced_q\[4\]$_DFFE_PN0P_/D
    1051* |       0 |     132 |        0 |      0 |    73 |    +0.3% |   -5.038 |     -162.9 |    -1050.4 |   2828 | mul_reduced_q\[4\]$_DFFE_PN0P_/D
    1052* |       0 |     132 |        0 |      0 |    73 |    +0.3% |   -5.038 |     -162.9 |    -1050.4 |   2828 | mul_reduced_q\[4\]$_DFFE_PN0P_/D
    1053* |       0 |     132 |        0 |      0 |    73 |    +0.3% |   -5.038 |     -162.9 |    -1050.4 |   2828 | mul_reduced_q\[4\]$_DFFE_PN0P_/D
    1054* |       0 |     132 |        0 |      0 |    73 |    +0.3% |   -5.038 |     -162.9 |    -1050.4 |   2828 | mul_reduced_q\[4\]$_DFFE_PN0P_/D
    1055* |       0 |     132 |        0 |      0 |    73 |    +0.3% |   -5.038 |     -162.9 |    -1050.4 |   2828 | mul_reduced_q\[4\]$_DFFE_PN0P_/D
    1056* |       0 |     132 |        0 |      0 |    73 |    +0.3% |   -5.038 |     -162.9 |    -1050.4 |   2828 | mul_reduced_q\[4\]$_DFFE_PN0P_/D
    1057* |       0 |     132 |        0 |      0 |    73 |    +0.3% |   -5.038 |     -162.9 |    -1050.4 |   2828 | mul_reduced_q\[4\]$_DFFE_PN0P_/D
    1058* |       0 |     132 |        0 |      0 |    73 |    +0.3% |   -5.038 |     -162.9 |    -1050.4 |   2828 | mul_reduced_q\[4\]$_DFFE_PN0P_/D
    1059* |       0 |     132 |        0 |      0 |    73 |    +0.3% |   -5.038 |     -162.9 |    -1050.4 |   2828 | mul_reduced_q\[4\]$_DFFE_PN0P_/D
    1060* |       0 |     132 |        0 |      0 |    73 |    +0.3% |   -5.038 |     -162.9 |    -1050.4 |   2828 | mul_reduced_q\[4\]$_DFFE_PN0P_/D
    1060* |       0 |     132 |        0 |      0 |    73 |    +0.3% |   -5.038 |     -162.9 |    -1050.4 |   2828 | mul_reduced_q\[4\]$_DFFE_PN0P_/D
    1061* |       0 |     132 |        0 |      0 |    73 |    +0.3% |   -5.038 |     -162.9 |    -1050.4 |   2828 | mul_reduced_q\[4\]$_DFFE_PN0P_/D
    1062* |       0 |     132 |        0 |      0 |    73 |    +0.3% |   -5.038 |     -162.9 |    -1050.4 |   2828 | mul_reduced_q\[4\]$_DFFE_PN0P_/D
    1063* |       0 |     132 |        0 |      0 |    73 |    +0.3% |   -5.038 |     -162.9 |    -1050.4 |   2828 | mul_reduced_q\[4\]$_DFFE_PN0P_/D
    1064* |       0 |     132 |        0 |      0 |    73 |    +0.3% |   -5.038 |     -162.9 |    -1050.4 |   2828 | mul_reduced_q\[4\]$_DFFE_PN0P_/D
    1065* |       0 |     132 |        0 |      0 |    73 |    +0.3% |   -5.038 |     -162.9 |    -1050.4 |   2828 | mul_reduced_q\[4\]$_DFFE_PN0P_/D
    1066* |       0 |     132 |        0 |      0 |    73 |    +0.3% |   -5.038 |     -162.9 |    -1050.4 |   2828 | mul_reduced_q\[4\]$_DFFE_PN0P_/D
    1067* |       0 |     132 |        0 |      0 |    73 |    +0.3% |   -5.038 |     -162.9 |    -1050.4 |   2828 | mul_reduced_q\[4\]$_DFFE_PN0P_/D
    1068* |       0 |     132 |        0 |      0 |    73 |    +0.3% |   -5.038 |     -162.9 |    -1050.4 |   2828 | mul_reduced_q\[4\]$_DFFE_PN0P_/D
    1069* |       0 |     132 |        0 |      0 |    73 |    +0.3% |   -5.038 |     -162.9 |    -1050.4 |   2828 | mul_reduced_q\[4\]$_DFFE_PN0P_/D
    1070* |       0 |     132 |        0 |      0 |    73 |    +0.3% |   -5.038 |     -162.9 |    -1050.4 |   2828 | mul_reduced_q\[4\]$_DFFE_PN0P_/D
    1070* |       0 |     132 |        0 |      0 |    73 |    +0.3% |   -5.038 |     -162.9 |    -1050.4 |   2828 | mul_reduced_q\[4\]$_DFFE_PN0P_/D
    1071* |       0 |     132 |        0 |      0 |    73 |    +0.3% |   -5.038 |     -162.9 |    -1050.4 |   2828 | mul_reduced_q\[4\]$_DFFE_PN0P_/D
    1072* |       0 |     132 |        0 |      0 |    73 |    +0.3% |   -5.038 |     -162.9 |    -1050.4 |   2828 | mul_reduced_q\[4\]$_DFFE_PN0P_/D
    1073* |       0 |     132 |        0 |      0 |    73 |    +0.3% |   -5.038 |     -162.9 |    -1050.4 |   2828 | mul_reduced_q\[4\]$_DFFE_PN0P_/D
    1074* |       0 |     132 |        0 |      0 |    73 |    +0.3% |   -5.038 |     -162.9 |    -1050.4 |   2828 | mul_reduced_q\[4\]$_DFFE_PN0P_/D
    1075* |       0 |     132 |        0 |      0 |    73 |    +0.3% |   -5.038 |     -162.9 |    -1050.4 |   2828 | mul_reduced_q\[4\]$_DFFE_PN0P_/D
    1076* |       0 |     132 |        0 |      0 |    73 |    +0.3% |   -5.038 |     -162.9 |    -1050.4 |   2828 | mul_reduced_q\[4\]$_DFFE_PN0P_/D
    1077* |       0 |     132 |        0 |      0 |    73 |    +0.3% |   -5.038 |     -162.9 |    -1050.4 |   2828 | mul_reduced_q\[4\]$_DFFE_PN0P_/D
    1078* |       0 |     132 |        0 |      0 |    73 |    +0.3% |   -5.038 |     -162.9 |    -1050.4 |   2828 | mul_reduced_q\[4\]$_DFFE_PN0P_/D
    1079* |       0 |     132 |        0 |      0 |    73 |    +0.3% |   -5.038 |     -162.9 |    -1050.4 |   2828 | mul_reduced_q\[4\]$_DFFE_PN0P_/D
    1080* |       0 |     132 |        0 |      0 |    73 |    +0.3% |   -5.038 |     -162.9 |    -1050.4 |   2828 | mul_reduced_q\[4\]$_DFFE_PN0P_/D
    1080* |       0 |     132 |        0 |      0 |    73 |    +0.3% |   -5.038 |     -162.9 |    -1050.4 |   2828 | mul_reduced_q\[4\]$_DFFE_PN0P_/D
    1081* |       0 |     132 |        0 |      0 |    73 |    +0.3% |   -5.038 |     -162.9 |    -1050.4 |   2828 | mul_reduced_q\[4\]$_DFFE_PN0P_/D
    1082* |       0 |     132 |        0 |      0 |    73 |    +0.3% |   -5.038 |     -162.9 |    -1050.4 |   2828 | mul_reduced_q\[4\]$_DFFE_PN0P_/D
    1083* |       0 |     132 |        0 |      0 |    73 |    +0.3% |   -5.038 |     -162.9 |    -1050.4 |   2828 | mul_reduced_q\[4\]$_DFFE_PN0P_/D
    1084* |       0 |     132 |        0 |      0 |    73 |    +0.3% |   -5.038 |     -162.9 |    -1050.4 |   2828 | mul_reduced_q\[4\]$_DFFE_PN0P_/D
    1085* |       0 |     132 |        0 |      0 |    73 |    +0.3% |   -5.038 |     -162.9 |    -1050.4 |   2828 | mul_reduced_q\[4\]$_DFFE_PN0P_/D
    1086* |       0 |     132 |        0 |      0 |    73 |    +0.3% |   -5.038 |     -162.9 |    -1050.4 |   2828 | mul_reduced_q\[4\]$_DFFE_PN0P_/D
    1087* |       0 |     132 |        0 |      0 |    73 |    +0.3% |   -5.038 |     -162.9 |    -1050.4 |   2828 | mul_reduced_q\[4\]$_DFFE_PN0P_/D
    1088* |       0 |     132 |        0 |      0 |    73 |    +0.3% |   -5.038 |     -162.9 |    -1050.4 |   2828 | mul_reduced_q\[4\]$_DFFE_PN0P_/D
    1089* |       0 |     132 |        0 |      0 |    73 |    +0.3% |   -5.038 |     -162.9 |    -1050.4 |   2828 | mul_reduced_q\[4\]$_DFFE_PN0P_/D
    1090* |       0 |     132 |        0 |      0 |    73 |    +0.3% |   -5.038 |     -162.9 |    -1050.4 |   2828 | mul_reduced_q\[4\]$_DFFE_PN0P_/D
    1090* |       0 |     132 |        0 |      0 |    73 |    +0.3% |   -5.038 |     -162.9 |    -1050.4 |   2828 | mul_reduced_q\[4\]$_DFFE_PN0P_/D
    1091* |       0 |     132 |        0 |      0 |    73 |    +0.3% |   -5.038 |     -162.9 |    -1050.4 |   2828 | mul_reduced_q\[4\]$_DFFE_PN0P_/D
    1092* |       0 |     132 |        0 |      0 |    73 |    +0.3% |   -5.038 |     -162.9 |    -1050.4 |   2828 | mul_reduced_q\[4\]$_DFFE_PN0P_/D
    1093* |       0 |     132 |        0 |      0 |    73 |    +0.3% |   -5.038 |     -162.9 |    -1050.4 |   2828 | mul_reduced_q\[4\]$_DFFE_PN0P_/D
    1094* |       0 |     132 |        0 |      0 |    73 |    +0.3% |   -5.038 |     -162.9 |    -1050.4 |   2828 | mul_reduced_q\[4\]$_DFFE_PN0P_/D
    1095* |       0 |     132 |        0 |      0 |    73 |    +0.3% |   -5.038 |     -162.9 |    -1050.4 |   2828 | mul_reduced_q\[4\]$_DFFE_PN0P_/D
    1096* |       0 |     132 |        0 |      0 |    73 |    +0.3% |   -5.038 |     -162.9 |    -1050.4 |   2828 | mul_reduced_q\[4\]$_DFFE_PN0P_/D
    1097* |       0 |     132 |        0 |      0 |    73 |    +0.3% |   -5.038 |     -162.9 |    -1050.4 |   2828 | mul_reduced_q\[4\]$_DFFE_PN0P_/D
    1098* |       0 |     132 |        0 |      0 |    73 |    +0.3% |   -5.038 |     -162.9 |    -1050.4 |   2828 | mul_reduced_q\[4\]$_DFFE_PN0P_/D
    1099* |       0 |     132 |        0 |      0 |    73 |    +0.3% |   -5.038 |     -162.9 |    -1050.4 |   2828 | mul_reduced_q\[4\]$_DFFE_PN0P_/D
    1100* |       0 |     132 |        0 |      0 |    73 |    +0.3% |   -5.038 |     -162.9 |    -1050.4 |   2828 | mul_reduced_q\[4\]$_DFFE_PN0P_/D
    1100* |       0 |     132 |        0 |      0 |    73 |    +0.3% |   -5.038 |     -162.9 |    -1050.4 |   2828 | mul_reduced_q\[4\]$_DFFE_PN0P_/D
    1101* |       0 |     132 |        0 |      0 |    73 |    +0.3% |   -5.038 |     -162.9 |    -1050.4 |   2828 | mul_reduced_q\[4\]$_DFFE_PN0P_/D
    1102* |       0 |     132 |        0 |      0 |    73 |    +0.3% |   -5.038 |     -162.9 |    -1050.4 |   2828 | mul_reduced_q\[4\]$_DFFE_PN0P_/D
    1103* |       0 |     132 |        0 |      0 |    73 |    +0.3% |   -5.038 |     -162.9 |    -1050.4 |   2828 | mul_reduced_q\[4\]$_DFFE_PN0P_/D
    1104* |       0 |     132 |        0 |      0 |    73 |    +0.3% |   -5.038 |     -162.9 |    -1050.4 |   2828 | mul_reduced_q\[4\]$_DFFE_PN0P_/D
    1105* |       0 |     132 |        0 |      0 |    73 |    +0.3% |   -5.038 |     -162.9 |    -1050.4 |   2828 | mul_reduced_q\[4\]$_DFFE_PN0P_/D
    1106* |       0 |     132 |        0 |      0 |    73 |    +0.3% |   -5.038 |     -162.9 |    -1050.4 |   2828 | mul_reduced_q\[4\]$_DFFE_PN0P_/D
    1107* |       0 |     132 |        0 |      0 |    73 |    +0.3% |   -5.038 |     -162.9 |    -1050.4 |   2828 | mul_reduced_q\[4\]$_DFFE_PN0P_/D
    1108* |       0 |     132 |        0 |      0 |    73 |    +0.3% |   -5.038 |     -162.9 |    -1050.4 |   2828 | mul_reduced_q\[4\]$_DFFE_PN0P_/D
    1109* |       0 |     132 |        0 |      0 |    73 |    +0.3% |   -5.038 |     -162.9 |    -1050.4 |   2828 | mul_reduced_q\[4\]$_DFFE_PN0P_/D
    1110* |       0 |     132 |        0 |      0 |    73 |    +0.3% |   -5.038 |     -162.9 |    -1050.4 |   2828 | mul_reduced_q\[4\]$_DFFE_PN0P_/D
    1110* |       0 |     132 |        0 |      0 |    73 |    +0.3% |   -5.038 |     -162.9 |    -1050.4 |   2828 | mul_reduced_q\[4\]$_DFFE_PN0P_/D
    1111* |       0 |     132 |        0 |      0 |    73 |    +0.3% |   -5.038 |     -162.9 |    -1050.4 |   2828 | mul_reduced_q\[4\]$_DFFE_PN0P_/D
    1112* |       0 |     132 |        0 |      0 |    73 |    +0.3% |   -5.038 |     -162.9 |    -1050.4 |   2828 | mul_reduced_q\[4\]$_DFFE_PN0P_/D
    1113* |       0 |     132 |        0 |      0 |    73 |    +0.3% |   -5.038 |     -162.9 |    -1050.4 |   2828 | mul_reduced_q\[4\]$_DFFE_PN0P_/D
    1114* |       0 |     132 |        0 |      0 |    73 |    +0.3% |   -5.038 |     -162.9 |    -1050.4 |   2828 | mul_reduced_q\[4\]$_DFFE_PN0P_/D
    1115* |       0 |     132 |        0 |      0 |    73 |    +0.3% |   -5.038 |     -162.9 |    -1050.4 |   2828 | mul_reduced_q\[4\]$_DFFE_PN0P_/D
    1116* |       0 |     132 |        0 |      0 |    73 |    +0.3% |   -5.038 |     -162.9 |    -1050.4 |   2828 | mul_reduced_q\[4\]$_DFFE_PN0P_/D
    1117* |       0 |     132 |        0 |      0 |    73 |    +0.3% |   -5.038 |     -162.9 |    -1050.4 |   2828 | mul_reduced_q\[4\]$_DFFE_PN0P_/D
    1118* |       0 |     132 |        0 |      0 |    73 |    +0.3% |   -5.038 |     -162.9 |    -1050.4 |   2828 | mul_reduced_q\[4\]$_DFFE_PN0P_/D
    1119* |       0 |     132 |        0 |      0 |    73 |    +0.3% |   -5.038 |     -162.9 |    -1050.4 |   2828 | mul_reduced_q\[4\]$_DFFE_PN0P_/D
    1120* |       0 |     132 |        0 |      0 |    73 |    +0.3% |   -5.038 |     -162.9 |    -1050.4 |   2828 | mul_reduced_q\[4\]$_DFFE_PN0P_/D
    1120* |       0 |     132 |        0 |      0 |    73 |    +0.3% |   -5.038 |     -162.9 |    -1050.4 |   2828 | mul_reduced_q\[4\]$_DFFE_PN0P_/D
    1121* |       0 |     132 |        0 |      0 |    73 |    +0.3% |   -5.038 |     -162.9 |    -1050.4 |   2828 | mul_reduced_q\[4\]$_DFFE_PN0P_/D
    1122* |       0 |     132 |        0 |      0 |    73 |    +0.3% |   -5.038 |     -162.9 |    -1050.4 |   2828 | mul_reduced_q\[4\]$_DFFE_PN0P_/D
    1123* |       0 |     132 |        0 |      0 |    73 |    +0.3% |   -5.038 |     -162.9 |    -1050.4 |   2828 | mul_reduced_q\[4\]$_DFFE_PN0P_/D
    1124* |       0 |     132 |        0 |      0 |    73 |    +0.3% |   -5.038 |     -162.9 |    -1050.4 |   2828 | mul_reduced_q\[4\]$_DFFE_PN0P_/D
    1125* |       0 |     132 |        0 |      0 |    73 |    +0.3% |   -5.038 |     -162.9 |    -1050.4 |   2828 | mul_reduced_q\[4\]$_DFFE_PN0P_/D
    1126* |       0 |     132 |        0 |      0 |    73 |    +0.3% |   -5.038 |     -162.9 |    -1050.4 |   2828 | mul_reduced_q\[4\]$_DFFE_PN0P_/D
    1127* |       0 |     132 |        0 |      0 |    73 |    +0.3% |   -5.038 |     -162.9 |    -1050.4 |   2828 | mul_reduced_q\[4\]$_DFFE_PN0P_/D
    1128* |       0 |     132 |        0 |      0 |    73 |    +0.3% |   -5.038 |     -162.9 |    -1050.4 |   2828 | mul_reduced_q\[4\]$_DFFE_PN0P_/D
    1129* |       0 |     132 |        0 |      0 |    73 |    +0.3% |   -5.038 |     -162.9 |    -1050.4 |   2828 | mul_reduced_q\[4\]$_DFFE_PN0P_/D
    1130* |       0 |     132 |        0 |      0 |    73 |    +0.3% |   -5.038 |     -162.9 |    -1050.4 |   2828 | mul_reduced_q\[4\]$_DFFE_PN0P_/D
    1130* |       0 |     132 |        0 |      0 |    73 |    +0.3% |   -5.038 |     -162.9 |    -1050.4 |   2828 | mul_reduced_q\[4\]$_DFFE_PN0P_/D
    1131* |       0 |     132 |        0 |      0 |    73 |    +0.3% |   -5.038 |     -162.9 |    -1050.4 |   2828 | mul_reduced_q\[4\]$_DFFE_PN0P_/D
    1132* |       0 |     132 |        0 |      0 |    73 |    +0.3% |   -5.038 |     -162.9 |    -1050.4 |   2828 | mul_reduced_q\[4\]$_DFFE_PN0P_/D
    1133* |       0 |     132 |        0 |      0 |    73 |    +0.3% |   -5.038 |     -162.9 |    -1050.4 |   2828 | mul_reduced_q\[4\]$_DFFE_PN0P_/D
    1134* |       0 |     132 |        0 |      0 |    73 |    +0.3% |   -5.038 |     -162.9 |    -1050.4 |   2828 | mul_reduced_q\[4\]$_DFFE_PN0P_/D
    1135* |       0 |     132 |        0 |      0 |    73 |    +0.3% |   -5.038 |     -162.9 |    -1050.4 |   2828 | mul_reduced_q\[4\]$_DFFE_PN0P_/D
    1136* |       0 |     132 |        0 |      0 |    73 |    +0.3% |   -5.038 |     -162.9 |    -1050.4 |   2828 | mul_reduced_q\[4\]$_DFFE_PN0P_/D
    1137* |       0 |     132 |        0 |      0 |    73 |    +0.3% |   -5.038 |     -162.9 |    -1050.4 |   2828 | mul_reduced_q\[4\]$_DFFE_PN0P_/D
    1138* |       0 |     132 |        0 |      0 |    73 |    +0.3% |   -5.038 |     -162.9 |    -1050.4 |   2828 | mul_reduced_q\[4\]$_DFFE_PN0P_/D
    1139* |       0 |     132 |        0 |      0 |    73 |    +0.3% |   -5.038 |     -162.9 |    -1050.4 |   2828 | mul_reduced_q\[4\]$_DFFE_PN0P_/D
    1140* |       0 |     132 |        0 |      0 |    73 |    +0.3% |   -5.038 |     -162.9 |    -1050.4 |   2828 | mul_reduced_q\[4\]$_DFFE_PN0P_/D
    1140* |       0 |     132 |        0 |      0 |    73 |    +0.3% |   -5.038 |     -162.9 |    -1050.4 |   2828 | mul_reduced_q\[4\]$_DFFE_PN0P_/D
    1141* |       0 |     132 |        0 |      0 |    73 |    +0.3% |   -5.038 |     -162.9 |    -1050.4 |   2828 | mul_reduced_q\[4\]$_DFFE_PN0P_/D
    1142* |       0 |     132 |        0 |      0 |    73 |    +0.3% |   -5.038 |     -162.9 |    -1050.4 |   2828 | mul_reduced_q\[4\]$_DFFE_PN0P_/D
    1143* |       0 |     132 |        0 |      0 |    73 |    +0.3% |   -5.038 |     -162.9 |    -1050.4 |   2828 | mul_reduced_q\[4\]$_DFFE_PN0P_/D
    1144* |       0 |     132 |        0 |      0 |    73 |    +0.3% |   -5.038 |     -162.9 |    -1050.4 |   2828 | mul_reduced_q\[4\]$_DFFE_PN0P_/D
    1145* |       0 |     132 |        0 |      0 |    73 |    +0.3% |   -5.038 |     -162.9 |    -1050.4 |   2828 | mul_reduced_q\[4\]$_DFFE_PN0P_/D
    1146* |       0 |     132 |        0 |      0 |    73 |    +0.3% |   -5.038 |     -162.9 |    -1050.4 |   2828 | mul_reduced_q\[4\]$_DFFE_PN0P_/D
    1147* |       0 |     132 |        0 |      0 |    73 |    +0.3% |   -5.038 |     -162.9 |    -1050.4 |   2828 | mul_reduced_q\[4\]$_DFFE_PN0P_/D
    1148* |       0 |     132 |        0 |      0 |    73 |    +0.3% |   -5.038 |     -162.9 |    -1050.4 |   2828 | mul_reduced_q\[4\]$_DFFE_PN0P_/D
    1149* |       0 |     132 |        0 |      0 |    73 |    +0.3% |   -5.038 |     -162.9 |    -1050.4 |   2828 | mul_reduced_q\[4\]$_DFFE_PN0P_/D
    1150* |       0 |     132 |        0 |      0 |    73 |    +0.3% |   -5.038 |     -162.9 |    -1050.4 |   2828 | mul_reduced_q\[4\]$_DFFE_PN0P_/D
    1150* |       0 |     132 |        0 |      0 |    73 |    +0.3% |   -5.038 |     -162.9 |    -1050.4 |   2828 | mul_reduced_q\[4\]$_DFFE_PN0P_/D
    1151* |       0 |     132 |        0 |      0 |    73 |    +0.3% |   -5.038 |     -162.9 |    -1050.4 |   2828 | mul_reduced_q\[4\]$_DFFE_PN0P_/D
    1152* |       0 |     132 |        0 |      0 |    73 |    +0.3% |   -5.038 |     -162.9 |    -1050.4 |   2828 | mul_reduced_q\[4\]$_DFFE_PN0P_/D
    1153* |       0 |     132 |        0 |      0 |    73 |    +0.3% |   -5.038 |     -162.9 |    -1050.4 |   2828 | mul_reduced_q\[4\]$_DFFE_PN0P_/D
    1154* |       0 |     132 |        0 |      0 |    73 |    +0.3% |   -5.038 |     -162.9 |    -1050.4 |   2828 | mul_reduced_q\[4\]$_DFFE_PN0P_/D
    1155* |       0 |     132 |        0 |      0 |    73 |    +0.3% |   -5.038 |     -162.9 |    -1050.4 |   2828 | mul_reduced_q\[4\]$_DFFE_PN0P_/D
    1156* |       0 |     132 |        0 |      0 |    73 |    +0.3% |   -5.038 |     -162.9 |    -1050.4 |   2828 | mul_reduced_q\[4\]$_DFFE_PN0P_/D
    1157* |       0 |     132 |        0 |      0 |    73 |    +0.3% |   -5.038 |     -162.9 |    -1050.4 |   2828 | mul_reduced_q\[4\]$_DFFE_PN0P_/D
    1158* |       0 |     132 |        0 |      0 |    73 |    +0.3% |   -5.038 |     -162.9 |    -1050.4 |   2828 | mul_reduced_q\[4\]$_DFFE_PN0P_/D
    1159* |       0 |     132 |        0 |      0 |    73 |    +0.3% |   -5.038 |     -162.9 |    -1050.4 |   2828 | mul_reduced_q\[4\]$_DFFE_PN0P_/D
    1160* |       0 |     132 |        0 |      0 |    73 |    +0.3% |   -5.038 |     -162.9 |    -1050.4 |   2828 | mul_reduced_q\[4\]$_DFFE_PN0P_/D
    1160* |       0 |     132 |        0 |      0 |    73 |    +0.3% |   -5.038 |     -162.9 |    -1050.4 |   2828 | mul_reduced_q\[4\]$_DFFE_PN0P_/D
    1161* |       0 |     132 |        0 |      0 |    73 |    +0.3% |   -5.038 |     -162.9 |    -1050.4 |   2828 | mul_reduced_q\[4\]$_DFFE_PN0P_/D
    1162* |       0 |     132 |        0 |      0 |    73 |    +0.3% |   -5.038 |     -162.9 |    -1050.4 |   2828 | mul_reduced_q\[4\]$_DFFE_PN0P_/D
    1163* |       0 |     132 |        0 |      0 |    73 |    +0.3% |   -5.038 |     -162.9 |    -1050.4 |   2828 | mul_reduced_q\[4\]$_DFFE_PN0P_/D
    1164* |       0 |     132 |        0 |      0 |    73 |    +0.3% |   -5.038 |     -162.9 |    -1050.4 |   2828 | mul_reduced_q\[4\]$_DFFE_PN0P_/D
    1165* |       0 |     132 |        0 |      0 |    73 |    +0.3% |   -5.038 |     -162.9 |    -1050.4 |   2828 | mul_reduced_q\[4\]$_DFFE_PN0P_/D
    1166* |       0 |     132 |        0 |      0 |    73 |    +0.3% |   -5.038 |     -162.9 |    -1050.4 |   2828 | mul_reduced_q\[4\]$_DFFE_PN0P_/D
    1167* |       0 |     132 |        0 |      0 |    73 |    +0.3% |   -5.038 |     -162.9 |    -1050.4 |   2828 | mul_reduced_q\[4\]$_DFFE_PN0P_/D
    1168* |       0 |     132 |        0 |      0 |    73 |    +0.3% |   -5.038 |     -162.9 |    -1050.4 |   2828 | mul_reduced_q\[4\]$_DFFE_PN0P_/D
    1169* |       0 |     132 |        0 |      0 |    73 |    +0.3% |   -5.038 |     -162.9 |    -1050.4 |   2828 | mul_reduced_q\[4\]$_DFFE_PN0P_/D
    1170* |       0 |     132 |        0 |      0 |    73 |    +0.3% |   -5.038 |     -162.9 |    -1050.4 |   2828 | mul_reduced_q\[4\]$_DFFE_PN0P_/D
    1170* |       0 |     132 |        0 |      0 |    73 |    +0.3% |   -5.038 |     -162.9 |    -1050.4 |   2828 | mul_reduced_q\[4\]$_DFFE_PN0P_/D
    1171* |       0 |     132 |        0 |      0 |    73 |    +0.3% |   -5.038 |     -162.9 |    -1050.4 |   2828 | mul_reduced_q\[4\]$_DFFE_PN0P_/D
    1172* |       0 |     132 |        0 |      0 |    73 |    +0.3% |   -5.038 |     -162.9 |    -1050.4 |   2828 | mul_reduced_q\[4\]$_DFFE_PN0P_/D
    1173* |       0 |     132 |        0 |      0 |    73 |    +0.3% |   -5.038 |     -162.9 |    -1050.4 |   2828 | mul_reduced_q\[4\]$_DFFE_PN0P_/D
    1174* |       0 |     132 |        0 |      0 |    73 |    +0.3% |   -5.038 |     -162.9 |    -1050.4 |   2828 | mul_reduced_q\[4\]$_DFFE_PN0P_/D
    1175* |       0 |     132 |        0 |      0 |    73 |    +0.3% |   -5.038 |     -162.9 |    -1050.4 |   2828 | mul_reduced_q\[4\]$_DFFE_PN0P_/D
    1176* |       0 |     132 |        0 |      0 |    73 |    +0.3% |   -5.038 |     -162.9 |    -1050.4 |   2828 | mul_reduced_q\[4\]$_DFFE_PN0P_/D
    1177* |       0 |     132 |        0 |      0 |    73 |    +0.3% |   -5.038 |     -162.9 |    -1050.4 |   2828 | mul_reduced_q\[4\]$_DFFE_PN0P_/D
    1178* |       0 |     132 |        0 |      0 |    73 |    +0.3% |   -5.038 |     -162.9 |    -1050.4 |   2828 | mul_reduced_q\[4\]$_DFFE_PN0P_/D
    1179* |       0 |     132 |        0 |      0 |    73 |    +0.3% |   -5.038 |     -162.9 |    -1050.4 |   2828 | mul_reduced_q\[4\]$_DFFE_PN0P_/D
    1180* |       0 |     132 |        0 |      0 |    73 |    +0.3% |   -5.038 |     -162.9 |    -1050.4 |   2828 | mul_reduced_q\[4\]$_DFFE_PN0P_/D
    1180* |       0 |     132 |        0 |      0 |    73 |    +0.3% |   -5.038 |     -162.9 |    -1050.4 |   2828 | mul_reduced_q\[4\]$_DFFE_PN0P_/D
    1181* |       0 |     132 |        0 |      0 |    73 |    +0.3% |   -5.038 |     -162.9 |    -1050.4 |   2828 | mul_reduced_q\[4\]$_DFFE_PN0P_/D
    1182* |       0 |     132 |        0 |      0 |    73 |    +0.3% |   -5.038 |     -162.9 |    -1050.4 |   2828 | mul_reduced_q\[4\]$_DFFE_PN0P_/D
    1183* |       0 |     132 |        0 |      0 |    73 |    +0.3% |   -5.038 |     -162.9 |    -1050.4 |   2828 | mul_reduced_q\[4\]$_DFFE_PN0P_/D
    1184* |       0 |     132 |        0 |      0 |    73 |    +0.3% |   -5.038 |     -162.9 |    -1050.4 |   2828 | mul_reduced_q\[4\]$_DFFE_PN0P_/D
    1185* |       0 |     132 |        0 |      0 |    73 |    +0.3% |   -5.038 |     -162.9 |    -1050.4 |   2828 | mul_reduced_q\[4\]$_DFFE_PN0P_/D
    1186* |       0 |     132 |        0 |      0 |    73 |    +0.3% |   -5.038 |     -162.9 |    -1050.4 |   2828 | mul_reduced_q\[4\]$_DFFE_PN0P_/D
    1187* |       0 |     132 |        0 |      0 |    73 |    +0.3% |   -5.038 |     -162.9 |    -1050.4 |   2828 | mul_reduced_q\[4\]$_DFFE_PN0P_/D
    1188* |       0 |     132 |        0 |      0 |    73 |    +0.3% |   -5.038 |     -162.9 |    -1050.4 |   2828 | mul_reduced_q\[4\]$_DFFE_PN0P_/D
    1189* |       0 |     132 |        0 |      0 |    73 |    +0.3% |   -5.038 |     -162.9 |    -1050.4 |   2828 | mul_reduced_q\[4\]$_DFFE_PN0P_/D
    1190* |       0 |     132 |        0 |      0 |    73 |    +0.3% |   -5.038 |     -162.9 |    -1050.4 |   2828 | mul_reduced_q\[4\]$_DFFE_PN0P_/D
    1190* |       0 |     132 |        0 |      0 |    73 |    +0.3% |   -5.038 |     -162.9 |    -1050.4 |   2828 | mul_reduced_q\[4\]$_DFFE_PN0P_/D
    1191* |       0 |     132 |        0 |      0 |    73 |    +0.3% |   -5.038 |     -162.9 |    -1050.4 |   2828 | mul_reduced_q\[4\]$_DFFE_PN0P_/D
    1192* |       0 |     132 |        0 |      0 |    73 |    +0.3% |   -5.038 |     -162.9 |    -1050.4 |   2828 | mul_reduced_q\[4\]$_DFFE_PN0P_/D
    1193* |       0 |     132 |        0 |      0 |    73 |    +0.3% |   -5.038 |     -162.9 |    -1050.4 |   2828 | mul_reduced_q\[4\]$_DFFE_PN0P_/D
    1194* |       0 |     132 |        0 |      0 |    73 |    +0.3% |   -5.038 |     -162.9 |    -1050.4 |   2828 | mul_reduced_q\[4\]$_DFFE_PN0P_/D
    1195* |       0 |     132 |        0 |      0 |    73 |    +0.3% |   -5.038 |     -162.9 |    -1050.4 |   2828 | mul_reduced_q\[4\]$_DFFE_PN0P_/D
    1196* |       0 |     132 |        0 |      0 |    73 |    +0.3% |   -5.038 |     -162.9 |    -1050.4 |   2828 | mul_reduced_q\[4\]$_DFFE_PN0P_/D
    1197* |       0 |     132 |        0 |      0 |    73 |    +0.3% |   -5.038 |     -162.9 |    -1050.4 |   2828 | mul_reduced_q\[4\]$_DFFE_PN0P_/D
    1198* |       0 |     132 |        0 |      0 |    73 |    +0.3% |   -5.038 |     -162.9 |    -1050.4 |   2828 | mul_reduced_q\[4\]$_DFFE_PN0P_/D
    1199* |       0 |     132 |        0 |      0 |    73 |    +0.3% |   -5.038 |     -162.9 |    -1050.4 |   2828 | mul_reduced_q\[4\]$_DFFE_PN0P_/D
    1200* |       0 |     132 |        0 |      0 |    73 |    +0.3% |   -5.038 |     -162.9 |    -1050.4 |   2828 | mul_reduced_q\[4\]$_DFFE_PN0P_/D
    1200* |       0 |     132 |        0 |      0 |    73 |    +0.3% |   -5.038 |     -162.9 |    -1050.4 |   2828 | mul_reduced_q\[4\]$_DFFE_PN0P_/D
    1200* |       0 |     132 |        0 |      0 |    73 |    +0.3% |   -5.038 |     -162.9 |    -1050.4 |   2828 | mul_reduced_q\[4\]$_DFFE_PN0P_/D
    final |       0 |     132 |        0 |      0 |    73 |    +0.3% |   -5.038 |     -162.9 |    -1050.4 |   1804 | mul_reduced_q\[4\]$_DFFE_PN0P_/D
------------------------------------------------------------------------------------------------------------------------------
[INFO RSZ-0051] Resized 132 instances: 132 up, 0 up match, 0 down, 0 VT
[INFO RSZ-0043] Swapped pins on 73 instances.
[WARNING RSZ-0062] Unable to repair all setup violations.
[INFO RSZ-0505] Runtime: 49.05s
Took 50 seconds: repair_timing -setup_margin 0 -hold_margin 0 -repair_tns 100 -match_cell_footprint -setup -skip_last_gasp -sequence unbuffer,sizeup,swap,vt_swap -verbose
Default units for flow
 time 1ns
 capacitance 1pF
 resistance 1kohm
 voltage 1v
 current 1mA
 power 1nW
 distance 1um
   Layer   | Unit Resistance | Unit Capacitance 
           |       (kohm/um) |          (pF/um)
------------------------------------------------
       li1 |        7.18e-02 |         1.50e-04
      met1 |        1.21e-03 |         1.72e-04
      met2 |        1.22e-03 |         1.36e-04
      met3 |        1.66e-04 |         2.15e-04
      met4 |        1.68e-04 |         1.48e-04
      met5 |        1.84e-05 |         1.54e-04
------------------------------------------------

   Layer   | Via Resistance 
           |         (kohm) 
----------------------------
      mcon |       9.25e-03 
       via |       4.50e-03 
      via2 |       3.37e-03 
      via3 |       3.77e-04 
      via4 |       5.80e-06 
----------------------------
Report metrics stage 2, floorplan final...

==========================================================================
floorplan final report_design_area
--------------------------------------------------------------------------
Design area 186755 um^2 45% utilization.
write_db /root/cac_runs/ntt_sp_15ns/results/sky130hd/cac_ntt_sp_15ns/base/2_1_floorplan.odb
write_sdc -no_timestamp /root/cac_runs/ntt_sp_15ns/results/sky130hd/cac_ntt_sp_15ns/base/2_1_floorplan.sdc
Elapsed time: 0:54.07[h:]min:sec. CPU time: user 27.38 sys 2.44 (55%). Peak memory: 189988KB.
Log                       Ext     Elapsed/s Peak Memory/MB sha1sum result [0:20)
2_1_floorplan             .odb           54            185 e9567f1d6f80ad955d0c
2_1_floorplan             .sdc                             19a95eee5984ac384932
