Using SPARSE 1.3 as Direct Linear Solver

Note: Compatibility modes selected: hs a


Circuit: comparator atlas: nominal published 27-device matched layout experiment

option SCALE: Scale is set to 1e-06 for instance and model parameters
Doing analysis at TEMP = 27.000000 and TNOM = 27.000000


Initial Transient Solution
--------------------------

Node                                   Voltage
----                                   -------
vdd                                        1.8
clk                                          0
vinp                                    0.8985
vinn                                    0.9015
tp0                                          0
tp1                                          0
tp2                                          0
tp3                                          0
tn0                                          0
tn1                                          0
tn2                                          0
tn3                                          0
xdut.vdd.t5                                1.8
xdut.clk.t4                                  0
xdut.qp.t0                                 1.8
xdut.vdd.t4                                1.8
xdut.vss.t17                        5.7027e-12
xdut.clk.t2                                  0
xdut.tail.t7                          0.816529
xdut.vss.t16                       2.33273e-10
xdut.xn.t3                                 1.8
xdut.vinn.t3                            0.9015
xdut.sn0.t0                           0.712352
xdut.vss.t11                         4.201e-10
xdut.tail.t9                          0.816529
xdut.tp1.t0                                  0
xdut.sp1.t1                           0.715632
xdut.vss.t19                       3.91764e-10
xdut.qp.t1                                 1.8
xdut.qn.t3                                 1.8
xdut.vdd.t11                               1.8
xdut.vdd.t10                               1.8
xdut.xn.t0                                 1.8
xdut.vinn.t4                            0.9015
xdut.tail.t6                          0.816529
xdut.vss.t10                       5.03875e-10
xdut.tail.t3                          0.816529
xdut.tp3.t0                                  0
xdut.sp3.t0                           0.756971
xdut.vss.t3                        4.61048e-10
xdut.sp0.t1                           0.709835
xdut.vinp.t1                            0.8985
xdut.xp.t2                                 1.8
xdut.vss.t7                        4.19892e-10
xdut.sp1.t0                           0.715632
xdut.vinp.t2                            0.8985
xdut.xp.t4                                 1.8
xdut.vss.t6                        4.30038e-10
xdut.tail.t4                          0.816529
xdut.vinp.t0                            0.8985
xdut.xp.t0                                 1.8
xdut.vss.t8                        5.04109e-10
xdut.sn2.t1                           0.737757
xdut.tn2.t0                                  0
xdut.tail.t8                          0.816529
xdut.vss.t18                       4.14808e-10
xdut.sp3.t1                           0.756971
xdut.vinp.t4                            0.8985
xdut.xp.t1                                 1.8
xdut.vss.t4                         4.7239e-10
xdut.vdd.t1                                1.8
xdut.qp.t4                                 1.8
xdut.qn.t0                                 1.8
xdut.vdd.t0                                1.8
xdut.xn.t5                                 1.8
xdut.clk.t1                                  0
xdut.vdd.t3                                1.8
xdut.vdd.t2                                1.8
xdut.qp.t2                                 1.8
xdut.qn.t4                                 1.8
xdut.xn.t6                                 1.8
xdut.vss.t21                       6.95858e-10
xdut.sn0.t1                           0.712352
xdut.tn0.t0                                  0
xdut.tail.t10                         0.816529
xdut.vss.t20                       3.86821e-10
xdut.sp2.t0                           0.735278
xdut.vinp.t3                            0.8985
xdut.xp.t3                                 1.8
xdut.vss.t5                        4.47475e-10
xdut.sn3.t0                           0.759459
xdut.tn3.t0                                  0
xdut.tail.t1                          0.816529
xdut.vss.t1                        4.61481e-10
xdut.xn.t2                                 1.8
xdut.vinn.t2                            0.9015
xdut.sn1.t1                           0.718114
xdut.vss.t12                       4.30272e-10
xdut.sn1.t0                           0.718114
xdut.tn1.t0                                  0
xdut.tail.t2                          0.816529
xdut.vss.t2                        3.92096e-10
xdut.xn.t4                                 1.8
xdut.vinn.t0                            0.9015
xdut.sn3.t1                           0.759459
xdut.vss.t14                       4.72668e-10
xdut.vdd.t7                                1.8
xdut.clk.t3                                  0
xdut.xp.t6                                 1.8
xdut.vdd.t6                                1.8
xdut.qn.t2                                 1.8
xdut.clk.t0                                  0
xdut.vdd.t9                                1.8
xdut.vdd.t8                                1.8
xdut.xn.t1                                 1.8
xdut.vinn.t1                            0.9015
xdut.sn2.t0                           0.737757
xdut.vss.t13                       4.47725e-10
xdut.tail.t5                          0.816529
xdut.tp2.t0                                  0
xdut.sp2.t1                           0.735278
xdut.vss.t9                         4.1445e-10
xdut.xp.t5                                 1.8
xdut.qp.t3                                 1.8
xdut.qn.t1                                 1.8
xdut.vss.t15                       6.96086e-10
xdut.tail.t0                          0.816529
xdut.tp0.t0                                  0
xdut.sp0.t0                           0.709835
xdut.vss.t0                        3.86488e-10
xdut.sn1                              0.718114
qn                                         1.8
xdut.sp0                              0.709835
xdut.sp3                              0.756971
xdut.sp2                              0.735278
xdut.tail                             0.816529
xdut.sn2                              0.737757
xdut.sn3                              0.759459
qp                                         1.8
xdut.sp1                              0.715632
xdut.sn0                              0.712352
xdut.xn                                    1.8
xdut.xp                                    1.8
xdut.tn3.n0                                  0
xdut.tn2.n0                                  0
xdut.tn1.n0                                  0
xdut.tn0.n0                                  0
xdut.vinn.n0                            0.9015
xdut.vinn.n1                            0.9015
xdut.vinn.n2                            0.9015
xdut.qn.n0                                 1.8
xdut.qn.n1                                 1.8
xdut.qn.n2                                 1.8
xdut.qp.n1                                 1.8
xdut.qp.n0                                 1.8
xdut.qp.n2                                 1.8
xdut.clk.n0                                  0
xdut.clk.n1                                  0
xdut.clk.n2                                  0
xdut.tp0.n0                                  0
xdut.tp1.n0                                  0
xdut.tp2.n0                                  0
xdut.vinp.n1                            0.8985
xdut.vinp.n0                            0.8985
xdut.vinp.n2                            0.8985
xdut.tp3.n0                                  0
xdut.vdd.n26                               1.8
xdut.vdd.n0                                1.8
xdut.vdd.n1                                1.8
xdut.vdd.n48                               1.8
xdut.vdd.n2                                1.8
xdut.vdd.n3                                1.8
xdut.vdd.n59                               1.8
xdut.vdd.n4                                1.8
xdut.vdd.n37                               1.8
xdut.vdd.n5                                1.8
xdut.vdd.n60                               1.8
xdut.vdd.n61                               1.8
xdut.vdd.n62                               1.8
xdut.vdd.n64                               1.8
xdut.vdd.n63                               1.8
xdut.vdd.n65                               1.8
xdut.vdd.n66                               1.8
xdut.vdd.n67                               1.8
xdut.vdd.n69                               1.8
xdut.vdd.n68                               1.8
xdut.vdd.n49                               1.8
xdut.vdd.n50                               1.8
xdut.vdd.n51                               1.8
xdut.vdd.n53                               1.8
xdut.vdd.n52                               1.8
xdut.vdd.n54                               1.8
xdut.vdd.n55                               1.8
xdut.vdd.n56                               1.8
xdut.vdd.n58                               1.8
xdut.vdd.n57                               1.8
xdut.vdd.n38                               1.8
xdut.vdd.n39                               1.8
xdut.vdd.n40                               1.8
xdut.vdd.n42                               1.8
xdut.vdd.n41                               1.8
xdut.vdd.n43                               1.8
xdut.vdd.n44                               1.8
xdut.vdd.n45                               1.8
xdut.vdd.n47                               1.8
xdut.vdd.n46                               1.8
xdut.vdd.n27                               1.8
xdut.vdd.n28                               1.8
xdut.vdd.n29                               1.8
xdut.vdd.n31                               1.8
xdut.vdd.n30                               1.8
xdut.vdd.n32                               1.8
xdut.vdd.n33                               1.8
xdut.vdd.n34                               1.8
xdut.vdd.n36                               1.8
xdut.vdd.n35                               1.8
xdut.vdd.n16                               1.8
xdut.vdd.n17                               1.8
xdut.vdd.n18                               1.8
xdut.vdd.n20                               1.8
xdut.vdd.n19                               1.8
xdut.vdd.n21                               1.8
xdut.vdd.n22                               1.8
xdut.vdd.n23                               1.8
xdut.vdd.n25                               1.8
xdut.vdd.n24                               1.8
xdut.vdd.n6                                1.8
xdut.vdd.n7                                1.8
xdut.vdd.n8                                1.8
xdut.vdd.n10                               1.8
xdut.vdd.n9                                1.8
xdut.vdd.n11                               1.8
xdut.vdd.n12                               1.8
xdut.vdd.n13                               1.8
xdut.vdd.n15                               1.8
xdut.vdd.n14                               1.8
xdut.vss.n15                       1.11136e-10
xdut.vss.n0                        1.13871e-10
xdut.vss.n5                        1.07329e-10
xdut.vss.n6                        1.01875e-10
xdut.vss.n4                        9.53539e-11
xdut.vss.n7                        8.71992e-11
xdut.vss.n3                        7.79964e-11
xdut.vss.n230                      6.71185e-11
xdut.vss.n8                        3.45246e-11
xdut.vss.n16                       2.13912e-11
xdut.vss.n17                       6.52376e-12
xdut.vss.n2                        3.12873e-12
xdut.vss.n18                       2.11263e-11
xdut.vss.n10                       3.42887e-11
xdut.vss.n231                      6.69692e-11
xdut.vss.n9                        7.78603e-11
xdut.vss.n12                       8.70746e-11
xdut.vss.n11                       9.52392e-11
xdut.vss.n14                       1.01768e-10
xdut.vss.n13                       1.07229e-10
xdut.vss.n19                       1.11041e-10
xdut.vss.n1                        1.13779e-10
xdut.vss.n20                        1.4513e-10
xdut.vss.n21                       3.05824e-10
xdut.vss.n22                       4.51776e-10
xdut.vss.n24                       3.49389e-10
xdut.vss.n23                       3.59878e-10
xdut.vss.n25                       4.16101e-10
xdut.vss.n26                       3.76118e-10
xdut.vss.n228                      3.58255e-10
xdut.vss.n227                      3.68553e-10
xdut.vss.n229                      3.47937e-10
xdut.vss.n27                       3.54952e-10
xdut.vss.n28                       3.03042e-10
xdut.vss.n30                       3.03059e-10
xdut.vss.n29                       3.24593e-10
xdut.vss.n31                       2.81198e-10
xdut.vss.n32                       2.79246e-10
xdut.vss.n33                       1.40171e-10
xdut.vss.n35                       3.01865e-10
xdut.vss.n34                       3.23054e-10
xdut.vss.n36                       2.80321e-10
xdut.vss.n37                       3.16049e-10
xdut.vss.n38                       2.50108e-10
xdut.vss.n40                       2.69557e-10
xdut.vss.n39                        3.0748e-10
xdut.vss.n41                       2.30418e-10
xdut.vss.n42                       2.62409e-10
xdut.vss.n43                        1.3123e-10
xdut.vss.n45                       2.69056e-10
xdut.vss.n44                       3.06703e-10
xdut.vss.n46                       2.30163e-10
xdut.vss.n47                       2.93074e-10
xdut.vss.n48                       2.10561e-10
xdut.vss.n50                       2.52332e-10
xdut.vss.n49                       3.10799e-10
xdut.vss.n51                       1.91103e-10
xdut.vss.n52                       2.51747e-10
xdut.vss.n53                       1.16539e-10
xdut.vss.n55                       2.52145e-10
xdut.vss.n54                       3.10458e-10
xdut.vss.n56                       1.91044e-10
xdut.vss.n57                       3.38688e-10
xdut.vss.n58                       2.63625e-10
xdut.vss.n60                       2.74012e-10
xdut.vss.n59                        3.2729e-10
xdut.vss.n61                       2.15301e-10
xdut.vss.n62                       2.72938e-10
xdut.vss.n63                       1.25385e-10
xdut.vss.n65                       2.79473e-10
xdut.vss.n64                       3.37659e-10
xdut.vss.n66                       2.16787e-10
xdut.vss.n67                       3.55453e-10
xdut.vss.n68                       2.87054e-10
xdut.vss.n70                       2.85927e-10
xdut.vss.n69                       3.28839e-10
xdut.vss.n71                       2.38999e-10
xdut.vss.n72                       2.85791e-10
xdut.vss.n73                       1.41277e-10
xdut.vss.n75                       2.86356e-10
xdut.vss.n74                       3.29594e-10
xdut.vss.n76                       2.39152e-10
xdut.vss.n77                       3.81099e-10
xdut.vss.n78                       3.20455e-10
xdut.vss.n80                       3.04908e-10
xdut.vss.n79                        3.3736e-10
xdut.vss.n81                       2.70134e-10
xdut.vss.n82                       3.00499e-10
xdut.vss.n83                       1.52996e-10
xdut.vss.n85                       3.03244e-10
xdut.vss.n84                       3.34752e-10
xdut.vss.n86                       2.69306e-10
xdut.vss.n87                       4.17812e-10
xdut.vss.n88                       3.67912e-10
xdut.vss.n90                       3.35925e-10
xdut.vss.n89                       3.56548e-10
xdut.vss.n91                       3.14468e-10
xdut.vss.n92                       3.16579e-10
xdut.vss.n93                       1.59504e-10
xdut.vss.n95                       3.30863e-10
xdut.vss.n94                       3.49867e-10
xdut.vss.n96                       3.10889e-10
xdut.vss.n97                         2.087e-10
xdut.vss.n98                        1.8682e-10
xdut.vss.n100                      1.82907e-10
xdut.vss.n99                       1.92732e-10
xdut.vss.n101                      1.73194e-10
xdut.vss.n102                      1.33496e-10
xdut.vss.n103                      2.85584e-11
xdut.vss.n105                      1.82929e-10
xdut.vss.n104                      1.92757e-10
xdut.vss.n106                      1.73213e-10
xdut.vss.n107                      3.93135e-10
xdut.vss.n108                      2.97433e-10
xdut.vss.n110                      2.95215e-10
xdut.vss.n109                       3.3412e-10
xdut.vss.n111                      2.54693e-10
xdut.vss.n112                      2.88012e-10
xdut.vss.n113                      6.84687e-11
xdut.vss.n115                      3.19525e-10
xdut.vss.n114                      3.67969e-10
xdut.vss.n116                      2.70332e-10
xdut.vss.n117                       4.8488e-10
xdut.vss.n118                      3.00831e-10
xdut.vss.n120                      3.81913e-10
xdut.vss.n119                      4.99779e-10
xdut.vss.n121                      2.56013e-10
xdut.vss.n122                      3.95752e-10
xdut.vss.n123                      9.80545e-11
xdut.vss.n125                      3.90426e-10
xdut.vss.n124                       5.1528e-10
xdut.vss.n126                       2.5871e-10
xdut.vss.n127                      3.92898e-10
xdut.vss.n128                      2.97194e-10
xdut.vss.n130                      3.19283e-10
xdut.vss.n129                      3.67729e-10
xdut.vss.n131                      2.70087e-10
xdut.vss.n132                      2.87766e-10
xdut.vss.n133                      6.82083e-11
xdut.vss.n135                      2.94988e-10
xdut.vss.n134                      3.33903e-10
xdut.vss.n136                      2.54459e-10
xdut.vss.n137                       4.8465e-10
xdut.vss.n138                      3.00599e-10
xdut.vss.n140                        3.902e-10
xdut.vss.n139                      5.15058e-10
xdut.vss.n141                      2.58479e-10
xdut.vss.n142                      3.95521e-10
xdut.vss.n143                      9.78196e-11
xdut.vss.n145                      3.81681e-10
xdut.vss.n144                      4.99548e-10
xdut.vss.n146                       2.5578e-10
xdut.vss.n219                      3.37552e-10
xdut.vss.n147                      4.15739e-10
xdut.vss.n148                      3.75818e-10
xdut.vss.n150                      3.57991e-10
xdut.vss.n149                      3.68274e-10
xdut.vss.n151                      3.47687e-10
xdut.vss.n152                      4.51358e-10
xdut.vss.n154                      1.45175e-10
xdut.vss.n153                      3.05626e-10
xdut.vss.n156                      3.49127e-10
xdut.vss.n155                      3.59599e-10
xdut.vss.n157                      3.54688e-10
xdut.vss.n158                      3.02859e-10
xdut.vss.n160                      3.01686e-10
xdut.vss.n159                      3.22846e-10
xdut.vss.n161                      2.80173e-10
xdut.vss.n162                      2.79092e-10
xdut.vss.n163                      1.40223e-10
xdut.vss.n165                      3.02879e-10
xdut.vss.n164                      3.24383e-10
xdut.vss.n166                      2.81049e-10
xdut.vss.n167                      4.17587e-10
xdut.vss.n168                      3.67735e-10
xdut.vss.n170                      3.30719e-10
xdut.vss.n169                      3.49701e-10
xdut.vss.n171                      3.10768e-10
xdut.vss.n172                      3.16462e-10
xdut.vss.n173                      1.59548e-10
xdut.vss.n175                      3.35773e-10
xdut.vss.n174                      3.56371e-10
xdut.vss.n176                      3.14341e-10
xdut.vss.n177                      3.80914e-10
xdut.vss.n178                       3.2033e-10
xdut.vss.n180                      3.03131e-10
xdut.vss.n179                      3.34602e-10
xdut.vss.n181                      2.69232e-10
xdut.vss.n182                      3.00399e-10
xdut.vss.n183                      1.53048e-10
xdut.vss.n185                      3.04794e-10
xdut.vss.n184                      3.37207e-10
xdut.vss.n186                      2.70059e-10
xdut.vss.n187                      3.15835e-10
xdut.vss.n188                      2.49996e-10
xdut.vss.n190                      2.68919e-10
xdut.vss.n189                      3.06513e-10
xdut.vss.n191                      2.30082e-10
xdut.vss.n192                      2.62274e-10
xdut.vss.n193                      1.31293e-10
xdut.vss.n195                       2.6942e-10
xdut.vss.n194                       3.0729e-10
xdut.vss.n196                      2.30337e-10
xdut.vss.n197                      3.55294e-10
xdut.vss.n198                      2.86965e-10
xdut.vss.n200                      2.86261e-10
xdut.vss.n199                      3.29447e-10
xdut.vss.n201                      2.39111e-10
xdut.vss.n202                      2.85706e-10
xdut.vss.n203                      1.41343e-10
xdut.vss.n205                      2.85833e-10
xdut.vss.n204                      3.28694e-10
xdut.vss.n206                      2.38958e-10
xdut.vss.n207                      2.92887e-10
xdut.vss.n208                      2.10502e-10
xdut.vss.n210                      2.52028e-10
xdut.vss.n209                      3.10258e-10
xdut.vss.n211                      1.91015e-10
xdut.vss.n212                      2.51622e-10
xdut.vss.n213                      1.16619e-10
xdut.vss.n215                      2.52214e-10
xdut.vss.n214                      3.10597e-10
xdut.vss.n216                      1.91074e-10
xdut.vss.n217                      3.38561e-10
xdut.vss.n218                      2.63574e-10
xdut.vss.n220                      2.79416e-10
xdut.vss.n221                      2.16786e-10
xdut.vss.n222                      2.72878e-10
xdut.vss.n223                      1.25474e-10
xdut.vss.n225                       2.7394e-10
xdut.vss.n224                      3.27155e-10
xdut.vss.n226                      2.15296e-10
xdut.xn.n0                                 1.8
xdut.xn.n1                                 1.8
xdut.xn.n2                                 1.8
xdut.xn.n3                                 1.8
xdut.xn.n4                                 1.8
xdut.xp.n4                                 1.8
xdut.xp.n1                                 1.8
xdut.xp.n0                                 1.8
xdut.xp.n2                                 1.8
xdut.xp.n3                                 1.8
xdut.tail.n8                          0.816529
xdut.tail.n1                          0.816529
xdut.tail.n0                          0.816529
xdut.tail.n2                          0.816529
xdut.tail.n3                          0.816529
xdut.tail.n4                          0.816529
xdut.tail.n5                          0.816529
xdut.tail.n6                          0.816529
xdut.tail.n7                          0.816529
vtn3#branch                                  0
vtn2#branch                                  0
vtn1#branch                                  0
vtn0#branch                                  0
vtp3#branch                                  0
vtp2#branch                                  0
vtp1#branch                                  0
vtp0#branch                                  0
vinn#branch                       -6.66134e-16
vinp#branch                        4.44089e-16
vclk#branch                                  0
vdd#branch                        -4.61085e-11

 Reference value :  1.90049e-08 Reference value :  2.35269e-08 Reference value :  2.81086e-08
No. of Data Rows : 2236
 BSIM4v5: Berkeley Short Channel IGFET Model-4
     device m.xdut.x26.msky130_fd m.xdut.x25.msky130_fd m.xdut.x24.msky130_fd
      model xdut.x26:sky130_fd_pr xdut.x25:sky130_fd_pr xdut.x24:sky130_fd_pr
          w                 1e-06                 1e-06                 4e-06
          l               1.5e-07               1.5e-07               1.5e-07

 BSIM4v5: Berkeley Short Channel IGFET Model-4
     device m.xdut.x23.msky130_fd m.xdut.x22.msky130_fd m.xdut.x21.msky130_fd
      model xdut.x23:sky130_fd_pr xdut.x22:sky130_fd_pr xdut.x21:sky130_fd_pr
          w              1.68e-06                 1e-06                 1e-06
          l                 1e-06               1.5e-07               1.5e-07

 BSIM4v5: Berkeley Short Channel IGFET Model-4
     device m.xdut.x20.msky130_fd m.xdut.x19.msky130_fd m.xdut.x18.msky130_fd
      model xdut.x20:sky130_fd_pr xdut.x19:sky130_fd_pr xdut.x18:sky130_fd_pr
          w              3.36e-06                 2e-06               8.4e-07
          l                 1e-06               1.5e-07                 1e-06

 BSIM4v5: Berkeley Short Channel IGFET Model-4
     device m.xdut.x17.msky130_fd m.xdut.x16.msky130_fd m.xdut.x15.msky130_fd
      model xdut.x17:sky130_fd_pr xdut.x16:sky130_fd_pr xdut.x15:sky130_fd_pr
          w                 8e-06              1.68e-06                 1e-06
          l               1.5e-07                 1e-06               1.5e-07

 BSIM4v5: Berkeley Short Channel IGFET Model-4
     device m.xdut.x14.msky130_fd m.xdut.x13.msky130_fd m.xdut.x12.msky130_fd
      model xdut.x14:sky130_fd_pr xdut.x13:sky130_fd_pr xdut.x12:sky130_fd_pr
          w                 1e-06                 1e-06                 2e-06
          l               1.5e-07               1.5e-07               1.5e-07

 BSIM4v5: Berkeley Short Channel IGFET Model-4
     device m.xdut.x11.msky130_fd m.xdut.x10.msky130_fd m.xdut.x9.msky130_fd_
      model xdut.x11:sky130_fd_pr xdut.x10:sky130_fd_pr xdut.x9:sky130_fd_pr_
          w              3.36e-06                 4e-06                 3e-06
          l                 1e-06               1.5e-07               1.5e-07

 BSIM4v5: Berkeley Short Channel IGFET Model-4
     device m.xdut.x8.msky130_fd_ m.xdut.x7.msky130_fd_ m.xdut.x6.msky130_fd_
      model xdut.x8:sky130_fd_pr_ xdut.x7:sky130_fd_pr_ xdut.x6:sky130_fd_pr_
          w               8.4e-07               4.2e-07                 8e-06
          l                 1e-06                 1e-06               1.5e-07

 BSIM4v5: Berkeley Short Channel IGFET Model-4
     device m.xdut.x5.msky130_fd_ m.xdut.x4.msky130_fd_ m.xdut.x3.msky130_fd_
      model xdut.x5:sky130_fd_pr_ xdut.x4:sky130_fd_pr_ xdut.x3:sky130_fd_pr_
          w                 3e-06                 2e-06                 2e-06
          l               1.5e-07               1.5e-07               1.5e-07

 BSIM4v5: Berkeley Short Channel IGFET Model-4
     device m.xdut.x2.msky130_fd_ m.xdut.x1.msky130_fd_ m.xdut.x0.msky130_fd_
      model xdut.x2:sky130_fd_pr_ xdut.x1:sky130_fd_pr_ xdut.x0:sky130_fd_pr_
          w               4.2e-07                 7e-06                 1e-06
          l                 1e-06               1.5e-07               1.5e-07

 Capacitor: Fixed capacitor
     device                   cqn                   cqp           c.xdut.c318
      model                     C                     C                     C
          w                 1e-05                 1e-05                 1e-05
          l                     0                     0                     0

 Capacitor: Fixed capacitor
     device           c.xdut.c317           c.xdut.c316           c.xdut.c315
      model                     C                     C                     C
          w                 1e-05                 1e-05                 1e-05
          l                     0                     0                     0

 Capacitor: Fixed capacitor
     device           c.xdut.c314           c.xdut.c313           c.xdut.c312
      model                     C                     C                     C
          w                 1e-05                 1e-05                 1e-05
          l                     0                     0                     0

 Capacitor: Fixed capacitor
     device           c.xdut.c311           c.xdut.c310           c.xdut.c309
      model                     C                     C                     C
          w                 1e-05                 1e-05                 1e-05
          l                     0                     0                     0

 Capacitor: Fixed capacitor
     device           c.xdut.c308           c.xdut.c307           c.xdut.c306
      model                     C                     C                     C
          w                 1e-05                 1e-05                 1e-05
          l                     0                     0                     0

 Capacitor: Fixed capacitor
     device           c.xdut.c305           c.xdut.c304           c.xdut.c303
      model                     C                     C                     C
          w                 1e-05                 1e-05                 1e-05
          l                     0                     0                     0

 Capacitor: Fixed capacitor
     device           c.xdut.c302           c.xdut.c301           c.xdut.c300
      model                     C                     C                     C
          w                 1e-05                 1e-05                 1e-05
          l                     0                     0                     0

 Capacitor: Fixed capacitor
     device           c.xdut.c299           c.xdut.c298           c.xdut.c297
      model                     C                     C                     C
          w                 1e-05                 1e-05                 1e-05
          l                     0                     0                     0

 Capacitor: Fixed capacitor
     device           c.xdut.c296           c.xdut.c295           c.xdut.c294
      model                     C                     C                     C
          w                 1e-05                 1e-05                 1e-05
          l                     0                     0                     0

 Capacitor: Fixed capacitor
     device           c.xdut.c293           c.xdut.c292           c.xdut.c291
      model                     C                     C                     C
          w                 1e-05                 1e-05                 1e-05
          l                     0                     0                     0

 Capacitor: Fixed capacitor
     device           c.xdut.c290           c.xdut.c289           c.xdut.c288
      model                     C                     C                     C
          w                 1e-05                 1e-05                 1e-05
          l                     0                     0                     0

 Capacitor: Fixed capacitor
     device           c.xdut.c287           c.xdut.c286           c.xdut.c285
      model                     C                     C                     C
          w                 1e-05                 1e-05                 1e-05
          l                     0                     0                     0

 Capacitor: Fixed capacitor
     device           c.xdut.c284           c.xdut.c283           c.xdut.c282
      model                     C                     C                     C
          w                 1e-05                 1e-05                 1e-05
          l                     0                     0                     0

 Capacitor: Fixed capacitor
     device           c.xdut.c281           c.xdut.c280           c.xdut.c279
      model                     C                     C                     C
          w                 1e-05                 1e-05                 1e-05
          l                     0                     0                     0

 Capacitor: Fixed capacitor
     device           c.xdut.c278           c.xdut.c277           c.xdut.c276
      model                     C                     C                     C
          w                 1e-05                 1e-05                 1e-05
          l                     0                     0                     0

 Capacitor: Fixed capacitor
     device           c.xdut.c275           c.xdut.c274           c.xdut.c273
      model                     C                     C                     C
          w                 1e-05                 1e-05                 1e-05
          l                     0                     0                     0

 Capacitor: Fixed capacitor
     device           c.xdut.c272           c.xdut.c271           c.xdut.c270
      model                     C                     C                     C
          w                 1e-05                 1e-05                 1e-05
          l                     0                     0                     0

 Capacitor: Fixed capacitor
     device           c.xdut.c269           c.xdut.c268           c.xdut.c267
      model                     C                     C                     C
          w                 1e-05                 1e-05                 1e-05
          l                     0                     0                     0

 Capacitor: Fixed capacitor
     device           c.xdut.c266           c.xdut.c265           c.xdut.c264
      model                     C                     C                     C
          w                 1e-05                 1e-05                 1e-05
          l                     0                     0                     0

 Capacitor: Fixed capacitor
     device           c.xdut.c263           c.xdut.c262           c.xdut.c261
      model                     C                     C                     C
          w                 1e-05                 1e-05                 1e-05
          l                     0                     0                     0

 Capacitor: Fixed capacitor
     device           c.xdut.c260           c.xdut.c259           c.xdut.c258
      model                     C                     C                     C
          w                 1e-05                 1e-05                 1e-05
          l                     0                     0                     0

 Capacitor: Fixed capacitor
     device           c.xdut.c257           c.xdut.c256           c.xdut.c255
      model                     C                     C                     C
          w                 1e-05                 1e-05                 1e-05
          l                     0                     0                     0

 Capacitor: Fixed capacitor
     device           c.xdut.c254           c.xdut.c253           c.xdut.c252
      model                     C                     C                     C
          w                 1e-05                 1e-05                 1e-05
          l                     0                     0                     0

 Capacitor: Fixed capacitor
     device           c.xdut.c251           c.xdut.c250           c.xdut.c249
      model                     C                     C                     C
          w                 1e-05                 1e-05                 1e-05
          l                     0                     0                     0

 Capacitor: Fixed capacitor
     device           c.xdut.c248           c.xdut.c247           c.xdut.c246
      model                     C                     C                     C
          w                 1e-05                 1e-05                 1e-05
          l                     0                     0                     0

 Capacitor: Fixed capacitor
     device           c.xdut.c245           c.xdut.c244           c.xdut.c243
      model                     C                     C                     C
          w                 1e-05                 1e-05                 1e-05
          l                     0                     0                     0

 Capacitor: Fixed capacitor
     device           c.xdut.c242           c.xdut.c241           c.xdut.c240
      model                     C                     C                     C
          w                 1e-05                 1e-05                 1e-05
          l                     0                     0                     0

 Capacitor: Fixed capacitor
     device           c.xdut.c239           c.xdut.c238           c.xdut.c237
      model                     C                     C                     C
          w                 1e-05                 1e-05                 1e-05
          l                     0                     0                     0

 Capacitor: Fixed capacitor
     device           c.xdut.c236           c.xdut.c235           c.xdut.c234
      model                     C                     C                     C
          w                 1e-05                 1e-05                 1e-05
          l                     0                     0                     0

 Capacitor: Fixed capacitor
     device           c.xdut.c233           c.xdut.c232           c.xdut.c231
      model                     C                     C                     C
          w                 1e-05                 1e-05                 1e-05
          l                     0                     0                     0

 Capacitor: Fixed capacitor
     device           c.xdut.c230           c.xdut.c229           c.xdut.c228
      model                     C                     C                     C
          w                 1e-05                 1e-05                 1e-05
          l                     0                     0                     0

 Capacitor: Fixed capacitor
     device           c.xdut.c227           c.xdut.c226           c.xdut.c225
      model                     C                     C                     C
          w                 1e-05                 1e-05                 1e-05
          l                     0                     0                     0

 Capacitor: Fixed capacitor
     device           c.xdut.c224           c.xdut.c223           c.xdut.c222
      model                     C                     C                     C
          w                 1e-05                 1e-05                 1e-05
          l                     0                     0                     0

 Capacitor: Fixed capacitor
     device           c.xdut.c221           c.xdut.c220           c.xdut.c219
      model                     C                     C                     C
          w                 1e-05                 1e-05                 1e-05
          l                     0                     0                     0

 Capacitor: Fixed capacitor
     device           c.xdut.c218           c.xdut.c217           c.xdut.c216
      model                     C                     C                     C
          w                 1e-05                 1e-05                 1e-05
          l                     0                     0                     0

 Capacitor: Fixed capacitor
     device           c.xdut.c215           c.xdut.c214           c.xdut.c213
      model                     C                     C                     C
          w                 1e-05                 1e-05                 1e-05
          l                     0                     0                     0

 Capacitor: Fixed capacitor
     device           c.xdut.c212           c.xdut.c211           c.xdut.c210
      model                     C                     C                     C
          w                 1e-05                 1e-05                 1e-05
          l                     0                     0                     0

 Capacitor: Fixed capacitor
     device           c.xdut.c209           c.xdut.c208           c.xdut.c207
      model                     C                     C                     C
          w                 1e-05                 1e-05                 1e-05
          l                     0                     0                     0

 Capacitor: Fixed capacitor
     device           c.xdut.c206           c.xdut.c205           c.xdut.c204
      model                     C                     C                     C
          w                 1e-05                 1e-05                 1e-05
          l                     0                     0                     0

 Capacitor: Fixed capacitor
     device           c.xdut.c203           c.xdut.c202           c.xdut.c201
      model                     C                     C                     C
          w                 1e-05                 1e-05                 1e-05
          l                     0                     0                     0

 Capacitor: Fixed capacitor
     device           c.xdut.c200           c.xdut.c199           c.xdut.c198
      model                     C                     C                     C
          w                 1e-05                 1e-05                 1e-05
          l                     0                     0                     0

 Capacitor: Fixed capacitor
     device           c.xdut.c197           c.xdut.c196           c.xdut.c195
      model                     C                     C                     C
          w                 1e-05                 1e-05                 1e-05
          l                     0                     0                     0

 Capacitor: Fixed capacitor
     device           c.xdut.c194           c.xdut.c193           c.xdut.c192
      model                     C                     C                     C
          w                 1e-05                 1e-05                 1e-05
          l                     0                     0                     0

 Capacitor: Fixed capacitor
     device           c.xdut.c191           c.xdut.c190           c.xdut.c189
      model                     C                     C                     C
          w                 1e-05                 1e-05                 1e-05
          l                     0                     0                     0

 Capacitor: Fixed capacitor
     device           c.xdut.c188           c.xdut.c187           c.xdut.c186
      model                     C                     C                     C
          w                 1e-05                 1e-05                 1e-05
          l                     0                     0                     0

 Capacitor: Fixed capacitor
     device           c.xdut.c185           c.xdut.c184           c.xdut.c183
      model                     C                     C                     C
          w                 1e-05                 1e-05                 1e-05
          l                     0                     0                     0

 Capacitor: Fixed capacitor
     device           c.xdut.c182           c.xdut.c181           c.xdut.c180
      model                     C                     C                     C
          w                 1e-05                 1e-05                 1e-05
          l                     0                     0                     0

 Capacitor: Fixed capacitor
     device           c.xdut.c179           c.xdut.c178           c.xdut.c177
      model                     C                     C                     C
          w                 1e-05                 1e-05                 1e-05
          l                     0                     0                     0

 Capacitor: Fixed capacitor
     device           c.xdut.c176           c.xdut.c175           c.xdut.c174
      model                     C                     C                     C
          w                 1e-05                 1e-05                 1e-05
          l                     0                     0                     0

 Capacitor: Fixed capacitor
     device           c.xdut.c173           c.xdut.c172           c.xdut.c171
      model                     C                     C                     C
          w                 1e-05                 1e-05                 1e-05
          l                     0                     0                     0

 Capacitor: Fixed capacitor
     device           c.xdut.c170           c.xdut.c169           c.xdut.c168
      model                     C                     C                     C
          w                 1e-05                 1e-05                 1e-05
          l                     0                     0                     0

 Capacitor: Fixed capacitor
     device           c.xdut.c167           c.xdut.c166           c.xdut.c165
      model                     C                     C                     C
          w                 1e-05                 1e-05                 1e-05
          l                     0                     0                     0

 Capacitor: Fixed capacitor
     device           c.xdut.c164           c.xdut.c163           c.xdut.c162
      model                     C                     C                     C
          w                 1e-05                 1e-05                 1e-05
          l                     0                     0                     0

 Capacitor: Fixed capacitor
     device           c.xdut.c161           c.xdut.c160           c.xdut.c159
      model                     C                     C                     C
          w                 1e-05                 1e-05                 1e-05
          l                     0                     0                     0

 Capacitor: Fixed capacitor
     device           c.xdut.c158           c.xdut.c157           c.xdut.c156
      model                     C                     C                     C
          w                 1e-05                 1e-05                 1e-05
          l                     0                     0                     0

 Capacitor: Fixed capacitor
     device           c.xdut.c155           c.xdut.c154           c.xdut.c153
      model                     C                     C                     C
          w                 1e-05                 1e-05                 1e-05
          l                     0                     0                     0

 Capacitor: Fixed capacitor
     device           c.xdut.c152           c.xdut.c151           c.xdut.c150
      model                     C                     C                     C
          w                 1e-05                 1e-05                 1e-05
          l                     0                     0                     0

 Capacitor: Fixed capacitor
     device           c.xdut.c149           c.xdut.c148           c.xdut.c147
      model                     C                     C                     C
          w                 1e-05                 1e-05                 1e-05
          l                     0                     0                     0

 Capacitor: Fixed capacitor
     device           c.xdut.c146           c.xdut.c145           c.xdut.c144
      model                     C                     C                     C
          w                 1e-05                 1e-05                 1e-05
          l                     0                     0                     0

 Capacitor: Fixed capacitor
     device           c.xdut.c143           c.xdut.c142           c.xdut.c141
      model                     C                     C                     C
          w                 1e-05                 1e-05                 1e-05
          l                     0                     0                     0

 Capacitor: Fixed capacitor
     device           c.xdut.c140           c.xdut.c139           c.xdut.c138
      model                     C                     C                     C
          w                 1e-05                 1e-05                 1e-05
          l                     0                     0                     0

 Capacitor: Fixed capacitor
     device           c.xdut.c137           c.xdut.c136           c.xdut.c135
      model                     C                     C                     C
          w                 1e-05                 1e-05                 1e-05
          l                     0                     0                     0

 Capacitor: Fixed capacitor
     device           c.xdut.c134           c.xdut.c133           c.xdut.c132
      model                     C                     C                     C
          w                 1e-05                 1e-05                 1e-05
          l                     0                     0                     0

 Capacitor: Fixed capacitor
     device           c.xdut.c131           c.xdut.c130           c.xdut.c129
      model                     C                     C                     C
          w                 1e-05                 1e-05                 1e-05
          l                     0                     0                     0

 Capacitor: Fixed capacitor
     device           c.xdut.c128           c.xdut.c127           c.xdut.c126
      model                     C                     C                     C
          w                 1e-05                 1e-05                 1e-05
          l                     0                     0                     0

 Capacitor: Fixed capacitor
     device           c.xdut.c125           c.xdut.c124           c.xdut.c123
      model                     C                     C                     C
          w                 1e-05                 1e-05                 1e-05
          l                     0                     0                     0

 Capacitor: Fixed capacitor
     device           c.xdut.c122           c.xdut.c121           c.xdut.c120
      model                     C                     C                     C
          w                 1e-05                 1e-05                 1e-05
          l                     0                     0                     0

 Capacitor: Fixed capacitor
     device           c.xdut.c119           c.xdut.c118           c.xdut.c117
      model                     C                     C                     C
          w                 1e-05                 1e-05                 1e-05
          l                     0                     0                     0

 Capacitor: Fixed capacitor
     device           c.xdut.c116           c.xdut.c115           c.xdut.c114
      model                     C                     C                     C
          w                 1e-05                 1e-05                 1e-05
          l                     0                     0                     0

 Capacitor: Fixed capacitor
     device           c.xdut.c113           c.xdut.c112           c.xdut.c111
      model                     C                     C                     C
          w                 1e-05                 1e-05                 1e-05
          l                     0                     0                     0

 Capacitor: Fixed capacitor
     device           c.xdut.c110           c.xdut.c109           c.xdut.c108
      model                     C                     C                     C
          w                 1e-05                 1e-05                 1e-05
          l                     0                     0                     0

 Capacitor: Fixed capacitor
     device           c.xdut.c107           c.xdut.c106           c.xdut.c105
      model                     C                     C                     C
          w                 1e-05                 1e-05                 1e-05
          l                     0                     0                     0

 Capacitor: Fixed capacitor
     device           c.xdut.c104           c.xdut.c103           c.xdut.c102
      model                     C                     C                     C
          w                 1e-05                 1e-05                 1e-05
          l                     0                     0                     0

 Capacitor: Fixed capacitor
     device           c.xdut.c101           c.xdut.c100            c.xdut.c99
      model                     C                     C                     C
          w                 1e-05                 1e-05                 1e-05
          l                     0                     0                     0

 Capacitor: Fixed capacitor
     device            c.xdut.c98            c.xdut.c97            c.xdut.c96
      model                     C                     C                     C
          w                 1e-05                 1e-05                 1e-05
          l                     0                     0                     0

 Capacitor: Fixed capacitor
     device            c.xdut.c95            c.xdut.c94            c.xdut.c93
      model                     C                     C                     C
          w                 1e-05                 1e-05                 1e-05
          l                     0                     0                     0

 Capacitor: Fixed capacitor
     device            c.xdut.c92            c.xdut.c91            c.xdut.c90
      model                     C                     C                     C
          w                 1e-05                 1e-05                 1e-05
          l                     0                     0                     0

 Capacitor: Fixed capacitor
     device            c.xdut.c89            c.xdut.c88            c.xdut.c87
      model                     C                     C                     C
          w                 1e-05                 1e-05                 1e-05
          l                     0                     0                     0

 Capacitor: Fixed capacitor
     device            c.xdut.c86            c.xdut.c85            c.xdut.c84
      model                     C                     C                     C
          w                 1e-05                 1e-05                 1e-05
          l                     0                     0                     0

 Capacitor: Fixed capacitor
     device            c.xdut.c83            c.xdut.c82            c.xdut.c81
      model                     C                     C                     C
          w                 1e-05                 1e-05                 1e-05
          l                     0                     0                     0

 Capacitor: Fixed capacitor
     device            c.xdut.c80            c.xdut.c79            c.xdut.c78
      model                     C                     C                     C
          w                 1e-05                 1e-05                 1e-05
          l                     0                     0                     0

 Capacitor: Fixed capacitor
     device            c.xdut.c77            c.xdut.c76            c.xdut.c75
      model                     C                     C                     C
          w                 1e-05                 1e-05                 1e-05
          l                     0                     0                     0

 Capacitor: Fixed capacitor
     device            c.xdut.c74            c.xdut.c73            c.xdut.c72
      model                     C                     C                     C
          w                 1e-05                 1e-05                 1e-05
          l                     0                     0                     0

 Capacitor: Fixed capacitor
     device            c.xdut.c71            c.xdut.c70            c.xdut.c69
      model                     C                     C                     C
          w                 1e-05                 1e-05                 1e-05
          l                     0                     0                     0

 Capacitor: Fixed capacitor
     device            c.xdut.c68            c.xdut.c67            c.xdut.c66
      model                     C                     C                     C
          w                 1e-05                 1e-05                 1e-05
          l                     0                     0                     0

 Capacitor: Fixed capacitor
     device            c.xdut.c65            c.xdut.c64            c.xdut.c63
      model                     C                     C                     C
          w                 1e-05                 1e-05                 1e-05
          l                     0                     0                     0

 Capacitor: Fixed capacitor
     device            c.xdut.c62            c.xdut.c61            c.xdut.c60
      model                     C                     C                     C
          w                 1e-05                 1e-05                 1e-05
          l                     0                     0                     0

 Capacitor: Fixed capacitor
     device            c.xdut.c59            c.xdut.c58            c.xdut.c57
      model                     C                     C                     C
          w                 1e-05                 1e-05                 1e-05
          l                     0                     0                     0

 Capacitor: Fixed capacitor
     device            c.xdut.c56            c.xdut.c55            c.xdut.c54
      model                     C                     C                     C
          w                 1e-05                 1e-05                 1e-05
          l                     0                     0                     0

 Capacitor: Fixed capacitor
     device            c.xdut.c53            c.xdut.c52            c.xdut.c51
      model                     C                     C                     C
          w                 1e-05                 1e-05                 1e-05
          l                     0                     0                     0

 Capacitor: Fixed capacitor
     device            c.xdut.c50            c.xdut.c49            c.xdut.c48
      model                     C                     C                     C
          w                 1e-05                 1e-05                 1e-05
          l                     0                     0                     0

 Capacitor: Fixed capacitor
     device            c.xdut.c47            c.xdut.c46            c.xdut.c45
      model                     C                     C                     C
          w                 1e-05                 1e-05                 1e-05
          l                     0                     0                     0

 Capacitor: Fixed capacitor
     device            c.xdut.c44            c.xdut.c43            c.xdut.c42
      model                     C                     C                     C
          w                 1e-05                 1e-05                 1e-05
          l                     0                     0                     0

 Capacitor: Fixed capacitor
     device            c.xdut.c41            c.xdut.c40            c.xdut.c39
      model                     C                     C                     C
          w                 1e-05                 1e-05                 1e-05
          l                     0                     0                     0

 Capacitor: Fixed capacitor
     device            c.xdut.c38            c.xdut.c37            c.xdut.c36
      model                     C                     C                     C
          w                 1e-05                 1e-05                 1e-05
          l                     0                     0                     0

 Capacitor: Fixed capacitor
     device            c.xdut.c35            c.xdut.c34            c.xdut.c33
      model                     C                     C                     C
          w                 1e-05                 1e-05                 1e-05
          l                     0                     0                     0

 Capacitor: Fixed capacitor
     device            c.xdut.c32            c.xdut.c31            c.xdut.c30
      model                     C                     C                     C
          w                 1e-05                 1e-05                 1e-05
          l                     0                     0                     0

 Capacitor: Fixed capacitor
     device            c.xdut.c29            c.xdut.c28            c.xdut.c27
      model                     C                     C                     C
          w                 1e-05                 1e-05                 1e-05
          l                     0                     0                     0

 Capacitor: Fixed capacitor
     device            c.xdut.c26            c.xdut.c25            c.xdut.c24
      model                     C                     C                     C
          w                 1e-05                 1e-05                 1e-05
          l                     0                     0                     0

 Capacitor: Fixed capacitor
     device            c.xdut.c23            c.xdut.c22            c.xdut.c21
      model                     C                     C                     C
          w                 1e-05                 1e-05                 1e-05
          l                     0                     0                     0

 Capacitor: Fixed capacitor
     device            c.xdut.c20            c.xdut.c19            c.xdut.c18
      model                     C                     C                     C
          w                 1e-05                 1e-05                 1e-05
          l                     0                     0                     0

 Capacitor: Fixed capacitor
     device            c.xdut.c17            c.xdut.c16            c.xdut.c15
      model                     C                     C                     C
          w                 1e-05                 1e-05                 1e-05
          l                     0                     0                     0

 Capacitor: Fixed capacitor
     device            c.xdut.c14            c.xdut.c13            c.xdut.c12
      model                     C                     C                     C
          w                 1e-05                 1e-05                 1e-05
          l                     0                     0                     0

 Capacitor: Fixed capacitor
     device            c.xdut.c11            c.xdut.c10             c.xdut.c9
      model                     C                     C                     C
          w                 1e-05                 1e-05                 1e-05
          l                     0                     0                     0

 Capacitor: Fixed capacitor
     device             c.xdut.c8             c.xdut.c7             c.xdut.c6
      model                     C                     C                     C
          w                 1e-05                 1e-05                 1e-05
          l                     0                     0                     0

 Capacitor: Fixed capacitor
     device             c.xdut.c5             c.xdut.c4             c.xdut.c3
      model                     C                     C                     C
          w                 1e-05                 1e-05                 1e-05
          l                     0                     0                     0

 Capacitor: Fixed capacitor
     device             c.xdut.c2             c.xdut.c1             c.xdut.c0
      model                     C                     C                     C
          w                 1e-05                 1e-05                 1e-05
          l                     0                     0                     0

 Resistor: Simple linear resistor
     device           r.xdut.r674           r.xdut.r673           r.xdut.r672
      model                     R                     R                     R
          w                 1e-05                 1e-05                 1e-05
          l                 1e-05                 1e-05                 1e-05

 Resistor: Simple linear resistor
     device           r.xdut.r671           r.xdut.r670           r.xdut.r669
      model                     R                     R                     R
          w                 1e-05                 1e-05                 1e-05
          l                 1e-05                 1e-05                 1e-05

 Resistor: Simple linear resistor
     device           r.xdut.r668           r.xdut.r667           r.xdut.r666
      model                     R                     R                     R
          w                 1e-05                 1e-05                 1e-05
          l                 1e-05                 1e-05                 1e-05

 Resistor: Simple linear resistor
     device           r.xdut.r665           r.xdut.r664           r.xdut.r663
      model                     R                     R                     R
          w                 1e-05                 1e-05                 1e-05
          l                 1e-05                 1e-05                 1e-05

 Resistor: Simple linear resistor
     device           r.xdut.r662           r.xdut.r661           r.xdut.r660
      model                     R                     R                     R
          w                 1e-05                 1e-05                 1e-05
          l                 1e-05                 1e-05                 1e-05

 Resistor: Simple linear resistor
     device           r.xdut.r659           r.xdut.r658           r.xdut.r657
      model                     R                     R                     R
          w                 1e-05                 1e-05                 1e-05
          l                 1e-05                 1e-05                 1e-05

 Resistor: Simple linear resistor
     device           r.xdut.r656           r.xdut.r655           r.xdut.r654
      model                     R                     R                     R
          w                 1e-05                 1e-05                 1e-05
          l                 1e-05                 1e-05                 1e-05

 Resistor: Simple linear resistor
     device           r.xdut.r653           r.xdut.r652           r.xdut.r651
      model                     R                     R                     R
          w                 1e-05                 1e-05                 1e-05
          l                 1e-05                 1e-05                 1e-05

 Resistor: Simple linear resistor
     device           r.xdut.r650           r.xdut.r649           r.xdut.r648
      model                     R                     R                     R
          w                 1e-05                 1e-05                 1e-05
          l                 1e-05                 1e-05                 1e-05

 Resistor: Simple linear resistor
     device           r.xdut.r647           r.xdut.r646           r.xdut.r645
      model                     R                     R                     R
          w                 1e-05                 1e-05                 1e-05
          l                 1e-05                 1e-05                 1e-05

 Resistor: Simple linear resistor
     device           r.xdut.r644           r.xdut.r643           r.xdut.r642
      model                     R                     R                     R
          w                 1e-05                 1e-05                 1e-05
          l                 1e-05                 1e-05                 1e-05

 Resistor: Simple linear resistor
     device           r.xdut.r641           r.xdut.r640           r.xdut.r639
      model                     R                     R                     R
          w                 1e-05                 1e-05                 1e-05
          l                 1e-05                 1e-05                 1e-05

 Resistor: Simple linear resistor
     device           r.xdut.r638           r.xdut.r637           r.xdut.r636
      model                     R                     R                     R
          w                 1e-05                 1e-05                 1e-05
          l                 1e-05                 1e-05                 1e-05

 Resistor: Simple linear resistor
     device           r.xdut.r635           r.xdut.r634           r.xdut.r633
      model                     R                     R                     R
          w                 1e-05                 1e-05                 1e-05
          l                 1e-05                 1e-05                 1e-05

 Resistor: Simple linear resistor
     device           r.xdut.r632           r.xdut.r631           r.xdut.r630
      model                     R                     R                     R
          w                 1e-05                 1e-05                 1e-05
          l                 1e-05                 1e-05                 1e-05

 Resistor: Simple linear resistor
     device           r.xdut.r629           r.xdut.r628           r.xdut.r627
      model                     R                     R                     R
          w                 1e-05                 1e-05                 1e-05
          l                 1e-05                 1e-05                 1e-05

 Resistor: Simple linear resistor
     device           r.xdut.r626           r.xdut.r625           r.xdut.r624
      model                     R                     R                     R
          w                 1e-05                 1e-05                 1e-05
          l                 1e-05                 1e-05                 1e-05

 Resistor: Simple linear resistor
     device           r.xdut.r623           r.xdut.r622           r.xdut.r621
      model                     R                     R                     R
          w                 1e-05                 1e-05                 1e-05
          l                 1e-05                 1e-05                 1e-05

 Resistor: Simple linear resistor
     device           r.xdut.r620           r.xdut.r619           r.xdut.r618
      model                     R                     R                     R
          w                 1e-05                 1e-05                 1e-05
          l                 1e-05                 1e-05                 1e-05

 Resistor: Simple linear resistor
     device           r.xdut.r617           r.xdut.r616           r.xdut.r615
      model                     R                     R                     R
          w                 1e-05                 1e-05                 1e-05
          l                 1e-05                 1e-05                 1e-05

 Resistor: Simple linear resistor
     device           r.xdut.r614           r.xdut.r613           r.xdut.r612
      model                     R                     R                     R
          w                 1e-05                 1e-05                 1e-05
          l                 1e-05                 1e-05                 1e-05

 Resistor: Simple linear resistor
     device           r.xdut.r611           r.xdut.r610           r.xdut.r609
      model                     R                     R                     R
          w                 1e-05                 1e-05                 1e-05
          l                 1e-05                 1e-05                 1e-05

 Resistor: Simple linear resistor
     device           r.xdut.r608           r.xdut.r607           r.xdut.r606
      model                     R                     R                     R
          w                 1e-05                 1e-05                 1e-05
          l                 1e-05                 1e-05                 1e-05

 Resistor: Simple linear resistor
     device           r.xdut.r605           r.xdut.r604           r.xdut.r603
      model                     R                     R                     R
          w                 1e-05                 1e-05                 1e-05
          l                 1e-05                 1e-05                 1e-05

 Resistor: Simple linear resistor
     device           r.xdut.r602           r.xdut.r601           r.xdut.r600
      model                     R                     R                     R
          w                 1e-05                 1e-05                 1e-05
          l                 1e-05                 1e-05                 1e-05

 Resistor: Simple linear resistor
     device           r.xdut.r599           r.xdut.r598           r.xdut.r597
      model                     R                     R                     R
          w                 1e-05                 1e-05                 1e-05
          l                 1e-05                 1e-05                 1e-05

 Resistor: Simple linear resistor
     device           r.xdut.r596           r.xdut.r595           r.xdut.r594
      model                     R                     R                     R
          w                 1e-05                 1e-05                 1e-05
          l                 1e-05                 1e-05                 1e-05

 Resistor: Simple linear resistor
     device           r.xdut.r593           r.xdut.r592           r.xdut.r591
      model                     R                     R                     R
          w                 1e-05                 1e-05                 1e-05
          l                 1e-05                 1e-05                 1e-05

 Resistor: Simple linear resistor
     device           r.xdut.r590           r.xdut.r589           r.xdut.r588
      model                     R                     R                     R
          w                 1e-05                 1e-05                 1e-05
          l                 1e-05                 1e-05                 1e-05

 Resistor: Simple linear resistor
     device           r.xdut.r587           r.xdut.r586           r.xdut.r585
      model                     R                     R                     R
          w                 1e-05                 1e-05                 1e-05
          l                 1e-05                 1e-05                 1e-05

 Resistor: Simple linear resistor
     device           r.xdut.r584           r.xdut.r583           r.xdut.r582
      model                     R                     R                     R
          w                 1e-05                 1e-05                 1e-05
          l                 1e-05                 1e-05                 1e-05

 Resistor: Simple linear resistor
     device           r.xdut.r581           r.xdut.r580           r.xdut.r579
      model                     R                     R                     R
          w                 1e-05                 1e-05                 1e-05
          l                 1e-05                 1e-05                 1e-05

 Resistor: Simple linear resistor
     device           r.xdut.r578           r.xdut.r577           r.xdut.r576
      model                     R                     R                     R
          w                 1e-05                 1e-05                 1e-05
          l                 1e-05                 1e-05                 1e-05

 Resistor: Simple linear resistor
     device           r.xdut.r575           r.xdut.r574           r.xdut.r573
      model                     R                     R                     R
          w                 1e-05                 1e-05                 1e-05
          l                 1e-05                 1e-05                 1e-05

 Resistor: Simple linear resistor
     device           r.xdut.r572           r.xdut.r571           r.xdut.r570
      model                     R                     R                     R
          w                 1e-05                 1e-05                 1e-05
          l                 1e-05                 1e-05                 1e-05

 Resistor: Simple linear resistor
     device           r.xdut.r569           r.xdut.r568           r.xdut.r567
      model                     R                     R                     R
          w                 1e-05                 1e-05                 1e-05
          l                 1e-05                 1e-05                 1e-05

 Resistor: Simple linear resistor
     device           r.xdut.r566           r.xdut.r565           r.xdut.r564
      model                     R                     R                     R
          w                 1e-05                 1e-05                 1e-05
          l                 1e-05                 1e-05                 1e-05

 Resistor: Simple linear resistor
     device           r.xdut.r563           r.xdut.r562           r.xdut.r561
      model                     R                     R                     R
          w                 1e-05                 1e-05                 1e-05
          l                 1e-05                 1e-05                 1e-05

 Resistor: Simple linear resistor
     device           r.xdut.r560           r.xdut.r559           r.xdut.r558
      model                     R                     R                     R
          w                 1e-05                 1e-05                 1e-05
          l                 1e-05                 1e-05                 1e-05

 Resistor: Simple linear resistor
     device           r.xdut.r557           r.xdut.r556           r.xdut.r555
      model                     R                     R                     R
          w                 1e-05                 1e-05                 1e-05
          l                 1e-05                 1e-05                 1e-05

 Resistor: Simple linear resistor
     device           r.xdut.r554           r.xdut.r553           r.xdut.r552
      model                     R                     R                     R
          w                 1e-05                 1e-05                 1e-05
          l                 1e-05                 1e-05                 1e-05

 Resistor: Simple linear resistor
     device           r.xdut.r551           r.xdut.r550           r.xdut.r549
      model                     R                     R                     R
          w                 1e-05                 1e-05                 1e-05
          l                 1e-05                 1e-05                 1e-05

 Resistor: Simple linear resistor
     device           r.xdut.r548           r.xdut.r547           r.xdut.r546
      model                     R                     R                     R
          w                 1e-05                 1e-05                 1e-05
          l                 1e-05                 1e-05                 1e-05

 Resistor: Simple linear resistor
     device           r.xdut.r545           r.xdut.r544           r.xdut.r543
      model                     R                     R                     R
          w                 1e-05                 1e-05                 1e-05
          l                 1e-05                 1e-05                 1e-05

 Resistor: Simple linear resistor
     device           r.xdut.r542           r.xdut.r541           r.xdut.r540
      model                     R                     R                     R
          w                 1e-05                 1e-05                 1e-05
          l                 1e-05                 1e-05                 1e-05

 Resistor: Simple linear resistor
     device           r.xdut.r539           r.xdut.r538           r.xdut.r537
      model                     R                     R                     R
          w                 1e-05                 1e-05                 1e-05
          l                 1e-05                 1e-05                 1e-05

 Resistor: Simple linear resistor
     device           r.xdut.r536           r.xdut.r535           r.xdut.r534
      model                     R                     R                     R
          w                 1e-05                 1e-05                 1e-05
          l                 1e-05                 1e-05                 1e-05

 Resistor: Simple linear resistor
     device           r.xdut.r533           r.xdut.r532           r.xdut.r531
      model                     R                     R                     R
          w                 1e-05                 1e-05                 1e-05
          l                 1e-05                 1e-05                 1e-05

 Resistor: Simple linear resistor
     device           r.xdut.r530           r.xdut.r529           r.xdut.r528
      model                     R                     R                     R
          w                 1e-05                 1e-05                 1e-05
          l                 1e-05                 1e-05                 1e-05

 Resistor: Simple linear resistor
     device           r.xdut.r527           r.xdut.r526           r.xdut.r525
      model                     R                     R                     R
          w                 1e-05                 1e-05                 1e-05
          l                 1e-05                 1e-05                 1e-05

 Resistor: Simple linear resistor
     device           r.xdut.r524           r.xdut.r523           r.xdut.r522
      model                     R                     R                     R
          w                 1e-05                 1e-05                 1e-05
          l                 1e-05                 1e-05                 1e-05

 Resistor: Simple linear resistor
     device           r.xdut.r521           r.xdut.r520           r.xdut.r519
      model                     R                     R                     R
          w                 1e-05                 1e-05                 1e-05
          l                 1e-05                 1e-05                 1e-05

 Resistor: Simple linear resistor
     device           r.xdut.r518           r.xdut.r517           r.xdut.r516
      model                     R                     R                     R
          w                 1e-05                 1e-05                 1e-05
          l                 1e-05                 1e-05                 1e-05

 Resistor: Simple linear resistor
     device           r.xdut.r515           r.xdut.r514           r.xdut.r513
      model                     R                     R                     R
          w                 1e-05                 1e-05                 1e-05
          l                 1e-05                 1e-05                 1e-05

 Resistor: Simple linear resistor
     device           r.xdut.r512           r.xdut.r511           r.xdut.r510
      model                     R                     R                     R
          w                 1e-05                 1e-05                 1e-05
          l                 1e-05                 1e-05                 1e-05

 Resistor: Simple linear resistor
     device           r.xdut.r509           r.xdut.r508           r.xdut.r507
      model                     R                     R                     R
          w                 1e-05                 1e-05                 1e-05
          l                 1e-05                 1e-05                 1e-05

 Resistor: Simple linear resistor
     device           r.xdut.r506           r.xdut.r505           r.xdut.r504
      model                     R                     R                     R
          w                 1e-05                 1e-05                 1e-05
          l                 1e-05                 1e-05                 1e-05

 Resistor: Simple linear resistor
     device           r.xdut.r503           r.xdut.r502           r.xdut.r501
      model                     R                     R                     R
          w                 1e-05                 1e-05                 1e-05
          l                 1e-05                 1e-05                 1e-05

 Resistor: Simple linear resistor
     device           r.xdut.r500           r.xdut.r499           r.xdut.r498
      model                     R                     R                     R
          w                 1e-05                 1e-05                 1e-05
          l                 1e-05                 1e-05                 1e-05

 Resistor: Simple linear resistor
     device           r.xdut.r497           r.xdut.r496           r.xdut.r495
      model                     R                     R                     R
          w                 1e-05                 1e-05                 1e-05
          l                 1e-05                 1e-05                 1e-05

 Resistor: Simple linear resistor
     device           r.xdut.r494           r.xdut.r493           r.xdut.r492
      model                     R                     R                     R
          w                 1e-05                 1e-05                 1e-05
          l                 1e-05                 1e-05                 1e-05

 Resistor: Simple linear resistor
     device           r.xdut.r491           r.xdut.r490           r.xdut.r489
      model                     R                     R                     R
          w                 1e-05                 1e-05                 1e-05
          l                 1e-05                 1e-05                 1e-05

 Resistor: Simple linear resistor
     device           r.xdut.r488           r.xdut.r487           r.xdut.r486
      model                     R                     R                     R
          w                 1e-05                 1e-05                 1e-05
          l                 1e-05                 1e-05                 1e-05

 Resistor: Simple linear resistor
     device           r.xdut.r485           r.xdut.r484           r.xdut.r483
      model                     R                     R                     R
          w                 1e-05                 1e-05                 1e-05
          l                 1e-05                 1e-05                 1e-05

 Resistor: Simple linear resistor
     device           r.xdut.r482           r.xdut.r481           r.xdut.r480
      model                     R                     R                     R
          w                 1e-05                 1e-05                 1e-05
          l                 1e-05                 1e-05                 1e-05

 Resistor: Simple linear resistor
     device           r.xdut.r479           r.xdut.r478           r.xdut.r477
      model                     R                     R                     R
          w                 1e-05                 1e-05                 1e-05
          l                 1e-05                 1e-05                 1e-05

 Resistor: Simple linear resistor
     device           r.xdut.r476           r.xdut.r475           r.xdut.r474
      model                     R                     R                     R
          w                 1e-05                 1e-05                 1e-05
          l                 1e-05                 1e-05                 1e-05

 Resistor: Simple linear resistor
     device           r.xdut.r473           r.xdut.r472           r.xdut.r471
      model                     R                     R                     R
          w                 1e-05                 1e-05                 1e-05
          l                 1e-05                 1e-05                 1e-05

 Resistor: Simple linear resistor
     device           r.xdut.r470           r.xdut.r469           r.xdut.r468
      model                     R                     R                     R
          w                 1e-05                 1e-05                 1e-05
          l                 1e-05                 1e-05                 1e-05

 Resistor: Simple linear resistor
     device           r.xdut.r467           r.xdut.r466           r.xdut.r465
      model                     R                     R                     R
          w                 1e-05                 1e-05                 1e-05
          l                 1e-05                 1e-05                 1e-05

 Resistor: Simple linear resistor
     device           r.xdut.r464           r.xdut.r463           r.xdut.r462
      model                     R                     R                     R
          w                 1e-05                 1e-05                 1e-05
          l                 1e-05                 1e-05                 1e-05

 Resistor: Simple linear resistor
     device           r.xdut.r461           r.xdut.r460           r.xdut.r459
      model                     R                     R                     R
          w                 1e-05                 1e-05                 1e-05
          l                 1e-05                 1e-05                 1e-05

 Resistor: Simple linear resistor
     device           r.xdut.r458           r.xdut.r457           r.xdut.r456
      model                     R                     R                     R
          w                 1e-05                 1e-05                 1e-05
          l                 1e-05                 1e-05                 1e-05

 Resistor: Simple linear resistor
     device           r.xdut.r455           r.xdut.r454           r.xdut.r453
      model                     R                     R                     R
          w                 1e-05                 1e-05                 1e-05
          l                 1e-05                 1e-05                 1e-05

 Resistor: Simple linear resistor
     device           r.xdut.r452           r.xdut.r451           r.xdut.r450
      model                     R                     R                     R
          w                 1e-05                 1e-05                 1e-05
          l                 1e-05                 1e-05                 1e-05

 Resistor: Simple linear resistor
     device           r.xdut.r449           r.xdut.r448           r.xdut.r447
      model                     R                     R                     R
          w                 1e-05                 1e-05                 1e-05
          l                 1e-05                 1e-05                 1e-05

 Resistor: Simple linear resistor
     device           r.xdut.r446           r.xdut.r445           r.xdut.r444
      model                     R                     R                     R
          w                 1e-05                 1e-05                 1e-05
          l                 1e-05                 1e-05                 1e-05

 Resistor: Simple linear resistor
     device           r.xdut.r443           r.xdut.r442           r.xdut.r441
      model                     R                     R                     R
          w                 1e-05                 1e-05                 1e-05
          l                 1e-05                 1e-05                 1e-05

 Resistor: Simple linear resistor
     device           r.xdut.r440           r.xdut.r439           r.xdut.r438
      model                     R                     R                     R
          w                 1e-05                 1e-05                 1e-05
          l                 1e-05                 1e-05                 1e-05

 Resistor: Simple linear resistor
     device           r.xdut.r437           r.xdut.r436           r.xdut.r435
      model                     R                     R                     R
          w                 1e-05                 1e-05                 1e-05
          l                 1e-05                 1e-05                 1e-05

 Resistor: Simple linear resistor
     device           r.xdut.r434           r.xdut.r433           r.xdut.r432
      model                     R                     R                     R
          w                 1e-05                 1e-05                 1e-05
          l                 1e-05                 1e-05                 1e-05

 Resistor: Simple linear resistor
     device           r.xdut.r431           r.xdut.r430           r.xdut.r429
      model                     R                     R                     R
          w                 1e-05                 1e-05                 1e-05
          l                 1e-05                 1e-05                 1e-05

 Resistor: Simple linear resistor
     device           r.xdut.r428           r.xdut.r427           r.xdut.r426
      model                     R                     R                     R
          w                 1e-05                 1e-05                 1e-05
          l                 1e-05                 1e-05                 1e-05

 Resistor: Simple linear resistor
     device           r.xdut.r425           r.xdut.r424           r.xdut.r423
      model                     R                     R                     R
          w                 1e-05                 1e-05                 1e-05
          l                 1e-05                 1e-05                 1e-05

 Resistor: Simple linear resistor
     device           r.xdut.r422           r.xdut.r421           r.xdut.r420
      model                     R                     R                     R
          w                 1e-05                 1e-05                 1e-05
          l                 1e-05                 1e-05                 1e-05

 Resistor: Simple linear resistor
     device           r.xdut.r419           r.xdut.r418           r.xdut.r417
      model                     R                     R                     R
          w                 1e-05                 1e-05                 1e-05
          l                 1e-05                 1e-05                 1e-05

 Resistor: Simple linear resistor
     device           r.xdut.r416           r.xdut.r415           r.xdut.r414
      model                     R                     R                     R
          w                 1e-05                 1e-05                 1e-05
          l                 1e-05                 1e-05                 1e-05

 Resistor: Simple linear resistor
     device           r.xdut.r413           r.xdut.r412           r.xdut.r411
      model                     R                     R                     R
          w                 1e-05                 1e-05                 1e-05
          l                 1e-05                 1e-05                 1e-05

 Resistor: Simple linear resistor
     device           r.xdut.r410           r.xdut.r409           r.xdut.r408
      model                     R                     R                     R
          w                 1e-05                 1e-05                 1e-05
          l                 1e-05                 1e-05                 1e-05

 Resistor: Simple linear resistor
     device           r.xdut.r407           r.xdut.r406           r.xdut.r405
      model                     R                     R                     R
          w                 1e-05                 1e-05                 1e-05
          l                 1e-05                 1e-05                 1e-05

 Resistor: Simple linear resistor
     device           r.xdut.r404           r.xdut.r403           r.xdut.r402
      model                     R                     R                     R
          w                 1e-05                 1e-05                 1e-05
          l                 1e-05                 1e-05                 1e-05

 Resistor: Simple linear resistor
     device           r.xdut.r401           r.xdut.r400           r.xdut.r399
      model                     R                     R                     R
          w                 1e-05                 1e-05                 1e-05
          l                 1e-05                 1e-05                 1e-05

 Resistor: Simple linear resistor
     device           r.xdut.r398           r.xdut.r397           r.xdut.r396
      model                     R                     R                     R
          w                 1e-05                 1e-05                 1e-05
          l                 1e-05                 1e-05                 1e-05

 Resistor: Simple linear resistor
     device           r.xdut.r395           r.xdut.r394           r.xdut.r393
      model                     R                     R                     R
          w                 1e-05                 1e-05                 1e-05
          l                 1e-05                 1e-05                 1e-05

 Resistor: Simple linear resistor
     device           r.xdut.r392           r.xdut.r391           r.xdut.r390
      model                     R                     R                     R
          w                 1e-05                 1e-05                 1e-05
          l                 1e-05                 1e-05                 1e-05

 Resistor: Simple linear resistor
     device           r.xdut.r389           r.xdut.r388           r.xdut.r387
      model                     R                     R                     R
          w                 1e-05                 1e-05                 1e-05
          l                 1e-05                 1e-05                 1e-05

 Resistor: Simple linear resistor
     device           r.xdut.r386           r.xdut.r385           r.xdut.r384
      model                     R                     R                     R
          w                 1e-05                 1e-05                 1e-05
          l                 1e-05                 1e-05                 1e-05

 Resistor: Simple linear resistor
     device           r.xdut.r383           r.xdut.r382           r.xdut.r381
      model                     R                     R                     R
          w                 1e-05                 1e-05                 1e-05
          l                 1e-05                 1e-05                 1e-05

 Resistor: Simple linear resistor
     device           r.xdut.r380           r.xdut.r379           r.xdut.r378
      model                     R                     R                     R
          w                 1e-05                 1e-05                 1e-05
          l                 1e-05                 1e-05                 1e-05

 Resistor: Simple linear resistor
     device           r.xdut.r377           r.xdut.r376           r.xdut.r375
      model                     R                     R                     R
          w                 1e-05                 1e-05                 1e-05
          l                 1e-05                 1e-05                 1e-05

 Resistor: Simple linear resistor
     device           r.xdut.r374           r.xdut.r373           r.xdut.r372
      model                     R                     R                     R
          w                 1e-05                 1e-05                 1e-05
          l                 1e-05                 1e-05                 1e-05

 Resistor: Simple linear resistor
     device           r.xdut.r371           r.xdut.r370           r.xdut.r369
      model                     R                     R                     R
          w                 1e-05                 1e-05                 1e-05
          l                 1e-05                 1e-05                 1e-05

 Resistor: Simple linear resistor
     device           r.xdut.r368           r.xdut.r367           r.xdut.r366
      model                     R                     R                     R
          w                 1e-05                 1e-05                 1e-05
          l                 1e-05                 1e-05                 1e-05

 Resistor: Simple linear resistor
     device           r.xdut.r365           r.xdut.r364           r.xdut.r363
      model                     R                     R                     R
          w                 1e-05                 1e-05                 1e-05
          l                 1e-05                 1e-05                 1e-05

 Resistor: Simple linear resistor
     device           r.xdut.r362           r.xdut.r361           r.xdut.r360
      model                     R                     R                     R
          w                 1e-05                 1e-05                 1e-05
          l                 1e-05                 1e-05                 1e-05

 Resistor: Simple linear resistor
     device           r.xdut.r359           r.xdut.r358           r.xdut.r357
      model                     R                     R                     R
          w                 1e-05                 1e-05                 1e-05
          l                 1e-05                 1e-05                 1e-05

 Resistor: Simple linear resistor
     device           r.xdut.r356           r.xdut.r355           r.xdut.r354
      model                     R                     R                     R
          w                 1e-05                 1e-05                 1e-05
          l                 1e-05                 1e-05                 1e-05

 Resistor: Simple linear resistor
     device           r.xdut.r353           r.xdut.r352           r.xdut.r351
      model                     R                     R                     R
          w                 1e-05                 1e-05                 1e-05
          l                 1e-05                 1e-05                 1e-05

 Resistor: Simple linear resistor
     device           r.xdut.r350           r.xdut.r349           r.xdut.r348
      model                     R                     R                     R
          w                 1e-05                 1e-05                 1e-05
          l                 1e-05                 1e-05                 1e-05

 Resistor: Simple linear resistor
     device           r.xdut.r347           r.xdut.r346           r.xdut.r345
      model                     R                     R                     R
          w                 1e-05                 1e-05                 1e-05
          l                 1e-05                 1e-05                 1e-05

 Resistor: Simple linear resistor
     device           r.xdut.r344           r.xdut.r343           r.xdut.r342
      model                     R                     R                     R
          w                 1e-05                 1e-05                 1e-05
          l                 1e-05                 1e-05                 1e-05

 Resistor: Simple linear resistor
     device           r.xdut.r341           r.xdut.r340           r.xdut.r339
      model                     R                     R                     R
          w                 1e-05                 1e-05                 1e-05
          l                 1e-05                 1e-05                 1e-05

 Resistor: Simple linear resistor
     device           r.xdut.r338           r.xdut.r337           r.xdut.r336
      model                     R                     R                     R
          w                 1e-05                 1e-05                 1e-05
          l                 1e-05                 1e-05                 1e-05

 Resistor: Simple linear resistor
     device           r.xdut.r335           r.xdut.r334           r.xdut.r333
      model                     R                     R                     R
          w                 1e-05                 1e-05                 1e-05
          l                 1e-05                 1e-05                 1e-05

 Resistor: Simple linear resistor
     device           r.xdut.r332           r.xdut.r331           r.xdut.r330
      model                     R                     R                     R
          w                 1e-05                 1e-05                 1e-05
          l                 1e-05                 1e-05                 1e-05

 Resistor: Simple linear resistor
     device           r.xdut.r329           r.xdut.r328           r.xdut.r327
      model                     R                     R                     R
          w                 1e-05                 1e-05                 1e-05
          l                 1e-05                 1e-05                 1e-05

 Resistor: Simple linear resistor
     device           r.xdut.r326           r.xdut.r325           r.xdut.r324
      model                     R                     R                     R
          w                 1e-05                 1e-05                 1e-05
          l                 1e-05                 1e-05                 1e-05

 Resistor: Simple linear resistor
     device           r.xdut.r323           r.xdut.r322           r.xdut.r321
      model                     R                     R                     R
          w                 1e-05                 1e-05                 1e-05
          l                 1e-05                 1e-05                 1e-05

 Resistor: Simple linear resistor
     device           r.xdut.r320           r.xdut.r319           r.xdut.r318
      model                     R                     R                     R
          w                 1e-05                 1e-05                 1e-05
          l                 1e-05                 1e-05                 1e-05

 Resistor: Simple linear resistor
     device           r.xdut.r317           r.xdut.r316           r.xdut.r315
      model                     R                     R                     R
          w                 1e-05                 1e-05                 1e-05
          l                 1e-05                 1e-05                 1e-05

 Resistor: Simple linear resistor
     device           r.xdut.r314           r.xdut.r313           r.xdut.r312
      model                     R                     R                     R
          w                 1e-05                 1e-05                 1e-05
          l                 1e-05                 1e-05                 1e-05

 Resistor: Simple linear resistor
     device           r.xdut.r311           r.xdut.r310           r.xdut.r309
      model                     R                     R                     R
          w                 1e-05                 1e-05                 1e-05
          l                 1e-05                 1e-05                 1e-05

 Resistor: Simple linear resistor
     device           r.xdut.r308           r.xdut.r307           r.xdut.r306
      model                     R                     R                     R
          w                 1e-05                 1e-05                 1e-05
          l                 1e-05                 1e-05                 1e-05

 Resistor: Simple linear resistor
     device           r.xdut.r305           r.xdut.r304           r.xdut.r303
      model                     R                     R                     R
          w                 1e-05                 1e-05                 1e-05
          l                 1e-05                 1e-05                 1e-05

 Resistor: Simple linear resistor
     device           r.xdut.r302           r.xdut.r301           r.xdut.r300
      model                     R                     R                     R
          w                 1e-05                 1e-05                 1e-05
          l                 1e-05                 1e-05                 1e-05

 Resistor: Simple linear resistor
     device           r.xdut.r299           r.xdut.r298           r.xdut.r297
      model                     R                     R                     R
          w                 1e-05                 1e-05                 1e-05
          l                 1e-05                 1e-05                 1e-05

 Resistor: Simple linear resistor
     device           r.xdut.r296           r.xdut.r295           r.xdut.r294
      model                     R                     R                     R
          w                 1e-05                 1e-05                 1e-05
          l                 1e-05                 1e-05                 1e-05

 Resistor: Simple linear resistor
     device           r.xdut.r293           r.xdut.r292           r.xdut.r291
      model                     R                     R                     R
          w                 1e-05                 1e-05                 1e-05
          l                 1e-05                 1e-05                 1e-05

 Resistor: Simple linear resistor
     device           r.xdut.r290           r.xdut.r289           r.xdut.r288
      model                     R                     R                     R
          w                 1e-05                 1e-05                 1e-05
          l                 1e-05                 1e-05                 1e-05

 Resistor: Simple linear resistor
     device           r.xdut.r287           r.xdut.r286           r.xdut.r285
      model                     R                     R                     R
          w                 1e-05                 1e-05                 1e-05
          l                 1e-05                 1e-05                 1e-05

 Resistor: Simple linear resistor
     device           r.xdut.r284           r.xdut.r283           r.xdut.r282
      model                     R                     R                     R
          w                 1e-05                 1e-05                 1e-05
          l                 1e-05                 1e-05                 1e-05

 Resistor: Simple linear resistor
     device           r.xdut.r281           r.xdut.r280           r.xdut.r279
      model                     R                     R                     R
          w                 1e-05                 1e-05                 1e-05
          l                 1e-05                 1e-05                 1e-05

 Resistor: Simple linear resistor
     device           r.xdut.r278           r.xdut.r277           r.xdut.r276
      model                     R                     R                     R
          w                 1e-05                 1e-05                 1e-05
          l                 1e-05                 1e-05                 1e-05

 Resistor: Simple linear resistor
     device           r.xdut.r275           r.xdut.r274           r.xdut.r273
      model                     R                     R                     R
          w                 1e-05                 1e-05                 1e-05
          l                 1e-05                 1e-05                 1e-05

 Resistor: Simple linear resistor
     device           r.xdut.r272           r.xdut.r271           r.xdut.r270
      model                     R                     R                     R
          w                 1e-05                 1e-05                 1e-05
          l                 1e-05                 1e-05                 1e-05

 Resistor: Simple linear resistor
     device           r.xdut.r269           r.xdut.r268           r.xdut.r267
      model                     R                     R                     R
          w                 1e-05                 1e-05                 1e-05
          l                 1e-05                 1e-05                 1e-05

 Resistor: Simple linear resistor
     device           r.xdut.r266           r.xdut.r265           r.xdut.r264
      model                     R                     R                     R
          w                 1e-05                 1e-05                 1e-05
          l                 1e-05                 1e-05                 1e-05

 Resistor: Simple linear resistor
     device           r.xdut.r263           r.xdut.r262           r.xdut.r261
      model                     R                     R                     R
          w                 1e-05                 1e-05                 1e-05
          l                 1e-05                 1e-05                 1e-05

 Resistor: Simple linear resistor
     device           r.xdut.r260           r.xdut.r259           r.xdut.r258
      model                     R                     R                     R
          w                 1e-05                 1e-05                 1e-05
          l                 1e-05                 1e-05                 1e-05

 Resistor: Simple linear resistor
     device           r.xdut.r257           r.xdut.r256           r.xdut.r255
      model                     R                     R                     R
          w                 1e-05                 1e-05                 1e-05
          l                 1e-05                 1e-05                 1e-05

 Resistor: Simple linear resistor
     device           r.xdut.r254           r.xdut.r253           r.xdut.r252
      model                     R                     R                     R
          w                 1e-05                 1e-05                 1e-05
          l                 1e-05                 1e-05                 1e-05

 Resistor: Simple linear resistor
     device           r.xdut.r251           r.xdut.r250           r.xdut.r249
      model                     R                     R                     R
          w                 1e-05                 1e-05                 1e-05
          l                 1e-05                 1e-05                 1e-05

 Resistor: Simple linear resistor
     device           r.xdut.r248           r.xdut.r247           r.xdut.r246
      model                     R                     R                     R
          w                 1e-05                 1e-05                 1e-05
          l                 1e-05                 1e-05                 1e-05

 Resistor: Simple linear resistor
     device           r.xdut.r245           r.xdut.r244           r.xdut.r243
      model                     R                     R                     R
          w                 1e-05                 1e-05                 1e-05
          l                 1e-05                 1e-05                 1e-05

 Resistor: Simple linear resistor
     device           r.xdut.r242           r.xdut.r241           r.xdut.r240
      model                     R                     R                     R
          w                 1e-05                 1e-05                 1e-05
          l                 1e-05                 1e-05                 1e-05

 Resistor: Simple linear resistor
     device           r.xdut.r239           r.xdut.r238           r.xdut.r237
      model                     R                     R                     R
          w                 1e-05                 1e-05                 1e-05
          l                 1e-05                 1e-05                 1e-05

 Resistor: Simple linear resistor
     device           r.xdut.r236           r.xdut.r235           r.xdut.r234
      model                     R                     R                     R
          w                 1e-05                 1e-05                 1e-05
          l                 1e-05                 1e-05                 1e-05

 Resistor: Simple linear resistor
     device           r.xdut.r233           r.xdut.r232           r.xdut.r231
      model                     R                     R                     R
          w                 1e-05                 1e-05                 1e-05
          l                 1e-05                 1e-05                 1e-05

 Resistor: Simple linear resistor
     device           r.xdut.r230           r.xdut.r229           r.xdut.r228
      model                     R                     R                     R
          w                 1e-05                 1e-05                 1e-05
          l                 1e-05                 1e-05                 1e-05

 Resistor: Simple linear resistor
     device           r.xdut.r227           r.xdut.r226           r.xdut.r225
      model                     R                     R                     R
          w                 1e-05                 1e-05                 1e-05
          l                 1e-05                 1e-05                 1e-05

 Resistor: Simple linear resistor
     device           r.xdut.r224           r.xdut.r223           r.xdut.r222
      model                     R                     R                     R
          w                 1e-05                 1e-05                 1e-05
          l                 1e-05                 1e-05                 1e-05

 Resistor: Simple linear resistor
     device           r.xdut.r221           r.xdut.r220           r.xdut.r219
      model                     R                     R                     R
          w                 1e-05                 1e-05                 1e-05
          l                 1e-05                 1e-05                 1e-05

 Resistor: Simple linear resistor
     device           r.xdut.r218           r.xdut.r217           r.xdut.r216
      model                     R                     R                     R
          w                 1e-05                 1e-05                 1e-05
          l                 1e-05                 1e-05                 1e-05

 Resistor: Simple linear resistor
     device           r.xdut.r215           r.xdut.r214           r.xdut.r213
      model                     R                     R                     R
          w                 1e-05                 1e-05                 1e-05
          l                 1e-05                 1e-05                 1e-05

 Resistor: Simple linear resistor
     device           r.xdut.r212           r.xdut.r211           r.xdut.r210
      model                     R                     R                     R
          w                 1e-05                 1e-05                 1e-05
          l                 1e-05                 1e-05                 1e-05

 Resistor: Simple linear resistor
     device           r.xdut.r209           r.xdut.r208           r.xdut.r207
      model                     R                     R                     R
          w                 1e-05                 1e-05                 1e-05
          l                 1e-05                 1e-05                 1e-05

 Resistor: Simple linear resistor
     device           r.xdut.r206           r.xdut.r205           r.xdut.r204
      model                     R                     R                     R
          w                 1e-05                 1e-05                 1e-05
          l                 1e-05                 1e-05                 1e-05

 Resistor: Simple linear resistor
     device           r.xdut.r203           r.xdut.r202           r.xdut.r201
      model                     R                     R                     R
          w                 1e-05                 1e-05                 1e-05
          l                 1e-05                 1e-05                 1e-05

 Resistor: Simple linear resistor
     device           r.xdut.r200           r.xdut.r199           r.xdut.r198
      model                     R                     R                     R
          w                 1e-05                 1e-05                 1e-05
          l                 1e-05                 1e-05                 1e-05

 Resistor: Simple linear resistor
     device           r.xdut.r197           r.xdut.r196           r.xdut.r195
      model                     R                     R                     R
          w                 1e-05                 1e-05                 1e-05
          l                 1e-05                 1e-05                 1e-05

 Resistor: Simple linear resistor
     device           r.xdut.r194           r.xdut.r193           r.xdut.r192
      model                     R                     R                     R
          w                 1e-05                 1e-05                 1e-05
          l                 1e-05                 1e-05                 1e-05

 Resistor: Simple linear resistor
     device           r.xdut.r191           r.xdut.r190           r.xdut.r189
      model                     R                     R                     R
          w                 1e-05                 1e-05                 1e-05
          l                 1e-05                 1e-05                 1e-05

 Resistor: Simple linear resistor
     device           r.xdut.r188           r.xdut.r187           r.xdut.r186
      model                     R                     R                     R
          w                 1e-05                 1e-05                 1e-05
          l                 1e-05                 1e-05                 1e-05

 Resistor: Simple linear resistor
     device           r.xdut.r185           r.xdut.r184           r.xdut.r183
      model                     R                     R                     R
          w                 1e-05                 1e-05                 1e-05
          l                 1e-05                 1e-05                 1e-05

 Resistor: Simple linear resistor
     device           r.xdut.r182           r.xdut.r181           r.xdut.r180
      model                     R                     R                     R
          w                 1e-05                 1e-05                 1e-05
          l                 1e-05                 1e-05                 1e-05

 Resistor: Simple linear resistor
     device           r.xdut.r179           r.xdut.r178           r.xdut.r177
      model                     R                     R                     R
          w                 1e-05                 1e-05                 1e-05
          l                 1e-05                 1e-05                 1e-05

 Resistor: Simple linear resistor
     device           r.xdut.r176           r.xdut.r175           r.xdut.r174
      model                     R                     R                     R
          w                 1e-05                 1e-05                 1e-05
          l                 1e-05                 1e-05                 1e-05

 Resistor: Simple linear resistor
     device           r.xdut.r173           r.xdut.r172           r.xdut.r171
      model                     R                     R                     R
          w                 1e-05                 1e-05                 1e-05
          l                 1e-05                 1e-05                 1e-05

 Resistor: Simple linear resistor
     device           r.xdut.r170           r.xdut.r169           r.xdut.r168
      model                     R                     R                     R
          w                 1e-05                 1e-05                 1e-05
          l                 1e-05                 1e-05                 1e-05

 Resistor: Simple linear resistor
     device           r.xdut.r167           r.xdut.r166           r.xdut.r165
      model                     R                     R                     R
          w                 1e-05                 1e-05                 1e-05
          l                 1e-05                 1e-05                 1e-05

 Resistor: Simple linear resistor
     device           r.xdut.r164           r.xdut.r163           r.xdut.r162
      model                     R                     R                     R
          w                 1e-05                 1e-05                 1e-05
          l                 1e-05                 1e-05                 1e-05

 Resistor: Simple linear resistor
     device           r.xdut.r161           r.xdut.r160           r.xdut.r159
      model                     R                     R                     R
          w                 1e-05                 1e-05                 1e-05
          l                 1e-05                 1e-05                 1e-05

 Resistor: Simple linear resistor
     device           r.xdut.r158           r.xdut.r157           r.xdut.r156
      model                     R                     R                     R
          w                 1e-05                 1e-05                 1e-05
          l                 1e-05                 1e-05                 1e-05

 Resistor: Simple linear resistor
     device           r.xdut.r155           r.xdut.r154           r.xdut.r153
      model                     R                     R                     R
          w                 1e-05                 1e-05                 1e-05
          l                 1e-05                 1e-05                 1e-05

 Resistor: Simple linear resistor
     device           r.xdut.r152           r.xdut.r151           r.xdut.r150
      model                     R                     R                     R
          w                 1e-05                 1e-05                 1e-05
          l                 1e-05                 1e-05                 1e-05

 Resistor: Simple linear resistor
     device           r.xdut.r149           r.xdut.r148           r.xdut.r147
      model                     R                     R                     R
          w                 1e-05                 1e-05                 1e-05
          l                 1e-05                 1e-05                 1e-05

 Resistor: Simple linear resistor
     device           r.xdut.r146           r.xdut.r145           r.xdut.r144
      model                     R                     R                     R
          w                 1e-05                 1e-05                 1e-05
          l                 1e-05                 1e-05                 1e-05

 Resistor: Simple linear resistor
     device           r.xdut.r143           r.xdut.r142           r.xdut.r141
      model                     R                     R                     R
          w                 1e-05                 1e-05                 1e-05
          l                 1e-05                 1e-05                 1e-05

 Resistor: Simple linear resistor
     device           r.xdut.r140           r.xdut.r139           r.xdut.r138
      model                     R                     R                     R
          w                 1e-05                 1e-05                 1e-05
          l                 1e-05                 1e-05                 1e-05

 Resistor: Simple linear resistor
     device           r.xdut.r137           r.xdut.r136           r.xdut.r135
      model                     R                     R                     R
          w                 1e-05                 1e-05                 1e-05
          l                 1e-05                 1e-05                 1e-05

 Resistor: Simple linear resistor
     device           r.xdut.r134           r.xdut.r133           r.xdut.r132
      model                     R                     R                     R
          w                 1e-05                 1e-05                 1e-05
          l                 1e-05                 1e-05                 1e-05

 Resistor: Simple linear resistor
     device           r.xdut.r131           r.xdut.r130           r.xdut.r129
      model                     R                     R                     R
          w                 1e-05                 1e-05                 1e-05
          l                 1e-05                 1e-05                 1e-05

 Resistor: Simple linear resistor
     device           r.xdut.r128           r.xdut.r127           r.xdut.r126
      model                     R                     R                     R
          w                 1e-05                 1e-05                 1e-05
          l                 1e-05                 1e-05                 1e-05

 Resistor: Simple linear resistor
     device           r.xdut.r125           r.xdut.r124           r.xdut.r123
      model                     R                     R                     R
          w                 1e-05                 1e-05                 1e-05
          l                 1e-05                 1e-05                 1e-05

 Resistor: Simple linear resistor
     device           r.xdut.r122           r.xdut.r121           r.xdut.r120
      model                     R                     R                     R
          w                 1e-05                 1e-05                 1e-05
          l                 1e-05                 1e-05                 1e-05

 Resistor: Simple linear resistor
     device           r.xdut.r119           r.xdut.r118           r.xdut.r117
      model                     R                     R                     R
          w                 1e-05                 1e-05                 1e-05
          l                 1e-05                 1e-05                 1e-05

 Resistor: Simple linear resistor
     device           r.xdut.r116           r.xdut.r115           r.xdut.r114
      model                     R                     R                     R
          w                 1e-05                 1e-05                 1e-05
          l                 1e-05                 1e-05                 1e-05

 Resistor: Simple linear resistor
     device           r.xdut.r113           r.xdut.r112           r.xdut.r111
      model                     R                     R                     R
          w                 1e-05                 1e-05                 1e-05
          l                 1e-05                 1e-05                 1e-05

 Resistor: Simple linear resistor
     device           r.xdut.r110           r.xdut.r109           r.xdut.r108
      model                     R                     R                     R
          w                 1e-05                 1e-05                 1e-05
          l                 1e-05                 1e-05                 1e-05

 Resistor: Simple linear resistor
     device           r.xdut.r107           r.xdut.r106           r.xdut.r105
      model                     R                     R                     R
          w                 1e-05                 1e-05                 1e-05
          l                 1e-05                 1e-05                 1e-05

 Resistor: Simple linear resistor
     device           r.xdut.r104           r.xdut.r103           r.xdut.r102
      model                     R                     R                     R
          w                 1e-05                 1e-05                 1e-05
          l                 1e-05                 1e-05                 1e-05

 Resistor: Simple linear resistor
     device           r.xdut.r101           r.xdut.r100            r.xdut.r99
      model                     R                     R                     R
          w                 1e-05                 1e-05                 1e-05
          l                 1e-05                 1e-05                 1e-05

 Resistor: Simple linear resistor
     device            r.xdut.r98            r.xdut.r97            r.xdut.r96
      model                     R                     R                     R
          w                 1e-05                 1e-05                 1e-05
          l                 1e-05                 1e-05                 1e-05

 Resistor: Simple linear resistor
     device            r.xdut.r95            r.xdut.r94            r.xdut.r93
      model                     R                     R                     R
          w                 1e-05                 1e-05                 1e-05
          l                 1e-05                 1e-05                 1e-05

 Resistor: Simple linear resistor
     device            r.xdut.r92            r.xdut.r91            r.xdut.r90
      model                     R                     R                     R
          w                 1e-05                 1e-05                 1e-05
          l                 1e-05                 1e-05                 1e-05

 Resistor: Simple linear resistor
     device            r.xdut.r89            r.xdut.r88            r.xdut.r87
      model                     R                     R                     R
          w                 1e-05                 1e-05                 1e-05
          l                 1e-05                 1e-05                 1e-05

 Resistor: Simple linear resistor
     device            r.xdut.r86            r.xdut.r85            r.xdut.r84
      model                     R                     R                     R
          w                 1e-05                 1e-05                 1e-05
          l                 1e-05                 1e-05                 1e-05

 Resistor: Simple linear resistor
     device            r.xdut.r83            r.xdut.r82            r.xdut.r81
      model                     R                     R                     R
          w                 1e-05                 1e-05                 1e-05
          l                 1e-05                 1e-05                 1e-05

 Resistor: Simple linear resistor
     device            r.xdut.r80            r.xdut.r79            r.xdut.r78
      model                     R                     R                     R
          w                 1e-05                 1e-05                 1e-05
          l                 1e-05                 1e-05                 1e-05

 Resistor: Simple linear resistor
     device            r.xdut.r77            r.xdut.r76            r.xdut.r75
      model                     R                     R                     R
          w                 1e-05                 1e-05                 1e-05
          l                 1e-05                 1e-05                 1e-05

 Resistor: Simple linear resistor
     device            r.xdut.r74            r.xdut.r73            r.xdut.r72
      model                     R                     R                     R
          w                 1e-05                 1e-05                 1e-05
          l                 1e-05                 1e-05                 1e-05

 Resistor: Simple linear resistor
     device            r.xdut.r71            r.xdut.r70            r.xdut.r69
      model                     R                     R                     R
          w                 1e-05                 1e-05                 1e-05
          l                 1e-05                 1e-05                 1e-05

 Resistor: Simple linear resistor
     device            r.xdut.r68            r.xdut.r67            r.xdut.r66
      model                     R                     R                     R
          w                 1e-05                 1e-05                 1e-05
          l                 1e-05                 1e-05                 1e-05

 Resistor: Simple linear resistor
     device            r.xdut.r65            r.xdut.r64            r.xdut.r63
      model                     R                     R                     R
          w                 1e-05                 1e-05                 1e-05
          l                 1e-05                 1e-05                 1e-05

 Resistor: Simple linear resistor
     device            r.xdut.r62            r.xdut.r61            r.xdut.r60
      model                     R                     R                     R
          w                 1e-05                 1e-05                 1e-05
          l                 1e-05                 1e-05                 1e-05

 Resistor: Simple linear resistor
     device            r.xdut.r59            r.xdut.r58            r.xdut.r57
      model                     R                     R                     R
          w                 1e-05                 1e-05                 1e-05
          l                 1e-05                 1e-05                 1e-05

 Resistor: Simple linear resistor
     device            r.xdut.r56            r.xdut.r55            r.xdut.r54
      model                     R                     R                     R
          w                 1e-05                 1e-05                 1e-05
          l                 1e-05                 1e-05                 1e-05

 Resistor: Simple linear resistor
     device            r.xdut.r53            r.xdut.r52            r.xdut.r51
      model                     R                     R                     R
          w                 1e-05                 1e-05                 1e-05
          l                 1e-05                 1e-05                 1e-05

 Resistor: Simple linear resistor
     device            r.xdut.r50            r.xdut.r49            r.xdut.r48
      model                     R                     R                     R
          w                 1e-05                 1e-05                 1e-05
          l                 1e-05                 1e-05                 1e-05

 Resistor: Simple linear resistor
     device            r.xdut.r47            r.xdut.r46            r.xdut.r45
      model                     R                     R                     R
          w                 1e-05                 1e-05                 1e-05
          l                 1e-05                 1e-05                 1e-05

 Resistor: Simple linear resistor
     device            r.xdut.r44            r.xdut.r43            r.xdut.r42
      model                     R                     R                     R
          w                 1e-05                 1e-05                 1e-05
          l                 1e-05                 1e-05                 1e-05

 Resistor: Simple linear resistor
     device            r.xdut.r41            r.xdut.r40            r.xdut.r39
      model                     R                     R                     R
          w                 1e-05                 1e-05                 1e-05
          l                 1e-05                 1e-05                 1e-05

 Resistor: Simple linear resistor
     device            r.xdut.r38            r.xdut.r37            r.xdut.r36
      model                     R                     R                     R
          w                 1e-05                 1e-05                 1e-05
          l                 1e-05                 1e-05                 1e-05

 Resistor: Simple linear resistor
     device            r.xdut.r35            r.xdut.r34            r.xdut.r33
      model                     R                     R                     R
          w                 1e-05                 1e-05                 1e-05
          l                 1e-05                 1e-05                 1e-05

 Resistor: Simple linear resistor
     device            r.xdut.r32            r.xdut.r31            r.xdut.r30
      model                     R                     R                     R
          w                 1e-05                 1e-05                 1e-05
          l                 1e-05                 1e-05                 1e-05

 Resistor: Simple linear resistor
     device            r.xdut.r29            r.xdut.r28            r.xdut.r27
      model                     R                     R                     R
          w                 1e-05                 1e-05                 1e-05
          l                 1e-05                 1e-05                 1e-05

 Resistor: Simple linear resistor
     device            r.xdut.r26            r.xdut.r25            r.xdut.r24
      model                     R                     R                     R
          w                 1e-05                 1e-05                 1e-05
          l                 1e-05                 1e-05                 1e-05

 Resistor: Simple linear resistor
     device            r.xdut.r23            r.xdut.r22            r.xdut.r21
      model                     R                     R                     R
          w                 1e-05                 1e-05                 1e-05
          l                 1e-05                 1e-05                 1e-05

 Resistor: Simple linear resistor
     device            r.xdut.r20            r.xdut.r19            r.xdut.r18
      model                     R                     R                     R
          w                 1e-05                 1e-05                 1e-05
          l                 1e-05                 1e-05                 1e-05

 Resistor: Simple linear resistor
     device            r.xdut.r17            r.xdut.r16            r.xdut.r15
      model                     R                     R                     R
          w                 1e-05                 1e-05                 1e-05
          l                 1e-05                 1e-05                 1e-05

 Resistor: Simple linear resistor
     device            r.xdut.r14            r.xdut.r13            r.xdut.r12
      model                     R                     R                     R
          w                 1e-05                 1e-05                 1e-05
          l                 1e-05                 1e-05                 1e-05

 Resistor: Simple linear resistor
     device            r.xdut.r11            r.xdut.r10             r.xdut.r9
      model                     R                     R                     R
          w                 1e-05                 1e-05                 1e-05
          l                 1e-05                 1e-05                 1e-05

 Resistor: Simple linear resistor
     device             r.xdut.r8             r.xdut.r7             r.xdut.r6
      model                     R                     R                     R
          w                 1e-05                 1e-05                 1e-05
          l                 1e-05                 1e-05                 1e-05

 Resistor: Simple linear resistor
     device             r.xdut.r5             r.xdut.r4             r.xdut.r3
      model                     R                     R                     R
          w                 1e-05                 1e-05                 1e-05
          l                 1e-05                 1e-05                 1e-05

 Resistor: Simple linear resistor
     device             r.xdut.r2             r.xdut.r1             r.xdut.r0
      model                     R                     R                     R
          w                 1e-05                 1e-05                 1e-05
          l                 1e-05                 1e-05                 1e-05

 Vsource: Independent voltage source
     device                  vtn3                  vtn2                  vtn1
          w             ?????????             ?????????             ?????????
          l             ?????????             ?????????             ?????????

 Vsource: Independent voltage source
     device                  vtn0                  vtp3                  vtp2
          w             ?????????             ?????????             ?????????
          l             ?????????             ?????????             ?????????

 Vsource: Independent voltage source
     device                  vtp1                  vtp0                  vinn
          w             ?????????             ?????????             ?????????
          l             ?????????             ?????????             ?????????

 Vsource: Independent voltage source
     device                  vinp                  vclk                   vdd
          w             ?????????             ?????????             ?????????
          l             ?????????             ?????????             ?????????

NOMINAL27_GEOMETRY X0 sky130_fd_pr__pfet_01v8 1E-06 1.5E-07
NOMINAL27_GEOMETRY X1 sky130_fd_pr__nfet_01v8 7E-06 1.5E-07
NOMINAL27_GEOMETRY X2 sky130_fd_pr__nfet_01v8_lvt 4.2E-07 1E-06
NOMINAL27_GEOMETRY X3 sky130_fd_pr__nfet_01v8 2E-06 1.5E-07
NOMINAL27_GEOMETRY X4 sky130_fd_pr__pfet_01v8 2E-06 1.5E-07
NOMINAL27_GEOMETRY X5 sky130_fd_pr__nfet_01v8_lvt 3E-06 1.5E-07
NOMINAL27_GEOMETRY X6 sky130_fd_pr__nfet_01v8 8E-06 1.5E-07
NOMINAL27_GEOMETRY X7 sky130_fd_pr__nfet_01v8_lvt 4.2E-07 1E-06
NOMINAL27_GEOMETRY X8 sky130_fd_pr__nfet_01v8_lvt 8.4E-07 1E-06
NOMINAL27_GEOMETRY X9 sky130_fd_pr__nfet_01v8_lvt 3E-06 1.5E-07
NOMINAL27_GEOMETRY X10 sky130_fd_pr__nfet_01v8 4E-06 1.5E-07
NOMINAL27_GEOMETRY X11 sky130_fd_pr__nfet_01v8_lvt 3.36E-06 1E-06
NOMINAL27_GEOMETRY X12 sky130_fd_pr__pfet_01v8 2E-06 1.5E-07
NOMINAL27_GEOMETRY X13 sky130_fd_pr__pfet_01v8 1E-06 1.5E-07
NOMINAL27_GEOMETRY X14 sky130_fd_pr__nfet_01v8 1E-06 1.5E-07
NOMINAL27_GEOMETRY X15 sky130_fd_pr__nfet_01v8 1E-06 1.5E-07
NOMINAL27_GEOMETRY X16 sky130_fd_pr__nfet_01v8_lvt 1.68E-06 1E-06
NOMINAL27_GEOMETRY X17 sky130_fd_pr__nfet_01v8 8E-06 1.5E-07
NOMINAL27_GEOMETRY X18 sky130_fd_pr__nfet_01v8_lvt 8.4E-07 1E-06
NOMINAL27_GEOMETRY X19 sky130_fd_pr__nfet_01v8 2E-06 1.5E-07
NOMINAL27_GEOMETRY X20 sky130_fd_pr__nfet_01v8_lvt 3.36E-06 1E-06
NOMINAL27_GEOMETRY X21 sky130_fd_pr__pfet_01v8 1E-06 1.5E-07
NOMINAL27_GEOMETRY X22 sky130_fd_pr__pfet_01v8 1E-06 1.5E-07
NOMINAL27_GEOMETRY X23 sky130_fd_pr__nfet_01v8_lvt 1.68E-06 1E-06
NOMINAL27_GEOMETRY X24 sky130_fd_pr__nfet_01v8 4E-06 1.5E-07
NOMINAL27_GEOMETRY X25 sky130_fd_pr__nfet_01v8 1E-06 1.5E-07
NOMINAL27_GEOMETRY X26 sky130_fd_pr__nfet_01v8 1E-06 1.5E-07
NOMINAL27_TRANSIENT_COMPLETE
ngspice-42 done
