OpenROAD f552262465b0bfef8f097e258f94bc501d01e19d 
Features included (+) or not (-): +GPU +GUI +Python
This program is licensed under the BSD-3 license. See the LICENSE file for details.
Components of this program may be licensed under more restrictive licenses which must be honored.
[INFO ORD-0030] Using 12 thread(s).
read_liberty /opt/eda/orfs-6101364b/flow/platforms/sky130hd/lib/sky130_fd_sc_hd__tt_025C_1v80.lib
read_db /root/cac_runs/keccak_s7_10ns_ant10/results/sky130hd/cac_keccak_s7_10ns/base/5_1_grt.odb
read_sdc /root/cac_runs/keccak_s7_10ns_ant10/results/sky130hd/cac_keccak_s7_10ns/base/5_1_grt.sdc
source /opt/eda/orfs-6101364b/flow/platforms/sky130hd/setRC.tcl
detailed_route -output_drc /root/cac_runs/keccak_s7_10ns_ant10/reports/sky130hd/cac_keccak_s7_10ns/base/5_route_drc.rpt -output_maze /root/cac_runs/keccak_s7_10ns_ant10/results/sky130hd/cac_keccak_s7_10ns/base/maze.log -droute_end_iter 64 -verbose 1 -drc_report_iter_step 5
[INFO DRT-0149] Reading tech and libs.
[WARNING DRT-0349] LEF58_ENCLOSURE with no CUTCLASS is not supported. Skipping for layer mcon
[WARNING DRT-0349] LEF58_ENCLOSURE with no CUTCLASS is not supported. Skipping for layer mcon
[WARNING DRT-0349] LEF58_ENCLOSURE with no CUTCLASS is not supported. Skipping for layer via
[WARNING DRT-0349] LEF58_ENCLOSURE with no CUTCLASS is not supported. Skipping for layer via
[WARNING DRT-0349] LEF58_ENCLOSURE with no CUTCLASS is not supported. Skipping for layer via2
[WARNING DRT-0349] LEF58_ENCLOSURE with no CUTCLASS is not supported. Skipping for layer via2
[WARNING DRT-0349] LEF58_ENCLOSURE with no CUTCLASS is not supported. Skipping for layer via3
[WARNING DRT-0349] LEF58_ENCLOSURE with no CUTCLASS is not supported. Skipping for layer via3
[WARNING DRT-0349] LEF58_ENCLOSURE with no CUTCLASS is not supported. Skipping for layer via4
[WARNING DRT-0349] LEF58_ENCLOSURE with no CUTCLASS is not supported. Skipping for layer via4

Units:                1000
Number of layers:     13
Number of macros:     441
Number of vias:       29
Number of viarulegen: 25

[INFO DRT-0150] Reading design.
[WARNING DRT-0120] Large net net1900 has 171 pins which may impact routing performance. Consider optimization.
[WARNING DRT-0120] Large net net1885 has 110 pins which may impact routing performance. Consider optimization.
[WARNING DRT-0120] Large net net1867 has 102 pins which may impact routing performance. Consider optimization.
[WARNING DRT-0120] Large net net1532 has 149 pins which may impact routing performance. Consider optimization.
[WARNING DRT-0120] Large net net1531 has 151 pins which may impact routing performance. Consider optimization.
[WARNING DRT-0120] Large net net1527 has 119 pins which may impact routing performance. Consider optimization.
[WARNING DRT-0120] Large net net1520 has 167 pins which may impact routing performance. Consider optimization.
[WARNING DRT-0120] Large net net1519 has 120 pins which may impact routing performance. Consider optimization.
[WARNING DRT-0120] Large net net1516 has 160 pins which may impact routing performance. Consider optimization.
[WARNING DRT-0120] Large net net1515 has 114 pins which may impact routing performance. Consider optimization.
[WARNING DRT-0120] Large net net1860 has 103 pins which may impact routing performance. Consider optimization.
[WARNING DRT-0120] Large net net71 has 169 pins which may impact routing performance. Consider optimization.

Design:                   keccak_lane_wrapper
Die area:                 ( 0 0 ) ( 674030 674030 )
Number of track patterns: 12
Number of DEF vias:       0
Number of components:     25729
Number of terminals:      142
Number of snets:          2
Number of nets:           19027

[INFO DRT-0167] List of default vias:
  Layer via
    default via: M1M2_PR
  Layer via2
    default via: M2M3_PR
  Layer via3
    default via: M3M4_PR
  Layer via4
    default via: M4M5_PR
[INFO DRT-0162] Library cell analysis.
[INFO DRT-0163] Instance analysis.
[INFO DRT-0164] Number of unique instances = 175.
[INFO DRT-0168] Init region query.
[INFO DRT-0024]   Complete FR_MASTERSLICE.
[INFO DRT-0024]   Complete Fr_VIA.
[INFO DRT-0024]   Complete li1.
[INFO DRT-0024]   Complete mcon.
[INFO DRT-0024]   Complete met1.
[INFO DRT-0024]   Complete via.
[INFO DRT-0024]   Complete met2.
[INFO DRT-0024]   Complete via2.
[INFO DRT-0024]   Complete met3.
[INFO DRT-0024]   Complete via3.
[INFO DRT-0024]   Complete met4.
[INFO DRT-0024]   Complete via4.
[INFO DRT-0024]   Complete met5.
[INFO DRT-0033] FR_MASTERSLICE shape region query size = 0.
[INFO DRT-0033] FR_VIA shape region query size = 0.
[INFO DRT-0033] li1 shape region query size = 696059.
[INFO DRT-0033] mcon shape region query size = 404055.
[INFO DRT-0033] met1 shape region query size = 115337.
[INFO DRT-0033] via shape region query size = 30260.
[INFO DRT-0033] met2 shape region query size = 18226.
[INFO DRT-0033] via2 shape region query size = 24208.
[INFO DRT-0033] met3 shape region query size = 18226.
[INFO DRT-0033] via3 shape region query size = 24208.
[INFO DRT-0033] met4 shape region query size = 7302.
[INFO DRT-0033] via4 shape region query size = 1201.
[INFO DRT-0033] met5 shape region query size = 1299.
[INFO DRT-0165] Start pin access.
[INFO DRT-0076]   Complete 1000 pins.
[INFO DRT-0078]   Complete 1354 pins.
[INFO DRT-0079]   Complete 100 unique inst patterns.
[INFO DRT-0081]   Complete 175 unique inst patterns.
[INFO DRT-0082]   Complete 10000 groups.
[INFO DRT-0084]   Complete 14416 groups.
#scanned instances     = 25729
#unique  instances     = 175
#stdCellGenAp          = 5770
#stdCellValidPlanarAp  = 105
#stdCellValidViaAp     = 3995
#stdCellPinNoAp        = 0
#stdCellPinCnt         = 74917
#instTermValidViaApCnt = 0
#macroGenAp            = 0
#macroValidPlanarAp    = 0
#macroValidViaAp       = 0
#macroNoAp             = 0
[INFO DRT-0166] Complete pin access.
[INFO DRT-0267] cpu time = 00:07:32, elapsed time = 00:01:09, memory = 450.79 (MB), peak = 462.66 (MB)
[INFO DRT-0156] guideIn read 100000 guides.
[INFO DRT-0156] guideIn read 200000 guides.

[INFO DRT-0157] Number of guides:     218458

[INFO DRT-0169] Post process guides.
[INFO DRT-0176] GCELLGRID X 0 DO 97 STEP 6900 ;
[INFO DRT-0177] GCELLGRID Y 0 DO 97 STEP 6900 ;
[INFO DRT-0026]   Complete 100000 origin guides.
[INFO DRT-0026]   Complete 200000 origin guides.
[INFO DRT-0028]   Complete FR_MASTERSLICE.
[INFO DRT-0028]   Complete Fr_VIA.
[INFO DRT-0028]   Complete li1.
[INFO DRT-0028]   Complete mcon.
[INFO DRT-0028]   Complete met1.
[INFO DRT-0028]   Complete via.
[INFO DRT-0028]   Complete met2.
[INFO DRT-0028]   Complete via2.
[INFO DRT-0028]   Complete met3.
[INFO DRT-0028]   Complete via3.
[INFO DRT-0028]   Complete met4.
[INFO DRT-0028]   Complete via4.
[INFO DRT-0028]   Complete met5.
[INFO DRT-0178] Init guide query.
[INFO DRT-0035]   Complete FR_MASTERSLICE (guide).
[INFO DRT-0035]   Complete Fr_VIA (guide).
[INFO DRT-0035]   Complete li1 (guide).
[INFO DRT-0035]   Complete mcon (guide).
[INFO DRT-0035]   Complete met1 (guide).
[INFO DRT-0035]   Complete via (guide).
[INFO DRT-0035]   Complete met2 (guide).
[INFO DRT-0035]   Complete via2 (guide).
[INFO DRT-0035]   Complete met3 (guide).
[INFO DRT-0035]   Complete via3 (guide).
[INFO DRT-0035]   Complete met4 (guide).
[INFO DRT-0035]   Complete via4 (guide).
[INFO DRT-0035]   Complete met5 (guide).
[INFO DRT-0036] FR_MASTERSLICE guide region query size = 0.
[INFO DRT-0036] FR_VIA guide region query size = 0.
[INFO DRT-0036] li1 guide region query size = 62360.
[INFO DRT-0036] mcon guide region query size = 0.
[INFO DRT-0036] met1 guide region query size = 61976.
[INFO DRT-0036] via guide region query size = 0.
[INFO DRT-0036] met2 guide region query size = 36163.
[INFO DRT-0036] via2 guide region query size = 0.
[INFO DRT-0036] met3 guide region query size = 7505.
[INFO DRT-0036] via3 guide region query size = 0.
[INFO DRT-0036] met4 guide region query size = 3407.
[INFO DRT-0036] via4 guide region query size = 0.
[INFO DRT-0036] met5 guide region query size = 307.
[INFO DRT-0179] Init gr pin query.
[INFO DRT-0267] cpu time = 00:00:02, elapsed time = 00:00:00, memory = 523.64 (MB), peak = 522.84 (MB)
[INFO DRT-0245] skipped writing guide updates to database.
[INFO DRT-0181] Start track assignment.
[INFO DRT-0184] Done with 101930 vertical wires in 2 frboxes and 69788 horizontal wires in 2 frboxes.
[INFO DRT-0186] Done with 20488 vertical wires in 2 frboxes and 30470 horizontal wires in 2 frboxes.
[INFO DRT-0182] Complete track assignment.
[INFO DRT-0267] cpu time = 00:00:24, elapsed time = 00:00:15, memory = 950.69 (MB), peak = 1002.97 (MB)
[INFO DRT-0187] Start routing data preparation.
[INFO DRT-0267] cpu time = 00:00:00, elapsed time = 00:00:00, memory = 950.69 (MB), peak = 1002.97 (MB)
[INFO DRT-0194] Start detail routing.
[INFO DRT-0195] Start 0th optimization iteration.
    Completing 10% with 0 violations.
    elapsed time = 00:00:49, memory = 1550.98 (MB).
    Completing 20% with 0 violations.
    elapsed time = 00:01:35, memory = 1876.73 (MB).
    Completing 30% with 12317 violations.
    elapsed time = 00:02:27, memory = 2049.00 (MB).
    Completing 40% with 12317 violations.
    elapsed time = 00:03:13, memory = 2106.07 (MB).
    Completing 50% with 12317 violations.
    elapsed time = 00:04:01, memory = 2006.34 (MB).
    Completing 60% with 25380 violations.
    elapsed time = 00:05:10, memory = 2162.36 (MB).
    Completing 70% with 25380 violations.
    elapsed time = 00:06:01, memory = 2186.10 (MB).
    Completing 80% with 38273 violations.
    elapsed time = 00:07:20, memory = 2352.18 (MB).
    Completing 90% with 38273 violations.
    elapsed time = 00:08:03, memory = 2440.74 (MB).
    Completing 100% with 51048 violations.
    elapsed time = 00:09:14, memory = 2135.16 (MB).
[INFO DRT-0199]   Number of violations = 55162.
Viol/Layer         li1   mcon   met1    via   met2   met3   via3   met4   via4   met5
Cut Spacing          0    114      0      2      0      0      0      0      5      0
Metal Spacing        0      0   5875      0   2352    826      0    178      0     59
Min Hole             0      0     34      0      1      0      0      0      0      0
NS Metal             0      0      3      0      0      0      0      0      0      0
Recheck             12      0   2265      0   1121    394      0    258      0     64
Short                0      3  32804     41   7077   1207      6    401      7     53
[INFO DRT-0267] cpu time = 00:52:01, elapsed time = 00:09:15, memory = 2337.29 (MB), peak = 2479.07 (MB)
Total wire length = 1686083 um.
Total wire length on LAYER li1 = 0 um.
Total wire length on LAYER met1 = 579045 um.
Total wire length on LAYER met2 = 595192 um.
Total wire length on LAYER met3 = 294922 um.
Total wire length on LAYER met4 = 205847 um.
Total wire length on LAYER met5 = 11075 um.
Total number of vias = 201784.
Up-via summary (total 201784):

-------------------------
 FR_MASTERSLICE         0
            li1     72232
           met1    107316
           met2     15489
           met3      6375
           met4       372
-------------------------
               201784


[INFO DRT-0195] Start 1st optimization iteration.
    Completing 10% with 55162 violations.
    elapsed time = 00:00:50, memory = 2559.69 (MB).
    Completing 20% with 55162 violations.
    elapsed time = 00:01:40, memory = 2697.15 (MB).
    Completing 30% with 52494 violations.
    elapsed time = 00:02:36, memory = 2644.70 (MB).
    Completing 40% with 52494 violations.
    elapsed time = 00:03:31, memory = 2773.43 (MB).
    Completing 50% with 52494 violations.
    elapsed time = 00:04:28, memory = 2725.53 (MB).
    Completing 60% with 49087 violations.
    elapsed time = 00:05:56, memory = 2784.70 (MB).
    Completing 70% with 49087 violations.
    elapsed time = 00:06:43, memory = 2718.18 (MB).
    Completing 80% with 44808 violations.
    elapsed time = 00:08:18, memory = 2882.30 (MB).
    Completing 90% with 44808 violations.
    elapsed time = 00:09:20, memory = 2792.06 (MB).
    Completing 100% with 41013 violations.
    elapsed time = 00:10:49, memory = 2484.18 (MB).
[INFO DRT-0199]   Number of violations = 41013.
Viol/Layer        mcon   met1    via   met2   met3   via3   met4   met5
Cut Spacing        251      0      0      0      0      1      0      0
Metal Spacing        0   5225      0   1576    549      0     27     10
Min Hole             0      1      0      0      0      0      0      0
NS Metal             0      1      0      0      0      0      0      0
Short                0  28463     13   4278    485      0    132      1
[INFO DRT-0267] cpu time = 00:52:21, elapsed time = 00:10:50, memory = 2467.05 (MB), peak = 2933.57 (MB)
Total wire length = 1675654 um.
Total wire length on LAYER li1 = 0 um.
Total wire length on LAYER met1 = 570190 um.
Total wire length on LAYER met2 = 592172 um.
Total wire length on LAYER met3 = 297962 um.
Total wire length on LAYER met4 = 205054 um.
Total wire length on LAYER met5 = 10274 um.
Total number of vias = 200487.
Up-via summary (total 200487):

-------------------------
 FR_MASTERSLICE         0
            li1     72291
           met1    105734
           met2     15936
           met3      6250
           met4       276
-------------------------
               200487


[INFO DRT-0195] Start 2nd optimization iteration.
    Completing 10% with 41013 violations.
    elapsed time = 00:00:58, memory = 2719.12 (MB).
    Completing 20% with 41013 violations.
    elapsed time = 00:01:43, memory = 2838.36 (MB).
    Completing 30% with 40961 violations.
    elapsed time = 00:02:42, memory = 2750.87 (MB).
    Completing 40% with 40961 violations.
    elapsed time = 00:03:21, memory = 2833.88 (MB).
    Completing 50% with 40961 violations.
    elapsed time = 00:04:19, memory = 2487.74 (MB).
    Completing 60% with 40130 violations.
    elapsed time = 00:05:20, memory = 2762.94 (MB).
    Completing 70% with 40130 violations.
    elapsed time = 00:05:50, memory = 2686.48 (MB).
    Completing 80% with 39410 violations.
    elapsed time = 00:06:35, memory = 2742.15 (MB).
    Completing 90% with 39410 violations.
    elapsed time = 00:07:00, memory = 2795.63 (MB).
    Completing 100% with 38657 violations.
    elapsed time = 00:07:39, memory = 2471.44 (MB).
[INFO DRT-0199]   Number of violations = 38657.
Viol/Layer        mcon   met1    via   met2   met3   met4   met5
Cut Spacing        256      0      0      0      0      0      0
Metal Spacing        0   5187      0   1416    503     23      6
Short                0  27064     10   3724    346    120      2
[INFO DRT-0267] cpu time = 00:48:44, elapsed time = 00:07:41, memory = 2481.95 (MB), peak = 2933.57 (MB)
Total wire length = 1673475 um.
Total wire length on LAYER li1 = 0 um.
Total wire length on LAYER met1 = 569304 um.
Total wire length on LAYER met2 = 591086 um.
Total wire length on LAYER met3 = 297722 um.
Total wire length on LAYER met4 = 205157 um.
Total wire length on LAYER met5 = 10203 um.
Total number of vias = 199427.
Up-via summary (total 199427):

-------------------------
 FR_MASTERSLICE         0
            li1     72283
           met1    105007
           met2     15703
           met3      6157
           met4       277
-------------------------
               199427


[INFO DRT-0195] Start 3rd optimization iteration.
    Completing 10% with 38657 violations.
    elapsed time = 00:01:36, memory = 2666.45 (MB).
    Completing 20% with 38657 violations.
    elapsed time = 00:02:43, memory = 2788.74 (MB).
    Completing 30% with 31971 violations.
    elapsed time = 00:04:17, memory = 2748.43 (MB).
    Completing 40% with 31971 violations.
    elapsed time = 00:05:36, memory = 2785.19 (MB).
    Completing 50% with 31971 violations.
    elapsed time = 00:07:02, memory = 2482.23 (MB).
    Completing 60% with 25138 violations.
    elapsed time = 00:08:46, memory = 2757.52 (MB).
    Completing 70% with 25138 violations.
    elapsed time = 00:10:12, memory = 2708.00 (MB).
    Completing 80% with 18988 violations.
    elapsed time = 00:11:36, memory = 2748.85 (MB).
    Completing 90% with 18988 violations.
    elapsed time = 00:12:37, memory = 2839.75 (MB).
    Completing 100% with 13070 violations.
    elapsed time = 00:13:42, memory = 2489.59 (MB).
[INFO DRT-0199]   Number of violations = 13070.
Viol/Layer        mcon   met1    via   met2   met3   met4   met5
Cut Spacing         54      0      1      0      0      0      0
Metal Spacing        0   3076      0    909    102     14      5
Min Hole             0      6      0      0      0      0      0
NS Metal             0      4      0      0      0      0      0
Short                0   7126      2   1667     65     31      8
[INFO DRT-0267] cpu time = 01:27:02, elapsed time = 00:13:43, memory = 2489.71 (MB), peak = 2933.57 (MB)
Total wire length = 1676735 um.
Total wire length on LAYER li1 = 0 um.
Total wire length on LAYER met1 = 520553 um.
Total wire length on LAYER met2 = 582151 um.
Total wire length on LAYER met3 = 343030 um.
Total wire length on LAYER met4 = 220646 um.
Total wire length on LAYER met5 = 10353 um.
Total number of vias = 215222.
Up-via summary (total 215222):

-------------------------
 FR_MASTERSLICE         0
            li1     72267
           met1    109466
           met2     25157
           met3      8073
           met4       259
-------------------------
               215222


[INFO DRT-0195] Start 4th optimization iteration.
    Completing 10% with 13070 violations.
    elapsed time = 00:00:26, memory = 2697.77 (MB).
    Completing 20% with 13070 violations.
    elapsed time = 00:00:55, memory = 2817.35 (MB).
    Completing 30% with 10725 violations.
    elapsed time = 00:01:44, memory = 2729.11 (MB).
    Completing 40% with 10725 violations.
    elapsed time = 00:02:19, memory = 2775.71 (MB).
    Completing 50% with 10725 violations.
    elapsed time = 00:03:20, memory = 2512.77 (MB).
    Completing 60% with 8587 violations.
    elapsed time = 00:04:04, memory = 2773.74 (MB).
    Completing 70% with 8587 violations.
    elapsed time = 00:04:38, memory = 2868.27 (MB).
    Completing 80% with 6442 violations.
    elapsed time = 00:05:27, memory = 2826.43 (MB).
    Completing 90% with 6442 violations.
    elapsed time = 00:06:08, memory = 2921.71 (MB).
    Completing 100% with 4149 violations.
    elapsed time = 00:06:49, memory = 2560.07 (MB).
[INFO DRT-0199]   Number of violations = 4155.
Viol/Layer        mcon   met1    via   met2   met3   met4
Cut Spacing         12      0      1      0      0      0
Metal Spacing        0   1225      0    306     42      1
Min Hole             0      2      0      2      0      0
Recheck              0      6      0      0      0      0
Short                0   2065      0    458     30      5
[INFO DRT-0267] cpu time = 00:39:27, elapsed time = 00:06:50, memory = 2560.07 (MB), peak = 3019.86 (MB)
Total wire length = 1676940 um.
Total wire length on LAYER li1 = 0 um.
Total wire length on LAYER met1 = 514165 um.
Total wire length on LAYER met2 = 578731 um.
Total wire length on LAYER met3 = 348457 um.
Total wire length on LAYER met4 = 225250 um.
Total wire length on LAYER met5 = 10335 um.
Total number of vias = 216687.
Up-via summary (total 216687):

-------------------------
 FR_MASTERSLICE         0
            li1     72261
           met1    109713
           met2     25940
           met3      8516
           met4       257
-------------------------
               216687


[INFO DRT-0195] Start 5th optimization iteration.
    Completing 10% with 4155 violations.
    elapsed time = 00:00:09, memory = 2801.40 (MB).
    Completing 20% with 4155 violations.
    elapsed time = 00:00:29, memory = 2886.07 (MB).
    Completing 30% with 3666 violations.
    elapsed time = 00:00:47, memory = 2560.07 (MB).
    Completing 40% with 3666 violations.
    elapsed time = 00:01:03, memory = 2876.43 (MB).
    Completing 50% with 3666 violations.
    elapsed time = 00:01:22, memory = 2853.58 (MB).
    Completing 60% with 2886 violations.
    elapsed time = 00:01:53, memory = 2923.17 (MB).
    Completing 70% with 2886 violations.
    elapsed time = 00:02:23, memory = 2924.32 (MB).
    Completing 80% with 2387 violations.
    elapsed time = 00:02:53, memory = 2986.46 (MB).
    Completing 90% with 2387 violations.
    elapsed time = 00:03:24, memory = 2966.68 (MB).
    Completing 100% with 1584 violations.
    elapsed time = 00:03:59, memory = 2617.62 (MB).
[INFO DRT-0199]   Number of violations = 1584.
Viol/Layer        mcon   met1    via   met2   met3   met4
Cut Spacing          6      0      2      0      0      0
Metal Spacing        0    588      0    123      7      1
Min Hole             0      1      0      0      0      0
NS Metal             0      1      0      0      0      0
Short                0    695      0    153      7      0
[INFO DRT-0267] cpu time = 00:22:20, elapsed time = 00:04:00, memory = 2617.80 (MB), peak = 3034.44 (MB)
Total wire length = 1676813 um.
Total wire length on LAYER li1 = 0 um.
Total wire length on LAYER met1 = 511858 um.
Total wire length on LAYER met2 = 577216 um.
Total wire length on LAYER met3 = 350444 um.
Total wire length on LAYER met4 = 226940 um.
Total wire length on LAYER met5 = 10353 um.
Total number of vias = 217116.
Up-via summary (total 217116):

-------------------------
 FR_MASTERSLICE         0
            li1     72259
           met1    109737
           met2     26205
           met3      8658
           met4       257
-------------------------
               217116


[INFO DRT-0195] Start 6th optimization iteration.
    Completing 10% with 1584 violations.
    elapsed time = 00:00:00, memory = 2617.80 (MB).
    Completing 20% with 1584 violations.
    elapsed time = 00:00:10, memory = 2931.43 (MB).
    Completing 30% with 1405 violations.
    elapsed time = 00:00:34, memory = 2617.80 (MB).
    Completing 40% with 1405 violations.
    elapsed time = 00:00:44, memory = 2903.37 (MB).
    Completing 50% with 1405 violations.
    elapsed time = 00:01:00, memory = 2836.62 (MB).
    Completing 60% with 1140 violations.
    elapsed time = 00:01:15, memory = 2619.21 (MB).
    Completing 70% with 1140 violations.
    elapsed time = 00:01:22, memory = 2892.77 (MB).
    Completing 80% with 867 violations.
    elapsed time = 00:01:54, memory = 2646.29 (MB).
    Completing 90% with 867 violations.
    elapsed time = 00:02:12, memory = 2874.19 (MB).
    Completing 100% with 598 violations.
    elapsed time = 00:02:34, memory = 2625.65 (MB).
[INFO DRT-0199]   Number of violations = 598.
Viol/Layer        mcon   met1   met2   met4
Cut Spacing          7      0      0      0
Metal Spacing        0    251     35      2
Short                0    273     30      0
[INFO DRT-0267] cpu time = 00:13:33, elapsed time = 00:02:34, memory = 2625.65 (MB), peak = 3034.44 (MB)
Total wire length = 1676681 um.
Total wire length on LAYER li1 = 0 um.
Total wire length on LAYER met1 = 510805 um.
Total wire length on LAYER met2 = 576611 um.
Total wire length on LAYER met3 = 351234 um.
Total wire length on LAYER met4 = 227672 um.
Total wire length on LAYER met5 = 10357 um.
Total number of vias = 217173.
Up-via summary (total 217173):

-------------------------
 FR_MASTERSLICE         0
            li1     72259
           met1    109664
           met2     26277
           met3      8716
           met4       257
-------------------------
               217173


[INFO DRT-0195] Start 7th optimization iteration.
    Completing 10% with 598 violations.
    elapsed time = 00:00:00, memory = 2625.65 (MB).
    Completing 20% with 598 violations.
    elapsed time = 00:00:04, memory = 2872.90 (MB).
    Completing 30% with 550 violations.
    elapsed time = 00:00:44, memory = 2625.65 (MB).
    Completing 40% with 550 violations.
    elapsed time = 00:00:45, memory = 2925.79 (MB).
    Completing 50% with 550 violations.
    elapsed time = 00:00:53, memory = 2834.40 (MB).
    Completing 60% with 470 violations.
    elapsed time = 00:01:04, memory = 2625.65 (MB).
    Completing 70% with 470 violations.
    elapsed time = 00:01:06, memory = 2906.72 (MB).
    Completing 80% with 385 violations.
    elapsed time = 00:01:26, memory = 2637.83 (MB).
    Completing 90% with 385 violations.
    elapsed time = 00:01:28, memory = 2831.55 (MB).
    Completing 100% with 303 violations.
    elapsed time = 00:01:39, memory = 2637.84 (MB).
[INFO DRT-0199]   Number of violations = 303.
Viol/Layer        mcon   met1   met2   met4
Cut Spacing          4      0      0      0
Metal Spacing        0    129     14      2
Short                0    139     15      0
[INFO DRT-0267] cpu time = 00:07:31, elapsed time = 00:01:40, memory = 2637.84 (MB), peak = 3034.44 (MB)
Total wire length = 1676592 um.
Total wire length on LAYER li1 = 0 um.
Total wire length on LAYER met1 = 510415 um.
Total wire length on LAYER met2 = 576384 um.
Total wire length on LAYER met3 = 351527 um.
Total wire length on LAYER met4 = 227907 um.
Total wire length on LAYER met5 = 10357 um.
Total number of vias = 217177.
Up-via summary (total 217177):

-------------------------
 FR_MASTERSLICE         0
            li1     72258
           met1    109624
           met2     26305
           met3      8733
           met4       257
-------------------------
               217177


[INFO DRT-0195] Start 8th optimization iteration.
    Completing 10% with 303 violations.
    elapsed time = 00:00:00, memory = 2637.84 (MB).
    Completing 20% with 303 violations.
    elapsed time = 00:00:04, memory = 3064.26 (MB).
    Completing 30% with 235 violations.
    elapsed time = 00:00:28, memory = 2637.84 (MB).
    Completing 40% with 235 violations.
    elapsed time = 00:00:28, memory = 2720.32 (MB).
    Completing 50% with 235 violations.
    elapsed time = 00:01:06, memory = 2637.84 (MB).
    Completing 60% with 219 violations.
    elapsed time = 00:01:06, memory = 2637.84 (MB).
    Completing 70% with 219 violations.
    elapsed time = 00:01:08, memory = 3073.16 (MB).
    Completing 80% with 185 violations.
    elapsed time = 00:01:27, memory = 2637.84 (MB).
    Completing 90% with 185 violations.
    elapsed time = 00:01:27, memory = 2637.84 (MB).
    Completing 100% with 165 violations.
    elapsed time = 00:01:45, memory = 2637.84 (MB).
[INFO DRT-0199]   Number of violations = 165.
Viol/Layer        mcon   met1   met2
Cut Spacing          2      0      0
Metal Spacing        0     82     12
Short                0     68      1
[INFO DRT-0267] cpu time = 00:07:12, elapsed time = 00:01:46, memory = 2637.84 (MB), peak = 3409.34 (MB)
Total wire length = 1676669 um.
Total wire length on LAYER li1 = 0 um.
Total wire length on LAYER met1 = 510151 um.
Total wire length on LAYER met2 = 576119 um.
Total wire length on LAYER met3 = 351749 um.
Total wire length on LAYER met4 = 228291 um.
Total wire length on LAYER met5 = 10356 um.
Total number of vias = 217219.
Up-via summary (total 217219):

-------------------------
 FR_MASTERSLICE         0
            li1     72260
           met1    109614
           met2     26325
           met3      8763
           met4       257
-------------------------
               217219


[INFO DRT-0195] Start 9th optimization iteration.
    Completing 10% with 165 violations.
    elapsed time = 00:00:00, memory = 2637.84 (MB).
    Completing 20% with 165 violations.
    elapsed time = 00:00:00, memory = 2637.84 (MB).
    Completing 30% with 147 violations.
    elapsed time = 00:00:27, memory = 2637.84 (MB).
    Completing 40% with 147 violations.
    elapsed time = 00:00:27, memory = 2637.84 (MB).
    Completing 50% with 147 violations.
    elapsed time = 00:01:04, memory = 2637.84 (MB).
    Completing 60% with 143 violations.
    elapsed time = 00:01:04, memory = 2637.84 (MB).
    Completing 70% with 143 violations.
    elapsed time = 00:01:22, memory = 3253.04 (MB).
    Completing 80% with 134 violations.
    elapsed time = 00:02:01, memory = 2637.84 (MB).
    Completing 90% with 134 violations.
    elapsed time = 00:02:01, memory = 2637.84 (MB).
    Completing 100% with 94 violations.
    elapsed time = 00:03:26, memory = 2637.84 (MB).
[INFO DRT-0199]   Number of violations = 94.
Viol/Layer        mcon   met1   met2
Cut Spacing          2      0      0
Metal Spacing        0     42      9
Short                0     40      1
[INFO DRT-0267] cpu time = 00:07:10, elapsed time = 00:03:26, memory = 2637.84 (MB), peak = 3628.31 (MB)
Total wire length = 1676626 um.
Total wire length on LAYER li1 = 0 um.
Total wire length on LAYER met1 = 510028 um.
Total wire length on LAYER met2 = 576033 um.
Total wire length on LAYER met3 = 351879 um.
Total wire length on LAYER met4 = 228328 um.
Total wire length on LAYER met5 = 10356 um.
Total number of vias = 217209.
Up-via summary (total 217209):

-------------------------
 FR_MASTERSLICE         0
            li1     72260
           met1    109586
           met2     26338
           met3      8768
           met4       257
-------------------------
               217209


[INFO DRT-0195] Start 10th guides tiles iteration.
    Completing 10% with 94 violations.
    elapsed time = 00:00:00, memory = 2637.84 (MB).
    Completing 20% with 94 violations.
    elapsed time = 00:00:00, memory = 2637.84 (MB).
    Completing 30% with 94 violations.
    elapsed time = 00:00:00, memory = 2637.84 (MB).
    Completing 40% with 94 violations.
    elapsed time = 00:00:01, memory = 2637.84 (MB).
    Completing 50% with 94 violations.
    elapsed time = 00:00:01, memory = 2637.84 (MB).
    Completing 60% with 94 violations.
    elapsed time = 00:00:07, memory = 2637.84 (MB).
    Completing 70% with 36 violations.
    elapsed time = 00:00:07, memory = 2637.84 (MB).
    Completing 80% with 36 violations.
    elapsed time = 00:00:07, memory = 2637.84 (MB).
    Completing 90% with 36 violations.
    elapsed time = 00:00:08, memory = 2637.84 (MB).
    Completing 100% with 26 violations.
    elapsed time = 00:00:09, memory = 2637.84 (MB).
[INFO DRT-0199]   Number of violations = 26.
Viol/Layer        met1   met2
Metal Spacing       13      5
Short                8      0
[INFO DRT-0267] cpu time = 00:00:22, elapsed time = 00:00:09, memory = 2578.91 (MB), peak = 3628.31 (MB)
Total wire length = 1676697 um.
Total wire length on LAYER li1 = 0 um.
Total wire length on LAYER met1 = 510079 um.
Total wire length on LAYER met2 = 576023 um.
Total wire length on LAYER met3 = 351868 um.
Total wire length on LAYER met4 = 228368 um.
Total wire length on LAYER met5 = 10356 um.
Total number of vias = 217251.
Up-via summary (total 217251):

-------------------------
 FR_MASTERSLICE         0
            li1     72259
           met1    109609
           met2     26348
           met3      8778
           met4       257
-------------------------
               217251


[INFO DRT-0195] Start 11th guides tiles iteration.
    Completing 10% with 26 violations.
    elapsed time = 00:00:00, memory = 2578.91 (MB).
    Completing 20% with 26 violations.
    elapsed time = 00:00:00, memory = 2578.91 (MB).
    Completing 30% with 26 violations.
    elapsed time = 00:00:00, memory = 2578.91 (MB).
    Completing 40% with 26 violations.
    elapsed time = 00:00:00, memory = 2578.91 (MB).
    Completing 50% with 26 violations.
    elapsed time = 00:00:00, memory = 2578.91 (MB).
    Completing 60% with 26 violations.
    elapsed time = 00:00:00, memory = 2578.91 (MB).
    Completing 70% with 25 violations.
    elapsed time = 00:00:01, memory = 2578.91 (MB).
    Completing 80% with 25 violations.
    elapsed time = 00:00:01, memory = 2578.91 (MB).
    Completing 90% with 25 violations.
    elapsed time = 00:00:01, memory = 2578.91 (MB).
    Completing 100% with 22 violations.
    elapsed time = 00:00:01, memory = 2578.91 (MB).
[INFO DRT-0199]   Number of violations = 22.
Viol/Layer        met1   met2
Metal Spacing       10      5
Short                7      0
[INFO DRT-0267] cpu time = 00:00:05, elapsed time = 00:00:01, memory = 2578.91 (MB), peak = 3628.31 (MB)
Total wire length = 1676685 um.
Total wire length on LAYER li1 = 0 um.
Total wire length on LAYER met1 = 510069 um.
Total wire length on LAYER met2 = 576031 um.
Total wire length on LAYER met3 = 351865 um.
Total wire length on LAYER met4 = 228362 um.
Total wire length on LAYER met5 = 10356 um.
Total number of vias = 217244.
Up-via summary (total 217244):

-------------------------
 FR_MASTERSLICE         0
            li1     72259
           met1    109606
           met2     26346
           met3      8776
           met4       257
-------------------------
               217244


[INFO DRT-0195] Start 12th guides tiles iteration.
    Completing 10% with 22 violations.
    elapsed time = 00:00:00, memory = 2578.91 (MB).
    Completing 20% with 22 violations.
    elapsed time = 00:00:00, memory = 2578.91 (MB).
    Completing 30% with 22 violations.
    elapsed time = 00:00:00, memory = 2578.91 (MB).
    Completing 40% with 22 violations.
    elapsed time = 00:00:00, memory = 2578.91 (MB).
    Completing 50% with 22 violations.
    elapsed time = 00:00:00, memory = 2578.91 (MB).
    Completing 60% with 22 violations.
    elapsed time = 00:00:00, memory = 2578.91 (MB).
    Completing 70% with 22 violations.
    elapsed time = 00:00:01, memory = 2578.91 (MB).
    Completing 80% with 22 violations.
    elapsed time = 00:00:01, memory = 2578.91 (MB).
    Completing 100% with 22 violations.
    elapsed time = 00:00:01, memory = 2578.91 (MB).
[INFO DRT-0199]   Number of violations = 22.
Viol/Layer        met1   met2
Metal Spacing       10      5
Short                7      0
[INFO DRT-0267] cpu time = 00:00:04, elapsed time = 00:00:01, memory = 2578.91 (MB), peak = 3628.31 (MB)
Total wire length = 1676689 um.
Total wire length on LAYER li1 = 0 um.
Total wire length on LAYER met1 = 510072 um.
Total wire length on LAYER met2 = 576031 um.
Total wire length on LAYER met3 = 351865 um.
Total wire length on LAYER met4 = 228362 um.
Total wire length on LAYER met5 = 10356 um.
Total number of vias = 217244.
Up-via summary (total 217244):

-------------------------
 FR_MASTERSLICE         0
            li1     72259
           met1    109606
           met2     26346
           met3      8776
           met4       257
-------------------------
               217244


[INFO DRT-0195] Start 13th stubborn tiles iteration.
    Completing 10% with 22 violations.
    elapsed time = 00:00:51, memory = 3024.35 (MB).
    Completing 20% with 22 violations.
    elapsed time = 00:01:26, memory = 3530.08 (MB).
    Completing 30% with 22 violations.
    elapsed time = 00:02:02, memory = 3841.38 (MB).
    Completing 40% with 22 violations.
    elapsed time = 00:02:18, memory = 4386.07 (MB).
    Completing 50% with 22 violations.
    elapsed time = 00:02:57, memory = 4974.16 (MB).
    Completing 60% with 22 violations.
    elapsed time = 00:03:24, memory = 5335.23 (MB).
    Completing 70% with 22 violations.
    elapsed time = 00:03:47, memory = 5528.52 (MB).
    Completing 80% with 11 violations.
    elapsed time = 00:04:14, memory = 5695.89 (MB).
    Completing 90% with 11 violations.
    elapsed time = 00:04:24, memory = 5757.31 (MB).
    Completing 100% with 4 violations.
    elapsed time = 00:04:53, memory = 5353.00 (MB).
[INFO DRT-0199]   Number of violations = 4.
Viol/Layer        met1
Metal Spacing        4
[INFO DRT-0267] cpu time = 00:33:37, elapsed time = 00:04:53, memory = 5355.88 (MB), peak = 5937.39 (MB)
Total wire length = 1676693 um.
Total wire length on LAYER li1 = 0 um.
Total wire length on LAYER met1 = 510047 um.
Total wire length on LAYER met2 = 576035 um.
Total wire length on LAYER met3 = 351874 um.
Total wire length on LAYER met4 = 228379 um.
Total wire length on LAYER met5 = 10356 um.
Total number of vias = 217250.
Up-via summary (total 217250):

-------------------------
 FR_MASTERSLICE         0
            li1     72259
           met1    109616
           met2     26343
           met3      8775
           met4       257
-------------------------
               217250


[INFO DRT-0195] Start 14th guides tiles iteration.
    Completing 50% with 4 violations.
    elapsed time = 00:00:01, memory = 5355.88 (MB).
    Completing 100% with 4 violations.
    elapsed time = 00:00:01, memory = 5355.88 (MB).
[INFO DRT-0199]   Number of violations = 4.
Viol/Layer        met1
Metal Spacing        4
[INFO DRT-0267] cpu time = 00:00:01, elapsed time = 00:00:01, memory = 5355.88 (MB), peak = 5937.39 (MB)
Total wire length = 1676693 um.
Total wire length on LAYER li1 = 0 um.
Total wire length on LAYER met1 = 510047 um.
Total wire length on LAYER met2 = 576035 um.
Total wire length on LAYER met3 = 351874 um.
Total wire length on LAYER met4 = 228379 um.
Total wire length on LAYER met5 = 10356 um.
Total number of vias = 217250.
Up-via summary (total 217250):

-------------------------
 FR_MASTERSLICE         0
            li1     72259
           met1    109616
           met2     26343
           met3      8775
           met4       257
-------------------------
               217250


[INFO DRT-0195] Start 15th guides tiles iteration.
    Completing 50% with 4 violations.
    elapsed time = 00:00:00, memory = 5355.88 (MB).
    Completing 100% with 4 violations.
    elapsed time = 00:00:01, memory = 5355.88 (MB).
[INFO DRT-0199]   Number of violations = 4.
Viol/Layer        met1
Metal Spacing        4
[INFO DRT-0267] cpu time = 00:00:01, elapsed time = 00:00:01, memory = 5355.88 (MB), peak = 5937.39 (MB)
Total wire length = 1676693 um.
Total wire length on LAYER li1 = 0 um.
Total wire length on LAYER met1 = 510047 um.
Total wire length on LAYER met2 = 576035 um.
Total wire length on LAYER met3 = 351874 um.
Total wire length on LAYER met4 = 228379 um.
Total wire length on LAYER met5 = 10356 um.
Total number of vias = 217250.
Up-via summary (total 217250):

-------------------------
 FR_MASTERSLICE         0
            li1     72259
           met1    109616
           met2     26343
           met3      8775
           met4       257
-------------------------
               217250


[INFO DRT-0195] Start 16th stubborn tiles iteration.
    Completing 10% with 4 violations.
    elapsed time = 00:00:08, memory = 5458.08 (MB).
    Completing 20% with 4 violations.
    elapsed time = 00:00:11, memory = 5489.80 (MB).
    Completing 30% with 4 violations.
    elapsed time = 00:00:15, memory = 5489.80 (MB).
    Completing 40% with 4 violations.
    elapsed time = 00:00:18, memory = 5489.80 (MB).
    Completing 50% with 4 violations.
    elapsed time = 00:00:21, memory = 5596.50 (MB).
    Completing 60% with 4 violations.
    elapsed time = 00:00:25, memory = 5507.15 (MB).
    Completing 70% with 4 violations.
    elapsed time = 00:00:29, memory = 5501.12 (MB).
    Completing 80% with 4 violations.
    elapsed time = 00:00:32, memory = 5465.55 (MB).
    Completing 90% with 4 violations.
    elapsed time = 00:00:36, memory = 5465.55 (MB).
    Completing 100% with 0 violations.
    elapsed time = 00:00:43, memory = 5394.42 (MB).
[INFO DRT-0199]   Number of violations = 0.
[INFO DRT-0267] cpu time = 00:04:48, elapsed time = 00:00:43, memory = 5394.42 (MB), peak = 5937.39 (MB)
Total wire length = 1676771 um.
Total wire length on LAYER li1 = 0 um.
Total wire length on LAYER met1 = 510054 um.
Total wire length on LAYER met2 = 575979 um.
Total wire length on LAYER met3 = 351929 um.
Total wire length on LAYER met4 = 228451 um.
Total wire length on LAYER met5 = 10356 um.
Total number of vias = 217266.
Up-via summary (total 217266):

-------------------------
 FR_MASTERSLICE         0
            li1     72260
           met1    109620
           met2     26350
           met3      8779
           met4       257
-------------------------
               217266


[INFO DRT-0198] Complete detail routing.
Total wire length = 1676771 um.
Total wire length on LAYER li1 = 0 um.
Total wire length on LAYER met1 = 510054 um.
Total wire length on LAYER met2 = 575979 um.
Total wire length on LAYER met3 = 351929 um.
Total wire length on LAYER met4 = 228451 um.
Total wire length on LAYER met5 = 10356 um.
Total number of vias = 217266.
Up-via summary (total 217266):

-------------------------
 FR_MASTERSLICE         0
            li1     72260
           met1    109620
           met2     26350
           met3      8779
           met4       257
-------------------------
               217266


[INFO DRT-0267] cpu time = 06:16:29, elapsed time = 01:07:44, memory = 5394.48 (MB), peak = 5937.39 (MB)

[INFO DRT-0180] Post processing.
[INFO DRT-0501] Runtime: 4065.67s
Took 4153 seconds: detailed_route -output_drc /root/cac_runs/keccak_s7_10ns_ant10/reports/sky130hd/cac_keccak_s7_10ns/base/5_route_drc.rpt -output_maze /root/cac_runs/keccak_s7_10ns_ant10/results/sky130hd/cac_keccak_s7_10ns/base/maze.log -droute_end_iter 64 -verbose 1 -drc_report_iter_step 5
[INFO GRT-0012] Found 174 antenna violations.
[WARNING GRT-0243] Unable to repair antennas on net with diodes.
[INFO DPL-0006] Core area: 449380.99 um^2
[INFO DPL-0007] Movable instances area: 40.04 um^2
[INFO DPL-0008] Fixed instances area within core: 230897.70 um^2
[INFO DPL-0009] Utilization: 51.4%
[INFO DPL-0005] Diamond search max displacement: +/- 500 sites horizontally, +/- 100 rows vertically.
[INFO DPL-1102] Legalizing using negotiation legalizer.
[INFO DPL-1103] Negotiation base search window: +/-20 sites horizontally, +/-5 rows vertically 
	Automatic search window extension enabled.
	Search window extendable up to the max displacement cap of +/-500 sites, +/-100 rows near walls.
[INFO DPL-1104] NegotiationLegalizer DRC penalty: 5.
[INFO DPL-0392] Negotiation cell height distribution (1 unique row-count(s)):
[INFO DPL-0393]   height 1 row(s): 26020 cells
          |      Total |  Illegal |  Illegal
Iteration | Violations |    Cells |    Sites
---------------------------------------------
        0 |          0 |         0 |         0
Negotiation phase 1 converged at iteration 0.
[INFO DPL-0500] Runtime: 0.11s
[INFO GRT-0015] Inserted 291 diodes.
[WARNING DRT-0120] Large net net1900 has 171 pins which may impact routing performance. Consider optimization.
[WARNING DRT-0120] Large net net1885 has 110 pins which may impact routing performance. Consider optimization.
[WARNING DRT-0120] Large net net1867 has 102 pins which may impact routing performance. Consider optimization.
[WARNING DRT-0120] Large net net1532 has 149 pins which may impact routing performance. Consider optimization.
[WARNING DRT-0120] Large net net1531 has 151 pins which may impact routing performance. Consider optimization.
[WARNING DRT-0120] Large net net1527 has 119 pins which may impact routing performance. Consider optimization.
[WARNING DRT-0120] Large net net1520 has 167 pins which may impact routing performance. Consider optimization.
[WARNING DRT-0120] Large net net1519 has 120 pins which may impact routing performance. Consider optimization.
[WARNING DRT-0120] Large net net1516 has 160 pins which may impact routing performance. Consider optimization.
[WARNING DRT-0120] Large net net1515 has 114 pins which may impact routing performance. Consider optimization.
[WARNING DRT-0120] Large net net1860 has 103 pins which may impact routing performance. Consider optimization.
[WARNING DRT-0120] Large net net71 has 169 pins which may impact routing performance. Consider optimization.
[INFO DRT-0024]   Complete FR_MASTERSLICE.
[INFO DRT-0024]   Complete Fr_VIA.
[INFO DRT-0024]   Complete li1.
[INFO DRT-0024]   Complete mcon.
[INFO DRT-0024]   Complete met1.
[INFO DRT-0024]   Complete via.
[INFO DRT-0024]   Complete met2.
[INFO DRT-0024]   Complete via2.
[INFO DRT-0024]   Complete met3.
[INFO DRT-0024]   Complete via3.
[INFO DRT-0024]   Complete met4.
[INFO DRT-0024]   Complete via4.
[INFO DRT-0024]   Complete met5.
[INFO DRT-0165] Start pin access.
[INFO DRT-0076]   Complete 1000 pins.
[INFO DRT-0078]   Complete 1354 pins.
[INFO DRT-0079]   Complete 100 unique inst patterns.
[INFO DRT-0081]   Complete 175 unique inst patterns.
[INFO DRT-0082]   Complete 10000 groups.
[INFO DRT-0084]   Complete 14475 groups.
#scanned instances     = 26020
#unique  instances     = 175
#stdCellGenAp          = 5770
#stdCellValidPlanarAp  = 105
#stdCellValidViaAp     = 3995
#stdCellPinNoAp        = 0
#stdCellPinCnt         = 74917
#instTermValidViaApCnt = 0
#macroGenAp            = 0
#macroValidPlanarAp    = 0
#macroValidViaAp       = 0
#macroNoAp             = 0
[INFO DRT-0166] Complete pin access.
[INFO DRT-0267] cpu time = 00:07:14, elapsed time = 00:00:50, memory = 4244.96 (MB), peak = 5937.39 (MB)
[INFO DRT-0156] guideIn read 100000 guides.
[INFO DRT-0156] guideIn read 200000 guides.

[INFO DRT-0157] Number of guides:     215050

[INFO DRT-0169] Post process guides.
[INFO DRT-0176] GCELLGRID X 0 DO 97 STEP 6900 ;
[INFO DRT-0177] GCELLGRID Y 0 DO 97 STEP 6900 ;
[INFO DRT-0026]   Complete 100000 origin guides.
[INFO DRT-0026]   Complete 200000 origin guides.
[INFO DRT-0028]   Complete FR_MASTERSLICE.
[INFO DRT-0028]   Complete Fr_VIA.
[INFO DRT-0028]   Complete li1.
[INFO DRT-0028]   Complete mcon.
[INFO DRT-0028]   Complete met1.
[INFO DRT-0028]   Complete via.
[INFO DRT-0028]   Complete met2.
[INFO DRT-0028]   Complete via2.
[INFO DRT-0028]   Complete met3.
[INFO DRT-0028]   Complete via3.
[INFO DRT-0028]   Complete met4.
[INFO DRT-0028]   Complete via4.
[INFO DRT-0028]   Complete met5.
[INFO DRT-0178] Init guide query.
[INFO DRT-0035]   Complete FR_MASTERSLICE (guide).
[INFO DRT-0035]   Complete Fr_VIA (guide).
[INFO DRT-0035]   Complete li1 (guide).
[INFO DRT-0035]   Complete mcon (guide).
[INFO DRT-0035]   Complete met1 (guide).
[INFO DRT-0035]   Complete via (guide).
[INFO DRT-0035]   Complete met2 (guide).
[INFO DRT-0035]   Complete via2 (guide).
[INFO DRT-0035]   Complete met3 (guide).
[INFO DRT-0035]   Complete via3 (guide).
[INFO DRT-0035]   Complete met4 (guide).
[INFO DRT-0035]   Complete via4 (guide).
[INFO DRT-0035]   Complete met5 (guide).
[INFO DRT-0036] FR_MASTERSLICE guide region query size = 0.
[INFO DRT-0036] FR_VIA guide region query size = 0.
[INFO DRT-0036] li1 guide region query size = 62473.
[INFO DRT-0036] mcon guide region query size = 0.
[INFO DRT-0036] met1 guide region query size = 62001.
[INFO DRT-0036] via guide region query size = 0.
[INFO DRT-0036] met2 guide region query size = 35604.
[INFO DRT-0036] via2 guide region query size = 0.
[INFO DRT-0036] met3 guide region query size = 6422.
[INFO DRT-0036] via3 guide region query size = 0.
[INFO DRT-0036] met4 guide region query size = 2770.
[INFO DRT-0036] via4 guide region query size = 0.
[INFO DRT-0036] met5 guide region query size = 170.
[INFO DRT-0179] Init gr pin query.
[INFO DRT-0267] cpu time = 00:00:01, elapsed time = 00:00:00, memory = 4244.96 (MB), peak = 5937.39 (MB)
[INFO DRT-0245] skipped writing guide updates to database.
[INFO DRT-0181] Start track assignment.
[INFO DRT-0184] Done with 100847 vertical wires in 2 frboxes and 68593 horizontal wires in 2 frboxes.
[INFO DRT-0186] Done with 21087 vertical wires in 2 frboxes and 32126 horizontal wires in 2 frboxes.
[INFO DRT-0182] Complete track assignment.
[INFO DRT-0267] cpu time = 00:00:14, elapsed time = 00:00:06, memory = 4255.84 (MB), peak = 5937.39 (MB)
[INFO DRT-0187] Start routing data preparation.
[INFO DRT-0267] cpu time = 00:00:00, elapsed time = 00:00:00, memory = 4255.84 (MB), peak = 5937.39 (MB)
[INFO DRT-0194] Start detail routing.
[INFO DRT-0195] Start 0th optimization iteration.
    Completing 10% with 0 violations.
    elapsed time = 00:00:33, memory = 4358.62 (MB).
    Completing 20% with 0 violations.
    elapsed time = 00:01:04, memory = 4431.08 (MB).
    Completing 30% with 12299 violations.
    elapsed time = 00:01:46, memory = 4469.38 (MB).
    Completing 40% with 12299 violations.
    elapsed time = 00:02:16, memory = 4498.92 (MB).
    Completing 50% with 12299 violations.
    elapsed time = 00:02:54, memory = 4371.64 (MB).
    Completing 60% with 24416 violations.
    elapsed time = 00:03:38, memory = 4414.87 (MB).
    Completing 70% with 24416 violations.
    elapsed time = 00:04:06, memory = 4460.24 (MB).
    Completing 80% with 36354 violations.
    elapsed time = 00:04:35, memory = 4469.56 (MB).
    Completing 90% with 36354 violations.
    elapsed time = 00:04:56, memory = 4435.00 (MB).
    Completing 100% with 48423 violations.
    elapsed time = 00:05:33, memory = 4446.94 (MB).
[INFO DRT-0199]   Number of violations = 51242.
Viol/Layer         li1   mcon   met1    via   met2   met3   met4   via4   met5
Cut Spacing          0      8      0      2      0      0      0      1      0
Metal Spacing        0      0   2961      0   2508    121     15      0      0
Min Hole             0      0     14      0      0      0      0      0      0
NS Metal             0      0      1      0      0      0      0      0      0
Recheck              4      0   1565      0   1061    139     48      0      2
Short                0      0  27498     27  14724    415    125      0      3
[INFO DRT-0267] cpu time = 00:39:04, elapsed time = 00:05:34, memory = 4500.34 (MB), peak = 5937.39 (MB)
Total wire length = 1690958 um.
Total wire length on LAYER li1 = 0 um.
Total wire length on LAYER met1 = 572573 um.
Total wire length on LAYER met2 = 610920 um.
Total wire length on LAYER met3 = 295600 um.
Total wire length on LAYER met4 = 202700 um.
Total wire length on LAYER met5 = 9163 um.
Total number of vias = 217124.
Up-via summary (total 217124):

-------------------------
 FR_MASTERSLICE         0
            li1     72619
           met1    113048
           met2     23633
           met3      7608
           met4       216
-------------------------
               217124


[INFO DRT-0195] Start 1st optimization iteration.
    Completing 10% with 51242 violations.
    elapsed time = 00:00:20, memory = 4579.41 (MB).
    Completing 20% with 51242 violations.
    elapsed time = 00:00:43, memory = 4558.96 (MB).
    Completing 30% with 47534 violations.
    elapsed time = 00:01:20, memory = 4595.05 (MB).
    Completing 40% with 47534 violations.
    elapsed time = 00:01:40, memory = 4589.79 (MB).
    Completing 50% with 47534 violations.
    elapsed time = 00:02:05, memory = 4558.44 (MB).
    Completing 60% with 43009 violations.
    elapsed time = 00:02:51, memory = 4549.43 (MB).
    Completing 70% with 43009 violations.
    elapsed time = 00:03:04, memory = 4581.19 (MB).
    Completing 80% with 37952 violations.
    elapsed time = 00:03:32, memory = 4663.93 (MB).
    Completing 90% with 37952 violations.
    elapsed time = 00:03:51, memory = 4658.09 (MB).
    Completing 100% with 32111 violations.
    elapsed time = 00:04:15, memory = 4502.85 (MB).
[INFO DRT-0199]   Number of violations = 32111.
Viol/Layer        mcon   met1    via   met2   met3   met4
Cut Spacing          6      0      1      0      0      0
Metal Spacing        0   2395      0   2354     57      1
Min Hole             0      3      0      0      0      0
Short                0  19838      8   7317    111     20
[INFO DRT-0267] cpu time = 00:29:55, elapsed time = 00:04:15, memory = 4502.85 (MB), peak = 5937.39 (MB)
Total wire length = 1684418 um.
Total wire length on LAYER li1 = 0 um.
Total wire length on LAYER met1 = 566302 um.
Total wire length on LAYER met2 = 606513 um.
Total wire length on LAYER met3 = 298369 um.
Total wire length on LAYER met4 = 204105 um.
Total wire length on LAYER met5 = 9127 um.
Total number of vias = 215746.
Up-via summary (total 215746):

-------------------------
 FR_MASTERSLICE         0
            li1     72627
           met1    111597
           met2     23640
           met3      7672
           met4       210
-------------------------
               215746


[INFO DRT-0195] Start 2nd optimization iteration.
    Completing 10% with 32111 violations.
    elapsed time = 00:00:21, memory = 4622.83 (MB).
    Completing 20% with 32111 violations.
    elapsed time = 00:00:36, memory = 4583.05 (MB).
    Completing 30% with 31710 violations.
    elapsed time = 00:01:06, memory = 4582.90 (MB).
    Completing 40% with 31710 violations.
    elapsed time = 00:01:19, memory = 4620.70 (MB).
    Completing 50% with 31710 violations.
    elapsed time = 00:01:36, memory = 4502.85 (MB).
    Completing 60% with 31209 violations.
    elapsed time = 00:01:54, memory = 4540.34 (MB).
    Completing 70% with 31209 violations.
    elapsed time = 00:02:09, memory = 4578.24 (MB).
    Completing 80% with 30811 violations.
    elapsed time = 00:02:24, memory = 4617.79 (MB).
    Completing 90% with 30811 violations.
    elapsed time = 00:02:36, memory = 4624.59 (MB).
    Completing 100% with 30660 violations.
    elapsed time = 00:02:50, memory = 4504.69 (MB).
[INFO DRT-0199]   Number of violations = 30660.
Viol/Layer        mcon   met1    via   met2   met3   met4
Cut Spacing          8      0      1      0      0      0
Metal Spacing        0   2304      0   2294     78      2
Min Hole             0      1      0      0      0      0
Short                0  18848      5   6980    112     27
[INFO DRT-0267] cpu time = 00:25:56, elapsed time = 00:02:51, memory = 4504.69 (MB), peak = 5937.39 (MB)
Total wire length = 1683169 um.
Total wire length on LAYER li1 = 0 um.
Total wire length on LAYER met1 = 565369 um.
Total wire length on LAYER met2 = 605892 um.
Total wire length on LAYER met3 = 298567 um.
Total wire length on LAYER met4 = 204212 um.
Total wire length on LAYER met5 = 9127 um.
Total number of vias = 215410.
Up-via summary (total 215410):

-------------------------
 FR_MASTERSLICE         0
            li1     72639
           met1    111292
           met2     23603
           met3      7666
           met4       210
-------------------------
               215410


[INFO DRT-0195] Start 3rd optimization iteration.
    Completing 10% with 30660 violations.
    elapsed time = 00:00:37, memory = 4576.23 (MB).
    Completing 20% with 30660 violations.
    elapsed time = 00:01:12, memory = 4586.99 (MB).
    Completing 30% with 25647 violations.
    elapsed time = 00:01:44, memory = 4626.64 (MB).
    Completing 40% with 25647 violations.
    elapsed time = 00:02:19, memory = 4621.70 (MB).
    Completing 50% with 25647 violations.
    elapsed time = 00:02:58, memory = 4504.69 (MB).
    Completing 60% with 20925 violations.
    elapsed time = 00:03:36, memory = 4615.04 (MB).
    Completing 70% with 20925 violations.
    elapsed time = 00:04:10, memory = 4607.32 (MB).
    Completing 80% with 15493 violations.
    elapsed time = 00:04:52, memory = 4589.80 (MB).
    Completing 90% with 15493 violations.
    elapsed time = 00:05:27, memory = 4639.78 (MB).
    Completing 100% with 10184 violations.
    elapsed time = 00:06:01, memory = 4504.69 (MB).
[INFO DRT-0199]   Number of violations = 10184.
Viol/Layer        mcon   met1    via   met2   met3   met4
Cut Spacing         27      0      5      0      0      0
Metal Spacing        0   2066      0    967     69      1
Min Hole             0      4      0      0      0      0
NS Metal             0      1      0      0      0      0
Short                0   5105      0   1817    115      7
[INFO DRT-0267] cpu time = 01:05:28, elapsed time = 00:06:02, memory = 4452.00 (MB), peak = 5937.39 (MB)
Total wire length = 1684194 um.
Total wire length on LAYER li1 = 0 um.
Total wire length on LAYER met1 = 528334 um.
Total wire length on LAYER met2 = 587436 um.
Total wire length on LAYER met3 = 334299 um.
Total wire length on LAYER met4 = 225040 um.
Total wire length on LAYER met5 = 9084 um.
Total number of vias = 224482.
Up-via summary (total 224482):

-------------------------
 FR_MASTERSLICE         0
            li1     72641
           met1    113258
           met2     28933
           met3      9446
           met4       204
-------------------------
               224482


[INFO DRT-0195] Start 4th optimization iteration.
    Completing 10% with 10184 violations.
    elapsed time = 00:00:16, memory = 4535.17 (MB).
    Completing 20% with 10184 violations.
    elapsed time = 00:00:28, memory = 4540.02 (MB).
    Completing 30% with 8759 violations.
    elapsed time = 00:00:45, memory = 4536.20 (MB).
    Completing 40% with 8759 violations.
    elapsed time = 00:01:05, memory = 4599.30 (MB).
    Completing 50% with 8759 violations.
    elapsed time = 00:01:27, memory = 4452.00 (MB).
    Completing 60% with 6768 violations.
    elapsed time = 00:01:42, memory = 4520.88 (MB).
    Completing 70% with 6768 violations.
    elapsed time = 00:01:55, memory = 4494.58 (MB).
    Completing 80% with 5195 violations.
    elapsed time = 00:02:15, memory = 4485.75 (MB).
    Completing 90% with 5195 violations.
    elapsed time = 00:02:33, memory = 4562.98 (MB).
    Completing 100% with 3320 violations.
    elapsed time = 00:03:00, memory = 4479.39 (MB).
[INFO DRT-0199]   Number of violations = 3320.
Viol/Layer        mcon   met1    via   met2   met3
Cut Spacing          6      0      1      0      0
Metal Spacing        0    826      0    318     24
Short                0   1597      0    505     43
[INFO DRT-0267] cpu time = 00:29:17, elapsed time = 00:03:00, memory = 4479.39 (MB), peak = 5937.39 (MB)
Total wire length = 1684215 um.
Total wire length on LAYER li1 = 0 um.
Total wire length on LAYER met1 = 522371 um.
Total wire length on LAYER met2 = 584050 um.
Total wire length on LAYER met3 = 339649 um.
Total wire length on LAYER met4 = 229039 um.
Total wire length on LAYER met5 = 9105 um.
Total number of vias = 225373.
Up-via summary (total 225373):

-------------------------
 FR_MASTERSLICE         0
            li1     72664
           met1    113277
           met2     29520
           met3      9706
           met4       206
-------------------------
               225373


[INFO DRT-0195] Start 5th optimization iteration.
    Completing 10% with 3320 violations.
    elapsed time = 00:00:01, memory = 4586.69 (MB).
    Completing 20% with 3320 violations.
    elapsed time = 00:00:09, memory = 4554.85 (MB).
    Completing 30% with 2856 violations.
    elapsed time = 00:00:25, memory = 4479.77 (MB).
    Completing 40% with 2856 violations.
    elapsed time = 00:00:30, memory = 4592.60 (MB).
    Completing 50% with 2856 violations.
    elapsed time = 00:00:45, memory = 4654.73 (MB).
    Completing 60% with 2266 violations.
    elapsed time = 00:01:06, memory = 4594.18 (MB).
    Completing 70% with 2266 violations.
    elapsed time = 00:01:15, memory = 4584.97 (MB).
    Completing 80% with 1595 violations.
    elapsed time = 00:01:34, memory = 4582.17 (MB).
    Completing 90% with 1595 violations.
    elapsed time = 00:01:44, memory = 4592.50 (MB).
    Completing 100% with 1235 violations.
    elapsed time = 00:02:09, memory = 4513.51 (MB).
[INFO DRT-0199]   Number of violations = 1235.
Viol/Layer        mcon   met1   met2   met3
Cut Spacing          5      0      0      0
Metal Spacing        0    322    179      3
Min Hole             0      0      1      0
Short                0    514    200     11
[INFO DRT-0267] cpu time = 00:15:42, elapsed time = 00:02:09, memory = 4513.51 (MB), peak = 5937.39 (MB)
Total wire length = 1683961 um.
Total wire length on LAYER li1 = 0 um.
Total wire length on LAYER met1 = 520913 um.
Total wire length on LAYER met2 = 582896 um.
Total wire length on LAYER met3 = 340893 um.
Total wire length on LAYER met4 = 230152 um.
Total wire length on LAYER met5 = 9105 um.
Total number of vias = 225510.
Up-via summary (total 225510):

-------------------------
 FR_MASTERSLICE         0
            li1     72670
           met1    113226
           met2     29611
           met3      9797
           met4       206
-------------------------
               225510


[INFO DRT-0195] Start 6th optimization iteration.
    Completing 10% with 1235 violations.
    elapsed time = 00:00:00, memory = 4513.51 (MB).
    Completing 20% with 1235 violations.
    elapsed time = 00:00:02, memory = 4591.66 (MB).
    Completing 30% with 1104 violations.
    elapsed time = 00:00:16, memory = 4513.51 (MB).
    Completing 40% with 1104 violations.
    elapsed time = 00:00:17, memory = 4587.94 (MB).
    Completing 50% with 1104 violations.
    elapsed time = 00:00:24, memory = 4590.33 (MB).
    Completing 60% with 958 violations.
    elapsed time = 00:00:53, memory = 4548.48 (MB).
    Completing 70% with 958 violations.
    elapsed time = 00:00:56, memory = 4617.57 (MB).
    Completing 80% with 768 violations.
    elapsed time = 00:01:14, memory = 4560.61 (MB).
    Completing 90% with 768 violations.
    elapsed time = 00:01:18, memory = 4622.50 (MB).
    Completing 100% with 627 violations.
    elapsed time = 00:01:36, memory = 4513.51 (MB).
[INFO DRT-0199]   Number of violations = 627.
Viol/Layer        mcon   met1   met2   met3
Cut Spacing          7      0      0      0
Metal Spacing        0    157     72      4
Short                0    282    103      2
[INFO DRT-0267] cpu time = 00:09:24, elapsed time = 00:01:37, memory = 4513.51 (MB), peak = 5937.39 (MB)
Total wire length = 1683719 um.
Total wire length on LAYER li1 = 0 um.
Total wire length on LAYER met1 = 520591 um.
Total wire length on LAYER met2 = 582218 um.
Total wire length on LAYER met3 = 341114 um.
Total wire length on LAYER met4 = 230688 um.
Total wire length on LAYER met5 = 9105 um.
Total number of vias = 225486.
Up-via summary (total 225486):

-------------------------
 FR_MASTERSLICE         0
            li1     72678
           met1    113199
           met2     29566
           met3      9837
           met4       206
-------------------------
               225486


[INFO DRT-0195] Start 7th optimization iteration.
    Completing 10% with 627 violations.
    elapsed time = 00:00:00, memory = 4513.51 (MB).
    Completing 20% with 627 violations.
    elapsed time = 00:00:00, memory = 4513.51 (MB).
    Completing 30% with 607 violations.
    elapsed time = 00:00:35, memory = 4513.51 (MB).
    Completing 40% with 607 violations.
    elapsed time = 00:00:35, memory = 4513.51 (MB).
    Completing 50% with 607 violations.
    elapsed time = 00:00:39, memory = 4551.55 (MB).
    Completing 60% with 546 violations.
    elapsed time = 00:00:51, memory = 4513.51 (MB).
    Completing 70% with 546 violations.
    elapsed time = 00:00:51, memory = 4513.51 (MB).
    Completing 80% with 477 violations.
    elapsed time = 00:01:02, memory = 4513.51 (MB).
    Completing 90% with 477 violations.
    elapsed time = 00:01:02, memory = 4513.51 (MB).
    Completing 100% with 430 violations.
    elapsed time = 00:01:14, memory = 4513.51 (MB).
[INFO DRT-0199]   Number of violations = 430.
Viol/Layer        mcon   met1   met2   met3
Cut Spacing          4      0      0      0
Metal Spacing        0    102     50      1
Min Hole             0      1      0      0
NS Metal             0      1      0      0
Short                0    199     70      2
[INFO DRT-0267] cpu time = 00:05:24, elapsed time = 00:01:14, memory = 4513.51 (MB), peak = 5937.39 (MB)
Total wire length = 1683730 um.
Total wire length on LAYER li1 = 0 um.
Total wire length on LAYER met1 = 520347 um.
Total wire length on LAYER met2 = 582145 um.
Total wire length on LAYER met3 = 341324 um.
Total wire length on LAYER met4 = 230825 um.
Total wire length on LAYER met5 = 9087 um.
Total number of vias = 225518.
Up-via summary (total 225518):

-------------------------
 FR_MASTERSLICE         0
            li1     72675
           met1    113188
           met2     29597
           met3      9854
           met4       204
-------------------------
               225518


[INFO DRT-0195] Start 8th optimization iteration.
    Completing 10% with 430 violations.
    elapsed time = 00:00:00, memory = 4513.51 (MB).
    Completing 20% with 430 violations.
    elapsed time = 00:00:00, memory = 4513.51 (MB).
    Completing 30% with 397 violations.
    elapsed time = 00:00:15, memory = 4513.51 (MB).
    Completing 40% with 397 violations.
    elapsed time = 00:00:15, memory = 4513.51 (MB).
    Completing 50% with 397 violations.
    elapsed time = 00:00:33, memory = 4513.51 (MB).
    Completing 60% with 247 violations.
    elapsed time = 00:00:33, memory = 4513.51 (MB).
    Completing 70% with 247 violations.
    elapsed time = 00:00:33, memory = 4513.51 (MB).
    Completing 80% with 209 violations.
    elapsed time = 00:01:05, memory = 4513.51 (MB).
    Completing 90% with 209 violations.
    elapsed time = 00:01:05, memory = 4513.51 (MB).
    Completing 100% with 169 violations.
    elapsed time = 00:01:28, memory = 4513.51 (MB).
[INFO DRT-0199]   Number of violations = 169.
Viol/Layer        mcon   met1   met2
Cut Spacing          3      0      0
Metal Spacing        0     59      8
Min Hole             0      1      0
NS Metal             0      1      0
Short                0     96      1
[INFO DRT-0267] cpu time = 00:05:07, elapsed time = 00:01:28, memory = 4513.51 (MB), peak = 5937.39 (MB)
Total wire length = 1683704 um.
Total wire length on LAYER li1 = 0 um.
Total wire length on LAYER met1 = 520313 um.
Total wire length on LAYER met2 = 581969 um.
Total wire length on LAYER met3 = 341297 um.
Total wire length on LAYER met4 = 231005 um.
Total wire length on LAYER met5 = 9119 um.
Total number of vias = 225480.
Up-via summary (total 225480):

-------------------------
 FR_MASTERSLICE         0
            li1     72670
           met1    113161
           met2     29588
           met3      9855
           met4       206
-------------------------
               225480


[INFO DRT-0195] Start 9th optimization iteration.
    Completing 10% with 169 violations.
    elapsed time = 00:00:00, memory = 4513.51 (MB).
    Completing 20% with 169 violations.
    elapsed time = 00:00:00, memory = 4513.51 (MB).
    Completing 30% with 169 violations.
    elapsed time = 00:00:35, memory = 4513.51 (MB).
    Completing 40% with 169 violations.
    elapsed time = 00:00:35, memory = 4513.51 (MB).
    Completing 50% with 169 violations.
    elapsed time = 00:01:13, memory = 4513.51 (MB).
    Completing 60% with 144 violations.
    elapsed time = 00:01:13, memory = 4513.51 (MB).
    Completing 70% with 144 violations.
    elapsed time = 00:01:16, memory = 5119.29 (MB).
    Completing 80% with 129 violations.
    elapsed time = 00:01:31, memory = 4513.51 (MB).
    Completing 90% with 129 violations.
    elapsed time = 00:01:31, memory = 4513.51 (MB).
    Completing 100% with 70 violations.
    elapsed time = 00:01:52, memory = 4513.51 (MB).
[INFO DRT-0199]   Number of violations = 70.
Viol/Layer        mcon   met1   met2
Cut Spacing          3      0      0
Metal Spacing        0     23      7
Short                0     33      4
[INFO DRT-0267] cpu time = 00:04:58, elapsed time = 00:01:52, memory = 4513.51 (MB), peak = 5937.39 (MB)
Total wire length = 1683792 um.
Total wire length on LAYER li1 = 0 um.
Total wire length on LAYER met1 = 520130 um.
Total wire length on LAYER met2 = 581899 um.
Total wire length on LAYER met3 = 341488 um.
Total wire length on LAYER met4 = 231154 um.
Total wire length on LAYER met5 = 9119 um.
Total number of vias = 225481.
Up-via summary (total 225481):

-------------------------
 FR_MASTERSLICE         0
            li1     72673
           met1    113150
           met2     29590
           met3      9862
           met4       206
-------------------------
               225481


[INFO DRT-0195] Start 10th guides tiles iteration.
    Completing 10% with 70 violations.
    elapsed time = 00:00:00, memory = 4513.51 (MB).
    Completing 20% with 70 violations.
    elapsed time = 00:00:00, memory = 4513.51 (MB).
    Completing 30% with 70 violations.
    elapsed time = 00:00:00, memory = 4513.51 (MB).
    Completing 40% with 70 violations.
    elapsed time = 00:00:00, memory = 4513.51 (MB).
    Completing 50% with 70 violations.
    elapsed time = 00:00:04, memory = 4513.51 (MB).
    Completing 60% with 40 violations.
    elapsed time = 00:00:04, memory = 4513.51 (MB).
    Completing 70% with 40 violations.
    elapsed time = 00:00:04, memory = 4513.51 (MB).
    Completing 80% with 40 violations.
    elapsed time = 00:00:05, memory = 4513.51 (MB).
    Completing 90% with 40 violations.
    elapsed time = 00:00:05, memory = 4513.51 (MB).
    Completing 100% with 20 violations.
    elapsed time = 00:00:05, memory = 4513.51 (MB).
[INFO DRT-0199]   Number of violations = 20.
Viol/Layer        mcon   met1
Cut Spacing          1      0
Metal Spacing        0     10
Short                0      9
[INFO DRT-0267] cpu time = 00:00:13, elapsed time = 00:00:05, memory = 4513.51 (MB), peak = 5937.39 (MB)
Total wire length = 1683836 um.
Total wire length on LAYER li1 = 0 um.
Total wire length on LAYER met1 = 520121 um.
Total wire length on LAYER met2 = 581908 um.
Total wire length on LAYER met3 = 341515 um.
Total wire length on LAYER met4 = 231171 um.
Total wire length on LAYER met5 = 9119 um.
Total number of vias = 225501.
Up-via summary (total 225501):

-------------------------
 FR_MASTERSLICE         0
            li1     72672
           met1    113157
           met2     29596
           met3      9870
           met4       206
-------------------------
               225501


[INFO DRT-0195] Start 11th guides tiles iteration.
    Completing 10% with 20 violations.
    elapsed time = 00:00:00, memory = 4513.51 (MB).
    Completing 20% with 20 violations.
    elapsed time = 00:00:00, memory = 4513.51 (MB).
    Completing 30% with 20 violations.
    elapsed time = 00:00:00, memory = 4513.51 (MB).
    Completing 50% with 20 violations.
    elapsed time = 00:00:00, memory = 4513.51 (MB).
    Completing 60% with 20 violations.
    elapsed time = 00:00:00, memory = 4513.51 (MB).
    Completing 70% with 20 violations.
    elapsed time = 00:00:00, memory = 4513.51 (MB).
    Completing 80% with 5 violations.
    elapsed time = 00:00:00, memory = 4513.51 (MB).
    Completing 100% with 5 violations.
    elapsed time = 00:00:00, memory = 4513.51 (MB).
[INFO DRT-0199]   Number of violations = 5.
Viol/Layer        met1
Metal Spacing        4
Short                1
[INFO DRT-0267] cpu time = 00:00:02, elapsed time = 00:00:00, memory = 4513.51 (MB), peak = 5937.39 (MB)
Total wire length = 1683847 um.
Total wire length on LAYER li1 = 0 um.
Total wire length on LAYER met1 = 520117 um.
Total wire length on LAYER met2 = 581912 um.
Total wire length on LAYER met3 = 341524 um.
Total wire length on LAYER met4 = 231173 um.
Total wire length on LAYER met5 = 9119 um.
Total number of vias = 225509.
Up-via summary (total 225509):

-------------------------
 FR_MASTERSLICE         0
            li1     72672
           met1    113161
           met2     29598
           met3      9872
           met4       206
-------------------------
               225509


[INFO DRT-0195] Start 12th guides tiles iteration.
    Completing 10% with 5 violations.
    elapsed time = 00:00:00, memory = 4513.51 (MB).
    Completing 20% with 5 violations.
    elapsed time = 00:00:00, memory = 4513.51 (MB).
    Completing 40% with 5 violations.
    elapsed time = 00:00:00, memory = 4513.51 (MB).
    Completing 50% with 5 violations.
    elapsed time = 00:00:00, memory = 4513.51 (MB).
    Completing 70% with 5 violations.
    elapsed time = 00:00:00, memory = 4513.51 (MB).
    Completing 80% with 5 violations.
    elapsed time = 00:00:00, memory = 4513.51 (MB).
    Completing 100% with 4 violations.
    elapsed time = 00:00:00, memory = 4513.51 (MB).
[INFO DRT-0199]   Number of violations = 4.
Viol/Layer        met1
Metal Spacing        3
Short                1
[INFO DRT-0267] cpu time = 00:00:01, elapsed time = 00:00:00, memory = 4513.51 (MB), peak = 5937.39 (MB)
Total wire length = 1683847 um.
Total wire length on LAYER li1 = 0 um.
Total wire length on LAYER met1 = 520117 um.
Total wire length on LAYER met2 = 581912 um.
Total wire length on LAYER met3 = 341524 um.
Total wire length on LAYER met4 = 231173 um.
Total wire length on LAYER met5 = 9119 um.
Total number of vias = 225509.
Up-via summary (total 225509):

-------------------------
 FR_MASTERSLICE         0
            li1     72672
           met1    113161
           met2     29598
           met3      9872
           met4       206
-------------------------
               225509


[INFO DRT-0195] Start 13th guides tiles iteration.
    Completing 20% with 4 violations.
    elapsed time = 00:00:00, memory = 4513.51 (MB).
    Completing 40% with 4 violations.
    elapsed time = 00:00:00, memory = 4513.51 (MB).
    Completing 60% with 4 violations.
    elapsed time = 00:00:00, memory = 4513.51 (MB).
    Completing 80% with 4 violations.
    elapsed time = 00:00:00, memory = 4513.51 (MB).
    Completing 100% with 4 violations.
    elapsed time = 00:00:00, memory = 4513.51 (MB).
[INFO DRT-0199]   Number of violations = 4.
Viol/Layer        met1
Metal Spacing        3
Short                1
[INFO DRT-0267] cpu time = 00:00:01, elapsed time = 00:00:00, memory = 4513.51 (MB), peak = 5937.39 (MB)
Total wire length = 1683847 um.
Total wire length on LAYER li1 = 0 um.
Total wire length on LAYER met1 = 520117 um.
Total wire length on LAYER met2 = 581912 um.
Total wire length on LAYER met3 = 341524 um.
Total wire length on LAYER met4 = 231173 um.
Total wire length on LAYER met5 = 9119 um.
Total number of vias = 225509.
Up-via summary (total 225509):

-------------------------
 FR_MASTERSLICE         0
            li1     72672
           met1    113161
           met2     29598
           met3      9872
           met4       206
-------------------------
               225509


[INFO DRT-0195] Start 14th stubborn tiles iteration.
    Completing 10% with 4 violations.
    elapsed time = 00:00:14, memory = 4625.04 (MB).
    Completing 20% with 4 violations.
    elapsed time = 00:00:22, memory = 4686.57 (MB).
    Completing 30% with 4 violations.
    elapsed time = 00:00:35, memory = 4721.30 (MB).
    Completing 40% with 4 violations.
    elapsed time = 00:00:43, memory = 4681.47 (MB).
    Completing 50% with 4 violations.
    elapsed time = 00:00:49, memory = 4798.85 (MB).
    Completing 60% with 4 violations.
    elapsed time = 00:00:53, memory = 4877.40 (MB).
    Completing 70% with 4 violations.
    elapsed time = 00:00:57, memory = 4859.82 (MB).
    Completing 80% with 4 violations.
    elapsed time = 00:00:58, memory = 4963.34 (MB).
    Completing 90% with 4 violations.
    elapsed time = 00:01:00, memory = 5058.07 (MB).
    Completing 100% with 1 violations.
    elapsed time = 00:01:07, memory = 4824.07 (MB).
[INFO DRT-0199]   Number of violations = 1.
Viol/Layer        met1
Metal Spacing        1
[INFO DRT-0267] cpu time = 00:12:21, elapsed time = 00:01:07, memory = 4832.94 (MB), peak = 5937.39 (MB)
Total wire length = 1683846 um.
Total wire length on LAYER li1 = 0 um.
Total wire length on LAYER met1 = 520113 um.
Total wire length on LAYER met2 = 581914 um.
Total wire length on LAYER met3 = 341525 um.
Total wire length on LAYER met4 = 231173 um.
Total wire length on LAYER met5 = 9119 um.
Total number of vias = 225510.
Up-via summary (total 225510):

-------------------------
 FR_MASTERSLICE         0
            li1     72672
           met1    113161
           met2     29599
           met3      9872
           met4       206
-------------------------
               225510


[INFO DRT-0195] Start 15th guides tiles iteration.
    Completing 50% with 1 violations.
    elapsed time = 00:00:00, memory = 4832.94 (MB).
    Completing 100% with 1 violations.
    elapsed time = 00:00:00, memory = 4832.94 (MB).
[INFO DRT-0199]   Number of violations = 1.
Viol/Layer        met1
Metal Spacing        1
[INFO DRT-0267] cpu time = 00:00:01, elapsed time = 00:00:00, memory = 4832.94 (MB), peak = 5937.39 (MB)
Total wire length = 1683846 um.
Total wire length on LAYER li1 = 0 um.
Total wire length on LAYER met1 = 520113 um.
Total wire length on LAYER met2 = 581914 um.
Total wire length on LAYER met3 = 341525 um.
Total wire length on LAYER met4 = 231173 um.
Total wire length on LAYER met5 = 9119 um.
Total number of vias = 225510.
Up-via summary (total 225510):

-------------------------
 FR_MASTERSLICE         0
            li1     72672
           met1    113161
           met2     29599
           met3      9872
           met4       206
-------------------------
               225510


[INFO DRT-0195] Start 16th stubborn tiles iteration.
    Completing 10% with 1 violations.
    elapsed time = 00:00:03, memory = 4996.61 (MB).
    Completing 20% with 1 violations.
    elapsed time = 00:00:06, memory = 4989.29 (MB).
    Completing 30% with 1 violations.
    elapsed time = 00:00:08, memory = 4976.38 (MB).
    Completing 40% with 1 violations.
    elapsed time = 00:00:09, memory = 4941.71 (MB).
    Completing 50% with 1 violations.
    elapsed time = 00:00:12, memory = 5048.54 (MB).
    Completing 60% with 1 violations.
    elapsed time = 00:00:14, memory = 4977.98 (MB).
    Completing 70% with 1 violations.
    elapsed time = 00:00:16, memory = 4942.61 (MB).
    Completing 80% with 1 violations.
    elapsed time = 00:00:17, memory = 4942.61 (MB).
    Completing 90% with 1 violations.
    elapsed time = 00:00:19, memory = 4907.24 (MB).
    Completing 100% with 1 violations.
    elapsed time = 00:00:28, memory = 4907.24 (MB).
[INFO DRT-0199]   Number of violations = 1.
Viol/Layer        met1
Metal Spacing        1
[INFO DRT-0267] cpu time = 00:03:53, elapsed time = 00:00:28, memory = 4907.24 (MB), peak = 5937.39 (MB)
Total wire length = 1683845 um.
Total wire length on LAYER li1 = 0 um.
Total wire length on LAYER met1 = 520113 um.
Total wire length on LAYER met2 = 581913 um.
Total wire length on LAYER met3 = 341525 um.
Total wire length on LAYER met4 = 231173 um.
Total wire length on LAYER met5 = 9119 um.
Total number of vias = 225510.
Up-via summary (total 225510):

-------------------------
 FR_MASTERSLICE         0
            li1     72672
           met1    113161
           met2     29599
           met3      9872
           met4       206
-------------------------
               225510


[INFO DRT-0195] Start 17th optimization iteration.
    Completing 10% with 1 violations.
    elapsed time = 00:00:00, memory = 4907.24 (MB).
    Completing 20% with 1 violations.
    elapsed time = 00:00:00, memory = 4907.24 (MB).
    Completing 30% with 1 violations.
    elapsed time = 00:00:00, memory = 4907.24 (MB).
    Completing 40% with 1 violations.
    elapsed time = 00:00:00, memory = 4907.24 (MB).
    Completing 50% with 1 violations.
    elapsed time = 00:00:00, memory = 4907.24 (MB).
    Completing 60% with 1 violations.
    elapsed time = 00:00:15, memory = 4907.24 (MB).
    Completing 70% with 1 violations.
    elapsed time = 00:00:15, memory = 4907.24 (MB).
    Completing 80% with 1 violations.
    elapsed time = 00:00:15, memory = 4907.24 (MB).
    Completing 90% with 1 violations.
    elapsed time = 00:00:15, memory = 4907.24 (MB).
    Completing 100% with 1 violations.
    elapsed time = 00:00:15, memory = 4907.24 (MB).
[INFO DRT-0199]   Number of violations = 1.
Viol/Layer        met1
Metal Spacing        1
[INFO DRT-0267] cpu time = 00:00:15, elapsed time = 00:00:15, memory = 4907.24 (MB), peak = 5937.39 (MB)
Total wire length = 1683845 um.
Total wire length on LAYER li1 = 0 um.
Total wire length on LAYER met1 = 520113 um.
Total wire length on LAYER met2 = 581913 um.
Total wire length on LAYER met3 = 341525 um.
Total wire length on LAYER met4 = 231173 um.
Total wire length on LAYER met5 = 9119 um.
Total number of vias = 225510.
Up-via summary (total 225510):

-------------------------
 FR_MASTERSLICE         0
            li1     72672
           met1    113161
           met2     29599
           met3      9872
           met4       206
-------------------------
               225510


[INFO DRT-0195] Start 18th guides tiles iteration.
    Completing 50% with 1 violations.
    elapsed time = 00:00:00, memory = 4907.24 (MB).
    Completing 100% with 1 violations.
    elapsed time = 00:00:00, memory = 4907.24 (MB).
[INFO DRT-0199]   Number of violations = 1.
Viol/Layer        met1
Metal Spacing        1
[INFO DRT-0267] cpu time = 00:00:00, elapsed time = 00:00:00, memory = 4907.24 (MB), peak = 5937.39 (MB)
Total wire length = 1683845 um.
Total wire length on LAYER li1 = 0 um.
Total wire length on LAYER met1 = 520113 um.
Total wire length on LAYER met2 = 581913 um.
Total wire length on LAYER met3 = 341525 um.
Total wire length on LAYER met4 = 231173 um.
Total wire length on LAYER met5 = 9119 um.
Total number of vias = 225510.
Up-via summary (total 225510):

-------------------------
 FR_MASTERSLICE         0
            li1     72672
           met1    113161
           met2     29599
           met3      9872
           met4       206
-------------------------
               225510


[INFO DRT-0195] Start 19th stubborn tiles iteration.
    Completing 10% with 1 violations.
    elapsed time = 00:00:03, memory = 4967.56 (MB).
    Completing 20% with 1 violations.
    elapsed time = 00:00:05, memory = 4967.56 (MB).
    Completing 30% with 1 violations.
    elapsed time = 00:00:08, memory = 4998.30 (MB).
    Completing 40% with 1 violations.
    elapsed time = 00:00:09, memory = 4998.30 (MB).
    Completing 50% with 1 violations.
    elapsed time = 00:00:12, memory = 5034.38 (MB).
    Completing 60% with 1 violations.
    elapsed time = 00:00:14, memory = 5051.05 (MB).
    Completing 70% with 1 violations.
    elapsed time = 00:00:15, memory = 5016.12 (MB).
    Completing 80% with 1 violations.
    elapsed time = 00:00:16, memory = 4930.44 (MB).
    Completing 90% with 1 violations.
    elapsed time = 00:00:18, memory = 4930.44 (MB).
    Completing 100% with 1 violations.
    elapsed time = 00:00:20, memory = 4876.68 (MB).
[INFO DRT-0199]   Number of violations = 1.
Viol/Layer        met1
Metal Spacing        1
[INFO DRT-0267] cpu time = 00:03:37, elapsed time = 00:00:20, memory = 4876.68 (MB), peak = 5937.39 (MB)
Total wire length = 1683845 um.
Total wire length on LAYER li1 = 0 um.
Total wire length on LAYER met1 = 520113 um.
Total wire length on LAYER met2 = 581913 um.
Total wire length on LAYER met3 = 341525 um.
Total wire length on LAYER met4 = 231173 um.
Total wire length on LAYER met5 = 9119 um.
Total number of vias = 225510.
Up-via summary (total 225510):

-------------------------
 FR_MASTERSLICE         0
            li1     72672
           met1    113161
           met2     29599
           met3      9872
           met4       206
-------------------------
               225510


[INFO DRT-0195] Start 20th guides tiles iteration.
    Completing 50% with 1 violations.
    elapsed time = 00:00:00, memory = 4876.68 (MB).
    Completing 100% with 1 violations.
    elapsed time = 00:00:00, memory = 4876.68 (MB).
[INFO DRT-0199]   Number of violations = 1.
Viol/Layer        met1
Metal Spacing        1
[INFO DRT-0267] cpu time = 00:00:01, elapsed time = 00:00:00, memory = 4876.68 (MB), peak = 5937.39 (MB)
Total wire length = 1683845 um.
Total wire length on LAYER li1 = 0 um.
Total wire length on LAYER met1 = 520113 um.
Total wire length on LAYER met2 = 581913 um.
Total wire length on LAYER met3 = 341525 um.
Total wire length on LAYER met4 = 231173 um.
Total wire length on LAYER met5 = 9119 um.
Total number of vias = 225510.
Up-via summary (total 225510):

-------------------------
 FR_MASTERSLICE         0
            li1     72672
           met1    113161
           met2     29599
           met3      9872
           met4       206
-------------------------
               225510


[INFO DRT-0195] Start 21st stubborn tiles iteration.
    Completing 10% with 1 violations.
    elapsed time = 00:00:04, memory = 4911.34 (MB).
    Completing 20% with 1 violations.
    elapsed time = 00:00:07, memory = 4911.34 (MB).
    Completing 30% with 1 violations.
    elapsed time = 00:00:08, memory = 4907.30 (MB).
    Completing 40% with 1 violations.
    elapsed time = 00:00:09, memory = 4942.67 (MB).
    Completing 50% with 1 violations.
    elapsed time = 00:00:12, memory = 4978.04 (MB).
    Completing 60% with 1 violations.
    elapsed time = 00:00:14, memory = 4978.04 (MB).
    Completing 70% with 1 violations.
    elapsed time = 00:00:15, memory = 4907.30 (MB).
    Completing 80% with 1 violations.
    elapsed time = 00:00:16, memory = 4923.91 (MB).
    Completing 90% with 1 violations.
    elapsed time = 00:00:17, memory = 4924.43 (MB).
    Completing 100% with 1 violations.
    elapsed time = 00:00:20, memory = 4907.30 (MB).
[INFO DRT-0199]   Number of violations = 1.
Viol/Layer        met1
Metal Spacing        1
[INFO DRT-0267] cpu time = 00:03:25, elapsed time = 00:00:20, memory = 4907.30 (MB), peak = 5937.39 (MB)
Total wire length = 1683848 um.
Total wire length on LAYER li1 = 0 um.
Total wire length on LAYER met1 = 520116 um.
Total wire length on LAYER met2 = 581913 um.
Total wire length on LAYER met3 = 341525 um.
Total wire length on LAYER met4 = 231173 um.
Total wire length on LAYER met5 = 9119 um.
Total number of vias = 225512.
Up-via summary (total 225512):

-------------------------
 FR_MASTERSLICE         0
            li1     72672
           met1    113163
           met2     29599
           met3      9872
           met4       206
-------------------------
               225512


[INFO DRT-0200] Skipping iteration 22
[INFO DRT-0195] Start 23rd guides tiles iteration.
    Completing 100% with 1 violations.
    elapsed time = 00:00:00, memory = 4907.30 (MB).
[INFO DRT-0199]   Number of violations = 1.
Viol/Layer        met1
Metal Spacing        1
[INFO DRT-0267] cpu time = 00:00:01, elapsed time = 00:00:00, memory = 4907.30 (MB), peak = 5937.39 (MB)
Total wire length = 1683848 um.
Total wire length on LAYER li1 = 0 um.
Total wire length on LAYER met1 = 520116 um.
Total wire length on LAYER met2 = 581913 um.
Total wire length on LAYER met3 = 341525 um.
Total wire length on LAYER met4 = 231173 um.
Total wire length on LAYER met5 = 9119 um.
Total number of vias = 225512.
Up-via summary (total 225512):

-------------------------
 FR_MASTERSLICE         0
            li1     72672
           met1    113163
           met2     29599
           met3      9872
           met4       206
-------------------------
               225512


[INFO DRT-0195] Start 24th guides tiles iteration.
    Completing 100% with 1 violations.
    elapsed time = 00:00:00, memory = 4907.30 (MB).
[INFO DRT-0199]   Number of violations = 1.
Viol/Layer        met1
Metal Spacing        1
[INFO DRT-0267] cpu time = 00:00:00, elapsed time = 00:00:00, memory = 4907.30 (MB), peak = 5937.39 (MB)
Total wire length = 1683848 um.
Total wire length on LAYER li1 = 0 um.
Total wire length on LAYER met1 = 520116 um.
Total wire length on LAYER met2 = 581913 um.
Total wire length on LAYER met3 = 341525 um.
Total wire length on LAYER met4 = 231173 um.
Total wire length on LAYER met5 = 9119 um.
Total number of vias = 225512.
Up-via summary (total 225512):

-------------------------
 FR_MASTERSLICE         0
            li1     72672
           met1    113163
           met2     29599
           met3      9872
           met4       206
-------------------------
               225512


[INFO DRT-0195] Start 25th optimization iteration.
    Completing 10% with 1 violations.
    elapsed time = 00:00:00, memory = 4907.30 (MB).
    Completing 20% with 1 violations.
    elapsed time = 00:00:00, memory = 4907.30 (MB).
    Completing 30% with 1 violations.
    elapsed time = 00:00:00, memory = 4907.30 (MB).
    Completing 40% with 1 violations.
    elapsed time = 00:00:00, memory = 4907.30 (MB).
    Completing 50% with 1 violations.
    elapsed time = 00:00:02, memory = 4907.30 (MB).
    Completing 60% with 1 violations.
    elapsed time = 00:00:02, memory = 4907.30 (MB).
    Completing 70% with 1 violations.
    elapsed time = 00:00:02, memory = 4907.30 (MB).
    Completing 80% with 1 violations.
    elapsed time = 00:00:02, memory = 4907.30 (MB).
    Completing 90% with 1 violations.
    elapsed time = 00:00:02, memory = 4907.30 (MB).
    Completing 100% with 1 violations.
    elapsed time = 00:00:02, memory = 4907.30 (MB).
[INFO DRT-0199]   Number of violations = 1.
Viol/Layer        met1
Metal Spacing        1
[INFO DRT-0267] cpu time = 00:00:02, elapsed time = 00:00:02, memory = 4907.30 (MB), peak = 5937.39 (MB)
Total wire length = 1683848 um.
Total wire length on LAYER li1 = 0 um.
Total wire length on LAYER met1 = 520116 um.
Total wire length on LAYER met2 = 581913 um.
Total wire length on LAYER met3 = 341525 um.
Total wire length on LAYER met4 = 231173 um.
Total wire length on LAYER met5 = 9119 um.
Total number of vias = 225512.
Up-via summary (total 225512):

-------------------------
 FR_MASTERSLICE         0
            li1     72672
           met1    113163
           met2     29599
           met3      9872
           met4       206
-------------------------
               225512


[INFO DRT-0195] Start 26th guides tiles iteration.
    Completing 100% with 1 violations.
    elapsed time = 00:00:00, memory = 4907.30 (MB).
[INFO DRT-0199]   Number of violations = 1.
Viol/Layer        met1
Metal Spacing        1
[INFO DRT-0267] cpu time = 00:00:00, elapsed time = 00:00:00, memory = 4907.30 (MB), peak = 5937.39 (MB)
Total wire length = 1683848 um.
Total wire length on LAYER li1 = 0 um.
Total wire length on LAYER met1 = 520116 um.
Total wire length on LAYER met2 = 581913 um.
Total wire length on LAYER met3 = 341525 um.
Total wire length on LAYER met4 = 231173 um.
Total wire length on LAYER met5 = 9119 um.
Total number of vias = 225512.
Up-via summary (total 225512):

-------------------------
 FR_MASTERSLICE         0
            li1     72672
           met1    113163
           met2     29599
           met3      9872
           met4       206
-------------------------
               225512


[INFO DRT-0195] Start 27th stubborn tiles iteration.
    Completing 10% with 1 violations.
    elapsed time = 00:00:03, memory = 4958.48 (MB).
    Completing 20% with 1 violations.
    elapsed time = 00:00:04, memory = 4959.29 (MB).
    Completing 30% with 1 violations.
    elapsed time = 00:00:10, memory = 4924.68 (MB).
    Completing 40% with 1 violations.
    elapsed time = 00:00:11, memory = 4907.30 (MB).
    Completing 50% with 1 violations.
    elapsed time = 00:00:16, memory = 4925.95 (MB).
    Completing 60% with 1 violations.
    elapsed time = 00:00:20, memory = 4980.99 (MB).
    Completing 70% with 1 violations.
    elapsed time = 00:00:23, memory = 4962.62 (MB).
    Completing 80% with 1 violations.
    elapsed time = 00:00:24, memory = 4962.62 (MB).
    Completing 90% with 1 violations.
    elapsed time = 00:00:27, memory = 4907.30 (MB).
    Completing 100% with 1 violations.
    elapsed time = 00:00:32, memory = 4867.55 (MB).
[INFO DRT-0199]   Number of violations = 1.
Viol/Layer        met1
Metal Spacing        1
[INFO DRT-0267] cpu time = 00:05:27, elapsed time = 00:00:33, memory = 4867.55 (MB), peak = 5937.39 (MB)
Total wire length = 1683851 um.
Total wire length on LAYER li1 = 0 um.
Total wire length on LAYER met1 = 520119 um.
Total wire length on LAYER met2 = 581912 um.
Total wire length on LAYER met3 = 341526 um.
Total wire length on LAYER met4 = 231173 um.
Total wire length on LAYER met5 = 9119 um.
Total number of vias = 225516.
Up-via summary (total 225516):

-------------------------
 FR_MASTERSLICE         0
            li1     72672
           met1    113165
           met2     29601
           met3      9872
           met4       206
-------------------------
               225516


[INFO DRT-0200] Skipping iteration 28
[INFO DRT-0200] Skipping iteration 29
[INFO DRT-0195] Start 30th guides tiles iteration.
    Completing 100% with 1 violations.
    elapsed time = 00:00:01, memory = 4867.55 (MB).
[INFO DRT-0199]   Number of violations = 1.
Viol/Layer        met1
Metal Spacing        1
[INFO DRT-0267] cpu time = 00:00:01, elapsed time = 00:00:01, memory = 4867.55 (MB), peak = 5937.39 (MB)
Total wire length = 1683851 um.
Total wire length on LAYER li1 = 0 um.
Total wire length on LAYER met1 = 520119 um.
Total wire length on LAYER met2 = 581912 um.
Total wire length on LAYER met3 = 341526 um.
Total wire length on LAYER met4 = 231173 um.
Total wire length on LAYER met5 = 9119 um.
Total number of vias = 225516.
Up-via summary (total 225516):

-------------------------
 FR_MASTERSLICE         0
            li1     72672
           met1    113165
           met2     29601
           met3      9872
           met4       206
-------------------------
               225516


[INFO DRT-0195] Start 31st guides tiles iteration.
    Completing 100% with 1 violations.
    elapsed time = 00:00:00, memory = 4867.55 (MB).
[INFO DRT-0199]   Number of violations = 1.
Viol/Layer        met1
Metal Spacing        1
[INFO DRT-0267] cpu time = 00:00:00, elapsed time = 00:00:00, memory = 4867.55 (MB), peak = 5937.39 (MB)
Total wire length = 1683851 um.
Total wire length on LAYER li1 = 0 um.
Total wire length on LAYER met1 = 520119 um.
Total wire length on LAYER met2 = 581912 um.
Total wire length on LAYER met3 = 341526 um.
Total wire length on LAYER met4 = 231173 um.
Total wire length on LAYER met5 = 9119 um.
Total number of vias = 225516.
Up-via summary (total 225516):

-------------------------
 FR_MASTERSLICE         0
            li1     72672
           met1    113165
           met2     29601
           met3      9872
           met4       206
-------------------------
               225516


[INFO DRT-0195] Start 32nd stubborn tiles iteration.
    Completing 10% with 1 violations.
    elapsed time = 00:00:03, memory = 4919.27 (MB).
    Completing 20% with 1 violations.
    elapsed time = 00:00:08, memory = 4935.66 (MB).
    Completing 30% with 1 violations.
    elapsed time = 00:00:10, memory = 4919.29 (MB).
    Completing 40% with 1 violations.
    elapsed time = 00:00:12, memory = 4895.73 (MB).
    Completing 50% with 1 violations.
    elapsed time = 00:00:17, memory = 4949.48 (MB).
    Completing 60% with 1 violations.
    elapsed time = 00:00:21, memory = 4965.70 (MB).
    Completing 70% with 1 violations.
    elapsed time = 00:00:26, memory = 4949.49 (MB).
    Completing 80% with 1 violations.
    elapsed time = 00:00:27, memory = 4895.73 (MB).
    Completing 90% with 1 violations.
    elapsed time = 00:00:28, memory = 4895.73 (MB).
    Completing 100% with 1 violations.
    elapsed time = 00:00:30, memory = 4895.73 (MB).
[INFO DRT-0199]   Number of violations = 1.
Viol/Layer        met1
Metal Spacing        1
[INFO DRT-0267] cpu time = 00:05:34, elapsed time = 00:00:30, memory = 4895.73 (MB), peak = 5937.39 (MB)
Total wire length = 1683909 um.
Total wire length on LAYER li1 = 0 um.
Total wire length on LAYER met1 = 520139 um.
Total wire length on LAYER met2 = 581874 um.
Total wire length on LAYER met3 = 341560 um.
Total wire length on LAYER met4 = 231215 um.
Total wire length on LAYER met5 = 9119 um.
Total number of vias = 225534.
Up-via summary (total 225534):

-------------------------
 FR_MASTERSLICE         0
            li1     72672
           met1    113171
           met2     29609
           met3      9876
           met4       206
-------------------------
               225534


[INFO DRT-0195] Start 33rd optimization iteration.
    Completing 10% with 1 violations.
    elapsed time = 00:00:00, memory = 4895.73 (MB).
    Completing 20% with 1 violations.
    elapsed time = 00:00:00, memory = 4895.73 (MB).
    Completing 30% with 1 violations.
    elapsed time = 00:00:00, memory = 4895.73 (MB).
    Completing 40% with 1 violations.
    elapsed time = 00:00:00, memory = 4895.73 (MB).
    Completing 50% with 1 violations.
    elapsed time = 00:00:00, memory = 4895.73 (MB).
    Completing 60% with 1 violations.
    elapsed time = 00:00:00, memory = 4895.73 (MB).
    Completing 70% with 1 violations.
    elapsed time = 00:00:00, memory = 4895.73 (MB).
    Completing 80% with 1 violations.
    elapsed time = 00:00:01, memory = 4895.73 (MB).
    Completing 90% with 1 violations.
    elapsed time = 00:00:01, memory = 4895.73 (MB).
    Completing 100% with 1 violations.
    elapsed time = 00:00:01, memory = 4895.73 (MB).
[INFO DRT-0199]   Number of violations = 1.
Viol/Layer        met1
Metal Spacing        1
[INFO DRT-0267] cpu time = 00:00:01, elapsed time = 00:00:01, memory = 4895.73 (MB), peak = 5937.39 (MB)
Total wire length = 1683909 um.
Total wire length on LAYER li1 = 0 um.
Total wire length on LAYER met1 = 520139 um.
Total wire length on LAYER met2 = 581874 um.
Total wire length on LAYER met3 = 341560 um.
Total wire length on LAYER met4 = 231215 um.
Total wire length on LAYER met5 = 9119 um.
Total number of vias = 225534.
Up-via summary (total 225534):

-------------------------
 FR_MASTERSLICE         0
            li1     72672
           met1    113171
           met2     29609
           met3      9876
           met4       206
-------------------------
               225534


[INFO DRT-0195] Start 34th guides tiles iteration.
    Completing 50% with 1 violations.
    elapsed time = 00:00:00, memory = 4895.73 (MB).
    Completing 100% with 0 violations.
    elapsed time = 00:00:00, memory = 4895.73 (MB).
[INFO DRT-0199]   Number of violations = 0.
[INFO DRT-0267] cpu time = 00:00:00, elapsed time = 00:00:00, memory = 4895.73 (MB), peak = 5937.39 (MB)
Total wire length = 1683909 um.
Total wire length on LAYER li1 = 0 um.
Total wire length on LAYER met1 = 520139 um.
Total wire length on LAYER met2 = 581874 um.
Total wire length on LAYER met3 = 341560 um.
Total wire length on LAYER met4 = 231215 um.
Total wire length on LAYER met5 = 9119 um.
Total number of vias = 225534.
Up-via summary (total 225534):

-------------------------
 FR_MASTERSLICE         0
            li1     72672
           met1    113171
           met2     29609
           met3      9876
           met4       206
-------------------------
               225534


[INFO DRT-0198] Complete detail routing.
Total wire length = 1683909 um.
Total wire length on LAYER li1 = 0 um.
Total wire length on LAYER met1 = 520139 um.
Total wire length on LAYER met2 = 581874 um.
Total wire length on LAYER met3 = 341560 um.
Total wire length on LAYER met4 = 231215 um.
Total wire length on LAYER met5 = 9119 um.
Total number of vias = 225534.
Up-via summary (total 225534):

-------------------------
 FR_MASTERSLICE         0
            li1     72672
           met1    113171
           met2     29609
           met3      9876
           met4       206
-------------------------
               225534


[INFO DRT-0267] cpu time = 04:25:29, elapsed time = 00:34:02, memory = 4895.73 (MB), peak = 5937.39 (MB)

[INFO DRT-0180] Post processing.
[INFO DRT-0501] Runtime: 2059.53s
[INFO ANT-0002] Found 54 net violations.
[INFO ANT-0001] Found 84 pin violations.
[INFO GRT-0012] Found 54 antenna violations.
[INFO DPL-0006] Core area: 449380.99 um^2
[INFO DPL-0007] Movable instances area: 0.00 um^2
[INFO DPL-0008] Fixed instances area within core: 231147.94 um^2
[INFO DPL-0009] Utilization: 51.4%
[INFO DPL-0005] Diamond search max displacement: +/- 500 sites horizontally, +/- 100 rows vertically.
[INFO DPL-1102] Legalizing using negotiation legalizer.
[INFO DPL-1103] Negotiation base search window: +/-20 sites horizontally, +/-5 rows vertically 
	Automatic search window extension enabled.
	Search window extendable up to the max displacement cap of +/-500 sites, +/-100 rows near walls.
[INFO DPL-1104] NegotiationLegalizer DRC penalty: 5.
[INFO DPL-0392] Negotiation cell height distribution (1 unique row-count(s)):
[INFO DPL-0393]   height 1 row(s): 26104 cells
[INFO DPL-0500] Runtime: 0.13s
[INFO GRT-0015] Inserted 84 diodes.
[WARNING DRT-0120] Large net net1900 has 171 pins which may impact routing performance. Consider optimization.
[WARNING DRT-0120] Large net net1885 has 110 pins which may impact routing performance. Consider optimization.
[WARNING DRT-0120] Large net net1867 has 102 pins which may impact routing performance. Consider optimization.
[WARNING DRT-0120] Large net net1532 has 149 pins which may impact routing performance. Consider optimization.
[WARNING DRT-0120] Large net net1531 has 151 pins which may impact routing performance. Consider optimization.
[WARNING DRT-0120] Large net net1527 has 119 pins which may impact routing performance. Consider optimization.
[WARNING DRT-0120] Large net net1520 has 167 pins which may impact routing performance. Consider optimization.
[WARNING DRT-0120] Large net net1519 has 120 pins which may impact routing performance. Consider optimization.
[WARNING DRT-0120] Large net net1516 has 160 pins which may impact routing performance. Consider optimization.
[WARNING DRT-0120] Large net net1515 has 114 pins which may impact routing performance. Consider optimization.
[WARNING DRT-0120] Large net net1860 has 103 pins which may impact routing performance. Consider optimization.
[WARNING DRT-0120] Large net net71 has 169 pins which may impact routing performance. Consider optimization.
[INFO DRT-0024]   Complete FR_MASTERSLICE.
[INFO DRT-0024]   Complete Fr_VIA.
[INFO DRT-0024]   Complete li1.
[INFO DRT-0024]   Complete mcon.
[INFO DRT-0024]   Complete met1.
[INFO DRT-0024]   Complete via.
[INFO DRT-0024]   Complete met2.
[INFO DRT-0024]   Complete via2.
[INFO DRT-0024]   Complete met3.
[INFO DRT-0024]   Complete via3.
[INFO DRT-0024]   Complete met4.
[INFO DRT-0024]   Complete via4.
[INFO DRT-0024]   Complete met5.
[INFO DRT-0165] Start pin access.
[INFO DRT-0076]   Complete 1000 pins.
[INFO DRT-0078]   Complete 1354 pins.
[INFO DRT-0079]   Complete 100 unique inst patterns.
[INFO DRT-0081]   Complete 175 unique inst patterns.
[INFO DRT-0082]   Complete 10000 groups.
[INFO DRT-0084]   Complete 14484 groups.
#scanned instances     = 26104
#unique  instances     = 175
#stdCellGenAp          = 5770
#stdCellValidPlanarAp  = 105
#stdCellValidViaAp     = 3995
#stdCellPinNoAp        = 0
#stdCellPinCnt         = 74917
#instTermValidViaApCnt = 0
#macroGenAp            = 0
#macroValidPlanarAp    = 0
#macroValidViaAp       = 0
#macroNoAp             = 0
[INFO DRT-0166] Complete pin access.
[INFO DRT-0267] cpu time = 00:07:10, elapsed time = 00:00:37, memory = 4586.47 (MB), peak = 5937.39 (MB)
[INFO DRT-0156] guideIn read 100000 guides.
[INFO DRT-0156] guideIn read 200000 guides.

[INFO DRT-0157] Number of guides:     214029

[INFO DRT-0169] Post process guides.
[INFO DRT-0176] GCELLGRID X 0 DO 97 STEP 6900 ;
[INFO DRT-0177] GCELLGRID Y 0 DO 97 STEP 6900 ;
[INFO DRT-0026]   Complete 100000 origin guides.
[INFO DRT-0026]   Complete 200000 origin guides.
[INFO DRT-0028]   Complete FR_MASTERSLICE.
[INFO DRT-0028]   Complete Fr_VIA.
[INFO DRT-0028]   Complete li1.
[INFO DRT-0028]   Complete mcon.
[INFO DRT-0028]   Complete met1.
[INFO DRT-0028]   Complete via.
[INFO DRT-0028]   Complete met2.
[INFO DRT-0028]   Complete via2.
[INFO DRT-0028]   Complete met3.
[INFO DRT-0028]   Complete via3.
[INFO DRT-0028]   Complete met4.
[INFO DRT-0028]   Complete via4.
[INFO DRT-0028]   Complete met5.
[INFO DRT-0178] Init guide query.
[INFO DRT-0035]   Complete FR_MASTERSLICE (guide).
[INFO DRT-0035]   Complete Fr_VIA (guide).
[INFO DRT-0035]   Complete li1 (guide).
[INFO DRT-0035]   Complete mcon (guide).
[INFO DRT-0035]   Complete met1 (guide).
[INFO DRT-0035]   Complete via (guide).
[INFO DRT-0035]   Complete met2 (guide).
[INFO DRT-0035]   Complete via2 (guide).
[INFO DRT-0035]   Complete met3 (guide).
[INFO DRT-0035]   Complete via3 (guide).
[INFO DRT-0035]   Complete met4 (guide).
[INFO DRT-0035]   Complete via4 (guide).
[INFO DRT-0035]   Complete met5 (guide).
[INFO DRT-0036] FR_MASTERSLICE guide region query size = 0.
[INFO DRT-0036] FR_VIA guide region query size = 0.
[INFO DRT-0036] li1 guide region query size = 62494.
[INFO DRT-0036] mcon guide region query size = 0.
[INFO DRT-0036] met1 guide region query size = 62017.
[INFO DRT-0036] via guide region query size = 0.
[INFO DRT-0036] met2 guide region query size = 35392.
[INFO DRT-0036] via2 guide region query size = 0.
[INFO DRT-0036] met3 guide region query size = 6050.
[INFO DRT-0036] via3 guide region query size = 0.
[INFO DRT-0036] met4 guide region query size = 2642.
[INFO DRT-0036] via4 guide region query size = 0.
[INFO DRT-0036] met5 guide region query size = 161.
[INFO DRT-0179] Init gr pin query.
[INFO DRT-0267] cpu time = 00:00:01, elapsed time = 00:00:01, memory = 4586.47 (MB), peak = 5937.39 (MB)
[INFO DRT-0245] skipped writing guide updates to database.
[INFO DRT-0181] Start track assignment.
[INFO DRT-0184] Done with 100528 vertical wires in 2 frboxes and 68228 horizontal wires in 2 frboxes.
[INFO DRT-0186] Done with 21510 vertical wires in 2 frboxes and 32849 horizontal wires in 2 frboxes.
[INFO DRT-0182] Complete track assignment.
[INFO DRT-0267] cpu time = 00:00:13, elapsed time = 00:00:06, memory = 4586.47 (MB), peak = 5937.39 (MB)
[INFO DRT-0187] Start routing data preparation.
[INFO DRT-0267] cpu time = 00:00:00, elapsed time = 00:00:00, memory = 4586.47 (MB), peak = 5937.39 (MB)
[INFO DRT-0194] Start detail routing.
[INFO DRT-0195] Start 0th optimization iteration.
    Completing 10% with 0 violations.
    elapsed time = 00:00:16, memory = 4586.50 (MB).
    Completing 20% with 0 violations.
    elapsed time = 00:00:23, memory = 4626.66 (MB).
    Completing 30% with 6392 violations.
    elapsed time = 00:00:39, memory = 4667.89 (MB).
    Completing 40% with 6392 violations.
    elapsed time = 00:00:49, memory = 4660.08 (MB).
    Completing 50% with 6392 violations.
    elapsed time = 00:00:57, memory = 4586.50 (MB).
    Completing 60% with 12049 violations.
    elapsed time = 00:01:12, memory = 4586.50 (MB).
    Completing 70% with 12049 violations.
    elapsed time = 00:01:20, memory = 4708.80 (MB).
    Completing 80% with 17804 violations.
    elapsed time = 00:01:32, memory = 4619.73 (MB).
    Completing 90% with 17804 violations.
    elapsed time = 00:01:43, memory = 4668.68 (MB).
    Completing 100% with 22968 violations.
    elapsed time = 00:01:52, memory = 4586.50 (MB).
[INFO DRT-0199]   Number of violations = 24274.
Viol/Layer         li1   mcon   met1    via   met2   met3   met4
Cut Spacing          0      1      0      1      0      0      0
Metal Spacing        0      0   1225      0   1457     25      1
Min Hole             0      0      8      0      0      0      0
NS Metal             0      0      1      0      0      0      0
Recheck              1      0    723      0    529     42     11
Short                0      0  12053     18   8013    136     29
[INFO DRT-0267] cpu time = 00:19:42, elapsed time = 00:01:52, memory = 4586.50 (MB), peak = 5937.39 (MB)
Total wire length = 1689947 um.
Total wire length on LAYER li1 = 0 um.
Total wire length on LAYER met1 = 544644 um.
Total wire length on LAYER met2 = 597917 um.
Total wire length on LAYER met3 = 318565 um.
Total wire length on LAYER met4 = 219799 um.
Total wire length on LAYER met5 = 9020 um.
Total number of vias = 224946.
Up-via summary (total 224946):

-------------------------
 FR_MASTERSLICE         0
            li1     72790
           met1    114720
           met2     28045
           met3      9187
           met4       204
-------------------------
               224946


[INFO DRT-0195] Start 1st optimization iteration.
    Completing 10% with 24274 violations.
    elapsed time = 00:00:08, memory = 4732.91 (MB).
    Completing 20% with 24274 violations.
    elapsed time = 00:00:16, memory = 4692.50 (MB).
    Completing 30% with 21884 violations.
    elapsed time = 00:00:24, memory = 4610.09 (MB).
    Completing 40% with 21884 violations.
    elapsed time = 00:00:33, memory = 4683.03 (MB).
    Completing 50% with 21884 violations.
    elapsed time = 00:00:38, memory = 4686.90 (MB).
    Completing 60% with 19371 violations.
    elapsed time = 00:00:49, memory = 4661.36 (MB).
    Completing 70% with 19371 violations.
    elapsed time = 00:00:57, memory = 4728.40 (MB).
    Completing 80% with 17054 violations.
    elapsed time = 00:01:06, memory = 4751.31 (MB).
    Completing 90% with 17054 violations.
    elapsed time = 00:01:17, memory = 4710.91 (MB).
    Completing 100% with 14820 violations.
    elapsed time = 00:01:26, memory = 4633.68 (MB).
[INFO DRT-0199]   Number of violations = 14825.
Viol/Layer        mcon   met1    via   met2   met3   met4
Cut Spacing          1      0      0      0      0      0
Metal Spacing        0    991      0   1303      9      0
Recheck              0      2      0      3      0      0
Short                0   8409      1   4081     19      6
[INFO DRT-0267] cpu time = 00:15:21, elapsed time = 00:01:26, memory = 4633.68 (MB), peak = 5937.39 (MB)
Total wire length = 1686928 um.
Total wire length on LAYER li1 = 0 um.
Total wire length on LAYER met1 = 541575 um.
Total wire length on LAYER met2 = 595523 um.
Total wire length on LAYER met3 = 319978 um.
Total wire length on LAYER met4 = 220830 um.
Total wire length on LAYER met5 = 9020 um.
Total number of vias = 224392.
Up-via summary (total 224392):

-------------------------
 FR_MASTERSLICE         0
            li1     72794
           met1    114049
           met2     28095
           met3      9250
           met4       204
-------------------------
               224392


[INFO DRT-0195] Start 2nd optimization iteration.
    Completing 10% with 14825 violations.
    elapsed time = 00:00:32, memory = 4681.59 (MB).
    Completing 20% with 14825 violations.
    elapsed time = 00:00:54, memory = 4725.01 (MB).
    Completing 30% with 14828 violations.
    elapsed time = 00:01:27, memory = 4804.82 (MB).
    Completing 40% with 14828 violations.
    elapsed time = 00:01:53, memory = 4769.83 (MB).
    Completing 50% with 14828 violations.
    elapsed time = 00:02:15, memory = 4646.93 (MB).
    Completing 60% with 14524 violations.
    elapsed time = 00:02:52, memory = 4755.73 (MB).
    Completing 70% with 14524 violations.
    elapsed time = 00:03:16, memory = 4723.04 (MB).
    Completing 80% with 14333 violations.
    elapsed time = 00:03:38, memory = 4763.39 (MB).
    Completing 90% with 14333 violations.
    elapsed time = 00:03:51, memory = 4730.20 (MB).
    Completing 100% with 14180 violations.
    elapsed time = 00:03:58, memory = 4646.93 (MB).
[INFO DRT-0199]   Number of violations = 14180.
Viol/Layer        met1    via   met2   met3   met4
Metal Spacing     1018      0   1264     18      0
Short             7963      1   3887     21      8
[INFO DRT-0267] cpu time = 00:44:18, elapsed time = 00:03:58, memory = 4646.93 (MB), peak = 5937.39 (MB)
Total wire length = 1686359 um.
Total wire length on LAYER li1 = 0 um.
Total wire length on LAYER met1 = 541087 um.
Total wire length on LAYER met2 = 595062 um.
Total wire length on LAYER met3 = 320216 um.
Total wire length on LAYER met4 = 220973 um.
Total wire length on LAYER met5 = 9020 um.
Total number of vias = 224154.
Up-via summary (total 224154):

-------------------------
 FR_MASTERSLICE         0
            li1     72786
           met1    113855
           met2     28081
           met3      9228
           met4       204
-------------------------
               224154


[INFO DRT-0195] Start 3rd optimization iteration.
    Completing 10% with 14180 violations.
    elapsed time = 00:00:27, memory = 4754.28 (MB).
    Completing 20% with 14180 violations.
    elapsed time = 00:00:51, memory = 4715.55 (MB).
    Completing 30% with 11539 violations.
    elapsed time = 00:01:15, memory = 4759.86 (MB).
    Completing 40% with 11539 violations.
    elapsed time = 00:01:43, memory = 4724.45 (MB).
    Completing 50% with 11539 violations.
    elapsed time = 00:02:04, memory = 4697.13 (MB).
    Completing 60% with 9352 violations.
    elapsed time = 00:02:35, memory = 4871.57 (MB).
    Completing 70% with 9352 violations.
    elapsed time = 00:02:54, memory = 4836.81 (MB).
    Completing 80% with 7110 violations.
    elapsed time = 00:03:23, memory = 4775.20 (MB).
    Completing 90% with 7110 violations.
    elapsed time = 00:03:47, memory = 4897.24 (MB).
    Completing 100% with 4821 violations.
    elapsed time = 00:04:10, memory = 4702.22 (MB).
[INFO DRT-0199]   Number of violations = 4821.
Viol/Layer        mcon   met1    via   met2   met3   met4
Cut Spacing          2      0      3      0      0      0
Metal Spacing        0    839      0    561     43      0
Min Hole             0      1      0      0      0      0
Short                0   2274      3   1045     47      3
[INFO DRT-0267] cpu time = 00:43:19, elapsed time = 00:04:10, memory = 4702.22 (MB), peak = 5937.39 (MB)
Total wire length = 1687469 um.
Total wire length on LAYER li1 = 0 um.
Total wire length on LAYER met1 = 525301 um.
Total wire length on LAYER met2 = 585726 um.
Total wire length on LAYER met3 = 336296 um.
Total wire length on LAYER met4 = 231059 um.
Total wire length on LAYER met5 = 9086 um.
Total number of vias = 227927.
Up-via summary (total 227927):

-------------------------
 FR_MASTERSLICE         0
            li1     72758
           met1    114478
           met2     30382
           met3     10105
           met4       204
-------------------------
               227927


[INFO DRT-0195] Start 4th optimization iteration.
    Completing 10% with 4821 violations.
    elapsed time = 00:00:04, memory = 4777.65 (MB).
    Completing 20% with 4821 violations.
    elapsed time = 00:00:13, memory = 4786.20 (MB).
    Completing 30% with 4010 violations.
    elapsed time = 00:00:29, memory = 4785.02 (MB).
    Completing 40% with 4010 violations.
    elapsed time = 00:00:36, memory = 4781.57 (MB).
    Completing 50% with 4010 violations.
    elapsed time = 00:01:04, memory = 4702.49 (MB).
    Completing 60% with 3225 violations.
    elapsed time = 00:01:10, memory = 4827.18 (MB).
    Completing 70% with 3225 violations.
    elapsed time = 00:01:20, memory = 4777.19 (MB).
    Completing 80% with 2113 violations.
    elapsed time = 00:01:32, memory = 4822.45 (MB).
    Completing 90% with 2113 violations.
    elapsed time = 00:01:42, memory = 4819.35 (MB).
    Completing 100% with 1320 violations.
    elapsed time = 00:02:00, memory = 4702.49 (MB).
[INFO DRT-0199]   Number of violations = 1320.
Viol/Layer        mcon   met1    via   met2   met3
Cut Spacing          2      0      0      0      0
Metal Spacing        0    275      0    182     12
Min Hole             0      1      0      0      0
Short                0    535      1    276     36
[INFO DRT-0267] cpu time = 00:16:05, elapsed time = 00:02:01, memory = 4702.49 (MB), peak = 5937.39 (MB)
Total wire length = 1686946 um.
Total wire length on LAYER li1 = 0 um.
Total wire length on LAYER met1 = 522462 um.
Total wire length on LAYER met2 = 583645 um.
Total wire length on LAYER met3 = 338517 um.
Total wire length on LAYER met4 = 233219 um.
Total wire length on LAYER met5 = 9102 um.
Total number of vias = 228266.
Up-via summary (total 228266):

-------------------------
 FR_MASTERSLICE         0
            li1     72766
           met1    114513
           met2     30535
           met3     10248
           met4       204
-------------------------
               228266


[INFO DRT-0195] Start 5th optimization iteration.
    Completing 10% with 1320 violations.
    elapsed time = 00:00:00, memory = 4702.49 (MB).
    Completing 20% with 1320 violations.
    elapsed time = 00:00:02, memory = 4809.79 (MB).
    Completing 30% with 1244 violations.
    elapsed time = 00:00:24, memory = 4702.49 (MB).
    Completing 40% with 1244 violations.
    elapsed time = 00:00:25, memory = 4818.20 (MB).
    Completing 50% with 1244 violations.
    elapsed time = 00:00:31, memory = 4740.52 (MB).
    Completing 60% with 851 violations.
    elapsed time = 00:00:47, memory = 4712.53 (MB).
    Completing 70% with 851 violations.
    elapsed time = 00:00:50, memory = 4783.36 (MB).
    Completing 80% with 694 violations.
    elapsed time = 00:00:57, memory = 4702.49 (MB).
    Completing 90% with 694 violations.
    elapsed time = 00:01:03, memory = 4771.42 (MB).
    Completing 100% with 571 violations.
    elapsed time = 00:01:22, memory = 4702.49 (MB).
[INFO DRT-0199]   Number of violations = 571.
Viol/Layer        mcon   met1   met2   met3
Cut Spacing          1      0      0      0
Metal Spacing        0    172     49      0
Short                0    266     81      2
[INFO DRT-0267] cpu time = 00:09:01, elapsed time = 00:01:22, memory = 4670.08 (MB), peak = 5937.39 (MB)
Total wire length = 1686631 um.
Total wire length on LAYER li1 = 0 um.
Total wire length on LAYER met1 = 521884 um.
Total wire length on LAYER met2 = 583045 um.
Total wire length on LAYER met3 = 338926 um.
Total wire length on LAYER met4 = 233672 um.
Total wire length on LAYER met5 = 9102 um.
Total number of vias = 228214.
Up-via summary (total 228214):

-------------------------
 FR_MASTERSLICE         0
            li1     72771
           met1    114411
           met2     30533
           met3     10295
           met4       204
-------------------------
               228214


[INFO DRT-0195] Start 6th optimization iteration.
    Completing 10% with 571 violations.
    elapsed time = 00:00:00, memory = 4670.08 (MB).
    Completing 20% with 571 violations.
    elapsed time = 00:00:00, memory = 4670.08 (MB).
    Completing 30% with 473 violations.
    elapsed time = 00:00:08, memory = 4670.08 (MB).
    Completing 40% with 473 violations.
    elapsed time = 00:00:08, memory = 4670.08 (MB).
    Completing 50% with 473 violations.
    elapsed time = 00:00:13, memory = 4752.66 (MB).
    Completing 60% with 347 violations.
    elapsed time = 00:00:29, memory = 4685.25 (MB).
    Completing 70% with 347 violations.
    elapsed time = 00:00:29, memory = 4710.36 (MB).
    Completing 80% with 308 violations.
    elapsed time = 00:00:44, memory = 4670.08 (MB).
    Completing 90% with 308 violations.
    elapsed time = 00:00:44, memory = 4670.08 (MB).
    Completing 100% with 271 violations.
    elapsed time = 00:01:00, memory = 4670.08 (MB).
[INFO DRT-0199]   Number of violations = 271.
Viol/Layer        met1   met2   met3
Metal Spacing       77     31      1
Short              120     42      0
[INFO DRT-0267] cpu time = 00:04:41, elapsed time = 00:01:00, memory = 4670.08 (MB), peak = 5937.39 (MB)
Total wire length = 1686532 um.
Total wire length on LAYER li1 = 0 um.
Total wire length on LAYER met1 = 521520 um.
Total wire length on LAYER met2 = 582908 um.
Total wire length on LAYER met3 = 339191 um.
Total wire length on LAYER met4 = 233809 um.
Total wire length on LAYER met5 = 9102 um.
Total number of vias = 228186.
Up-via summary (total 228186):

-------------------------
 FR_MASTERSLICE         0
            li1     72773
           met1    114349
           met2     30564
           met3     10296
           met4       204
-------------------------
               228186


[INFO DRT-0195] Start 7th optimization iteration.
    Completing 10% with 271 violations.
    elapsed time = 00:00:00, memory = 4670.08 (MB).
    Completing 20% with 271 violations.
    elapsed time = 00:00:00, memory = 4670.08 (MB).
    Completing 30% with 227 violations.
    elapsed time = 00:00:08, memory = 4670.08 (MB).
    Completing 40% with 227 violations.
    elapsed time = 00:00:08, memory = 4670.08 (MB).
    Completing 50% with 227 violations.
    elapsed time = 00:00:16, memory = 4746.50 (MB).
    Completing 60% with 218 violations.
    elapsed time = 00:00:32, memory = 4670.08 (MB).
    Completing 70% with 218 violations.
    elapsed time = 00:00:32, memory = 4670.08 (MB).
    Completing 80% with 199 violations.
    elapsed time = 00:00:40, memory = 4670.08 (MB).
    Completing 90% with 199 violations.
    elapsed time = 00:00:40, memory = 4670.08 (MB).
    Completing 100% with 195 violations.
    elapsed time = 00:00:48, memory = 4670.08 (MB).
[INFO DRT-0199]   Number of violations = 195.
Viol/Layer        met1   met2
Metal Spacing       54     13
Short               97     31
[INFO DRT-0267] cpu time = 00:03:11, elapsed time = 00:00:49, memory = 4670.08 (MB), peak = 5937.39 (MB)
Total wire length = 1686498 um.
Total wire length on LAYER li1 = 0 um.
Total wire length on LAYER met1 = 521423 um.
Total wire length on LAYER met2 = 582689 um.
Total wire length on LAYER met3 = 339285 um.
Total wire length on LAYER met4 = 233997 um.
Total wire length on LAYER met5 = 9102 um.
Total number of vias = 228204.
Up-via summary (total 228204):

-------------------------
 FR_MASTERSLICE         0
            li1     72773
           met1    114331
           met2     30583
           met3     10313
           met4       204
-------------------------
               228204


[INFO DRT-0195] Start 8th optimization iteration.
    Completing 10% with 195 violations.
    elapsed time = 00:00:00, memory = 4670.08 (MB).
    Completing 20% with 195 violations.
    elapsed time = 00:00:00, memory = 4670.08 (MB).
    Completing 30% with 181 violations.
    elapsed time = 00:00:06, memory = 4670.08 (MB).
    Completing 40% with 181 violations.
    elapsed time = 00:00:06, memory = 4670.08 (MB).
    Completing 50% with 181 violations.
    elapsed time = 00:00:17, memory = 4670.08 (MB).
    Completing 60% with 172 violations.
    elapsed time = 00:00:17, memory = 4670.08 (MB).
    Completing 70% with 172 violations.
    elapsed time = 00:00:17, memory = 4670.08 (MB).
    Completing 80% with 148 violations.
    elapsed time = 00:00:42, memory = 4670.08 (MB).
    Completing 90% with 148 violations.
    elapsed time = 00:00:42, memory = 4670.08 (MB).
    Completing 100% with 125 violations.
    elapsed time = 00:01:07, memory = 4670.08 (MB).
[INFO DRT-0199]   Number of violations = 125.
Viol/Layer        met1   met2
Metal Spacing       43      7
Short               53     22
[INFO DRT-0267] cpu time = 00:02:31, elapsed time = 00:01:07, memory = 4670.08 (MB), peak = 5937.39 (MB)
Total wire length = 1686440 um.
Total wire length on LAYER li1 = 0 um.
Total wire length on LAYER met1 = 521145 um.
Total wire length on LAYER met2 = 582481 um.
Total wire length on LAYER met3 = 339482 um.
Total wire length on LAYER met4 = 234229 um.
Total wire length on LAYER met5 = 9102 um.
Total number of vias = 228195.
Up-via summary (total 228195):

-------------------------
 FR_MASTERSLICE         0
            li1     72775
           met1    114316
           met2     30568
           met3     10332
           met4       204
-------------------------
               228195


[INFO DRT-0195] Start 9th optimization iteration.
    Completing 10% with 125 violations.
    elapsed time = 00:00:00, memory = 4670.08 (MB).
    Completing 20% with 125 violations.
    elapsed time = 00:00:00, memory = 4670.08 (MB).
    Completing 30% with 115 violations.
    elapsed time = 00:00:10, memory = 4670.08 (MB).
    Completing 40% with 115 violations.
    elapsed time = 00:00:10, memory = 4670.08 (MB).
    Completing 50% with 115 violations.
    elapsed time = 00:00:58, memory = 4670.08 (MB).
    Completing 60% with 90 violations.
    elapsed time = 00:00:58, memory = 4670.08 (MB).
    Completing 70% with 90 violations.
    elapsed time = 00:00:58, memory = 4670.08 (MB).
    Completing 80% with 87 violations.
    elapsed time = 00:01:03, memory = 4670.08 (MB).
    Completing 90% with 87 violations.
    elapsed time = 00:01:03, memory = 4670.08 (MB).
    Completing 100% with 40 violations.
    elapsed time = 00:01:18, memory = 4670.08 (MB).
[INFO DRT-0199]   Number of violations = 40.
Viol/Layer        met1   met2
Metal Spacing       18      1
Short               16      5
[INFO DRT-0267] cpu time = 00:02:22, elapsed time = 00:01:18, memory = 4670.08 (MB), peak = 5937.39 (MB)
Total wire length = 1686324 um.
Total wire length on LAYER li1 = 0 um.
Total wire length on LAYER met1 = 520895 um.
Total wire length on LAYER met2 = 582199 um.
Total wire length on LAYER met3 = 339703 um.
Total wire length on LAYER met4 = 234424 um.
Total wire length on LAYER met5 = 9102 um.
Total number of vias = 228174.
Up-via summary (total 228174):

-------------------------
 FR_MASTERSLICE         0
            li1     72779
           met1    114262
           met2     30579
           met3     10350
           met4       204
-------------------------
               228174


[INFO DRT-0195] Start 10th guides tiles iteration.
    Completing 10% with 40 violations.
    elapsed time = 00:00:00, memory = 4670.08 (MB).
    Completing 20% with 40 violations.
    elapsed time = 00:00:00, memory = 4670.08 (MB).
    Completing 30% with 40 violations.
    elapsed time = 00:00:00, memory = 4670.08 (MB).
    Completing 40% with 40 violations.
    elapsed time = 00:00:00, memory = 4670.08 (MB).
    Completing 50% with 27 violations.
    elapsed time = 00:00:01, memory = 4670.08 (MB).
    Completing 60% with 27 violations.
    elapsed time = 00:00:01, memory = 4670.08 (MB).
    Completing 70% with 27 violations.
    elapsed time = 00:00:01, memory = 4670.08 (MB).
    Completing 80% with 27 violations.
    elapsed time = 00:00:01, memory = 4670.08 (MB).
    Completing 90% with 27 violations.
    elapsed time = 00:00:07, memory = 4670.08 (MB).
    Completing 100% with 16 violations.
    elapsed time = 00:00:07, memory = 4670.08 (MB).
[INFO DRT-0199]   Number of violations = 16.
Viol/Layer        met1
Metal Spacing        7
Short                9
[INFO DRT-0267] cpu time = 00:00:12, elapsed time = 00:00:08, memory = 4670.08 (MB), peak = 5937.39 (MB)
Total wire length = 1686336 um.
Total wire length on LAYER li1 = 0 um.
Total wire length on LAYER met1 = 520817 um.
Total wire length on LAYER met2 = 582104 um.
Total wire length on LAYER met3 = 339672 um.
Total wire length on LAYER met4 = 234529 um.
Total wire length on LAYER met5 = 9211 um.
Total number of vias = 228159.
Up-via summary (total 228159):

-------------------------
 FR_MASTERSLICE         0
            li1     72780
           met1    114251
           met2     30572
           met3     10350
           met4       206
-------------------------
               228159


[INFO DRT-0195] Start 11th guides tiles iteration.
    Completing 10% with 16 violations.
    elapsed time = 00:00:00, memory = 4670.08 (MB).
    Completing 30% with 16 violations.
    elapsed time = 00:00:00, memory = 4670.08 (MB).
    Completing 50% with 16 violations.
    elapsed time = 00:00:00, memory = 4670.08 (MB).
    Completing 60% with 16 violations.
    elapsed time = 00:00:00, memory = 4670.08 (MB).
    Completing 80% with 16 violations.
    elapsed time = 00:00:01, memory = 4670.08 (MB).
    Completing 100% with 16 violations.
    elapsed time = 00:00:01, memory = 4670.08 (MB).
[INFO DRT-0199]   Number of violations = 16.
Viol/Layer        met1
Metal Spacing        7
Short                9
[INFO DRT-0267] cpu time = 00:00:03, elapsed time = 00:00:01, memory = 4670.08 (MB), peak = 5937.39 (MB)
Total wire length = 1686332 um.
Total wire length on LAYER li1 = 0 um.
Total wire length on LAYER met1 = 520814 um.
Total wire length on LAYER met2 = 582104 um.
Total wire length on LAYER met3 = 339671 um.
Total wire length on LAYER met4 = 234529 um.
Total wire length on LAYER met5 = 9211 um.
Total number of vias = 228159.
Up-via summary (total 228159):

-------------------------
 FR_MASTERSLICE         0
            li1     72780
           met1    114251
           met2     30572
           met3     10350
           met4       206
-------------------------
               228159


[INFO DRT-0195] Start 12th stubborn tiles iteration.
    Completing 10% with 16 violations.
    elapsed time = 00:00:16, memory = 4856.99 (MB).
    Completing 20% with 16 violations.
    elapsed time = 00:00:41, memory = 4770.14 (MB).
    Completing 30% with 16 violations.
    elapsed time = 00:00:50, memory = 4678.90 (MB).
    Completing 40% with 16 violations.
    elapsed time = 00:01:00, memory = 4746.71 (MB).
    Completing 50% with 16 violations.
    elapsed time = 00:01:06, memory = 4874.75 (MB).
    Completing 60% with 16 violations.
    elapsed time = 00:01:09, memory = 5010.51 (MB).
    Completing 70% with 16 violations.
    elapsed time = 00:01:15, memory = 5198.92 (MB).
    Completing 80% with 1 violations.
    elapsed time = 00:01:32, memory = 5181.89 (MB).
    Completing 90% with 1 violations.
    elapsed time = 00:01:35, memory = 5146.16 (MB).
    Completing 100% with 0 violations.
    elapsed time = 00:01:55, memory = 4966.71 (MB).
[INFO DRT-0199]   Number of violations = 0.
[INFO DRT-0267] cpu time = 00:18:41, elapsed time = 00:01:55, memory = 4966.71 (MB), peak = 5937.39 (MB)
Total wire length = 1686369 um.
Total wire length on LAYER li1 = 0 um.
Total wire length on LAYER met1 = 520840 um.
Total wire length on LAYER met2 = 582087 um.
Total wire length on LAYER met3 = 339671 um.
Total wire length on LAYER met4 = 234558 um.
Total wire length on LAYER met5 = 9211 um.
Total number of vias = 228172.
Up-via summary (total 228172):

-------------------------
 FR_MASTERSLICE         0
            li1     72778
           met1    114265
           met2     30569
           met3     10354
           met4       206
-------------------------
               228172


[INFO DRT-0198] Complete detail routing.
Total wire length = 1686369 um.
Total wire length on LAYER li1 = 0 um.
Total wire length on LAYER met1 = 520840 um.
Total wire length on LAYER met2 = 582087 um.
Total wire length on LAYER met3 = 339671 um.
Total wire length on LAYER met4 = 234558 um.
Total wire length on LAYER met5 = 9211 um.
Total number of vias = 228172.
Up-via summary (total 228172):

-------------------------
 FR_MASTERSLICE         0
            li1     72778
           met1    114265
           met2     30569
           met3     10354
           met4       206
-------------------------
               228172


[INFO DRT-0267] cpu time = 02:59:36, elapsed time = 00:21:14, memory = 4966.71 (MB), peak = 5937.39 (MB)

[INFO DRT-0180] Post processing.
[INFO DRT-0501] Runtime: 1293.12s
[INFO ANT-0002] Found 32 net violations.
[INFO ANT-0001] Found 35 pin violations.
[INFO GRT-0012] Found 32 antenna violations.
[WARNING GRT-0243] Unable to repair antennas on net with diodes.
[INFO DPL-0006] Core area: 449380.99 um^2
[INFO DPL-0007] Movable instances area: 0.00 um^2
[INFO DPL-0008] Fixed instances area within core: 231235.52 um^2
[INFO DPL-0009] Utilization: 51.5%
[INFO DPL-0005] Diamond search max displacement: +/- 500 sites horizontally, +/- 100 rows vertically.
[INFO DPL-1102] Legalizing using negotiation legalizer.
[INFO DPL-1103] Negotiation base search window: +/-20 sites horizontally, +/-5 rows vertically 
	Automatic search window extension enabled.
	Search window extendable up to the max displacement cap of +/-500 sites, +/-100 rows near walls.
[INFO DPL-1104] NegotiationLegalizer DRC penalty: 5.
[INFO DPL-0392] Negotiation cell height distribution (1 unique row-count(s)):
[INFO DPL-0393]   height 1 row(s): 26139 cells
[INFO DPL-0500] Runtime: 0.18s
[INFO GRT-0015] Inserted 35 diodes.
[WARNING DRT-0120] Large net net1900 has 171 pins which may impact routing performance. Consider optimization.
[WARNING DRT-0120] Large net net1885 has 110 pins which may impact routing performance. Consider optimization.
[WARNING DRT-0120] Large net net1867 has 102 pins which may impact routing performance. Consider optimization.
[WARNING DRT-0120] Large net net1532 has 149 pins which may impact routing performance. Consider optimization.
[WARNING DRT-0120] Large net net1531 has 151 pins which may impact routing performance. Consider optimization.
[WARNING DRT-0120] Large net net1527 has 119 pins which may impact routing performance. Consider optimization.
[WARNING DRT-0120] Large net net1520 has 167 pins which may impact routing performance. Consider optimization.
[WARNING DRT-0120] Large net net1519 has 120 pins which may impact routing performance. Consider optimization.
[WARNING DRT-0120] Large net net1516 has 160 pins which may impact routing performance. Consider optimization.
[WARNING DRT-0120] Large net net1515 has 114 pins which may impact routing performance. Consider optimization.
[WARNING DRT-0120] Large net net1860 has 103 pins which may impact routing performance. Consider optimization.
[WARNING DRT-0120] Large net net71 has 169 pins which may impact routing performance. Consider optimization.
[INFO DRT-0024]   Complete FR_MASTERSLICE.
[INFO DRT-0024]   Complete Fr_VIA.
[INFO DRT-0024]   Complete li1.
[INFO DRT-0024]   Complete mcon.
[INFO DRT-0024]   Complete met1.
[INFO DRT-0024]   Complete via.
[INFO DRT-0024]   Complete met2.
[INFO DRT-0024]   Complete via2.
[INFO DRT-0024]   Complete met3.
[INFO DRT-0024]   Complete via3.
[INFO DRT-0024]   Complete met4.
[INFO DRT-0024]   Complete via4.
[INFO DRT-0024]   Complete met5.
[INFO DRT-0165] Start pin access.
[INFO DRT-0076]   Complete 1000 pins.
[INFO DRT-0078]   Complete 1354 pins.
[INFO DRT-0079]   Complete 100 unique inst patterns.
[INFO DRT-0081]   Complete 175 unique inst patterns.
[INFO DRT-0082]   Complete 10000 groups.
[INFO DRT-0084]   Complete 14492 groups.
#scanned instances     = 26139
#unique  instances     = 175
#stdCellGenAp          = 5770
#stdCellValidPlanarAp  = 105
#stdCellValidViaAp     = 3995
#stdCellPinNoAp        = 0
#stdCellPinCnt         = 74917
#instTermValidViaApCnt = 0
#macroGenAp            = 0
#macroValidPlanarAp    = 0
#macroValidViaAp       = 0
#macroNoAp             = 0
[INFO DRT-0166] Complete pin access.
[INFO DRT-0267] cpu time = 00:07:29, elapsed time = 00:00:39, memory = 4939.36 (MB), peak = 5937.39 (MB)
[INFO DRT-0156] guideIn read 100000 guides.
[INFO DRT-0156] guideIn read 200000 guides.

[INFO DRT-0157] Number of guides:     213704

[INFO DRT-0169] Post process guides.
[INFO DRT-0176] GCELLGRID X 0 DO 97 STEP 6900 ;
[INFO DRT-0177] GCELLGRID Y 0 DO 97 STEP 6900 ;
[INFO DRT-0026]   Complete 100000 origin guides.
[INFO DRT-0026]   Complete 200000 origin guides.
[INFO DRT-0028]   Complete FR_MASTERSLICE.
[INFO DRT-0028]   Complete Fr_VIA.
[INFO DRT-0028]   Complete li1.
[INFO DRT-0028]   Complete mcon.
[INFO DRT-0028]   Complete met1.
[INFO DRT-0028]   Complete via.
[INFO DRT-0028]   Complete met2.
[INFO DRT-0028]   Complete via2.
[INFO DRT-0028]   Complete met3.
[INFO DRT-0028]   Complete via3.
[INFO DRT-0028]   Complete met4.
[INFO DRT-0028]   Complete via4.
[INFO DRT-0028]   Complete met5.
[INFO DRT-0178] Init guide query.
[INFO DRT-0035]   Complete FR_MASTERSLICE (guide).
[INFO DRT-0035]   Complete Fr_VIA (guide).
[INFO DRT-0035]   Complete li1 (guide).
[INFO DRT-0035]   Complete mcon (guide).
[INFO DRT-0035]   Complete met1 (guide).
[INFO DRT-0035]   Complete via (guide).
[INFO DRT-0035]   Complete met2 (guide).
[INFO DRT-0035]   Complete via2 (guide).
[INFO DRT-0035]   Complete met3 (guide).
[INFO DRT-0035]   Complete via3 (guide).
[INFO DRT-0035]   Complete met4 (guide).
[INFO DRT-0035]   Complete via4 (guide).
[INFO DRT-0035]   Complete met5 (guide).
[INFO DRT-0036] FR_MASTERSLICE guide region query size = 0.
[INFO DRT-0036] FR_VIA guide region query size = 0.
[INFO DRT-0036] li1 guide region query size = 62509.
[INFO DRT-0036] mcon guide region query size = 0.
[INFO DRT-0036] met1 guide region query size = 62012.
[INFO DRT-0036] via guide region query size = 0.
[INFO DRT-0036] met2 guide region query size = 35319.
[INFO DRT-0036] via2 guide region query size = 0.
[INFO DRT-0036] met3 guide region query size = 5938.
[INFO DRT-0036] via3 guide region query size = 0.
[INFO DRT-0036] met4 guide region query size = 2605.
[INFO DRT-0036] via4 guide region query size = 0.
[INFO DRT-0036] met5 guide region query size = 160.
[INFO DRT-0179] Init gr pin query.
[INFO DRT-0267] cpu time = 00:00:01, elapsed time = 00:00:00, memory = 4939.36 (MB), peak = 5937.39 (MB)
[INFO DRT-0245] skipped writing guide updates to database.
[INFO DRT-0181] Start track assignment.
[INFO DRT-0184] Done with 100433 vertical wires in 2 frboxes and 68110 horizontal wires in 2 frboxes.
[INFO DRT-0186] Done with 21728 vertical wires in 2 frboxes and 33194 horizontal wires in 2 frboxes.
[INFO DRT-0182] Complete track assignment.
[INFO DRT-0267] cpu time = 00:00:14, elapsed time = 00:00:08, memory = 4939.36 (MB), peak = 5937.39 (MB)
[INFO DRT-0187] Start routing data preparation.
[INFO DRT-0267] cpu time = 00:00:00, elapsed time = 00:00:00, memory = 4939.36 (MB), peak = 5937.39 (MB)
[INFO DRT-0194] Start detail routing.
[INFO DRT-0195] Start 0th optimization iteration.
    Completing 10% with 0 violations.
    elapsed time = 00:00:08, memory = 4980.14 (MB).
    Completing 20% with 0 violations.
    elapsed time = 00:00:14, memory = 5022.29 (MB).
    Completing 30% with 3401 violations.
    elapsed time = 00:00:24, memory = 4973.09 (MB).
    Completing 40% with 3401 violations.
    elapsed time = 00:00:32, memory = 4980.06 (MB).
    Completing 50% with 3401 violations.
    elapsed time = 00:00:39, memory = 4939.42 (MB).
    Completing 60% with 7351 violations.
    elapsed time = 00:00:51, memory = 4993.34 (MB).
    Completing 70% with 7351 violations.
    elapsed time = 00:00:58, memory = 4972.77 (MB).
    Completing 80% with 10777 violations.
    elapsed time = 00:01:07, memory = 4973.50 (MB).
    Completing 90% with 10777 violations.
    elapsed time = 00:01:14, memory = 5020.70 (MB).
    Completing 100% with 14235 violations.
    elapsed time = 00:01:24, memory = 4939.44 (MB).
[INFO DRT-0199]   Number of violations = 15163.
Viol/Layer        met1    via   met2   met3   met4
Cut Spacing          0      1      0      0      0
Metal Spacing      870      0    843     17      6
Min Hole            12      0      2      0      0
Recheck            480      0    391     27     30
Short             7290     14   5082     74     24
[INFO DRT-0267] cpu time = 00:14:39, elapsed time = 00:01:24, memory = 4939.44 (MB), peak = 5937.39 (MB)
Total wire length = 1690271 um.
Total wire length on LAYER li1 = 0 um.
Total wire length on LAYER met1 = 534977 um.
Total wire length on LAYER met2 = 590768 um.
Total wire length on LAYER met3 = 327429 um.
Total wire length on LAYER met4 = 227969 um.
Total wire length on LAYER met5 = 9126 um.
Total number of vias = 227393.
Up-via summary (total 227393):

-------------------------
 FR_MASTERSLICE         0
            li1     72822
           met1    115127
           met2     29376
           met3      9864
           met4       204
-------------------------
               227393


[INFO DRT-0195] Start 1st optimization iteration.
    Completing 10% with 15163 violations.
    elapsed time = 00:00:05, memory = 5059.12 (MB).
    Completing 20% with 15163 violations.
    elapsed time = 00:00:10, memory = 5059.84 (MB).
    Completing 30% with 13559 violations.
    elapsed time = 00:00:18, memory = 5018.13 (MB).
    Completing 40% with 13559 violations.
    elapsed time = 00:00:23, memory = 4974.05 (MB).
    Completing 50% with 13559 violations.
    elapsed time = 00:00:29, memory = 5020.18 (MB).
    Completing 60% with 11695 violations.
    elapsed time = 00:00:39, memory = 4999.67 (MB).
    Completing 70% with 11695 violations.
    elapsed time = 00:00:45, memory = 4939.44 (MB).
    Completing 80% with 10006 violations.
    elapsed time = 00:00:52, memory = 5028.05 (MB).
    Completing 90% with 10006 violations.
    elapsed time = 00:00:58, memory = 5021.00 (MB).
    Completing 100% with 8364 violations.
    elapsed time = 00:01:08, memory = 4939.44 (MB).
[INFO DRT-0199]   Number of violations = 8364.
Viol/Layer        mcon   met1    via   met2   met3   met4
Cut Spacing          1      0      0      0      0      0
Metal Spacing        0    677      0    716      1      0
Short                0   4551      2   2407      8      1
[INFO DRT-0267] cpu time = 00:11:40, elapsed time = 00:01:08, memory = 4939.44 (MB), peak = 5937.39 (MB)
Total wire length = 1688084 um.
Total wire length on LAYER li1 = 0 um.
Total wire length on LAYER met1 = 532783 um.
Total wire length on LAYER met2 = 588950 um.
Total wire length on LAYER met3 = 328396 um.
Total wire length on LAYER met4 = 228827 um.
Total wire length on LAYER met5 = 9126 um.
Total number of vias = 227119.
Up-via summary (total 227119):

-------------------------
 FR_MASTERSLICE         0
            li1     72826
           met1    114696
           met2     29472
           met3      9921
           met4       204
-------------------------
               227119


[INFO DRT-0195] Start 2nd optimization iteration.
    Completing 10% with 8364 violations.
    elapsed time = 00:00:06, memory = 4981.19 (MB).
    Completing 20% with 8364 violations.
    elapsed time = 00:00:11, memory = 5023.29 (MB).
    Completing 30% with 8348 violations.
    elapsed time = 00:00:20, memory = 4939.44 (MB).
    Completing 40% with 8348 violations.
    elapsed time = 00:00:25, memory = 4974.27 (MB).
    Completing 50% with 8348 violations.
    elapsed time = 00:00:29, memory = 4939.44 (MB).
    Completing 60% with 8188 violations.
    elapsed time = 00:00:37, memory = 5018.92 (MB).
    Completing 70% with 8188 violations.
    elapsed time = 00:00:40, memory = 4939.44 (MB).
    Completing 80% with 8050 violations.
    elapsed time = 00:00:47, memory = 4978.31 (MB).
    Completing 90% with 8050 violations.
    elapsed time = 00:00:52, memory = 4979.97 (MB).
    Completing 100% with 7991 violations.
    elapsed time = 00:00:58, memory = 4939.44 (MB).
[INFO DRT-0199]   Number of violations = 7991.
Viol/Layer        mcon   met1    via   met2   met3   met4
Cut Spacing          1      0      0      0      0      0
Metal Spacing        0    616      0    665      4      0
Short                0   4358      2   2341      3      1
[INFO DRT-0267] cpu time = 00:09:55, elapsed time = 00:00:59, memory = 4939.44 (MB), peak = 5937.39 (MB)
Total wire length = 1687728 um.
Total wire length on LAYER li1 = 0 um.
Total wire length on LAYER met1 = 532336 um.
Total wire length on LAYER met2 = 588536 um.
Total wire length on LAYER met3 = 328823 um.
Total wire length on LAYER met4 = 228905 um.
Total wire length on LAYER met5 = 9126 um.
Total number of vias = 226987.
Up-via summary (total 226987):

-------------------------
 FR_MASTERSLICE         0
            li1     72818
           met1    114546
           met2     29494
           met3      9925
           met4       204
-------------------------
               226987


[INFO DRT-0195] Start 3rd optimization iteration.
    Completing 10% with 7991 violations.
    elapsed time = 00:00:17, memory = 5057.56 (MB).
    Completing 20% with 7991 violations.
    elapsed time = 00:00:34, memory = 5018.40 (MB).
    Completing 30% with 6909 violations.
    elapsed time = 00:00:49, memory = 5021.16 (MB).
    Completing 40% with 6909 violations.
    elapsed time = 00:01:12, memory = 4939.46 (MB).
    Completing 50% with 6909 violations.
    elapsed time = 00:01:36, memory = 4939.46 (MB).
    Completing 60% with 5777 violations.
    elapsed time = 00:01:59, memory = 4976.82 (MB).
    Completing 70% with 5777 violations.
    elapsed time = 00:02:10, memory = 4976.82 (MB).
    Completing 80% with 4614 violations.
    elapsed time = 00:02:30, memory = 4980.28 (MB).
    Completing 90% with 4614 violations.
    elapsed time = 00:02:49, memory = 4939.46 (MB).
    Completing 100% with 3081 violations.
    elapsed time = 00:03:08, memory = 4939.46 (MB).
[INFO DRT-0199]   Number of violations = 3081.
Viol/Layer        mcon   met1    via   met2   met3
Cut Spacing          5      0      3      0      0
Metal Spacing        0    469      0    337     18
Min Hole             0      1      0      0      0
Short                0   1439      1    789     19
[INFO DRT-0267] cpu time = 00:31:18, elapsed time = 00:03:09, memory = 4939.46 (MB), peak = 5937.39 (MB)
Total wire length = 1688112 um.
Total wire length on LAYER li1 = 0 um.
Total wire length on LAYER met1 = 523888 um.
Total wire length on LAYER met2 = 583285 um.
Total wire length on LAYER met3 = 337104 um.
Total wire length on LAYER met4 = 234711 um.
Total wire length on LAYER met5 = 9122 um.
Total number of vias = 228925.
Up-via summary (total 228925):

-------------------------
 FR_MASTERSLICE         0
            li1     72821
           met1    114730
           met2     30753
           met3     10419
           met4       202
-------------------------
               228925


[INFO DRT-0195] Start 4th optimization iteration.
    Completing 10% with 3081 violations.
    elapsed time = 00:00:03, memory = 4979.78 (MB).
    Completing 20% with 3081 violations.
    elapsed time = 00:00:07, memory = 4979.78 (MB).
    Completing 30% with 2656 violations.
    elapsed time = 00:00:13, memory = 4973.50 (MB).
    Completing 40% with 2656 violations.
    elapsed time = 00:00:26, memory = 4973.50 (MB).
    Completing 50% with 2656 violations.
    elapsed time = 00:00:38, memory = 4939.46 (MB).
    Completing 60% with 2051 violations.
    elapsed time = 00:00:43, memory = 4985.70 (MB).
    Completing 70% with 2051 violations.
    elapsed time = 00:00:50, memory = 4985.70 (MB).
    Completing 80% with 1439 violations.
    elapsed time = 00:00:58, memory = 5012.39 (MB).
    Completing 90% with 1439 violations.
    elapsed time = 00:01:13, memory = 5060.58 (MB).
    Completing 100% with 932 violations.
    elapsed time = 00:01:32, memory = 4939.46 (MB).
[INFO DRT-0199]   Number of violations = 932.
Viol/Layer        mcon   met1   met2   met3   met4
Cut Spacing          3      0      0      0      0
Metal Spacing        0    218    126      3      0
Min Hole             0      0      1      0      0
Short                0    355    225      0      1
[INFO DRT-0267] cpu time = 00:13:16, elapsed time = 00:01:33, memory = 4939.46 (MB), peak = 5937.39 (MB)
Total wire length = 1687950 um.
Total wire length on LAYER li1 = 0 um.
Total wire length on LAYER met1 = 521998 um.
Total wire length on LAYER met2 = 581843 um.
Total wire length on LAYER met3 = 338868 um.
Total wire length on LAYER met4 = 236117 um.
Total wire length on LAYER met5 = 9122 um.
Total number of vias = 229130.
Up-via summary (total 229130):

-------------------------
 FR_MASTERSLICE         0
            li1     72816
           met1    114643
           met2     30922
           met3     10547
           met4       202
-------------------------
               229130


[INFO DRT-0195] Start 5th optimization iteration.
    Completing 10% with 932 violations.
    elapsed time = 00:00:00, memory = 4939.46 (MB).
    Completing 20% with 932 violations.
    elapsed time = 00:00:00, memory = 4974.81 (MB).
    Completing 30% with 890 violations.
    elapsed time = 00:00:08, memory = 4939.46 (MB).
    Completing 40% with 890 violations.
    elapsed time = 00:00:09, memory = 4982.79 (MB).
    Completing 50% with 890 violations.
    elapsed time = 00:00:11, memory = 4984.29 (MB).
    Completing 60% with 766 violations.
    elapsed time = 00:00:29, memory = 4961.97 (MB).
    Completing 70% with 766 violations.
    elapsed time = 00:00:33, memory = 5055.93 (MB).
    Completing 80% with 594 violations.
    elapsed time = 00:00:44, memory = 4939.46 (MB).
    Completing 90% with 594 violations.
    elapsed time = 00:00:47, memory = 5018.79 (MB).
    Completing 100% with 374 violations.
    elapsed time = 00:01:05, memory = 4939.46 (MB).
[INFO DRT-0199]   Number of violations = 374.
Viol/Layer        met1   met2
Metal Spacing       77     35
Short              179     83
[INFO DRT-0267] cpu time = 00:05:28, elapsed time = 00:01:06, memory = 4939.46 (MB), peak = 5937.39 (MB)
Total wire length = 1687717 um.
Total wire length on LAYER li1 = 0 um.
Total wire length on LAYER met1 = 521691 um.
Total wire length on LAYER met2 = 581571 um.
Total wire length on LAYER met3 = 339026 um.
Total wire length on LAYER met4 = 236306 um.
Total wire length on LAYER met5 = 9122 um.
Total number of vias = 229053.
Up-via summary (total 229053):

-------------------------
 FR_MASTERSLICE         0
            li1     72819
           met1    114613
           met2     30874
           met3     10545
           met4       202
-------------------------
               229053


[INFO DRT-0195] Start 6th optimization iteration.
    Completing 10% with 374 violations.
    elapsed time = 00:00:00, memory = 4939.46 (MB).
    Completing 20% with 374 violations.
    elapsed time = 00:00:00, memory = 4939.46 (MB).
    Completing 30% with 314 violations.
    elapsed time = 00:00:04, memory = 4939.46 (MB).
    Completing 40% with 314 violations.
    elapsed time = 00:00:04, memory = 4939.46 (MB).
    Completing 50% with 314 violations.
    elapsed time = 00:00:04, memory = 4939.46 (MB).
    Completing 60% with 284 violations.
    elapsed time = 00:00:18, memory = 4939.46 (MB).
    Completing 70% with 284 violations.
    elapsed time = 00:00:18, memory = 4939.46 (MB).
    Completing 80% with 217 violations.
    elapsed time = 00:00:28, memory = 4939.46 (MB).
    Completing 90% with 217 violations.
    elapsed time = 00:00:28, memory = 4939.46 (MB).
    Completing 100% with 145 violations.
    elapsed time = 00:00:50, memory = 4939.46 (MB).
[INFO DRT-0199]   Number of violations = 145.
Viol/Layer        met1   met2
Metal Spacing       41     13
Short               68     23
[INFO DRT-0267] cpu time = 00:02:14, elapsed time = 00:00:51, memory = 4939.46 (MB), peak = 5937.39 (MB)
Total wire length = 1687580 um.
Total wire length on LAYER li1 = 0 um.
Total wire length on LAYER met1 = 521406 um.
Total wire length on LAYER met2 = 581303 um.
Total wire length on LAYER met3 = 339213 um.
Total wire length on LAYER met4 = 236534 um.
Total wire length on LAYER met5 = 9122 um.
Total number of vias = 229017.
Up-via summary (total 229017):

-------------------------
 FR_MASTERSLICE         0
            li1     72818
           met1    114567
           met2     30880
           met3     10550
           met4       202
-------------------------
               229017


[INFO DRT-0195] Start 7th optimization iteration.
    Completing 10% with 145 violations.
    elapsed time = 00:00:00, memory = 4939.46 (MB).
    Completing 20% with 145 violations.
    elapsed time = 00:00:00, memory = 4939.46 (MB).
    Completing 30% with 137 violations.
    elapsed time = 00:00:04, memory = 4939.46 (MB).
    Completing 40% with 137 violations.
    elapsed time = 00:00:04, memory = 4939.46 (MB).
    Completing 50% with 137 violations.
    elapsed time = 00:00:04, memory = 4939.46 (MB).
    Completing 60% with 114 violations.
    elapsed time = 00:00:16, memory = 4939.46 (MB).
    Completing 70% with 114 violations.
    elapsed time = 00:00:16, memory = 4939.46 (MB).
    Completing 80% with 91 violations.
    elapsed time = 00:00:21, memory = 4939.46 (MB).
    Completing 90% with 91 violations.
    elapsed time = 00:00:21, memory = 4939.46 (MB).
    Completing 100% with 80 violations.
    elapsed time = 00:00:27, memory = 4939.46 (MB).
[INFO DRT-0199]   Number of violations = 80.
Viol/Layer        met1   met2
Metal Spacing       29      9
Short               29     13
[INFO DRT-0267] cpu time = 00:00:57, elapsed time = 00:00:27, memory = 4939.46 (MB), peak = 5937.39 (MB)
Total wire length = 1687543 um.
Total wire length on LAYER li1 = 0 um.
Total wire length on LAYER met1 = 521309 um.
Total wire length on LAYER met2 = 581217 um.
Total wire length on LAYER met3 = 339265 um.
Total wire length on LAYER met4 = 236622 um.
Total wire length on LAYER met5 = 9128 um.
Total number of vias = 229039.
Up-via summary (total 229039):

-------------------------
 FR_MASTERSLICE         0
            li1     72818
           met1    114574
           met2     30889
           met3     10556
           met4       202
-------------------------
               229039


[INFO DRT-0195] Start 8th guides tiles iteration.
    Completing 10% with 80 violations.
    elapsed time = 00:00:01, memory = 5071.68 (MB).
    Completing 20% with 80 violations.
    elapsed time = 00:00:02, memory = 5071.68 (MB).
    Completing 30% with 80 violations.
    elapsed time = 00:00:10, memory = 4939.46 (MB).
    Completing 40% with 80 violations.
    elapsed time = 00:00:11, memory = 4939.46 (MB).
    Completing 50% with 80 violations.
    elapsed time = 00:00:14, memory = 4939.46 (MB).
    Completing 60% with 80 violations.
    elapsed time = 00:00:14, memory = 4939.46 (MB).
    Completing 70% with 80 violations.
    elapsed time = 00:00:26, memory = 4939.46 (MB).
    Completing 80% with 80 violations.
    elapsed time = 00:00:26, memory = 4939.46 (MB).
    Completing 90% with 80 violations.
    elapsed time = 00:00:26, memory = 4939.46 (MB).
    Completing 100% with 74 violations.
    elapsed time = 00:00:26, memory = 4939.46 (MB).
[INFO DRT-0199]   Number of violations = 74.
Viol/Layer        met1   met2
Metal Spacing       26      8
Short               27     13
[INFO DRT-0267] cpu time = 00:01:02, elapsed time = 00:00:26, memory = 4939.46 (MB), peak = 5937.39 (MB)
Total wire length = 1687542 um.
Total wire length on LAYER li1 = 0 um.
Total wire length on LAYER met1 = 521308 um.
Total wire length on LAYER met2 = 581216 um.
Total wire length on LAYER met3 = 339265 um.
Total wire length on LAYER met4 = 236622 um.
Total wire length on LAYER met5 = 9128 um.
Total number of vias = 229038.
Up-via summary (total 229038):

-------------------------
 FR_MASTERSLICE         0
            li1     72818
           met1    114573
           met2     30889
           met3     10556
           met4       202
-------------------------
               229038


[INFO DRT-0195] Start 9th guides tiles iteration.
    Completing 10% with 74 violations.
    elapsed time = 00:00:01, memory = 5071.68 (MB).
    Completing 20% with 74 violations.
    elapsed time = 00:00:01, memory = 5071.68 (MB).
    Completing 30% with 74 violations.
    elapsed time = 00:00:02, memory = 5071.68 (MB).
    Completing 40% with 74 violations.
    elapsed time = 00:00:10, memory = 4939.46 (MB).
    Completing 50% with 74 violations.
    elapsed time = 00:00:11, memory = 4939.46 (MB).
    Completing 60% with 74 violations.
    elapsed time = 00:00:12, memory = 4939.46 (MB).
    Completing 70% with 74 violations.
    elapsed time = 00:00:13, memory = 4939.46 (MB).
    Completing 80% with 74 violations.
    elapsed time = 00:00:15, memory = 4939.46 (MB).
    Completing 90% with 74 violations.
    elapsed time = 00:00:17, memory = 4939.46 (MB).
    Completing 100% with 67 violations.
    elapsed time = 00:00:26, memory = 4939.46 (MB).
[INFO DRT-0199]   Number of violations = 67.
Viol/Layer        met1   met2
Metal Spacing       20      8
Short               27     12
[INFO DRT-0267] cpu time = 00:00:57, elapsed time = 00:00:26, memory = 4939.46 (MB), peak = 5937.39 (MB)
Total wire length = 1687539 um.
Total wire length on LAYER li1 = 0 um.
Total wire length on LAYER met1 = 521308 um.
Total wire length on LAYER met2 = 581207 um.
Total wire length on LAYER met3 = 339263 um.
Total wire length on LAYER met4 = 236631 um.
Total wire length on LAYER met5 = 9128 um.
Total number of vias = 229039.
Up-via summary (total 229039):

-------------------------
 FR_MASTERSLICE         0
            li1     72818
           met1    114574
           met2     30887
           met3     10558
           met4       202
-------------------------
               229039


[INFO DRT-0195] Start 10th guides tiles iteration.
    Completing 10% with 67 violations.
    elapsed time = 00:00:00, memory = 5054.82 (MB).
    Completing 20% with 67 violations.
    elapsed time = 00:00:00, memory = 5115.23 (MB).
    Completing 30% with 67 violations.
    elapsed time = 00:00:00, memory = 5115.23 (MB).
    Completing 40% with 67 violations.
    elapsed time = 00:00:02, memory = 5071.68 (MB).
    Completing 50% with 67 violations.
    elapsed time = 00:00:05, memory = 4939.46 (MB).
    Completing 60% with 46 violations.
    elapsed time = 00:00:05, memory = 4939.46 (MB).
    Completing 70% with 46 violations.
    elapsed time = 00:00:06, memory = 4939.46 (MB).
    Completing 80% with 46 violations.
    elapsed time = 00:00:06, memory = 4939.46 (MB).
    Completing 100% with 1 violations.
    elapsed time = 00:00:07, memory = 4939.46 (MB).
[INFO DRT-0199]   Number of violations = 1.
Viol/Layer        met1
Short                1
[INFO DRT-0267] cpu time = 00:00:13, elapsed time = 00:00:07, memory = 4939.46 (MB), peak = 5937.39 (MB)
Total wire length = 1687545 um.
Total wire length on LAYER li1 = 0 um.
Total wire length on LAYER met1 = 521342 um.
Total wire length on LAYER met2 = 581119 um.
Total wire length on LAYER met3 = 339226 um.
Total wire length on LAYER met4 = 236728 um.
Total wire length on LAYER met5 = 9128 um.
Total number of vias = 229038.
Up-via summary (total 229038):

-------------------------
 FR_MASTERSLICE         0
            li1     72818
           met1    114564
           met2     30896
           met3     10558
           met4       202
-------------------------
               229038


[INFO DRT-0195] Start 11th guides tiles iteration.
    Completing 50% with 1 violations.
    elapsed time = 00:00:00, memory = 4939.46 (MB).
    Completing 100% with 1 violations.
    elapsed time = 00:00:00, memory = 4939.46 (MB).
[INFO DRT-0199]   Number of violations = 1.
Viol/Layer        met1
Short                1
[INFO DRT-0267] cpu time = 00:00:01, elapsed time = 00:00:00, memory = 4939.46 (MB), peak = 5937.39 (MB)
Total wire length = 1687545 um.
Total wire length on LAYER li1 = 0 um.
Total wire length on LAYER met1 = 521342 um.
Total wire length on LAYER met2 = 581119 um.
Total wire length on LAYER met3 = 339226 um.
Total wire length on LAYER met4 = 236728 um.
Total wire length on LAYER met5 = 9128 um.
Total number of vias = 229038.
Up-via summary (total 229038):

-------------------------
 FR_MASTERSLICE         0
            li1     72818
           met1    114564
           met2     30896
           met3     10558
           met4       202
-------------------------
               229038


[INFO DRT-0195] Start 12th stubborn tiles iteration.
    Completing 10% with 1 violations.
    elapsed time = 00:00:01, memory = 5019.55 (MB).
    Completing 20% with 1 violations.
    elapsed time = 00:00:01, memory = 4979.50 (MB).
    Completing 30% with 1 violations.
    elapsed time = 00:00:02, memory = 4979.82 (MB).
    Completing 40% with 1 violations.
    elapsed time = 00:00:03, memory = 5022.27 (MB).
    Completing 50% with 1 violations.
    elapsed time = 00:00:04, memory = 5022.27 (MB).
    Completing 60% with 1 violations.
    elapsed time = 00:00:05, memory = 5022.27 (MB).
    Completing 70% with 1 violations.
    elapsed time = 00:00:14, memory = 5048.63 (MB).
    Completing 80% with 1 violations.
    elapsed time = 00:00:17, memory = 5048.66 (MB).
    Completing 90% with 1 violations.
    elapsed time = 00:00:21, memory = 5009.50 (MB).
    Completing 100% with 0 violations.
    elapsed time = 00:00:30, memory = 4968.09 (MB).
[INFO DRT-0199]   Number of violations = 0.
[INFO DRT-0267] cpu time = 00:04:17, elapsed time = 00:00:30, memory = 4968.09 (MB), peak = 5937.39 (MB)
Total wire length = 1687544 um.
Total wire length on LAYER li1 = 0 um.
Total wire length on LAYER met1 = 521318 um.
Total wire length on LAYER met2 = 581117 um.
Total wire length on LAYER met3 = 339251 um.
Total wire length on LAYER met4 = 236728 um.
Total wire length on LAYER met5 = 9128 um.
Total number of vias = 229037.
Up-via summary (total 229037):

-------------------------
 FR_MASTERSLICE         0
            li1     72818
           met1    114560
           met2     30899
           met3     10558
           met4       202
-------------------------
               229037


[INFO DRT-0198] Complete detail routing.
Total wire length = 1687544 um.
Total wire length on LAYER li1 = 0 um.
Total wire length on LAYER met1 = 521318 um.
Total wire length on LAYER met2 = 581117 um.
Total wire length on LAYER met3 = 339251 um.
Total wire length on LAYER met4 = 236728 um.
Total wire length on LAYER met5 = 9128 um.
Total number of vias = 229037.
Up-via summary (total 229037):

-------------------------
 FR_MASTERSLICE         0
            li1     72818
           met1    114560
           met2     30899
           met3     10558
           met4       202
-------------------------
               229037


[INFO DRT-0267] cpu time = 01:36:03, elapsed time = 00:12:13, memory = 4968.09 (MB), peak = 5937.39 (MB)

[INFO DRT-0180] Post processing.
[INFO DRT-0501] Runtime: 766.12s
[INFO ANT-0002] Found 14 net violations.
[INFO ANT-0001] Found 20 pin violations.
[INFO GRT-0012] Found 14 antenna violations.
[INFO DPL-0006] Core area: 449380.99 um^2
[INFO DPL-0007] Movable instances area: 0.00 um^2
[INFO DPL-0008] Fixed instances area within core: 231285.57 um^2
[INFO DPL-0009] Utilization: 51.5%
[INFO DPL-0005] Diamond search max displacement: +/- 500 sites horizontally, +/- 100 rows vertically.
[INFO DPL-1102] Legalizing using negotiation legalizer.
[INFO DPL-1103] Negotiation base search window: +/-20 sites horizontally, +/-5 rows vertically 
	Automatic search window extension enabled.
	Search window extendable up to the max displacement cap of +/-500 sites, +/-100 rows near walls.
[INFO DPL-1104] NegotiationLegalizer DRC penalty: 5.
[INFO DPL-0392] Negotiation cell height distribution (1 unique row-count(s)):
[INFO DPL-0393]   height 1 row(s): 26159 cells
[INFO DPL-0500] Runtime: 0.20s
[INFO GRT-0015] Inserted 20 diodes.
[WARNING DRT-0120] Large net net1900 has 171 pins which may impact routing performance. Consider optimization.
[WARNING DRT-0120] Large net net1885 has 110 pins which may impact routing performance. Consider optimization.
[WARNING DRT-0120] Large net net1867 has 102 pins which may impact routing performance. Consider optimization.
[WARNING DRT-0120] Large net net1532 has 149 pins which may impact routing performance. Consider optimization.
[WARNING DRT-0120] Large net net1531 has 151 pins which may impact routing performance. Consider optimization.
[WARNING DRT-0120] Large net net1527 has 119 pins which may impact routing performance. Consider optimization.
[WARNING DRT-0120] Large net net1520 has 167 pins which may impact routing performance. Consider optimization.
[WARNING DRT-0120] Large net net1519 has 120 pins which may impact routing performance. Consider optimization.
[WARNING DRT-0120] Large net net1516 has 160 pins which may impact routing performance. Consider optimization.
[WARNING DRT-0120] Large net net1515 has 114 pins which may impact routing performance. Consider optimization.
[WARNING DRT-0120] Large net net1860 has 103 pins which may impact routing performance. Consider optimization.
[WARNING DRT-0120] Large net net71 has 169 pins which may impact routing performance. Consider optimization.
[INFO DRT-0024]   Complete FR_MASTERSLICE.
[INFO DRT-0024]   Complete Fr_VIA.
[INFO DRT-0024]   Complete li1.
[INFO DRT-0024]   Complete mcon.
[INFO DRT-0024]   Complete met1.
[INFO DRT-0024]   Complete via.
[INFO DRT-0024]   Complete met2.
[INFO DRT-0024]   Complete via2.
[INFO DRT-0024]   Complete met3.
[INFO DRT-0024]   Complete via3.
[INFO DRT-0024]   Complete met4.
[INFO DRT-0024]   Complete via4.
[INFO DRT-0024]   Complete met5.
[INFO DRT-0165] Start pin access.
[INFO DRT-0076]   Complete 1000 pins.
[INFO DRT-0078]   Complete 1354 pins.
[INFO DRT-0079]   Complete 100 unique inst patterns.
[INFO DRT-0081]   Complete 175 unique inst patterns.
[INFO DRT-0082]   Complete 10000 groups.
[INFO DRT-0084]   Complete 14498 groups.
#scanned instances     = 26159
#unique  instances     = 175
#stdCellGenAp          = 5770
#stdCellValidPlanarAp  = 105
#stdCellValidViaAp     = 3995
#stdCellPinNoAp        = 0
#stdCellPinCnt         = 74917
#instTermValidViaApCnt = 0
#macroGenAp            = 0
#macroValidPlanarAp    = 0
#macroValidViaAp       = 0
#macroNoAp             = 0
[INFO DRT-0166] Complete pin access.
[INFO DRT-0267] cpu time = 00:07:20, elapsed time = 00:00:39, memory = 4870.89 (MB), peak = 5937.39 (MB)
[INFO DRT-0156] guideIn read 100000 guides.
[INFO DRT-0156] guideIn read 200000 guides.

[INFO DRT-0157] Number of guides:     213573

[INFO DRT-0169] Post process guides.
[INFO DRT-0176] GCELLGRID X 0 DO 97 STEP 6900 ;
[INFO DRT-0177] GCELLGRID Y 0 DO 97 STEP 6900 ;
[INFO DRT-0026]   Complete 100000 origin guides.
[INFO DRT-0026]   Complete 200000 origin guides.
[INFO DRT-0028]   Complete FR_MASTERSLICE.
[INFO DRT-0028]   Complete Fr_VIA.
[INFO DRT-0028]   Complete li1.
[INFO DRT-0028]   Complete mcon.
[INFO DRT-0028]   Complete met1.
[INFO DRT-0028]   Complete via.
[INFO DRT-0028]   Complete met2.
[INFO DRT-0028]   Complete via2.
[INFO DRT-0028]   Complete met3.
[INFO DRT-0028]   Complete via3.
[INFO DRT-0028]   Complete met4.
[INFO DRT-0028]   Complete via4.
[INFO DRT-0028]   Complete met5.
[INFO DRT-0178] Init guide query.
[INFO DRT-0035]   Complete FR_MASTERSLICE (guide).
[INFO DRT-0035]   Complete Fr_VIA (guide).
[INFO DRT-0035]   Complete li1 (guide).
[INFO DRT-0035]   Complete mcon (guide).
[INFO DRT-0035]   Complete met1 (guide).
[INFO DRT-0035]   Complete via (guide).
[INFO DRT-0035]   Complete met2 (guide).
[INFO DRT-0035]   Complete via2 (guide).
[INFO DRT-0035]   Complete met3 (guide).
[INFO DRT-0035]   Complete via3 (guide).
[INFO DRT-0035]   Complete met4 (guide).
[INFO DRT-0035]   Complete via4 (guide).
[INFO DRT-0035]   Complete met5 (guide).
[INFO DRT-0036] FR_MASTERSLICE guide region query size = 0.
[INFO DRT-0036] FR_VIA guide region query size = 0.
[INFO DRT-0036] li1 guide region query size = 62520.
[INFO DRT-0036] mcon guide region query size = 0.
[INFO DRT-0036] met1 guide region query size = 62018.
[INFO DRT-0036] via guide region query size = 0.
[INFO DRT-0036] met2 guide region query size = 35290.
[INFO DRT-0036] via2 guide region query size = 0.
[INFO DRT-0036] met3 guide region query size = 5881.
[INFO DRT-0036] via3 guide region query size = 0.
[INFO DRT-0036] met4 guide region query size = 2583.
[INFO DRT-0036] via4 guide region query size = 0.
[INFO DRT-0036] met5 guide region query size = 159.
[INFO DRT-0179] Init gr pin query.
[INFO DRT-0267] cpu time = 00:00:01, elapsed time = 00:00:00, memory = 4870.89 (MB), peak = 5937.39 (MB)
[INFO DRT-0245] skipped writing guide updates to database.
[INFO DRT-0181] Start track assignment.
[INFO DRT-0184] Done with 100393 vertical wires in 2 frboxes and 68058 horizontal wires in 2 frboxes.
[INFO DRT-0186] Done with 21509 vertical wires in 2 frboxes and 33105 horizontal wires in 2 frboxes.
[INFO DRT-0182] Complete track assignment.
[INFO DRT-0267] cpu time = 00:00:14, elapsed time = 00:00:07, memory = 4870.89 (MB), peak = 5937.39 (MB)
[INFO DRT-0187] Start routing data preparation.
[INFO DRT-0267] cpu time = 00:00:00, elapsed time = 00:00:00, memory = 4870.89 (MB), peak = 5937.39 (MB)
[INFO DRT-0194] Start detail routing.
[INFO DRT-0195] Start 0th optimization iteration.
    Completing 10% with 0 violations.
    elapsed time = 00:00:03, memory = 4902.42 (MB).
    Completing 20% with 0 violations.
    elapsed time = 00:00:06, memory = 4943.02 (MB).
    Completing 30% with 1086 violations.
    elapsed time = 00:00:12, memory = 4980.12 (MB).
    Completing 40% with 1086 violations.
    elapsed time = 00:00:15, memory = 4902.42 (MB).
    Completing 50% with 1086 violations.
    elapsed time = 00:00:20, memory = 4902.42 (MB).
    Completing 60% with 2536 violations.
    elapsed time = 00:00:25, memory = 4972.43 (MB).
    Completing 70% with 2536 violations.
    elapsed time = 00:00:28, memory = 4987.35 (MB).
    Completing 80% with 3750 violations.
    elapsed time = 00:00:34, memory = 4935.67 (MB).
    Completing 90% with 3750 violations.
    elapsed time = 00:00:38, memory = 4983.73 (MB).
    Completing 100% with 5148 violations.
    elapsed time = 00:00:45, memory = 4902.42 (MB).
[INFO DRT-0199]   Number of violations = 5515.
Viol/Layer        met1    via   met2   met3   via3   met4
Metal Spacing      277      0    296     10      0      2
Min Hole             4      0      0      0      0      0
Recheck            195      0    148     22      0      2
Short             2604      3   1902     36      1     13
[INFO DRT-0267] cpu time = 00:07:28, elapsed time = 00:00:45, memory = 4902.42 (MB), peak = 5937.39 (MB)
Total wire length = 1688967 um.
Total wire length on LAYER li1 = 0 um.
Total wire length on LAYER met1 = 526917 um.
Total wire length on LAYER met2 = 584608 um.
Total wire length on LAYER met3 = 334357 um.
Total wire length on LAYER met4 = 233955 um.
Total wire length on LAYER met5 = 9128 um.
Total number of vias = 228982.
Up-via summary (total 228982):

-------------------------
 FR_MASTERSLICE         0
            li1     72840
           met1    115021
           met2     30525
           met3     10394
           met4       202
-------------------------
               228982


[INFO DRT-0195] Start 1st optimization iteration.
    Completing 10% with 5515 violations.
    elapsed time = 00:00:02, memory = 4970.27 (MB).
    Completing 20% with 5515 violations.
    elapsed time = 00:00:05, memory = 4935.80 (MB).
    Completing 30% with 4859 violations.
    elapsed time = 00:00:09, memory = 4946.17 (MB).
    Completing 40% with 4859 violations.
    elapsed time = 00:00:12, memory = 4975.83 (MB).
    Completing 50% with 4859 violations.
    elapsed time = 00:00:15, memory = 4992.25 (MB).
    Completing 60% with 4150 violations.
    elapsed time = 00:00:21, memory = 4941.58 (MB).
    Completing 70% with 4150 violations.
    elapsed time = 00:00:25, memory = 4982.33 (MB).
    Completing 80% with 3323 violations.
    elapsed time = 00:00:30, memory = 4934.04 (MB).
    Completing 90% with 3323 violations.
    elapsed time = 00:00:34, memory = 4936.66 (MB).
    Completing 100% with 2658 violations.
    elapsed time = 00:00:40, memory = 4902.73 (MB).
[INFO DRT-0199]   Number of violations = 2658.
Viol/Layer        met1   met2   via2   met3   met4
Cut Spacing          0      0      1      0      0
Metal Spacing      214    233      0      3      0
Short             1456    747      0      0      4
[INFO DRT-0267] cpu time = 00:06:33, elapsed time = 00:00:40, memory = 4902.73 (MB), peak = 5937.39 (MB)
Total wire length = 1688203 um.
Total wire length on LAYER li1 = 0 um.
Total wire length on LAYER met1 = 525913 um.
Total wire length on LAYER met2 = 583870 um.
Total wire length on LAYER met3 = 334983 um.
Total wire length on LAYER met4 = 234308 um.
Total wire length on LAYER met5 = 9128 um.
Total number of vias = 228853.
Up-via summary (total 228853):

-------------------------
 FR_MASTERSLICE         0
            li1     72846
           met1    114803
           met2     30579
           met3     10423
           met4       202
-------------------------
               228853


[INFO DRT-0195] Start 2nd optimization iteration.
    Completing 10% with 2658 violations.
    elapsed time = 00:00:02, memory = 4977.04 (MB).
    Completing 20% with 2658 violations.
    elapsed time = 00:00:03, memory = 4989.99 (MB).
    Completing 30% with 2629 violations.
    elapsed time = 00:00:07, memory = 4942.27 (MB).
    Completing 40% with 2629 violations.
    elapsed time = 00:00:10, memory = 4942.00 (MB).
    Completing 50% with 2629 violations.
    elapsed time = 00:00:13, memory = 4902.73 (MB).
    Completing 60% with 2560 violations.
    elapsed time = 00:00:16, memory = 4972.05 (MB).
    Completing 70% with 2560 violations.
    elapsed time = 00:00:18, memory = 4940.20 (MB).
    Completing 80% with 2497 violations.
    elapsed time = 00:00:21, memory = 4936.33 (MB).
    Completing 90% with 2497 violations.
    elapsed time = 00:00:25, memory = 4985.26 (MB).
    Completing 100% with 2484 violations.
    elapsed time = 00:00:28, memory = 4902.73 (MB).
[INFO DRT-0199]   Number of violations = 2484.
Viol/Layer        met1   met2   met3   met4
Metal Spacing      223    182      1      0
Short             1366    705      6      1
[INFO DRT-0267] cpu time = 00:04:47, elapsed time = 00:00:28, memory = 4902.73 (MB), peak = 5937.39 (MB)
Total wire length = 1688092 um.
Total wire length on LAYER li1 = 0 um.
Total wire length on LAYER met1 = 525675 um.
Total wire length on LAYER met2 = 583809 um.
Total wire length on LAYER met3 = 335192 um.
Total wire length on LAYER met4 = 234286 um.
Total wire length on LAYER met5 = 9128 um.
Total number of vias = 228851.
Up-via summary (total 228851):

-------------------------
 FR_MASTERSLICE         0
            li1     72846
           met1    114806
           met2     30587
           met3     10410
           met4       202
-------------------------
               228851


[INFO DRT-0195] Start 3rd optimization iteration.
    Completing 10% with 2484 violations.
    elapsed time = 00:00:03, memory = 4941.55 (MB).
    Completing 20% with 2484 violations.
    elapsed time = 00:00:05, memory = 4931.94 (MB).
    Completing 30% with 2121 violations.
    elapsed time = 00:00:14, memory = 4975.72 (MB).
    Completing 40% with 2121 violations.
    elapsed time = 00:00:23, memory = 4975.72 (MB).
    Completing 50% with 2121 violations.
    elapsed time = 00:00:32, memory = 4931.94 (MB).
    Completing 60% with 1716 violations.
    elapsed time = 00:00:39, memory = 4972.21 (MB).
    Completing 70% with 1716 violations.
    elapsed time = 00:00:50, memory = 4971.07 (MB).
    Completing 80% with 1329 violations.
    elapsed time = 00:01:02, memory = 4971.93 (MB).
    Completing 90% with 1329 violations.
    elapsed time = 00:01:14, memory = 4971.90 (MB).
    Completing 100% with 923 violations.
    elapsed time = 00:01:35, memory = 4870.91 (MB).
[INFO DRT-0199]   Number of violations = 923.
Viol/Layer        mcon   met1    via   met2   met3   met4
Cut Spacing          1      0      1      0      0      0
Metal Spacing        0    127      0     84      3      0
Min Hole             0      1      0      0      0      0
Short                0    462      0    232     11      1
[INFO DRT-0267] cpu time = 00:13:13, elapsed time = 00:01:35, memory = 4870.91 (MB), peak = 5937.39 (MB)
Total wire length = 1688203 um.
Total wire length on LAYER li1 = 0 um.
Total wire length on LAYER met1 = 522881 um.
Total wire length on LAYER met2 = 582050 um.
Total wire length on LAYER met3 = 338131 um.
Total wire length on LAYER met4 = 236012 um.
Total wire length on LAYER met5 = 9128 um.
Total number of vias = 229422.
Up-via summary (total 229422):

-------------------------
 FR_MASTERSLICE         0
            li1     72849
           met1    114801
           met2     30998
           met3     10572
           met4       202
-------------------------
               229422


[INFO DRT-0195] Start 4th optimization iteration.
    Completing 10% with 923 violations.
    elapsed time = 00:00:00, memory = 4870.91 (MB).
    Completing 20% with 923 violations.
    elapsed time = 00:00:01, memory = 4909.00 (MB).
    Completing 30% with 811 violations.
    elapsed time = 00:00:14, memory = 4870.91 (MB).
    Completing 40% with 811 violations.
    elapsed time = 00:00:15, memory = 4932.73 (MB).
    Completing 50% with 811 violations.
    elapsed time = 00:00:29, memory = 4932.73 (MB).
    Completing 60% with 717 violations.
    elapsed time = 00:00:31, memory = 4974.34 (MB).
    Completing 70% with 717 violations.
    elapsed time = 00:00:34, memory = 4969.69 (MB).
    Completing 80% with 540 violations.
    elapsed time = 00:00:52, memory = 4932.73 (MB).
    Completing 90% with 540 violations.
    elapsed time = 00:00:55, memory = 4969.89 (MB).
    Completing 100% with 413 violations.
    elapsed time = 00:01:22, memory = 4932.73 (MB).
[INFO DRT-0199]   Number of violations = 413.
Viol/Layer        met1    via   met2
Metal Spacing       81      0     46
Short              195      1     90
[INFO DRT-0267] cpu time = 00:06:42, elapsed time = 00:01:22, memory = 4932.73 (MB), peak = 5937.39 (MB)
Total wire length = 1688151 um.
Total wire length on LAYER li1 = 0 um.
Total wire length on LAYER met1 = 522038 um.
Total wire length on LAYER met2 = 581725 um.
Total wire length on LAYER met3 = 338913 um.
Total wire length on LAYER met4 = 236346 um.
Total wire length on LAYER met5 = 9127 um.
Total number of vias = 229560.
Up-via summary (total 229560):

-------------------------
 FR_MASTERSLICE         0
            li1     72852
           met1    114823
           met2     31078
           met3     10605
           met4       202
-------------------------
               229560


[INFO DRT-0195] Start 5th optimization iteration.
    Completing 10% with 413 violations.
    elapsed time = 00:00:00, memory = 4932.73 (MB).
    Completing 20% with 413 violations.
    elapsed time = 00:00:00, memory = 4932.73 (MB).
    Completing 30% with 378 violations.
    elapsed time = 00:00:13, memory = 4932.73 (MB).
    Completing 40% with 378 violations.
    elapsed time = 00:00:13, memory = 4932.73 (MB).
    Completing 50% with 378 violations.
    elapsed time = 00:00:13, memory = 4932.73 (MB).
    Completing 60% with 363 violations.
    elapsed time = 00:00:36, memory = 4932.73 (MB).
    Completing 70% with 363 violations.
    elapsed time = 00:00:36, memory = 4951.15 (MB).
    Completing 80% with 250 violations.
    elapsed time = 00:00:49, memory = 4932.73 (MB).
    Completing 90% with 250 violations.
    elapsed time = 00:00:49, memory = 4932.73 (MB).
    Completing 100% with 198 violations.
    elapsed time = 00:01:01, memory = 4932.73 (MB).
[INFO DRT-0199]   Number of violations = 198.
Viol/Layer        met1   met2
Metal Spacing       30     29
Short               96     43
[INFO DRT-0267] cpu time = 00:02:28, elapsed time = 00:01:01, memory = 4932.73 (MB), peak = 5937.39 (MB)
Total wire length = 1688260 um.
Total wire length on LAYER li1 = 0 um.
Total wire length on LAYER met1 = 521806 um.
Total wire length on LAYER met2 = 581601 um.
Total wire length on LAYER met3 = 339183 um.
Total wire length on LAYER met4 = 236542 um.
Total wire length on LAYER met5 = 9127 um.
Total number of vias = 229585.
Up-via summary (total 229585):

-------------------------
 FR_MASTERSLICE         0
            li1     72852
           met1    114819
           met2     31089
           met3     10623
           met4       202
-------------------------
               229585


[INFO DRT-0195] Start 6th optimization iteration.
    Completing 10% with 198 violations.
    elapsed time = 00:00:00, memory = 4932.73 (MB).
    Completing 20% with 198 violations.
    elapsed time = 00:00:00, memory = 4932.73 (MB).
    Completing 30% with 128 violations.
    elapsed time = 00:00:11, memory = 4932.73 (MB).
    Completing 40% with 128 violations.
    elapsed time = 00:00:11, memory = 4932.73 (MB).
    Completing 50% with 128 violations.
    elapsed time = 00:00:11, memory = 4932.73 (MB).
    Completing 60% with 127 violations.
    elapsed time = 00:00:17, memory = 4932.73 (MB).
    Completing 70% with 127 violations.
    elapsed time = 00:00:17, memory = 4932.73 (MB).
    Completing 80% with 109 violations.
    elapsed time = 00:00:44, memory = 4932.73 (MB).
    Completing 90% with 109 violations.
    elapsed time = 00:00:44, memory = 4932.73 (MB).
    Completing 100% with 106 violations.
    elapsed time = 00:00:55, memory = 4932.73 (MB).
[INFO DRT-0199]   Number of violations = 106.
Viol/Layer        met1   met2
Metal Spacing       13     21
Short               37     35
[INFO DRT-0267] cpu time = 00:01:29, elapsed time = 00:00:55, memory = 4932.73 (MB), peak = 5937.39 (MB)
Total wire length = 1688290 um.
Total wire length on LAYER li1 = 0 um.
Total wire length on LAYER met1 = 521729 um.
Total wire length on LAYER met2 = 581605 um.
Total wire length on LAYER met3 = 339269 um.
Total wire length on LAYER met4 = 236557 um.
Total wire length on LAYER met5 = 9127 um.
Total number of vias = 229593.
Up-via summary (total 229593):

-------------------------
 FR_MASTERSLICE         0
            li1     72849
           met1    114815
           met2     31100
           met3     10627
           met4       202
-------------------------
               229593


[INFO DRT-0195] Start 7th optimization iteration.
    Completing 10% with 106 violations.
    elapsed time = 00:00:00, memory = 4932.73 (MB).
    Completing 20% with 106 violations.
    elapsed time = 00:00:00, memory = 4932.73 (MB).
    Completing 30% with 103 violations.
    elapsed time = 00:00:00, memory = 4932.73 (MB).
    Completing 40% with 103 violations.
    elapsed time = 00:00:00, memory = 4932.73 (MB).
    Completing 50% with 103 violations.
    elapsed time = 00:00:00, memory = 4932.73 (MB).
    Completing 60% with 89 violations.
    elapsed time = 00:00:09, memory = 4932.73 (MB).
    Completing 70% with 89 violations.
    elapsed time = 00:00:09, memory = 4932.73 (MB).
    Completing 80% with 80 violations.
    elapsed time = 00:00:18, memory = 4932.73 (MB).
    Completing 90% with 80 violations.
    elapsed time = 00:00:18, memory = 4932.73 (MB).
    Completing 100% with 70 violations.
    elapsed time = 00:00:42, memory = 4932.73 (MB).
[INFO DRT-0199]   Number of violations = 70.
Viol/Layer        met1   met2
Metal Spacing        6     20
Short               12     32
[INFO DRT-0267] cpu time = 00:00:54, elapsed time = 00:00:42, memory = 4932.73 (MB), peak = 5937.39 (MB)
Total wire length = 1688284 um.
Total wire length on LAYER li1 = 0 um.
Total wire length on LAYER met1 = 521671 um.
Total wire length on LAYER met2 = 581583 um.
Total wire length on LAYER met3 = 339325 um.
Total wire length on LAYER met4 = 236575 um.
Total wire length on LAYER met5 = 9127 um.
Total number of vias = 229600.
Up-via summary (total 229600):

-------------------------
 FR_MASTERSLICE         0
            li1     72849
           met1    114818
           met2     31103
           met3     10628
           met4       202
-------------------------
               229600


[INFO DRT-0195] Start 8th guides tiles iteration.
    Completing 10% with 70 violations.
    elapsed time = 00:00:00, memory = 5001.35 (MB).
    Completing 20% with 70 violations.
    elapsed time = 00:00:00, memory = 5076.51 (MB).
    Completing 30% with 70 violations.
    elapsed time = 00:00:00, memory = 5076.51 (MB).
    Completing 40% with 70 violations.
    elapsed time = 00:00:01, memory = 5076.51 (MB).
    Completing 50% with 70 violations.
    elapsed time = 00:00:23, memory = 4932.73 (MB).
    Completing 60% with 61 violations.
    elapsed time = 00:00:23, memory = 4932.73 (MB).
    Completing 70% with 61 violations.
    elapsed time = 00:00:24, memory = 5019.82 (MB).
    Completing 80% with 61 violations.
    elapsed time = 00:00:35, memory = 4932.73 (MB).
    Completing 90% with 12 violations.
    elapsed time = 00:00:35, memory = 4932.73 (MB).
    Completing 100% with 12 violations.
    elapsed time = 00:00:35, memory = 4932.73 (MB).
[INFO DRT-0199]   Number of violations = 12.
Viol/Layer        met1
Metal Spacing        6
Short                6
[INFO DRT-0267] cpu time = 00:00:39, elapsed time = 00:00:35, memory = 4932.73 (MB), peak = 5937.39 (MB)
Total wire length = 1688270 um.
Total wire length on LAYER li1 = 0 um.
Total wire length on LAYER met1 = 521644 um.
Total wire length on LAYER met2 = 581431 um.
Total wire length on LAYER met3 = 339335 um.
Total wire length on LAYER met4 = 236729 um.
Total wire length on LAYER met5 = 9128 um.
Total number of vias = 229583.
Up-via summary (total 229583):

-------------------------
 FR_MASTERSLICE         0
            li1     72849
           met1    114796
           met2     31102
           met3     10634
           met4       202
-------------------------
               229583


[INFO DRT-0195] Start 9th guides tiles iteration.
    Completing 30% with 12 violations.
    elapsed time = 00:00:00, memory = 4932.73 (MB).
    Completing 60% with 12 violations.
    elapsed time = 00:00:01, memory = 4932.73 (MB).
    Completing 100% with 12 violations.
    elapsed time = 00:00:01, memory = 4932.73 (MB).
[INFO DRT-0199]   Number of violations = 12.
Viol/Layer        met1
Metal Spacing        6
Short                6
[INFO DRT-0267] cpu time = 00:00:02, elapsed time = 00:00:01, memory = 4932.73 (MB), peak = 5937.39 (MB)
Total wire length = 1688270 um.
Total wire length on LAYER li1 = 0 um.
Total wire length on LAYER met1 = 521644 um.
Total wire length on LAYER met2 = 581431 um.
Total wire length on LAYER met3 = 339335 um.
Total wire length on LAYER met4 = 236729 um.
Total wire length on LAYER met5 = 9128 um.
Total number of vias = 229583.
Up-via summary (total 229583):

-------------------------
 FR_MASTERSLICE         0
            li1     72849
           met1    114796
           met2     31102
           met3     10634
           met4       202
-------------------------
               229583


[INFO DRT-0195] Start 10th guides tiles iteration.
    Completing 30% with 12 violations.
    elapsed time = 00:00:00, memory = 4932.73 (MB).
    Completing 60% with 12 violations.
    elapsed time = 00:00:00, memory = 4932.73 (MB).
    Completing 100% with 0 violations.
    elapsed time = 00:00:00, memory = 4932.73 (MB).
[INFO DRT-0199]   Number of violations = 0.
[INFO DRT-0267] cpu time = 00:00:01, elapsed time = 00:00:00, memory = 4932.73 (MB), peak = 5937.39 (MB)
Total wire length = 1688282 um.
Total wire length on LAYER li1 = 0 um.
Total wire length on LAYER met1 = 521637 um.
Total wire length on LAYER met2 = 581446 um.
Total wire length on LAYER met3 = 339339 um.
Total wire length on LAYER met4 = 236730 um.
Total wire length on LAYER met5 = 9128 um.
Total number of vias = 229593.
Up-via summary (total 229593):

-------------------------
 FR_MASTERSLICE         0
            li1     72849
           met1    114802
           met2     31104
           met3     10636
           met4       202
-------------------------
               229593


[INFO DRT-0198] Complete detail routing.
Total wire length = 1688282 um.
Total wire length on LAYER li1 = 0 um.
Total wire length on LAYER met1 = 521637 um.
Total wire length on LAYER met2 = 581446 um.
Total wire length on LAYER met3 = 339339 um.
Total wire length on LAYER met4 = 236730 um.
Total wire length on LAYER met5 = 9128 um.
Total number of vias = 229593.
Up-via summary (total 229593):

-------------------------
 FR_MASTERSLICE         0
            li1     72849
           met1    114802
           met2     31104
           met3     10636
           met4       202
-------------------------
               229593


[INFO DRT-0267] cpu time = 00:44:21, elapsed time = 00:08:12, memory = 4932.73 (MB), peak = 5937.39 (MB)

[INFO DRT-0180] Post processing.
[INFO DRT-0501] Runtime: 528.98s
[INFO ANT-0002] Found 6 net violations.
[INFO ANT-0001] Found 7 pin violations.
[INFO GRT-0012] Found 6 antenna violations.
[INFO DPL-0006] Core area: 449380.99 um^2
[INFO DPL-0007] Movable instances area: 0.00 um^2
[INFO DPL-0008] Fixed instances area within core: 231303.09 um^2
[INFO DPL-0009] Utilization: 51.5%
[INFO DPL-0005] Diamond search max displacement: +/- 500 sites horizontally, +/- 100 rows vertically.
[INFO DPL-1102] Legalizing using negotiation legalizer.
[INFO DPL-1103] Negotiation base search window: +/-20 sites horizontally, +/-5 rows vertically 
	Automatic search window extension enabled.
	Search window extendable up to the max displacement cap of +/-500 sites, +/-100 rows near walls.
[INFO DPL-1104] NegotiationLegalizer DRC penalty: 5.
[INFO DPL-0392] Negotiation cell height distribution (1 unique row-count(s)):
[INFO DPL-0393]   height 1 row(s): 26166 cells
[INFO DPL-0500] Runtime: 0.21s
[INFO GRT-0015] Inserted 7 diodes.
[WARNING DRT-0120] Large net net1900 has 171 pins which may impact routing performance. Consider optimization.
[WARNING DRT-0120] Large net net1885 has 110 pins which may impact routing performance. Consider optimization.
[WARNING DRT-0120] Large net net1867 has 102 pins which may impact routing performance. Consider optimization.
[WARNING DRT-0120] Large net net1532 has 149 pins which may impact routing performance. Consider optimization.
[WARNING DRT-0120] Large net net1531 has 151 pins which may impact routing performance. Consider optimization.
[WARNING DRT-0120] Large net net1527 has 119 pins which may impact routing performance. Consider optimization.
[WARNING DRT-0120] Large net net1520 has 167 pins which may impact routing performance. Consider optimization.
[WARNING DRT-0120] Large net net1519 has 120 pins which may impact routing performance. Consider optimization.
[WARNING DRT-0120] Large net net1516 has 160 pins which may impact routing performance. Consider optimization.
[WARNING DRT-0120] Large net net1515 has 114 pins which may impact routing performance. Consider optimization.
[WARNING DRT-0120] Large net net1860 has 103 pins which may impact routing performance. Consider optimization.
[WARNING DRT-0120] Large net net71 has 169 pins which may impact routing performance. Consider optimization.
[INFO DRT-0024]   Complete FR_MASTERSLICE.
[INFO DRT-0024]   Complete Fr_VIA.
[INFO DRT-0024]   Complete li1.
[INFO DRT-0024]   Complete mcon.
[INFO DRT-0024]   Complete met1.
[INFO DRT-0024]   Complete via.
[INFO DRT-0024]   Complete met2.
[INFO DRT-0024]   Complete via2.
[INFO DRT-0024]   Complete met3.
[INFO DRT-0024]   Complete via3.
[INFO DRT-0024]   Complete met4.
[INFO DRT-0024]   Complete via4.
[INFO DRT-0024]   Complete met5.
[INFO DRT-0165] Start pin access.
[INFO DRT-0076]   Complete 1000 pins.
[INFO DRT-0078]   Complete 1354 pins.
[INFO DRT-0079]   Complete 100 unique inst patterns.
[INFO DRT-0081]   Complete 175 unique inst patterns.
[INFO DRT-0082]   Complete 10000 groups.
[INFO DRT-0084]   Complete 14498 groups.
#scanned instances     = 26166
#unique  instances     = 175
#stdCellGenAp          = 5770
#stdCellValidPlanarAp  = 105
#stdCellValidViaAp     = 3995
#stdCellPinNoAp        = 0
#stdCellPinCnt         = 74917
#instTermValidViaApCnt = 0
#macroGenAp            = 0
#macroValidPlanarAp    = 0
#macroValidViaAp       = 0
#macroNoAp             = 0
[INFO DRT-0166] Complete pin access.
[INFO DRT-0267] cpu time = 00:07:13, elapsed time = 00:00:38, memory = 4766.54 (MB), peak = 5937.39 (MB)
[INFO DRT-0156] guideIn read 100000 guides.
[INFO DRT-0156] guideIn read 200000 guides.

[INFO DRT-0157] Number of guides:     213375

[INFO DRT-0169] Post process guides.
[INFO DRT-0176] GCELLGRID X 0 DO 97 STEP 6900 ;
[INFO DRT-0177] GCELLGRID Y 0 DO 97 STEP 6900 ;
[INFO DRT-0026]   Complete 100000 origin guides.
[INFO DRT-0026]   Complete 200000 origin guides.
[INFO DRT-0028]   Complete FR_MASTERSLICE.
[INFO DRT-0028]   Complete Fr_VIA.
[INFO DRT-0028]   Complete li1.
[INFO DRT-0028]   Complete mcon.
[INFO DRT-0028]   Complete met1.
[INFO DRT-0028]   Complete via.
[INFO DRT-0028]   Complete met2.
[INFO DRT-0028]   Complete via2.
[INFO DRT-0028]   Complete met3.
[INFO DRT-0028]   Complete via3.
[INFO DRT-0028]   Complete met4.
[INFO DRT-0028]   Complete via4.
[INFO DRT-0028]   Complete met5.
[INFO DRT-0178] Init guide query.
[INFO DRT-0035]   Complete FR_MASTERSLICE (guide).
[INFO DRT-0035]   Complete Fr_VIA (guide).
[INFO DRT-0035]   Complete li1 (guide).
[INFO DRT-0035]   Complete mcon (guide).
[INFO DRT-0035]   Complete met1 (guide).
[INFO DRT-0035]   Complete via (guide).
[INFO DRT-0035]   Complete met2 (guide).
[INFO DRT-0035]   Complete via2 (guide).
[INFO DRT-0035]   Complete met3 (guide).
[INFO DRT-0035]   Complete via3 (guide).
[INFO DRT-0035]   Complete met4 (guide).
[INFO DRT-0035]   Complete via4 (guide).
[INFO DRT-0035]   Complete met5 (guide).
[INFO DRT-0036] FR_MASTERSLICE guide region query size = 0.
[INFO DRT-0036] FR_VIA guide region query size = 0.
[INFO DRT-0036] li1 guide region query size = 62520.
[INFO DRT-0036] mcon guide region query size = 0.
[INFO DRT-0036] met1 guide region query size = 62022.
[INFO DRT-0036] via guide region query size = 0.
[INFO DRT-0036] met2 guide region query size = 35246.
[INFO DRT-0036] via2 guide region query size = 0.
[INFO DRT-0036] met3 guide region query size = 5814.
[INFO DRT-0036] via3 guide region query size = 0.
[INFO DRT-0036] met4 guide region query size = 2562.
[INFO DRT-0036] via4 guide region query size = 0.
[INFO DRT-0036] met5 guide region query size = 158.
[INFO DRT-0179] Init gr pin query.
[INFO DRT-0267] cpu time = 00:00:01, elapsed time = 00:00:00, memory = 4766.54 (MB), peak = 5937.39 (MB)
[INFO DRT-0245] skipped writing guide updates to database.
[INFO DRT-0181] Start track assignment.
[INFO DRT-0184] Done with 100328 vertical wires in 2 frboxes and 67994 horizontal wires in 2 frboxes.
[INFO DRT-0186] Done with 21732 vertical wires in 2 frboxes and 33320 horizontal wires in 2 frboxes.
[INFO DRT-0182] Complete track assignment.
[INFO DRT-0267] cpu time = 00:00:15, elapsed time = 00:00:07, memory = 4766.54 (MB), peak = 5937.39 (MB)
[INFO DRT-0187] Start routing data preparation.
[INFO DRT-0267] cpu time = 00:00:00, elapsed time = 00:00:00, memory = 4766.54 (MB), peak = 5937.39 (MB)
[INFO DRT-0194] Start detail routing.
[INFO DRT-0195] Start 0th optimization iteration.
    Completing 10% with 0 violations.
    elapsed time = 00:00:03, memory = 4871.88 (MB).
    Completing 20% with 0 violations.
    elapsed time = 00:00:05, memory = 4838.91 (MB).
    Completing 30% with 1382 violations.
    elapsed time = 00:00:10, memory = 4838.74 (MB).
    Completing 40% with 1382 violations.
    elapsed time = 00:00:13, memory = 4880.01 (MB).
    Completing 50% with 1382 violations.
    elapsed time = 00:00:17, memory = 4798.05 (MB).
    Completing 60% with 2888 violations.
    elapsed time = 00:00:22, memory = 4915.90 (MB).
    Completing 70% with 2888 violations.
    elapsed time = 00:00:24, memory = 4841.83 (MB).
    Completing 80% with 4132 violations.
    elapsed time = 00:00:29, memory = 4831.98 (MB).
    Completing 90% with 4132 violations.
    elapsed time = 00:00:33, memory = 4921.42 (MB).
    Completing 100% with 5413 violations.
    elapsed time = 00:00:38, memory = 4798.12 (MB).
[INFO DRT-0199]   Number of violations = 5642.
Viol/Layer         li1   mcon   met1    via   met2   met3   met4
Cut Spacing          0      1      0      0      0      0      0
Metal Spacing        0      0    246      0    326      1      0
Recheck              1      0    120      0     98      9      1
Short                0      0   3057      3   1764     13      2
[INFO DRT-0267] cpu time = 00:05:59, elapsed time = 00:00:38, memory = 4798.12 (MB), peak = 5937.39 (MB)
Total wire length = 1689283 um.
Total wire length on LAYER li1 = 0 um.
Total wire length on LAYER met1 = 527056 um.
Total wire length on LAYER met2 = 584771 um.
Total wire length on LAYER met3 = 334537 um.
Total wire length on LAYER met4 = 233788 um.
Total wire length on LAYER met5 = 9128 um.
Total number of vias = 229039.
Up-via summary (total 229039):

-------------------------
 FR_MASTERSLICE         0
            li1     72857
           met1    114874
           met2     30648
           met3     10458
           met4       202
-------------------------
               229039


[INFO DRT-0195] Start 1st optimization iteration.
    Completing 10% with 5642 violations.
    elapsed time = 00:00:02, memory = 4887.04 (MB).
    Completing 20% with 5642 violations.
    elapsed time = 00:00:05, memory = 4884.02 (MB).
    Completing 30% with 5316 violations.
    elapsed time = 00:00:08, memory = 4832.52 (MB).
    Completing 40% with 5316 violations.
    elapsed time = 00:00:11, memory = 4869.34 (MB).
    Completing 50% with 5316 violations.
    elapsed time = 00:00:13, memory = 4877.67 (MB).
    Completing 60% with 4866 violations.
    elapsed time = 00:00:18, memory = 4879.81 (MB).
    Completing 70% with 4866 violations.
    elapsed time = 00:00:20, memory = 4876.75 (MB).
    Completing 80% with 4608 violations.
    elapsed time = 00:00:25, memory = 4880.69 (MB).
    Completing 90% with 4608 violations.
    elapsed time = 00:00:28, memory = 4874.37 (MB).
    Completing 100% with 4383 violations.
    elapsed time = 00:00:32, memory = 4798.12 (MB).
[INFO DRT-0199]   Number of violations = 4383.
Viol/Layer        mcon   met1    via   met2   met3
Cut Spacing          1      0      0      0      0
Metal Spacing        0    310      0    361      4
Short                0   2606      1   1092      8
[INFO DRT-0267] cpu time = 00:05:19, elapsed time = 00:00:32, memory = 4798.12 (MB), peak = 5937.39 (MB)
Total wire length = 1688861 um.
Total wire length on LAYER li1 = 0 um.
Total wire length on LAYER met1 = 526608 um.
Total wire length on LAYER met2 = 584441 um.
Total wire length on LAYER met3 = 334761 um.
Total wire length on LAYER met4 = 233920 um.
Total wire length on LAYER met5 = 9128 um.
Total number of vias = 228935.
Up-via summary (total 228935):

-------------------------
 FR_MASTERSLICE         0
            li1     72856
           met1    114746
           met2     30661
           met3     10470
           met4       202
-------------------------
               228935


[INFO DRT-0195] Start 2nd optimization iteration.
    Completing 10% with 4383 violations.
    elapsed time = 00:00:02, memory = 4831.14 (MB).
    Completing 20% with 4383 violations.
    elapsed time = 00:00:04, memory = 4948.38 (MB).
    Completing 30% with 4327 violations.
    elapsed time = 00:00:07, memory = 4839.83 (MB).
    Completing 40% with 4327 violations.
    elapsed time = 00:00:10, memory = 4917.08 (MB).
    Completing 50% with 4327 violations.
    elapsed time = 00:00:13, memory = 4766.69 (MB).
    Completing 60% with 4391 violations.
    elapsed time = 00:00:16, memory = 4842.95 (MB).
    Completing 70% with 4391 violations.
    elapsed time = 00:00:19, memory = 4807.86 (MB).
    Completing 80% with 4337 violations.
    elapsed time = 00:00:23, memory = 4841.16 (MB).
    Completing 90% with 4337 violations.
    elapsed time = 00:00:25, memory = 4840.14 (MB).
    Completing 100% with 4172 violations.
    elapsed time = 00:00:28, memory = 4766.69 (MB).
[INFO DRT-0199]   Number of violations = 4172.
Viol/Layer        met1    via   met2   met3
Cut Spacing          0      1      0      0
Metal Spacing      318      0    324      1
Short             2441      2   1082      3
[INFO DRT-0267] cpu time = 00:04:26, elapsed time = 00:00:28, memory = 4766.69 (MB), peak = 5937.39 (MB)
Total wire length = 1688849 um.
Total wire length on LAYER li1 = 0 um.
Total wire length on LAYER met1 = 526487 um.
Total wire length on LAYER met2 = 584361 um.
Total wire length on LAYER met3 = 334899 um.
Total wire length on LAYER met4 = 233973 um.
Total wire length on LAYER met5 = 9128 um.
Total number of vias = 228915.
Up-via summary (total 228915):

-------------------------
 FR_MASTERSLICE         0
            li1     72862
           met1    114724
           met2     30658
           met3     10469
           met4       202
-------------------------
               228915


[INFO DRT-0195] Start 3rd optimization iteration.
    Completing 10% with 4172 violations.
    elapsed time = 00:00:04, memory = 4877.86 (MB).
    Completing 20% with 4172 violations.
    elapsed time = 00:00:13, memory = 4877.86 (MB).
    Completing 30% with 3580 violations.
    elapsed time = 00:00:27, memory = 4881.17 (MB).
    Completing 40% with 3580 violations.
    elapsed time = 00:00:41, memory = 4840.59 (MB).
    Completing 50% with 3580 violations.
    elapsed time = 00:00:56, memory = 4798.37 (MB).
    Completing 60% with 2713 violations.
    elapsed time = 00:01:03, memory = 4831.39 (MB).
    Completing 70% with 2713 violations.
    elapsed time = 00:01:21, memory = 4870.43 (MB).
    Completing 80% with 2206 violations.
    elapsed time = 00:01:31, memory = 4873.62 (MB).
    Completing 90% with 2206 violations.
    elapsed time = 00:01:44, memory = 4921.31 (MB).
    Completing 100% with 1478 violations.
    elapsed time = 00:02:03, memory = 4798.37 (MB).
[INFO DRT-0199]   Number of violations = 1478.
Viol/Layer        mcon   met1    via   met2   met3
Cut Spacing          1      0      2      0      0
Metal Spacing        0    210      0    165      0
Min Hole             0      1      0      0      0
Short                0    697      0    399      3
[INFO DRT-0267] cpu time = 00:19:09, elapsed time = 00:02:03, memory = 4798.37 (MB), peak = 5937.39 (MB)
Total wire length = 1689337 um.
Total wire length on LAYER li1 = 0 um.
Total wire length on LAYER met1 = 522324 um.
Total wire length on LAYER met2 = 581961 um.
Total wire length on LAYER met3 = 339171 um.
Total wire length on LAYER met4 = 236752 um.
Total wire length on LAYER met5 = 9128 um.
Total number of vias = 230101.
Up-via summary (total 230101):

-------------------------
 FR_MASTERSLICE         0
            li1     72860
           met1    115072
           met2     31278
           met3     10689
           met4       202
-------------------------
               230101


[INFO DRT-0195] Start 4th optimization iteration.
    Completing 10% with 1478 violations.
    elapsed time = 00:00:00, memory = 4798.37 (MB).
    Completing 20% with 1478 violations.
    elapsed time = 00:00:02, memory = 4838.26 (MB).
    Completing 30% with 1303 violations.
    elapsed time = 00:00:14, memory = 4798.37 (MB).
    Completing 40% with 1303 violations.
    elapsed time = 00:00:17, memory = 4882.65 (MB).
    Completing 50% with 1303 violations.
    elapsed time = 00:00:28, memory = 4798.37 (MB).
    Completing 60% with 942 violations.
    elapsed time = 00:00:29, memory = 4883.98 (MB).
    Completing 70% with 942 violations.
    elapsed time = 00:00:32, memory = 4832.25 (MB).
    Completing 80% with 645 violations.
    elapsed time = 00:00:56, memory = 4798.37 (MB).
    Completing 90% with 645 violations.
    elapsed time = 00:00:58, memory = 4878.05 (MB).
    Completing 100% with 415 violations.
    elapsed time = 00:01:14, memory = 4798.37 (MB).
[INFO DRT-0199]   Number of violations = 415.
Viol/Layer        mcon   met1   met2   met3
Cut Spacing          3      0      0      0
Metal Spacing        0     76     55      2
Short                0    143    133      3
[INFO DRT-0267] cpu time = 00:06:13, elapsed time = 00:01:15, memory = 4798.37 (MB), peak = 5937.39 (MB)
Total wire length = 1689277 um.
Total wire length on LAYER li1 = 0 um.
Total wire length on LAYER met1 = 521309 um.
Total wire length on LAYER met2 = 581123 um.
Total wire length on LAYER met3 = 340099 um.
Total wire length on LAYER met4 = 237575 um.
Total wire length on LAYER met5 = 9169 um.
Total number of vias = 230318.
Up-via summary (total 230318):

-------------------------
 FR_MASTERSLICE         0
            li1     72864
           met1    115116
           met2     31387
           met3     10747
           met4       204
-------------------------
               230318


[INFO DRT-0195] Start 5th optimization iteration.
    Completing 10% with 415 violations.
    elapsed time = 00:00:00, memory = 4798.37 (MB).
    Completing 20% with 415 violations.
    elapsed time = 00:00:00, memory = 4798.37 (MB).
    Completing 30% with 355 violations.
    elapsed time = 00:00:07, memory = 4798.37 (MB).
    Completing 40% with 355 violations.
    elapsed time = 00:00:07, memory = 4798.37 (MB).
    Completing 50% with 355 violations.
    elapsed time = 00:00:09, memory = 4840.25 (MB).
    Completing 60% with 316 violations.
    elapsed time = 00:00:14, memory = 4798.37 (MB).
    Completing 70% with 316 violations.
    elapsed time = 00:00:14, memory = 4798.37 (MB).
    Completing 80% with 286 violations.
    elapsed time = 00:00:27, memory = 4798.37 (MB).
    Completing 90% with 286 violations.
    elapsed time = 00:00:27, memory = 4827.68 (MB).
    Completing 100% with 150 violations.
    elapsed time = 00:00:42, memory = 4798.37 (MB).
[INFO DRT-0199]   Number of violations = 150.
Viol/Layer        mcon   met1   met2   met3
Cut Spacing          1      0      0      0
Metal Spacing        0     39      5      1
Short                0     76     26      2
[INFO DRT-0267] cpu time = 00:02:26, elapsed time = 00:00:42, memory = 4798.37 (MB), peak = 5937.39 (MB)
Total wire length = 1689226 um.
Total wire length on LAYER li1 = 0 um.
Total wire length on LAYER met1 = 521318 um.
Total wire length on LAYER met2 = 580842 um.
Total wire length on LAYER met3 = 340156 um.
Total wire length on LAYER met4 = 237739 um.
Total wire length on LAYER met5 = 9169 um.
Total number of vias = 230265.
Up-via summary (total 230265):

-------------------------
 FR_MASTERSLICE         0
            li1     72861
           met1    115103
           met2     31346
           met3     10751
           met4       204
-------------------------
               230265


[INFO DRT-0195] Start 6th optimization iteration.
    Completing 10% with 150 violations.
    elapsed time = 00:00:00, memory = 4798.37 (MB).
    Completing 20% with 150 violations.
    elapsed time = 00:00:00, memory = 4798.37 (MB).
    Completing 30% with 102 violations.
    elapsed time = 00:00:04, memory = 4798.37 (MB).
    Completing 40% with 102 violations.
    elapsed time = 00:00:04, memory = 4798.37 (MB).
    Completing 50% with 102 violations.
    elapsed time = 00:00:04, memory = 4798.37 (MB).
    Completing 60% with 81 violations.
    elapsed time = 00:00:07, memory = 4798.37 (MB).
    Completing 70% with 81 violations.
    elapsed time = 00:00:07, memory = 4798.37 (MB).
    Completing 80% with 80 violations.
    elapsed time = 00:00:23, memory = 4798.37 (MB).
    Completing 90% with 80 violations.
    elapsed time = 00:00:23, memory = 4798.37 (MB).
    Completing 100% with 24 violations.
    elapsed time = 00:00:28, memory = 4798.37 (MB).
[INFO DRT-0199]   Number of violations = 24.
Viol/Layer        met1   met2
Metal Spacing        4      0
Short               11      9
[INFO DRT-0267] cpu time = 00:00:58, elapsed time = 00:00:28, memory = 4798.37 (MB), peak = 5937.39 (MB)
Total wire length = 1689226 um.
Total wire length on LAYER li1 = 0 um.
Total wire length on LAYER met1 = 521216 um.
Total wire length on LAYER met2 = 580817 um.
Total wire length on LAYER met3 = 340225 um.
Total wire length on LAYER met4 = 237797 um.
Total wire length on LAYER met5 = 9169 um.
Total number of vias = 230273.
Up-via summary (total 230273):

-------------------------
 FR_MASTERSLICE         0
            li1     72862
           met1    115097
           met2     31352
           met3     10758
           met4       204
-------------------------
               230273


[INFO DRT-0195] Start 7th guides tiles iteration.
    Completing 10% with 24 violations.
    elapsed time = 00:00:00, memory = 4798.37 (MB).
    Completing 20% with 24 violations.
    elapsed time = 00:00:00, memory = 4798.37 (MB).
    Completing 30% with 24 violations.
    elapsed time = 00:00:00, memory = 4798.37 (MB).
    Completing 40% with 24 violations.
    elapsed time = 00:00:03, memory = 4798.37 (MB).
    Completing 50% with 24 violations.
    elapsed time = 00:00:04, memory = 4798.37 (MB).
    Completing 60% with 19 violations.
    elapsed time = 00:00:04, memory = 4798.37 (MB).
    Completing 70% with 19 violations.
    elapsed time = 00:00:04, memory = 4798.37 (MB).
    Completing 80% with 19 violations.
    elapsed time = 00:00:04, memory = 4798.37 (MB).
    Completing 90% with 19 violations.
    elapsed time = 00:00:05, memory = 4798.37 (MB).
    Completing 100% with 19 violations.
    elapsed time = 00:00:08, memory = 4798.37 (MB).
[INFO DRT-0199]   Number of violations = 19.
Viol/Layer        met1   met2
Metal Spacing        4      0
Short                6      9
[INFO DRT-0267] cpu time = 00:00:16, elapsed time = 00:00:08, memory = 4798.37 (MB), peak = 5937.39 (MB)
Total wire length = 1689217 um.
Total wire length on LAYER li1 = 0 um.
Total wire length on LAYER met1 = 521169 um.
Total wire length on LAYER met2 = 580809 um.
Total wire length on LAYER met3 = 340271 um.
Total wire length on LAYER met4 = 237797 um.
Total wire length on LAYER met5 = 9169 um.
Total number of vias = 230263.
Up-via summary (total 230263):

-------------------------
 FR_MASTERSLICE         0
            li1     72862
           met1    115089
           met2     31350
           met3     10758
           met4       204
-------------------------
               230263


[INFO DRT-0195] Start 8th guides tiles iteration.
    Completing 10% with 19 violations.
    elapsed time = 00:00:00, memory = 4798.37 (MB).
    Completing 20% with 19 violations.
    elapsed time = 00:00:00, memory = 4798.37 (MB).
    Completing 30% with 19 violations.
    elapsed time = 00:00:00, memory = 4798.37 (MB).
    Completing 40% with 19 violations.
    elapsed time = 00:00:04, memory = 4798.37 (MB).
    Completing 50% with 19 violations.
    elapsed time = 00:00:05, memory = 4798.37 (MB).
    Completing 60% with 19 violations.
    elapsed time = 00:00:05, memory = 4798.37 (MB).
    Completing 70% with 19 violations.
    elapsed time = 00:00:05, memory = 4798.37 (MB).
    Completing 80% with 19 violations.
    elapsed time = 00:00:05, memory = 4798.37 (MB).
    Completing 90% with 19 violations.
    elapsed time = 00:00:06, memory = 4798.37 (MB).
    Completing 100% with 19 violations.
    elapsed time = 00:00:10, memory = 4798.37 (MB).
[INFO DRT-0199]   Number of violations = 19.
Viol/Layer        met1   met2
Metal Spacing        4      0
Short                6      9
[INFO DRT-0267] cpu time = 00:00:16, elapsed time = 00:00:10, memory = 4798.37 (MB), peak = 5937.39 (MB)
Total wire length = 1689217 um.
Total wire length on LAYER li1 = 0 um.
Total wire length on LAYER met1 = 521169 um.
Total wire length on LAYER met2 = 580809 um.
Total wire length on LAYER met3 = 340271 um.
Total wire length on LAYER met4 = 237797 um.
Total wire length on LAYER met5 = 9169 um.
Total number of vias = 230263.
Up-via summary (total 230263):

-------------------------
 FR_MASTERSLICE         0
            li1     72862
           met1    115089
           met2     31350
           met3     10758
           met4       204
-------------------------
               230263


[INFO DRT-0195] Start 9th stubborn tiles iteration.
    Completing 10% with 19 violations.
    elapsed time = 00:00:19, memory = 4868.39 (MB).
    Completing 20% with 19 violations.
    elapsed time = 00:01:00, memory = 4978.73 (MB).
    Completing 30% with 19 violations.
    elapsed time = 00:01:33, memory = 4952.84 (MB).
    Completing 40% with 19 violations.
    elapsed time = 00:02:07, memory = 5060.63 (MB).
    Completing 50% with 19 violations.
    elapsed time = 00:02:30, memory = 5166.05 (MB).
    Completing 60% with 19 violations.
    elapsed time = 00:02:43, memory = 5223.18 (MB).
    Completing 70% with 19 violations.
    elapsed time = 00:03:00, memory = 5448.09 (MB).
    Completing 80% with 19 violations.
    elapsed time = 00:03:31, memory = 5341.38 (MB).
    Completing 90% with 1 violations.
    elapsed time = 00:03:50, memory = 5494.92 (MB).
    Completing 100% with 0 violations.
    elapsed time = 00:04:37, memory = 5343.96 (MB).
[INFO DRT-0199]   Number of violations = 0.
[INFO DRT-0267] cpu time = 00:47:25, elapsed time = 00:04:38, memory = 5343.96 (MB), peak = 5937.39 (MB)
Total wire length = 1689228 um.
Total wire length on LAYER li1 = 0 um.
Total wire length on LAYER met1 = 521087 um.
Total wire length on LAYER met2 = 580799 um.
Total wire length on LAYER met3 = 340342 um.
Total wire length on LAYER met4 = 237829 um.
Total wire length on LAYER met5 = 9169 um.
Total number of vias = 230272.
Up-via summary (total 230272):

-------------------------
 FR_MASTERSLICE         0
            li1     72861
           met1    115076
           met2     31371
           met3     10760
           met4       204
-------------------------
               230272


[INFO DRT-0198] Complete detail routing.
Total wire length = 1689228 um.
Total wire length on LAYER li1 = 0 um.
Total wire length on LAYER met1 = 521087 um.
Total wire length on LAYER met2 = 580799 um.
Total wire length on LAYER met3 = 340342 um.
Total wire length on LAYER met4 = 237829 um.
Total wire length on LAYER met5 = 9169 um.
Total number of vias = 230272.
Up-via summary (total 230272):

-------------------------
 FR_MASTERSLICE         0
            li1     72861
           met1    115076
           met2     31371
           met3     10760
           met4       204
-------------------------
               230272


[INFO DRT-0267] cpu time = 01:32:32, elapsed time = 00:11:08, memory = 5343.96 (MB), peak = 5937.39 (MB)

[INFO DRT-0180] Post processing.
[INFO DRT-0501] Runtime: 701.22s
[INFO ANT-0002] Found 7 net violations.
[INFO ANT-0001] Found 9 pin violations.
[INFO GRT-0012] Found 7 antenna violations.
[INFO DPL-0006] Core area: 449380.99 um^2
[INFO DPL-0007] Movable instances area: 0.00 um^2
[INFO DPL-0008] Fixed instances area within core: 231325.61 um^2
[INFO DPL-0009] Utilization: 51.5%
[INFO DPL-0005] Diamond search max displacement: +/- 500 sites horizontally, +/- 100 rows vertically.
[INFO DPL-1102] Legalizing using negotiation legalizer.
[INFO DPL-1103] Negotiation base search window: +/-20 sites horizontally, +/-5 rows vertically 
	Automatic search window extension enabled.
	Search window extendable up to the max displacement cap of +/-500 sites, +/-100 rows near walls.
[INFO DPL-1104] NegotiationLegalizer DRC penalty: 5.
[INFO DPL-0392] Negotiation cell height distribution (1 unique row-count(s)):
[INFO DPL-0393]   height 1 row(s): 26175 cells
[INFO DPL-0500] Runtime: 0.20s
[INFO GRT-0015] Inserted 9 diodes.
[WARNING DRT-0120] Large net net1900 has 171 pins which may impact routing performance. Consider optimization.
[WARNING DRT-0120] Large net net1885 has 110 pins which may impact routing performance. Consider optimization.
[WARNING DRT-0120] Large net net1867 has 102 pins which may impact routing performance. Consider optimization.
[WARNING DRT-0120] Large net net1532 has 149 pins which may impact routing performance. Consider optimization.
[WARNING DRT-0120] Large net net1531 has 151 pins which may impact routing performance. Consider optimization.
[WARNING DRT-0120] Large net net1527 has 119 pins which may impact routing performance. Consider optimization.
[WARNING DRT-0120] Large net net1520 has 167 pins which may impact routing performance. Consider optimization.
[WARNING DRT-0120] Large net net1519 has 120 pins which may impact routing performance. Consider optimization.
[WARNING DRT-0120] Large net net1516 has 160 pins which may impact routing performance. Consider optimization.
[WARNING DRT-0120] Large net net1515 has 114 pins which may impact routing performance. Consider optimization.
[WARNING DRT-0120] Large net net1860 has 103 pins which may impact routing performance. Consider optimization.
[WARNING DRT-0120] Large net net71 has 169 pins which may impact routing performance. Consider optimization.
[INFO DRT-0024]   Complete FR_MASTERSLICE.
[INFO DRT-0024]   Complete Fr_VIA.
[INFO DRT-0024]   Complete li1.
[INFO DRT-0024]   Complete mcon.
[INFO DRT-0024]   Complete met1.
[INFO DRT-0024]   Complete via.
[INFO DRT-0024]   Complete met2.
[INFO DRT-0024]   Complete via2.
[INFO DRT-0024]   Complete met3.
[INFO DRT-0024]   Complete via3.
[INFO DRT-0024]   Complete met4.
[INFO DRT-0024]   Complete via4.
[INFO DRT-0024]   Complete met5.
[INFO DRT-0165] Start pin access.
[INFO DRT-0076]   Complete 1000 pins.
[INFO DRT-0078]   Complete 1354 pins.
[INFO DRT-0079]   Complete 100 unique inst patterns.
[INFO DRT-0081]   Complete 175 unique inst patterns.
[INFO DRT-0082]   Complete 10000 groups.
[INFO DRT-0084]   Complete 14504 groups.
#scanned instances     = 26175
#unique  instances     = 175
#stdCellGenAp          = 5770
#stdCellValidPlanarAp  = 105
#stdCellValidViaAp     = 3995
#stdCellPinNoAp        = 0
#stdCellPinCnt         = 74917
#instTermValidViaApCnt = 0
#macroGenAp            = 0
#macroValidPlanarAp    = 0
#macroValidViaAp       = 0
#macroNoAp             = 0
[INFO DRT-0166] Complete pin access.
[INFO DRT-0267] cpu time = 00:07:29, elapsed time = 00:00:39, memory = 5317.87 (MB), peak = 5937.39 (MB)
[INFO DRT-0156] guideIn read 100000 guides.
[INFO DRT-0156] guideIn read 200000 guides.

[INFO DRT-0157] Number of guides:     213358

[INFO DRT-0169] Post process guides.
[INFO DRT-0176] GCELLGRID X 0 DO 97 STEP 6900 ;
[INFO DRT-0177] GCELLGRID Y 0 DO 97 STEP 6900 ;
[INFO DRT-0026]   Complete 100000 origin guides.
[INFO DRT-0026]   Complete 200000 origin guides.
[INFO DRT-0028]   Complete FR_MASTERSLICE.
[INFO DRT-0028]   Complete Fr_VIA.
[INFO DRT-0028]   Complete li1.
[INFO DRT-0028]   Complete mcon.
[INFO DRT-0028]   Complete met1.
[INFO DRT-0028]   Complete via.
[INFO DRT-0028]   Complete met2.
[INFO DRT-0028]   Complete via2.
[INFO DRT-0028]   Complete met3.
[INFO DRT-0028]   Complete via3.
[INFO DRT-0028]   Complete met4.
[INFO DRT-0028]   Complete via4.
[INFO DRT-0028]   Complete met5.
[INFO DRT-0178] Init guide query.
[INFO DRT-0035]   Complete FR_MASTERSLICE (guide).
[INFO DRT-0035]   Complete Fr_VIA (guide).
[INFO DRT-0035]   Complete li1 (guide).
[INFO DRT-0035]   Complete mcon (guide).
[INFO DRT-0035]   Complete met1 (guide).
[INFO DRT-0035]   Complete via (guide).
[INFO DRT-0035]   Complete met2 (guide).
[INFO DRT-0035]   Complete via2 (guide).
[INFO DRT-0035]   Complete met3 (guide).
[INFO DRT-0035]   Complete via3 (guide).
[INFO DRT-0035]   Complete met4 (guide).
[INFO DRT-0035]   Complete via4 (guide).
[INFO DRT-0035]   Complete met5 (guide).
[INFO DRT-0036] FR_MASTERSLICE guide region query size = 0.
[INFO DRT-0036] FR_VIA guide region query size = 0.
[INFO DRT-0036] li1 guide region query size = 62524.
[INFO DRT-0036] mcon guide region query size = 0.
[INFO DRT-0036] met1 guide region query size = 62025.
[INFO DRT-0036] via guide region query size = 0.
[INFO DRT-0036] met2 guide region query size = 35243.
[INFO DRT-0036] via2 guide region query size = 0.
[INFO DRT-0036] met3 guide region query size = 5805.
[INFO DRT-0036] via3 guide region query size = 0.
[INFO DRT-0036] met4 guide region query size = 2558.
[INFO DRT-0036] via4 guide region query size = 0.
[INFO DRT-0036] met5 guide region query size = 158.
[INFO DRT-0179] Init gr pin query.
[INFO DRT-0267] cpu time = 00:00:01, elapsed time = 00:00:00, memory = 5317.87 (MB), peak = 5937.39 (MB)
[INFO DRT-0245] skipped writing guide updates to database.
[INFO DRT-0181] Start track assignment.
[INFO DRT-0184] Done with 100325 vertical wires in 2 frboxes and 67988 horizontal wires in 2 frboxes.
[INFO DRT-0186] Done with 21693 vertical wires in 2 frboxes and 33306 horizontal wires in 2 frboxes.
[INFO DRT-0182] Complete track assignment.
[INFO DRT-0267] cpu time = 00:00:14, elapsed time = 00:00:06, memory = 5317.88 (MB), peak = 5937.39 (MB)
[INFO DRT-0187] Start routing data preparation.
[INFO DRT-0267] cpu time = 00:00:00, elapsed time = 00:00:00, memory = 5317.88 (MB), peak = 5937.39 (MB)
[INFO DRT-0194] Start detail routing.
[INFO DRT-0195] Start 0th optimization iteration.
    Completing 10% with 0 violations.
    elapsed time = 00:00:02, memory = 5317.90 (MB).
    Completing 20% with 0 violations.
    elapsed time = 00:00:04, memory = 5317.90 (MB).
    Completing 30% with 640 violations.
    elapsed time = 00:00:09, memory = 5317.90 (MB).
    Completing 40% with 640 violations.
    elapsed time = 00:00:11, memory = 5317.90 (MB).
    Completing 50% with 640 violations.
    elapsed time = 00:00:15, memory = 5317.90 (MB).
    Completing 60% with 1171 violations.
    elapsed time = 00:00:18, memory = 5317.90 (MB).
    Completing 70% with 1171 violations.
    elapsed time = 00:00:20, memory = 5317.90 (MB).
    Completing 80% with 1842 violations.
    elapsed time = 00:00:25, memory = 5317.90 (MB).
    Completing 90% with 1842 violations.
    elapsed time = 00:00:28, memory = 5317.90 (MB).
    Completing 100% with 2333 violations.
    elapsed time = 00:00:32, memory = 5317.90 (MB).
[INFO DRT-0199]   Number of violations = 2423.
Viol/Layer         li1   met1    via   met2   met3
Cut Spacing          0      0      2      0      0
Metal Spacing        0     82      0    156      1
Recheck              1     52      0     37      0
Short                0   1167      1    918      6
[INFO DRT-0267] cpu time = 00:04:36, elapsed time = 00:00:32, memory = 5317.90 (MB), peak = 5937.39 (MB)
Total wire length = 1689655 um.
Total wire length on LAYER li1 = 0 um.
Total wire length on LAYER met1 = 523420 um.
Total wire length on LAYER met2 = 582266 um.
Total wire length on LAYER met3 = 338222 um.
Total wire length on LAYER met4 = 236576 um.
Total wire length on LAYER met5 = 9169 um.
Total number of vias = 229940.
Up-via summary (total 229940):

-------------------------
 FR_MASTERSLICE         0
            li1     72878
           met1    115056
           met2     31118
           met3     10684
           met4       204
-------------------------
               229940


[INFO DRT-0195] Start 1st optimization iteration.
    Completing 10% with 2423 violations.
    elapsed time = 00:00:02, memory = 5317.90 (MB).
    Completing 20% with 2423 violations.
    elapsed time = 00:00:03, memory = 5317.90 (MB).
    Completing 30% with 2376 violations.
    elapsed time = 00:00:07, memory = 5317.90 (MB).
    Completing 40% with 2376 violations.
    elapsed time = 00:00:10, memory = 5317.90 (MB).
    Completing 50% with 2376 violations.
    elapsed time = 00:00:11, memory = 5365.54 (MB).
    Completing 60% with 2195 violations.
    elapsed time = 00:00:18, memory = 5317.90 (MB).
    Completing 70% with 2195 violations.
    elapsed time = 00:00:20, memory = 5317.90 (MB).
    Completing 80% with 1875 violations.
    elapsed time = 00:00:24, memory = 5317.91 (MB).
    Completing 90% with 1875 violations.
    elapsed time = 00:00:27, memory = 5317.91 (MB).
    Completing 100% with 1642 violations.
    elapsed time = 00:00:31, memory = 5317.91 (MB).
[INFO DRT-0199]   Number of violations = 1642.
Viol/Layer        met1    via   met2   met3
Cut Spacing          0      1      0      0
Metal Spacing       95      0    126      2
Short              918      0    500      0
[INFO DRT-0267] cpu time = 00:04:29, elapsed time = 00:00:31, memory = 5317.91 (MB), peak = 5937.39 (MB)
Total wire length = 1689451 um.
Total wire length on LAYER li1 = 0 um.
Total wire length on LAYER met1 = 523225 um.
Total wire length on LAYER met2 = 582127 um.
Total wire length on LAYER met3 = 338289 um.
Total wire length on LAYER met4 = 236638 um.
Total wire length on LAYER met5 = 9169 um.
Total number of vias = 229952.
Up-via summary (total 229952):

-------------------------
 FR_MASTERSLICE         0
            li1     72880
           met1    115052
           met2     31124
           met3     10692
           met4       204
-------------------------
               229952


[INFO DRT-0195] Start 2nd optimization iteration.
    Completing 10% with 1642 violations.
    elapsed time = 00:00:01, memory = 5317.91 (MB).
    Completing 20% with 1642 violations.
    elapsed time = 00:00:02, memory = 5317.91 (MB).
    Completing 30% with 1613 violations.
    elapsed time = 00:00:07, memory = 5317.91 (MB).
    Completing 40% with 1613 violations.
    elapsed time = 00:00:08, memory = 5317.91 (MB).
    Completing 50% with 1613 violations.
    elapsed time = 00:00:11, memory = 5317.91 (MB).
    Completing 60% with 1575 violations.
    elapsed time = 00:00:12, memory = 5317.91 (MB).
    Completing 70% with 1575 violations.
    elapsed time = 00:00:14, memory = 5317.91 (MB).
    Completing 80% with 1554 violations.
    elapsed time = 00:00:16, memory = 5317.91 (MB).
    Completing 90% with 1554 violations.
    elapsed time = 00:00:17, memory = 5317.91 (MB).
    Completing 100% with 1444 violations.
    elapsed time = 00:00:20, memory = 5317.91 (MB).
[INFO DRT-0199]   Number of violations = 1444.
Viol/Layer        met1   met2
Metal Spacing       70    139
Short              778    457
[INFO DRT-0267] cpu time = 00:02:40, elapsed time = 00:00:20, memory = 5317.91 (MB), peak = 5937.39 (MB)
Total wire length = 1689397 um.
Total wire length on LAYER li1 = 0 um.
Total wire length on LAYER met1 = 523167 um.
Total wire length on LAYER met2 = 582019 um.
Total wire length on LAYER met3 = 338333 um.
Total wire length on LAYER met4 = 236706 um.
Total wire length on LAYER met5 = 9169 um.
Total number of vias = 229936.
Up-via summary (total 229936):

-------------------------
 FR_MASTERSLICE         0
            li1     72880
           met1    115024
           met2     31134
           met3     10694
           met4       204
-------------------------
               229936


[INFO DRT-0195] Start 3rd optimization iteration.
    Completing 10% with 1444 violations.
    elapsed time = 00:00:03, memory = 5317.91 (MB).
    Completing 20% with 1444 violations.
    elapsed time = 00:00:06, memory = 5317.91 (MB).
    Completing 30% with 1150 violations.
    elapsed time = 00:00:25, memory = 5317.91 (MB).
    Completing 40% with 1150 violations.
    elapsed time = 00:00:27, memory = 5317.91 (MB).
    Completing 50% with 1150 violations.
    elapsed time = 00:00:44, memory = 5317.91 (MB).
    Completing 60% with 933 violations.
    elapsed time = 00:00:46, memory = 5317.91 (MB).
    Completing 70% with 933 violations.
    elapsed time = 00:00:50, memory = 5317.91 (MB).
    Completing 80% with 546 violations.
    elapsed time = 00:00:52, memory = 5317.91 (MB).
    Completing 90% with 546 violations.
    elapsed time = 00:00:55, memory = 5317.91 (MB).
    Completing 100% with 348 violations.
    elapsed time = 00:01:09, memory = 5317.91 (MB).
[INFO DRT-0199]   Number of violations = 348.
Viol/Layer        met1    via   met2   met3
Cut Spacing          0      1      0      0
Metal Spacing       33      0     49      0
Short              130      0    133      2
[INFO DRT-0267] cpu time = 00:07:10, elapsed time = 00:01:10, memory = 5317.91 (MB), peak = 5937.39 (MB)
Total wire length = 1689506 um.
Total wire length on LAYER li1 = 0 um.
Total wire length on LAYER met1 = 521949 um.
Total wire length on LAYER met2 = 580917 um.
Total wire length on LAYER met3 = 339570 um.
Total wire length on LAYER met4 = 237898 um.
Total wire length on LAYER met5 = 9169 um.
Total number of vias = 230468.
Up-via summary (total 230468):

-------------------------
 FR_MASTERSLICE         0
            li1     72879
           met1    115224
           met2     31386
           met3     10775
           met4       204
-------------------------
               230468


[INFO DRT-0195] Start 4th optimization iteration.
    Completing 10% with 348 violations.
    elapsed time = 00:00:00, memory = 5317.91 (MB).
    Completing 20% with 348 violations.
    elapsed time = 00:00:00, memory = 5317.91 (MB).
    Completing 30% with 286 violations.
    elapsed time = 00:00:12, memory = 5317.91 (MB).
    Completing 40% with 286 violations.
    elapsed time = 00:00:12, memory = 5317.91 (MB).
    Completing 50% with 286 violations.
    elapsed time = 00:00:24, memory = 5317.91 (MB).
    Completing 60% with 196 violations.
    elapsed time = 00:00:24, memory = 5317.91 (MB).
    Completing 70% with 196 violations.
    elapsed time = 00:00:25, memory = 5317.91 (MB).
    Completing 80% with 162 violations.
    elapsed time = 00:00:33, memory = 5317.91 (MB).
    Completing 90% with 162 violations.
    elapsed time = 00:00:33, memory = 5317.91 (MB).
    Completing 100% with 100 violations.
    elapsed time = 00:00:43, memory = 5317.91 (MB).
[INFO DRT-0199]   Number of violations = 100.
Viol/Layer        met1   met2
Metal Spacing       17     21
Short               35     27
[INFO DRT-0267] cpu time = 00:02:27, elapsed time = 00:00:43, memory = 5317.91 (MB), peak = 5937.39 (MB)
Total wire length = 1689515 um.
Total wire length on LAYER li1 = 0 um.
Total wire length on LAYER met1 = 521512 um.
Total wire length on LAYER met2 = 580478 um.
Total wire length on LAYER met3 = 340010 um.
Total wire length on LAYER met4 = 238371 um.
Total wire length on LAYER met5 = 9142 um.
Total number of vias = 230536.
Up-via summary (total 230536):

-------------------------
 FR_MASTERSLICE         0
            li1     72879
           met1    115204
           met2     31451
           met3     10800
           met4       202
-------------------------
               230536


[INFO DRT-0195] Start 5th guides tiles iteration.
    Completing 10% with 100 violations.
    elapsed time = 00:00:00, memory = 5397.05 (MB).
    Completing 20% with 100 violations.
    elapsed time = 00:00:00, memory = 5397.05 (MB).
    Completing 30% with 100 violations.
    elapsed time = 00:00:01, memory = 5397.05 (MB).
    Completing 40% with 100 violations.
    elapsed time = 00:00:11, memory = 5317.91 (MB).
    Completing 50% with 71 violations.
    elapsed time = 00:00:11, memory = 5317.91 (MB).
    Completing 60% with 71 violations.
    elapsed time = 00:00:12, memory = 5317.91 (MB).
    Completing 70% with 71 violations.
    elapsed time = 00:00:12, memory = 5317.91 (MB).
    Completing 80% with 71 violations.
    elapsed time = 00:00:13, memory = 5317.91 (MB).
    Completing 90% with 29 violations.
    elapsed time = 00:00:13, memory = 5317.91 (MB).
    Completing 100% with 27 violations.
    elapsed time = 00:00:43, memory = 5317.91 (MB).
[INFO DRT-0199]   Number of violations = 27.
Viol/Layer        met1   met2
Metal Spacing        6      6
Short                9      6
[INFO DRT-0267] cpu time = 00:01:01, elapsed time = 00:00:43, memory = 5317.91 (MB), peak = 5937.39 (MB)
Total wire length = 1689500 um.
Total wire length on LAYER li1 = 0 um.
Total wire length on LAYER met1 = 521477 um.
Total wire length on LAYER met2 = 580429 um.
Total wire length on LAYER met3 = 340064 um.
Total wire length on LAYER met4 = 238386 um.
Total wire length on LAYER met5 = 9142 um.
Total number of vias = 230543.
Up-via summary (total 230543):

-------------------------
 FR_MASTERSLICE         0
            li1     72877
           met1    115203
           met2     31465
           met3     10796
           met4       202
-------------------------
               230543


[INFO DRT-0195] Start 6th guides tiles iteration.
    Completing 10% with 27 violations.
    elapsed time = 00:00:00, memory = 5317.91 (MB).
    Completing 20% with 27 violations.
    elapsed time = 00:00:00, memory = 5317.91 (MB).
    Completing 30% with 27 violations.
    elapsed time = 00:00:01, memory = 5317.91 (MB).
    Completing 40% with 27 violations.
    elapsed time = 00:00:08, memory = 5317.91 (MB).
    Completing 50% with 27 violations.
    elapsed time = 00:00:08, memory = 5317.91 (MB).
    Completing 60% with 27 violations.
    elapsed time = 00:00:08, memory = 5317.91 (MB).
    Completing 70% with 27 violations.
    elapsed time = 00:00:09, memory = 5317.91 (MB).
    Completing 80% with 27 violations.
    elapsed time = 00:00:10, memory = 5317.91 (MB).
    Completing 100% with 27 violations.
    elapsed time = 00:00:39, memory = 5317.91 (MB).
[INFO DRT-0199]   Number of violations = 27.
Viol/Layer        met1   met2
Metal Spacing        6      6
Short                9      6
[INFO DRT-0267] cpu time = 00:00:42, elapsed time = 00:00:39, memory = 5317.91 (MB), peak = 5937.39 (MB)
Total wire length = 1689500 um.
Total wire length on LAYER li1 = 0 um.
Total wire length on LAYER met1 = 521477 um.
Total wire length on LAYER met2 = 580429 um.
Total wire length on LAYER met3 = 340064 um.
Total wire length on LAYER met4 = 238386 um.
Total wire length on LAYER met5 = 9142 um.
Total number of vias = 230543.
Up-via summary (total 230543):

-------------------------
 FR_MASTERSLICE         0
            li1     72877
           met1    115203
           met2     31465
           met3     10796
           met4       202
-------------------------
               230543


[INFO DRT-0195] Start 7th stubborn tiles iteration.
    Completing 10% with 27 violations.
    elapsed time = 00:00:38, memory = 5317.91 (MB).
    Completing 20% with 27 violations.
    elapsed time = 00:01:09, memory = 5411.01 (MB).
    Completing 30% with 27 violations.
    elapsed time = 00:01:32, memory = 5424.17 (MB).
    Completing 40% with 27 violations.
    elapsed time = 00:01:49, memory = 5492.51 (MB).
    Completing 50% with 27 violations.
    elapsed time = 00:02:07, memory = 5612.95 (MB).
    Completing 60% with 27 violations.
    elapsed time = 00:02:18, memory = 5724.60 (MB).
    Completing 70% with 27 violations.
    elapsed time = 00:02:29, memory = 5750.55 (MB).
    Completing 80% with 27 violations.
    elapsed time = 00:02:44, memory = 5855.58 (MB).
    Completing 90% with 27 violations.
    elapsed time = 00:02:55, memory = 6139.21 (MB).
    Completing 100% with 0 violations.
    elapsed time = 00:03:14, memory = 5980.79 (MB).
[INFO DRT-0199]   Number of violations = 0.
[INFO DRT-0267] cpu time = 00:37:20, elapsed time = 00:03:15, memory = 5949.37 (MB), peak = 6248.61 (MB)
Total wire length = 1689476 um.
Total wire length on LAYER li1 = 0 um.
Total wire length on LAYER met1 = 521472 um.
Total wire length on LAYER met2 = 580409 um.
Total wire length on LAYER met3 = 340062 um.
Total wire length on LAYER met4 = 238389 um.
Total wire length on LAYER met5 = 9142 um.
Total number of vias = 230534.
Up-via summary (total 230534):

-------------------------
 FR_MASTERSLICE         0
            li1     72876
           met1    115196
           met2     31464
           met3     10796
           met4       202
-------------------------
               230534


[INFO DRT-0198] Complete detail routing.
Total wire length = 1689476 um.
Total wire length on LAYER li1 = 0 um.
Total wire length on LAYER met1 = 521472 um.
Total wire length on LAYER met2 = 580409 um.
Total wire length on LAYER met3 = 340062 um.
Total wire length on LAYER met4 = 238389 um.
Total wire length on LAYER met5 = 9142 um.
Total number of vias = 230534.
Up-via summary (total 230534):

-------------------------
 FR_MASTERSLICE         0
            li1     72876
           met1    115196
           met2     31464
           met3     10796
           met4       202
-------------------------
               230534


[INFO DRT-0267] cpu time = 01:00:28, elapsed time = 00:07:57, memory = 5949.37 (MB), peak = 6248.61 (MB)

[INFO DRT-0180] Post processing.
[INFO DRT-0501] Runtime: 513.85s
[INFO ANT-0002] Found 2 net violations.
[INFO ANT-0001] Found 2 pin violations.
[INFO GRT-0012] Found 2 antenna violations.
[INFO DPL-0006] Core area: 449380.99 um^2
[INFO DPL-0007] Movable instances area: 0.00 um^2
[INFO DPL-0008] Fixed instances area within core: 231330.61 um^2
[INFO DPL-0009] Utilization: 51.5%
[INFO DPL-0005] Diamond search max displacement: +/- 500 sites horizontally, +/- 100 rows vertically.
[INFO DPL-1102] Legalizing using negotiation legalizer.
[INFO DPL-1103] Negotiation base search window: +/-20 sites horizontally, +/-5 rows vertically 
	Automatic search window extension enabled.
	Search window extendable up to the max displacement cap of +/-500 sites, +/-100 rows near walls.
[INFO DPL-1104] NegotiationLegalizer DRC penalty: 5.
[INFO DPL-0392] Negotiation cell height distribution (1 unique row-count(s)):
[INFO DPL-0393]   height 1 row(s): 26177 cells
[INFO DPL-0500] Runtime: 0.21s
[INFO GRT-0015] Inserted 2 diodes.
[WARNING DRT-0120] Large net net1900 has 171 pins which may impact routing performance. Consider optimization.
[WARNING DRT-0120] Large net net1885 has 110 pins which may impact routing performance. Consider optimization.
[WARNING DRT-0120] Large net net1867 has 102 pins which may impact routing performance. Consider optimization.
[WARNING DRT-0120] Large net net1532 has 149 pins which may impact routing performance. Consider optimization.
[WARNING DRT-0120] Large net net1531 has 151 pins which may impact routing performance. Consider optimization.
[WARNING DRT-0120] Large net net1527 has 119 pins which may impact routing performance. Consider optimization.
[WARNING DRT-0120] Large net net1520 has 167 pins which may impact routing performance. Consider optimization.
[WARNING DRT-0120] Large net net1519 has 120 pins which may impact routing performance. Consider optimization.
[WARNING DRT-0120] Large net net1516 has 160 pins which may impact routing performance. Consider optimization.
[WARNING DRT-0120] Large net net1515 has 114 pins which may impact routing performance. Consider optimization.
[WARNING DRT-0120] Large net net1860 has 103 pins which may impact routing performance. Consider optimization.
[WARNING DRT-0120] Large net net71 has 169 pins which may impact routing performance. Consider optimization.
[INFO DRT-0024]   Complete FR_MASTERSLICE.
[INFO DRT-0024]   Complete Fr_VIA.
[INFO DRT-0024]   Complete li1.
[INFO DRT-0024]   Complete mcon.
[INFO DRT-0024]   Complete met1.
[INFO DRT-0024]   Complete via.
[INFO DRT-0024]   Complete met2.
[INFO DRT-0024]   Complete via2.
[INFO DRT-0024]   Complete met3.
[INFO DRT-0024]   Complete via3.
[INFO DRT-0024]   Complete met4.
[INFO DRT-0024]   Complete via4.
[INFO DRT-0024]   Complete met5.
[INFO DRT-0165] Start pin access.
[INFO DRT-0076]   Complete 1000 pins.
[INFO DRT-0078]   Complete 1354 pins.
[INFO DRT-0079]   Complete 100 unique inst patterns.
[INFO DRT-0081]   Complete 175 unique inst patterns.
[INFO DRT-0082]   Complete 10000 groups.
[INFO DRT-0084]   Complete 14504 groups.
#scanned instances     = 26177
#unique  instances     = 175
#stdCellGenAp          = 5770
#stdCellValidPlanarAp  = 105
#stdCellValidViaAp     = 3995
#stdCellPinNoAp        = 0
#stdCellPinCnt         = 74917
#instTermValidViaApCnt = 0
#macroGenAp            = 0
#macroValidPlanarAp    = 0
#macroValidViaAp       = 0
#macroNoAp             = 0
[INFO DRT-0166] Complete pin access.
[INFO DRT-0267] cpu time = 00:07:17, elapsed time = 00:00:39, memory = 5903.04 (MB), peak = 6248.61 (MB)
[INFO DRT-0156] guideIn read 100000 guides.
[INFO DRT-0156] guideIn read 200000 guides.

[INFO DRT-0157] Number of guides:     213352

[INFO DRT-0169] Post process guides.
[INFO DRT-0176] GCELLGRID X 0 DO 97 STEP 6900 ;
[INFO DRT-0177] GCELLGRID Y 0 DO 97 STEP 6900 ;
[INFO DRT-0026]   Complete 100000 origin guides.
[INFO DRT-0026]   Complete 200000 origin guides.
[INFO DRT-0028]   Complete FR_MASTERSLICE.
[INFO DRT-0028]   Complete Fr_VIA.
[INFO DRT-0028]   Complete li1.
[INFO DRT-0028]   Complete mcon.
[INFO DRT-0028]   Complete met1.
[INFO DRT-0028]   Complete via.
[INFO DRT-0028]   Complete met2.
[INFO DRT-0028]   Complete via2.
[INFO DRT-0028]   Complete met3.
[INFO DRT-0028]   Complete via3.
[INFO DRT-0028]   Complete met4.
[INFO DRT-0028]   Complete via4.
[INFO DRT-0028]   Complete met5.
[INFO DRT-0178] Init guide query.
[INFO DRT-0035]   Complete FR_MASTERSLICE (guide).
[INFO DRT-0035]   Complete Fr_VIA (guide).
[INFO DRT-0035]   Complete li1 (guide).
[INFO DRT-0035]   Complete mcon (guide).
[INFO DRT-0035]   Complete met1 (guide).
[INFO DRT-0035]   Complete via (guide).
[INFO DRT-0035]   Complete met2 (guide).
[INFO DRT-0035]   Complete via2 (guide).
[INFO DRT-0035]   Complete met3 (guide).
[INFO DRT-0035]   Complete via3 (guide).
[INFO DRT-0035]   Complete met4 (guide).
[INFO DRT-0035]   Complete via4 (guide).
[INFO DRT-0035]   Complete met5 (guide).
[INFO DRT-0036] FR_MASTERSLICE guide region query size = 0.
[INFO DRT-0036] FR_VIA guide region query size = 0.
[INFO DRT-0036] li1 guide region query size = 62525.
[INFO DRT-0036] mcon guide region query size = 0.
[INFO DRT-0036] met1 guide region query size = 62025.
[INFO DRT-0036] via guide region query size = 0.
[INFO DRT-0036] met2 guide region query size = 35241.
[INFO DRT-0036] via2 guide region query size = 0.
[INFO DRT-0036] met3 guide region query size = 5803.
[INFO DRT-0036] via3 guide region query size = 0.
[INFO DRT-0036] met4 guide region query size = 2558.
[INFO DRT-0036] via4 guide region query size = 0.
[INFO DRT-0036] met5 guide region query size = 158.
[INFO DRT-0179] Init gr pin query.
[INFO DRT-0267] cpu time = 00:00:01, elapsed time = 00:00:00, memory = 5903.04 (MB), peak = 6248.61 (MB)
[INFO DRT-0245] skipped writing guide updates to database.
[INFO DRT-0181] Start track assignment.
[INFO DRT-0184] Done with 100324 vertical wires in 2 frboxes and 67986 horizontal wires in 2 frboxes.
[INFO DRT-0186] Done with 21604 vertical wires in 2 frboxes and 33324 horizontal wires in 2 frboxes.
[INFO DRT-0182] Complete track assignment.
[INFO DRT-0267] cpu time = 00:00:14, elapsed time = 00:00:07, memory = 5903.04 (MB), peak = 6248.61 (MB)
[INFO DRT-0187] Start routing data preparation.
[INFO DRT-0267] cpu time = 00:00:00, elapsed time = 00:00:00, memory = 5903.04 (MB), peak = 6248.61 (MB)
[INFO DRT-0194] Start detail routing.
[INFO DRT-0195] Start 0th optimization iteration.
    Completing 10% with 0 violations.
    elapsed time = 00:00:02, memory = 5903.09 (MB).
    Completing 20% with 0 violations.
    elapsed time = 00:00:04, memory = 5945.42 (MB).
    Completing 30% with 240 violations.
    elapsed time = 00:00:07, memory = 5903.10 (MB).
    Completing 40% with 240 violations.
    elapsed time = 00:00:08, memory = 5944.34 (MB).
    Completing 50% with 240 violations.
    elapsed time = 00:00:10, memory = 5903.10 (MB).
    Completing 60% with 491 violations.
    elapsed time = 00:00:13, memory = 5943.55 (MB).
    Completing 70% with 491 violations.
    elapsed time = 00:00:15, memory = 5903.11 (MB).
    Completing 80% with 828 violations.
    elapsed time = 00:00:18, memory = 5903.11 (MB).
    Completing 90% with 828 violations.
    elapsed time = 00:00:20, memory = 5943.02 (MB).
    Completing 100% with 1079 violations.
    elapsed time = 00:00:26, memory = 5903.12 (MB).
[INFO DRT-0199]   Number of violations = 1117.
Viol/Layer        met1    via   met2   met3   met4
Metal Spacing       54      0     53      0      3
Recheck             21      0     15      1      1
Short              620      1    343      1      4
[INFO DRT-0267] cpu time = 00:03:57, elapsed time = 00:00:26, memory = 5903.12 (MB), peak = 6248.61 (MB)
Total wire length = 1689603 um.
Total wire length on LAYER li1 = 0 um.
Total wire length on LAYER met1 = 522561 um.
Total wire length on LAYER met2 = 580780 um.
Total wire length on LAYER met3 = 339113 um.
Total wire length on LAYER met4 = 238005 um.
Total wire length on LAYER met5 = 9142 um.
Total number of vias = 230357.
Up-via summary (total 230357):

-------------------------
 FR_MASTERSLICE         0
            li1     72880
           met1    115131
           met2     31372
           met3     10772
           met4       202
-------------------------
               230357


[INFO DRT-0195] Start 1st optimization iteration.
    Completing 10% with 1117 violations.
    elapsed time = 00:00:02, memory = 5926.00 (MB).
    Completing 20% with 1117 violations.
    elapsed time = 00:00:03, memory = 5943.94 (MB).
    Completing 30% with 975 violations.
    elapsed time = 00:00:05, memory = 5903.12 (MB).
    Completing 40% with 975 violations.
    elapsed time = 00:00:07, memory = 5903.12 (MB).
    Completing 50% with 975 violations.
    elapsed time = 00:00:09, memory = 5903.12 (MB).
    Completing 60% with 868 violations.
    elapsed time = 00:00:12, memory = 5903.12 (MB).
    Completing 70% with 868 violations.
    elapsed time = 00:00:13, memory = 5903.12 (MB).
    Completing 80% with 766 violations.
    elapsed time = 00:00:17, memory = 5942.39 (MB).
    Completing 90% with 766 violations.
    elapsed time = 00:00:19, memory = 5903.12 (MB).
    Completing 100% with 624 violations.
    elapsed time = 00:00:22, memory = 5903.12 (MB).
[INFO DRT-0199]   Number of violations = 624.
Viol/Layer        met1    via   met2
Metal Spacing       33      0     48
Short              389      1    153
[INFO DRT-0267] cpu time = 00:03:59, elapsed time = 00:00:22, memory = 5903.12 (MB), peak = 6248.61 (MB)
Total wire length = 1689515 um.
Total wire length on LAYER li1 = 0 um.
Total wire length on LAYER met1 = 522433 um.
Total wire length on LAYER met2 = 580691 um.
Total wire length on LAYER met3 = 339222 um.
Total wire length on LAYER met4 = 238026 um.
Total wire length on LAYER met5 = 9142 um.
Total number of vias = 230352.
Up-via summary (total 230352):

-------------------------
 FR_MASTERSLICE         0
            li1     72877
           met1    115125
           met2     31371
           met3     10777
           met4       202
-------------------------
               230352


[INFO DRT-0195] Start 2nd optimization iteration.
    Completing 10% with 624 violations.
    elapsed time = 00:00:00, memory = 5903.12 (MB).
    Completing 20% with 624 violations.
    elapsed time = 00:00:01, memory = 5907.77 (MB).
    Completing 30% with 609 violations.
    elapsed time = 00:00:02, memory = 5907.77 (MB).
    Completing 40% with 609 violations.
    elapsed time = 00:00:02, memory = 5907.77 (MB).
    Completing 50% with 609 violations.
    elapsed time = 00:00:04, memory = 5907.77 (MB).
    Completing 60% with 610 violations.
    elapsed time = 00:00:04, memory = 5907.77 (MB).
    Completing 70% with 610 violations.
    elapsed time = 00:00:06, memory = 5907.77 (MB).
    Completing 80% with 597 violations.
    elapsed time = 00:00:07, memory = 5907.77 (MB).
    Completing 90% with 597 violations.
    elapsed time = 00:00:08, memory = 5948.97 (MB).
    Completing 100% with 565 violations.
    elapsed time = 00:00:09, memory = 5907.77 (MB).
[INFO DRT-0199]   Number of violations = 565.
Viol/Layer        met1   met2   met3
Metal Spacing       52     44      0
Short              330    138      1
[INFO DRT-0267] cpu time = 00:01:18, elapsed time = 00:00:09, memory = 5907.77 (MB), peak = 6248.61 (MB)
Total wire length = 1689505 um.
Total wire length on LAYER li1 = 0 um.
Total wire length on LAYER met1 = 522429 um.
Total wire length on LAYER met2 = 580654 um.
Total wire length on LAYER met3 = 339235 um.
Total wire length on LAYER met4 = 238043 um.
Total wire length on LAYER met5 = 9142 um.
Total number of vias = 230344.
Up-via summary (total 230344):

-------------------------
 FR_MASTERSLICE         0
            li1     72878
           met1    115111
           met2     31377
           met3     10776
           met4       202
-------------------------
               230344


[INFO DRT-0195] Start 3rd optimization iteration.
    Completing 10% with 565 violations.
    elapsed time = 00:00:00, memory = 5907.77 (MB).
    Completing 20% with 565 violations.
    elapsed time = 00:00:01, memory = 5907.77 (MB).
    Completing 30% with 453 violations.
    elapsed time = 00:00:06, memory = 5907.77 (MB).
    Completing 40% with 453 violations.
    elapsed time = 00:00:06, memory = 5907.77 (MB).
    Completing 50% with 453 violations.
    elapsed time = 00:00:17, memory = 5907.77 (MB).
    Completing 60% with 333 violations.
    elapsed time = 00:00:17, memory = 5907.77 (MB).
    Completing 70% with 333 violations.
    elapsed time = 00:00:19, memory = 5907.77 (MB).
    Completing 80% with 208 violations.
    elapsed time = 00:00:32, memory = 5907.77 (MB).
    Completing 90% with 208 violations.
    elapsed time = 00:00:32, memory = 5907.77 (MB).
    Completing 100% with 93 violations.
    elapsed time = 00:00:37, memory = 5907.77 (MB).
[INFO DRT-0199]   Number of violations = 93.
Viol/Layer        met1   met2
Metal Spacing       11      8
Short               63     11
[INFO DRT-0267] cpu time = 00:02:48, elapsed time = 00:00:37, memory = 5907.77 (MB), peak = 6248.61 (MB)
Total wire length = 1689572 um.
Total wire length on LAYER li1 = 0 um.
Total wire length on LAYER met1 = 521562 um.
Total wire length on LAYER met2 = 580259 um.
Total wire length on LAYER met3 = 340100 um.
Total wire length on LAYER met4 = 238495 um.
Total wire length on LAYER met5 = 9155 um.
Total number of vias = 230574.
Up-via summary (total 230574):

-------------------------
 FR_MASTERSLICE         0
            li1     72875
           met1    115200
           met2     31482
           met3     10815
           met4       202
-------------------------
               230574


[INFO DRT-0195] Start 4th guides tiles iteration.
    Completing 10% with 93 violations.
    elapsed time = 00:00:00, memory = 5907.77 (MB).
    Completing 20% with 93 violations.
    elapsed time = 00:00:00, memory = 5907.77 (MB).
    Completing 30% with 93 violations.
    elapsed time = 00:00:00, memory = 5907.77 (MB).
    Completing 40% with 93 violations.
    elapsed time = 00:00:04, memory = 5907.77 (MB).
    Completing 50% with 26 violations.
    elapsed time = 00:00:04, memory = 5907.77 (MB).
    Completing 60% with 26 violations.
    elapsed time = 00:00:04, memory = 5907.77 (MB).
    Completing 70% with 26 violations.
    elapsed time = 00:00:04, memory = 5907.77 (MB).
    Completing 80% with 26 violations.
    elapsed time = 00:00:04, memory = 5907.77 (MB).
    Completing 90% with 26 violations.
    elapsed time = 00:00:07, memory = 5907.77 (MB).
    Completing 100% with 22 violations.
    elapsed time = 00:00:07, memory = 5907.77 (MB).
[INFO DRT-0199]   Number of violations = 22.
Viol/Layer        met1   met2
Metal Spacing        2      0
Short               19      1
[INFO DRT-0267] cpu time = 00:00:14, elapsed time = 00:00:07, memory = 5907.77 (MB), peak = 6248.61 (MB)
Total wire length = 1689540 um.
Total wire length on LAYER li1 = 0 um.
Total wire length on LAYER met1 = 521457 um.
Total wire length on LAYER met2 = 580209 um.
Total wire length on LAYER met3 = 340211 um.
Total wire length on LAYER met4 = 238507 um.
Total wire length on LAYER met5 = 9155 um.
Total number of vias = 230561.
Up-via summary (total 230561):

-------------------------
 FR_MASTERSLICE         0
            li1     72875
           met1    115195
           met2     31480
           met3     10809
           met4       202
-------------------------
               230561


[INFO DRT-0195] Start 5th guides tiles iteration.
    Completing 10% with 22 violations.
    elapsed time = 00:00:00, memory = 5907.77 (MB).
    Completing 30% with 22 violations.
    elapsed time = 00:00:00, memory = 5907.77 (MB).
    Completing 50% with 22 violations.
    elapsed time = 00:00:00, memory = 5907.77 (MB).
    Completing 60% with 11 violations.
    elapsed time = 00:00:00, memory = 5907.77 (MB).
    Completing 80% with 11 violations.
    elapsed time = 00:00:01, memory = 5907.77 (MB).
    Completing 100% with 9 violations.
    elapsed time = 00:00:03, memory = 5907.77 (MB).
[INFO DRT-0199]   Number of violations = 9.
Viol/Layer        met1
Short                9
[INFO DRT-0267] cpu time = 00:00:06, elapsed time = 00:00:03, memory = 5907.77 (MB), peak = 6248.61 (MB)
Total wire length = 1689535 um.
Total wire length on LAYER li1 = 0 um.
Total wire length on LAYER met1 = 521423 um.
Total wire length on LAYER met2 = 580206 um.
Total wire length on LAYER met3 = 340242 um.
Total wire length on LAYER met4 = 238507 um.
Total wire length on LAYER met5 = 9155 um.
Total number of vias = 230561.
Up-via summary (total 230561):

-------------------------
 FR_MASTERSLICE         0
            li1     72875
           met1    115196
           met2     31480
           met3     10808
           met4       202
-------------------------
               230561


[INFO DRT-0195] Start 6th guides tiles iteration.
    Completing 30% with 9 violations.
    elapsed time = 00:00:00, memory = 5907.77 (MB).
    Completing 60% with 9 violations.
    elapsed time = 00:00:00, memory = 5907.77 (MB).
    Completing 100% with 9 violations.
    elapsed time = 00:00:03, memory = 5907.77 (MB).
[INFO DRT-0199]   Number of violations = 9.
Viol/Layer        met1
Short                9
[INFO DRT-0267] cpu time = 00:00:04, elapsed time = 00:00:03, memory = 5907.77 (MB), peak = 6248.61 (MB)
Total wire length = 1689535 um.
Total wire length on LAYER li1 = 0 um.
Total wire length on LAYER met1 = 521423 um.
Total wire length on LAYER met2 = 580206 um.
Total wire length on LAYER met3 = 340242 um.
Total wire length on LAYER met4 = 238507 um.
Total wire length on LAYER met5 = 9155 um.
Total number of vias = 230561.
Up-via summary (total 230561):

-------------------------
 FR_MASTERSLICE         0
            li1     72875
           met1    115196
           met2     31480
           met3     10808
           met4       202
-------------------------
               230561


[INFO DRT-0195] Start 7th stubborn tiles iteration.
    Completing 10% with 9 violations.
    elapsed time = 00:00:26, memory = 5951.51 (MB).
    Completing 20% with 9 violations.
    elapsed time = 00:00:39, memory = 5948.51 (MB).
    Completing 30% with 9 violations.
    elapsed time = 00:00:49, memory = 5948.51 (MB).
    Completing 40% with 9 violations.
    elapsed time = 00:01:00, memory = 5948.51 (MB).
    Completing 50% with 9 violations.
    elapsed time = 00:01:17, memory = 5907.77 (MB).
    Completing 60% with 7 violations.
    elapsed time = 00:01:21, memory = 5907.77 (MB).
    Completing 70% with 7 violations.
    elapsed time = 00:01:24, memory = 5907.77 (MB).
    Completing 80% with 7 violations.
    elapsed time = 00:01:28, memory = 5907.77 (MB).
    Completing 90% with 7 violations.
    elapsed time = 00:01:32, memory = 5907.77 (MB).
    Completing 100% with 0 violations.
    elapsed time = 00:01:42, memory = 5907.77 (MB).
[INFO DRT-0199]   Number of violations = 0.
[INFO DRT-0267] cpu time = 00:17:07, elapsed time = 00:01:42, memory = 5907.77 (MB), peak = 6248.61 (MB)
Total wire length = 1689501 um.
Total wire length on LAYER li1 = 0 um.
Total wire length on LAYER met1 = 521387 um.
Total wire length on LAYER met2 = 580198 um.
Total wire length on LAYER met3 = 340230 um.
Total wire length on LAYER met4 = 238529 um.
Total wire length on LAYER met5 = 9155 um.
Total number of vias = 230569.
Up-via summary (total 230569):

-------------------------
 FR_MASTERSLICE         0
            li1     72875
           met1    115200
           met2     31476
           met3     10816
           met4       202
-------------------------
               230569


[INFO DRT-0198] Complete detail routing.
Total wire length = 1689501 um.
Total wire length on LAYER li1 = 0 um.
Total wire length on LAYER met1 = 521387 um.
Total wire length on LAYER met2 = 580198 um.
Total wire length on LAYER met3 = 340230 um.
Total wire length on LAYER met4 = 238529 um.
Total wire length on LAYER met5 = 9155 um.
Total number of vias = 230569.
Up-via summary (total 230569):

-------------------------
 FR_MASTERSLICE         0
            li1     72875
           met1    115200
           met2     31476
           met3     10816
           met4       202
-------------------------
               230569


[INFO DRT-0267] cpu time = 00:29:37, elapsed time = 00:03:34, memory = 5907.77 (MB), peak = 6248.61 (MB)

[INFO DRT-0180] Post processing.
[INFO DRT-0501] Runtime: 257.92s
[INFO ANT-0002] Found 1 net violations.
[INFO ANT-0001] Found 1 pin violations.
[INFO GRT-0012] Found 1 antenna violations.
[INFO DPL-0006] Core area: 449380.99 um^2
[INFO DPL-0007] Movable instances area: 0.00 um^2
[INFO DPL-0008] Fixed instances area within core: 231333.12 um^2
[INFO DPL-0009] Utilization: 51.5%
[INFO DPL-0005] Diamond search max displacement: +/- 500 sites horizontally, +/- 100 rows vertically.
[INFO DPL-1102] Legalizing using negotiation legalizer.
[INFO DPL-1103] Negotiation base search window: +/-20 sites horizontally, +/-5 rows vertically 
	Automatic search window extension enabled.
	Search window extendable up to the max displacement cap of +/-500 sites, +/-100 rows near walls.
[INFO DPL-1104] NegotiationLegalizer DRC penalty: 5.
[INFO DPL-0392] Negotiation cell height distribution (1 unique row-count(s)):
[INFO DPL-0393]   height 1 row(s): 26178 cells
[INFO DPL-0500] Runtime: 0.21s
[INFO GRT-0015] Inserted 1 diodes.
[WARNING DRT-0120] Large net net1900 has 171 pins which may impact routing performance. Consider optimization.
[WARNING DRT-0120] Large net net1885 has 110 pins which may impact routing performance. Consider optimization.
[WARNING DRT-0120] Large net net1867 has 102 pins which may impact routing performance. Consider optimization.
[WARNING DRT-0120] Large net net1532 has 149 pins which may impact routing performance. Consider optimization.
[WARNING DRT-0120] Large net net1531 has 151 pins which may impact routing performance. Consider optimization.
[WARNING DRT-0120] Large net net1527 has 119 pins which may impact routing performance. Consider optimization.
[WARNING DRT-0120] Large net net1520 has 167 pins which may impact routing performance. Consider optimization.
[WARNING DRT-0120] Large net net1519 has 120 pins which may impact routing performance. Consider optimization.
[WARNING DRT-0120] Large net net1516 has 160 pins which may impact routing performance. Consider optimization.
[WARNING DRT-0120] Large net net1515 has 114 pins which may impact routing performance. Consider optimization.
[WARNING DRT-0120] Large net net1860 has 103 pins which may impact routing performance. Consider optimization.
[WARNING DRT-0120] Large net net71 has 169 pins which may impact routing performance. Consider optimization.
[INFO DRT-0024]   Complete FR_MASTERSLICE.
[INFO DRT-0024]   Complete Fr_VIA.
[INFO DRT-0024]   Complete li1.
[INFO DRT-0024]   Complete mcon.
[INFO DRT-0024]   Complete met1.
[INFO DRT-0024]   Complete via.
[INFO DRT-0024]   Complete met2.
[INFO DRT-0024]   Complete via2.
[INFO DRT-0024]   Complete met3.
[INFO DRT-0024]   Complete via3.
[INFO DRT-0024]   Complete met4.
[INFO DRT-0024]   Complete via4.
[INFO DRT-0024]   Complete met5.
[INFO DRT-0165] Start pin access.
[INFO DRT-0076]   Complete 1000 pins.
[INFO DRT-0078]   Complete 1354 pins.
[INFO DRT-0079]   Complete 100 unique inst patterns.
[INFO DRT-0081]   Complete 175 unique inst patterns.
[INFO DRT-0082]   Complete 10000 groups.
[INFO DRT-0084]   Complete 14505 groups.
#scanned instances     = 26178
#unique  instances     = 175
#stdCellGenAp          = 5770
#stdCellValidPlanarAp  = 105
#stdCellValidViaAp     = 3995
#stdCellPinNoAp        = 0
#stdCellPinCnt         = 74917
#instTermValidViaApCnt = 0
#macroGenAp            = 0
#macroValidPlanarAp    = 0
#macroValidViaAp       = 0
#macroNoAp             = 0
[INFO DRT-0166] Complete pin access.
[INFO DRT-0267] cpu time = 00:07:19, elapsed time = 00:00:39, memory = 5894.99 (MB), peak = 6248.61 (MB)
[INFO DRT-0156] guideIn read 100000 guides.
[INFO DRT-0156] guideIn read 200000 guides.

[INFO DRT-0157] Number of guides:     213359

[INFO DRT-0169] Post process guides.
[INFO DRT-0176] GCELLGRID X 0 DO 97 STEP 6900 ;
[INFO DRT-0177] GCELLGRID Y 0 DO 97 STEP 6900 ;
[INFO DRT-0026]   Complete 100000 origin guides.
[INFO DRT-0026]   Complete 200000 origin guides.
[INFO DRT-0028]   Complete FR_MASTERSLICE.
[INFO DRT-0028]   Complete Fr_VIA.
[INFO DRT-0028]   Complete li1.
[INFO DRT-0028]   Complete mcon.
[INFO DRT-0028]   Complete met1.
[INFO DRT-0028]   Complete via.
[INFO DRT-0028]   Complete met2.
[INFO DRT-0028]   Complete via2.
[INFO DRT-0028]   Complete met3.
[INFO DRT-0028]   Complete via3.
[INFO DRT-0028]   Complete met4.
[INFO DRT-0028]   Complete via4.
[INFO DRT-0028]   Complete met5.
[INFO DRT-0178] Init guide query.
[INFO DRT-0035]   Complete FR_MASTERSLICE (guide).
[INFO DRT-0035]   Complete Fr_VIA (guide).
[INFO DRT-0035]   Complete li1 (guide).
[INFO DRT-0035]   Complete mcon (guide).
[INFO DRT-0035]   Complete met1 (guide).
[INFO DRT-0035]   Complete via (guide).
[INFO DRT-0035]   Complete met2 (guide).
[INFO DRT-0035]   Complete via2 (guide).
[INFO DRT-0035]   Complete met3 (guide).
[INFO DRT-0035]   Complete via3 (guide).
[INFO DRT-0035]   Complete met4 (guide).
[INFO DRT-0035]   Complete via4 (guide).
[INFO DRT-0035]   Complete met5 (guide).
[INFO DRT-0036] FR_MASTERSLICE guide region query size = 0.
[INFO DRT-0036] FR_VIA guide region query size = 0.
[INFO DRT-0036] li1 guide region query size = 62526.
[INFO DRT-0036] mcon guide region query size = 0.
[INFO DRT-0036] met1 guide region query size = 62031.
[INFO DRT-0036] via guide region query size = 0.
[INFO DRT-0036] met2 guide region query size = 35242.
[INFO DRT-0036] via2 guide region query size = 0.
[INFO DRT-0036] met3 guide region query size = 5803.
[INFO DRT-0036] via3 guide region query size = 0.
[INFO DRT-0036] met4 guide region query size = 2558.
[INFO DRT-0036] via4 guide region query size = 0.
[INFO DRT-0036] met5 guide region query size = 158.
[INFO DRT-0179] Init gr pin query.
[INFO DRT-0267] cpu time = 00:00:01, elapsed time = 00:00:00, memory = 5894.99 (MB), peak = 6248.61 (MB)
[INFO DRT-0245] skipped writing guide updates to database.
[INFO DRT-0181] Start track assignment.
[INFO DRT-0184] Done with 100326 vertical wires in 2 frboxes and 67992 horizontal wires in 2 frboxes.
[INFO DRT-0186] Done with 21700 vertical wires in 2 frboxes and 33168 horizontal wires in 2 frboxes.
[INFO DRT-0182] Complete track assignment.
[INFO DRT-0267] cpu time = 00:00:14, elapsed time = 00:00:07, memory = 5894.99 (MB), peak = 6248.61 (MB)
[INFO DRT-0187] Start routing data preparation.
[INFO DRT-0267] cpu time = 00:00:00, elapsed time = 00:00:00, memory = 5894.99 (MB), peak = 6248.61 (MB)
[INFO DRT-0194] Start detail routing.
[INFO DRT-0195] Start 0th optimization iteration.
    Completing 10% with 0 violations.
    elapsed time = 00:00:03, memory = 5895.02 (MB).
    Completing 20% with 0 violations.
    elapsed time = 00:00:04, memory = 5895.02 (MB).
    Completing 30% with 99 violations.
    elapsed time = 00:00:07, memory = 5933.59 (MB).
    Completing 40% with 99 violations.
    elapsed time = 00:00:08, memory = 5895.02 (MB).
    Completing 50% with 99 violations.
    elapsed time = 00:00:10, memory = 5895.02 (MB).
    Completing 60% with 213 violations.
    elapsed time = 00:00:13, memory = 5932.79 (MB).
    Completing 70% with 213 violations.
    elapsed time = 00:00:15, memory = 5895.02 (MB).
    Completing 80% with 451 violations.
    elapsed time = 00:00:17, memory = 5895.02 (MB).
    Completing 90% with 451 violations.
    elapsed time = 00:00:19, memory = 5935.37 (MB).
    Completing 100% with 694 violations.
    elapsed time = 00:00:21, memory = 5895.02 (MB).
[INFO DRT-0199]   Number of violations = 710.
Viol/Layer        met1    via   met2
Metal Spacing       14      0     48
Recheck              5      0     11
Short              326      2    304
[INFO DRT-0267] cpu time = 00:03:39, elapsed time = 00:00:21, memory = 5895.02 (MB), peak = 6248.61 (MB)
Total wire length = 1689631 um.
Total wire length on LAYER li1 = 0 um.
Total wire length on LAYER met1 = 521781 um.
Total wire length on LAYER met2 = 580692 um.
Total wire length on LAYER met3 = 339822 um.
Total wire length on LAYER met4 = 238179 um.
Total wire length on LAYER met5 = 9155 um.
Total number of vias = 230430.
Up-via summary (total 230430):

-------------------------
 FR_MASTERSLICE         0
            li1     72877
           met1    115164
           met2     31402
           met3     10785
           met4       202
-------------------------
               230430


[INFO DRT-0195] Start 1st optimization iteration.
    Completing 10% with 710 violations.
    elapsed time = 00:00:01, memory = 5935.75 (MB).
    Completing 20% with 710 violations.
    elapsed time = 00:00:03, memory = 5936.38 (MB).
    Completing 30% with 683 violations.
    elapsed time = 00:00:05, memory = 5895.02 (MB).
    Completing 40% with 683 violations.
    elapsed time = 00:00:07, memory = 5895.02 (MB).
    Completing 50% with 683 violations.
    elapsed time = 00:00:09, memory = 5942.79 (MB).
    Completing 60% with 679 violations.
    elapsed time = 00:00:12, memory = 5895.02 (MB).
    Completing 70% with 679 violations.
    elapsed time = 00:00:14, memory = 5933.43 (MB).
    Completing 80% with 659 violations.
    elapsed time = 00:00:17, memory = 5895.02 (MB).
    Completing 90% with 659 violations.
    elapsed time = 00:00:19, memory = 5932.63 (MB).
    Completing 100% with 694 violations.
    elapsed time = 00:00:22, memory = 5895.02 (MB).
[INFO DRT-0199]   Number of violations = 694.
Viol/Layer        met1   met2
Metal Spacing       31     80
Short              336    247
[INFO DRT-0267] cpu time = 00:03:47, elapsed time = 00:00:22, memory = 5895.02 (MB), peak = 6248.61 (MB)
Total wire length = 1689652 um.
Total wire length on LAYER li1 = 0 um.
Total wire length on LAYER met1 = 521796 um.
Total wire length on LAYER met2 = 580699 um.
Total wire length on LAYER met3 = 339822 um.
Total wire length on LAYER met4 = 238179 um.
Total wire length on LAYER met5 = 9155 um.
Total number of vias = 230433.
Up-via summary (total 230433):

-------------------------
 FR_MASTERSLICE         0
            li1     72876
           met1    115168
           met2     31402
           met3     10785
           met4       202
-------------------------
               230433


[INFO DRT-0195] Start 2nd optimization iteration.
    Completing 10% with 694 violations.
    elapsed time = 00:00:00, memory = 5895.02 (MB).
    Completing 20% with 694 violations.
    elapsed time = 00:00:00, memory = 5895.02 (MB).
    Completing 30% with 687 violations.
    elapsed time = 00:00:01, memory = 5895.02 (MB).
    Completing 40% with 687 violations.
    elapsed time = 00:00:01, memory = 5895.02 (MB).
    Completing 50% with 687 violations.
    elapsed time = 00:00:02, memory = 5895.02 (MB).
    Completing 60% with 695 violations.
    elapsed time = 00:00:02, memory = 5895.02 (MB).
    Completing 70% with 695 violations.
    elapsed time = 00:00:03, memory = 5895.02 (MB).
    Completing 80% with 695 violations.
    elapsed time = 00:00:04, memory = 5895.02 (MB).
    Completing 90% with 695 violations.
    elapsed time = 00:00:05, memory = 5895.02 (MB).
    Completing 100% with 687 violations.
    elapsed time = 00:00:06, memory = 5895.02 (MB).
[INFO DRT-0199]   Number of violations = 687.
Viol/Layer        met1   met2
Metal Spacing       49     68
Short              318    252
[INFO DRT-0267] cpu time = 00:00:52, elapsed time = 00:00:06, memory = 5895.02 (MB), peak = 6248.61 (MB)
Total wire length = 1689631 um.
Total wire length on LAYER li1 = 0 um.
Total wire length on LAYER met1 = 521779 um.
Total wire length on LAYER met2 = 580694 um.
Total wire length on LAYER met3 = 339822 um.
Total wire length on LAYER met4 = 238179 um.
Total wire length on LAYER met5 = 9155 um.
Total number of vias = 230433.
Up-via summary (total 230433):

-------------------------
 FR_MASTERSLICE         0
            li1     72876
           met1    115168
           met2     31402
           met3     10785
           met4       202
-------------------------
               230433


[INFO DRT-0195] Start 3rd optimization iteration.
    Completing 10% with 687 violations.
    elapsed time = 00:00:00, memory = 5895.02 (MB).
    Completing 20% with 687 violations.
    elapsed time = 00:00:00, memory = 5895.02 (MB).
    Completing 30% with 600 violations.
    elapsed time = 00:00:01, memory = 5895.02 (MB).
    Completing 40% with 600 violations.
    elapsed time = 00:00:01, memory = 5895.02 (MB).
    Completing 50% with 600 violations.
    elapsed time = 00:00:06, memory = 5895.02 (MB).
    Completing 60% with 518 violations.
    elapsed time = 00:00:06, memory = 5895.02 (MB).
    Completing 70% with 518 violations.
    elapsed time = 00:00:07, memory = 5895.02 (MB).
    Completing 80% with 409 violations.
    elapsed time = 00:00:29, memory = 5895.02 (MB).
    Completing 90% with 409 violations.
    elapsed time = 00:00:30, memory = 5936.50 (MB).
    Completing 100% with 261 violations.
    elapsed time = 00:00:49, memory = 5895.02 (MB).
[INFO DRT-0199]   Number of violations = 261.
Viol/Layer        mcon   met1   met2   met3
Cut Spacing          1      0      0      0
Metal Spacing        0     52     30      0
Short                0    127     49      2
[INFO DRT-0267] cpu time = 00:04:16, elapsed time = 00:00:50, memory = 5895.02 (MB), peak = 6248.61 (MB)
Total wire length = 1689820 um.
Total wire length on LAYER li1 = 0 um.
Total wire length on LAYER met1 = 521460 um.
Total wire length on LAYER met2 = 580163 um.
Total wire length on LAYER met3 = 340307 um.
Total wire length on LAYER met4 = 238734 um.
Total wire length on LAYER met5 = 9155 um.
Total number of vias = 230619.
Up-via summary (total 230619):

-------------------------
 FR_MASTERSLICE         0
            li1     72882
           met1    115220
           met2     31490
           met3     10825
           met4       202
-------------------------
               230619


[INFO DRT-0195] Start 4th optimization iteration.
    Completing 10% with 261 violations.
    elapsed time = 00:00:00, memory = 5895.02 (MB).
    Completing 20% with 261 violations.
    elapsed time = 00:00:00, memory = 5895.02 (MB).
    Completing 30% with 258 violations.
    elapsed time = 00:00:02, memory = 5895.02 (MB).
    Completing 40% with 258 violations.
    elapsed time = 00:00:02, memory = 5895.02 (MB).
    Completing 50% with 258 violations.
    elapsed time = 00:00:08, memory = 5895.02 (MB).
    Completing 60% with 232 violations.
    elapsed time = 00:00:08, memory = 5895.02 (MB).
    Completing 70% with 232 violations.
    elapsed time = 00:00:08, memory = 5895.02 (MB).
    Completing 80% with 124 violations.
    elapsed time = 00:00:13, memory = 5895.02 (MB).
    Completing 90% with 124 violations.
    elapsed time = 00:00:13, memory = 5895.02 (MB).
    Completing 100% with 70 violations.
    elapsed time = 00:00:21, memory = 5895.02 (MB).
[INFO DRT-0199]   Number of violations = 70.
Viol/Layer        met1   met2
Metal Spacing       12     14
Short               40      4
[INFO DRT-0267] cpu time = 00:00:54, elapsed time = 00:00:21, memory = 5895.02 (MB), peak = 6248.61 (MB)
Total wire length = 1689848 um.
Total wire length on LAYER li1 = 0 um.
Total wire length on LAYER met1 = 521278 um.
Total wire length on LAYER met2 = 580050 um.
Total wire length on LAYER met3 = 340474 um.
Total wire length on LAYER met4 = 238889 um.
Total wire length on LAYER met5 = 9155 um.
Total number of vias = 230617.
Up-via summary (total 230617):

-------------------------
 FR_MASTERSLICE         0
            li1     72882
           met1    115182
           met2     31511
           met3     10840
           met4       202
-------------------------
               230617


[INFO DRT-0195] Start 5th guides tiles iteration.
    Completing 10% with 70 violations.
    elapsed time = 00:00:00, memory = 5895.02 (MB).
    Completing 20% with 70 violations.
    elapsed time = 00:00:02, memory = 5977.70 (MB).
    Completing 30% with 70 violations.
    elapsed time = 00:00:02, memory = 5977.70 (MB).
    Completing 50% with 70 violations.
    elapsed time = 00:00:07, memory = 5895.02 (MB).
    Completing 60% with 65 violations.
    elapsed time = 00:00:07, memory = 5895.02 (MB).
    Completing 70% with 65 violations.
    elapsed time = 00:00:08, memory = 5895.02 (MB).
    Completing 80% with 65 violations.
    elapsed time = 00:00:10, memory = 5895.02 (MB).
    Completing 100% with 64 violations.
    elapsed time = 00:00:11, memory = 5895.02 (MB).
[INFO DRT-0199]   Number of violations = 64.
Viol/Layer        met1   met2
Metal Spacing        4     13
Short               42      5
[INFO DRT-0267] cpu time = 00:00:20, elapsed time = 00:00:11, memory = 5895.02 (MB), peak = 6248.61 (MB)
Total wire length = 1689857 um.
Total wire length on LAYER li1 = 0 um.
Total wire length on LAYER met1 = 521277 um.
Total wire length on LAYER met2 = 580052 um.
Total wire length on LAYER met3 = 340483 um.
Total wire length on LAYER met4 = 238889 um.
Total wire length on LAYER met5 = 9155 um.
Total number of vias = 230624.
Up-via summary (total 230624):

-------------------------
 FR_MASTERSLICE         0
            li1     72882
           met1    115184
           met2     31516
           met3     10840
           met4       202
-------------------------
               230624


[INFO DRT-0195] Start 6th guides tiles iteration.
    Completing 10% with 64 violations.
    elapsed time = 00:00:02, memory = 5977.73 (MB).
    Completing 30% with 64 violations.
    elapsed time = 00:00:02, memory = 5977.73 (MB).
    Completing 50% with 64 violations.
    elapsed time = 00:00:06, memory = 5895.02 (MB).
    Completing 60% with 64 violations.
    elapsed time = 00:00:07, memory = 5895.02 (MB).
    Completing 80% with 64 violations.
    elapsed time = 00:00:08, memory = 5895.02 (MB).
    Completing 100% with 58 violations.
    elapsed time = 00:00:09, memory = 5895.02 (MB).
[INFO DRT-0199]   Number of violations = 58.
Viol/Layer        met1   met2
Metal Spacing        5     10
Short               40      3
[INFO DRT-0267] cpu time = 00:00:19, elapsed time = 00:00:09, memory = 5895.02 (MB), peak = 6248.61 (MB)
Total wire length = 1689855 um.
Total wire length on LAYER li1 = 0 um.
Total wire length on LAYER met1 = 521273 um.
Total wire length on LAYER met2 = 580047 um.
Total wire length on LAYER met3 = 340475 um.
Total wire length on LAYER met4 = 238903 um.
Total wire length on LAYER met5 = 9155 um.
Total number of vias = 230629.
Up-via summary (total 230629):

-------------------------
 FR_MASTERSLICE         0
            li1     72882
           met1    115192
           met2     31513
           met3     10840
           met4       202
-------------------------
               230629


[INFO DRT-0195] Start 7th guides tiles iteration.
    Completing 10% with 58 violations.
    elapsed time = 00:00:02, memory = 5977.66 (MB).
    Completing 30% with 58 violations.
    elapsed time = 00:00:03, memory = 5977.66 (MB).
    Completing 50% with 58 violations.
    elapsed time = 00:00:06, memory = 5895.02 (MB).
    Completing 60% with 51 violations.
    elapsed time = 00:00:06, memory = 5895.02 (MB).
    Completing 80% with 51 violations.
    elapsed time = 00:00:08, memory = 5895.02 (MB).
    Completing 100% with 51 violations.
    elapsed time = 00:00:09, memory = 5895.02 (MB).
[INFO DRT-0199]   Number of violations = 51.
Viol/Layer        met1   met2
Metal Spacing        4     10
Short               34      3
[INFO DRT-0267] cpu time = 00:00:18, elapsed time = 00:00:09, memory = 5895.02 (MB), peak = 6248.61 (MB)
Total wire length = 1689834 um.
Total wire length on LAYER li1 = 0 um.
Total wire length on LAYER met1 = 521173 um.
Total wire length on LAYER met2 = 580026 um.
Total wire length on LAYER met3 = 340413 um.
Total wire length on LAYER met4 = 238930 um.
Total wire length on LAYER met5 = 9290 um.
Total number of vias = 230596.
Up-via summary (total 230596):

-------------------------
 FR_MASTERSLICE         0
            li1     72883
           met1    115163
           met2     31502
           met3     10844
           met4       204
-------------------------
               230596


[INFO DRT-0195] Start 8th guides tiles iteration.
    Completing 10% with 51 violations.
    elapsed time = 00:00:01, memory = 5895.02 (MB).
    Completing 30% with 51 violations.
    elapsed time = 00:00:02, memory = 5895.02 (MB).
    Completing 50% with 51 violations.
    elapsed time = 00:00:02, memory = 5895.02 (MB).
    Completing 60% with 51 violations.
    elapsed time = 00:00:02, memory = 5895.02 (MB).
    Completing 80% with 51 violations.
    elapsed time = 00:00:04, memory = 5895.02 (MB).
    Completing 100% with 48 violations.
    elapsed time = 00:00:05, memory = 5895.02 (MB).
[INFO DRT-0199]   Number of violations = 48.
Viol/Layer        met1   met2
Metal Spacing        4     10
Short               31      3
[INFO DRT-0267] cpu time = 00:00:13, elapsed time = 00:00:05, memory = 5895.02 (MB), peak = 6248.61 (MB)
Total wire length = 1689832 um.
Total wire length on LAYER li1 = 0 um.
Total wire length on LAYER met1 = 521171 um.
Total wire length on LAYER met2 = 580021 um.
Total wire length on LAYER met3 = 340413 um.
Total wire length on LAYER met4 = 238935 um.
Total wire length on LAYER met5 = 9290 um.
Total number of vias = 230597.
Up-via summary (total 230597):

-------------------------
 FR_MASTERSLICE         0
            li1     72883
           met1    115164
           met2     31502
           met3     10844
           met4       204
-------------------------
               230597


[INFO DRT-0195] Start 9th guides tiles iteration.
    Completing 20% with 48 violations.
    elapsed time = 00:00:01, memory = 5895.02 (MB).
    Completing 40% with 48 violations.
    elapsed time = 00:00:02, memory = 5895.02 (MB).
    Completing 60% with 48 violations.
    elapsed time = 00:00:02, memory = 5895.02 (MB).
    Completing 80% with 46 violations.
    elapsed time = 00:00:05, memory = 5895.02 (MB).
    Completing 100% with 46 violations.
    elapsed time = 00:00:06, memory = 5895.02 (MB).
[INFO DRT-0199]   Number of violations = 46.
Viol/Layer        met1   met2
Metal Spacing        4     10
Short               29      3
[INFO DRT-0267] cpu time = 00:00:12, elapsed time = 00:00:06, memory = 5895.02 (MB), peak = 6248.61 (MB)
Total wire length = 1689835 um.
Total wire length on LAYER li1 = 0 um.
Total wire length on LAYER met1 = 521167 um.
Total wire length on LAYER met2 = 580025 um.
Total wire length on LAYER met3 = 340416 um.
Total wire length on LAYER met4 = 238935 um.
Total wire length on LAYER met5 = 9290 um.
Total number of vias = 230599.
Up-via summary (total 230599):

-------------------------
 FR_MASTERSLICE         0
            li1     72883
           met1    115166
           met2     31502
           met3     10844
           met4       204
-------------------------
               230599


[INFO DRT-0195] Start 10th guides tiles iteration.
    Completing 20% with 46 violations.
    elapsed time = 00:00:00, memory = 5895.02 (MB).
    Completing 50% with 46 violations.
    elapsed time = 00:00:01, memory = 5895.02 (MB).
    Completing 70% with 26 violations.
    elapsed time = 00:00:01, memory = 5895.02 (MB).
    Completing 100% with 26 violations.
    elapsed time = 00:00:01, memory = 5895.02 (MB).
[INFO DRT-0199]   Number of violations = 26.
Viol/Layer        met1   met2
Metal Spacing        7      3
Short                8      8
[INFO DRT-0267] cpu time = 00:00:04, elapsed time = 00:00:02, memory = 5895.02 (MB), peak = 6248.61 (MB)
Total wire length = 1689832 um.
Total wire length on LAYER li1 = 0 um.
Total wire length on LAYER met1 = 521148 um.
Total wire length on LAYER met2 = 580027 um.
Total wire length on LAYER met3 = 340424 um.
Total wire length on LAYER met4 = 238941 um.
Total wire length on LAYER met5 = 9290 um.
Total number of vias = 230606.
Up-via summary (total 230606):

-------------------------
 FR_MASTERSLICE         0
            li1     72883
           met1    115167
           met2     31506
           met3     10846
           met4       204
-------------------------
               230606


[INFO DRT-0195] Start 11th guides tiles iteration.
    Completing 50% with 26 violations.
    elapsed time = 00:00:01, memory = 5895.02 (MB).
    Completing 100% with 0 violations.
    elapsed time = 00:00:02, memory = 5895.02 (MB).
[INFO DRT-0199]   Number of violations = 0.
[INFO DRT-0267] cpu time = 00:00:02, elapsed time = 00:00:02, memory = 5895.02 (MB), peak = 6248.61 (MB)
Total wire length = 1689831 um.
Total wire length on LAYER li1 = 0 um.
Total wire length on LAYER met1 = 521058 um.
Total wire length on LAYER met2 = 580020 um.
Total wire length on LAYER met3 = 340522 um.
Total wire length on LAYER met4 = 238941 um.
Total wire length on LAYER met5 = 9290 um.
Total number of vias = 230605.
Up-via summary (total 230605):

-------------------------
 FR_MASTERSLICE         0
            li1     72883
           met1    115166
           met2     31506
           met3     10846
           met4       204
-------------------------
               230605


[INFO DRT-0198] Complete detail routing.
Total wire length = 1689831 um.
Total wire length on LAYER li1 = 0 um.
Total wire length on LAYER met1 = 521058 um.
Total wire length on LAYER met2 = 580020 um.
Total wire length on LAYER met3 = 340522 um.
Total wire length on LAYER met4 = 238941 um.
Total wire length on LAYER met5 = 9290 um.
Total number of vias = 230605.
Up-via summary (total 230605):

-------------------------
 FR_MASTERSLICE         0
            li1     72883
           met1    115166
           met2     31506
           met3     10846
           met4       204
-------------------------
               230605


[INFO DRT-0267] cpu time = 00:15:01, elapsed time = 00:02:51, memory = 5895.02 (MB), peak = 6248.61 (MB)

[INFO DRT-0180] Post processing.
[INFO DRT-0501] Runtime: 215.29s
[INFO ANT-0002] Found 0 net violations.
[INFO ANT-0001] Found 0 pin violations.
[INFO ANT-0002] Found 0 net violations.
[INFO ANT-0001] Found 0 pin violations.
Design area 231333 um^2 51% utilization.
write_db /root/cac_runs/keccak_s7_10ns_ant10/results/sky130hd/cac_keccak_s7_10ns/base/5_2_route.odb
Elapsed time: 2:56:19.14[h:]min:sec. CPU time: user 75452.41 sys 77.15 (713%). Peak memory: 6398580KB.
Log                       Ext     Elapsed/s Peak Memory/MB sha1sum result [0:20)
5_2_route                 .odb        10579           6248 b175439500deb7e31bc8
