OpenROAD f552262465b0bfef8f097e258f94bc501d01e19d 
Features included (+) or not (-): +GPU +GUI +Python
This program is licensed under the BSD-3 license. See the LICENSE file for details.
Components of this program may be licensed under more restrictive licenses which must be honored.
[INFO ORD-0030] Using 12 thread(s).
read_liberty /opt/eda/orfs-6101364b/flow/platforms/sky130hd/lib/sky130_fd_sc_hd__tt_025C_1v80.lib
read_db /root/cac_runs/ntt_dp_15ns/results/sky130hd/cac_ntt_dp_15ns/base/5_1_grt.odb
read_sdc /root/cac_runs/ntt_dp_15ns/results/sky130hd/cac_ntt_dp_15ns/base/5_1_grt.sdc
source /opt/eda/orfs-6101364b/flow/platforms/sky130hd/setRC.tcl
detailed_route -output_drc /root/cac_runs/ntt_dp_15ns/reports/sky130hd/cac_ntt_dp_15ns/base/5_route_drc.rpt -output_maze /root/cac_runs/ntt_dp_15ns/results/sky130hd/cac_ntt_dp_15ns/base/maze.log -droute_end_iter 64 -verbose 1 -drc_report_iter_step 5
[INFO DRT-0149] Reading tech and libs.
[WARNING DRT-0349] LEF58_ENCLOSURE with no CUTCLASS is not supported. Skipping for layer mcon
[WARNING DRT-0349] LEF58_ENCLOSURE with no CUTCLASS is not supported. Skipping for layer mcon
[WARNING DRT-0349] LEF58_ENCLOSURE with no CUTCLASS is not supported. Skipping for layer via
[WARNING DRT-0349] LEF58_ENCLOSURE with no CUTCLASS is not supported. Skipping for layer via
[WARNING DRT-0349] LEF58_ENCLOSURE with no CUTCLASS is not supported. Skipping for layer via2
[WARNING DRT-0349] LEF58_ENCLOSURE with no CUTCLASS is not supported. Skipping for layer via2
[WARNING DRT-0349] LEF58_ENCLOSURE with no CUTCLASS is not supported. Skipping for layer via3
[WARNING DRT-0349] LEF58_ENCLOSURE with no CUTCLASS is not supported. Skipping for layer via3
[WARNING DRT-0349] LEF58_ENCLOSURE with no CUTCLASS is not supported. Skipping for layer via4
[WARNING DRT-0349] LEF58_ENCLOSURE with no CUTCLASS is not supported. Skipping for layer via4

Units:                1000
Number of layers:     13
Number of macros:     441
Number of vias:       29
Number of viarulegen: 25

[INFO DRT-0150] Reading design.
[WARNING DRT-0120] Large net net3299 has 109 pins which may impact routing performance. Consider optimization.
[WARNING DRT-0120] Large net net3294 has 148 pins which may impact routing performance. Consider optimization.
[WARNING DRT-0120] Large net net3288 has 107 pins which may impact routing performance. Consider optimization.
[WARNING DRT-0120] Large net net3280 has 119 pins which may impact routing performance. Consider optimization.
[WARNING DRT-0120] Large net net3715 has 123 pins which may impact routing performance. Consider optimization.
[WARNING DRT-0120] Large net net3710 has 117 pins which may impact routing performance. Consider optimization.
[WARNING DRT-0120] Large net net3702 has 117 pins which may impact routing performance. Consider optimization.
[WARNING DRT-0120] Large net net3696 has 105 pins which may impact routing performance. Consider optimization.
[WARNING DRT-0120] Large net net3695 has 110 pins which may impact routing performance. Consider optimization.
[WARNING DRT-0120] Large net net3566 has 109 pins which may impact routing performance. Consider optimization.
[WARNING DRT-0120] Large net net3558 has 113 pins which may impact routing performance. Consider optimization.
[WARNING DRT-0120] Large net net3549 has 124 pins which may impact routing performance. Consider optimization.
[WARNING DRT-0120] Large net net3540 has 117 pins which may impact routing performance. Consider optimization.
[WARNING DRT-0120] Large net net3683 has 124 pins which may impact routing performance. Consider optimization.
[WARNING DRT-0120] Large net net3495 has 120 pins which may impact routing performance. Consider optimization.
[WARNING DRT-0120] Large net net3415 has 101 pins which may impact routing performance. Consider optimization.
[WARNING DRT-0120] Large net net3400 has 109 pins which may impact routing performance. Consider optimization.
[WARNING DRT-0120] Large net net3273 has 119 pins which may impact routing performance. Consider optimization.

Design:                   kyber_ntt_engine
Die area:                 ( 0 0 ) ( 757760 757760 )
Number of track patterns: 12
Number of DEF vias:       0
Number of components:     37587
Number of terminals:      57
Number of snets:          2
Number of nets:           30277

[INFO DRT-0167] List of default vias:
  Layer via
    default via: M1M2_PR
  Layer via2
    default via: M2M3_PR
  Layer via3
    default via: M3M4_PR
  Layer via4
    default via: M4M5_PR
[INFO DRT-0162] Library cell analysis.
[INFO DRT-0163] Instance analysis.
[INFO DRT-0164] Number of unique instances = 285.
[INFO DRT-0168] Init region query.
[INFO DRT-0024]   Complete FR_MASTERSLICE.
[INFO DRT-0024]   Complete Fr_VIA.
[INFO DRT-0024]   Complete li1.
[INFO DRT-0024]   Complete mcon.
[INFO DRT-0024]   Complete met1.
[INFO DRT-0024]   Complete via.
[INFO DRT-0024]   Complete met2.
[INFO DRT-0024]   Complete via2.
[INFO DRT-0024]   Complete met3.
[INFO DRT-0024]   Complete via3.
[INFO DRT-0024]   Complete met4.
[INFO DRT-0024]   Complete via4.
[INFO DRT-0024]   Complete met5.
[INFO DRT-0033] FR_MASTERSLICE shape region query size = 0.
[INFO DRT-0033] FR_VIA shape region query size = 0.
[INFO DRT-0033] li1 shape region query size = 846730.
[INFO DRT-0033] mcon shape region query size = 499962.
[INFO DRT-0033] met1 shape region query size = 141920.
[INFO DRT-0033] via shape region query size = 38225.
[INFO DRT-0033] met2 shape region query size = 22935.
[INFO DRT-0033] via2 shape region query size = 30580.
[INFO DRT-0033] met3 shape region query size = 22990.
[INFO DRT-0033] via3 shape region query size = 30580.
[INFO DRT-0033] met4 shape region query size = 9213.
[INFO DRT-0033] via4 shape region query size = 1513.
[INFO DRT-0033] met5 shape region query size = 1623.
[INFO DRT-0165] Start pin access.
[INFO DRT-0076]   Complete 1000 pins.
[INFO DRT-0076]   Complete 2000 pins.
[INFO DRT-0078]   Complete 2310 pins.
[INFO DRT-0079]   Complete 100 unique inst patterns.
[INFO DRT-0079]   Complete 200 unique inst patterns.
[INFO DRT-0081]   Complete 285 unique inst patterns.
[INFO DRT-0082]   Complete 10000 groups.
[INFO DRT-0084]   Complete 18760 groups.
#scanned instances     = 37587
#unique  instances     = 285
#stdCellGenAp          = 10490
#stdCellValidPlanarAp  = 149
#stdCellValidViaAp     = 6752
#stdCellPinNoAp        = 10
#stdCellPinCnt         = 109267
#instTermValidViaApCnt = 0
#macroGenAp            = 0
#macroValidPlanarAp    = 0
#macroValidViaAp       = 0
#macroNoAp             = 0
[INFO DRT-0166] Complete pin access.
[INFO DRT-0267] cpu time = 00:18:19, elapsed time = 00:02:54, memory = 525.62 (MB), peak = 541.34 (MB)
[INFO DRT-0156] guideIn read 100000 guides.
[INFO DRT-0156] guideIn read 200000 guides.

[INFO DRT-0157] Number of guides:     260914

[INFO DRT-0169] Post process guides.
[INFO DRT-0176] GCELLGRID X 0 DO 109 STEP 6900 ;
[INFO DRT-0177] GCELLGRID Y 0 DO 109 STEP 6900 ;
[INFO DRT-0026]   Complete 100000 origin guides.
[INFO DRT-0026]   Complete 200000 origin guides.
[INFO DRT-0028]   Complete FR_MASTERSLICE.
[INFO DRT-0028]   Complete Fr_VIA.
[INFO DRT-0028]   Complete li1.
[INFO DRT-0028]   Complete mcon.
[INFO DRT-0028]   Complete met1.
[INFO DRT-0028]   Complete via.
[INFO DRT-0028]   Complete met2.
[INFO DRT-0028]   Complete via2.
[INFO DRT-0028]   Complete met3.
[INFO DRT-0028]   Complete via3.
[INFO DRT-0028]   Complete met4.
[INFO DRT-0028]   Complete via4.
[INFO DRT-0028]   Complete met5.
[INFO DRT-0178] Init guide query.
[INFO DRT-0035]   Complete FR_MASTERSLICE (guide).
[INFO DRT-0035]   Complete Fr_VIA (guide).
[INFO DRT-0035]   Complete li1 (guide).
[INFO DRT-0035]   Complete mcon (guide).
[INFO DRT-0035]   Complete met1 (guide).
[INFO DRT-0035]   Complete via (guide).
[INFO DRT-0035]   Complete met2 (guide).
[INFO DRT-0035]   Complete via2 (guide).
[INFO DRT-0035]   Complete met3 (guide).
[INFO DRT-0035]   Complete via3 (guide).
[INFO DRT-0035]   Complete met4 (guide).
[INFO DRT-0035]   Complete via4 (guide).
[INFO DRT-0035]   Complete met5 (guide).
[INFO DRT-0036] FR_MASTERSLICE guide region query size = 0.
[INFO DRT-0036] FR_VIA guide region query size = 0.
[INFO DRT-0036] li1 guide region query size = 87256.
[INFO DRT-0036] mcon guide region query size = 0.
[INFO DRT-0036] met1 guide region query size = 74893.
[INFO DRT-0036] via guide region query size = 0.
[INFO DRT-0036] met2 guide region query size = 40212.
[INFO DRT-0036] via2 guide region query size = 0.
[INFO DRT-0036] met3 guide region query size = 5016.
[INFO DRT-0036] via3 guide region query size = 0.
[INFO DRT-0036] met4 guide region query size = 2488.
[INFO DRT-0036] via4 guide region query size = 0.
[INFO DRT-0036] met5 guide region query size = 125.
[INFO DRT-0179] Init gr pin query.
[INFO DRT-0267] cpu time = 00:00:02, elapsed time = 00:00:01, memory = 615.71 (MB), peak = 614.73 (MB)
[INFO DRT-0245] skipped writing guide updates to database.
[INFO DRT-0181] Start track assignment.
[INFO DRT-0184] Done with 129956 vertical wires in 3 frboxes and 80034 horizontal wires in 3 frboxes.
[INFO DRT-0186] Done with 19257 vertical wires in 3 frboxes and 33427 horizontal wires in 3 frboxes.
[INFO DRT-0182] Complete track assignment.
[INFO DRT-0267] cpu time = 00:00:26, elapsed time = 00:00:17, memory = 1163.52 (MB), peak = 1170.99 (MB)
[INFO DRT-0187] Start routing data preparation.
[INFO DRT-0267] cpu time = 00:00:00, elapsed time = 00:00:00, memory = 1163.52 (MB), peak = 1170.99 (MB)
[INFO DRT-0194] Start detail routing.
[INFO DRT-0195] Start 0th optimization iteration.
    Completing 10% with 0 violations.
    elapsed time = 00:00:58, memory = 1897.20 (MB).
    Completing 20% with 0 violations.
    elapsed time = 00:01:49, memory = 2388.74 (MB).
    Completing 30% with 11695 violations.
    elapsed time = 00:02:58, memory = 2550.44 (MB).
    Completing 40% with 11695 violations.
    elapsed time = 00:04:19, memory = 2492.96 (MB).
    Completing 50% with 11695 violations.
    elapsed time = 00:05:21, memory = 2304.02 (MB).
    Completing 60% with 22851 violations.
    elapsed time = 00:07:18, memory = 2677.58 (MB).
    Completing 70% with 22851 violations.
    elapsed time = 00:08:12, memory = 2721.12 (MB).
    Completing 80% with 35098 violations.
    elapsed time = 00:09:51, memory = 2855.00 (MB).
    Completing 90% with 35098 violations.
    elapsed time = 00:11:54, memory = 2854.71 (MB).
    Completing 100% with 47457 violations.
    elapsed time = 00:12:52, memory = 2453.16 (MB).
[INFO DRT-0199]   Number of violations = 50886.
Viol/Layer         li1   mcon   met1    via   met2   via2   met3   via3   met4   via4   met5
Cut Spacing          0     87      0      1      0      1      0      0      0      0      0
Metal Spacing        0      0   9368      0   1667      0    186      0     34      0     39
Min Hole             0      0     23      0      0      0      0      0      0      0      0
NS Metal             0      0      8      0      0      0      0      0      0      0      0
Recheck             16      0   2206      0    957      0    118      0     81      0     51
Short                0     10  31863     29   3879      0    180      1     45      4     32
[INFO DRT-0267] cpu time = 01:17:26, elapsed time = 00:12:54, memory = 2572.19 (MB), peak = 3033.62 (MB)
Total wire length = 1279988 um.
Total wire length on LAYER li1 = 0 um.
Total wire length on LAYER met1 = 518508 um.
Total wire length on LAYER met2 = 502631 um.
Total wire length on LAYER met3 = 143206 um.
Total wire length on LAYER met4 = 111454 um.
Total wire length on LAYER met5 = 4187 um.
Total number of vias = 253877.
Up-via summary (total 253877):

-------------------------
 FR_MASTERSLICE         0
            li1    109395
           met1    127770
           met2     12214
           met3      4328
           met4       170
-------------------------
               253877


[INFO DRT-0195] Start 1st optimization iteration.
    Completing 10% with 50886 violations.
    elapsed time = 00:00:51, memory = 3034.74 (MB).
    Completing 20% with 50886 violations.
    elapsed time = 00:02:03, memory = 2998.60 (MB).
    Completing 30% with 48177 violations.
    elapsed time = 00:03:12, memory = 3042.76 (MB).
    Completing 40% with 48177 violations.
    elapsed time = 00:04:42, memory = 3136.59 (MB).
    Completing 50% with 48177 violations.
    elapsed time = 00:06:46, memory = 2633.45 (MB).
    Completing 60% with 45571 violations.
    elapsed time = 00:08:30, memory = 3028.49 (MB).
    Completing 70% with 45571 violations.
    elapsed time = 00:09:42, memory = 2969.55 (MB).
    Completing 80% with 42588 violations.
    elapsed time = 00:11:00, memory = 3100.83 (MB).
    Completing 90% with 42588 violations.
    elapsed time = 00:12:42, memory = 3012.45 (MB).
    Completing 100% with 39362 violations.
    elapsed time = 00:13:26, memory = 2708.41 (MB).
[INFO DRT-0199]   Number of violations = 39362.
Viol/Layer        mcon   met1    via   met2   met3   met4   met5
Cut Spacing        103      0      2      0      0      0      0
Metal Spacing        0   9046      0   1075    101      9      2
Min Hole             0      1      0      0      0      0      0
Short                0  26484      9   2418     75     29      8
[INFO DRT-0267] cpu time = 01:17:55, elapsed time = 00:13:29, memory = 2701.30 (MB), peak = 3194.45 (MB)
Total wire length = 1267619 um.
Total wire length on LAYER li1 = 0 um.
Total wire length on LAYER met1 = 506015 um.
Total wire length on LAYER met2 = 498303 um.
Total wire length on LAYER met3 = 148518 um.
Total wire length on LAYER met4 = 110787 um.
Total wire length on LAYER met5 = 3994 um.
Total number of vias = 250227.
Up-via summary (total 250227):

-------------------------
 FR_MASTERSLICE         0
            li1    109356
           met1    124112
           met2     12457
           met3      4148
           met4       154
-------------------------
               250227


[INFO DRT-0195] Start 2nd optimization iteration.
    Completing 10% with 39362 violations.
    elapsed time = 00:01:03, memory = 3078.34 (MB).
    Completing 20% with 39362 violations.
    elapsed time = 00:02:43, memory = 3139.04 (MB).
    Completing 30% with 39181 violations.
    elapsed time = 00:03:45, memory = 3134.92 (MB).
    Completing 40% with 39181 violations.
    elapsed time = 00:05:02, memory = 3154.85 (MB).
    Completing 50% with 39181 violations.
    elapsed time = 00:06:23, memory = 2757.32 (MB).
    Completing 60% with 38402 violations.
    elapsed time = 00:08:02, memory = 3200.74 (MB).
    Completing 70% with 38402 violations.
    elapsed time = 00:08:46, memory = 3113.76 (MB).
    Completing 80% with 37760 violations.
    elapsed time = 00:10:12, memory = 3206.59 (MB).
    Completing 90% with 37760 violations.
    elapsed time = 00:12:07, memory = 3261.70 (MB).
    Completing 100% with 36612 violations.
    elapsed time = 00:12:38, memory = 2786.09 (MB).
[INFO DRT-0199]   Number of violations = 36612.
Viol/Layer        mcon   met1    via   met2   met3   met4   met5
Cut Spacing        129      0      2      0      0      0      0
Metal Spacing        0   8462      0   1027     97      6      5
Min Hole             0      3      0      0      0      0      0
NS Metal             0      1      0      0      0      0      0
Short                0  24777      0   2025     42     27      9
[INFO DRT-0267] cpu time = 01:15:55, elapsed time = 00:12:40, memory = 2795.09 (MB), peak = 3323.30 (MB)
Total wire length = 1265501 um.
Total wire length on LAYER li1 = 0 um.
Total wire length on LAYER met1 = 505396 um.
Total wire length on LAYER met2 = 496712 um.
Total wire length on LAYER met3 = 148494 um.
Total wire length on LAYER met4 = 110930 um.
Total wire length on LAYER met5 = 3968 um.
Total number of vias = 249568.
Up-via summary (total 249568):

-------------------------
 FR_MASTERSLICE         0
            li1    109363
           met1    123683
           met2     12159
           met3      4207
           met4       156
-------------------------
               249568


[INFO DRT-0195] Start 3rd optimization iteration.
    Completing 10% with 36612 violations.
    elapsed time = 00:01:21, memory = 3331.43 (MB).
    Completing 20% with 36612 violations.
    elapsed time = 00:03:42, memory = 3283.23 (MB).
    Completing 30% with 29649 violations.
    elapsed time = 00:05:19, memory = 3225.52 (MB).
    Completing 40% with 29649 violations.
    elapsed time = 00:07:05, memory = 3251.28 (MB).
    Completing 50% with 29649 violations.
    elapsed time = 00:08:36, memory = 2879.72 (MB).
    Completing 60% with 23565 violations.
    elapsed time = 00:10:44, memory = 3355.80 (MB).
    Completing 70% with 23565 violations.
    elapsed time = 00:11:51, memory = 3366.99 (MB).
    Completing 80% with 16974 violations.
    elapsed time = 00:13:57, memory = 3399.87 (MB).
    Completing 90% with 16974 violations.
    elapsed time = 00:15:38, memory = 3390.54 (MB).
    Completing 100% with 10403 violations.
    elapsed time = 00:16:32, memory = 2932.99 (MB).
[INFO DRT-0199]   Number of violations = 10407.
Viol/Layer        mcon   met1    via   met2   met3   met5
Cut Spacing         26      0      2      0      0      0
Metal Spacing        0   3711      0    395     18      0
Min Hole             0      5      0      1      0      0
NS Metal             0      1      0      0      0      0
Recheck              0      4      0      0      0      0
Short                0   5742      2    464     33      3
[INFO DRT-0267] cpu time = 01:45:36, elapsed time = 00:16:33, memory = 2835.40 (MB), peak = 3450.84 (MB)
Total wire length = 1263947 um.
Total wire length on LAYER li1 = 0 um.
Total wire length on LAYER met1 = 438569 um.
Total wire length on LAYER met2 = 491200 um.
Total wire length on LAYER met3 = 213031 um.
Total wire length on LAYER met4 = 117255 um.
Total wire length on LAYER met5 = 3889 um.
Total number of vias = 259124.
Up-via summary (total 259124):

-------------------------
 FR_MASTERSLICE         0
            li1    109344
           met1    123346
           met2     21432
           met3      4856
           met4       146
-------------------------
               259124


[INFO DRT-0195] Start 4th optimization iteration.
    Completing 10% with 10407 violations.
    elapsed time = 00:00:23, memory = 3299.38 (MB).
    Completing 20% with 10407 violations.
    elapsed time = 00:01:19, memory = 3329.57 (MB).
    Completing 30% with 8604 violations.
    elapsed time = 00:02:03, memory = 3179.96 (MB).
    Completing 40% with 8604 violations.
    elapsed time = 00:03:03, memory = 3291.16 (MB).
    Completing 50% with 8604 violations.
    elapsed time = 00:03:48, memory = 2857.23 (MB).
    Completing 60% with 7108 violations.
    elapsed time = 00:04:18, memory = 3278.50 (MB).
    Completing 70% with 7108 violations.
    elapsed time = 00:04:38, memory = 3175.24 (MB).
    Completing 80% with 5346 violations.
    elapsed time = 00:05:23, memory = 3318.02 (MB).
    Completing 90% with 5346 violations.
    elapsed time = 00:06:12, memory = 3471.89 (MB).
    Completing 100% with 3532 violations.
    elapsed time = 00:06:46, memory = 2935.25 (MB).
[INFO DRT-0199]   Number of violations = 3532.
Viol/Layer        mcon   met1    via   met2   met3   met4
Cut Spacing          9      0      0      0      0      0
Metal Spacing        0   1357      0    157     20      0
Min Hole             0      5      0      1      0      0
NS Metal             0      2      0      0      0      0
Short                0   1853      2    120      3      3
[INFO DRT-0267] cpu time = 00:44:23, elapsed time = 00:06:47, memory = 2935.25 (MB), peak = 3496.75 (MB)
Total wire length = 1264014 um.
Total wire length on LAYER li1 = 0 um.
Total wire length on LAYER met1 = 431821 um.
Total wire length on LAYER met2 = 490194 um.
Total wire length on LAYER met3 = 219090 um.
Total wire length on LAYER met4 = 119026 um.
Total wire length on LAYER met5 = 3881 um.
Total number of vias = 259885.
Up-via summary (total 259885):

-------------------------
 FR_MASTERSLICE         0
            li1    109337
           met1    123264
           met2     22087
           met3      5051
           met4       146
-------------------------
               259885


[INFO DRT-0195] Start 5th optimization iteration.
    Completing 10% with 3532 violations.
    elapsed time = 00:00:09, memory = 3217.71 (MB).
    Completing 20% with 3532 violations.
    elapsed time = 00:00:23, memory = 3237.43 (MB).
    Completing 30% with 3028 violations.
    elapsed time = 00:00:50, memory = 2995.70 (MB).
    Completing 40% with 3028 violations.
    elapsed time = 00:01:09, memory = 3316.19 (MB).
    Completing 50% with 3028 violations.
    elapsed time = 00:01:46, memory = 2995.71 (MB).
    Completing 60% with 2436 violations.
    elapsed time = 00:01:57, memory = 3366.60 (MB).
    Completing 70% with 2436 violations.
    elapsed time = 00:02:27, memory = 3417.80 (MB).
    Completing 80% with 2107 violations.
    elapsed time = 00:02:40, memory = 3421.05 (MB).
    Completing 90% with 2107 violations.
    elapsed time = 00:03:09, memory = 3478.02 (MB).
    Completing 100% with 1794 violations.
    elapsed time = 00:03:26, memory = 3005.96 (MB).
[INFO DRT-0199]   Number of violations = 1794.
Viol/Layer        mcon   met1    via   met2
Cut Spacing          8      0      1      0
Metal Spacing        0    706      0     66
Min Hole             0      0      0      1
NS Metal             0      0      0      1
Short                0    925      0     86
[INFO DRT-0267] cpu time = 00:24:53, elapsed time = 00:03:27, memory = 3006.21 (MB), peak = 3570.99 (MB)
Total wire length = 1264417 um.
Total wire length on LAYER li1 = 0 um.
Total wire length on LAYER met1 = 430289 um.
Total wire length on LAYER met2 = 489915 um.
Total wire length on LAYER met3 = 220730 um.
Total wire length on LAYER met4 = 119603 um.
Total wire length on LAYER met5 = 3878 um.
Total number of vias = 260088.
Up-via summary (total 260088):

-------------------------
 FR_MASTERSLICE         0
            li1    109335
           met1    123206
           met2     22294
           met3      5107
           met4       146
-------------------------
               260088


[INFO DRT-0195] Start 6th optimization iteration.
    Completing 10% with 1794 violations.
    elapsed time = 00:00:01, memory = 3334.00 (MB).
    Completing 20% with 1794 violations.
    elapsed time = 00:00:09, memory = 3403.75 (MB).
    Completing 30% with 1540 violations.
    elapsed time = 00:00:20, memory = 3007.59 (MB).
    Completing 40% with 1540 violations.
    elapsed time = 00:00:27, memory = 3391.15 (MB).
    Completing 50% with 1540 violations.
    elapsed time = 00:00:46, memory = 3007.60 (MB).
    Completing 60% with 1402 violations.
    elapsed time = 00:00:59, memory = 3349.71 (MB).
    Completing 70% with 1402 violations.
    elapsed time = 00:01:18, memory = 3369.02 (MB).
    Completing 80% with 1148 violations.
    elapsed time = 00:01:42, memory = 3007.60 (MB).
    Completing 90% with 1148 violations.
    elapsed time = 00:01:54, memory = 3409.86 (MB).
    Completing 100% with 993 violations.
    elapsed time = 00:02:19, memory = 3007.60 (MB).
[INFO DRT-0199]   Number of violations = 993.
Viol/Layer        mcon   met1   met2
Cut Spacing          3      0      0
Metal Spacing        0    383     40
Min Hole             0      1      0
Short                0    503     63
[INFO DRT-0267] cpu time = 00:15:25, elapsed time = 00:02:20, memory = 3007.60 (MB), peak = 3570.99 (MB)
Total wire length = 1264400 um.
Total wire length on LAYER li1 = 0 um.
Total wire length on LAYER met1 = 429080 um.
Total wire length on LAYER met2 = 489675 um.
Total wire length on LAYER met3 = 221756 um.
Total wire length on LAYER met4 = 120009 um.
Total wire length on LAYER met5 = 3878 um.
Total number of vias = 260119.
Up-via summary (total 260119):

-------------------------
 FR_MASTERSLICE         0
            li1    109336
           met1    123096
           met2     22424
           met3      5117
           met4       146
-------------------------
               260119


[INFO DRT-0195] Start 7th optimization iteration.
    Completing 10% with 993 violations.
    elapsed time = 00:00:00, memory = 3007.60 (MB).
    Completing 20% with 993 violations.
    elapsed time = 00:00:07, memory = 3312.28 (MB).
    Completing 30% with 955 violations.
    elapsed time = 00:00:30, memory = 3007.60 (MB).
    Completing 40% with 955 violations.
    elapsed time = 00:00:32, memory = 3351.55 (MB).
    Completing 50% with 955 violations.
    elapsed time = 00:00:38, memory = 3343.26 (MB).
    Completing 60% with 852 violations.
    elapsed time = 00:00:56, memory = 3007.60 (MB).
    Completing 70% with 852 violations.
    elapsed time = 00:01:05, memory = 3316.46 (MB).
    Completing 80% with 676 violations.
    elapsed time = 00:01:22, memory = 3007.83 (MB).
    Completing 90% with 676 violations.
    elapsed time = 00:01:26, memory = 3435.16 (MB).
    Completing 100% with 560 violations.
    elapsed time = 00:01:50, memory = 3007.83 (MB).
[INFO DRT-0199]   Number of violations = 560.
Viol/Layer        mcon   met1    via   met2
Cut Spacing          2      0      0      0
Metal Spacing        0    213      0     34
Min Hole             0      1      0      0
NS Metal             0      1      0      0
Short                0    262      1     46
[INFO DRT-0267] cpu time = 00:11:01, elapsed time = 00:01:51, memory = 3007.83 (MB), peak = 3570.99 (MB)
Total wire length = 1264304 um.
Total wire length on LAYER li1 = 0 um.
Total wire length on LAYER met1 = 428626 um.
Total wire length on LAYER met2 = 489470 um.
Total wire length on LAYER met3 = 221994 um.
Total wire length on LAYER met4 = 120318 um.
Total wire length on LAYER met5 = 3895 um.
Total number of vias = 260233.
Up-via summary (total 260233):

-------------------------
 FR_MASTERSLICE         0
            li1    109335
           met1    123154
           met2     22446
           met3      5152
           met4       146
-------------------------
               260233


[INFO DRT-0195] Start 8th optimization iteration.
    Completing 10% with 560 violations.
    elapsed time = 00:00:00, memory = 3007.83 (MB).
    Completing 20% with 560 violations.
    elapsed time = 00:00:01, memory = 3812.20 (MB).
    Completing 30% with 508 violations.
    elapsed time = 00:00:18, memory = 3007.83 (MB).
    Completing 40% with 508 violations.
    elapsed time = 00:00:18, memory = 3007.83 (MB).
    Completing 50% with 508 violations.
    elapsed time = 00:00:26, memory = 3541.49 (MB).
    Completing 60% with 462 violations.
    elapsed time = 00:01:07, memory = 3007.83 (MB).
    Completing 70% with 462 violations.
    elapsed time = 00:01:07, memory = 3169.23 (MB).
    Completing 80% with 453 violations.
    elapsed time = 00:02:12, memory = 3007.83 (MB).
    Completing 90% with 453 violations.
    elapsed time = 00:02:12, memory = 3007.83 (MB).
    Completing 100% with 413 violations.
    elapsed time = 00:02:56, memory = 3007.83 (MB).
[INFO DRT-0199]   Number of violations = 413.
Viol/Layer        mcon   met1    via   met2
Cut Spacing          1      0      0      0
Metal Spacing        0    164      0     22
Min Hole             0      1      0      0
NS Metal             0      1      0      0
Short                0    185      1     38
[INFO DRT-0267] cpu time = 00:11:53, elapsed time = 00:02:56, memory = 3007.83 (MB), peak = 3937.55 (MB)
Total wire length = 1264255 um.
Total wire length on LAYER li1 = 0 um.
Total wire length on LAYER met1 = 428505 um.
Total wire length on LAYER met2 = 489483 um.
Total wire length on LAYER met3 = 221996 um.
Total wire length on LAYER met4 = 120374 um.
Total wire length on LAYER met5 = 3895 um.
Total number of vias = 260241.
Up-via summary (total 260241):

-------------------------
 FR_MASTERSLICE         0
            li1    109335
           met1    123157
           met2     22447
           met3      5156
           met4       146
-------------------------
               260241


[INFO DRT-0195] Start 9th optimization iteration.
    Completing 10% with 413 violations.
    elapsed time = 00:00:00, memory = 3007.83 (MB).
    Completing 20% with 413 violations.
    elapsed time = 00:00:00, memory = 3007.83 (MB).
    Completing 30% with 412 violations.
    elapsed time = 00:01:38, memory = 3007.83 (MB).
    Completing 40% with 412 violations.
    elapsed time = 00:01:38, memory = 3007.83 (MB).
    Completing 50% with 412 violations.
    elapsed time = 00:02:07, memory = 3669.60 (MB).
    Completing 60% with 398 violations.
    elapsed time = 00:03:45, memory = 3007.83 (MB).
    Completing 70% with 398 violations.
    elapsed time = 00:03:45, memory = 3007.83 (MB).
    Completing 80% with 289 violations.
    elapsed time = 00:04:47, memory = 3007.83 (MB).
    Completing 90% with 289 violations.
    elapsed time = 00:04:47, memory = 3007.83 (MB).
    Completing 100% with 276 violations.
    elapsed time = 00:06:08, memory = 3007.83 (MB).
[INFO DRT-0199]   Number of violations = 276.
Viol/Layer        met1    via   met2
Metal Spacing      137      0     18
Short               97      1     23
[INFO DRT-0267] cpu time = 00:15:33, elapsed time = 00:06:08, memory = 3007.83 (MB), peak = 4173.72 (MB)
Total wire length = 1264181 um.
Total wire length on LAYER li1 = 0 um.
Total wire length on LAYER met1 = 428277 um.
Total wire length on LAYER met2 = 489464 um.
Total wire length on LAYER met3 = 222085 um.
Total wire length on LAYER met4 = 120458 um.
Total wire length on LAYER met5 = 3895 um.
Total number of vias = 260214.
Up-via summary (total 260214):

-------------------------
 FR_MASTERSLICE         0
            li1    109338
           met1    123124
           met2     22455
           met3      5151
           met4       146
-------------------------
               260214


[INFO DRT-0195] Start 10th optimization iteration.
    Completing 10% with 276 violations.
    elapsed time = 00:00:00, memory = 3007.83 (MB).
    Completing 20% with 276 violations.
    elapsed time = 00:00:07, memory = 3705.52 (MB).
    Completing 30% with 271 violations.
    elapsed time = 00:01:09, memory = 3007.83 (MB).
    Completing 40% with 271 violations.
    elapsed time = 00:01:09, memory = 3007.83 (MB).
    Completing 50% with 271 violations.
    elapsed time = 00:01:52, memory = 3007.83 (MB).
    Completing 60% with 226 violations.
    elapsed time = 00:01:52, memory = 2945.05 (MB).
    Completing 70% with 226 violations.
    elapsed time = 00:01:57, memory = 3502.76 (MB).
    Completing 80% with 219 violations.
    elapsed time = 00:02:35, memory = 2945.05 (MB).
    Completing 90% with 219 violations.
    elapsed time = 00:02:35, memory = 2945.05 (MB).
    Completing 100% with 105 violations.
    elapsed time = 00:03:50, memory = 2961.05 (MB).
[INFO DRT-0199]   Number of violations = 105.
Viol/Layer        mcon   met1   met2
Cut Spacing          1      0      0
Metal Spacing        0     57      4
Short                0     43      0
[INFO DRT-0267] cpu time = 00:09:21, elapsed time = 00:03:51, memory = 2945.05 (MB), peak = 4173.72 (MB)
Total wire length = 1264281 um.
Total wire length on LAYER li1 = 0 um.
Total wire length on LAYER met1 = 428296 um.
Total wire length on LAYER met2 = 489572 um.
Total wire length on LAYER met3 = 222067 um.
Total wire length on LAYER met4 = 120449 um.
Total wire length on LAYER met5 = 3895 um.
Total number of vias = 260239.
Up-via summary (total 260239):

-------------------------
 FR_MASTERSLICE         0
            li1    109339
           met1    123157
           met2     22438
           met3      5159
           met4       146
-------------------------
               260239


[INFO DRT-0195] Start 11th optimization iteration.
    Completing 10% with 105 violations.
    elapsed time = 00:00:00, memory = 2945.05 (MB).
    Completing 20% with 105 violations.
    elapsed time = 00:00:06, memory = 4617.11 (MB).
    Completing 30% with 105 violations.
    elapsed time = 00:00:59, memory = 2945.05 (MB).
    Completing 40% with 95 violations.
    elapsed time = 00:01:00, memory = 2945.05 (MB).
    Completing 50% with 95 violations.
    elapsed time = 00:01:12, memory = 3846.54 (MB).
    Completing 60% with 82 violations.
    elapsed time = 00:01:26, memory = 2945.05 (MB).
    Completing 70% with 82 violations.
    elapsed time = 00:01:26, memory = 2945.05 (MB).
    Completing 80% with 82 violations.
    elapsed time = 00:02:14, memory = 2945.05 (MB).
    Completing 90% with 81 violations.
    elapsed time = 00:02:15, memory = 2945.05 (MB).
    Completing 100% with 74 violations.
    elapsed time = 00:03:40, memory = 2945.05 (MB).
[INFO DRT-0199]   Number of violations = 74.
Viol/Layer        mcon   met1   met2
Cut Spacing          1      0      0
Metal Spacing        0     35      2
Short                0     36      0
[INFO DRT-0267] cpu time = 00:08:05, elapsed time = 00:03:40, memory = 2945.05 (MB), peak = 4677.21 (MB)
Total wire length = 1264267 um.
Total wire length on LAYER li1 = 0 um.
Total wire length on LAYER met1 = 428204 um.
Total wire length on LAYER met2 = 489570 um.
Total wire length on LAYER met3 = 222077 um.
Total wire length on LAYER met4 = 120519 um.
Total wire length on LAYER met5 = 3895 um.
Total number of vias = 260236.
Up-via summary (total 260236):

-------------------------
 FR_MASTERSLICE         0
            li1    109339
           met1    123149
           met2     22440
           met3      5162
           met4       146
-------------------------
               260236


[INFO DRT-0195] Start 12th guides tiles iteration.
    Completing 10% with 74 violations.
    elapsed time = 00:00:00, memory = 2945.05 (MB).
    Completing 20% with 74 violations.
    elapsed time = 00:00:00, memory = 2945.05 (MB).
    Completing 30% with 74 violations.
    elapsed time = 00:00:00, memory = 2945.05 (MB).
    Completing 40% with 74 violations.
    elapsed time = 00:00:02, memory = 2945.05 (MB).
    Completing 50% with 74 violations.
    elapsed time = 00:00:03, memory = 2945.05 (MB).
    Completing 60% with 57 violations.
    elapsed time = 00:00:03, memory = 2945.05 (MB).
    Completing 70% with 57 violations.
    elapsed time = 00:00:03, memory = 2945.05 (MB).
    Completing 80% with 57 violations.
    elapsed time = 00:00:04, memory = 2945.05 (MB).
    Completing 90% with 57 violations.
    elapsed time = 00:00:06, memory = 2945.05 (MB).
    Completing 100% with 30 violations.
    elapsed time = 00:00:07, memory = 2945.05 (MB).
[INFO DRT-0199]   Number of violations = 30.
Viol/Layer        met1   met2
Metal Spacing       19      1
Short                8      2
[INFO DRT-0267] cpu time = 00:00:19, elapsed time = 00:00:07, memory = 2945.05 (MB), peak = 4677.21 (MB)
Total wire length = 1264278 um.
Total wire length on LAYER li1 = 0 um.
Total wire length on LAYER met1 = 428185 um.
Total wire length on LAYER met2 = 489579 um.
Total wire length on LAYER met3 = 222090 um.
Total wire length on LAYER met4 = 120526 um.
Total wire length on LAYER met5 = 3895 um.
Total number of vias = 260260.
Up-via summary (total 260260):

-------------------------
 FR_MASTERSLICE         0
            li1    109340
           met1    123162
           met2     22448
           met3      5164
           met4       146
-------------------------
               260260


[INFO DRT-0195] Start 13th guides tiles iteration.
    Completing 10% with 30 violations.
    elapsed time = 00:00:00, memory = 3008.68 (MB).
    Completing 20% with 30 violations.
    elapsed time = 00:00:00, memory = 3008.68 (MB).
    Completing 30% with 30 violations.
    elapsed time = 00:00:00, memory = 3008.68 (MB).
    Completing 40% with 30 violations.
    elapsed time = 00:00:00, memory = 3008.68 (MB).
    Completing 50% with 30 violations.
    elapsed time = 00:00:00, memory = 3008.68 (MB).
    Completing 60% with 30 violations.
    elapsed time = 00:00:00, memory = 3008.68 (MB).
    Completing 70% with 30 violations.
    elapsed time = 00:00:00, memory = 3008.68 (MB).
    Completing 80% with 30 violations.
    elapsed time = 00:00:04, memory = 2945.05 (MB).
    Completing 90% with 25 violations.
    elapsed time = 00:00:05, memory = 2945.05 (MB).
    Completing 100% with 25 violations.
    elapsed time = 00:00:06, memory = 2945.05 (MB).
[INFO DRT-0199]   Number of violations = 25.
Viol/Layer        met1   met2
Metal Spacing       14      1
Short                5      5
[INFO DRT-0267] cpu time = 00:00:10, elapsed time = 00:00:06, memory = 2945.05 (MB), peak = 4677.21 (MB)
Total wire length = 1264293 um.
Total wire length on LAYER li1 = 0 um.
Total wire length on LAYER met1 = 428172 um.
Total wire length on LAYER met2 = 489531 um.
Total wire length on LAYER met3 = 222109 um.
Total wire length on LAYER met4 = 120584 um.
Total wire length on LAYER met5 = 3895 um.
Total number of vias = 260288.
Up-via summary (total 260288):

-------------------------
 FR_MASTERSLICE         0
            li1    109340
           met1    123165
           met2     22461
           met3      5176
           met4       146
-------------------------
               260288


[INFO DRT-0195] Start 14th guides tiles iteration.
    Completing 10% with 25 violations.
    elapsed time = 00:00:00, memory = 3008.38 (MB).
    Completing 20% with 25 violations.
    elapsed time = 00:00:00, memory = 3008.38 (MB).
    Completing 30% with 25 violations.
    elapsed time = 00:00:00, memory = 3008.38 (MB).
    Completing 40% with 25 violations.
    elapsed time = 00:00:00, memory = 3008.38 (MB).
    Completing 50% with 25 violations.
    elapsed time = 00:00:00, memory = 3008.38 (MB).
    Completing 60% with 25 violations.
    elapsed time = 00:00:00, memory = 3008.38 (MB).
    Completing 70% with 25 violations.
    elapsed time = 00:00:02, memory = 2945.05 (MB).
    Completing 80% with 21 violations.
    elapsed time = 00:00:04, memory = 2945.05 (MB).
    Completing 100% with 14 violations.
    elapsed time = 00:00:05, memory = 2945.05 (MB).
[INFO DRT-0199]   Number of violations = 14.
Viol/Layer        met1   met2
Metal Spacing        7      1
Short                5      1
[INFO DRT-0267] cpu time = 00:00:08, elapsed time = 00:00:05, memory = 2945.05 (MB), peak = 4677.21 (MB)
Total wire length = 1264292 um.
Total wire length on LAYER li1 = 0 um.
Total wire length on LAYER met1 = 428180 um.
Total wire length on LAYER met2 = 489533 um.
Total wire length on LAYER met3 = 222103 um.
Total wire length on LAYER met4 = 120580 um.
Total wire length on LAYER met5 = 3895 um.
Total number of vias = 260283.
Up-via summary (total 260283):

-------------------------
 FR_MASTERSLICE         0
            li1    109340
           met1    123165
           met2     22458
           met3      5174
           met4       146
-------------------------
               260283


[INFO DRT-0195] Start 15th guides tiles iteration.
    Completing 10% with 14 violations.
    elapsed time = 00:00:00, memory = 2945.05 (MB).
    Completing 20% with 14 violations.
    elapsed time = 00:00:00, memory = 2945.05 (MB).
    Completing 40% with 14 violations.
    elapsed time = 00:00:00, memory = 2945.05 (MB).
    Completing 50% with 14 violations.
    elapsed time = 00:00:00, memory = 2945.05 (MB).
    Completing 70% with 14 violations.
    elapsed time = 00:00:00, memory = 2945.05 (MB).
    Completing 80% with 14 violations.
    elapsed time = 00:00:01, memory = 2945.05 (MB).
    Completing 100% with 13 violations.
    elapsed time = 00:00:02, memory = 2945.05 (MB).
[INFO DRT-0199]   Number of violations = 13.
Viol/Layer        met1   met2
Metal Spacing        7      1
Short                5      0
[INFO DRT-0267] cpu time = 00:00:05, elapsed time = 00:00:02, memory = 2945.05 (MB), peak = 4677.21 (MB)
Total wire length = 1264297 um.
Total wire length on LAYER li1 = 0 um.
Total wire length on LAYER met1 = 428191 um.
Total wire length on LAYER met2 = 489531 um.
Total wire length on LAYER met3 = 222098 um.
Total wire length on LAYER met4 = 120580 um.
Total wire length on LAYER met5 = 3895 um.
Total number of vias = 260277.
Up-via summary (total 260277):

-------------------------
 FR_MASTERSLICE         0
            li1    109340
           met1    123161
           met2     22456
           met3      5174
           met4       146
-------------------------
               260277


[INFO DRT-0195] Start 16th guides tiles iteration.
    Completing 10% with 13 violations.
    elapsed time = 00:00:00, memory = 2945.05 (MB).
    Completing 30% with 13 violations.
    elapsed time = 00:00:00, memory = 2945.05 (MB).
    Completing 50% with 13 violations.
    elapsed time = 00:00:00, memory = 2945.05 (MB).
    Completing 60% with 13 violations.
    elapsed time = 00:00:00, memory = 2945.05 (MB).
    Completing 80% with 13 violations.
    elapsed time = 00:00:00, memory = 2945.05 (MB).
    Completing 100% with 13 violations.
    elapsed time = 00:00:03, memory = 2945.05 (MB).
[INFO DRT-0199]   Number of violations = 13.
Viol/Layer        met1   met2
Metal Spacing        7      1
Short                5      0
[INFO DRT-0267] cpu time = 00:00:05, elapsed time = 00:00:03, memory = 2945.05 (MB), peak = 4677.21 (MB)
Total wire length = 1264297 um.
Total wire length on LAYER li1 = 0 um.
Total wire length on LAYER met1 = 428191 um.
Total wire length on LAYER met2 = 489531 um.
Total wire length on LAYER met3 = 222098 um.
Total wire length on LAYER met4 = 120580 um.
Total wire length on LAYER met5 = 3895 um.
Total number of vias = 260277.
Up-via summary (total 260277):

-------------------------
 FR_MASTERSLICE         0
            li1    109340
           met1    123161
           met2     22456
           met3      5174
           met4       146
-------------------------
               260277


[INFO DRT-0195] Start 17th optimization iteration.
    Completing 10% with 13 violations.
    elapsed time = 00:00:00, memory = 2945.05 (MB).
    Completing 20% with 13 violations.
    elapsed time = 00:00:00, memory = 2945.05 (MB).
    Completing 30% with 13 violations.
    elapsed time = 00:00:49, memory = 2945.05 (MB).
    Completing 40% with 13 violations.
    elapsed time = 00:00:49, memory = 2945.05 (MB).
    Completing 50% with 13 violations.
    elapsed time = 00:00:49, memory = 2945.05 (MB).
    Completing 60% with 13 violations.
    elapsed time = 00:00:49, memory = 2945.05 (MB).
    Completing 70% with 13 violations.
    elapsed time = 00:00:49, memory = 2945.05 (MB).
    Completing 80% with 13 violations.
    elapsed time = 00:00:49, memory = 2945.05 (MB).
    Completing 90% with 13 violations.
    elapsed time = 00:00:49, memory = 2945.05 (MB).
    Completing 100% with 13 violations.
    elapsed time = 00:01:11, memory = 2945.05 (MB).
[INFO DRT-0199]   Number of violations = 13.
Viol/Layer        met1   met2
Metal Spacing        7      1
Short                5      0
[INFO DRT-0267] cpu time = 00:02:19, elapsed time = 00:01:11, memory = 2945.05 (MB), peak = 4677.21 (MB)
Total wire length = 1264297 um.
Total wire length on LAYER li1 = 0 um.
Total wire length on LAYER met1 = 428191 um.
Total wire length on LAYER met2 = 489531 um.
Total wire length on LAYER met3 = 222098 um.
Total wire length on LAYER met4 = 120580 um.
Total wire length on LAYER met5 = 3895 um.
Total number of vias = 260277.
Up-via summary (total 260277):

-------------------------
 FR_MASTERSLICE         0
            li1    109340
           met1    123161
           met2     22456
           met3      5174
           met4       146
-------------------------
               260277


[INFO DRT-0195] Start 18th guides tiles iteration.
    Completing 10% with 13 violations.
    elapsed time = 00:00:00, memory = 2945.05 (MB).
    Completing 30% with 13 violations.
    elapsed time = 00:00:00, memory = 2945.05 (MB).
    Completing 50% with 13 violations.
    elapsed time = 00:00:00, memory = 2945.05 (MB).
    Completing 60% with 13 violations.
    elapsed time = 00:00:00, memory = 2945.05 (MB).
    Completing 80% with 13 violations.
    elapsed time = 00:00:00, memory = 2945.05 (MB).
    Completing 100% with 8 violations.
    elapsed time = 00:00:01, memory = 2945.05 (MB).
[INFO DRT-0199]   Number of violations = 8.
Viol/Layer        met1
Metal Spacing        6
Short                2
[INFO DRT-0267] cpu time = 00:00:03, elapsed time = 00:00:01, memory = 2945.05 (MB), peak = 4677.21 (MB)
Total wire length = 1264297 um.
Total wire length on LAYER li1 = 0 um.
Total wire length on LAYER met1 = 428198 um.
Total wire length on LAYER met2 = 489529 um.
Total wire length on LAYER met3 = 222094 um.
Total wire length on LAYER met4 = 120580 um.
Total wire length on LAYER met5 = 3895 um.
Total number of vias = 260272.
Up-via summary (total 260272):

-------------------------
 FR_MASTERSLICE         0
            li1    109340
           met1    123158
           met2     22454
           met3      5174
           met4       146
-------------------------
               260272


[INFO DRT-0195] Start 19th guides tiles iteration.
    Completing 10% with 8 violations.
    elapsed time = 00:00:00, memory = 2945.05 (MB).
    Completing 30% with 8 violations.
    elapsed time = 00:00:00, memory = 2945.05 (MB).
    Completing 50% with 8 violations.
    elapsed time = 00:00:00, memory = 2945.05 (MB).
    Completing 60% with 8 violations.
    elapsed time = 00:00:00, memory = 2945.05 (MB).
    Completing 80% with 3 violations.
    elapsed time = 00:00:00, memory = 2945.05 (MB).
    Completing 100% with 3 violations.
    elapsed time = 00:00:02, memory = 2945.05 (MB).
[INFO DRT-0199]   Number of violations = 3.
Viol/Layer        met1
Metal Spacing        1
Short                2
[INFO DRT-0267] cpu time = 00:00:03, elapsed time = 00:00:02, memory = 2945.05 (MB), peak = 4677.21 (MB)
Total wire length = 1264295 um.
Total wire length on LAYER li1 = 0 um.
Total wire length on LAYER met1 = 428187 um.
Total wire length on LAYER met2 = 489527 um.
Total wire length on LAYER met3 = 222105 um.
Total wire length on LAYER met4 = 120580 um.
Total wire length on LAYER met5 = 3895 um.
Total number of vias = 260272.
Up-via summary (total 260272):

-------------------------
 FR_MASTERSLICE         0
            li1    109340
           met1    123156
           met2     22456
           met3      5174
           met4       146
-------------------------
               260272


[INFO DRT-0195] Start 20th guides tiles iteration.
    Completing 30% with 3 violations.
    elapsed time = 00:00:00, memory = 2945.05 (MB).
    Completing 60% with 3 violations.
    elapsed time = 00:00:00, memory = 2945.05 (MB).
    Completing 100% with 3 violations.
    elapsed time = 00:00:01, memory = 2945.05 (MB).
[INFO DRT-0199]   Number of violations = 3.
Viol/Layer        met1
Metal Spacing        1
Short                2
[INFO DRT-0267] cpu time = 00:00:02, elapsed time = 00:00:01, memory = 2945.05 (MB), peak = 4677.21 (MB)
Total wire length = 1264294 um.
Total wire length on LAYER li1 = 0 um.
Total wire length on LAYER met1 = 428186 um.
Total wire length on LAYER met2 = 489527 um.
Total wire length on LAYER met3 = 222105 um.
Total wire length on LAYER met4 = 120580 um.
Total wire length on LAYER met5 = 3895 um.
Total number of vias = 260272.
Up-via summary (total 260272):

-------------------------
 FR_MASTERSLICE         0
            li1    109340
           met1    123156
           met2     22456
           met3      5174
           met4       146
-------------------------
               260272


[INFO DRT-0195] Start 21st stubborn tiles iteration.
    Completing 10% with 3 violations.
    elapsed time = 00:00:08, memory = 3507.08 (MB).
    Completing 20% with 3 violations.
    elapsed time = 00:00:11, memory = 3499.49 (MB).
    Completing 30% with 3 violations.
    elapsed time = 00:00:16, memory = 3510.88 (MB).
    Completing 40% with 3 violations.
    elapsed time = 00:00:18, memory = 3544.72 (MB).
    Completing 50% with 3 violations.
    elapsed time = 00:00:24, memory = 3648.46 (MB).
    Completing 60% with 3 violations.
    elapsed time = 00:00:28, memory = 3805.38 (MB).
    Completing 70% with 3 violations.
    elapsed time = 00:00:34, memory = 4042.61 (MB).
    Completing 80% with 3 violations.
    elapsed time = 00:00:57, memory = 4414.27 (MB).
    Completing 90% with 3 violations.
    elapsed time = 00:01:10, memory = 4410.51 (MB).
    Completing 100% with 0 violations.
    elapsed time = 00:01:35, memory = 3730.56 (MB).
[INFO DRT-0199]   Number of violations = 0.
[INFO DRT-0267] cpu time = 00:12:57, elapsed time = 00:01:35, memory = 3730.56 (MB), peak = 4677.21 (MB)
Total wire length = 1264338 um.
Total wire length on LAYER li1 = 0 um.
Total wire length on LAYER met1 = 428173 um.
Total wire length on LAYER met2 = 489528 um.
Total wire length on LAYER met3 = 222129 um.
Total wire length on LAYER met4 = 120611 um.
Total wire length on LAYER met5 = 3895 um.
Total number of vias = 260291.
Up-via summary (total 260291):

-------------------------
 FR_MASTERSLICE         0
            li1    109340
           met1    123161
           met2     22466
           met3      5178
           met4       146
-------------------------
               260291


[INFO DRT-0198] Complete detail routing.
Total wire length = 1264338 um.
Total wire length on LAYER li1 = 0 um.
Total wire length on LAYER met1 = 428173 um.
Total wire length on LAYER met2 = 489528 um.
Total wire length on LAYER met3 = 222129 um.
Total wire length on LAYER met4 = 120611 um.
Total wire length on LAYER met5 = 3895 um.
Total number of vias = 260291.
Up-via summary (total 260291):

-------------------------
 FR_MASTERSLICE         0
            li1    109340
           met1    123161
           met2     22466
           met3      5178
           met4       146
-------------------------
               260291


[INFO DRT-0267] cpu time = 08:13:51, elapsed time = 01:30:00, memory = 3730.62 (MB), peak = 4677.21 (MB)

[INFO DRT-0180] Post processing.
[INFO DRT-0501] Runtime: 5418.71s
Took 5595 seconds: detailed_route -output_drc /root/cac_runs/ntt_dp_15ns/reports/sky130hd/cac_ntt_dp_15ns/base/5_route_drc.rpt -output_maze /root/cac_runs/ntt_dp_15ns/results/sky130hd/cac_ntt_dp_15ns/base/maze.log -droute_end_iter 64 -verbose 1 -drc_report_iter_step 5
[INFO GRT-0012] Found 64 antenna violations.
[INFO DPL-0006] Core area: 569088.30 um^2
[INFO DPL-0007] Movable instances area: 2.50 um^2
[INFO DPL-0008] Fixed instances area within core: 287475.71 um^2
[INFO DPL-0009] Utilization: 50.5%
[INFO DPL-0005] Diamond search max displacement: +/- 500 sites horizontally, +/- 100 rows vertically.
[INFO DPL-1102] Legalizing using negotiation legalizer.
[INFO DPL-1103] Negotiation base search window: +/-20 sites horizontally, +/-5 rows vertically 
	Automatic search window extension enabled.
	Search window extendable up to the max displacement cap of +/-500 sites, +/-100 rows near walls.
[INFO DPL-1104] NegotiationLegalizer DRC penalty: 5.
[INFO DPL-0392] Negotiation cell height distribution (1 unique row-count(s)):
[INFO DPL-0393]   height 1 row(s): 37707 cells
          |      Total |  Illegal |  Illegal
Iteration | Violations |    Cells |    Sites
---------------------------------------------
        0 |          0 |         0 |         0
Negotiation phase 1 converged at iteration 0.
[INFO DPL-0500] Runtime: 0.15s
[INFO GRT-0015] Inserted 120 diodes.
[WARNING DRT-0120] Large net net3299 has 109 pins which may impact routing performance. Consider optimization.
[WARNING DRT-0120] Large net net3294 has 148 pins which may impact routing performance. Consider optimization.
[WARNING DRT-0120] Large net net3288 has 107 pins which may impact routing performance. Consider optimization.
[WARNING DRT-0120] Large net net3280 has 119 pins which may impact routing performance. Consider optimization.
[WARNING DRT-0120] Large net net3715 has 123 pins which may impact routing performance. Consider optimization.
[WARNING DRT-0120] Large net net3710 has 117 pins which may impact routing performance. Consider optimization.
[WARNING DRT-0120] Large net net3702 has 117 pins which may impact routing performance. Consider optimization.
[WARNING DRT-0120] Large net net3696 has 105 pins which may impact routing performance. Consider optimization.
[WARNING DRT-0120] Large net net3695 has 110 pins which may impact routing performance. Consider optimization.
[WARNING DRT-0120] Large net net3566 has 109 pins which may impact routing performance. Consider optimization.
[WARNING DRT-0120] Large net net3558 has 113 pins which may impact routing performance. Consider optimization.
[WARNING DRT-0120] Large net net3549 has 124 pins which may impact routing performance. Consider optimization.
[WARNING DRT-0120] Large net net3540 has 117 pins which may impact routing performance. Consider optimization.
[WARNING DRT-0120] Large net net3683 has 124 pins which may impact routing performance. Consider optimization.
[WARNING DRT-0120] Large net net3495 has 120 pins which may impact routing performance. Consider optimization.
[WARNING DRT-0120] Large net net3415 has 101 pins which may impact routing performance. Consider optimization.
[WARNING DRT-0120] Large net net3400 has 109 pins which may impact routing performance. Consider optimization.
[WARNING DRT-0120] Large net net3273 has 119 pins which may impact routing performance. Consider optimization.
[INFO DRT-0024]   Complete FR_MASTERSLICE.
[INFO DRT-0024]   Complete Fr_VIA.
[INFO DRT-0024]   Complete li1.
[INFO DRT-0024]   Complete mcon.
[INFO DRT-0024]   Complete met1.
[INFO DRT-0024]   Complete via.
[INFO DRT-0024]   Complete met2.
[INFO DRT-0024]   Complete via2.
[INFO DRT-0024]   Complete met3.
[INFO DRT-0024]   Complete via3.
[INFO DRT-0024]   Complete met4.
[INFO DRT-0024]   Complete via4.
[INFO DRT-0024]   Complete met5.
[INFO DRT-0165] Start pin access.
[INFO DRT-0076]   Complete 1000 pins.
[INFO DRT-0076]   Complete 2000 pins.
[INFO DRT-0078]   Complete 2310 pins.
[INFO DRT-0079]   Complete 100 unique inst patterns.
[INFO DRT-0079]   Complete 200 unique inst patterns.
[INFO DRT-0081]   Complete 285 unique inst patterns.
[INFO DRT-0082]   Complete 10000 groups.
[INFO DRT-0084]   Complete 18757 groups.
#scanned instances     = 37707
#unique  instances     = 285
#stdCellGenAp          = 10490
#stdCellValidPlanarAp  = 149
#stdCellValidViaAp     = 6752
#stdCellPinNoAp        = 10
#stdCellPinCnt         = 109267
#instTermValidViaApCnt = 0
#macroGenAp            = 0
#macroValidPlanarAp    = 0
#macroValidViaAp       = 0
#macroNoAp             = 0
[INFO DRT-0166] Complete pin access.
[INFO DRT-0267] cpu time = 00:18:54, elapsed time = 00:01:57, memory = 3100.08 (MB), peak = 4677.21 (MB)
[INFO DRT-0156] guideIn read 100000 guides.
[INFO DRT-0156] guideIn read 200000 guides.

[INFO DRT-0157] Number of guides:     259464

[INFO DRT-0169] Post process guides.
[INFO DRT-0176] GCELLGRID X 0 DO 109 STEP 6900 ;
[INFO DRT-0177] GCELLGRID Y 0 DO 109 STEP 6900 ;
[INFO DRT-0026]   Complete 100000 origin guides.
[INFO DRT-0026]   Complete 200000 origin guides.
[INFO DRT-0028]   Complete FR_MASTERSLICE.
[INFO DRT-0028]   Complete Fr_VIA.
[INFO DRT-0028]   Complete li1.
[INFO DRT-0028]   Complete mcon.
[INFO DRT-0028]   Complete met1.
[INFO DRT-0028]   Complete via.
[INFO DRT-0028]   Complete met2.
[INFO DRT-0028]   Complete via2.
[INFO DRT-0028]   Complete met3.
[INFO DRT-0028]   Complete via3.
[INFO DRT-0028]   Complete met4.
[INFO DRT-0028]   Complete via4.
[INFO DRT-0028]   Complete met5.
[INFO DRT-0178] Init guide query.
[INFO DRT-0035]   Complete FR_MASTERSLICE (guide).
[INFO DRT-0035]   Complete Fr_VIA (guide).
[INFO DRT-0035]   Complete li1 (guide).
[INFO DRT-0035]   Complete mcon (guide).
[INFO DRT-0035]   Complete met1 (guide).
[INFO DRT-0035]   Complete via (guide).
[INFO DRT-0035]   Complete met2 (guide).
[INFO DRT-0035]   Complete via2 (guide).
[INFO DRT-0035]   Complete met3 (guide).
[INFO DRT-0035]   Complete via3 (guide).
[INFO DRT-0035]   Complete met4 (guide).
[INFO DRT-0035]   Complete via4 (guide).
[INFO DRT-0035]   Complete met5 (guide).
[INFO DRT-0036] FR_MASTERSLICE guide region query size = 0.
[INFO DRT-0036] FR_VIA guide region query size = 0.
[INFO DRT-0036] li1 guide region query size = 87291.
[INFO DRT-0036] mcon guide region query size = 0.
[INFO DRT-0036] met1 guide region query size = 74957.
[INFO DRT-0036] via guide region query size = 0.
[INFO DRT-0036] met2 guide region query size = 40028.
[INFO DRT-0036] via2 guide region query size = 0.
[INFO DRT-0036] met3 guide region query size = 4490.
[INFO DRT-0036] via3 guide region query size = 0.
[INFO DRT-0036] met4 guide region query size = 2154.
[INFO DRT-0036] via4 guide region query size = 0.
[INFO DRT-0036] met5 guide region query size = 57.
[INFO DRT-0179] Init gr pin query.
[INFO DRT-0267] cpu time = 00:00:02, elapsed time = 00:00:00, memory = 3100.08 (MB), peak = 4677.21 (MB)
[INFO DRT-0245] skipped writing guide updates to database.
[INFO DRT-0181] Start track assignment.
[INFO DRT-0184] Done with 129473 vertical wires in 3 frboxes and 79504 horizontal wires in 3 frboxes.
[INFO DRT-0186] Done with 19844 vertical wires in 3 frboxes and 34201 horizontal wires in 3 frboxes.
[INFO DRT-0182] Complete track assignment.
[INFO DRT-0267] cpu time = 00:00:15, elapsed time = 00:00:07, memory = 3100.25 (MB), peak = 4677.21 (MB)
[INFO DRT-0187] Start routing data preparation.
[INFO DRT-0267] cpu time = 00:00:00, elapsed time = 00:00:00, memory = 3100.25 (MB), peak = 4677.21 (MB)
[INFO DRT-0194] Start detail routing.
[INFO DRT-0195] Start 0th optimization iteration.
    Completing 10% with 0 violations.
    elapsed time = 00:00:19, memory = 3347.84 (MB).
    Completing 20% with 0 violations.
    elapsed time = 00:00:38, memory = 3281.81 (MB).
    Completing 30% with 6737 violations.
    elapsed time = 00:01:00, memory = 3302.96 (MB).
    Completing 40% with 6737 violations.
    elapsed time = 00:01:41, memory = 3466.34 (MB).
    Completing 50% with 6737 violations.
    elapsed time = 00:02:11, memory = 3212.79 (MB).
    Completing 60% with 12296 violations.
    elapsed time = 00:03:00, memory = 3612.03 (MB).
    Completing 70% with 12296 violations.
    elapsed time = 00:03:20, memory = 3531.85 (MB).
    Completing 80% with 17811 violations.
    elapsed time = 00:04:02, memory = 3566.77 (MB).
    Completing 90% with 17811 violations.
    elapsed time = 00:04:38, memory = 3561.18 (MB).
    Completing 100% with 22736 violations.
    elapsed time = 00:04:58, memory = 3274.91 (MB).
[INFO DRT-0199]   Number of violations = 23906.
Viol/Layer        mcon   met1    via   met2   via2   met3   met4   met5
Cut Spacing          2      0      0      0      1      0      0      0
Metal Spacing        0   2027      0   1226      0    107     51      6
Min Hole             0      1      0      1      0      0      0      0
NS Metal             0      0      0      1      0      0      0      0
Recheck              0    613      0    470      0     37     44      6
Short                0  13095     13   6016      0    113     76      0
[INFO DRT-0267] cpu time = 00:30:37, elapsed time = 00:04:58, memory = 3413.60 (MB), peak = 4677.21 (MB)
Total wire length = 1269577 um.
Total wire length on LAYER li1 = 0 um.
Total wire length on LAYER met1 = 461607 um.
Total wire length on LAYER met2 = 508010 um.
Total wire length on LAYER met3 = 191571 um.
Total wire length on LAYER met4 = 105255 um.
Total wire length on LAYER met5 = 3131 um.
Total number of vias = 260188.
Up-via summary (total 260188):

-------------------------
 FR_MASTERSLICE         0
            li1    109515
           met1    125428
           met2     20544
           met3      4605
           met4        96
-------------------------
               260188


[INFO DRT-0195] Start 1st optimization iteration.
    Completing 10% with 23906 violations.
    elapsed time = 00:00:16, memory = 3623.50 (MB).
    Completing 20% with 23906 violations.
    elapsed time = 00:00:38, memory = 3651.55 (MB).
    Completing 30% with 22309 violations.
    elapsed time = 00:01:11, memory = 3574.35 (MB).
    Completing 40% with 22309 violations.
    elapsed time = 00:01:46, memory = 3638.30 (MB).
    Completing 50% with 22309 violations.
    elapsed time = 00:02:05, memory = 3443.26 (MB).
    Completing 60% with 20578 violations.
    elapsed time = 00:02:26, memory = 3712.46 (MB).
    Completing 70% with 20578 violations.
    elapsed time = 00:02:35, memory = 3691.55 (MB).
    Completing 80% with 19159 violations.
    elapsed time = 00:02:54, memory = 3847.38 (MB).
    Completing 90% with 19159 violations.
    elapsed time = 00:03:24, memory = 3794.86 (MB).
    Completing 100% with 17423 violations.
    elapsed time = 00:03:44, memory = 3454.35 (MB).
[INFO DRT-0199]   Number of violations = 17423.
Viol/Layer        mcon   met1    via   met2   met3   met4
Cut Spacing          5      0      2      0      0      0
Metal Spacing        0   2273      0   1330     52     51
Short                0  10376      2   3288     24     20
[INFO DRT-0267] cpu time = 00:22:50, elapsed time = 00:03:45, memory = 3457.35 (MB), peak = 4677.21 (MB)
Total wire length = 1266300 um.
Total wire length on LAYER li1 = 0 um.
Total wire length on LAYER met1 = 458214 um.
Total wire length on LAYER met2 = 506563 um.
Total wire length on LAYER met3 = 193103 um.
Total wire length on LAYER met4 = 105316 um.
Total wire length on LAYER met5 = 3103 um.
Total number of vias = 259326.
Up-via summary (total 259326):

-------------------------
 FR_MASTERSLICE         0
            li1    109522
           met1    124518
           met2     20580
           met3      4610
           met4        96
-------------------------
               259326


[INFO DRT-0195] Start 2nd optimization iteration.
    Completing 10% with 17423 violations.
    elapsed time = 00:00:17, memory = 3765.63 (MB).
    Completing 20% with 17423 violations.
    elapsed time = 00:00:39, memory = 3769.92 (MB).
    Completing 30% with 16722 violations.
    elapsed time = 00:00:55, memory = 3686.85 (MB).
    Completing 40% with 16722 violations.
    elapsed time = 00:01:23, memory = 3787.93 (MB).
    Completing 50% with 16722 violations.
    elapsed time = 00:01:37, memory = 3457.36 (MB).
    Completing 60% with 16501 violations.
    elapsed time = 00:02:00, memory = 3799.92 (MB).
    Completing 70% with 16501 violations.
    elapsed time = 00:02:14, memory = 3601.03 (MB).
    Completing 80% with 16412 violations.
    elapsed time = 00:02:28, memory = 3786.99 (MB).
    Completing 90% with 16412 violations.
    elapsed time = 00:02:49, memory = 3802.15 (MB).
    Completing 100% with 16103 violations.
    elapsed time = 00:03:02, memory = 3458.90 (MB).
[INFO DRT-0199]   Number of violations = 16103.
Viol/Layer        mcon   met1    via   met2   met3   met4
Cut Spacing          1      0      0      0      0      0
Metal Spacing        0   2144      0   1096     72     46
Short                0   9782      1   2914     38      9
[INFO DRT-0267] cpu time = 00:20:13, elapsed time = 00:03:03, memory = 3459.03 (MB), peak = 4677.21 (MB)
Total wire length = 1265904 um.
Total wire length on LAYER li1 = 0 um.
Total wire length on LAYER met1 = 457867 um.
Total wire length on LAYER met2 = 506193 um.
Total wire length on LAYER met3 = 193222 um.
Total wire length on LAYER met4 = 105523 um.
Total wire length on LAYER met5 = 3097 um.
Total number of vias = 259201.
Up-via summary (total 259201):

-------------------------
 FR_MASTERSLICE         0
            li1    109511
           met1    124403
           met2     20574
           met3      4617
           met4        96
-------------------------
               259201


[INFO DRT-0195] Start 3rd optimization iteration.
    Completing 10% with 16103 violations.
    elapsed time = 00:00:37, memory = 3899.23 (MB).
    Completing 20% with 16103 violations.
    elapsed time = 00:01:14, memory = 3938.43 (MB).
    Completing 30% with 13102 violations.
    elapsed time = 00:02:02, memory = 3707.69 (MB).
    Completing 40% with 13102 violations.
    elapsed time = 00:02:44, memory = 3822.77 (MB).
    Completing 50% with 13102 violations.
    elapsed time = 00:03:29, memory = 3459.74 (MB).
    Completing 60% with 10586 violations.
    elapsed time = 00:04:09, memory = 3761.29 (MB).
    Completing 70% with 10586 violations.
    elapsed time = 00:04:25, memory = 3713.38 (MB).
    Completing 80% with 7662 violations.
    elapsed time = 00:04:52, memory = 3776.21 (MB).
    Completing 90% with 7662 violations.
    elapsed time = 00:05:35, memory = 3849.33 (MB).
    Completing 100% with 4870 violations.
    elapsed time = 00:06:07, memory = 3459.75 (MB).
[INFO DRT-0199]   Number of violations = 4873.
Viol/Layer        mcon   met1    via   met2   met3   met4
Cut Spacing          5      0      0      0      0      0
Metal Spacing        0   1382      0    352     38     23
Min Hole             0      1      0      0      0      0
NS Metal             0      1      0      0      0      0
Recheck              0      3      0      0      0      0
Short                0   2654      2    384     14     14
[INFO DRT-0267] cpu time = 00:47:21, elapsed time = 00:06:08, memory = 3429.98 (MB), peak = 4677.21 (MB)
Total wire length = 1265888 um.
Total wire length on LAYER li1 = 0 um.
Total wire length on LAYER met1 = 436580 um.
Total wire length on LAYER met2 = 497818 um.
Total wire length on LAYER met3 = 213997 um.
Total wire length on LAYER met4 = 114387 um.
Total wire length on LAYER met5 = 3105 um.
Total number of vias = 262962.
Up-via summary (total 262962):

-------------------------
 FR_MASTERSLICE         0
            li1    109511
           met1    124735
           met2     23346
           met3      5276
           met4        94
-------------------------
               262962


[INFO DRT-0195] Start 4th optimization iteration.
    Completing 10% with 4873 violations.
    elapsed time = 00:00:05, memory = 3672.35 (MB).
    Completing 20% with 4873 violations.
    elapsed time = 00:00:14, memory = 3722.44 (MB).
    Completing 30% with 3858 violations.
    elapsed time = 00:00:50, memory = 3429.98 (MB).
    Completing 40% with 3858 violations.
    elapsed time = 00:01:02, memory = 3820.44 (MB).
    Completing 50% with 3858 violations.
    elapsed time = 00:01:31, memory = 3429.98 (MB).
    Completing 60% with 3332 violations.
    elapsed time = 00:01:38, memory = 3705.14 (MB).
    Completing 70% with 3332 violations.
    elapsed time = 00:01:45, memory = 3791.10 (MB).
    Completing 80% with 2684 violations.
    elapsed time = 00:02:20, memory = 3715.79 (MB).
    Completing 90% with 2684 violations.
    elapsed time = 00:02:50, memory = 3793.77 (MB).
    Completing 100% with 1745 violations.
    elapsed time = 00:03:31, memory = 3429.98 (MB).
[INFO DRT-0199]   Number of violations = 1745.
Viol/Layer        mcon   met1   met2   met3
Cut Spacing          5      0      0      0
Metal Spacing        0    531    140     37
Short                0    878    138     16
[INFO DRT-0267] cpu time = 00:19:57, elapsed time = 00:03:33, memory = 3429.98 (MB), peak = 4677.21 (MB)
Total wire length = 1265918 um.
Total wire length on LAYER li1 = 0 um.
Total wire length on LAYER met1 = 433379 um.
Total wire length on LAYER met2 = 496609 um.
Total wire length on LAYER met3 = 217069 um.
Total wire length on LAYER met4 = 115739 um.
Total wire length on LAYER met5 = 3120 um.
Total number of vias = 263132.
Up-via summary (total 263132):

-------------------------
 FR_MASTERSLICE         0
            li1    109525
           met1    124485
           met2     23643
           met3      5385
           met4        94
-------------------------
               263132


[INFO DRT-0195] Start 5th optimization iteration.
    Completing 10% with 1745 violations.
    elapsed time = 00:00:00, memory = 3429.98 (MB).
    Completing 20% with 1745 violations.
    elapsed time = 00:00:11, memory = 3631.27 (MB).
    Completing 30% with 1626 violations.
    elapsed time = 00:01:15, memory = 3449.27 (MB).
    Completing 40% with 1626 violations.
    elapsed time = 00:01:18, memory = 3597.76 (MB).
    Completing 50% with 1626 violations.
    elapsed time = 00:02:07, memory = 3449.27 (MB).
    Completing 60% with 1273 violations.
    elapsed time = 00:02:10, memory = 3646.08 (MB).
    Completing 70% with 1273 violations.
    elapsed time = 00:02:16, memory = 3667.16 (MB).
    Completing 80% with 1047 violations.
    elapsed time = 00:02:51, memory = 3449.27 (MB).
    Completing 90% with 1047 violations.
    elapsed time = 00:02:57, memory = 3669.62 (MB).
    Completing 100% with 760 violations.
    elapsed time = 00:03:23, memory = 3451.88 (MB).
[INFO DRT-0199]   Number of violations = 760.
Viol/Layer        mcon   met1   met2   met3
Cut Spacing          2      0      0      0
Metal Spacing        0    251     63     10
Short                0    357     77      0
[INFO DRT-0267] cpu time = 00:12:12, elapsed time = 00:03:23, memory = 3451.88 (MB), peak = 4677.21 (MB)
Total wire length = 1265771 um.
Total wire length on LAYER li1 = 0 um.
Total wire length on LAYER met1 = 432973 um.
Total wire length on LAYER met2 = 496263 um.
Total wire length on LAYER met3 = 217445 um.
Total wire length on LAYER met4 = 115962 um.
Total wire length on LAYER met5 = 3128 um.
Total number of vias = 263118.
Up-via summary (total 263118):

-------------------------
 FR_MASTERSLICE         0
            li1    109525
           met1    124445
           met2     23678
           met3      5376
           met4        94
-------------------------
               263118


[INFO DRT-0195] Start 6th optimization iteration.
    Completing 10% with 760 violations.
    elapsed time = 00:00:00, memory = 3451.88 (MB).
    Completing 20% with 760 violations.
    elapsed time = 00:00:01, memory = 3638.43 (MB).
    Completing 30% with 717 violations.
    elapsed time = 00:00:32, memory = 3451.88 (MB).
    Completing 40% with 717 violations.
    elapsed time = 00:00:32, memory = 3451.88 (MB).
    Completing 50% with 717 violations.
    elapsed time = 00:00:49, memory = 3451.88 (MB).
    Completing 60% with 654 violations.
    elapsed time = 00:00:49, memory = 3451.88 (MB).
    Completing 70% with 654 violations.
    elapsed time = 00:00:52, memory = 3696.05 (MB).
    Completing 80% with 584 violations.
    elapsed time = 00:01:17, memory = 3451.88 (MB).
    Completing 90% with 584 violations.
    elapsed time = 00:01:17, memory = 3468.00 (MB).
    Completing 100% with 455 violations.
    elapsed time = 00:01:34, memory = 3451.88 (MB).
[INFO DRT-0199]   Number of violations = 455.
Viol/Layer        met1   met2   met3
Metal Spacing      163     24     10
Short              224     34      0
[INFO DRT-0267] cpu time = 00:06:26, elapsed time = 00:01:34, memory = 3451.90 (MB), peak = 4677.21 (MB)
Total wire length = 1265709 um.
Total wire length on LAYER li1 = 0 um.
Total wire length on LAYER met1 = 432722 um.
Total wire length on LAYER met2 = 496090 um.
Total wire length on LAYER met3 = 217677 um.
Total wire length on LAYER met4 = 116092 um.
Total wire length on LAYER met5 = 3128 um.
Total number of vias = 263106.
Up-via summary (total 263106):

-------------------------
 FR_MASTERSLICE         0
            li1    109521
           met1    124423
           met2     23674
           met3      5394
           met4        94
-------------------------
               263106


[INFO DRT-0195] Start 7th optimization iteration.
    Completing 10% with 455 violations.
    elapsed time = 00:00:00, memory = 3451.90 (MB).
    Completing 20% with 455 violations.
    elapsed time = 00:00:02, memory = 3682.77 (MB).
    Completing 30% with 407 violations.
    elapsed time = 00:00:17, memory = 3451.90 (MB).
    Completing 40% with 407 violations.
    elapsed time = 00:00:17, memory = 3451.90 (MB).
    Completing 50% with 407 violations.
    elapsed time = 00:00:17, memory = 3451.90 (MB).
    Completing 60% with 393 violations.
    elapsed time = 00:00:46, memory = 3451.90 (MB).
    Completing 70% with 393 violations.
    elapsed time = 00:00:46, memory = 3451.90 (MB).
    Completing 80% with 334 violations.
    elapsed time = 00:01:11, memory = 3451.90 (MB).
    Completing 90% with 334 violations.
    elapsed time = 00:01:11, memory = 3451.90 (MB).
    Completing 100% with 334 violations.
    elapsed time = 00:02:21, memory = 3451.90 (MB).
[INFO DRT-0199]   Number of violations = 334.
Viol/Layer        met1   met2   met3
Metal Spacing      109     33      2
Short              162     28      0
[INFO DRT-0267] cpu time = 00:05:36, elapsed time = 00:02:21, memory = 3451.90 (MB), peak = 4677.21 (MB)
Total wire length = 1265758 um.
Total wire length on LAYER li1 = 0 um.
Total wire length on LAYER met1 = 432666 um.
Total wire length on LAYER met2 = 496044 um.
Total wire length on LAYER met3 = 217719 um.
Total wire length on LAYER met4 = 116198 um.
Total wire length on LAYER met5 = 3128 um.
Total number of vias = 263052.
Up-via summary (total 263052):

-------------------------
 FR_MASTERSLICE         0
            li1    109519
           met1    124364
           met2     23677
           met3      5398
           met4        94
-------------------------
               263052


[INFO DRT-0195] Start 8th optimization iteration.
    Completing 10% with 334 violations.
    elapsed time = 00:00:00, memory = 3451.90 (MB).
    Completing 20% with 334 violations.
    elapsed time = 00:00:00, memory = 3451.90 (MB).
    Completing 30% with 333 violations.
    elapsed time = 00:01:06, memory = 3451.90 (MB).
    Completing 40% with 333 violations.
    elapsed time = 00:01:06, memory = 3451.90 (MB).
    Completing 50% with 333 violations.
    elapsed time = 00:01:06, memory = 3451.90 (MB).
    Completing 60% with 259 violations.
    elapsed time = 00:01:40, memory = 3451.90 (MB).
    Completing 70% with 259 violations.
    elapsed time = 00:01:40, memory = 3451.90 (MB).
    Completing 80% with 238 violations.
    elapsed time = 00:02:27, memory = 3451.90 (MB).
    Completing 90% with 238 violations.
    elapsed time = 00:02:27, memory = 3451.90 (MB).
    Completing 100% with 225 violations.
    elapsed time = 00:03:50, memory = 3451.90 (MB).
[INFO DRT-0199]   Number of violations = 225.
Viol/Layer        met1   met2
Metal Spacing       55     21
Short              130     19
[INFO DRT-0267] cpu time = 00:06:34, elapsed time = 00:03:50, memory = 3451.90 (MB), peak = 4677.21 (MB)
Total wire length = 1265701 um.
Total wire length on LAYER li1 = 0 um.
Total wire length on LAYER met1 = 432598 um.
Total wire length on LAYER met2 = 495891 um.
Total wire length on LAYER met3 = 217740 um.
Total wire length on LAYER met4 = 116342 um.
Total wire length on LAYER met5 = 3128 um.
Total number of vias = 263052.
Up-via summary (total 263052):

-------------------------
 FR_MASTERSLICE         0
            li1    109519
           met1    124356
           met2     23684
           met3      5399
           met4        94
-------------------------
               263052


[INFO DRT-0195] Start 9th optimization iteration.
    Completing 10% with 225 violations.
    elapsed time = 00:00:00, memory = 3451.90 (MB).
    Completing 20% with 225 violations.
    elapsed time = 00:00:00, memory = 3451.90 (MB).
    Completing 30% with 213 violations.
    elapsed time = 00:01:40, memory = 3451.90 (MB).
    Completing 40% with 213 violations.
    elapsed time = 00:01:40, memory = 3451.90 (MB).
    Completing 50% with 213 violations.
    elapsed time = 00:01:40, memory = 3451.90 (MB).
    Completing 60% with 209 violations.
    elapsed time = 00:02:47, memory = 3451.90 (MB).
    Completing 70% with 209 violations.
    elapsed time = 00:02:47, memory = 3451.90 (MB).
    Completing 80% with 209 violations.
    elapsed time = 00:03:04, memory = 3451.90 (MB).
    Completing 90% with 209 violations.
    elapsed time = 00:03:04, memory = 3451.90 (MB).
    Completing 100% with 189 violations.
    elapsed time = 00:03:47, memory = 3451.90 (MB).
[INFO DRT-0199]   Number of violations = 189.
Viol/Layer        met1   met2
Metal Spacing       51     16
Short              101     21
[INFO DRT-0267] cpu time = 00:06:38, elapsed time = 00:03:47, memory = 3451.90 (MB), peak = 4677.21 (MB)
Total wire length = 1265824 um.
Total wire length on LAYER li1 = 0 um.
Total wire length on LAYER met1 = 432610 um.
Total wire length on LAYER met2 = 495810 um.
Total wire length on LAYER met3 = 217755 um.
Total wire length on LAYER met4 = 116520 um.
Total wire length on LAYER met5 = 3128 um.
Total number of vias = 263080.
Up-via summary (total 263080):

-------------------------
 FR_MASTERSLICE         0
            li1    109519
           met1    124359
           met2     23687
           met3      5421
           met4        94
-------------------------
               263080


[INFO DRT-0195] Start 10th optimization iteration.
    Completing 10% with 189 violations.
    elapsed time = 00:00:00, memory = 3451.90 (MB).
    Completing 20% with 189 violations.
    elapsed time = 00:00:00, memory = 3451.90 (MB).
    Completing 30% with 187 violations.
    elapsed time = 00:00:29, memory = 3451.90 (MB).
    Completing 40% with 187 violations.
    elapsed time = 00:00:29, memory = 3451.90 (MB).
    Completing 50% with 187 violations.
    elapsed time = 00:00:45, memory = 3451.90 (MB).
    Completing 60% with 176 violations.
    elapsed time = 00:00:46, memory = 3387.99 (MB).
    Completing 70% with 176 violations.
    elapsed time = 00:00:46, memory = 3387.99 (MB).
    Completing 80% with 173 violations.
    elapsed time = 00:01:11, memory = 3387.99 (MB).
    Completing 90% with 173 violations.
    elapsed time = 00:01:11, memory = 3387.99 (MB).
    Completing 100% with 74 violations.
    elapsed time = 00:02:18, memory = 3387.99 (MB).
[INFO DRT-0199]   Number of violations = 74.
Viol/Layer        met1   met2
Metal Spacing       29      2
Short               26     17
[INFO DRT-0267] cpu time = 00:03:46, elapsed time = 00:02:20, memory = 3387.99 (MB), peak = 4677.21 (MB)
Total wire length = 1265864 um.
Total wire length on LAYER li1 = 0 um.
Total wire length on LAYER met1 = 432526 um.
Total wire length on LAYER met2 = 495756 um.
Total wire length on LAYER met3 = 217807 um.
Total wire length on LAYER met4 = 116645 um.
Total wire length on LAYER met5 = 3128 um.
Total number of vias = 263094.
Up-via summary (total 263094):

-------------------------
 FR_MASTERSLICE         0
            li1    109518
           met1    124363
           met2     23685
           met3      5434
           met4        94
-------------------------
               263094


[INFO DRT-0195] Start 11th guides tiles iteration.
    Completing 10% with 74 violations.
    elapsed time = 00:00:00, memory = 3387.99 (MB).
    Completing 20% with 74 violations.
    elapsed time = 00:00:00, memory = 3387.99 (MB).
    Completing 30% with 74 violations.
    elapsed time = 00:00:00, memory = 3387.99 (MB).
    Completing 40% with 74 violations.
    elapsed time = 00:00:00, memory = 3387.99 (MB).
    Completing 50% with 74 violations.
    elapsed time = 00:00:00, memory = 3387.99 (MB).
    Completing 60% with 74 violations.
    elapsed time = 00:00:03, memory = 3387.99 (MB).
    Completing 70% with 27 violations.
    elapsed time = 00:00:03, memory = 3387.99 (MB).
    Completing 80% with 27 violations.
    elapsed time = 00:00:03, memory = 3387.99 (MB).
    Completing 90% with 27 violations.
    elapsed time = 00:00:03, memory = 3387.99 (MB).
    Completing 100% with 21 violations.
    elapsed time = 00:00:03, memory = 3387.99 (MB).
[INFO DRT-0199]   Number of violations = 21.
Viol/Layer        met1
Metal Spacing        7
Short               14
[INFO DRT-0267] cpu time = 00:00:09, elapsed time = 00:00:03, memory = 3387.99 (MB), peak = 4677.21 (MB)
Total wire length = 1265942 um.
Total wire length on LAYER li1 = 0 um.
Total wire length on LAYER met1 = 432558 um.
Total wire length on LAYER met2 = 495748 um.
Total wire length on LAYER met3 = 217830 um.
Total wire length on LAYER met4 = 116677 um.
Total wire length on LAYER met5 = 3128 um.
Total number of vias = 263117.
Up-via summary (total 263117):

-------------------------
 FR_MASTERSLICE         0
            li1    109518
           met1    124366
           met2     23698
           met3      5441
           met4        94
-------------------------
               263117


[INFO DRT-0195] Start 12th guides tiles iteration.
    Completing 20% with 21 violations.
    elapsed time = 00:00:00, memory = 3387.99 (MB).
    Completing 50% with 21 violations.
    elapsed time = 00:00:00, memory = 3387.99 (MB).
    Completing 70% with 21 violations.
    elapsed time = 00:00:01, memory = 3387.99 (MB).
    Completing 100% with 19 violations.
    elapsed time = 00:00:01, memory = 3387.99 (MB).
[INFO DRT-0199]   Number of violations = 19.
Viol/Layer        met1
Metal Spacing        5
Short               14
[INFO DRT-0267] cpu time = 00:00:02, elapsed time = 00:00:02, memory = 3387.99 (MB), peak = 4677.21 (MB)
Total wire length = 1265943 um.
Total wire length on LAYER li1 = 0 um.
Total wire length on LAYER met1 = 432558 um.
Total wire length on LAYER met2 = 495749 um.
Total wire length on LAYER met3 = 217830 um.
Total wire length on LAYER met4 = 116677 um.
Total wire length on LAYER met5 = 3128 um.
Total number of vias = 263117.
Up-via summary (total 263117):

-------------------------
 FR_MASTERSLICE         0
            li1    109518
           met1    124366
           met2     23698
           met3      5441
           met4        94
-------------------------
               263117


[INFO DRT-0195] Start 13th guides tiles iteration.
    Completing 50% with 19 violations.
    elapsed time = 00:00:00, memory = 3387.99 (MB).
    Completing 100% with 19 violations.
    elapsed time = 00:00:01, memory = 3387.99 (MB).
[INFO DRT-0199]   Number of violations = 19.
Viol/Layer        met1
Metal Spacing        5
Short               14
[INFO DRT-0267] cpu time = 00:00:02, elapsed time = 00:00:01, memory = 3387.99 (MB), peak = 4677.21 (MB)
Total wire length = 1265943 um.
Total wire length on LAYER li1 = 0 um.
Total wire length on LAYER met1 = 432558 um.
Total wire length on LAYER met2 = 495749 um.
Total wire length on LAYER met3 = 217830 um.
Total wire length on LAYER met4 = 116677 um.
Total wire length on LAYER met5 = 3128 um.
Total number of vias = 263117.
Up-via summary (total 263117):

-------------------------
 FR_MASTERSLICE         0
            li1    109518
           met1    124366
           met2     23698
           met3      5441
           met4        94
-------------------------
               263117


[INFO DRT-0195] Start 14th stubborn tiles iteration.
    Completing 10% with 19 violations.
    elapsed time = 00:00:02, memory = 3620.87 (MB).
    Completing 20% with 19 violations.
    elapsed time = 00:00:05, memory = 3718.45 (MB).
    Completing 30% with 19 violations.
    elapsed time = 00:00:08, memory = 3742.75 (MB).
    Completing 40% with 19 violations.
    elapsed time = 00:00:11, memory = 3743.25 (MB).
    Completing 50% with 19 violations.
    elapsed time = 00:00:19, memory = 3751.66 (MB).
    Completing 60% with 19 violations.
    elapsed time = 00:00:29, memory = 3677.31 (MB).
    Completing 70% with 19 violations.
    elapsed time = 00:00:42, memory = 3864.26 (MB).
    Completing 80% with 19 violations.
    elapsed time = 00:00:51, memory = 3942.56 (MB).
    Completing 90% with 19 violations.
    elapsed time = 00:01:06, memory = 4003.61 (MB).
    Completing 100% with 0 violations.
    elapsed time = 00:01:28, memory = 3738.85 (MB).
[INFO DRT-0199]   Number of violations = 0.
[INFO DRT-0267] cpu time = 00:14:52, elapsed time = 00:01:29, memory = 3738.85 (MB), peak = 4677.21 (MB)
Total wire length = 1265950 um.
Total wire length on LAYER li1 = 0 um.
Total wire length on LAYER met1 = 432546 um.
Total wire length on LAYER met2 = 495785 um.
Total wire length on LAYER met3 = 217831 um.
Total wire length on LAYER met4 = 116658 um.
Total wire length on LAYER met5 = 3128 um.
Total number of vias = 263123.
Up-via summary (total 263123):

-------------------------
 FR_MASTERSLICE         0
            li1    109518
           met1    124369
           met2     23703
           met3      5439
           met4        94
-------------------------
               263123


[INFO DRT-0198] Complete detail routing.
Total wire length = 1265950 um.
Total wire length on LAYER li1 = 0 um.
Total wire length on LAYER met1 = 432546 um.
Total wire length on LAYER met2 = 495785 um.
Total wire length on LAYER met3 = 217831 um.
Total wire length on LAYER met4 = 116658 um.
Total wire length on LAYER met5 = 3128 um.
Total number of vias = 263123.
Up-via summary (total 263123):

-------------------------
 FR_MASTERSLICE         0
            li1    109518
           met1    124369
           met2     23703
           met3      5439
           met4        94
-------------------------
               263123


[INFO DRT-0267] cpu time = 03:17:23, elapsed time = 00:40:24, memory = 3738.85 (MB), peak = 4677.21 (MB)

[INFO DRT-0180] Post processing.
[INFO DRT-0501] Runtime: 2474.70s
[INFO ANT-0002] Found 12 net violations.
[INFO ANT-0001] Found 15 pin violations.
[INFO GRT-0012] Found 12 antenna violations.
[INFO DPL-0006] Core area: 569088.30 um^2
[INFO DPL-0007] Movable instances area: 0.00 um^2
[INFO DPL-0008] Fixed instances area within core: 287515.75 um^2
[INFO DPL-0009] Utilization: 50.5%
[INFO DPL-0005] Diamond search max displacement: +/- 500 sites horizontally, +/- 100 rows vertically.
[INFO DPL-1102] Legalizing using negotiation legalizer.
[INFO DPL-1103] Negotiation base search window: +/-20 sites horizontally, +/-5 rows vertically 
	Automatic search window extension enabled.
	Search window extendable up to the max displacement cap of +/-500 sites, +/-100 rows near walls.
[INFO DPL-1104] NegotiationLegalizer DRC penalty: 5.
[INFO DPL-0392] Negotiation cell height distribution (1 unique row-count(s)):
[INFO DPL-0393]   height 1 row(s): 37722 cells
[INFO DPL-0500] Runtime: 0.19s
[INFO GRT-0015] Inserted 15 diodes.
[WARNING DRT-0120] Large net net3299 has 109 pins which may impact routing performance. Consider optimization.
[WARNING DRT-0120] Large net net3294 has 148 pins which may impact routing performance. Consider optimization.
[WARNING DRT-0120] Large net net3288 has 107 pins which may impact routing performance. Consider optimization.
[WARNING DRT-0120] Large net net3280 has 119 pins which may impact routing performance. Consider optimization.
[WARNING DRT-0120] Large net net3715 has 123 pins which may impact routing performance. Consider optimization.
[WARNING DRT-0120] Large net net3710 has 117 pins which may impact routing performance. Consider optimization.
[WARNING DRT-0120] Large net net3702 has 117 pins which may impact routing performance. Consider optimization.
[WARNING DRT-0120] Large net net3696 has 105 pins which may impact routing performance. Consider optimization.
[WARNING DRT-0120] Large net net3695 has 110 pins which may impact routing performance. Consider optimization.
[WARNING DRT-0120] Large net net3566 has 109 pins which may impact routing performance. Consider optimization.
[WARNING DRT-0120] Large net net3558 has 113 pins which may impact routing performance. Consider optimization.
[WARNING DRT-0120] Large net net3549 has 124 pins which may impact routing performance. Consider optimization.
[WARNING DRT-0120] Large net net3540 has 117 pins which may impact routing performance. Consider optimization.
[WARNING DRT-0120] Large net net3683 has 124 pins which may impact routing performance. Consider optimization.
[WARNING DRT-0120] Large net net3495 has 120 pins which may impact routing performance. Consider optimization.
[WARNING DRT-0120] Large net net3415 has 101 pins which may impact routing performance. Consider optimization.
[WARNING DRT-0120] Large net net3400 has 109 pins which may impact routing performance. Consider optimization.
[WARNING DRT-0120] Large net net3273 has 119 pins which may impact routing performance. Consider optimization.
[INFO DRT-0024]   Complete FR_MASTERSLICE.
[INFO DRT-0024]   Complete Fr_VIA.
[INFO DRT-0024]   Complete li1.
[INFO DRT-0024]   Complete mcon.
[INFO DRT-0024]   Complete met1.
[INFO DRT-0024]   Complete via.
[INFO DRT-0024]   Complete met2.
[INFO DRT-0024]   Complete via2.
[INFO DRT-0024]   Complete met3.
[INFO DRT-0024]   Complete via3.
[INFO DRT-0024]   Complete met4.
[INFO DRT-0024]   Complete via4.
[INFO DRT-0024]   Complete met5.
[INFO DRT-0165] Start pin access.
[INFO DRT-0076]   Complete 1000 pins.
[INFO DRT-0076]   Complete 2000 pins.
[INFO DRT-0078]   Complete 2310 pins.
[INFO DRT-0079]   Complete 100 unique inst patterns.
[INFO DRT-0079]   Complete 200 unique inst patterns.
[INFO DRT-0081]   Complete 285 unique inst patterns.
[INFO DRT-0082]   Complete 10000 groups.
[INFO DRT-0084]   Complete 18757 groups.
#scanned instances     = 37722
#unique  instances     = 285
#stdCellGenAp          = 10490
#stdCellValidPlanarAp  = 149
#stdCellValidViaAp     = 6752
#stdCellPinNoAp        = 10
#stdCellPinCnt         = 109267
#instTermValidViaApCnt = 0
#macroGenAp            = 0
#macroValidPlanarAp    = 0
#macroValidViaAp       = 0
#macroNoAp             = 0
[INFO DRT-0166] Complete pin access.
[INFO DRT-0267] cpu time = 00:18:58, elapsed time = 00:01:39, memory = 3692.06 (MB), peak = 4677.21 (MB)
[INFO DRT-0156] guideIn read 100000 guides.
[INFO DRT-0156] guideIn read 200000 guides.

[INFO DRT-0157] Number of guides:     259304

[INFO DRT-0169] Post process guides.
[INFO DRT-0176] GCELLGRID X 0 DO 109 STEP 6900 ;
[INFO DRT-0177] GCELLGRID Y 0 DO 109 STEP 6900 ;
[INFO DRT-0026]   Complete 100000 origin guides.
[INFO DRT-0026]   Complete 200000 origin guides.
[INFO DRT-0028]   Complete FR_MASTERSLICE.
[INFO DRT-0028]   Complete Fr_VIA.
[INFO DRT-0028]   Complete li1.
[INFO DRT-0028]   Complete mcon.
[INFO DRT-0028]   Complete met1.
[INFO DRT-0028]   Complete via.
[INFO DRT-0028]   Complete met2.
[INFO DRT-0028]   Complete via2.
[INFO DRT-0028]   Complete met3.
[INFO DRT-0028]   Complete via3.
[INFO DRT-0028]   Complete met4.
[INFO DRT-0028]   Complete via4.
[INFO DRT-0028]   Complete met5.
[INFO DRT-0178] Init guide query.
[INFO DRT-0035]   Complete FR_MASTERSLICE (guide).
[INFO DRT-0035]   Complete Fr_VIA (guide).
[INFO DRT-0035]   Complete li1 (guide).
[INFO DRT-0035]   Complete mcon (guide).
[INFO DRT-0035]   Complete met1 (guide).
[INFO DRT-0035]   Complete via (guide).
[INFO DRT-0035]   Complete met2 (guide).
[INFO DRT-0035]   Complete via2 (guide).
[INFO DRT-0035]   Complete met3 (guide).
[INFO DRT-0035]   Complete via3 (guide).
[INFO DRT-0035]   Complete met4 (guide).
[INFO DRT-0035]   Complete via4 (guide).
[INFO DRT-0035]   Complete met5 (guide).
[INFO DRT-0036] FR_MASTERSLICE guide region query size = 0.
[INFO DRT-0036] FR_VIA guide region query size = 0.
[INFO DRT-0036] li1 guide region query size = 87296.
[INFO DRT-0036] mcon guide region query size = 0.
[INFO DRT-0036] met1 guide region query size = 74950.
[INFO DRT-0036] via guide region query size = 0.
[INFO DRT-0036] met2 guide region query size = 39991.
[INFO DRT-0036] via2 guide region query size = 0.
[INFO DRT-0036] met3 guide region query size = 4438.
[INFO DRT-0036] via3 guide region query size = 0.
[INFO DRT-0036] met4 guide region query size = 2134.
[INFO DRT-0036] via4 guide region query size = 0.
[INFO DRT-0036] met5 guide region query size = 56.
[INFO DRT-0179] Init gr pin query.
[INFO DRT-0267] cpu time = 00:00:01, elapsed time = 00:00:00, memory = 3692.06 (MB), peak = 4677.21 (MB)
[INFO DRT-0245] skipped writing guide updates to database.
[INFO DRT-0181] Start track assignment.
[INFO DRT-0184] Done with 129421 vertical wires in 3 frboxes and 79444 horizontal wires in 3 frboxes.
[INFO DRT-0186] Done with 19795 vertical wires in 3 frboxes and 34186 horizontal wires in 3 frboxes.
[INFO DRT-0182] Complete track assignment.
[INFO DRT-0267] cpu time = 00:00:14, elapsed time = 00:00:07, memory = 3692.06 (MB), peak = 4677.21 (MB)
[INFO DRT-0187] Start routing data preparation.
[INFO DRT-0267] cpu time = 00:00:00, elapsed time = 00:00:00, memory = 3692.06 (MB), peak = 4677.21 (MB)
[INFO DRT-0194] Start detail routing.
[INFO DRT-0195] Start 0th optimization iteration.
    Completing 10% with 0 violations.
    elapsed time = 00:00:04, memory = 4023.76 (MB).
    Completing 20% with 0 violations.
    elapsed time = 00:00:09, memory = 3974.50 (MB).
    Completing 30% with 1638 violations.
    elapsed time = 00:00:16, memory = 4052.54 (MB).
    Completing 40% with 1638 violations.
    elapsed time = 00:00:20, memory = 4142.38 (MB).
    Completing 50% with 1638 violations.
    elapsed time = 00:00:25, memory = 3769.04 (MB).
    Completing 60% with 2612 violations.
    elapsed time = 00:00:30, memory = 4198.44 (MB).
    Completing 70% with 2612 violations.
    elapsed time = 00:00:36, memory = 4011.87 (MB).
    Completing 80% with 4086 violations.
    elapsed time = 00:00:40, memory = 4215.55 (MB).
    Completing 90% with 4086 violations.
    elapsed time = 00:00:46, memory = 4169.16 (MB).
    Completing 100% with 5026 violations.
    elapsed time = 00:00:50, memory = 3784.34 (MB).
[INFO DRT-0199]   Number of violations = 5255.
Viol/Layer        met1    via   met2   met3   met4
Metal Spacing      452      0    230     12      9
Min Hole             1      0      0      0      0
Recheck            104      0     83     11     31
Short             2983      3   1252     53     31
[INFO DRT-0267] cpu time = 00:08:05, elapsed time = 00:00:50, memory = 3784.34 (MB), peak = 4677.21 (MB)
Total wire length = 1267140 um.
Total wire length on LAYER li1 = 0 um.
Total wire length on LAYER met1 = 439787 um.
Total wire length on LAYER met2 = 498577 um.
Total wire length on LAYER met3 = 211830 um.
Total wire length on LAYER met4 = 113817 um.
Total wire length on LAYER met5 = 3128 um.
Total number of vias = 262704.
Up-via summary (total 262704):

-------------------------
 FR_MASTERSLICE         0
            li1    109536
           met1    124621
           met2     23178
           met3      5275
           met4        94
-------------------------
               262704


[INFO DRT-0195] Start 1st optimization iteration.
    Completing 10% with 5255 violations.
    elapsed time = 00:00:03, memory = 4263.63 (MB).
    Completing 20% with 5255 violations.
    elapsed time = 00:00:08, memory = 4179.72 (MB).
    Completing 30% with 5021 violations.
    elapsed time = 00:00:15, memory = 4217.52 (MB).
    Completing 40% with 5021 violations.
    elapsed time = 00:00:19, memory = 4191.88 (MB).
    Completing 50% with 5021 violations.
    elapsed time = 00:00:23, memory = 3813.52 (MB).
    Completing 60% with 4947 violations.
    elapsed time = 00:00:29, memory = 4354.96 (MB).
    Completing 70% with 4947 violations.
    elapsed time = 00:00:32, memory = 4141.11 (MB).
    Completing 80% with 4554 violations.
    elapsed time = 00:00:37, memory = 4223.38 (MB).
    Completing 90% with 4554 violations.
    elapsed time = 00:00:41, memory = 4176.81 (MB).
    Completing 100% with 4458 violations.
    elapsed time = 00:00:45, memory = 3838.36 (MB).
[INFO DRT-0199]   Number of violations = 4458.
Viol/Layer        met1   met2   met3   met4
Metal Spacing      625    358      2      0
Short             2716    750      6      1
[INFO DRT-0267] cpu time = 00:07:12, elapsed time = 00:00:45, memory = 3838.36 (MB), peak = 4677.21 (MB)
Total wire length = 1266618 um.
Total wire length on LAYER li1 = 0 um.
Total wire length on LAYER met1 = 439098 um.
Total wire length on LAYER met2 = 498330 um.
Total wire length on LAYER met3 = 212189 um.
Total wire length on LAYER met4 = 113872 um.
Total wire length on LAYER met5 = 3128 um.
Total number of vias = 262667.
Up-via summary (total 262667):

-------------------------
 FR_MASTERSLICE         0
            li1    109534
           met1    124507
           met2     23244
           met3      5288
           met4        94
-------------------------
               262667


[INFO DRT-0195] Start 2nd optimization iteration.
    Completing 10% with 4458 violations.
    elapsed time = 00:00:02, memory = 4320.03 (MB).
    Completing 20% with 4458 violations.
    elapsed time = 00:00:05, memory = 4329.43 (MB).
    Completing 30% with 4306 violations.
    elapsed time = 00:00:10, memory = 3897.77 (MB).
    Completing 40% with 4306 violations.
    elapsed time = 00:00:15, memory = 4287.93 (MB).
    Completing 50% with 4306 violations.
    elapsed time = 00:00:19, memory = 3839.95 (MB).
    Completing 60% with 4244 violations.
    elapsed time = 00:00:23, memory = 4364.21 (MB).
    Completing 70% with 4244 violations.
    elapsed time = 00:00:26, memory = 4210.84 (MB).
    Completing 80% with 4203 violations.
    elapsed time = 00:00:28, memory = 3854.05 (MB).
    Completing 90% with 4203 violations.
    elapsed time = 00:00:32, memory = 4280.27 (MB).
    Completing 100% with 4030 violations.
    elapsed time = 00:00:36, memory = 3839.95 (MB).
[INFO DRT-0199]   Number of violations = 4030.
Viol/Layer        mcon   met1    via   met2   met3   met4
Cut Spacing          1      0      0      0      0      0
Metal Spacing        0    547      0    308      4      0
Short                0   2418      3    740      8      1
[INFO DRT-0267] cpu time = 00:05:13, elapsed time = 00:00:36, memory = 3839.95 (MB), peak = 4677.21 (MB)
Total wire length = 1266527 um.
Total wire length on LAYER li1 = 0 um.
Total wire length on LAYER met1 = 438886 um.
Total wire length on LAYER met2 = 498169 um.
Total wire length on LAYER met3 = 212447 um.
Total wire length on LAYER met4 = 113894 um.
Total wire length on LAYER met5 = 3128 um.
Total number of vias = 262644.
Up-via summary (total 262644):

-------------------------
 FR_MASTERSLICE         0
            li1    109535
           met1    124475
           met2     23258
           met3      5282
           met4        94
-------------------------
               262644


[INFO DRT-0195] Start 3rd optimization iteration.
    Completing 10% with 4030 violations.
    elapsed time = 00:00:08, memory = 4270.00 (MB).
    Completing 20% with 4030 violations.
    elapsed time = 00:00:16, memory = 4323.47 (MB).
    Completing 30% with 3414 violations.
    elapsed time = 00:00:43, memory = 3862.45 (MB).
    Completing 40% with 3414 violations.
    elapsed time = 00:00:52, memory = 4309.84 (MB).
    Completing 50% with 3414 violations.
    elapsed time = 00:01:21, memory = 3844.87 (MB).
    Completing 60% with 2895 violations.
    elapsed time = 00:01:33, memory = 4220.25 (MB).
    Completing 70% with 2895 violations.
    elapsed time = 00:01:40, memory = 4266.53 (MB).
    Completing 80% with 2091 violations.
    elapsed time = 00:01:58, memory = 3844.88 (MB).
    Completing 90% with 2091 violations.
    elapsed time = 00:02:13, memory = 4335.96 (MB).
    Completing 100% with 1491 violations.
    elapsed time = 00:02:27, memory = 3844.88 (MB).
[INFO DRT-0199]   Number of violations = 1491.
Viol/Layer        met1    via   met2   met3
Cut Spacing          0      3      0      0
Metal Spacing      366      0    112      0
Short              836      1    169      4
[INFO DRT-0267] cpu time = 00:19:04, elapsed time = 00:02:27, memory = 3844.88 (MB), peak = 4677.21 (MB)
Total wire length = 1266643 um.
Total wire length on LAYER li1 = 0 um.
Total wire length on LAYER met1 = 433606 um.
Total wire length on LAYER met2 = 496389 um.
Total wire length on LAYER met3 = 217627 um.
Total wire length on LAYER met4 = 115893 um.
Total wire length on LAYER met5 = 3127 um.
Total number of vias = 263589.
Up-via summary (total 263589):

-------------------------
 FR_MASTERSLICE         0
            li1    109532
           met1    124640
           met2     23886
           met3      5437
           met4        94
-------------------------
               263589


[INFO DRT-0195] Start 4th optimization iteration.
    Completing 10% with 1491 violations.
    elapsed time = 00:00:02, memory = 4279.79 (MB).
    Completing 20% with 1491 violations.
    elapsed time = 00:00:03, memory = 4229.48 (MB).
    Completing 30% with 1079 violations.
    elapsed time = 00:00:52, memory = 3844.88 (MB).
    Completing 40% with 1079 violations.
    elapsed time = 00:00:54, memory = 4192.45 (MB).
    Completing 50% with 1079 violations.
    elapsed time = 00:01:13, memory = 3844.88 (MB).
    Completing 60% with 901 violations.
    elapsed time = 00:01:15, memory = 4271.95 (MB).
    Completing 70% with 901 violations.
    elapsed time = 00:01:18, memory = 4222.93 (MB).
    Completing 80% with 672 violations.
    elapsed time = 00:01:32, memory = 3844.88 (MB).
    Completing 90% with 672 violations.
    elapsed time = 00:01:33, memory = 4177.03 (MB).
    Completing 100% with 522 violations.
    elapsed time = 00:01:43, memory = 3844.88 (MB).
[INFO DRT-0199]   Number of violations = 522.
Viol/Layer        met1   met2
Metal Spacing      131     45
Min Hole             1      0
NS Metal             1      0
Short              299     45
[INFO DRT-0267] cpu time = 00:06:54, elapsed time = 00:01:43, memory = 3844.88 (MB), peak = 4677.21 (MB)
Total wire length = 1266526 um.
Total wire length on LAYER li1 = 0 um.
Total wire length on LAYER met1 = 432843 um.
Total wire length on LAYER met2 = 496230 um.
Total wire length on LAYER met3 = 218309 um.
Total wire length on LAYER met4 = 115980 um.
Total wire length on LAYER met5 = 3161 um.
Total number of vias = 263654.
Up-via summary (total 263654):

-------------------------
 FR_MASTERSLICE         0
            li1    109525
           met1    124655
           met2     23931
           met3      5449
           met4        94
-------------------------
               263654


[INFO DRT-0195] Start 5th optimization iteration.
    Completing 10% with 522 violations.
    elapsed time = 00:00:00, memory = 3844.88 (MB).
    Completing 20% with 522 violations.
    elapsed time = 00:00:00, memory = 3844.88 (MB).
    Completing 30% with 464 violations.
    elapsed time = 00:00:23, memory = 3844.88 (MB).
    Completing 40% with 464 violations.
    elapsed time = 00:00:23, memory = 3844.88 (MB).
    Completing 50% with 464 violations.
    elapsed time = 00:00:39, memory = 3845.20 (MB).
    Completing 60% with 395 violations.
    elapsed time = 00:00:39, memory = 3845.20 (MB).
    Completing 70% with 395 violations.
    elapsed time = 00:00:39, memory = 3845.20 (MB).
    Completing 80% with 380 violations.
    elapsed time = 00:00:58, memory = 3845.20 (MB).
    Completing 90% with 380 violations.
    elapsed time = 00:00:58, memory = 3845.20 (MB).
    Completing 100% with 361 violations.
    elapsed time = 00:01:12, memory = 3845.20 (MB).
[INFO DRT-0199]   Number of violations = 361.
Viol/Layer        met1   met2   met3
Metal Spacing       85     40     11
Short              186     35      4
[INFO DRT-0267] cpu time = 00:03:35, elapsed time = 00:01:12, memory = 3845.20 (MB), peak = 4677.21 (MB)
Total wire length = 1266498 um.
Total wire length on LAYER li1 = 0 um.
Total wire length on LAYER met1 = 432688 um.
Total wire length on LAYER met2 = 496161 um.
Total wire length on LAYER met3 = 218414 um.
Total wire length on LAYER met4 = 116072 um.
Total wire length on LAYER met5 = 3161 um.
Total number of vias = 263636.
Up-via summary (total 263636):

-------------------------
 FR_MASTERSLICE         0
            li1    109525
           met1    124632
           met2     23929
           met3      5456
           met4        94
-------------------------
               263636


[INFO DRT-0195] Start 6th optimization iteration.
    Completing 10% with 361 violations.
    elapsed time = 00:00:00, memory = 3845.20 (MB).
    Completing 20% with 361 violations.
    elapsed time = 00:00:00, memory = 3845.20 (MB).
    Completing 30% with 355 violations.
    elapsed time = 00:00:14, memory = 3845.20 (MB).
    Completing 40% with 355 violations.
    elapsed time = 00:00:14, memory = 3845.20 (MB).
    Completing 50% with 355 violations.
    elapsed time = 00:00:20, memory = 3845.20 (MB).
    Completing 60% with 337 violations.
    elapsed time = 00:00:20, memory = 3845.20 (MB).
    Completing 70% with 337 violations.
    elapsed time = 00:00:20, memory = 3845.20 (MB).
    Completing 80% with 314 violations.
    elapsed time = 00:00:30, memory = 3845.20 (MB).
    Completing 90% with 314 violations.
    elapsed time = 00:00:30, memory = 3845.20 (MB).
    Completing 100% with 195 violations.
    elapsed time = 00:00:43, memory = 3845.20 (MB).
[INFO DRT-0199]   Number of violations = 195.
Viol/Layer        met1   met2   met3
Metal Spacing       57      7      2
Short              112     17      0
[INFO DRT-0267] cpu time = 00:01:53, elapsed time = 00:00:43, memory = 3845.20 (MB), peak = 4677.21 (MB)
Total wire length = 1266407 um.
Total wire length on LAYER li1 = 0 um.
Total wire length on LAYER met1 = 432598 um.
Total wire length on LAYER met2 = 496091 um.
Total wire length on LAYER met3 = 218469 um.
Total wire length on LAYER met4 = 116086 um.
Total wire length on LAYER met5 = 3161 um.
Total number of vias = 263657.
Up-via summary (total 263657):

-------------------------
 FR_MASTERSLICE         0
            li1    109524
           met1    124644
           met2     23941
           met3      5454
           met4        94
-------------------------
               263657


[INFO DRT-0195] Start 7th optimization iteration.
    Completing 10% with 195 violations.
    elapsed time = 00:00:00, memory = 3845.20 (MB).
    Completing 20% with 195 violations.
    elapsed time = 00:00:00, memory = 3845.20 (MB).
    Completing 30% with 195 violations.
    elapsed time = 00:00:11, memory = 3845.20 (MB).
    Completing 40% with 195 violations.
    elapsed time = 00:00:11, memory = 3845.20 (MB).
    Completing 50% with 195 violations.
    elapsed time = 00:00:11, memory = 3845.20 (MB).
    Completing 60% with 188 violations.
    elapsed time = 00:00:15, memory = 3845.20 (MB).
    Completing 70% with 188 violations.
    elapsed time = 00:00:15, memory = 3845.20 (MB).
    Completing 80% with 168 violations.
    elapsed time = 00:00:20, memory = 3845.20 (MB).
    Completing 90% with 168 violations.
    elapsed time = 00:00:20, memory = 3845.20 (MB).
    Completing 100% with 139 violations.
    elapsed time = 00:00:34, memory = 3845.20 (MB).
[INFO DRT-0199]   Number of violations = 139.
Viol/Layer        met1   met2
Metal Spacing       48      7
Short               82      2
[INFO DRT-0267] cpu time = 00:01:25, elapsed time = 00:00:34, memory = 3783.22 (MB), peak = 4677.21 (MB)
Total wire length = 1266394 um.
Total wire length on LAYER li1 = 0 um.
Total wire length on LAYER met1 = 432583 um.
Total wire length on LAYER met2 = 496090 um.
Total wire length on LAYER met3 = 218475 um.
Total wire length on LAYER met4 = 116084 um.
Total wire length on LAYER met5 = 3161 um.
Total number of vias = 263647.
Up-via summary (total 263647):

-------------------------
 FR_MASTERSLICE         0
            li1    109525
           met1    124634
           met2     23941
           met3      5453
           met4        94
-------------------------
               263647


[INFO DRT-0195] Start 8th optimization iteration.
    Completing 10% with 139 violations.
    elapsed time = 00:00:00, memory = 3783.22 (MB).
    Completing 20% with 139 violations.
    elapsed time = 00:00:00, memory = 3783.22 (MB).
    Completing 30% with 139 violations.
    elapsed time = 00:00:08, memory = 3783.22 (MB).
    Completing 40% with 139 violations.
    elapsed time = 00:00:08, memory = 3783.22 (MB).
    Completing 50% with 139 violations.
    elapsed time = 00:00:08, memory = 3783.22 (MB).
    Completing 60% with 139 violations.
    elapsed time = 00:00:37, memory = 3783.22 (MB).
    Completing 70% with 139 violations.
    elapsed time = 00:00:37, memory = 3783.22 (MB).
    Completing 80% with 127 violations.
    elapsed time = 00:00:59, memory = 3783.22 (MB).
    Completing 90% with 127 violations.
    elapsed time = 00:00:59, memory = 3783.22 (MB).
    Completing 100% with 127 violations.
    elapsed time = 00:01:20, memory = 3783.22 (MB).
[INFO DRT-0199]   Number of violations = 127.
Viol/Layer        mcon   met1   met2
Cut Spacing          1      0      0
Metal Spacing        0     51      5
Short                0     68      2
[INFO DRT-0267] cpu time = 00:02:04, elapsed time = 00:01:20, memory = 3783.22 (MB), peak = 4677.21 (MB)
Total wire length = 1266300 um.
Total wire length on LAYER li1 = 0 um.
Total wire length on LAYER met1 = 432572 um.
Total wire length on LAYER met2 = 496082 um.
Total wire length on LAYER met3 = 218465 um.
Total wire length on LAYER met4 = 116019 um.
Total wire length on LAYER met5 = 3161 um.
Total number of vias = 263639.
Up-via summary (total 263639):

-------------------------
 FR_MASTERSLICE         0
            li1    109525
           met1    124639
           met2     23933
           met3      5448
           met4        94
-------------------------
               263639


[INFO DRT-0195] Start 9th optimization iteration.
    Completing 10% with 127 violations.
    elapsed time = 00:00:00, memory = 3783.22 (MB).
    Completing 20% with 127 violations.
    elapsed time = 00:00:00, memory = 3783.22 (MB).
    Completing 30% with 127 violations.
    elapsed time = 00:00:29, memory = 3783.22 (MB).
    Completing 40% with 127 violations.
    elapsed time = 00:00:29, memory = 3783.22 (MB).
    Completing 50% with 127 violations.
    elapsed time = 00:00:29, memory = 3783.22 (MB).
    Completing 60% with 126 violations.
    elapsed time = 00:00:54, memory = 3783.22 (MB).
    Completing 70% with 126 violations.
    elapsed time = 00:00:54, memory = 3783.22 (MB).
    Completing 80% with 126 violations.
    elapsed time = 00:01:13, memory = 3783.22 (MB).
    Completing 90% with 126 violations.
    elapsed time = 00:01:13, memory = 3783.22 (MB).
    Completing 100% with 126 violations.
    elapsed time = 00:01:36, memory = 3783.22 (MB).
[INFO DRT-0199]   Number of violations = 126.
Viol/Layer        mcon   met1   met2
Cut Spacing          2      0      0
Metal Spacing        0     48      6
Short                0     68      2
[INFO DRT-0267] cpu time = 00:02:50, elapsed time = 00:01:37, memory = 3783.22 (MB), peak = 4677.21 (MB)
Total wire length = 1266297 um.
Total wire length on LAYER li1 = 0 um.
Total wire length on LAYER met1 = 432527 um.
Total wire length on LAYER met2 = 496015 um.
Total wire length on LAYER met3 = 218542 um.
Total wire length on LAYER met4 = 116050 um.
Total wire length on LAYER met5 = 3161 um.
Total number of vias = 263644.
Up-via summary (total 263644):

-------------------------
 FR_MASTERSLICE         0
            li1    109526
           met1    124631
           met2     23937
           met3      5456
           met4        94
-------------------------
               263644


[INFO DRT-0195] Start 10th optimization iteration.
    Completing 10% with 126 violations.
    elapsed time = 00:00:00, memory = 3783.22 (MB).
    Completing 20% with 126 violations.
    elapsed time = 00:00:00, memory = 3783.22 (MB).
    Completing 30% with 70 violations.
    elapsed time = 00:00:16, memory = 3783.22 (MB).
    Completing 40% with 70 violations.
    elapsed time = 00:00:16, memory = 3783.22 (MB).
    Completing 50% with 70 violations.
    elapsed time = 00:00:16, memory = 3783.22 (MB).
    Completing 60% with 67 violations.
    elapsed time = 00:00:25, memory = 3783.22 (MB).
    Completing 70% with 67 violations.
    elapsed time = 00:00:25, memory = 3783.22 (MB).
    Completing 80% with 33 violations.
    elapsed time = 00:00:32, memory = 3783.22 (MB).
    Completing 90% with 33 violations.
    elapsed time = 00:00:32, memory = 3783.22 (MB).
    Completing 100% with 24 violations.
    elapsed time = 00:00:37, memory = 3783.22 (MB).
[INFO DRT-0199]   Number of violations = 24.
Viol/Layer        met1   met2
Metal Spacing       11      2
Short               11      0
[INFO DRT-0267] cpu time = 00:01:11, elapsed time = 00:00:37, memory = 3783.22 (MB), peak = 4677.21 (MB)
Total wire length = 1266328 um.
Total wire length on LAYER li1 = 0 um.
Total wire length on LAYER met1 = 432436 um.
Total wire length on LAYER met2 = 496021 um.
Total wire length on LAYER met3 = 218594 um.
Total wire length on LAYER met4 = 116113 um.
Total wire length on LAYER met5 = 3161 um.
Total number of vias = 263656.
Up-via summary (total 263656):

-------------------------
 FR_MASTERSLICE         0
            li1    109527
           met1    124621
           met2     23953
           met3      5461
           met4        94
-------------------------
               263656


[INFO DRT-0195] Start 11th guides tiles iteration.
    Completing 10% with 24 violations.
    elapsed time = 00:00:00, memory = 3783.22 (MB).
    Completing 20% with 24 violations.
    elapsed time = 00:00:00, memory = 3783.22 (MB).
    Completing 40% with 24 violations.
    elapsed time = 00:00:00, memory = 3783.22 (MB).
    Completing 50% with 24 violations.
    elapsed time = 00:00:00, memory = 3783.22 (MB).
    Completing 70% with 10 violations.
    elapsed time = 00:00:01, memory = 3783.22 (MB).
    Completing 80% with 10 violations.
    elapsed time = 00:00:01, memory = 3783.22 (MB).
    Completing 100% with 5 violations.
    elapsed time = 00:00:01, memory = 3783.22 (MB).
[INFO DRT-0199]   Number of violations = 5.
Viol/Layer        met1
Metal Spacing        3
Short                2
[INFO DRT-0267] cpu time = 00:00:03, elapsed time = 00:00:01, memory = 3783.22 (MB), peak = 4677.21 (MB)
Total wire length = 1266339 um.
Total wire length on LAYER li1 = 0 um.
Total wire length on LAYER met1 = 432438 um.
Total wire length on LAYER met2 = 496001 um.
Total wire length on LAYER met3 = 218601 um.
Total wire length on LAYER met4 = 116136 um.
Total wire length on LAYER met5 = 3161 um.
Total number of vias = 263666.
Up-via summary (total 263666):

-------------------------
 FR_MASTERSLICE         0
            li1    109527
           met1    124623
           met2     23956
           met3      5466
           met4        94
-------------------------
               263666


[INFO DRT-0195] Start 12th guides tiles iteration.
    Completing 50% with 5 violations.
    elapsed time = 00:00:00, memory = 3783.22 (MB).
    Completing 100% with 0 violations.
    elapsed time = 00:00:00, memory = 3783.22 (MB).
[INFO DRT-0199]   Number of violations = 0.
[INFO DRT-0267] cpu time = 00:00:00, elapsed time = 00:00:00, memory = 3783.22 (MB), peak = 4677.21 (MB)
Total wire length = 1266341 um.
Total wire length on LAYER li1 = 0 um.
Total wire length on LAYER met1 = 432436 um.
Total wire length on LAYER met2 = 496005 um.
Total wire length on LAYER met3 = 218601 um.
Total wire length on LAYER met4 = 116136 um.
Total wire length on LAYER met5 = 3161 um.
Total number of vias = 263667.
Up-via summary (total 263667):

-------------------------
 FR_MASTERSLICE         0
            li1    109527
           met1    124624
           met2     23956
           met3      5466
           met4        94
-------------------------
               263667


[INFO DRT-0198] Complete detail routing.
Total wire length = 1266341 um.
Total wire length on LAYER li1 = 0 um.
Total wire length on LAYER met1 = 432436 um.
Total wire length on LAYER met2 = 496005 um.
Total wire length on LAYER met3 = 218601 um.
Total wire length on LAYER met4 = 116136 um.
Total wire length on LAYER met5 = 3161 um.
Total number of vias = 263667.
Up-via summary (total 263667):

-------------------------
 FR_MASTERSLICE         0
            li1    109527
           met1    124624
           met2     23956
           met3      5466
           met4        94
-------------------------
               263667


[INFO DRT-0267] cpu time = 00:59:35, elapsed time = 00:12:33, memory = 3783.22 (MB), peak = 4677.21 (MB)

[INFO DRT-0180] Post processing.
[INFO DRT-0501] Runtime: 835.59s
[INFO ANT-0002] Found 6 net violations.
[INFO ANT-0001] Found 10 pin violations.
[INFO GRT-0012] Found 6 antenna violations.
[INFO DPL-0006] Core area: 569088.30 um^2
[INFO DPL-0007] Movable instances area: 0.00 um^2
[INFO DPL-0008] Fixed instances area within core: 287540.77 um^2
[INFO DPL-0009] Utilization: 50.5%
[INFO DPL-0005] Diamond search max displacement: +/- 500 sites horizontally, +/- 100 rows vertically.
[INFO DPL-1102] Legalizing using negotiation legalizer.
[INFO DPL-1103] Negotiation base search window: +/-20 sites horizontally, +/-5 rows vertically 
	Automatic search window extension enabled.
	Search window extendable up to the max displacement cap of +/-500 sites, +/-100 rows near walls.
[INFO DPL-1104] NegotiationLegalizer DRC penalty: 5.
[INFO DPL-0392] Negotiation cell height distribution (1 unique row-count(s)):
[INFO DPL-0393]   height 1 row(s): 37732 cells
[INFO DPL-0500] Runtime: 0.20s
[INFO GRT-0015] Inserted 10 diodes.
[WARNING DRT-0120] Large net net3299 has 109 pins which may impact routing performance. Consider optimization.
[WARNING DRT-0120] Large net net3294 has 148 pins which may impact routing performance. Consider optimization.
[WARNING DRT-0120] Large net net3288 has 107 pins which may impact routing performance. Consider optimization.
[WARNING DRT-0120] Large net net3280 has 119 pins which may impact routing performance. Consider optimization.
[WARNING DRT-0120] Large net net3715 has 123 pins which may impact routing performance. Consider optimization.
[WARNING DRT-0120] Large net net3710 has 117 pins which may impact routing performance. Consider optimization.
[WARNING DRT-0120] Large net net3702 has 117 pins which may impact routing performance. Consider optimization.
[WARNING DRT-0120] Large net net3696 has 105 pins which may impact routing performance. Consider optimization.
[WARNING DRT-0120] Large net net3695 has 110 pins which may impact routing performance. Consider optimization.
[WARNING DRT-0120] Large net net3566 has 109 pins which may impact routing performance. Consider optimization.
[WARNING DRT-0120] Large net net3558 has 113 pins which may impact routing performance. Consider optimization.
[WARNING DRT-0120] Large net net3549 has 124 pins which may impact routing performance. Consider optimization.
[WARNING DRT-0120] Large net net3540 has 117 pins which may impact routing performance. Consider optimization.
[WARNING DRT-0120] Large net net3683 has 124 pins which may impact routing performance. Consider optimization.
[WARNING DRT-0120] Large net net3495 has 120 pins which may impact routing performance. Consider optimization.
[WARNING DRT-0120] Large net net3415 has 101 pins which may impact routing performance. Consider optimization.
[WARNING DRT-0120] Large net net3400 has 109 pins which may impact routing performance. Consider optimization.
[WARNING DRT-0120] Large net net3273 has 119 pins which may impact routing performance. Consider optimization.
[INFO DRT-0024]   Complete FR_MASTERSLICE.
[INFO DRT-0024]   Complete Fr_VIA.
[INFO DRT-0024]   Complete li1.
[INFO DRT-0024]   Complete mcon.
[INFO DRT-0024]   Complete met1.
[INFO DRT-0024]   Complete via.
[INFO DRT-0024]   Complete met2.
[INFO DRT-0024]   Complete via2.
[INFO DRT-0024]   Complete met3.
[INFO DRT-0024]   Complete via3.
[INFO DRT-0024]   Complete met4.
[INFO DRT-0024]   Complete via4.
[INFO DRT-0024]   Complete met5.
[INFO DRT-0165] Start pin access.
[INFO DRT-0076]   Complete 1000 pins.
[INFO DRT-0076]   Complete 2000 pins.
[INFO DRT-0078]   Complete 2310 pins.
[INFO DRT-0079]   Complete 100 unique inst patterns.
[INFO DRT-0079]   Complete 200 unique inst patterns.
[INFO DRT-0081]   Complete 285 unique inst patterns.
[INFO DRT-0082]   Complete 10000 groups.
[INFO DRT-0084]   Complete 18757 groups.
#scanned instances     = 37732
#unique  instances     = 285
#stdCellGenAp          = 10490
#stdCellValidPlanarAp  = 149
#stdCellValidViaAp     = 6752
#stdCellPinNoAp        = 10
#stdCellPinCnt         = 109267
#instTermValidViaApCnt = 0
#macroGenAp            = 0
#macroValidPlanarAp    = 0
#macroValidViaAp       = 0
#macroNoAp             = 0
[INFO DRT-0166] Complete pin access.
[INFO DRT-0267] cpu time = 00:18:51, elapsed time = 00:01:39, memory = 3734.93 (MB), peak = 4677.21 (MB)
[INFO DRT-0156] guideIn read 100000 guides.
[INFO DRT-0156] guideIn read 200000 guides.

[INFO DRT-0157] Number of guides:     259245

[INFO DRT-0169] Post process guides.
[INFO DRT-0176] GCELLGRID X 0 DO 109 STEP 6900 ;
[INFO DRT-0177] GCELLGRID Y 0 DO 109 STEP 6900 ;
[INFO DRT-0026]   Complete 100000 origin guides.
[INFO DRT-0026]   Complete 200000 origin guides.
[INFO DRT-0028]   Complete FR_MASTERSLICE.
[INFO DRT-0028]   Complete Fr_VIA.
[INFO DRT-0028]   Complete li1.
[INFO DRT-0028]   Complete mcon.
[INFO DRT-0028]   Complete met1.
[INFO DRT-0028]   Complete via.
[INFO DRT-0028]   Complete met2.
[INFO DRT-0028]   Complete via2.
[INFO DRT-0028]   Complete met3.
[INFO DRT-0028]   Complete via3.
[INFO DRT-0028]   Complete met4.
[INFO DRT-0028]   Complete via4.
[INFO DRT-0028]   Complete met5.
[INFO DRT-0178] Init guide query.
[INFO DRT-0035]   Complete FR_MASTERSLICE (guide).
[INFO DRT-0035]   Complete Fr_VIA (guide).
[INFO DRT-0035]   Complete li1 (guide).
[INFO DRT-0035]   Complete mcon (guide).
[INFO DRT-0035]   Complete met1 (guide).
[INFO DRT-0035]   Complete via (guide).
[INFO DRT-0035]   Complete met2 (guide).
[INFO DRT-0035]   Complete via2 (guide).
[INFO DRT-0035]   Complete met3 (guide).
[INFO DRT-0035]   Complete via3 (guide).
[INFO DRT-0035]   Complete met4 (guide).
[INFO DRT-0035]   Complete via4 (guide).
[INFO DRT-0035]   Complete met5 (guide).
[INFO DRT-0036] FR_MASTERSLICE guide region query size = 0.
[INFO DRT-0036] FR_VIA guide region query size = 0.
[INFO DRT-0036] li1 guide region query size = 87300.
[INFO DRT-0036] mcon guide region query size = 0.
[INFO DRT-0036] met1 guide region query size = 74949.
[INFO DRT-0036] via guide region query size = 0.
[INFO DRT-0036] met2 guide region query size = 39978.
[INFO DRT-0036] via2 guide region query size = 0.
[INFO DRT-0036] met3 guide region query size = 4415.
[INFO DRT-0036] via3 guide region query size = 0.
[INFO DRT-0036] met4 guide region query size = 2124.
[INFO DRT-0036] via4 guide region query size = 0.
[INFO DRT-0036] met5 guide region query size = 55.
[INFO DRT-0179] Init gr pin query.
[INFO DRT-0267] cpu time = 00:00:01, elapsed time = 00:00:00, memory = 3734.93 (MB), peak = 4677.21 (MB)
[INFO DRT-0245] skipped writing guide updates to database.
[INFO DRT-0181] Start track assignment.
[INFO DRT-0184] Done with 129402 vertical wires in 3 frboxes and 79419 horizontal wires in 3 frboxes.
[INFO DRT-0186] Done with 19932 vertical wires in 3 frboxes and 34356 horizontal wires in 3 frboxes.
[INFO DRT-0182] Complete track assignment.
[INFO DRT-0267] cpu time = 00:00:14, elapsed time = 00:00:07, memory = 3734.93 (MB), peak = 4677.21 (MB)
[INFO DRT-0187] Start routing data preparation.
[INFO DRT-0267] cpu time = 00:00:00, elapsed time = 00:00:00, memory = 3734.93 (MB), peak = 4677.21 (MB)
[INFO DRT-0194] Start detail routing.
[INFO DRT-0195] Start 0th optimization iteration.
    Completing 10% with 0 violations.
    elapsed time = 00:00:02, memory = 4114.50 (MB).
    Completing 20% with 0 violations.
    elapsed time = 00:00:07, memory = 3984.47 (MB).
    Completing 30% with 965 violations.
    elapsed time = 00:00:13, memory = 4045.77 (MB).
    Completing 40% with 965 violations.
    elapsed time = 00:00:17, memory = 4125.27 (MB).
    Completing 50% with 965 violations.
    elapsed time = 00:00:25, memory = 3779.54 (MB).
    Completing 60% with 1882 violations.
    elapsed time = 00:00:29, memory = 4214.79 (MB).
    Completing 70% with 1882 violations.
    elapsed time = 00:00:33, memory = 4033.78 (MB).
    Completing 80% with 2647 violations.
    elapsed time = 00:00:38, memory = 4119.16 (MB).
    Completing 90% with 2647 violations.
    elapsed time = 00:00:43, memory = 4135.67 (MB).
    Completing 100% with 3489 violations.
    elapsed time = 00:00:52, memory = 3795.73 (MB).
[INFO DRT-0199]   Number of violations = 3729.
Viol/Layer        met1    via   met2   met3   met4
Metal Spacing      357      0    195     13      2
Min Hole             1      0      0      0      0
NS Metal             1      0      0      0      0
Recheck            144      0     87      6      3
Short             2009      2    859     38     12
[INFO DRT-0267] cpu time = 00:07:15, elapsed time = 00:00:52, memory = 3795.73 (MB), peak = 4677.21 (MB)
Total wire length = 1267308 um.
Total wire length on LAYER li1 = 0 um.
Total wire length on LAYER met1 = 436912 um.
Total wire length on LAYER met2 = 497450 um.
Total wire length on LAYER met3 = 214793 um.
Total wire length on LAYER met4 = 115010 um.
Total wire length on LAYER met5 = 3141 um.
Total number of vias = 263403.
Up-via summary (total 263403):

-------------------------
 FR_MASTERSLICE         0
            li1    109540
           met1    124830
           met2     23582
           met3      5359
           met4        92
-------------------------
               263403


[INFO DRT-0195] Start 1st optimization iteration.
    Completing 10% with 3729 violations.
    elapsed time = 00:00:02, memory = 4153.79 (MB).
    Completing 20% with 3729 violations.
    elapsed time = 00:00:06, memory = 4117.18 (MB).
    Completing 30% with 3478 violations.
    elapsed time = 00:00:10, memory = 4246.82 (MB).
    Completing 40% with 3478 violations.
    elapsed time = 00:00:14, memory = 4244.68 (MB).
    Completing 50% with 3478 violations.
    elapsed time = 00:00:19, memory = 3819.45 (MB).
    Completing 60% with 3060 violations.
    elapsed time = 00:00:23, memory = 4264.53 (MB).
    Completing 70% with 3060 violations.
    elapsed time = 00:00:27, memory = 4154.04 (MB).
    Completing 80% with 2867 violations.
    elapsed time = 00:00:33, memory = 4248.82 (MB).
    Completing 90% with 2867 violations.
    elapsed time = 00:00:38, memory = 4149.64 (MB).
    Completing 100% with 2399 violations.
    elapsed time = 00:00:41, memory = 3819.45 (MB).
[INFO DRT-0199]   Number of violations = 2399.
Viol/Layer        mcon   met1   met2   met3   met4
Cut Spacing          1      0      0      0      0
Metal Spacing        0    318    183      0      0
Short                0   1453    425     16      3
[INFO DRT-0267] cpu time = 00:06:39, elapsed time = 00:00:41, memory = 3819.45 (MB), peak = 4677.21 (MB)
Total wire length = 1266770 um.
Total wire length on LAYER li1 = 0 um.
Total wire length on LAYER met1 = 436362 um.
Total wire length on LAYER met2 = 497164 um.
Total wire length on LAYER met3 = 215069 um.
Total wire length on LAYER met4 = 115033 um.
Total wire length on LAYER met5 = 3141 um.
Total number of vias = 263302.
Up-via summary (total 263302):

-------------------------
 FR_MASTERSLICE         0
            li1    109539
           met1    124714
           met2     23595
           met3      5362
           met4        92
-------------------------
               263302


[INFO DRT-0195] Start 2nd optimization iteration.
    Completing 10% with 2399 violations.
    elapsed time = 00:00:01, memory = 4302.89 (MB).
    Completing 20% with 2399 violations.
    elapsed time = 00:00:03, memory = 4310.51 (MB).
    Completing 30% with 2379 violations.
    elapsed time = 00:00:07, memory = 3819.45 (MB).
    Completing 40% with 2379 violations.
    elapsed time = 00:00:10, memory = 4221.59 (MB).
    Completing 50% with 2379 violations.
    elapsed time = 00:00:16, memory = 3819.45 (MB).
    Completing 60% with 2389 violations.
    elapsed time = 00:00:19, memory = 4258.28 (MB).
    Completing 70% with 2389 violations.
    elapsed time = 00:00:20, memory = 4298.55 (MB).
    Completing 80% with 2468 violations.
    elapsed time = 00:00:24, memory = 3819.45 (MB).
    Completing 90% with 2468 violations.
    elapsed time = 00:00:27, memory = 4308.02 (MB).
    Completing 100% with 2453 violations.
    elapsed time = 00:00:33, memory = 3819.45 (MB).
[INFO DRT-0199]   Number of violations = 2453.
Viol/Layer        met1   met2   met3   met4
Metal Spacing      314    201     12      1
Short             1456    453     15      1
[INFO DRT-0267] cpu time = 00:03:58, elapsed time = 00:00:33, memory = 3819.45 (MB), peak = 4677.21 (MB)
Total wire length = 1266657 um.
Total wire length on LAYER li1 = 0 um.
Total wire length on LAYER met1 = 436094 um.
Total wire length on LAYER met2 = 497157 um.
Total wire length on LAYER met3 = 215215 um.
Total wire length on LAYER met4 = 115048 um.
Total wire length on LAYER met5 = 3141 um.
Total number of vias = 263282.
Up-via summary (total 263282):

-------------------------
 FR_MASTERSLICE         0
            li1    109540
           met1    124685
           met2     23599
           met3      5366
           met4        92
-------------------------
               263282


[INFO DRT-0195] Start 3rd optimization iteration.
    Completing 10% with 2453 violations.
    elapsed time = 00:00:01, memory = 4192.96 (MB).
    Completing 20% with 2453 violations.
    elapsed time = 00:00:06, memory = 4257.49 (MB).
    Completing 30% with 2094 violations.
    elapsed time = 00:00:20, memory = 3819.45 (MB).
    Completing 40% with 2094 violations.
    elapsed time = 00:00:25, memory = 4256.05 (MB).
    Completing 50% with 2094 violations.
    elapsed time = 00:00:43, memory = 3819.45 (MB).
    Completing 60% with 1687 violations.
    elapsed time = 00:00:47, memory = 4270.75 (MB).
    Completing 70% with 1687 violations.
    elapsed time = 00:00:52, memory = 4261.18 (MB).
    Completing 80% with 1226 violations.
    elapsed time = 00:01:16, memory = 3821.27 (MB).
    Completing 90% with 1226 violations.
    elapsed time = 00:01:22, memory = 4319.42 (MB).
    Completing 100% with 853 violations.
    elapsed time = 00:01:42, memory = 3819.45 (MB).
[INFO DRT-0199]   Number of violations = 853.
Viol/Layer        met1    via   met2   met3   met4
Cut Spacing          0      1      0      0      0
Metal Spacing      216      0     66      0      1
Short              463      0    103      3      0
[INFO DRT-0267] cpu time = 00:11:00, elapsed time = 00:01:43, memory = 3819.45 (MB), peak = 4677.21 (MB)
Total wire length = 1266756 um.
Total wire length on LAYER li1 = 0 um.
Total wire length on LAYER met1 = 433435 um.
Total wire length on LAYER met2 = 496288 um.
Total wire length on LAYER met3 = 217872 um.
Total wire length on LAYER met4 = 115982 um.
Total wire length on LAYER met5 = 3177 um.
Total number of vias = 263836.
Up-via summary (total 263836):

-------------------------
 FR_MASTERSLICE         0
            li1    109543
           met1    124782
           met2     23961
           met3      5456
           met4        94
-------------------------
               263836


[INFO DRT-0195] Start 4th optimization iteration.
    Completing 10% with 853 violations.
    elapsed time = 00:00:00, memory = 3819.45 (MB).
    Completing 20% with 853 violations.
    elapsed time = 00:00:01, memory = 4170.23 (MB).
    Completing 30% with 738 violations.
    elapsed time = 00:00:26, memory = 3819.45 (MB).
    Completing 40% with 738 violations.
    elapsed time = 00:00:26, memory = 3819.45 (MB).
    Completing 50% with 738 violations.
    elapsed time = 00:00:49, memory = 3819.45 (MB).
    Completing 60% with 606 violations.
    elapsed time = 00:00:49, memory = 3819.45 (MB).
    Completing 70% with 606 violations.
    elapsed time = 00:00:50, memory = 4198.23 (MB).
    Completing 80% with 476 violations.
    elapsed time = 00:01:01, memory = 3819.45 (MB).
    Completing 90% with 476 violations.
    elapsed time = 00:01:01, memory = 3819.45 (MB).
    Completing 100% with 353 violations.
    elapsed time = 00:01:23, memory = 3819.45 (MB).
[INFO DRT-0199]   Number of violations = 353.
Viol/Layer        mcon   met1   met2   met3
Cut Spacing          1      0      0      0
Metal Spacing        0    111     20      0
Short                0    202     16      3
[INFO DRT-0267] cpu time = 00:04:36, elapsed time = 00:01:23, memory = 3793.15 (MB), peak = 4677.21 (MB)
Total wire length = 1266653 um.
Total wire length on LAYER li1 = 0 um.
Total wire length on LAYER met1 = 432868 um.
Total wire length on LAYER met2 = 496067 um.
Total wire length on LAYER met3 = 218271 um.
Total wire length on LAYER met4 = 116268 um.
Total wire length on LAYER met5 = 3177 um.
Total number of vias = 263870.
Up-via summary (total 263870):

-------------------------
 FR_MASTERSLICE         0
            li1    109545
           met1    124763
           met2     23994
           met3      5474
           met4        94
-------------------------
               263870


[INFO DRT-0195] Start 5th optimization iteration.
    Completing 10% with 353 violations.
    elapsed time = 00:00:00, memory = 3793.15 (MB).
    Completing 20% with 353 violations.
    elapsed time = 00:00:00, memory = 3793.15 (MB).
    Completing 30% with 309 violations.
    elapsed time = 00:00:17, memory = 3793.15 (MB).
    Completing 40% with 309 violations.
    elapsed time = 00:00:17, memory = 3793.15 (MB).
    Completing 50% with 309 violations.
    elapsed time = 00:00:25, memory = 3793.15 (MB).
    Completing 60% with 264 violations.
    elapsed time = 00:00:25, memory = 3793.15 (MB).
    Completing 70% with 264 violations.
    elapsed time = 00:00:25, memory = 3793.15 (MB).
    Completing 80% with 221 violations.
    elapsed time = 00:00:33, memory = 3793.15 (MB).
    Completing 90% with 221 violations.
    elapsed time = 00:00:33, memory = 3793.15 (MB).
    Completing 100% with 200 violations.
    elapsed time = 00:00:38, memory = 3793.15 (MB).
[INFO DRT-0199]   Number of violations = 200.
Viol/Layer        mcon   met1   met2
Cut Spacing          1      0      0
Metal Spacing        0     72     11
Short                0    104     12
[INFO DRT-0267] cpu time = 00:02:11, elapsed time = 00:00:38, memory = 3793.15 (MB), peak = 4677.21 (MB)
Total wire length = 1266615 um.
Total wire length on LAYER li1 = 0 um.
Total wire length on LAYER met1 = 432802 um.
Total wire length on LAYER met2 = 495973 um.
Total wire length on LAYER met3 = 218287 um.
Total wire length on LAYER met4 = 116374 um.
Total wire length on LAYER met5 = 3177 um.
Total number of vias = 263882.
Up-via summary (total 263882):

-------------------------
 FR_MASTERSLICE         0
            li1    109544
           met1    124765
           met2     23996
           met3      5483
           met4        94
-------------------------
               263882


[INFO DRT-0195] Start 6th optimization iteration.
    Completing 10% with 200 violations.
    elapsed time = 00:00:00, memory = 3793.15 (MB).
    Completing 20% with 200 violations.
    elapsed time = 00:00:00, memory = 3793.15 (MB).
    Completing 30% with 189 violations.
    elapsed time = 00:00:22, memory = 3793.15 (MB).
    Completing 40% with 189 violations.
    elapsed time = 00:00:22, memory = 3793.15 (MB).
    Completing 50% with 189 violations.
    elapsed time = 00:00:31, memory = 3793.15 (MB).
    Completing 60% with 166 violations.
    elapsed time = 00:00:31, memory = 3793.15 (MB).
    Completing 70% with 166 violations.
    elapsed time = 00:00:31, memory = 3793.15 (MB).
    Completing 80% with 148 violations.
    elapsed time = 00:00:39, memory = 3793.15 (MB).
    Completing 90% with 148 violations.
    elapsed time = 00:00:39, memory = 3793.15 (MB).
    Completing 100% with 127 violations.
    elapsed time = 00:00:50, memory = 3793.15 (MB).
[INFO DRT-0199]   Number of violations = 127.
Viol/Layer        met1   met2
Metal Spacing       46     11
Short               60     10
[INFO DRT-0267] cpu time = 00:01:20, elapsed time = 00:00:50, memory = 3793.15 (MB), peak = 4677.21 (MB)
Total wire length = 1266579 um.
Total wire length on LAYER li1 = 0 um.
Total wire length on LAYER met1 = 432731 um.
Total wire length on LAYER met2 = 495945 um.
Total wire length on LAYER met3 = 218355 um.
Total wire length on LAYER met4 = 116368 um.
Total wire length on LAYER met5 = 3177 um.
Total number of vias = 263862.
Up-via summary (total 263862):

-------------------------
 FR_MASTERSLICE         0
            li1    109545
           met1    124747
           met2     23991
           met3      5485
           met4        94
-------------------------
               263862


[INFO DRT-0195] Start 7th optimization iteration.
    Completing 10% with 127 violations.
    elapsed time = 00:00:00, memory = 3793.15 (MB).
    Completing 20% with 127 violations.
    elapsed time = 00:00:00, memory = 3793.15 (MB).
    Completing 30% with 127 violations.
    elapsed time = 00:00:21, memory = 3793.15 (MB).
    Completing 40% with 127 violations.
    elapsed time = 00:00:21, memory = 3793.15 (MB).
    Completing 50% with 127 violations.
    elapsed time = 00:00:21, memory = 3793.15 (MB).
    Completing 60% with 126 violations.
    elapsed time = 00:00:27, memory = 3793.15 (MB).
    Completing 70% with 126 violations.
    elapsed time = 00:00:27, memory = 3793.15 (MB).
    Completing 80% with 108 violations.
    elapsed time = 00:00:33, memory = 3793.15 (MB).
    Completing 90% with 108 violations.
    elapsed time = 00:00:33, memory = 3793.15 (MB).
    Completing 100% with 108 violations.
    elapsed time = 00:00:37, memory = 3793.15 (MB).
[INFO DRT-0199]   Number of violations = 108.
Viol/Layer        met1   met2
Metal Spacing       41      7
Short               50     10
[INFO DRT-0267] cpu time = 00:00:48, elapsed time = 00:00:37, memory = 3793.15 (MB), peak = 4677.21 (MB)
Total wire length = 1266585 um.
Total wire length on LAYER li1 = 0 um.
Total wire length on LAYER met1 = 432720 um.
Total wire length on LAYER met2 = 495937 um.
Total wire length on LAYER met3 = 218383 um.
Total wire length on LAYER met4 = 116366 um.
Total wire length on LAYER met5 = 3177 um.
Total number of vias = 263861.
Up-via summary (total 263861):

-------------------------
 FR_MASTERSLICE         0
            li1    109545
           met1    124743
           met2     23994
           met3      5485
           met4        94
-------------------------
               263861


[INFO DRT-0195] Start 8th optimization iteration.
    Completing 10% with 108 violations.
    elapsed time = 00:00:00, memory = 3793.15 (MB).
    Completing 20% with 108 violations.
    elapsed time = 00:00:00, memory = 3793.15 (MB).
    Completing 30% with 106 violations.
    elapsed time = 00:00:05, memory = 3793.15 (MB).
    Completing 40% with 106 violations.
    elapsed time = 00:00:05, memory = 3793.15 (MB).
    Completing 50% with 106 violations.
    elapsed time = 00:00:05, memory = 3793.15 (MB).
    Completing 60% with 72 violations.
    elapsed time = 00:00:19, memory = 3793.15 (MB).
    Completing 70% with 72 violations.
    elapsed time = 00:00:19, memory = 3793.15 (MB).
    Completing 80% with 59 violations.
    elapsed time = 00:00:33, memory = 3793.15 (MB).
    Completing 90% with 59 violations.
    elapsed time = 00:00:33, memory = 3793.15 (MB).
    Completing 100% with 59 violations.
    elapsed time = 00:00:39, memory = 3793.15 (MB).
[INFO DRT-0199]   Number of violations = 59.
Viol/Layer        met1   met2
Metal Spacing       16      6
Short               29      8
[INFO DRT-0267] cpu time = 00:00:46, elapsed time = 00:00:39, memory = 3793.15 (MB), peak = 4677.21 (MB)
Total wire length = 1266586 um.
Total wire length on LAYER li1 = 0 um.
Total wire length on LAYER met1 = 432777 um.
Total wire length on LAYER met2 = 495960 um.
Total wire length on LAYER met3 = 218314 um.
Total wire length on LAYER met4 = 116357 um.
Total wire length on LAYER met5 = 3177 um.
Total number of vias = 263863.
Up-via summary (total 263863):

-------------------------
 FR_MASTERSLICE         0
            li1    109547
           met1    124758
           met2     23981
           met3      5483
           met4        94
-------------------------
               263863


[INFO DRT-0195] Start 9th guides tiles iteration.
    Completing 10% with 59 violations.
    elapsed time = 00:00:00, memory = 3874.10 (MB).
    Completing 20% with 59 violations.
    elapsed time = 00:00:00, memory = 3874.10 (MB).
    Completing 30% with 59 violations.
    elapsed time = 00:00:00, memory = 3874.10 (MB).
    Completing 40% with 59 violations.
    elapsed time = 00:00:14, memory = 3793.15 (MB).
    Completing 50% with 51 violations.
    elapsed time = 00:00:14, memory = 3793.15 (MB).
    Completing 60% with 51 violations.
    elapsed time = 00:00:14, memory = 3857.06 (MB).
    Completing 70% with 51 violations.
    elapsed time = 00:00:14, memory = 3857.06 (MB).
    Completing 80% with 51 violations.
    elapsed time = 00:00:27, memory = 3793.15 (MB).
    Completing 90% with 29 violations.
    elapsed time = 00:00:27, memory = 3793.15 (MB).
    Completing 100% with 29 violations.
    elapsed time = 00:00:27, memory = 3793.15 (MB).
[INFO DRT-0199]   Number of violations = 29.
Viol/Layer        met1   met2
Metal Spacing       11      3
Short               14      1
[INFO DRT-0267] cpu time = 00:00:29, elapsed time = 00:00:27, memory = 3793.15 (MB), peak = 4677.21 (MB)
Total wire length = 1266517 um.
Total wire length on LAYER li1 = 0 um.
Total wire length on LAYER met1 = 432722 um.
Total wire length on LAYER met2 = 495897 um.
Total wire length on LAYER met3 = 218365 um.
Total wire length on LAYER met4 = 116353 um.
Total wire length on LAYER met5 = 3177 um.
Total number of vias = 263844.
Up-via summary (total 263844):

-------------------------
 FR_MASTERSLICE         0
            li1    109546
           met1    124736
           met2     23983
           met3      5485
           met4        94
-------------------------
               263844


[INFO DRT-0195] Start 10th guides tiles iteration.
    Completing 10% with 29 violations.
    elapsed time = 00:00:00, memory = 3793.15 (MB).
    Completing 20% with 29 violations.
    elapsed time = 00:00:00, memory = 3793.15 (MB).
    Completing 40% with 29 violations.
    elapsed time = 00:00:00, memory = 3793.15 (MB).
    Completing 50% with 21 violations.
    elapsed time = 00:00:00, memory = 3793.15 (MB).
    Completing 70% with 21 violations.
    elapsed time = 00:00:02, memory = 3793.15 (MB).
    Completing 80% with 12 violations.
    elapsed time = 00:00:02, memory = 3793.15 (MB).
    Completing 100% with 10 violations.
    elapsed time = 00:00:02, memory = 3793.15 (MB).
[INFO DRT-0199]   Number of violations = 10.
Viol/Layer        met1
Metal Spacing        2
Short                8
[INFO DRT-0267] cpu time = 00:00:04, elapsed time = 00:00:03, memory = 3793.15 (MB), peak = 4677.21 (MB)
Total wire length = 1266543 um.
Total wire length on LAYER li1 = 0 um.
Total wire length on LAYER met1 = 432736 um.
Total wire length on LAYER met2 = 495915 um.
Total wire length on LAYER met3 = 218360 um.
Total wire length on LAYER met4 = 116353 um.
Total wire length on LAYER met5 = 3177 um.
Total number of vias = 263867.
Up-via summary (total 263867):

-------------------------
 FR_MASTERSLICE         0
            li1    109546
           met1    124757
           met2     23985
           met3      5485
           met4        94
-------------------------
               263867


[INFO DRT-0195] Start 11th guides tiles iteration.
    Completing 50% with 10 violations.
    elapsed time = 00:00:00, memory = 3793.15 (MB).
    Completing 100% with 10 violations.
    elapsed time = 00:00:00, memory = 3793.15 (MB).
[INFO DRT-0199]   Number of violations = 10.
Viol/Layer        met1
Metal Spacing        2
Short                8
[INFO DRT-0267] cpu time = 00:00:01, elapsed time = 00:00:00, memory = 3793.15 (MB), peak = 4677.21 (MB)
Total wire length = 1266543 um.
Total wire length on LAYER li1 = 0 um.
Total wire length on LAYER met1 = 432736 um.
Total wire length on LAYER met2 = 495915 um.
Total wire length on LAYER met3 = 218360 um.
Total wire length on LAYER met4 = 116353 um.
Total wire length on LAYER met5 = 3177 um.
Total number of vias = 263867.
Up-via summary (total 263867):

-------------------------
 FR_MASTERSLICE         0
            li1    109546
           met1    124757
           met2     23985
           met3      5485
           met4        94
-------------------------
               263867


[INFO DRT-0195] Start 12th stubborn tiles iteration.
    Completing 10% with 10 violations.
    elapsed time = 00:00:01, memory = 4082.59 (MB).
    Completing 20% with 10 violations.
    elapsed time = 00:00:04, memory = 4073.56 (MB).
    Completing 30% with 10 violations.
    elapsed time = 00:00:05, memory = 4064.54 (MB).
    Completing 40% with 10 violations.
    elapsed time = 00:00:08, memory = 4023.71 (MB).
    Completing 50% with 10 violations.
    elapsed time = 00:00:12, memory = 4082.96 (MB).
    Completing 60% with 10 violations.
    elapsed time = 00:00:16, memory = 4077.49 (MB).
    Completing 70% with 10 violations.
    elapsed time = 00:00:20, memory = 4062.77 (MB).
    Completing 80% with 10 violations.
    elapsed time = 00:00:23, memory = 4038.04 (MB).
    Completing 90% with 10 violations.
    elapsed time = 00:00:28, memory = 3885.56 (MB).
    Completing 100% with 0 violations.
    elapsed time = 00:00:36, memory = 3841.20 (MB).
[INFO DRT-0199]   Number of violations = 0.
[INFO DRT-0267] cpu time = 00:05:43, elapsed time = 00:00:36, memory = 3841.20 (MB), peak = 4677.21 (MB)
Total wire length = 1266554 um.
Total wire length on LAYER li1 = 0 um.
Total wire length on LAYER met1 = 432738 um.
Total wire length on LAYER met2 = 495925 um.
Total wire length on LAYER met3 = 218358 um.
Total wire length on LAYER met4 = 116353 um.
Total wire length on LAYER met5 = 3177 um.
Total number of vias = 263876.
Up-via summary (total 263876):

-------------------------
 FR_MASTERSLICE         0
            li1    109546
           met1    124763
           met2     23988
           met3      5485
           met4        94
-------------------------
               263876


[INFO DRT-0198] Complete detail routing.
Total wire length = 1266554 um.
Total wire length on LAYER li1 = 0 um.
Total wire length on LAYER met1 = 432738 um.
Total wire length on LAYER met2 = 495925 um.
Total wire length on LAYER met3 = 218358 um.
Total wire length on LAYER met4 = 116353 um.
Total wire length on LAYER met5 = 3177 um.
Total number of vias = 263876.
Up-via summary (total 263876):

-------------------------
 FR_MASTERSLICE         0
            li1    109546
           met1    124763
           met2     23988
           met3      5485
           met4        94
-------------------------
               263876


[INFO DRT-0267] cpu time = 00:44:57, elapsed time = 00:09:10, memory = 3841.20 (MB), peak = 4677.21 (MB)

[INFO DRT-0180] Post processing.
[INFO DRT-0501] Runtime: 638.84s
[INFO ANT-0002] Found 3 net violations.
[INFO ANT-0001] Found 7 pin violations.
[INFO GRT-0012] Found 3 antenna violations.
[INFO DPL-0006] Core area: 569088.30 um^2
[INFO DPL-0007] Movable instances area: 0.00 um^2
[INFO DPL-0008] Fixed instances area within core: 287558.29 um^2
[INFO DPL-0009] Utilization: 50.5%
[INFO DPL-0005] Diamond search max displacement: +/- 500 sites horizontally, +/- 100 rows vertically.
[INFO DPL-1102] Legalizing using negotiation legalizer.
[INFO DPL-1103] Negotiation base search window: +/-20 sites horizontally, +/-5 rows vertically 
	Automatic search window extension enabled.
	Search window extendable up to the max displacement cap of +/-500 sites, +/-100 rows near walls.
[INFO DPL-1104] NegotiationLegalizer DRC penalty: 5.
[INFO DPL-0392] Negotiation cell height distribution (1 unique row-count(s)):
[INFO DPL-0393]   height 1 row(s): 37739 cells
[INFO DPL-0500] Runtime: 0.22s
[INFO GRT-0015] Inserted 7 diodes.
[WARNING DRT-0120] Large net net3299 has 109 pins which may impact routing performance. Consider optimization.
[WARNING DRT-0120] Large net net3294 has 148 pins which may impact routing performance. Consider optimization.
[WARNING DRT-0120] Large net net3288 has 107 pins which may impact routing performance. Consider optimization.
[WARNING DRT-0120] Large net net3280 has 119 pins which may impact routing performance. Consider optimization.
[WARNING DRT-0120] Large net net3715 has 123 pins which may impact routing performance. Consider optimization.
[WARNING DRT-0120] Large net net3710 has 117 pins which may impact routing performance. Consider optimization.
[WARNING DRT-0120] Large net net3702 has 117 pins which may impact routing performance. Consider optimization.
[WARNING DRT-0120] Large net net3696 has 105 pins which may impact routing performance. Consider optimization.
[WARNING DRT-0120] Large net net3695 has 110 pins which may impact routing performance. Consider optimization.
[WARNING DRT-0120] Large net net3566 has 109 pins which may impact routing performance. Consider optimization.
[WARNING DRT-0120] Large net net3558 has 113 pins which may impact routing performance. Consider optimization.
[WARNING DRT-0120] Large net net3549 has 124 pins which may impact routing performance. Consider optimization.
[WARNING DRT-0120] Large net net3540 has 117 pins which may impact routing performance. Consider optimization.
[WARNING DRT-0120] Large net net3683 has 124 pins which may impact routing performance. Consider optimization.
[WARNING DRT-0120] Large net net3495 has 120 pins which may impact routing performance. Consider optimization.
[WARNING DRT-0120] Large net net3415 has 101 pins which may impact routing performance. Consider optimization.
[WARNING DRT-0120] Large net net3400 has 109 pins which may impact routing performance. Consider optimization.
[WARNING DRT-0120] Large net net3273 has 119 pins which may impact routing performance. Consider optimization.
[INFO DRT-0024]   Complete FR_MASTERSLICE.
[INFO DRT-0024]   Complete Fr_VIA.
[INFO DRT-0024]   Complete li1.
[INFO DRT-0024]   Complete mcon.
[INFO DRT-0024]   Complete met1.
[INFO DRT-0024]   Complete via.
[INFO DRT-0024]   Complete met2.
[INFO DRT-0024]   Complete via2.
[INFO DRT-0024]   Complete met3.
[INFO DRT-0024]   Complete via3.
[INFO DRT-0024]   Complete met4.
[INFO DRT-0024]   Complete via4.
[INFO DRT-0024]   Complete met5.
[INFO DRT-0165] Start pin access.
[INFO DRT-0076]   Complete 1000 pins.
[INFO DRT-0076]   Complete 2000 pins.
[INFO DRT-0078]   Complete 2310 pins.
[INFO DRT-0079]   Complete 100 unique inst patterns.
[INFO DRT-0079]   Complete 200 unique inst patterns.
[INFO DRT-0081]   Complete 285 unique inst patterns.
[INFO DRT-0082]   Complete 10000 groups.
[INFO DRT-0084]   Complete 18759 groups.
#scanned instances     = 37739
#unique  instances     = 285
#stdCellGenAp          = 10490
#stdCellValidPlanarAp  = 149
#stdCellValidViaAp     = 6752
#stdCellPinNoAp        = 10
#stdCellPinCnt         = 109267
#instTermValidViaApCnt = 0
#macroGenAp            = 0
#macroValidPlanarAp    = 0
#macroValidViaAp       = 0
#macroNoAp             = 0
[INFO DRT-0166] Complete pin access.
[INFO DRT-0267] cpu time = 00:19:01, elapsed time = 00:01:40, memory = 3878.13 (MB), peak = 4677.21 (MB)
[INFO DRT-0156] guideIn read 100000 guides.
[INFO DRT-0156] guideIn read 200000 guides.

[INFO DRT-0157] Number of guides:     259236

[INFO DRT-0169] Post process guides.
[INFO DRT-0176] GCELLGRID X 0 DO 109 STEP 6900 ;
[INFO DRT-0177] GCELLGRID Y 0 DO 109 STEP 6900 ;
[INFO DRT-0026]   Complete 100000 origin guides.
[INFO DRT-0026]   Complete 200000 origin guides.
[INFO DRT-0028]   Complete FR_MASTERSLICE.
[INFO DRT-0028]   Complete Fr_VIA.
[INFO DRT-0028]   Complete li1.
[INFO DRT-0028]   Complete mcon.
[INFO DRT-0028]   Complete met1.
[INFO DRT-0028]   Complete via.
[INFO DRT-0028]   Complete met2.
[INFO DRT-0028]   Complete via2.
[INFO DRT-0028]   Complete met3.
[INFO DRT-0028]   Complete via3.
[INFO DRT-0028]   Complete met4.
[INFO DRT-0028]   Complete via4.
[INFO DRT-0028]   Complete met5.
[INFO DRT-0178] Init guide query.
[INFO DRT-0035]   Complete FR_MASTERSLICE (guide).
[INFO DRT-0035]   Complete Fr_VIA (guide).
[INFO DRT-0035]   Complete li1 (guide).
[INFO DRT-0035]   Complete mcon (guide).
[INFO DRT-0035]   Complete met1 (guide).
[INFO DRT-0035]   Complete via (guide).
[INFO DRT-0035]   Complete met2 (guide).
[INFO DRT-0035]   Complete via2 (guide).
[INFO DRT-0035]   Complete met3 (guide).
[INFO DRT-0035]   Complete via3 (guide).
[INFO DRT-0035]   Complete met4 (guide).
[INFO DRT-0035]   Complete via4 (guide).
[INFO DRT-0035]   Complete met5 (guide).
[INFO DRT-0036] FR_MASTERSLICE guide region query size = 0.
[INFO DRT-0036] FR_VIA guide region query size = 0.
[INFO DRT-0036] li1 guide region query size = 87305.
[INFO DRT-0036] mcon guide region query size = 0.
[INFO DRT-0036] met1 guide region query size = 74956.
[INFO DRT-0036] via guide region query size = 0.
[INFO DRT-0036] met2 guide region query size = 39975.
[INFO DRT-0036] via2 guide region query size = 0.
[INFO DRT-0036] met3 guide region query size = 4406.
[INFO DRT-0036] via3 guide region query size = 0.
[INFO DRT-0036] met4 guide region query size = 2122.
[INFO DRT-0036] via4 guide region query size = 0.
[INFO DRT-0036] met5 guide region query size = 55.
[INFO DRT-0179] Init gr pin query.
[INFO DRT-0267] cpu time = 00:00:01, elapsed time = 00:00:00, memory = 3878.13 (MB), peak = 4677.21 (MB)
[INFO DRT-0245] skipped writing guide updates to database.
[INFO DRT-0181] Start track assignment.
[INFO DRT-0184] Done with 129402 vertical wires in 3 frboxes and 79417 horizontal wires in 3 frboxes.
[INFO DRT-0186] Done with 19880 vertical wires in 3 frboxes and 34399 horizontal wires in 3 frboxes.
[INFO DRT-0182] Complete track assignment.
[INFO DRT-0267] cpu time = 00:00:14, elapsed time = 00:00:08, memory = 3878.13 (MB), peak = 4677.21 (MB)
[INFO DRT-0187] Start routing data preparation.
[INFO DRT-0267] cpu time = 00:00:00, elapsed time = 00:00:00, memory = 3878.13 (MB), peak = 4677.21 (MB)
[INFO DRT-0194] Start detail routing.
[INFO DRT-0195] Start 0th optimization iteration.
    Completing 10% with 0 violations.
    elapsed time = 00:00:02, memory = 4306.27 (MB).
    Completing 20% with 0 violations.
    elapsed time = 00:00:06, memory = 4247.08 (MB).
    Completing 30% with 611 violations.
    elapsed time = 00:00:10, memory = 4244.48 (MB).
    Completing 40% with 611 violations.
    elapsed time = 00:00:14, memory = 4210.04 (MB).
    Completing 50% with 611 violations.
    elapsed time = 00:00:20, memory = 3878.16 (MB).
    Completing 60% with 1114 violations.
    elapsed time = 00:00:23, memory = 4318.06 (MB).
    Completing 70% with 1114 violations.
    elapsed time = 00:00:26, memory = 4127.81 (MB).
    Completing 80% with 1480 violations.
    elapsed time = 00:00:30, memory = 4265.04 (MB).
    Completing 90% with 1480 violations.
    elapsed time = 00:00:33, memory = 4168.12 (MB).
    Completing 100% with 1805 violations.
    elapsed time = 00:00:36, memory = 3878.16 (MB).
[INFO DRT-0199]   Number of violations = 1903.
Viol/Layer        met1   met2   met3
Metal Spacing      122     60      7
Recheck             57     35      6
Short             1076    507     33
[INFO DRT-0267] cpu time = 00:05:49, elapsed time = 00:00:36, memory = 3878.16 (MB), peak = 4677.21 (MB)
Total wire length = 1266710 um.
Total wire length on LAYER li1 = 0 um.
Total wire length on LAYER met1 = 434973 um.
Total wire length on LAYER met2 = 496855 um.
Total wire length on LAYER met3 = 216227 um.
Total wire length on LAYER met4 = 115475 um.
Total wire length on LAYER met5 = 3177 um.
Total number of vias = 263638.
Up-via summary (total 263638):

-------------------------
 FR_MASTERSLICE         0
            li1    109556
           met1    124810
           met2     23759
           met3      5419
           met4        94
-------------------------
               263638


[INFO DRT-0195] Start 1st optimization iteration.
    Completing 10% with 1903 violations.
    elapsed time = 00:00:01, memory = 4280.62 (MB).
    Completing 20% with 1903 violations.
    elapsed time = 00:00:05, memory = 4234.11 (MB).
    Completing 30% with 1837 violations.
    elapsed time = 00:00:08, memory = 4245.84 (MB).
    Completing 40% with 1837 violations.
    elapsed time = 00:00:12, memory = 4300.39 (MB).
    Completing 50% with 1837 violations.
    elapsed time = 00:00:16, memory = 3878.16 (MB).
    Completing 60% with 1677 violations.
    elapsed time = 00:00:19, memory = 4405.52 (MB).
    Completing 70% with 1677 violations.
    elapsed time = 00:00:22, memory = 4117.33 (MB).
    Completing 80% with 1629 violations.
    elapsed time = 00:00:24, memory = 4261.54 (MB).
    Completing 90% with 1629 violations.
    elapsed time = 00:00:29, memory = 4204.70 (MB).
    Completing 100% with 1508 violations.
    elapsed time = 00:00:31, memory = 3878.16 (MB).
[INFO DRT-0199]   Number of violations = 1508.
Viol/Layer        met1   met2   met3   met4
Metal Spacing      237    100      2      0
Short              980    186      2      1
[INFO DRT-0267] cpu time = 00:05:22, elapsed time = 00:00:31, memory = 3878.16 (MB), peak = 4677.21 (MB)
Total wire length = 1266625 um.
Total wire length on LAYER li1 = 0 um.
Total wire length on LAYER met1 = 434897 um.
Total wire length on LAYER met2 = 496695 um.
Total wire length on LAYER met3 = 216317 um.
Total wire length on LAYER met4 = 115535 um.
Total wire length on LAYER met5 = 3177 um.
Total number of vias = 263661.
Up-via summary (total 263661):

-------------------------
 FR_MASTERSLICE         0
            li1    109555
           met1    124802
           met2     23778
           met3      5432
           met4        94
-------------------------
               263661


[INFO DRT-0195] Start 2nd optimization iteration.
    Completing 10% with 1508 violations.
    elapsed time = 00:00:01, memory = 4300.66 (MB).
    Completing 20% with 1508 violations.
    elapsed time = 00:00:02, memory = 4357.80 (MB).
    Completing 30% with 1406 violations.
    elapsed time = 00:00:05, memory = 3878.16 (MB).
    Completing 40% with 1406 violations.
    elapsed time = 00:00:06, memory = 4307.17 (MB).
    Completing 50% with 1406 violations.
    elapsed time = 00:00:12, memory = 3878.16 (MB).
    Completing 60% with 1338 violations.
    elapsed time = 00:00:13, memory = 4306.95 (MB).
    Completing 70% with 1338 violations.
    elapsed time = 00:00:13, memory = 4355.38 (MB).
    Completing 80% with 1320 violations.
    elapsed time = 00:00:15, memory = 3878.16 (MB).
    Completing 90% with 1320 violations.
    elapsed time = 00:00:17, memory = 4375.01 (MB).
    Completing 100% with 1222 violations.
    elapsed time = 00:00:18, memory = 3878.16 (MB).
[INFO DRT-0199]   Number of violations = 1222.
Viol/Layer        met1   met2   met3
Metal Spacing      145     91      0
Short              777    207      2
[INFO DRT-0267] cpu time = 00:02:14, elapsed time = 00:00:18, memory = 3878.16 (MB), peak = 4677.21 (MB)
Total wire length = 1266607 um.
Total wire length on LAYER li1 = 0 um.
Total wire length on LAYER met1 = 434683 um.
Total wire length on LAYER met2 = 496678 um.
Total wire length on LAYER met3 = 216485 um.
Total wire length on LAYER met4 = 115583 um.
Total wire length on LAYER met5 = 3177 um.
Total number of vias = 263646.
Up-via summary (total 263646):

-------------------------
 FR_MASTERSLICE         0
            li1    109555
           met1    124770
           met2     23791
           met3      5436
           met4        94
-------------------------
               263646


[INFO DRT-0195] Start 3rd optimization iteration.
    Completing 10% with 1222 violations.
    elapsed time = 00:00:02, memory = 4251.20 (MB).
    Completing 20% with 1222 violations.
    elapsed time = 00:00:02, memory = 4268.61 (MB).
    Completing 30% with 982 violations.
    elapsed time = 00:00:23, memory = 3878.16 (MB).
    Completing 40% with 982 violations.
    elapsed time = 00:00:24, memory = 4263.08 (MB).
    Completing 50% with 982 violations.
    elapsed time = 00:00:35, memory = 3878.16 (MB).
    Completing 60% with 718 violations.
    elapsed time = 00:00:35, memory = 3928.73 (MB).
    Completing 70% with 718 violations.
    elapsed time = 00:00:37, memory = 4259.66 (MB).
    Completing 80% with 499 violations.
    elapsed time = 00:00:54, memory = 3878.25 (MB).
    Completing 90% with 499 violations.
    elapsed time = 00:00:55, memory = 4370.91 (MB).
    Completing 100% with 329 violations.
    elapsed time = 00:01:08, memory = 3878.25 (MB).
[INFO DRT-0199]   Number of violations = 329.
Viol/Layer        met1   met2   met3
Metal Spacing       70     25      4
Short              175     55      0
[INFO DRT-0267] cpu time = 00:04:37, elapsed time = 00:01:09, memory = 3878.25 (MB), peak = 4677.21 (MB)
Total wire length = 1266839 um.
Total wire length on LAYER li1 = 0 um.
Total wire length on LAYER met1 = 433342 um.
Total wire length on LAYER met2 = 496070 um.
Total wire length on LAYER met3 = 217855 um.
Total wire length on LAYER met4 = 116358 um.
Total wire length on LAYER met5 = 3212 um.
Total number of vias = 263985.
Up-via summary (total 263985):

-------------------------
 FR_MASTERSLICE         0
            li1    109555
           met1    124842
           met2     23985
           met3      5507
           met4        96
-------------------------
               263985


[INFO DRT-0195] Start 4th optimization iteration.
    Completing 10% with 329 violations.
    elapsed time = 00:00:00, memory = 3878.25 (MB).
    Completing 20% with 329 violations.
    elapsed time = 00:00:00, memory = 3878.25 (MB).
    Completing 30% with 290 violations.
    elapsed time = 00:00:13, memory = 3878.25 (MB).
    Completing 40% with 290 violations.
    elapsed time = 00:00:13, memory = 3878.25 (MB).
    Completing 50% with 290 violations.
    elapsed time = 00:00:25, memory = 3878.25 (MB).
    Completing 60% with 289 violations.
    elapsed time = 00:00:25, memory = 3878.25 (MB).
    Completing 70% with 289 violations.
    elapsed time = 00:00:25, memory = 3878.25 (MB).
    Completing 80% with 252 violations.
    elapsed time = 00:00:37, memory = 3878.25 (MB).
    Completing 90% with 252 violations.
    elapsed time = 00:00:37, memory = 3878.25 (MB).
    Completing 100% with 179 violations.
    elapsed time = 00:00:41, memory = 3878.25 (MB).
[INFO DRT-0199]   Number of violations = 179.
Viol/Layer        met1   met2
Metal Spacing       37     23
Short               73     46
[INFO DRT-0267] cpu time = 00:01:32, elapsed time = 00:00:41, memory = 3878.25 (MB), peak = 4677.21 (MB)
Total wire length = 1266860 um.
Total wire length on LAYER li1 = 0 um.
Total wire length on LAYER met1 = 433199 um.
Total wire length on LAYER met2 = 496092 um.
Total wire length on LAYER met3 = 217982 um.
Total wire length on LAYER met4 = 116373 um.
Total wire length on LAYER met5 = 3212 um.
Total number of vias = 264013.
Up-via summary (total 264013):

-------------------------
 FR_MASTERSLICE         0
            li1    109554
           met1    124850
           met2     24005
           met3      5508
           met4        96
-------------------------
               264013


[INFO DRT-0195] Start 5th optimization iteration.
    Completing 10% with 179 violations.
    elapsed time = 00:00:00, memory = 3878.25 (MB).
    Completing 20% with 179 violations.
    elapsed time = 00:00:00, memory = 3878.25 (MB).
    Completing 30% with 167 violations.
    elapsed time = 00:00:08, memory = 3878.25 (MB).
    Completing 40% with 167 violations.
    elapsed time = 00:00:08, memory = 3878.25 (MB).
    Completing 50% with 167 violations.
    elapsed time = 00:00:16, memory = 3878.25 (MB).
    Completing 60% with 165 violations.
    elapsed time = 00:00:16, memory = 3878.25 (MB).
    Completing 70% with 165 violations.
    elapsed time = 00:00:16, memory = 3878.25 (MB).
    Completing 80% with 158 violations.
    elapsed time = 00:00:23, memory = 3878.25 (MB).
    Completing 90% with 158 violations.
    elapsed time = 00:00:23, memory = 3878.25 (MB).
    Completing 100% with 139 violations.
    elapsed time = 00:00:26, memory = 3878.25 (MB).
[INFO DRT-0199]   Number of violations = 139.
Viol/Layer        met1   met2
Metal Spacing       19     17
Short               57     46
[INFO DRT-0267] cpu time = 00:00:43, elapsed time = 00:00:27, memory = 3878.25 (MB), peak = 4677.21 (MB)
Total wire length = 1266846 um.
Total wire length on LAYER li1 = 0 um.
Total wire length on LAYER met1 = 433136 um.
Total wire length on LAYER met2 = 496049 um.
Total wire length on LAYER met3 = 218033 um.
Total wire length on LAYER met4 = 116413 um.
Total wire length on LAYER met5 = 3212 um.
Total number of vias = 264016.
Up-via summary (total 264016):

-------------------------
 FR_MASTERSLICE         0
            li1    109554
           met1    124848
           met2     24008
           met3      5510
           met4        96
-------------------------
               264016


[INFO DRT-0195] Start 6th optimization iteration.
    Completing 10% with 139 violations.
    elapsed time = 00:00:00, memory = 3878.25 (MB).
    Completing 20% with 139 violations.
    elapsed time = 00:00:00, memory = 3878.25 (MB).
    Completing 30% with 139 violations.
    elapsed time = 00:00:01, memory = 3878.25 (MB).
    Completing 40% with 139 violations.
    elapsed time = 00:00:01, memory = 3878.25 (MB).
    Completing 50% with 139 violations.
    elapsed time = 00:00:10, memory = 3878.25 (MB).
    Completing 60% with 95 violations.
    elapsed time = 00:00:10, memory = 3878.25 (MB).
    Completing 70% with 95 violations.
    elapsed time = 00:00:10, memory = 3878.25 (MB).
    Completing 80% with 95 violations.
    elapsed time = 00:00:11, memory = 3878.25 (MB).
    Completing 90% with 95 violations.
    elapsed time = 00:00:11, memory = 3878.25 (MB).
    Completing 100% with 95 violations.
    elapsed time = 00:00:23, memory = 3878.25 (MB).
[INFO DRT-0199]   Number of violations = 95.
Viol/Layer        met1   met2
Metal Spacing       22      5
Short               49     19
[INFO DRT-0267] cpu time = 00:00:30, elapsed time = 00:00:23, memory = 3878.25 (MB), peak = 4677.21 (MB)
Total wire length = 1266843 um.
Total wire length on LAYER li1 = 0 um.
Total wire length on LAYER met1 = 433129 um.
Total wire length on LAYER met2 = 495971 um.
Total wire length on LAYER met3 = 218085 um.
Total wire length on LAYER met4 = 116469 um.
Total wire length on LAYER met5 = 3187 um.
Total number of vias = 264005.
Up-via summary (total 264005):

-------------------------
 FR_MASTERSLICE         0
            li1    109552
           met1    124841
           met2     24008
           met3      5512
           met4        92
-------------------------
               264005


[INFO DRT-0195] Start 7th guides tiles iteration.
    Completing 20% with 95 violations.
    elapsed time = 00:00:00, memory = 4111.46 (MB).
    Completing 50% with 95 violations.
    elapsed time = 00:00:33, memory = 3878.25 (MB).
    Completing 70% with 86 violations.
    elapsed time = 00:00:33, memory = 3878.25 (MB).
    Completing 100% with 52 violations.
    elapsed time = 00:00:38, memory = 3878.25 (MB).
[INFO DRT-0199]   Number of violations = 52.
Viol/Layer        met1   met2
Metal Spacing       30      1
Short               21      0
[INFO DRT-0267] cpu time = 00:00:39, elapsed time = 00:00:38, memory = 3878.25 (MB), peak = 4677.21 (MB)
Total wire length = 1266669 um.
Total wire length on LAYER li1 = 0 um.
Total wire length on LAYER met1 = 432919 um.
Total wire length on LAYER met2 = 495796 um.
Total wire length on LAYER met3 = 217965 um.
Total wire length on LAYER met4 = 116523 um.
Total wire length on LAYER met5 = 3464 um.
Total number of vias = 263912.
Up-via summary (total 263912):

-------------------------
 FR_MASTERSLICE         0
            li1    109552
           met1    124776
           met2     23977
           met3      5513
           met4        94
-------------------------
               263912


[INFO DRT-0195] Start 8th guides tiles iteration.
    Completing 20% with 52 violations.
    elapsed time = 00:00:00, memory = 3878.25 (MB).
    Completing 50% with 52 violations.
    elapsed time = 00:00:01, memory = 3878.25 (MB).
    Completing 70% with 52 violations.
    elapsed time = 00:00:01, memory = 3878.25 (MB).
    Completing 100% with 13 violations.
    elapsed time = 00:00:02, memory = 3878.25 (MB).
[INFO DRT-0199]   Number of violations = 13.
Viol/Layer        met1
Metal Spacing        5
Short                8
[INFO DRT-0267] cpu time = 00:00:04, elapsed time = 00:00:02, memory = 3878.25 (MB), peak = 4677.21 (MB)
Total wire length = 1266669 um.
Total wire length on LAYER li1 = 0 um.
Total wire length on LAYER met1 = 432920 um.
Total wire length on LAYER met2 = 495796 um.
Total wire length on LAYER met3 = 217965 um.
Total wire length on LAYER met4 = 116522 um.
Total wire length on LAYER met5 = 3464 um.
Total number of vias = 263910.
Up-via summary (total 263910):

-------------------------
 FR_MASTERSLICE         0
            li1    109552
           met1    124774
           met2     23977
           met3      5513
           met4        94
-------------------------
               263910


[INFO DRT-0195] Start 9th guides tiles iteration.
    Completing 50% with 13 violations.
    elapsed time = 00:00:00, memory = 3878.25 (MB).
    Completing 100% with 13 violations.
    elapsed time = 00:00:02, memory = 3878.25 (MB).
[INFO DRT-0199]   Number of violations = 13.
Viol/Layer        met1
Metal Spacing        5
Short                8
[INFO DRT-0267] cpu time = 00:00:02, elapsed time = 00:00:02, memory = 3878.25 (MB), peak = 4677.21 (MB)
Total wire length = 1266669 um.
Total wire length on LAYER li1 = 0 um.
Total wire length on LAYER met1 = 432920 um.
Total wire length on LAYER met2 = 495796 um.
Total wire length on LAYER met3 = 217965 um.
Total wire length on LAYER met4 = 116522 um.
Total wire length on LAYER met5 = 3464 um.
Total number of vias = 263910.
Up-via summary (total 263910):

-------------------------
 FR_MASTERSLICE         0
            li1    109552
           met1    124774
           met2     23977
           met3      5513
           met4        94
-------------------------
               263910


[INFO DRT-0195] Start 10th guides tiles iteration.
    Completing 50% with 13 violations.
    elapsed time = 00:00:00, memory = 3878.25 (MB).
    Completing 100% with 0 violations.
    elapsed time = 00:00:00, memory = 3878.25 (MB).
[INFO DRT-0199]   Number of violations = 0.
[INFO DRT-0267] cpu time = 00:00:01, elapsed time = 00:00:00, memory = 3878.25 (MB), peak = 4677.21 (MB)
Total wire length = 1266673 um.
Total wire length on LAYER li1 = 0 um.
Total wire length on LAYER met1 = 432916 um.
Total wire length on LAYER met2 = 495795 um.
Total wire length on LAYER met3 = 217968 um.
Total wire length on LAYER met4 = 116527 um.
Total wire length on LAYER met5 = 3464 um.
Total number of vias = 263912.
Up-via summary (total 263912):

-------------------------
 FR_MASTERSLICE         0
            li1    109552
           met1    124772
           met2     23981
           met3      5513
           met4        94
-------------------------
               263912


[INFO DRT-0198] Complete detail routing.
Total wire length = 1266673 um.
Total wire length on LAYER li1 = 0 um.
Total wire length on LAYER met1 = 432916 um.
Total wire length on LAYER met2 = 495795 um.
Total wire length on LAYER met3 = 217968 um.
Total wire length on LAYER met4 = 116527 um.
Total wire length on LAYER met5 = 3464 um.
Total number of vias = 263912.
Up-via summary (total 263912):

-------------------------
 FR_MASTERSLICE         0
            li1    109552
           met1    124772
           met2     23981
           met3      5513
           met4        94
-------------------------
               263912


[INFO DRT-0267] cpu time = 00:21:38, elapsed time = 00:04:53, memory = 3878.25 (MB), peak = 4677.21 (MB)

[INFO DRT-0180] Post processing.
[INFO DRT-0501] Runtime: 392.87s
[INFO ANT-0002] Found 2 net violations.
[INFO ANT-0001] Found 2 pin violations.
[INFO GRT-0012] Found 2 antenna violations.
[INFO DPL-0006] Core area: 569088.30 um^2
[INFO DPL-0007] Movable instances area: 0.00 um^2
[INFO DPL-0008] Fixed instances area within core: 287563.30 um^2
[INFO DPL-0009] Utilization: 50.5%
[INFO DPL-0005] Diamond search max displacement: +/- 500 sites horizontally, +/- 100 rows vertically.
[INFO DPL-1102] Legalizing using negotiation legalizer.
[INFO DPL-1103] Negotiation base search window: +/-20 sites horizontally, +/-5 rows vertically 
	Automatic search window extension enabled.
	Search window extendable up to the max displacement cap of +/-500 sites, +/-100 rows near walls.
[INFO DPL-1104] NegotiationLegalizer DRC penalty: 5.
[INFO DPL-0392] Negotiation cell height distribution (1 unique row-count(s)):
[INFO DPL-0393]   height 1 row(s): 37741 cells
[INFO DPL-0500] Runtime: 0.24s
[INFO GRT-0015] Inserted 2 diodes.
[WARNING DRT-0120] Large net net3299 has 109 pins which may impact routing performance. Consider optimization.
[WARNING DRT-0120] Large net net3294 has 148 pins which may impact routing performance. Consider optimization.
[WARNING DRT-0120] Large net net3288 has 107 pins which may impact routing performance. Consider optimization.
[WARNING DRT-0120] Large net net3280 has 119 pins which may impact routing performance. Consider optimization.
[WARNING DRT-0120] Large net net3715 has 123 pins which may impact routing performance. Consider optimization.
[WARNING DRT-0120] Large net net3710 has 117 pins which may impact routing performance. Consider optimization.
[WARNING DRT-0120] Large net net3702 has 117 pins which may impact routing performance. Consider optimization.
[WARNING DRT-0120] Large net net3696 has 105 pins which may impact routing performance. Consider optimization.
[WARNING DRT-0120] Large net net3695 has 110 pins which may impact routing performance. Consider optimization.
[WARNING DRT-0120] Large net net3566 has 109 pins which may impact routing performance. Consider optimization.
[WARNING DRT-0120] Large net net3558 has 113 pins which may impact routing performance. Consider optimization.
[WARNING DRT-0120] Large net net3549 has 124 pins which may impact routing performance. Consider optimization.
[WARNING DRT-0120] Large net net3540 has 117 pins which may impact routing performance. Consider optimization.
[WARNING DRT-0120] Large net net3683 has 124 pins which may impact routing performance. Consider optimization.
[WARNING DRT-0120] Large net net3495 has 120 pins which may impact routing performance. Consider optimization.
[WARNING DRT-0120] Large net net3415 has 101 pins which may impact routing performance. Consider optimization.
[WARNING DRT-0120] Large net net3400 has 109 pins which may impact routing performance. Consider optimization.
[WARNING DRT-0120] Large net net3273 has 119 pins which may impact routing performance. Consider optimization.
[INFO DRT-0024]   Complete FR_MASTERSLICE.
[INFO DRT-0024]   Complete Fr_VIA.
[INFO DRT-0024]   Complete li1.
[INFO DRT-0024]   Complete mcon.
[INFO DRT-0024]   Complete met1.
[INFO DRT-0024]   Complete via.
[INFO DRT-0024]   Complete met2.
[INFO DRT-0024]   Complete via2.
[INFO DRT-0024]   Complete met3.
[INFO DRT-0024]   Complete via3.
[INFO DRT-0024]   Complete met4.
[INFO DRT-0024]   Complete via4.
[INFO DRT-0024]   Complete met5.
[INFO DRT-0165] Start pin access.
[INFO DRT-0076]   Complete 1000 pins.
[INFO DRT-0076]   Complete 2000 pins.
[INFO DRT-0078]   Complete 2310 pins.
[INFO DRT-0079]   Complete 100 unique inst patterns.
[INFO DRT-0079]   Complete 200 unique inst patterns.
[INFO DRT-0081]   Complete 285 unique inst patterns.
[INFO DRT-0082]   Complete 10000 groups.
[INFO DRT-0084]   Complete 18759 groups.
#scanned instances     = 37741
#unique  instances     = 285
#stdCellGenAp          = 10490
#stdCellValidPlanarAp  = 149
#stdCellValidViaAp     = 6752
#stdCellPinNoAp        = 10
#stdCellPinCnt         = 109267
#instTermValidViaApCnt = 0
#macroGenAp            = 0
#macroValidPlanarAp    = 0
#macroValidViaAp       = 0
#macroNoAp             = 0
[INFO DRT-0166] Complete pin access.
[INFO DRT-0267] cpu time = 00:18:56, elapsed time = 00:01:39, memory = 3863.38 (MB), peak = 4677.21 (MB)
[INFO DRT-0156] guideIn read 100000 guides.
[INFO DRT-0156] guideIn read 200000 guides.

[INFO DRT-0157] Number of guides:     259209

[INFO DRT-0169] Post process guides.
[INFO DRT-0176] GCELLGRID X 0 DO 109 STEP 6900 ;
[INFO DRT-0177] GCELLGRID Y 0 DO 109 STEP 6900 ;
[INFO DRT-0026]   Complete 100000 origin guides.
[INFO DRT-0026]   Complete 200000 origin guides.
[INFO DRT-0028]   Complete FR_MASTERSLICE.
[INFO DRT-0028]   Complete Fr_VIA.
[INFO DRT-0028]   Complete li1.
[INFO DRT-0028]   Complete mcon.
[INFO DRT-0028]   Complete met1.
[INFO DRT-0028]   Complete via.
[INFO DRT-0028]   Complete met2.
[INFO DRT-0028]   Complete via2.
[INFO DRT-0028]   Complete met3.
[INFO DRT-0028]   Complete via3.
[INFO DRT-0028]   Complete met4.
[INFO DRT-0028]   Complete via4.
[INFO DRT-0028]   Complete met5.
[INFO DRT-0178] Init guide query.
[INFO DRT-0035]   Complete FR_MASTERSLICE (guide).
[INFO DRT-0035]   Complete Fr_VIA (guide).
[INFO DRT-0035]   Complete li1 (guide).
[INFO DRT-0035]   Complete mcon (guide).
[INFO DRT-0035]   Complete met1 (guide).
[INFO DRT-0035]   Complete via (guide).
[INFO DRT-0035]   Complete met2 (guide).
[INFO DRT-0035]   Complete via2 (guide).
[INFO DRT-0035]   Complete met3 (guide).
[INFO DRT-0035]   Complete via3 (guide).
[INFO DRT-0035]   Complete met4 (guide).
[INFO DRT-0035]   Complete via4 (guide).
[INFO DRT-0035]   Complete met5 (guide).
[INFO DRT-0036] FR_MASTERSLICE guide region query size = 0.
[INFO DRT-0036] FR_VIA guide region query size = 0.
[INFO DRT-0036] li1 guide region query size = 87306.
[INFO DRT-0036] mcon guide region query size = 0.
[INFO DRT-0036] met1 guide region query size = 74956.
[INFO DRT-0036] via guide region query size = 0.
[INFO DRT-0036] met2 guide region query size = 39971.
[INFO DRT-0036] via2 guide region query size = 0.
[INFO DRT-0036] met3 guide region query size = 4399.
[INFO DRT-0036] via3 guide region query size = 0.
[INFO DRT-0036] met4 guide region query size = 2116.
[INFO DRT-0036] via4 guide region query size = 0.
[INFO DRT-0036] met5 guide region query size = 53.
[INFO DRT-0179] Init gr pin query.
[INFO DRT-0267] cpu time = 00:00:01, elapsed time = 00:00:00, memory = 3863.38 (MB), peak = 4677.21 (MB)
[INFO DRT-0245] skipped writing guide updates to database.
[INFO DRT-0181] Start track assignment.
[INFO DRT-0184] Done with 129393 vertical wires in 3 frboxes and 79408 horizontal wires in 3 frboxes.
[INFO DRT-0186] Done with 19874 vertical wires in 3 frboxes and 34322 horizontal wires in 3 frboxes.
[INFO DRT-0182] Complete track assignment.
[INFO DRT-0267] cpu time = 00:00:14, elapsed time = 00:00:07, memory = 3863.38 (MB), peak = 4677.21 (MB)
[INFO DRT-0187] Start routing data preparation.
[INFO DRT-0267] cpu time = 00:00:00, elapsed time = 00:00:00, memory = 3863.38 (MB), peak = 4677.21 (MB)
[INFO DRT-0194] Start detail routing.
[INFO DRT-0195] Start 0th optimization iteration.
    Completing 10% with 0 violations.
    elapsed time = 00:00:02, memory = 4193.42 (MB).
    Completing 20% with 0 violations.
    elapsed time = 00:00:04, memory = 4178.68 (MB).
    Completing 30% with 265 violations.
    elapsed time = 00:00:08, memory = 4233.76 (MB).
    Completing 40% with 265 violations.
    elapsed time = 00:00:12, memory = 4164.56 (MB).
    Completing 50% with 265 violations.
    elapsed time = 00:00:13, memory = 3863.40 (MB).
    Completing 60% with 345 violations.
    elapsed time = 00:00:16, memory = 4333.28 (MB).
    Completing 70% with 345 violations.
    elapsed time = 00:00:19, memory = 4150.60 (MB).
    Completing 80% with 606 violations.
    elapsed time = 00:00:21, memory = 4232.87 (MB).
    Completing 90% with 606 violations.
    elapsed time = 00:00:24, memory = 4251.46 (MB).
    Completing 100% with 692 violations.
    elapsed time = 00:00:27, memory = 3863.40 (MB).
[INFO DRT-0199]   Number of violations = 717.
Viol/Layer        met1   met2   met3   met4
Metal Spacing       63     28      0      5
Recheck              9     13      2      1
Short              385    200      7      4
[INFO DRT-0267] cpu time = 00:04:37, elapsed time = 00:00:27, memory = 3863.40 (MB), peak = 4677.21 (MB)
Total wire length = 1266618 um.
Total wire length on LAYER li1 = 0 um.
Total wire length on LAYER met1 = 433670 um.
Total wire length on LAYER met2 = 496259 um.
Total wire length on LAYER met3 = 217139 um.
Total wire length on LAYER met4 = 116083 um.
Total wire length on LAYER met5 = 3464 um.
Total number of vias = 263827.
Up-via summary (total 263827):

-------------------------
 FR_MASTERSLICE         0
            li1    109555
           met1    124765
           met2     23923
           met3      5490
           met4        94
-------------------------
               263827


[INFO DRT-0195] Start 1st optimization iteration.
    Completing 10% with 717 violations.
    elapsed time = 00:00:01, memory = 4288.79 (MB).
    Completing 20% with 717 violations.
    elapsed time = 00:00:04, memory = 4092.32 (MB).
    Completing 30% with 715 violations.
    elapsed time = 00:00:08, memory = 4237.90 (MB).
    Completing 40% with 715 violations.
    elapsed time = 00:00:11, memory = 4236.80 (MB).
    Completing 50% with 715 violations.
    elapsed time = 00:00:13, memory = 3863.40 (MB).
    Completing 60% with 688 violations.
    elapsed time = 00:00:16, memory = 4269.36 (MB).
    Completing 70% with 688 violations.
    elapsed time = 00:00:19, memory = 4058.71 (MB).
    Completing 80% with 778 violations.
    elapsed time = 00:00:21, memory = 4288.42 (MB).
    Completing 90% with 778 violations.
    elapsed time = 00:00:24, memory = 4247.51 (MB).
    Completing 100% with 680 violations.
    elapsed time = 00:00:26, memory = 3863.40 (MB).
[INFO DRT-0199]   Number of violations = 680.
Viol/Layer        met1   met2
Metal Spacing       93     49
Short              414    124
[INFO DRT-0267] cpu time = 00:04:30, elapsed time = 00:00:26, memory = 3863.40 (MB), peak = 4677.21 (MB)
Total wire length = 1266599 um.
Total wire length on LAYER li1 = 0 um.
Total wire length on LAYER met1 = 433634 um.
Total wire length on LAYER met2 = 496262 um.
Total wire length on LAYER met3 = 217163 um.
Total wire length on LAYER met4 = 116074 um.
Total wire length on LAYER met5 = 3464 um.
Total number of vias = 263828.
Up-via summary (total 263828):

-------------------------
 FR_MASTERSLICE         0
            li1    109555
           met1    124762
           met2     23929
           met3      5488
           met4        94
-------------------------
               263828


[INFO DRT-0195] Start 2nd optimization iteration.
    Completing 10% with 680 violations.
    elapsed time = 00:00:00, memory = 3863.40 (MB).
    Completing 20% with 680 violations.
    elapsed time = 00:00:00, memory = 3863.40 (MB).
    Completing 30% with 700 violations.
    elapsed time = 00:00:03, memory = 3863.40 (MB).
    Completing 40% with 700 violations.
    elapsed time = 00:00:03, memory = 3863.40 (MB).
    Completing 50% with 700 violations.
    elapsed time = 00:00:04, memory = 3863.40 (MB).
    Completing 60% with 709 violations.
    elapsed time = 00:00:04, memory = 3863.40 (MB).
    Completing 70% with 709 violations.
    elapsed time = 00:00:04, memory = 3863.40 (MB).
    Completing 80% with 608 violations.
    elapsed time = 00:00:07, memory = 3863.40 (MB).
    Completing 90% with 608 violations.
    elapsed time = 00:00:07, memory = 3863.40 (MB).
    Completing 100% with 625 violations.
    elapsed time = 00:00:09, memory = 3863.40 (MB).
[INFO DRT-0199]   Number of violations = 625.
Viol/Layer        met1   met2
Metal Spacing       88     64
Short              328    145
[INFO DRT-0267] cpu time = 00:00:39, elapsed time = 00:00:09, memory = 3863.40 (MB), peak = 4677.21 (MB)
Total wire length = 1266582 um.
Total wire length on LAYER li1 = 0 um.
Total wire length on LAYER met1 = 433592 um.
Total wire length on LAYER met2 = 496243 um.
Total wire length on LAYER met3 = 217203 um.
Total wire length on LAYER met4 = 116078 um.
Total wire length on LAYER met5 = 3464 um.
Total number of vias = 263827.
Up-via summary (total 263827):

-------------------------
 FR_MASTERSLICE         0
            li1    109554
           met1    124760
           met2     23931
           met3      5488
           met4        94
-------------------------
               263827


[INFO DRT-0195] Start 3rd optimization iteration.
    Completing 10% with 625 violations.
    elapsed time = 00:00:00, memory = 3863.40 (MB).
    Completing 20% with 625 violations.
    elapsed time = 00:00:00, memory = 3863.40 (MB).
    Completing 30% with 513 violations.
    elapsed time = 00:00:24, memory = 3863.40 (MB).
    Completing 40% with 513 violations.
    elapsed time = 00:00:24, memory = 3863.40 (MB).
    Completing 50% with 513 violations.
    elapsed time = 00:00:32, memory = 3863.40 (MB).
    Completing 60% with 498 violations.
    elapsed time = 00:00:32, memory = 3863.40 (MB).
    Completing 70% with 498 violations.
    elapsed time = 00:00:32, memory = 3863.40 (MB).
    Completing 80% with 375 violations.
    elapsed time = 00:00:48, memory = 3863.40 (MB).
    Completing 90% with 375 violations.
    elapsed time = 00:00:48, memory = 3863.40 (MB).
    Completing 100% with 325 violations.
    elapsed time = 00:00:52, memory = 3863.40 (MB).
[INFO DRT-0199]   Number of violations = 325.
Viol/Layer        met1   met2
Metal Spacing       56     13
Short              203     53
[INFO DRT-0267] cpu time = 00:01:52, elapsed time = 00:00:52, memory = 3863.40 (MB), peak = 4677.21 (MB)
Total wire length = 1266597 um.
Total wire length on LAYER li1 = 0 um.
Total wire length on LAYER met1 = 433083 um.
Total wire length on LAYER met2 = 495964 um.
Total wire length on LAYER met3 = 217683 um.
Total wire length on LAYER met4 = 116400 um.
Total wire length on LAYER met5 = 3464 um.
Total number of vias = 263967.
Up-via summary (total 263967):

-------------------------
 FR_MASTERSLICE         0
            li1    109553
           met1    124801
           met2     24002
           met3      5517
           met4        94
-------------------------
               263967


[INFO DRT-0195] Start 4th optimization iteration.
    Completing 10% with 325 violations.
    elapsed time = 00:00:00, memory = 3863.40 (MB).
    Completing 20% with 325 violations.
    elapsed time = 00:00:00, memory = 3863.40 (MB).
    Completing 30% with 324 violations.
    elapsed time = 00:00:14, memory = 3863.40 (MB).
    Completing 40% with 324 violations.
    elapsed time = 00:00:14, memory = 3863.40 (MB).
    Completing 50% with 324 violations.
    elapsed time = 00:00:28, memory = 3863.40 (MB).
    Completing 60% with 302 violations.
    elapsed time = 00:00:28, memory = 3863.40 (MB).
    Completing 70% with 302 violations.
    elapsed time = 00:00:28, memory = 3863.40 (MB).
    Completing 80% with 271 violations.
    elapsed time = 00:00:41, memory = 3863.40 (MB).
    Completing 90% with 271 violations.
    elapsed time = 00:00:41, memory = 3863.40 (MB).
    Completing 100% with 270 violations.
    elapsed time = 00:00:49, memory = 3863.40 (MB).
[INFO DRT-0199]   Number of violations = 270.
Viol/Layer        met1   met2
Metal Spacing       36     15
Short              163     56
[INFO DRT-0267] cpu time = 00:01:14, elapsed time = 00:00:49, memory = 3863.40 (MB), peak = 4677.21 (MB)
Total wire length = 1266610 um.
Total wire length on LAYER li1 = 0 um.
Total wire length on LAYER met1 = 433110 um.
Total wire length on LAYER met2 = 495935 um.
Total wire length on LAYER met3 = 217674 um.
Total wire length on LAYER met4 = 116424 um.
Total wire length on LAYER met5 = 3464 um.
Total number of vias = 263972.
Up-via summary (total 263972):

-------------------------
 FR_MASTERSLICE         0
            li1    109554
           met1    124812
           met2     23998
           met3      5514
           met4        94
-------------------------
               263972


[INFO DRT-0195] Start 5th optimization iteration.
    Completing 10% with 270 violations.
    elapsed time = 00:00:00, memory = 3863.40 (MB).
    Completing 20% with 270 violations.
    elapsed time = 00:00:00, memory = 3863.40 (MB).
    Completing 30% with 270 violations.
    elapsed time = 00:00:14, memory = 3863.40 (MB).
    Completing 40% with 270 violations.
    elapsed time = 00:00:14, memory = 3863.40 (MB).
    Completing 50% with 270 violations.
    elapsed time = 00:00:29, memory = 3863.40 (MB).
    Completing 60% with 267 violations.
    elapsed time = 00:00:29, memory = 3863.40 (MB).
    Completing 70% with 267 violations.
    elapsed time = 00:00:29, memory = 3863.40 (MB).
    Completing 80% with 267 violations.
    elapsed time = 00:00:44, memory = 3863.40 (MB).
    Completing 90% with 267 violations.
    elapsed time = 00:00:44, memory = 3863.40 (MB).
    Completing 100% with 262 violations.
    elapsed time = 00:00:49, memory = 3863.40 (MB).
[INFO DRT-0199]   Number of violations = 262.
Viol/Layer        met1   met2
Metal Spacing       35     15
Short              163     49
[INFO DRT-0267] cpu time = 00:01:06, elapsed time = 00:00:49, memory = 3863.40 (MB), peak = 4677.21 (MB)
Total wire length = 1266607 um.
Total wire length on LAYER li1 = 0 um.
Total wire length on LAYER met1 = 433119 um.
Total wire length on LAYER met2 = 495929 um.
Total wire length on LAYER met3 = 217669 um.
Total wire length on LAYER met4 = 116423 um.
Total wire length on LAYER met5 = 3464 um.
Total number of vias = 263977.
Up-via summary (total 263977):

-------------------------
 FR_MASTERSLICE         0
            li1    109555
           met1    124816
           met2     23998
           met3      5514
           met4        94
-------------------------
               263977


[INFO DRT-0195] Start 6th optimization iteration.
    Completing 10% with 262 violations.
    elapsed time = 00:00:00, memory = 3863.40 (MB).
    Completing 20% with 262 violations.
    elapsed time = 00:00:00, memory = 3863.40 (MB).
    Completing 30% with 234 violations.
    elapsed time = 00:00:01, memory = 3863.40 (MB).
    Completing 40% with 234 violations.
    elapsed time = 00:00:01, memory = 3863.40 (MB).
    Completing 50% with 234 violations.
    elapsed time = 00:00:11, memory = 3863.40 (MB).
    Completing 60% with 233 violations.
    elapsed time = 00:00:11, memory = 3863.40 (MB).
    Completing 70% with 233 violations.
    elapsed time = 00:00:11, memory = 3863.40 (MB).
    Completing 80% with 228 violations.
    elapsed time = 00:00:35, memory = 3863.40 (MB).
    Completing 90% with 228 violations.
    elapsed time = 00:00:35, memory = 3863.40 (MB).
    Completing 100% with 207 violations.
    elapsed time = 00:00:42, memory = 3863.40 (MB).
[INFO DRT-0199]   Number of violations = 207.
Viol/Layer        met1   met2
Metal Spacing       29     12
Short              137     29
[INFO DRT-0267] cpu time = 00:00:54, elapsed time = 00:00:42, memory = 3863.40 (MB), peak = 4677.21 (MB)
Total wire length = 1266603 um.
Total wire length on LAYER li1 = 0 um.
Total wire length on LAYER met1 = 433103 um.
Total wire length on LAYER met2 = 495902 um.
Total wire length on LAYER met3 = 217682 um.
Total wire length on LAYER met4 = 116449 um.
Total wire length on LAYER met5 = 3464 um.
Total number of vias = 263979.
Up-via summary (total 263979):

-------------------------
 FR_MASTERSLICE         0
            li1    109556
           met1    124805
           met2     24010
           met3      5514
           met4        94
-------------------------
               263979


[INFO DRT-0195] Start 7th optimization iteration.
    Completing 10% with 207 violations.
    elapsed time = 00:00:00, memory = 3863.40 (MB).
    Completing 20% with 207 violations.
    elapsed time = 00:00:00, memory = 3863.40 (MB).
    Completing 30% with 207 violations.
    elapsed time = 00:00:00, memory = 3863.40 (MB).
    Completing 40% with 207 violations.
    elapsed time = 00:00:00, memory = 3863.40 (MB).
    Completing 50% with 207 violations.
    elapsed time = 00:00:00, memory = 3863.40 (MB).
    Completing 60% with 178 violations.
    elapsed time = 00:00:10, memory = 3863.40 (MB).
    Completing 70% with 178 violations.
    elapsed time = 00:00:10, memory = 3863.40 (MB).
    Completing 80% with 165 violations.
    elapsed time = 00:00:11, memory = 3863.40 (MB).
    Completing 90% with 165 violations.
    elapsed time = 00:00:11, memory = 3863.40 (MB).
    Completing 100% with 165 violations.
    elapsed time = 00:00:24, memory = 3863.40 (MB).
[INFO DRT-0199]   Number of violations = 165.
Viol/Layer        met1   met2
Metal Spacing       26     12
Short              110     17
[INFO DRT-0267] cpu time = 00:00:32, elapsed time = 00:00:24, memory = 3863.40 (MB), peak = 4677.21 (MB)
Total wire length = 1266613 um.
Total wire length on LAYER li1 = 0 um.
Total wire length on LAYER met1 = 433026 um.
Total wire length on LAYER met2 = 495850 um.
Total wire length on LAYER met3 = 217750 um.
Total wire length on LAYER met4 = 116521 um.
Total wire length on LAYER met5 = 3464 um.
Total number of vias = 263978.
Up-via summary (total 263978):

-------------------------
 FR_MASTERSLICE         0
            li1    109557
           met1    124792
           met2     24018
           met3      5517
           met4        94
-------------------------
               263978


[INFO DRT-0195] Start 8th optimization iteration.
    Completing 10% with 165 violations.
    elapsed time = 00:00:00, memory = 3863.40 (MB).
    Completing 20% with 165 violations.
    elapsed time = 00:00:00, memory = 3863.40 (MB).
    Completing 30% with 165 violations.
    elapsed time = 00:00:00, memory = 3863.40 (MB).
    Completing 40% with 165 violations.
    elapsed time = 00:00:00, memory = 3863.40 (MB).
    Completing 50% with 165 violations.
    elapsed time = 00:00:00, memory = 3863.40 (MB).
    Completing 60% with 105 violations.
    elapsed time = 00:00:12, memory = 3863.40 (MB).
    Completing 70% with 105 violations.
    elapsed time = 00:00:12, memory = 3863.40 (MB).
    Completing 80% with 105 violations.
    elapsed time = 00:00:12, memory = 3863.40 (MB).
    Completing 90% with 105 violations.
    elapsed time = 00:00:12, memory = 3863.40 (MB).
    Completing 100% with 92 violations.
    elapsed time = 00:00:31, memory = 3863.40 (MB).
[INFO DRT-0199]   Number of violations = 92.
Viol/Layer        met1   met2
Metal Spacing       19     11
Short               51     11
[INFO DRT-0267] cpu time = 00:00:35, elapsed time = 00:00:31, memory = 3863.40 (MB), peak = 4677.21 (MB)
Total wire length = 1266632 um.
Total wire length on LAYER li1 = 0 um.
Total wire length on LAYER met1 = 432939 um.
Total wire length on LAYER met2 = 495831 um.
Total wire length on LAYER met3 = 217853 um.
Total wire length on LAYER met4 = 116543 um.
Total wire length on LAYER met5 = 3464 um.
Total number of vias = 263992.
Up-via summary (total 263992):

-------------------------
 FR_MASTERSLICE         0
            li1    109558
           met1    124793
           met2     24026
           met3      5521
           met4        94
-------------------------
               263992


[INFO DRT-0195] Start 9th guides tiles iteration.
    Completing 30% with 92 violations.
    elapsed time = 00:00:17, memory = 3863.40 (MB).
    Completing 60% with 92 violations.
    elapsed time = 00:00:31, memory = 3863.40 (MB).
    Completing 100% with 92 violations.
    elapsed time = 00:00:32, memory = 3863.40 (MB).
[INFO DRT-0199]   Number of violations = 92.
Viol/Layer        met1   met2
Metal Spacing       19     11
Short               51     11
[INFO DRT-0267] cpu time = 00:00:33, elapsed time = 00:00:32, memory = 3863.40 (MB), peak = 4677.21 (MB)
Total wire length = 1266632 um.
Total wire length on LAYER li1 = 0 um.
Total wire length on LAYER met1 = 432939 um.
Total wire length on LAYER met2 = 495831 um.
Total wire length on LAYER met3 = 217853 um.
Total wire length on LAYER met4 = 116543 um.
Total wire length on LAYER met5 = 3464 um.
Total number of vias = 263992.
Up-via summary (total 263992):

-------------------------
 FR_MASTERSLICE         0
            li1    109558
           met1    124793
           met2     24026
           met3      5521
           met4        94
-------------------------
               263992


[INFO DRT-0195] Start 10th guides tiles iteration.
    Completing 30% with 92 violations.
    elapsed time = 00:00:18, memory = 3863.40 (MB).
    Completing 60% with 37 violations.
    elapsed time = 00:00:23, memory = 3863.40 (MB).
    Completing 100% with 37 violations.
    elapsed time = 00:00:23, memory = 3863.40 (MB).
[INFO DRT-0199]   Number of violations = 37.
Viol/Layer        met1   met2
Metal Spacing        7      0
Short               22      8
[INFO DRT-0267] cpu time = 00:00:24, elapsed time = 00:00:24, memory = 3863.40 (MB), peak = 4677.21 (MB)
Total wire length = 1266634 um.
Total wire length on LAYER li1 = 0 um.
Total wire length on LAYER met1 = 432917 um.
Total wire length on LAYER met2 = 495829 um.
Total wire length on LAYER met3 = 217867 um.
Total wire length on LAYER met4 = 116553 um.
Total wire length on LAYER met5 = 3464 um.
Total number of vias = 263988.
Up-via summary (total 263988):

-------------------------
 FR_MASTERSLICE         0
            li1    109558
           met1    124791
           met2     24022
           met3      5523
           met4        94
-------------------------
               263988


[INFO DRT-0195] Start 11th guides tiles iteration.
    Completing 30% with 37 violations.
    elapsed time = 00:00:49, memory = 3863.40 (MB).
    Completing 60% with 28 violations.
    elapsed time = 00:00:49, memory = 3863.40 (MB).
    Completing 100% with 23 violations.
    elapsed time = 00:00:50, memory = 3863.40 (MB).
[INFO DRT-0199]   Number of violations = 23.
Viol/Layer        met1   met2
Metal Spacing        1      0
Short                3     19
[INFO DRT-0267] cpu time = 00:00:52, elapsed time = 00:00:50, memory = 3863.40 (MB), peak = 4677.21 (MB)
Total wire length = 1266603 um.
Total wire length on LAYER li1 = 0 um.
Total wire length on LAYER met1 = 432670 um.
Total wire length on LAYER met2 = 495799 um.
Total wire length on LAYER met3 = 217872 um.
Total wire length on LAYER met4 = 116564 um.
Total wire length on LAYER met5 = 3696 um.
Total number of vias = 263963.
Up-via summary (total 263963):

-------------------------
 FR_MASTERSLICE         0
            li1    109559
           met1    124769
           met2     24013
           met3      5526
           met4        96
-------------------------
               263963


[INFO DRT-0195] Start 12th guides tiles iteration.
    Completing 30% with 23 violations.
    elapsed time = 00:00:00, memory = 3863.40 (MB).
    Completing 60% with 23 violations.
    elapsed time = 00:00:00, memory = 3863.40 (MB).
    Completing 100% with 1 violations.
    elapsed time = 00:00:00, memory = 3863.40 (MB).
[INFO DRT-0199]   Number of violations = 1.
Viol/Layer        met2
Short                1
[INFO DRT-0267] cpu time = 00:00:01, elapsed time = 00:00:01, memory = 3863.40 (MB), peak = 4677.21 (MB)
Total wire length = 1266600 um.
Total wire length on LAYER li1 = 0 um.
Total wire length on LAYER met1 = 432659 um.
Total wire length on LAYER met2 = 495782 um.
Total wire length on LAYER met3 = 217877 um.
Total wire length on LAYER met4 = 116584 um.
Total wire length on LAYER met5 = 3696 um.
Total number of vias = 263969.
Up-via summary (total 263969):

-------------------------
 FR_MASTERSLICE         0
            li1    109558
           met1    124770
           met2     24015
           met3      5530
           met4        96
-------------------------
               263969


[INFO DRT-0195] Start 13th guides tiles iteration.
    Completing 50% with 1 violations.
    elapsed time = 00:00:00, memory = 3863.40 (MB).
    Completing 100% with 0 violations.
    elapsed time = 00:00:00, memory = 3863.40 (MB).
[INFO DRT-0199]   Number of violations = 0.
[INFO DRT-0267] cpu time = 00:00:00, elapsed time = 00:00:00, memory = 3863.40 (MB), peak = 4677.21 (MB)
Total wire length = 1266601 um.
Total wire length on LAYER li1 = 0 um.
Total wire length on LAYER met1 = 432660 um.
Total wire length on LAYER met2 = 495783 um.
Total wire length on LAYER met3 = 217877 um.
Total wire length on LAYER met4 = 116584 um.
Total wire length on LAYER met5 = 3696 um.
Total number of vias = 263969.
Up-via summary (total 263969):

-------------------------
 FR_MASTERSLICE         0
            li1    109558
           met1    124770
           met2     24015
           met3      5530
           met4        96
-------------------------
               263969


[INFO DRT-0198] Complete detail routing.
Total wire length = 1266601 um.
Total wire length on LAYER li1 = 0 um.
Total wire length on LAYER met1 = 432660 um.
Total wire length on LAYER met2 = 495783 um.
Total wire length on LAYER met3 = 217877 um.
Total wire length on LAYER met4 = 116584 um.
Total wire length on LAYER met5 = 3696 um.
Total number of vias = 263969.
Up-via summary (total 263969):

-------------------------
 FR_MASTERSLICE         0
            li1    109558
           met1    124770
           met2     24015
           met3      5530
           met4        96
-------------------------
               263969


[INFO DRT-0267] cpu time = 00:17:56, elapsed time = 00:07:03, memory = 3863.40 (MB), peak = 4677.21 (MB)

[INFO DRT-0180] Post processing.
[INFO DRT-0501] Runtime: 518.89s
[INFO ANT-0002] Found 0 net violations.
[INFO ANT-0001] Found 0 pin violations.
[INFO ANT-0002] Found 0 net violations.
[INFO ANT-0001] Found 0 pin violations.
Design area 287563 um^2 51% utilization.
write_db /root/cac_runs/ntt_dp_15ns/results/sky130hd/cac_ntt_dp_15ns/base/5_2_route.odb
Elapsed time: 2:52:55.87[h:]min:sec. CPU time: user 57944.06 sys 122.36 (559%). Peak memory: 4789468KB.
Log                       Ext     Elapsed/s Peak Memory/MB sha1sum result [0:20)
5_2_route                 .odb        10375           4677 acef5255abfd240b02b6
