OpenROAD f552262465b0bfef8f097e258f94bc501d01e19d 
Features included (+) or not (-): +GPU +GUI +Python
This program is licensed under the BSD-3 license. See the LICENSE file for details.
Components of this program may be licensed under more restrictive licenses which must be honored.
[INFO ORD-0030] Using 12 thread(s).
read_liberty /opt/eda/orfs-6101364b/flow/platforms/sky130hd/lib/sky130_fd_sc_hd__tt_025C_1v80.lib
read_db /root/cac_runs/keccak_r1_20ns_ant10/results/sky130hd/cac_keccak_r1_20ns/base/5_1_grt.odb
read_sdc /root/cac_runs/keccak_r1_20ns_ant10/results/sky130hd/cac_keccak_r1_20ns/base/5_1_grt.sdc
source /opt/eda/orfs-6101364b/flow/platforms/sky130hd/setRC.tcl
detailed_route -output_drc /root/cac_runs/keccak_r1_20ns_ant10/reports/sky130hd/cac_keccak_r1_20ns/base/5_route_drc.rpt -output_maze /root/cac_runs/keccak_r1_20ns_ant10/results/sky130hd/cac_keccak_r1_20ns/base/maze.log -droute_end_iter 64 -verbose 1 -drc_report_iter_step 5
[INFO DRT-0149] Reading tech and libs.
[WARNING DRT-0349] LEF58_ENCLOSURE with no CUTCLASS is not supported. Skipping for layer mcon
[WARNING DRT-0349] LEF58_ENCLOSURE with no CUTCLASS is not supported. Skipping for layer mcon
[WARNING DRT-0349] LEF58_ENCLOSURE with no CUTCLASS is not supported. Skipping for layer via
[WARNING DRT-0349] LEF58_ENCLOSURE with no CUTCLASS is not supported. Skipping for layer via
[WARNING DRT-0349] LEF58_ENCLOSURE with no CUTCLASS is not supported. Skipping for layer via2
[WARNING DRT-0349] LEF58_ENCLOSURE with no CUTCLASS is not supported. Skipping for layer via2
[WARNING DRT-0349] LEF58_ENCLOSURE with no CUTCLASS is not supported. Skipping for layer via3
[WARNING DRT-0349] LEF58_ENCLOSURE with no CUTCLASS is not supported. Skipping for layer via3
[WARNING DRT-0349] LEF58_ENCLOSURE with no CUTCLASS is not supported. Skipping for layer via4
[WARNING DRT-0349] LEF58_ENCLOSURE with no CUTCLASS is not supported. Skipping for layer via4

Units:                1000
Number of layers:     13
Number of macros:     441
Number of vias:       29
Number of viarulegen: 25

[INFO DRT-0150] Reading design.
[WARNING DRT-0120] Large net net1288 has 168 pins which may impact routing performance. Consider optimization.
[WARNING DRT-0120] Large net net1221 has 162 pins which may impact routing performance. Consider optimization.
[WARNING DRT-0120] Large net net1203 has 119 pins which may impact routing performance. Consider optimization.
[WARNING DRT-0120] Large net net1165 has 109 pins which may impact routing performance. Consider optimization.
[WARNING DRT-0120] Large net net1158 has 104 pins which may impact routing performance. Consider optimization.
[WARNING DRT-0120] Large net net1155 has 159 pins which may impact routing performance. Consider optimization.
[WARNING DRT-0120] Large net net1254 has 168 pins which may impact routing performance. Consider optimization.
[WARNING DRT-0120] Large net net1207 has 149 pins which may impact routing performance. Consider optimization.
[WARNING DRT-0120] Large net net1209 has 154 pins which may impact routing performance. Consider optimization.
[WARNING DRT-0120] Large net net71 has 188 pins which may impact routing performance. Consider optimization.

Design:                   keccak_lane_wrapper
Die area:                 ( 0 0 ) ( 686185 686185 )
Number of track patterns: 12
Number of DEF vias:       0
Number of components:     24396
Number of terminals:      142
Number of snets:          2
Number of nets:           17926

[INFO DRT-0167] List of default vias:
  Layer via
    default via: M1M2_PR
  Layer via2
    default via: M2M3_PR
  Layer via3
    default via: M3M4_PR
  Layer via4
    default via: M4M5_PR
[INFO DRT-0162] Library cell analysis.
[INFO DRT-0163] Instance analysis.
[INFO DRT-0164] Number of unique instances = 144.
[INFO DRT-0168] Init region query.
[INFO DRT-0024]   Complete FR_MASTERSLICE.
[INFO DRT-0024]   Complete Fr_VIA.
[INFO DRT-0024]   Complete li1.
[INFO DRT-0024]   Complete mcon.
[INFO DRT-0024]   Complete met1.
[INFO DRT-0024]   Complete via.
[INFO DRT-0024]   Complete met2.
[INFO DRT-0024]   Complete via2.
[INFO DRT-0024]   Complete met3.
[INFO DRT-0024]   Complete via3.
[INFO DRT-0024]   Complete met4.
[INFO DRT-0024]   Complete via4.
[INFO DRT-0024]   Complete met5.
[INFO DRT-0033] FR_MASTERSLICE shape region query size = 0.
[INFO DRT-0033] FR_VIA shape region query size = 0.
[INFO DRT-0033] li1 shape region query size = 725869.
[INFO DRT-0033] mcon shape region query size = 419911.
[INFO DRT-0033] met1 shape region query size = 126571.
[INFO DRT-0033] via shape region query size = 31375.
[INFO DRT-0033] met2 shape region query size = 18905.
[INFO DRT-0033] via2 shape region query size = 25100.
[INFO DRT-0033] met3 shape region query size = 18885.
[INFO DRT-0033] via3 shape region query size = 25100.
[INFO DRT-0033] met4 shape region query size = 7575.
[INFO DRT-0033] via4 shape region query size = 1250.
[INFO DRT-0033] met5 shape region query size = 1350.
[INFO DRT-0165] Start pin access.
[INFO DRT-0076]   Complete 1000 pins.
[INFO DRT-0078]   Complete 1084 pins.
[INFO DRT-0079]   Complete 100 unique inst patterns.
[INFO DRT-0081]   Complete 144 unique inst patterns.
[INFO DRT-0082]   Complete 10000 groups.
[INFO DRT-0084]   Complete 13582 groups.
#scanned instances     = 24396
#unique  instances     = 144
#stdCellGenAp          = 4083
#stdCellValidPlanarAp  = 74
#stdCellValidViaAp     = 3012
#stdCellPinNoAp        = 0
#stdCellPinCnt         = 67048
#instTermValidViaApCnt = 0
#macroGenAp            = 0
#macroValidPlanarAp    = 0
#macroValidViaAp       = 0
#macroNoAp             = 0
[INFO DRT-0166] Complete pin access.
[INFO DRT-0267] cpu time = 00:07:50, elapsed time = 00:01:19, memory = 443.72 (MB), peak = 456.64 (MB)
[INFO DRT-0156] guideIn read 100000 guides.

[INFO DRT-0157] Number of guides:     181685

[INFO DRT-0169] Post process guides.
[INFO DRT-0176] GCELLGRID X 0 DO 99 STEP 6900 ;
[INFO DRT-0177] GCELLGRID Y 0 DO 99 STEP 6900 ;
[INFO DRT-0026]   Complete 100000 origin guides.
[INFO DRT-0028]   Complete FR_MASTERSLICE.
[INFO DRT-0028]   Complete Fr_VIA.
[INFO DRT-0028]   Complete li1.
[INFO DRT-0028]   Complete mcon.
[INFO DRT-0028]   Complete met1.
[INFO DRT-0028]   Complete via.
[INFO DRT-0028]   Complete met2.
[INFO DRT-0028]   Complete via2.
[INFO DRT-0028]   Complete met3.
[INFO DRT-0028]   Complete via3.
[INFO DRT-0028]   Complete met4.
[INFO DRT-0028]   Complete via4.
[INFO DRT-0028]   Complete met5.
[INFO DRT-0178] Init guide query.
[INFO DRT-0035]   Complete FR_MASTERSLICE (guide).
[INFO DRT-0035]   Complete Fr_VIA (guide).
[INFO DRT-0035]   Complete li1 (guide).
[INFO DRT-0035]   Complete mcon (guide).
[INFO DRT-0035]   Complete met1 (guide).
[INFO DRT-0035]   Complete via (guide).
[INFO DRT-0035]   Complete met2 (guide).
[INFO DRT-0035]   Complete via2 (guide).
[INFO DRT-0035]   Complete met3 (guide).
[INFO DRT-0035]   Complete via3 (guide).
[INFO DRT-0035]   Complete met4 (guide).
[INFO DRT-0035]   Complete via4 (guide).
[INFO DRT-0035]   Complete met5 (guide).
[INFO DRT-0036] FR_MASTERSLICE guide region query size = 0.
[INFO DRT-0036] FR_VIA guide region query size = 0.
[INFO DRT-0036] li1 guide region query size = 54311.
[INFO DRT-0036] mcon guide region query size = 0.
[INFO DRT-0036] met1 guide region query size = 52194.
[INFO DRT-0036] via guide region query size = 0.
[INFO DRT-0036] met2 guide region query size = 29238.
[INFO DRT-0036] via2 guide region query size = 0.
[INFO DRT-0036] met3 guide region query size = 4362.
[INFO DRT-0036] via3 guide region query size = 0.
[INFO DRT-0036] met4 guide region query size = 2130.
[INFO DRT-0036] via4 guide region query size = 0.
[INFO DRT-0036] met5 guide region query size = 133.
[INFO DRT-0179] Init gr pin query.
[INFO DRT-0267] cpu time = 00:00:01, elapsed time = 00:00:00, memory = 504.66 (MB), peak = 503.47 (MB)
[INFO DRT-0245] skipped writing guide updates to database.
[INFO DRT-0181] Start track assignment.
[INFO DRT-0184] Done with 85679 vertical wires in 2 frboxes and 56689 horizontal wires in 2 frboxes.
[INFO DRT-0186] Done with 13449 vertical wires in 2 frboxes and 22852 horizontal wires in 2 frboxes.
[INFO DRT-0182] Complete track assignment.
[INFO DRT-0267] cpu time = 00:00:13, elapsed time = 00:00:06, memory = 935.21 (MB), peak = 933.97 (MB)
[INFO DRT-0187] Start routing data preparation.
[INFO DRT-0267] cpu time = 00:00:00, elapsed time = 00:00:00, memory = 935.21 (MB), peak = 933.97 (MB)
[INFO DRT-0194] Start detail routing.
[INFO DRT-0195] Start 0th optimization iteration.
    Completing 10% with 0 violations.
    elapsed time = 00:00:28, memory = 1479.20 (MB).
    Completing 20% with 0 violations.
    elapsed time = 00:00:59, memory = 1746.52 (MB).
    Completing 30% with 7809 violations.
    elapsed time = 00:01:24, memory = 1927.91 (MB).
    Completing 40% with 7809 violations.
    elapsed time = 00:01:48, memory = 1956.56 (MB).
    Completing 50% with 7809 violations.
    elapsed time = 00:02:04, memory = 2013.00 (MB).
    Completing 60% with 14747 violations.
    elapsed time = 00:02:41, memory = 2033.88 (MB).
    Completing 70% with 14747 violations.
    elapsed time = 00:03:15, memory = 2048.51 (MB).
    Completing 80% with 22496 violations.
    elapsed time = 00:04:07, memory = 2255.21 (MB).
    Completing 90% with 22496 violations.
    elapsed time = 00:04:51, memory = 2269.73 (MB).
    Completing 100% with 30557 violations.
    elapsed time = 00:05:37, memory = 2110.75 (MB).
[INFO DRT-0199]   Number of violations = 33459.
Viol/Layer         li1   mcon   met1    via   met2   via2   met3   via3   met4   via4   met5
Cut Spacing          0     76      0      3      0      0      0      0      0      2      0
Metal Spacing        0      0   3199      0   1490      0    421      0     52      0      2
Min Hole             0      0     21      0      0      0      0      0      0      0      0
NS Metal             0      0      1      0      0      0      0      0      0      0      0
Recheck             11      0   1735      0    803      0    207      0    133      0     13
Short                0      3  20285     54   4254      1    542      3    128      3     17
[INFO DRT-0267] cpu time = 00:32:05, elapsed time = 00:05:39, memory = 2247.79 (MB), peak = 2442.99 (MB)
Total wire length = 1481234 um.
Total wire length on LAYER li1 = 0 um.
Total wire length on LAYER met1 = 515934 um.
Total wire length on LAYER met2 = 538153 um.
Total wire length on LAYER met3 = 235179 um.
Total wire length on LAYER met4 = 186573 um.
Total wire length on LAYER met5 = 5394 um.
Total number of vias = 167044.
Up-via summary (total 167044):

-------------------------
 FR_MASTERSLICE         0
            li1     64098
           met1     90371
           met2      8642
           met3      3771
           met4       162
-------------------------
               167044


[INFO DRT-0195] Start 1st optimization iteration.
    Completing 10% with 33459 violations.
    elapsed time = 00:00:24, memory = 2410.62 (MB).
    Completing 20% with 33459 violations.
    elapsed time = 00:00:40, memory = 2371.73 (MB).
    Completing 30% with 31207 violations.
    elapsed time = 00:00:58, memory = 2336.83 (MB).
    Completing 40% with 31207 violations.
    elapsed time = 00:01:29, memory = 2520.38 (MB).
    Completing 50% with 31207 violations.
    elapsed time = 00:01:57, memory = 2442.74 (MB).
    Completing 60% with 29443 violations.
    elapsed time = 00:02:37, memory = 2464.42 (MB).
    Completing 70% with 29443 violations.
    elapsed time = 00:03:08, memory = 2488.20 (MB).
    Completing 80% with 27061 violations.
    elapsed time = 00:03:44, memory = 2538.31 (MB).
    Completing 90% with 27061 violations.
    elapsed time = 00:04:24, memory = 2513.32 (MB).
    Completing 100% with 24199 violations.
    elapsed time = 00:04:59, memory = 2287.74 (MB).
[INFO DRT-0199]   Number of violations = 24206.
Viol/Layer        mcon   met1    via   met2   via2   met3   met4   met5
Cut Spacing        107      0      0      0      1      0      0      0
Metal Spacing        0   3071      0    726      0    293      3      0
Min Hole             0      1      0      1      0      0      0      0
Recheck              0      5      0      2      0      0      0      0
Short                0  17280      3   2511      0    155     43      4
[INFO DRT-0267] cpu time = 00:29:22, elapsed time = 00:05:00, memory = 2296.74 (MB), peak = 2669.14 (MB)
Total wire length = 1472841 um.
Total wire length on LAYER li1 = 0 um.
Total wire length on LAYER met1 = 509919 um.
Total wire length on LAYER met2 = 534941 um.
Total wire length on LAYER met3 = 236644 um.
Total wire length on LAYER met4 = 186154 um.
Total wire length on LAYER met5 = 5180 um.
Total number of vias = 165354.
Up-via summary (total 165354):

-------------------------
 FR_MASTERSLICE         0
            li1     64138
           met1     88407
           met2      8965
           met3      3718
           met4       126
-------------------------
               165354


[INFO DRT-0195] Start 2nd optimization iteration.
    Completing 10% with 24206 violations.
    elapsed time = 00:00:17, memory = 2510.63 (MB).
    Completing 20% with 24206 violations.
    elapsed time = 00:00:41, memory = 2512.45 (MB).
    Completing 30% with 23848 violations.
    elapsed time = 00:01:07, memory = 2511.41 (MB).
    Completing 40% with 23848 violations.
    elapsed time = 00:01:36, memory = 2456.03 (MB).
    Completing 50% with 23848 violations.
    elapsed time = 00:02:01, memory = 2445.32 (MB).
    Completing 60% with 23382 violations.
    elapsed time = 00:02:27, memory = 2530.67 (MB).
    Completing 70% with 23382 violations.
    elapsed time = 00:02:45, memory = 2483.49 (MB).
    Completing 80% with 22445 violations.
    elapsed time = 00:03:31, memory = 2565.39 (MB).
    Completing 90% with 22445 violations.
    elapsed time = 00:04:06, memory = 2570.57 (MB).
    Completing 100% with 21930 violations.
    elapsed time = 00:04:41, memory = 2307.16 (MB).
[INFO DRT-0199]   Number of violations = 21930.
Viol/Layer        mcon   met1    via   met2   met3   met4   met5
Cut Spacing         91      0      0      0      0      0      0
Metal Spacing        0   2871      0    675    250      9      4
Min Hole             0      1      0      0      0      0      0
Short                0  15889      3   1945    149     43      0
[INFO DRT-0267] cpu time = 00:28:44, elapsed time = 00:04:42, memory = 2313.16 (MB), peak = 2699.43 (MB)
Total wire length = 1471251 um.
Total wire length on LAYER li1 = 0 um.
Total wire length on LAYER met1 = 508774 um.
Total wire length on LAYER met2 = 534209 um.
Total wire length on LAYER met3 = 236878 um.
Total wire length on LAYER met4 = 186194 um.
Total wire length on LAYER met5 = 5194 um.
Total number of vias = 164608.
Up-via summary (total 164608):

-------------------------
 FR_MASTERSLICE         0
            li1     64111
           met1     87876
           met2      8803
           met3      3690
           met4       128
-------------------------
               164608


[INFO DRT-0195] Start 3rd optimization iteration.
    Completing 10% with 21930 violations.
    elapsed time = 00:00:20, memory = 2531.84 (MB).
    Completing 20% with 21930 violations.
    elapsed time = 00:01:07, memory = 2452.12 (MB).
    Completing 30% with 17284 violations.
    elapsed time = 00:01:43, memory = 2572.23 (MB).
    Completing 40% with 17284 violations.
    elapsed time = 00:02:36, memory = 2541.78 (MB).
    Completing 50% with 17284 violations.
    elapsed time = 00:02:55, memory = 2491.28 (MB).
    Completing 60% with 13251 violations.
    elapsed time = 00:03:21, memory = 2546.65 (MB).
    Completing 70% with 13251 violations.
    elapsed time = 00:04:07, memory = 2532.73 (MB).
    Completing 80% with 8707 violations.
    elapsed time = 00:05:31, memory = 2614.66 (MB).
    Completing 90% with 8707 violations.
    elapsed time = 00:06:22, memory = 2657.26 (MB).
    Completing 100% with 4019 violations.
    elapsed time = 00:07:07, memory = 2358.64 (MB).
[INFO DRT-0199]   Number of violations = 4019.
Viol/Layer        mcon   met1    via   met2   via2   met3
Cut Spacing          8      0      3      0      0      0
Metal Spacing        0   1113      0    329      0     47
Min Hole             0      3      0      1      0      0
NS Metal             0      3      0      0      0      0
Short                0   1932      1    547      1     31
[INFO DRT-0267] cpu time = 00:40:16, elapsed time = 00:07:07, memory = 2361.64 (MB), peak = 2756.38 (MB)
Total wire length = 1470812 um.
Total wire length on LAYER li1 = 0 um.
Total wire length on LAYER met1 = 463518 um.
Total wire length on LAYER met2 = 530658 um.
Total wire length on LAYER met3 = 278418 um.
Total wire length on LAYER met4 = 193113 um.
Total wire length on LAYER met5 = 5103 um.
Total number of vias = 175392.
Up-via summary (total 175392):

-------------------------
 FR_MASTERSLICE         0
            li1     64140
           met1     91324
           met2     15373
           met3      4437
           met4       118
-------------------------
               175392


[INFO DRT-0195] Start 4th optimization iteration.
    Completing 10% with 4019 violations.
    elapsed time = 00:00:02, memory = 2509.12 (MB).
    Completing 20% with 4019 violations.
    elapsed time = 00:00:08, memory = 2586.20 (MB).
    Completing 30% with 3115 violations.
    elapsed time = 00:00:26, memory = 2535.44 (MB).
    Completing 40% with 3115 violations.
    elapsed time = 00:00:36, memory = 2542.68 (MB).
    Completing 50% with 3115 violations.
    elapsed time = 00:00:45, memory = 2501.03 (MB).
    Completing 60% with 2412 violations.
    elapsed time = 00:00:59, memory = 2712.85 (MB).
    Completing 70% with 2412 violations.
    elapsed time = 00:01:06, memory = 2668.27 (MB).
    Completing 80% with 1342 violations.
    elapsed time = 00:01:25, memory = 2674.25 (MB).
    Completing 90% with 1342 violations.
    elapsed time = 00:01:34, memory = 2794.96 (MB).
    Completing 100% with 239 violations.
    elapsed time = 00:01:54, memory = 2433.13 (MB).
[INFO DRT-0199]   Number of violations = 239.
Viol/Layer        mcon   met1   met2
Cut Spacing          1      0      0
Metal Spacing        0     90     16
Min Hole             0      1      0
Short                0    100     31
[INFO DRT-0267] cpu time = 00:09:02, elapsed time = 00:01:54, memory = 2374.94 (MB), peak = 2887.98 (MB)
Total wire length = 1470587 um.
Total wire length on LAYER li1 = 0 um.
Total wire length on LAYER met1 = 460466 um.
Total wire length on LAYER met2 = 529309 um.
Total wire length on LAYER met3 = 281183 um.
Total wire length on LAYER met4 = 194524 um.
Total wire length on LAYER met5 = 5103 um.
Total number of vias = 175819.
Up-via summary (total 175819):

-------------------------
 FR_MASTERSLICE         0
            li1     64145
           met1     91367
           met2     15674
           met3      4515
           met4       118
-------------------------
               175819


[INFO DRT-0195] Start 5th optimization iteration.
    Completing 10% with 239 violations.
    elapsed time = 00:00:00, memory = 2374.94 (MB).
    Completing 20% with 239 violations.
    elapsed time = 00:00:02, memory = 2628.14 (MB).
    Completing 30% with 183 violations.
    elapsed time = 00:00:05, memory = 2374.94 (MB).
    Completing 40% with 183 violations.
    elapsed time = 00:00:05, memory = 2374.94 (MB).
    Completing 50% with 183 violations.
    elapsed time = 00:00:05, memory = 2374.94 (MB).
    Completing 60% with 132 violations.
    elapsed time = 00:00:14, memory = 2374.94 (MB).
    Completing 70% with 132 violations.
    elapsed time = 00:00:14, memory = 2376.73 (MB).
    Completing 80% with 68 violations.
    elapsed time = 00:00:21, memory = 2375.20 (MB).
    Completing 90% with 68 violations.
    elapsed time = 00:00:21, memory = 2375.27 (MB).
    Completing 100% with 11 violations.
    elapsed time = 00:00:29, memory = 2380.95 (MB).
[INFO DRT-0199]   Number of violations = 11.
Viol/Layer        met1
Metal Spacing        3
Short                8
[INFO DRT-0267] cpu time = 00:01:32, elapsed time = 00:00:30, memory = 2371.25 (MB), peak = 2887.98 (MB)
Total wire length = 1470551 um.
Total wire length on LAYER li1 = 0 um.
Total wire length on LAYER met1 = 460086 um.
Total wire length on LAYER met2 = 529297 um.
Total wire length on LAYER met3 = 281485 um.
Total wire length on LAYER met4 = 194577 um.
Total wire length on LAYER met5 = 5103 um.
Total number of vias = 175841.
Up-via summary (total 175841):

-------------------------
 FR_MASTERSLICE         0
            li1     64143
           met1     91343
           met2     15722
           met3      4515
           met4       118
-------------------------
               175841


[INFO DRT-0195] Start 6th guides tiles iteration.
    Completing 10% with 11 violations.
    elapsed time = 00:00:00, memory = 2371.25 (MB).
    Completing 20% with 11 violations.
    elapsed time = 00:00:00, memory = 2371.25 (MB).
    Completing 30% with 11 violations.
    elapsed time = 00:00:00, memory = 2371.25 (MB).
    Completing 40% with 11 violations.
    elapsed time = 00:00:00, memory = 2371.25 (MB).
    Completing 50% with 8 violations.
    elapsed time = 00:00:00, memory = 2371.25 (MB).
    Completing 60% with 8 violations.
    elapsed time = 00:00:01, memory = 2371.25 (MB).
    Completing 70% with 7 violations.
    elapsed time = 00:00:03, memory = 2371.25 (MB).
    Completing 80% with 7 violations.
    elapsed time = 00:00:05, memory = 2371.25 (MB).
    Completing 90% with 7 violations.
    elapsed time = 00:00:06, memory = 2371.25 (MB).
    Completing 100% with 7 violations.
    elapsed time = 00:00:07, memory = 2371.25 (MB).
[INFO DRT-0199]   Number of violations = 7.
Viol/Layer        met1
Metal Spacing        1
Short                6
[INFO DRT-0267] cpu time = 00:00:07, elapsed time = 00:00:07, memory = 2371.32 (MB), peak = 2887.98 (MB)
Total wire length = 1470544 um.
Total wire length on LAYER li1 = 0 um.
Total wire length on LAYER met1 = 460084 um.
Total wire length on LAYER met2 = 529302 um.
Total wire length on LAYER met3 = 281476 um.
Total wire length on LAYER met4 = 194577 um.
Total wire length on LAYER met5 = 5103 um.
Total number of vias = 175840.
Up-via summary (total 175840):

-------------------------
 FR_MASTERSLICE         0
            li1     64143
           met1     91342
           met2     15722
           met3      4515
           met4       118
-------------------------
               175840


[INFO DRT-0195] Start 7th guides tiles iteration.
    Completing 20% with 7 violations.
    elapsed time = 00:00:00, memory = 2371.32 (MB).
    Completing 50% with 7 violations.
    elapsed time = 00:00:00, memory = 2371.32 (MB).
    Completing 70% with 7 violations.
    elapsed time = 00:00:04, memory = 2371.32 (MB).
    Completing 100% with 6 violations.
    elapsed time = 00:00:04, memory = 2371.32 (MB).
[INFO DRT-0199]   Number of violations = 6.
Viol/Layer        met1
Metal Spacing        1
Short                5
[INFO DRT-0267] cpu time = 00:00:05, elapsed time = 00:00:04, memory = 2371.32 (MB), peak = 2887.98 (MB)
Total wire length = 1470544 um.
Total wire length on LAYER li1 = 0 um.
Total wire length on LAYER met1 = 460084 um.
Total wire length on LAYER met2 = 529302 um.
Total wire length on LAYER met3 = 281476 um.
Total wire length on LAYER met4 = 194577 um.
Total wire length on LAYER met5 = 5103 um.
Total number of vias = 175840.
Up-via summary (total 175840):

-------------------------
 FR_MASTERSLICE         0
            li1     64143
           met1     91342
           met2     15722
           met3      4515
           met4       118
-------------------------
               175840


[INFO DRT-0195] Start 8th guides tiles iteration.
    Completing 20% with 6 violations.
    elapsed time = 00:00:00, memory = 2371.32 (MB).
    Completing 50% with 6 violations.
    elapsed time = 00:00:00, memory = 2371.32 (MB).
    Completing 70% with 6 violations.
    elapsed time = 00:00:04, memory = 2371.32 (MB).
    Completing 100% with 6 violations.
    elapsed time = 00:00:04, memory = 2371.32 (MB).
[INFO DRT-0199]   Number of violations = 6.
Viol/Layer        met1
Metal Spacing        1
Short                5
[INFO DRT-0267] cpu time = 00:00:05, elapsed time = 00:00:04, memory = 2371.32 (MB), peak = 2887.98 (MB)
Total wire length = 1470544 um.
Total wire length on LAYER li1 = 0 um.
Total wire length on LAYER met1 = 460084 um.
Total wire length on LAYER met2 = 529302 um.
Total wire length on LAYER met3 = 281476 um.
Total wire length on LAYER met4 = 194577 um.
Total wire length on LAYER met5 = 5103 um.
Total number of vias = 175840.
Up-via summary (total 175840):

-------------------------
 FR_MASTERSLICE         0
            li1     64143
           met1     91342
           met2     15722
           met3      4515
           met4       118
-------------------------
               175840


[INFO DRT-0195] Start 9th stubborn tiles iteration.
    Completing 10% with 6 violations.
    elapsed time = 00:00:07, memory = 2600.47 (MB).
    Completing 20% with 6 violations.
    elapsed time = 00:00:16, memory = 2536.15 (MB).
    Completing 30% with 6 violations.
    elapsed time = 00:00:24, memory = 2689.64 (MB).
    Completing 40% with 6 violations.
    elapsed time = 00:00:36, memory = 2813.27 (MB).
    Completing 50% with 6 violations.
    elapsed time = 00:00:47, memory = 2955.48 (MB).
    Completing 60% with 6 violations.
    elapsed time = 00:00:57, memory = 3147.03 (MB).
    Completing 70% with 1 violations.
    elapsed time = 00:01:33, memory = 2989.60 (MB).
    Completing 80% with 1 violations.
    elapsed time = 00:01:35, memory = 2893.81 (MB).
    Completing 90% with 1 violations.
    elapsed time = 00:01:37, memory = 2889.60 (MB).
    Completing 100% with 0 violations.
    elapsed time = 00:02:09, memory = 2867.49 (MB).
[INFO DRT-0199]   Number of violations = 0.
[INFO DRT-0267] cpu time = 00:09:21, elapsed time = 00:02:09, memory = 2885.36 (MB), peak = 3255.76 (MB)
Total wire length = 1470539 um.
Total wire length on LAYER li1 = 0 um.
Total wire length on LAYER met1 = 460020 um.
Total wire length on LAYER met2 = 529291 um.
Total wire length on LAYER met3 = 281527 um.
Total wire length on LAYER met4 = 194596 um.
Total wire length on LAYER met5 = 5103 um.
Total number of vias = 175854.
Up-via summary (total 175854):

-------------------------
 FR_MASTERSLICE         0
            li1     64143
           met1     91347
           met2     15729
           met3      4517
           met4       118
-------------------------
               175854


[INFO DRT-0198] Complete detail routing.
Total wire length = 1470539 um.
Total wire length on LAYER li1 = 0 um.
Total wire length on LAYER met1 = 460020 um.
Total wire length on LAYER met2 = 529291 um.
Total wire length on LAYER met3 = 281527 um.
Total wire length on LAYER met4 = 194596 um.
Total wire length on LAYER met5 = 5103 um.
Total number of vias = 175854.
Up-via summary (total 175854):

-------------------------
 FR_MASTERSLICE         0
            li1     64143
           met1     91347
           met2     15729
           met3      4517
           met4       118
-------------------------
               175854


[INFO DRT-0267] cpu time = 02:30:44, elapsed time = 00:27:22, memory = 2885.36 (MB), peak = 3255.76 (MB)

[INFO DRT-0180] Post processing.
[INFO DRT-0501] Runtime: 1653.49s
Took 1730 seconds: detailed_route -output_drc /root/cac_runs/keccak_r1_20ns_ant10/reports/sky130hd/cac_keccak_r1_20ns/base/5_route_drc.rpt -output_maze /root/cac_runs/keccak_r1_20ns_ant10/results/sky130hd/cac_keccak_r1_20ns/base/maze.log -droute_end_iter 64 -verbose 1 -drc_report_iter_step 5
[INFO GRT-0012] Found 83 antenna violations.
[WARNING GRT-0243] Unable to repair antennas on net with diodes.
[INFO DPL-0006] Core area: 464820.80 um^2
[INFO DPL-0007] Movable instances area: 0.00 um^2
[INFO DPL-0008] Fixed instances area within core: 234092.01 um^2
[INFO DPL-0009] Utilization: 50.4%
[INFO DPL-0005] Diamond search max displacement: +/- 500 sites horizontally, +/- 100 rows vertically.
[INFO DPL-1102] Legalizing using negotiation legalizer.
[INFO DPL-1103] Negotiation base search window: +/-20 sites horizontally, +/-5 rows vertically 
	Automatic search window extension enabled.
	Search window extendable up to the max displacement cap of +/-500 sites, +/-100 rows near walls.
[INFO DPL-1104] NegotiationLegalizer DRC penalty: 5.
[INFO DPL-0392] Negotiation cell height distribution (1 unique row-count(s)):
[INFO DPL-0393]   height 1 row(s): 24576 cells
[INFO DPL-0500] Runtime: 0.20s
[INFO GRT-0015] Inserted 180 diodes.
[WARNING DRT-0120] Large net net1288 has 168 pins which may impact routing performance. Consider optimization.
[WARNING DRT-0120] Large net net1221 has 162 pins which may impact routing performance. Consider optimization.
[WARNING DRT-0120] Large net net1203 has 119 pins which may impact routing performance. Consider optimization.
[WARNING DRT-0120] Large net net1165 has 109 pins which may impact routing performance. Consider optimization.
[WARNING DRT-0120] Large net net1158 has 104 pins which may impact routing performance. Consider optimization.
[WARNING DRT-0120] Large net net1155 has 159 pins which may impact routing performance. Consider optimization.
[WARNING DRT-0120] Large net net1254 has 168 pins which may impact routing performance. Consider optimization.
[WARNING DRT-0120] Large net net1207 has 149 pins which may impact routing performance. Consider optimization.
[WARNING DRT-0120] Large net net1209 has 154 pins which may impact routing performance. Consider optimization.
[WARNING DRT-0120] Large net net71 has 188 pins which may impact routing performance. Consider optimization.
[INFO DRT-0024]   Complete FR_MASTERSLICE.
[INFO DRT-0024]   Complete Fr_VIA.
[INFO DRT-0024]   Complete li1.
[INFO DRT-0024]   Complete mcon.
[INFO DRT-0024]   Complete met1.
[INFO DRT-0024]   Complete via.
[INFO DRT-0024]   Complete met2.
[INFO DRT-0024]   Complete via2.
[INFO DRT-0024]   Complete met3.
[INFO DRT-0024]   Complete via3.
[INFO DRT-0024]   Complete met4.
[INFO DRT-0024]   Complete via4.
[INFO DRT-0024]   Complete met5.
[INFO DRT-0165] Start pin access.
[INFO DRT-0076]   Complete 1000 pins.
[INFO DRT-0078]   Complete 1084 pins.
[INFO DRT-0079]   Complete 100 unique inst patterns.
[INFO DRT-0081]   Complete 144 unique inst patterns.
[INFO DRT-0082]   Complete 10000 groups.
[INFO DRT-0084]   Complete 13597 groups.
#scanned instances     = 24576
#unique  instances     = 144
#stdCellGenAp          = 4083
#stdCellValidPlanarAp  = 74
#stdCellValidViaAp     = 3012
#stdCellPinNoAp        = 0
#stdCellPinCnt         = 67048
#instTermValidViaApCnt = 0
#macroGenAp            = 0
#macroValidPlanarAp    = 0
#macroValidViaAp       = 0
#macroNoAp             = 0
[INFO DRT-0166] Complete pin access.
[INFO DRT-0267] cpu time = 00:08:19, elapsed time = 00:01:29, memory = 2496.64 (MB), peak = 3255.76 (MB)
[INFO DRT-0156] guideIn read 100000 guides.

[INFO DRT-0157] Number of guides:     179668

[INFO DRT-0169] Post process guides.
[INFO DRT-0176] GCELLGRID X 0 DO 99 STEP 6900 ;
[INFO DRT-0177] GCELLGRID Y 0 DO 99 STEP 6900 ;
[INFO DRT-0026]   Complete 100000 origin guides.
[INFO DRT-0028]   Complete FR_MASTERSLICE.
[INFO DRT-0028]   Complete Fr_VIA.
[INFO DRT-0028]   Complete li1.
[INFO DRT-0028]   Complete mcon.
[INFO DRT-0028]   Complete met1.
[INFO DRT-0028]   Complete via.
[INFO DRT-0028]   Complete met2.
[INFO DRT-0028]   Complete via2.
[INFO DRT-0028]   Complete met3.
[INFO DRT-0028]   Complete via3.
[INFO DRT-0028]   Complete met4.
[INFO DRT-0028]   Complete via4.
[INFO DRT-0028]   Complete met5.
[INFO DRT-0178] Init guide query.
[INFO DRT-0035]   Complete FR_MASTERSLICE (guide).
[INFO DRT-0035]   Complete Fr_VIA (guide).
[INFO DRT-0035]   Complete li1 (guide).
[INFO DRT-0035]   Complete mcon (guide).
[INFO DRT-0035]   Complete met1 (guide).
[INFO DRT-0035]   Complete via (guide).
[INFO DRT-0035]   Complete met2 (guide).
[INFO DRT-0035]   Complete via2 (guide).
[INFO DRT-0035]   Complete met3 (guide).
[INFO DRT-0035]   Complete via3 (guide).
[INFO DRT-0035]   Complete met4 (guide).
[INFO DRT-0035]   Complete via4 (guide).
[INFO DRT-0035]   Complete met5 (guide).
[INFO DRT-0036] FR_MASTERSLICE guide region query size = 0.
[INFO DRT-0036] FR_VIA guide region query size = 0.
[INFO DRT-0036] li1 guide region query size = 54351.
[INFO DRT-0036] mcon guide region query size = 0.
[INFO DRT-0036] met1 guide region query size = 52093.
[INFO DRT-0036] via guide region query size = 0.
[INFO DRT-0036] met2 guide region query size = 28882.
[INFO DRT-0036] via2 guide region query size = 0.
[INFO DRT-0036] met3 guide region query size = 3807.
[INFO DRT-0036] via3 guide region query size = 0.
[INFO DRT-0036] met4 guide region query size = 1815.
[INFO DRT-0036] via4 guide region query size = 0.
[INFO DRT-0036] met5 guide region query size = 82.
[INFO DRT-0179] Init gr pin query.
[INFO DRT-0267] cpu time = 00:00:01, elapsed time = 00:00:00, memory = 2496.64 (MB), peak = 3255.76 (MB)
[INFO DRT-0245] skipped writing guide updates to database.
[INFO DRT-0181] Start track assignment.
[INFO DRT-0184] Done with 85048 vertical wires in 2 frboxes and 55982 horizontal wires in 2 frboxes.
[INFO DRT-0186] Done with 13825 vertical wires in 2 frboxes and 23469 horizontal wires in 2 frboxes.
[INFO DRT-0182] Complete track assignment.
[INFO DRT-0267] cpu time = 00:00:18, elapsed time = 00:00:09, memory = 2496.66 (MB), peak = 3255.76 (MB)
[INFO DRT-0187] Start routing data preparation.
[INFO DRT-0267] cpu time = 00:00:00, elapsed time = 00:00:00, memory = 2496.66 (MB), peak = 3255.76 (MB)
[INFO DRT-0194] Start detail routing.
[INFO DRT-0195] Start 0th optimization iteration.
    Completing 10% with 0 violations.
    elapsed time = 00:00:14, memory = 2661.85 (MB).
    Completing 20% with 0 violations.
    elapsed time = 00:00:23, memory = 2720.78 (MB).
    Completing 30% with 6527 violations.
    elapsed time = 00:00:31, memory = 2848.98 (MB).
    Completing 40% with 6527 violations.
    elapsed time = 00:00:42, memory = 2885.66 (MB).
    Completing 50% with 6527 violations.
    elapsed time = 00:00:47, memory = 2798.57 (MB).
    Completing 60% with 11015 violations.
    elapsed time = 00:00:54, memory = 2850.57 (MB).
    Completing 70% with 11015 violations.
    elapsed time = 00:01:02, memory = 2878.63 (MB).
    Completing 80% with 16537 violations.
    elapsed time = 00:01:15, memory = 2974.49 (MB).
    Completing 90% with 16537 violations.
    elapsed time = 00:01:26, memory = 2908.71 (MB).
    Completing 100% with 20522 violations.
    elapsed time = 00:01:46, memory = 2707.06 (MB).
[INFO DRT-0199]   Number of violations = 21883.
Viol/Layer         li1   mcon   met1    via   met2   met3   met4
Cut Spacing          0      2      0      0      0      0      0
Metal Spacing        0      0    804      0   1091     50     10
Min Hole             0      0      9      0      2      0      0
Recheck              1      0    759      0    518     68     15
Short                0      0  11329     12   6868    234    111
[INFO DRT-0267] cpu time = 00:12:43, elapsed time = 00:01:48, memory = 2885.89 (MB), peak = 3255.76 (MB)
Total wire length = 1475976 um.
Total wire length on LAYER li1 = 0 um.
Total wire length on LAYER met1 = 489812 um.
Total wire length on LAYER met2 = 549059 um.
Total wire length on LAYER met3 = 252968 um.
Total wire length on LAYER met4 = 178991 um.
Total wire length on LAYER met5 = 5145 um.
Total number of vias = 175111.
Up-via summary (total 175111):

-------------------------
 FR_MASTERSLICE         0
            li1     64416
           met1     92182
           met2     14333
           met3      4062
           met4       118
-------------------------
               175111


[INFO DRT-0195] Start 1st optimization iteration.
    Completing 10% with 21883 violations.
    elapsed time = 00:00:10, memory = 3011.00 (MB).
    Completing 20% with 21883 violations.
    elapsed time = 00:00:20, memory = 3035.11 (MB).
    Completing 30% with 20445 violations.
    elapsed time = 00:00:30, memory = 2929.23 (MB).
    Completing 40% with 20445 violations.
    elapsed time = 00:00:40, memory = 3065.04 (MB).
    Completing 50% with 20445 violations.
    elapsed time = 00:00:50, memory = 2895.88 (MB).
    Completing 60% with 19118 violations.
    elapsed time = 00:01:02, memory = 3084.55 (MB).
    Completing 70% with 19118 violations.
    elapsed time = 00:01:13, memory = 3048.99 (MB).
    Completing 80% with 17228 violations.
    elapsed time = 00:01:26, memory = 3041.45 (MB).
    Completing 90% with 17228 violations.
    elapsed time = 00:01:40, memory = 3069.52 (MB).
    Completing 100% with 15714 violations.
    elapsed time = 00:01:53, memory = 2931.55 (MB).
[INFO DRT-0199]   Number of violations = 15714.
Viol/Layer        mcon   met1    via   met2   met3   met4
Cut Spacing          2      0      1      0      0      0
Metal Spacing        0    800      0   1121     41      4
Short                0   9707      1   3930     69     38
[INFO DRT-0267] cpu time = 00:10:06, elapsed time = 00:01:53, memory = 2901.44 (MB), peak = 3255.76 (MB)
Total wire length = 1474271 um.
Total wire length on LAYER li1 = 0 um.
Total wire length on LAYER met1 = 488552 um.
Total wire length on LAYER met2 = 547806 um.
Total wire length on LAYER met3 = 253433 um.
Total wire length on LAYER met4 = 179324 um.
Total wire length on LAYER met5 = 5154 um.
Total number of vias = 174692.
Up-via summary (total 174692):

-------------------------
 FR_MASTERSLICE         0
            li1     64410
           met1     91723
           met2     14376
           met3      4065
           met4       118
-------------------------
               174692


[INFO DRT-0195] Start 2nd optimization iteration.
    Completing 10% with 15714 violations.
    elapsed time = 00:00:12, memory = 2974.83 (MB).
    Completing 20% with 15714 violations.
    elapsed time = 00:00:23, memory = 3009.96 (MB).
    Completing 30% with 15669 violations.
    elapsed time = 00:00:32, memory = 3078.62 (MB).
    Completing 40% with 15669 violations.
    elapsed time = 00:00:39, memory = 3012.34 (MB).
    Completing 50% with 15669 violations.
    elapsed time = 00:00:44, memory = 3009.69 (MB).
    Completing 60% with 15397 violations.
    elapsed time = 00:00:51, memory = 3014.50 (MB).
    Completing 70% with 15397 violations.
    elapsed time = 00:00:58, memory = 2968.57 (MB).
    Completing 80% with 15327 violations.
    elapsed time = 00:01:05, memory = 3094.21 (MB).
    Completing 90% with 15327 violations.
    elapsed time = 00:01:09, memory = 2966.97 (MB).
    Completing 100% with 15255 violations.
    elapsed time = 00:01:17, memory = 2859.96 (MB).
[INFO DRT-0199]   Number of violations = 15255.
Viol/Layer        mcon   met1    via   met2   met3   met4
Cut Spacing          4      0      0      0      0      0
Metal Spacing        0    737      0   1061     43      3
Short                0   9520      4   3781     72     30
[INFO DRT-0267] cpu time = 00:09:16, elapsed time = 00:01:17, memory = 2862.96 (MB), peak = 3255.76 (MB)
Total wire length = 1473555 um.
Total wire length on LAYER li1 = 0 um.
Total wire length on LAYER met1 = 488153 um.
Total wire length on LAYER met2 = 547224 um.
Total wire length on LAYER met3 = 253510 um.
Total wire length on LAYER met4 = 179513 um.
Total wire length on LAYER met5 = 5154 um.
Total number of vias = 174438.
Up-via summary (total 174438):

-------------------------
 FR_MASTERSLICE         0
            li1     64409
           met1     91503
           met2     14347
           met3      4061
           met4       118
-------------------------
               174438


[INFO DRT-0195] Start 3rd optimization iteration.
    Completing 10% with 15255 violations.
    elapsed time = 00:00:31, memory = 3045.60 (MB).
    Completing 20% with 15255 violations.
    elapsed time = 00:01:11, memory = 2965.90 (MB).
    Completing 30% with 11635 violations.
    elapsed time = 00:01:39, memory = 3044.91 (MB).
    Completing 40% with 11635 violations.
    elapsed time = 00:02:16, memory = 3016.24 (MB).
    Completing 50% with 11635 violations.
    elapsed time = 00:02:33, memory = 2980.29 (MB).
    Completing 60% with 8983 violations.
    elapsed time = 00:03:19, memory = 2989.20 (MB).
    Completing 70% with 8983 violations.
    elapsed time = 00:03:46, memory = 3070.12 (MB).
    Completing 80% with 5250 violations.
    elapsed time = 00:04:19, memory = 3059.91 (MB).
    Completing 90% with 5250 violations.
    elapsed time = 00:04:36, memory = 3069.81 (MB).
    Completing 100% with 2662 violations.
    elapsed time = 00:04:57, memory = 2881.93 (MB).
[INFO DRT-0199]   Number of violations = 2662.
Viol/Layer        mcon   met1    via   met2   met3   met4
Cut Spacing          5      0     12      0      0      0
Metal Spacing        0    555      0    303     25      2
Min Hole             0      0      0      5      0      0
Short                0   1073      1    663     12      6
[INFO DRT-0267] cpu time = 00:29:29, elapsed time = 00:04:58, memory = 2881.93 (MB), peak = 3255.76 (MB)
Total wire length = 1474217 um.
Total wire length on LAYER li1 = 0 um.
Total wire length on LAYER met1 = 465948 um.
Total wire length on LAYER met2 = 536444 um.
Total wire length on LAYER met3 = 275596 um.
Total wire length on LAYER met4 = 191120 um.
Total wire length on LAYER met5 = 5108 um.
Total number of vias = 180278.
Up-via summary (total 180278):

-------------------------
 FR_MASTERSLICE         0
            li1     64418
           met1     93261
           met2     17586
           met3      4899
           met4       114
-------------------------
               180278


[INFO DRT-0195] Start 4th optimization iteration.
    Completing 10% with 2662 violations.
    elapsed time = 00:00:02, memory = 2994.50 (MB).
    Completing 20% with 2662 violations.
    elapsed time = 00:00:05, memory = 3027.08 (MB).
    Completing 30% with 1847 violations.
    elapsed time = 00:00:16, memory = 2881.93 (MB).
    Completing 40% with 1847 violations.
    elapsed time = 00:00:22, memory = 2993.56 (MB).
    Completing 50% with 1847 violations.
    elapsed time = 00:00:26, memory = 2916.00 (MB).
    Completing 60% with 1315 violations.
    elapsed time = 00:00:40, memory = 2958.47 (MB).
    Completing 70% with 1315 violations.
    elapsed time = 00:00:43, memory = 2958.47 (MB).
    Completing 80% with 770 violations.
    elapsed time = 00:00:59, memory = 2896.35 (MB).
    Completing 90% with 770 violations.
    elapsed time = 00:01:03, memory = 3008.76 (MB).
    Completing 100% with 212 violations.
    elapsed time = 00:01:24, memory = 2896.35 (MB).
[INFO DRT-0199]   Number of violations = 212.
Viol/Layer        mcon   met1   met2
Cut Spacing          1      0      0
Metal Spacing        0     69     25
Short                0    105     12
[INFO DRT-0267] cpu time = 00:05:35, elapsed time = 00:01:25, memory = 2881.93 (MB), peak = 3255.76 (MB)
Total wire length = 1473835 um.
Total wire length on LAYER li1 = 0 um.
Total wire length on LAYER met1 = 464044 um.
Total wire length on LAYER met2 = 534941 um.
Total wire length on LAYER met3 = 277205 um.
Total wire length on LAYER met4 = 192549 um.
Total wire length on LAYER met5 = 5095 um.
Total number of vias = 180239.
Up-via summary (total 180239):

-------------------------
 FR_MASTERSLICE         0
            li1     64416
           met1     93093
           met2     17658
           met3      4960
           met4       112
-------------------------
               180239


[INFO DRT-0195] Start 5th optimization iteration.
    Completing 10% with 212 violations.
    elapsed time = 00:00:00, memory = 2881.93 (MB).
    Completing 20% with 212 violations.
    elapsed time = 00:00:00, memory = 2881.93 (MB).
    Completing 30% with 121 violations.
    elapsed time = 00:00:03, memory = 2881.93 (MB).
    Completing 40% with 121 violations.
    elapsed time = 00:00:03, memory = 2881.93 (MB).
    Completing 50% with 121 violations.
    elapsed time = 00:00:03, memory = 2881.93 (MB).
    Completing 60% with 71 violations.
    elapsed time = 00:00:07, memory = 2881.93 (MB).
    Completing 70% with 71 violations.
    elapsed time = 00:00:07, memory = 2881.93 (MB).
    Completing 80% with 51 violations.
    elapsed time = 00:00:17, memory = 2881.93 (MB).
    Completing 90% with 51 violations.
    elapsed time = 00:00:17, memory = 2881.93 (MB).
    Completing 100% with 19 violations.
    elapsed time = 00:00:20, memory = 2881.93 (MB).
[INFO DRT-0199]   Number of violations = 19.
Viol/Layer        met1   met2
Metal Spacing        4      1
Short               12      2
[INFO DRT-0267] cpu time = 00:00:48, elapsed time = 00:00:20, memory = 2881.93 (MB), peak = 3255.76 (MB)
Total wire length = 1473815 um.
Total wire length on LAYER li1 = 0 um.
Total wire length on LAYER met1 = 463761 um.
Total wire length on LAYER met2 = 534932 um.
Total wire length on LAYER met3 = 277417 um.
Total wire length on LAYER met4 = 192608 um.
Total wire length on LAYER met5 = 5095 um.
Total number of vias = 180244.
Up-via summary (total 180244):

-------------------------
 FR_MASTERSLICE         0
            li1     64415
           met1     93086
           met2     17667
           met3      4964
           met4       112
-------------------------
               180244


[INFO DRT-0195] Start 6th guides tiles iteration.
    Completing 20% with 19 violations.
    elapsed time = 00:00:00, memory = 2881.93 (MB).
    Completing 50% with 5 violations.
    elapsed time = 00:00:00, memory = 2881.93 (MB).
    Completing 70% with 5 violations.
    elapsed time = 00:00:01, memory = 2881.93 (MB).
    Completing 100% with 0 violations.
    elapsed time = 00:00:01, memory = 2881.93 (MB).
[INFO DRT-0199]   Number of violations = 0.
[INFO DRT-0267] cpu time = 00:00:02, elapsed time = 00:00:01, memory = 2881.95 (MB), peak = 3255.76 (MB)
Total wire length = 1473806 um.
Total wire length on LAYER li1 = 0 um.
Total wire length on LAYER met1 = 463739 um.
Total wire length on LAYER met2 = 534914 um.
Total wire length on LAYER met3 = 277431 um.
Total wire length on LAYER met4 = 192625 um.
Total wire length on LAYER met5 = 5095 um.
Total number of vias = 180248.
Up-via summary (total 180248):

-------------------------
 FR_MASTERSLICE         0
            li1     64415
           met1     93082
           met2     17673
           met3      4966
           met4       112
-------------------------
               180248


[INFO DRT-0198] Complete detail routing.
Total wire length = 1473806 um.
Total wire length on LAYER li1 = 0 um.
Total wire length on LAYER met1 = 463739 um.
Total wire length on LAYER met2 = 534914 um.
Total wire length on LAYER met3 = 277431 um.
Total wire length on LAYER met4 = 192625 um.
Total wire length on LAYER met5 = 5095 um.
Total number of vias = 180248.
Up-via summary (total 180248):

-------------------------
 FR_MASTERSLICE         0
            li1     64415
           met1     93082
           met2     17673
           met3      4966
           met4       112
-------------------------
               180248


[INFO DRT-0267] cpu time = 01:08:02, elapsed time = 00:11:47, memory = 2881.95 (MB), peak = 3255.76 (MB)

[INFO DRT-0180] Post processing.
[INFO DRT-0501] Runtime: 773.61s
[INFO ANT-0002] Found 25 net violations.
[INFO ANT-0001] Found 41 pin violations.
[INFO GRT-0012] Found 25 antenna violations.
[INFO DPL-0006] Core area: 464820.80 um^2
[INFO DPL-0007] Movable instances area: 0.00 um^2
[INFO DPL-0008] Fixed instances area within core: 234194.61 um^2
[INFO DPL-0009] Utilization: 50.4%
[INFO DPL-0005] Diamond search max displacement: +/- 500 sites horizontally, +/- 100 rows vertically.
[INFO DPL-1102] Legalizing using negotiation legalizer.
[INFO DPL-1103] Negotiation base search window: +/-20 sites horizontally, +/-5 rows vertically 
	Automatic search window extension enabled.
	Search window extendable up to the max displacement cap of +/-500 sites, +/-100 rows near walls.
[INFO DPL-1104] NegotiationLegalizer DRC penalty: 5.
[INFO DPL-0392] Negotiation cell height distribution (1 unique row-count(s)):
[INFO DPL-0393]   height 1 row(s): 24617 cells
[INFO DPL-0500] Runtime: 0.46s
[INFO GRT-0015] Inserted 41 diodes.
[WARNING DRT-0120] Large net net1288 has 168 pins which may impact routing performance. Consider optimization.
[WARNING DRT-0120] Large net net1221 has 162 pins which may impact routing performance. Consider optimization.
[WARNING DRT-0120] Large net net1203 has 119 pins which may impact routing performance. Consider optimization.
[WARNING DRT-0120] Large net net1165 has 109 pins which may impact routing performance. Consider optimization.
[WARNING DRT-0120] Large net net1158 has 104 pins which may impact routing performance. Consider optimization.
[WARNING DRT-0120] Large net net1155 has 159 pins which may impact routing performance. Consider optimization.
[WARNING DRT-0120] Large net net1254 has 168 pins which may impact routing performance. Consider optimization.
[WARNING DRT-0120] Large net net1207 has 149 pins which may impact routing performance. Consider optimization.
[WARNING DRT-0120] Large net net1209 has 154 pins which may impact routing performance. Consider optimization.
[WARNING DRT-0120] Large net net71 has 188 pins which may impact routing performance. Consider optimization.
[INFO DRT-0024]   Complete FR_MASTERSLICE.
[INFO DRT-0024]   Complete Fr_VIA.
[INFO DRT-0024]   Complete li1.
[INFO DRT-0024]   Complete mcon.
[INFO DRT-0024]   Complete met1.
[INFO DRT-0024]   Complete via.
[INFO DRT-0024]   Complete met2.
[INFO DRT-0024]   Complete via2.
[INFO DRT-0024]   Complete met3.
[INFO DRT-0024]   Complete via3.
[INFO DRT-0024]   Complete met4.
[INFO DRT-0024]   Complete via4.
[INFO DRT-0024]   Complete met5.
[INFO DRT-0165] Start pin access.
[INFO DRT-0076]   Complete 1000 pins.
[INFO DRT-0078]   Complete 1084 pins.
[INFO DRT-0079]   Complete 100 unique inst patterns.
[INFO DRT-0081]   Complete 144 unique inst patterns.
[INFO DRT-0082]   Complete 10000 groups.
[INFO DRT-0084]   Complete 13611 groups.
#scanned instances     = 24617
#unique  instances     = 144
#stdCellGenAp          = 4083
#stdCellValidPlanarAp  = 74
#stdCellValidViaAp     = 3012
#stdCellPinNoAp        = 0
#stdCellPinCnt         = 67048
#instTermValidViaApCnt = 0
#macroGenAp            = 0
#macroValidPlanarAp    = 0
#macroValidViaAp       = 0
#macroNoAp             = 0
[INFO DRT-0166] Complete pin access.
[INFO DRT-0267] cpu time = 00:08:21, elapsed time = 00:01:00, memory = 2882.09 (MB), peak = 3255.76 (MB)
[INFO DRT-0156] guideIn read 100000 guides.

[INFO DRT-0157] Number of guides:     179319

[INFO DRT-0169] Post process guides.
[INFO DRT-0176] GCELLGRID X 0 DO 99 STEP 6900 ;
[INFO DRT-0177] GCELLGRID Y 0 DO 99 STEP 6900 ;
[INFO DRT-0026]   Complete 100000 origin guides.
[INFO DRT-0028]   Complete FR_MASTERSLICE.
[INFO DRT-0028]   Complete Fr_VIA.
[INFO DRT-0028]   Complete li1.
[INFO DRT-0028]   Complete mcon.
[INFO DRT-0028]   Complete met1.
[INFO DRT-0028]   Complete via.
[INFO DRT-0028]   Complete met2.
[INFO DRT-0028]   Complete via2.
[INFO DRT-0028]   Complete met3.
[INFO DRT-0028]   Complete via3.
[INFO DRT-0028]   Complete met4.
[INFO DRT-0028]   Complete via4.
[INFO DRT-0028]   Complete met5.
[INFO DRT-0178] Init guide query.
[INFO DRT-0035]   Complete FR_MASTERSLICE (guide).
[INFO DRT-0035]   Complete Fr_VIA (guide).
[INFO DRT-0035]   Complete li1 (guide).
[INFO DRT-0035]   Complete mcon (guide).
[INFO DRT-0035]   Complete met1 (guide).
[INFO DRT-0035]   Complete via (guide).
[INFO DRT-0035]   Complete met2 (guide).
[INFO DRT-0035]   Complete via2 (guide).
[INFO DRT-0035]   Complete met3 (guide).
[INFO DRT-0035]   Complete via3 (guide).
[INFO DRT-0035]   Complete met4 (guide).
[INFO DRT-0035]   Complete via4 (guide).
[INFO DRT-0035]   Complete met5 (guide).
[INFO DRT-0036] FR_MASTERSLICE guide region query size = 0.
[INFO DRT-0036] FR_VIA guide region query size = 0.
[INFO DRT-0036] li1 guide region query size = 54363.
[INFO DRT-0036] mcon guide region query size = 0.
[INFO DRT-0036] met1 guide region query size = 52085.
[INFO DRT-0036] via guide region query size = 0.
[INFO DRT-0036] met2 guide region query size = 28813.
[INFO DRT-0036] via2 guide region query size = 0.
[INFO DRT-0036] met3 guide region query size = 3692.
[INFO DRT-0036] via3 guide region query size = 0.
[INFO DRT-0036] met4 guide region query size = 1757.
[INFO DRT-0036] via4 guide region query size = 0.
[INFO DRT-0036] met5 guide region query size = 74.
[INFO DRT-0179] Init gr pin query.
[INFO DRT-0267] cpu time = 00:00:01, elapsed time = 00:00:00, memory = 2882.09 (MB), peak = 3255.76 (MB)
[INFO DRT-0245] skipped writing guide updates to database.
[INFO DRT-0181] Start track assignment.
[INFO DRT-0184] Done with 84933 vertical wires in 2 frboxes and 55851 horizontal wires in 2 frboxes.
[INFO DRT-0186] Done with 13957 vertical wires in 2 frboxes and 23577 horizontal wires in 2 frboxes.
[INFO DRT-0182] Complete track assignment.
[INFO DRT-0267] cpu time = 00:00:18, elapsed time = 00:00:12, memory = 2882.09 (MB), peak = 3255.76 (MB)
[INFO DRT-0187] Start routing data preparation.
[INFO DRT-0267] cpu time = 00:00:00, elapsed time = 00:00:00, memory = 2882.09 (MB), peak = 3255.76 (MB)
[INFO DRT-0194] Start detail routing.
[INFO DRT-0195] Start 0th optimization iteration.
    Completing 10% with 0 violations.
    elapsed time = 00:00:09, memory = 2916.95 (MB).
    Completing 20% with 0 violations.
    elapsed time = 00:00:17, memory = 2986.51 (MB).
    Completing 30% with 2718 violations.
    elapsed time = 00:00:25, memory = 3084.01 (MB).
    Completing 40% with 2718 violations.
    elapsed time = 00:00:34, memory = 2978.20 (MB).
    Completing 50% with 2718 violations.
    elapsed time = 00:00:38, memory = 3054.83 (MB).
    Completing 60% with 4591 violations.
    elapsed time = 00:00:46, memory = 3052.05 (MB).
    Completing 70% with 4591 violations.
    elapsed time = 00:00:53, memory = 3186.04 (MB).
    Completing 80% with 6735 violations.
    elapsed time = 00:01:06, memory = 3116.98 (MB).
    Completing 90% with 6735 violations.
    elapsed time = 00:01:13, memory = 3115.18 (MB).
    Completing 100% with 8331 violations.
    elapsed time = 00:01:19, memory = 3008.32 (MB).
[INFO DRT-0199]   Number of violations = 8802.
Viol/Layer         li1   mcon   met1    via   met2   met3   met4
Cut Spacing          0      2      0      0      0      0      0
Metal Spacing        0      0    329      0    565     10      0
Min Hole             0      0      1      0      0      0      0
Recheck              1      0    227      0    214     23      6
Short                0      0   4208      5   3158     47      6
[INFO DRT-0267] cpu time = 00:07:17, elapsed time = 00:01:20, memory = 3008.32 (MB), peak = 3272.12 (MB)
Total wire length = 1475956 um.
Total wire length on LAYER li1 = 0 um.
Total wire length on LAYER met1 = 473984 um.
Total wire length on LAYER met2 = 542256 um.
Total wire length on LAYER met3 = 267923 um.
Total wire length on LAYER met4 = 186762 um.
Total wire length on LAYER met5 = 5029 um.
Total number of vias = 179201.
Up-via summary (total 179201):

-------------------------
 FR_MASTERSLICE         0
            li1     64466
           met1     93212
           met2     16772
           met3      4645
           met4       106
-------------------------
               179201


[INFO DRT-0195] Start 1st optimization iteration.
    Completing 10% with 8802 violations.
    elapsed time = 00:00:04, memory = 3097.51 (MB).
    Completing 20% with 8802 violations.
    elapsed time = 00:00:07, memory = 3126.58 (MB).
    Completing 30% with 8151 violations.
    elapsed time = 00:00:12, memory = 3029.82 (MB).
    Completing 40% with 8151 violations.
    elapsed time = 00:00:21, memory = 3148.38 (MB).
    Completing 50% with 8151 violations.
    elapsed time = 00:00:27, memory = 3082.07 (MB).
    Completing 60% with 7280 violations.
    elapsed time = 00:00:34, memory = 3233.55 (MB).
    Completing 70% with 7280 violations.
    elapsed time = 00:00:40, memory = 3154.64 (MB).
    Completing 80% with 6458 violations.
    elapsed time = 00:00:48, memory = 3239.48 (MB).
    Completing 90% with 6458 violations.
    elapsed time = 00:00:56, memory = 3155.45 (MB).
    Completing 100% with 5770 violations.
    elapsed time = 00:01:04, memory = 3008.15 (MB).
[INFO DRT-0199]   Number of violations = 5770.
Viol/Layer        mcon   met1   met2   met3   met4
Cut Spacing          4      0      0      0      0
Metal Spacing        0    265    544      2      0
Short                0   3232   1708     13      2
[INFO DRT-0267] cpu time = 00:06:13, elapsed time = 00:01:05, memory = 3008.15 (MB), peak = 3306.62 (MB)
Total wire length = 1475305 um.
Total wire length on LAYER li1 = 0 um.
Total wire length on LAYER met1 = 473574 um.
Total wire length on LAYER met2 = 541652 um.
Total wire length on LAYER met3 = 268102 um.
Total wire length on LAYER met4 = 186946 um.
Total wire length on LAYER met5 = 5029 um.
Total number of vias = 179110.
Up-via summary (total 179110):

-------------------------
 FR_MASTERSLICE         0
            li1     64470
           met1     93092
           met2     16781
           met3      4661
           met4       106
-------------------------
               179110


[INFO DRT-0195] Start 2nd optimization iteration.
    Completing 10% with 5770 violations.
    elapsed time = 00:00:07, memory = 3115.88 (MB).
    Completing 20% with 5770 violations.
    elapsed time = 00:00:13, memory = 3230.58 (MB).
    Completing 30% with 5668 violations.
    elapsed time = 00:00:20, memory = 3199.50 (MB).
    Completing 40% with 5668 violations.
    elapsed time = 00:00:25, memory = 3160.04 (MB).
    Completing 50% with 5668 violations.
    elapsed time = 00:00:28, memory = 3082.93 (MB).
    Completing 60% with 5594 violations.
    elapsed time = 00:00:32, memory = 3158.23 (MB).
    Completing 70% with 5594 violations.
    elapsed time = 00:00:35, memory = 3087.32 (MB).
    Completing 80% with 5512 violations.
    elapsed time = 00:00:39, memory = 3162.31 (MB).
    Completing 90% with 5512 violations.
    elapsed time = 00:00:44, memory = 3125.24 (MB).
    Completing 100% with 5349 violations.
    elapsed time = 00:00:47, memory = 3009.52 (MB).
[INFO DRT-0199]   Number of violations = 5349.
Viol/Layer        mcon   met1   met2   met3   met4
Cut Spacing          4      0      0      0      0
Metal Spacing        0    261    449      9      0
Short                0   3101   1515      8      2
[INFO DRT-0267] cpu time = 00:05:30, elapsed time = 00:00:47, memory = 3009.52 (MB), peak = 3306.62 (MB)
Total wire length = 1475062 um.
Total wire length on LAYER li1 = 0 um.
Total wire length on LAYER met1 = 473360 um.
Total wire length on LAYER met2 = 541576 um.
Total wire length on LAYER met3 = 268100 um.
Total wire length on LAYER met4 = 186994 um.
Total wire length on LAYER met5 = 5029 um.
Total number of vias = 179030.
Up-via summary (total 179030):

-------------------------
 FR_MASTERSLICE         0
            li1     64472
           met1     93028
           met2     16765
           met3      4659
           met4       106
-------------------------
               179030


[INFO DRT-0195] Start 3rd optimization iteration.
    Completing 10% with 5349 violations.
    elapsed time = 00:00:09, memory = 3115.33 (MB).
    Completing 20% with 5349 violations.
    elapsed time = 00:00:16, memory = 3185.46 (MB).
    Completing 30% with 3970 violations.
    elapsed time = 00:00:55, memory = 3192.71 (MB).
    Completing 40% with 3970 violations.
    elapsed time = 00:01:08, memory = 3114.36 (MB).
    Completing 50% with 3970 violations.
    elapsed time = 00:01:21, memory = 3116.58 (MB).
    Completing 60% with 3035 violations.
    elapsed time = 00:01:50, memory = 3199.78 (MB).
    Completing 70% with 3035 violations.
    elapsed time = 00:01:59, memory = 3087.61 (MB).
    Completing 80% with 1862 violations.
    elapsed time = 00:02:13, memory = 3198.28 (MB).
    Completing 90% with 1862 violations.
    elapsed time = 00:02:31, memory = 3193.18 (MB).
    Completing 100% with 903 violations.
    elapsed time = 00:03:05, memory = 3009.80 (MB).
[INFO DRT-0199]   Number of violations = 903.
Viol/Layer        mcon   met1    via   met2   met3
Cut Spacing          1      0      3      0      0
Metal Spacing        0    173      0     76      5
Min Hole             0      1      0      0      0
Short                0    428      1    207      8
[INFO DRT-0267] cpu time = 00:15:19, elapsed time = 00:03:06, memory = 3009.80 (MB), peak = 3306.62 (MB)
Total wire length = 1475032 um.
Total wire length on LAYER li1 = 0 um.
Total wire length on LAYER met1 = 465471 um.
Total wire length on LAYER met2 = 535781 um.
Total wire length on LAYER met3 = 276200 um.
Total wire length on LAYER met4 = 192549 um.
Total wire length on LAYER met5 = 5029 um.
Total number of vias = 181197.
Up-via summary (total 181197):

-------------------------
 FR_MASTERSLICE         0
            li1     64487
           met1     93581
           met2     17974
           met3      5049
           met4       106
-------------------------
               181197


[INFO DRT-0195] Start 4th optimization iteration.
    Completing 10% with 903 violations.
    elapsed time = 00:00:00, memory = 3009.80 (MB).
    Completing 20% with 903 violations.
    elapsed time = 00:00:02, memory = 3187.70 (MB).
    Completing 30% with 672 violations.
    elapsed time = 00:00:18, memory = 3034.43 (MB).
    Completing 40% with 672 violations.
    elapsed time = 00:00:19, memory = 3096.36 (MB).
    Completing 50% with 672 violations.
    elapsed time = 00:00:22, memory = 3143.89 (MB).
    Completing 60% with 469 violations.
    elapsed time = 00:00:25, memory = 3034.43 (MB).
    Completing 70% with 469 violations.
    elapsed time = 00:00:27, memory = 3144.34 (MB).
    Completing 80% with 175 violations.
    elapsed time = 00:00:30, memory = 3034.55 (MB).
    Completing 90% with 175 violations.
    elapsed time = 00:00:32, memory = 3150.16 (MB).
    Completing 100% with 47 violations.
    elapsed time = 00:00:44, memory = 3034.55 (MB).
[INFO DRT-0199]   Number of violations = 47.
Viol/Layer        met1   met2
Metal Spacing       10      3
Short               29      5
[INFO DRT-0267] cpu time = 00:02:48, elapsed time = 00:00:44, memory = 3034.55 (MB), peak = 3306.62 (MB)
Total wire length = 1474889 um.
Total wire length on LAYER li1 = 0 um.
Total wire length on LAYER met1 = 464244 um.
Total wire length on LAYER met2 = 535138 um.
Total wire length on LAYER met3 = 277243 um.
Total wire length on LAYER met4 = 193233 um.
Total wire length on LAYER met5 = 5029 um.
Total number of vias = 181315.
Up-via summary (total 181315):

-------------------------
 FR_MASTERSLICE         0
            li1     64489
           met1     93587
           met2     18053
           met3      5080
           met4       106
-------------------------
               181315


[INFO DRT-0195] Start 5th guides tiles iteration.
    Completing 10% with 47 violations.
    elapsed time = 00:00:00, memory = 3158.47 (MB).
    Completing 20% with 47 violations.
    elapsed time = 00:00:00, memory = 3158.47 (MB).
    Completing 30% with 47 violations.
    elapsed time = 00:00:01, memory = 3158.47 (MB).
    Completing 40% with 47 violations.
    elapsed time = 00:00:06, memory = 3158.47 (MB).
    Completing 50% with 47 violations.
    elapsed time = 00:00:07, memory = 3034.55 (MB).
    Completing 60% with 39 violations.
    elapsed time = 00:00:07, memory = 3034.55 (MB).
    Completing 70% with 39 violations.
    elapsed time = 00:00:07, memory = 3034.55 (MB).
    Completing 80% with 39 violations.
    elapsed time = 00:00:08, memory = 3034.55 (MB).
    Completing 90% with 39 violations.
    elapsed time = 00:00:08, memory = 3034.55 (MB).
    Completing 100% with 11 violations.
    elapsed time = 00:00:15, memory = 3034.55 (MB).
[INFO DRT-0199]   Number of violations = 11.
Viol/Layer        met1   met2
Short                7      4
[INFO DRT-0267] cpu time = 00:00:24, elapsed time = 00:00:15, memory = 3034.55 (MB), peak = 3306.62 (MB)
Total wire length = 1474857 um.
Total wire length on LAYER li1 = 0 um.
Total wire length on LAYER met1 = 464194 um.
Total wire length on LAYER met2 = 534988 um.
Total wire length on LAYER met3 = 277258 um.
Total wire length on LAYER met4 = 193385 um.
Total wire length on LAYER met5 = 5029 um.
Total number of vias = 181293.
Up-via summary (total 181293):

-------------------------
 FR_MASTERSLICE         0
            li1     64489
           met1     93581
           met2     18040
           met3      5077
           met4       106
-------------------------
               181293


[INFO DRT-0195] Start 6th guides tiles iteration.
    Completing 30% with 11 violations.
    elapsed time = 00:00:13, memory = 3158.47 (MB).
    Completing 60% with 11 violations.
    elapsed time = 00:00:13, memory = 3034.55 (MB).
    Completing 100% with 11 violations.
    elapsed time = 00:00:15, memory = 3034.55 (MB).
[INFO DRT-0199]   Number of violations = 11.
Viol/Layer        met1   met2
Short                7      4
[INFO DRT-0267] cpu time = 00:00:27, elapsed time = 00:00:15, memory = 3034.55 (MB), peak = 3306.62 (MB)
Total wire length = 1474857 um.
Total wire length on LAYER li1 = 0 um.
Total wire length on LAYER met1 = 464194 um.
Total wire length on LAYER met2 = 534988 um.
Total wire length on LAYER met3 = 277258 um.
Total wire length on LAYER met4 = 193385 um.
Total wire length on LAYER met5 = 5029 um.
Total number of vias = 181293.
Up-via summary (total 181293):

-------------------------
 FR_MASTERSLICE         0
            li1     64489
           met1     93581
           met2     18040
           met3      5077
           met4       106
-------------------------
               181293


[INFO DRT-0195] Start 7th stubborn tiles iteration.
    Completing 10% with 11 violations.
    elapsed time = 00:00:03, memory = 3065.71 (MB).
    Completing 20% with 11 violations.
    elapsed time = 00:00:05, memory = 3065.71 (MB).
    Completing 30% with 11 violations.
    elapsed time = 00:00:09, memory = 3169.09 (MB).
    Completing 40% with 11 violations.
    elapsed time = 00:00:13, memory = 3227.57 (MB).
    Completing 50% with 11 violations.
    elapsed time = 00:00:16, memory = 3249.76 (MB).
    Completing 60% with 11 violations.
    elapsed time = 00:00:18, memory = 3456.77 (MB).
    Completing 70% with 11 violations.
    elapsed time = 00:00:21, memory = 3610.20 (MB).
    Completing 80% with 11 violations.
    elapsed time = 00:00:27, memory = 3785.12 (MB).
    Completing 90% with 11 violations.
    elapsed time = 00:00:35, memory = 3985.70 (MB).
    Completing 100% with 0 violations.
    elapsed time = 00:01:11, memory = 3744.27 (MB).
[INFO DRT-0199]   Number of violations = 0.
[INFO DRT-0267] cpu time = 00:07:12, elapsed time = 00:01:11, memory = 3744.27 (MB), peak = 4026.45 (MB)
Total wire length = 1474887 um.
Total wire length on LAYER li1 = 0 um.
Total wire length on LAYER met1 = 464169 um.
Total wire length on LAYER met2 = 534970 um.
Total wire length on LAYER met3 = 277307 um.
Total wire length on LAYER met4 = 193410 um.
Total wire length on LAYER met5 = 5029 um.
Total number of vias = 181298.
Up-via summary (total 181298):

-------------------------
 FR_MASTERSLICE         0
            li1     64489
           met1     93579
           met2     18043
           met3      5081
           met4       106
-------------------------
               181298


[INFO DRT-0198] Complete detail routing.
Total wire length = 1474887 um.
Total wire length on LAYER li1 = 0 um.
Total wire length on LAYER met1 = 464169 um.
Total wire length on LAYER met2 = 534970 um.
Total wire length on LAYER met3 = 277307 um.
Total wire length on LAYER met4 = 193410 um.
Total wire length on LAYER met5 = 5029 um.
Total number of vias = 181298.
Up-via summary (total 181298):

-------------------------
 FR_MASTERSLICE         0
            li1     64489
           met1     93579
           met2     18043
           met3      5081
           met4       106
-------------------------
               181298


[INFO DRT-0267] cpu time = 00:45:13, elapsed time = 00:08:47, memory = 3744.27 (MB), peak = 4026.45 (MB)

[INFO DRT-0180] Post processing.
[INFO DRT-0501] Runtime: 577.17s
[INFO ANT-0002] Found 9 net violations.
[INFO ANT-0001] Found 14 pin violations.
[INFO GRT-0012] Found 9 antenna violations.
[INFO DPL-0006] Core area: 464820.80 um^2
[INFO DPL-0007] Movable instances area: 0.00 um^2
[INFO DPL-0008] Fixed instances area within core: 234229.64 um^2
[INFO DPL-0009] Utilization: 50.4%
[INFO DPL-0005] Diamond search max displacement: +/- 500 sites horizontally, +/- 100 rows vertically.
[INFO DPL-1102] Legalizing using negotiation legalizer.
[INFO DPL-1103] Negotiation base search window: +/-20 sites horizontally, +/-5 rows vertically 
	Automatic search window extension enabled.
	Search window extendable up to the max displacement cap of +/-500 sites, +/-100 rows near walls.
[INFO DPL-1104] NegotiationLegalizer DRC penalty: 5.
[INFO DPL-0392] Negotiation cell height distribution (1 unique row-count(s)):
[INFO DPL-0393]   height 1 row(s): 24631 cells
[INFO DPL-0500] Runtime: 0.47s
[INFO GRT-0015] Inserted 14 diodes.
[WARNING DRT-0120] Large net net1288 has 168 pins which may impact routing performance. Consider optimization.
[WARNING DRT-0120] Large net net1221 has 162 pins which may impact routing performance. Consider optimization.
[WARNING DRT-0120] Large net net1203 has 119 pins which may impact routing performance. Consider optimization.
[WARNING DRT-0120] Large net net1165 has 109 pins which may impact routing performance. Consider optimization.
[WARNING DRT-0120] Large net net1158 has 104 pins which may impact routing performance. Consider optimization.
[WARNING DRT-0120] Large net net1155 has 159 pins which may impact routing performance. Consider optimization.
[WARNING DRT-0120] Large net net1254 has 168 pins which may impact routing performance. Consider optimization.
[WARNING DRT-0120] Large net net1207 has 149 pins which may impact routing performance. Consider optimization.
[WARNING DRT-0120] Large net net1209 has 154 pins which may impact routing performance. Consider optimization.
[WARNING DRT-0120] Large net net71 has 188 pins which may impact routing performance. Consider optimization.
[INFO DRT-0024]   Complete FR_MASTERSLICE.
[INFO DRT-0024]   Complete Fr_VIA.
[INFO DRT-0024]   Complete li1.
[INFO DRT-0024]   Complete mcon.
[INFO DRT-0024]   Complete met1.
[INFO DRT-0024]   Complete via.
[INFO DRT-0024]   Complete met2.
[INFO DRT-0024]   Complete via2.
[INFO DRT-0024]   Complete met3.
[INFO DRT-0024]   Complete via3.
[INFO DRT-0024]   Complete met4.
[INFO DRT-0024]   Complete via4.
[INFO DRT-0024]   Complete met5.
[INFO DRT-0165] Start pin access.
[INFO DRT-0076]   Complete 1000 pins.
[INFO DRT-0078]   Complete 1084 pins.
[INFO DRT-0079]   Complete 100 unique inst patterns.
[INFO DRT-0081]   Complete 144 unique inst patterns.
[INFO DRT-0082]   Complete 10000 groups.
[INFO DRT-0084]   Complete 13617 groups.
#scanned instances     = 24631
#unique  instances     = 144
#stdCellGenAp          = 4083
#stdCellValidPlanarAp  = 74
#stdCellValidViaAp     = 3012
#stdCellPinNoAp        = 0
#stdCellPinCnt         = 67048
#instTermValidViaApCnt = 0
#macroGenAp            = 0
#macroValidPlanarAp    = 0
#macroValidViaAp       = 0
#macroNoAp             = 0
[INFO DRT-0166] Complete pin access.
[INFO DRT-0267] cpu time = 00:08:27, elapsed time = 00:01:07, memory = 3754.76 (MB), peak = 4026.45 (MB)
[INFO DRT-0156] guideIn read 100000 guides.

[INFO DRT-0157] Number of guides:     179295

[INFO DRT-0169] Post process guides.
[INFO DRT-0176] GCELLGRID X 0 DO 99 STEP 6900 ;
[INFO DRT-0177] GCELLGRID Y 0 DO 99 STEP 6900 ;
[INFO DRT-0026]   Complete 100000 origin guides.
[INFO DRT-0028]   Complete FR_MASTERSLICE.
[INFO DRT-0028]   Complete Fr_VIA.
[INFO DRT-0028]   Complete li1.
[INFO DRT-0028]   Complete mcon.
[INFO DRT-0028]   Complete met1.
[INFO DRT-0028]   Complete via.
[INFO DRT-0028]   Complete met2.
[INFO DRT-0028]   Complete via2.
[INFO DRT-0028]   Complete met3.
[INFO DRT-0028]   Complete via3.
[INFO DRT-0028]   Complete met4.
[INFO DRT-0028]   Complete via4.
[INFO DRT-0028]   Complete met5.
[INFO DRT-0178] Init guide query.
[INFO DRT-0035]   Complete FR_MASTERSLICE (guide).
[INFO DRT-0035]   Complete Fr_VIA (guide).
[INFO DRT-0035]   Complete li1 (guide).
[INFO DRT-0035]   Complete mcon (guide).
[INFO DRT-0035]   Complete met1 (guide).
[INFO DRT-0035]   Complete via (guide).
[INFO DRT-0035]   Complete met2 (guide).
[INFO DRT-0035]   Complete via2 (guide).
[INFO DRT-0035]   Complete met3 (guide).
[INFO DRT-0035]   Complete via3 (guide).
[INFO DRT-0035]   Complete met4 (guide).
[INFO DRT-0035]   Complete via4 (guide).
[INFO DRT-0035]   Complete met5 (guide).
[INFO DRT-0036] FR_MASTERSLICE guide region query size = 0.
[INFO DRT-0036] FR_VIA guide region query size = 0.
[INFO DRT-0036] li1 guide region query size = 54369.
[INFO DRT-0036] mcon guide region query size = 0.
[INFO DRT-0036] met1 guide region query size = 52083.
[INFO DRT-0036] via guide region query size = 0.
[INFO DRT-0036] met2 guide region query size = 28802.
[INFO DRT-0036] via2 guide region query size = 0.
[INFO DRT-0036] met3 guide region query size = 3687.
[INFO DRT-0036] via3 guide region query size = 0.
[INFO DRT-0036] met4 guide region query size = 1756.
[INFO DRT-0036] via4 guide region query size = 0.
[INFO DRT-0036] met5 guide region query size = 74.
[INFO DRT-0179] Init gr pin query.
[INFO DRT-0267] cpu time = 00:00:01, elapsed time = 00:00:00, memory = 3754.77 (MB), peak = 4026.45 (MB)
[INFO DRT-0245] skipped writing guide updates to database.
[INFO DRT-0181] Start track assignment.
[INFO DRT-0184] Done with 84927 vertical wires in 2 frboxes and 55844 horizontal wires in 2 frboxes.
[INFO DRT-0186] Done with 13871 vertical wires in 2 frboxes and 23498 horizontal wires in 2 frboxes.
[INFO DRT-0182] Complete track assignment.
[INFO DRT-0267] cpu time = 00:00:19, elapsed time = 00:00:11, memory = 3754.81 (MB), peak = 4026.45 (MB)
[INFO DRT-0187] Start routing data preparation.
[INFO DRT-0267] cpu time = 00:00:00, elapsed time = 00:00:00, memory = 3754.81 (MB), peak = 4026.45 (MB)
[INFO DRT-0194] Start detail routing.
[INFO DRT-0195] Start 0th optimization iteration.
    Completing 10% with 0 violations.
    elapsed time = 00:00:07, memory = 3829.55 (MB).
    Completing 20% with 0 violations.
    elapsed time = 00:00:12, memory = 3868.91 (MB).
    Completing 30% with 1233 violations.
    elapsed time = 00:00:17, memory = 3867.24 (MB).
    Completing 40% with 1233 violations.
    elapsed time = 00:00:21, memory = 3796.94 (MB).
    Completing 50% with 1233 violations.
    elapsed time = 00:00:24, memory = 3862.41 (MB).
    Completing 60% with 2053 violations.
    elapsed time = 00:00:30, memory = 3831.71 (MB).
    Completing 70% with 2053 violations.
    elapsed time = 00:00:33, memory = 3831.30 (MB).
    Completing 80% with 3239 violations.
    elapsed time = 00:00:41, memory = 3866.60 (MB).
    Completing 90% with 3239 violations.
    elapsed time = 00:00:44, memory = 3791.93 (MB).
    Completing 100% with 3991 violations.
    elapsed time = 00:00:49, memory = 3754.99 (MB).
[INFO DRT-0199]   Number of violations = 4225.
Viol/Layer        met1    via   met2   met3   met4
Metal Spacing      153      0    262      6      0
Min Hole             1      0      0      0      0
Recheck            107      0    119      7      1
Short             2108      1   1435     24      1
[INFO DRT-0267] cpu time = 00:04:57, elapsed time = 00:00:50, memory = 3754.99 (MB), peak = 4026.45 (MB)
Total wire length = 1475528 um.
Total wire length on LAYER li1 = 0 um.
Total wire length on LAYER met1 = 468307 um.
Total wire length on LAYER met2 = 537578 um.
Total wire length on LAYER met3 = 273608 um.
Total wire length on LAYER met4 = 191004 um.
Total wire length on LAYER met5 = 5029 um.
Total number of vias = 180446.
Up-via summary (total 180446):

-------------------------
 FR_MASTERSLICE         0
            li1     64510
           met1     93344
           met2     17549
           met3      4937
           met4       106
-------------------------
               180446


[INFO DRT-0195] Start 1st optimization iteration.
    Completing 10% with 4225 violations.
    elapsed time = 00:00:04, memory = 3833.16 (MB).
    Completing 20% with 4225 violations.
    elapsed time = 00:00:08, memory = 3789.16 (MB).
    Completing 30% with 3864 violations.
    elapsed time = 00:00:10, memory = 3754.99 (MB).
    Completing 40% with 3864 violations.
    elapsed time = 00:00:13, memory = 3830.85 (MB).
    Completing 50% with 3864 violations.
    elapsed time = 00:00:16, memory = 3831.76 (MB).
    Completing 60% with 3490 violations.
    elapsed time = 00:00:21, memory = 3825.15 (MB).
    Completing 70% with 3490 violations.
    elapsed time = 00:00:23, memory = 3788.81 (MB).
    Completing 80% with 3075 violations.
    elapsed time = 00:00:27, memory = 3933.00 (MB).
    Completing 90% with 3075 violations.
    elapsed time = 00:00:29, memory = 3871.24 (MB).
    Completing 100% with 2598 violations.
    elapsed time = 00:00:33, memory = 3754.99 (MB).
[INFO DRT-0199]   Number of violations = 2598.
Viol/Layer        met1   met2
Metal Spacing      191    238
Short             1530    639
[INFO DRT-0267] cpu time = 00:04:29, elapsed time = 00:00:33, memory = 3754.99 (MB), peak = 4026.45 (MB)
Total wire length = 1475122 um.
Total wire length on LAYER li1 = 0 um.
Total wire length on LAYER met1 = 468008 um.
Total wire length on LAYER met2 = 537323 um.
Total wire length on LAYER met3 = 273717 um.
Total wire length on LAYER met4 = 191042 um.
Total wire length on LAYER met5 = 5029 um.
Total number of vias = 180412.
Up-via summary (total 180412):

-------------------------
 FR_MASTERSLICE         0
            li1     64512
           met1     93289
           met2     17568
           met3      4937
           met4       106
-------------------------
               180412


[INFO DRT-0195] Start 2nd optimization iteration.
    Completing 10% with 2598 violations.
    elapsed time = 00:00:02, memory = 3907.50 (MB).
    Completing 20% with 2598 violations.
    elapsed time = 00:00:04, memory = 3831.76 (MB).
    Completing 30% with 2548 violations.
    elapsed time = 00:00:06, memory = 3754.99 (MB).
    Completing 40% with 2548 violations.
    elapsed time = 00:00:10, memory = 3901.50 (MB).
    Completing 50% with 2548 violations.
    elapsed time = 00:00:13, memory = 3929.80 (MB).
    Completing 60% with 2450 violations.
    elapsed time = 00:00:19, memory = 3862.48 (MB).
    Completing 70% with 2450 violations.
    elapsed time = 00:00:22, memory = 3900.76 (MB).
    Completing 80% with 2371 violations.
    elapsed time = 00:00:25, memory = 3786.63 (MB).
    Completing 90% with 2371 violations.
    elapsed time = 00:00:28, memory = 3823.99 (MB).
    Completing 100% with 2332 violations.
    elapsed time = 00:00:31, memory = 3786.63 (MB).
[INFO DRT-0199]   Number of violations = 2332.
Viol/Layer        met1   met2
Metal Spacing      131    210
Short             1415    576
[INFO DRT-0267] cpu time = 00:03:32, elapsed time = 00:00:31, memory = 3786.63 (MB), peak = 4068.34 (MB)
Total wire length = 1475042 um.
Total wire length on LAYER li1 = 0 um.
Total wire length on LAYER met1 = 467952 um.
Total wire length on LAYER met2 = 537255 um.
Total wire length on LAYER met3 = 273701 um.
Total wire length on LAYER met4 = 191103 um.
Total wire length on LAYER met5 = 5029 um.
Total number of vias = 180390.
Up-via summary (total 180390):

-------------------------
 FR_MASTERSLICE         0
            li1     64512
           met1     93278
           met2     17556
           met3      4938
           met4       106
-------------------------
               180390


[INFO DRT-0195] Start 3rd optimization iteration.
    Completing 10% with 2332 violations.
    elapsed time = 00:00:02, memory = 3862.82 (MB).
    Completing 20% with 2332 violations.
    elapsed time = 00:00:08, memory = 3861.39 (MB).
    Completing 30% with 1709 violations.
    elapsed time = 00:00:24, memory = 3786.63 (MB).
    Completing 40% with 1709 violations.
    elapsed time = 00:00:28, memory = 3862.59 (MB).
    Completing 50% with 1709 violations.
    elapsed time = 00:00:33, memory = 3865.16 (MB).
    Completing 60% with 1373 violations.
    elapsed time = 00:00:43, memory = 3899.72 (MB).
    Completing 70% with 1373 violations.
    elapsed time = 00:00:46, memory = 3937.67 (MB).
    Completing 80% with 708 violations.
    elapsed time = 00:00:58, memory = 3786.63 (MB).
    Completing 90% with 708 violations.
    elapsed time = 00:01:03, memory = 3902.18 (MB).
    Completing 100% with 302 violations.
    elapsed time = 00:01:23, memory = 3786.63 (MB).
[INFO DRT-0199]   Number of violations = 302.
Viol/Layer        met1   met2   met3
Metal Spacing       56     32      6
Min Hole             0      1      0
Short              135     72      0
[INFO DRT-0267] cpu time = 00:07:37, elapsed time = 00:01:23, memory = 3786.63 (MB), peak = 4107.80 (MB)
Total wire length = 1475184 um.
Total wire length on LAYER li1 = 0 um.
Total wire length on LAYER met1 = 464278 um.
Total wire length on LAYER met2 = 534703 um.
Total wire length on LAYER met3 = 277372 um.
Total wire length on LAYER met4 = 193801 um.
Total wire length on LAYER met5 = 5028 um.
Total number of vias = 181414.
Up-via summary (total 181414):

-------------------------
 FR_MASTERSLICE         0
            li1     64506
           met1     93616
           met2     18083
           met3      5103
           met4       106
-------------------------
               181414


[INFO DRT-0195] Start 4th optimization iteration.
    Completing 10% with 302 violations.
    elapsed time = 00:00:00, memory = 3786.63 (MB).
    Completing 20% with 302 violations.
    elapsed time = 00:00:00, memory = 3786.63 (MB).
    Completing 30% with 230 violations.
    elapsed time = 00:00:07, memory = 3786.63 (MB).
    Completing 40% with 230 violations.
    elapsed time = 00:00:07, memory = 3786.63 (MB).
    Completing 50% with 230 violations.
    elapsed time = 00:00:08, memory = 3869.92 (MB).
    Completing 60% with 166 violations.
    elapsed time = 00:00:09, memory = 3786.63 (MB).
    Completing 70% with 166 violations.
    elapsed time = 00:00:10, memory = 3825.89 (MB).
    Completing 80% with 113 violations.
    elapsed time = 00:00:16, memory = 3786.63 (MB).
    Completing 90% with 113 violations.
    elapsed time = 00:00:16, memory = 3786.63 (MB).
    Completing 100% with 41 violations.
    elapsed time = 00:00:29, memory = 3786.63 (MB).
[INFO DRT-0199]   Number of violations = 41.
Viol/Layer        met1   met2
Metal Spacing        7      5
Min Hole             0      1
Short               15     13
[INFO DRT-0267] cpu time = 00:01:32, elapsed time = 00:00:29, memory = 3786.63 (MB), peak = 4107.80 (MB)
Total wire length = 1475125 um.
Total wire length on LAYER li1 = 0 um.
Total wire length on LAYER met1 = 464045 um.
Total wire length on LAYER met2 = 534310 um.
Total wire length on LAYER met3 = 277600 um.
Total wire length on LAYER met4 = 194141 um.
Total wire length on LAYER met5 = 5028 um.
Total number of vias = 181434.
Up-via summary (total 181434):

-------------------------
 FR_MASTERSLICE         0
            li1     64509
           met1     93601
           met2     18096
           met3      5122
           met4       106
-------------------------
               181434


[INFO DRT-0195] Start 5th guides tiles iteration.
    Completing 10% with 41 violations.
    elapsed time = 00:00:00, memory = 3786.63 (MB).
    Completing 20% with 41 violations.
    elapsed time = 00:00:00, memory = 3786.63 (MB).
    Completing 30% with 41 violations.
    elapsed time = 00:00:00, memory = 3786.63 (MB).
    Completing 40% with 41 violations.
    elapsed time = 00:00:01, memory = 3786.63 (MB).
    Completing 50% with 41 violations.
    elapsed time = 00:00:03, memory = 3786.63 (MB).
    Completing 60% with 34 violations.
    elapsed time = 00:00:03, memory = 3786.63 (MB).
    Completing 70% with 34 violations.
    elapsed time = 00:00:03, memory = 3786.63 (MB).
    Completing 80% with 34 violations.
    elapsed time = 00:00:04, memory = 3786.63 (MB).
    Completing 90% with 34 violations.
    elapsed time = 00:00:04, memory = 3786.63 (MB).
    Completing 100% with 18 violations.
    elapsed time = 00:00:05, memory = 3786.63 (MB).
[INFO DRT-0199]   Number of violations = 18.
Viol/Layer        met2
Metal Spacing        5
Min Hole             1
Short               12
[INFO DRT-0267] cpu time = 00:00:10, elapsed time = 00:00:05, memory = 3786.63 (MB), peak = 4107.80 (MB)
Total wire length = 1475125 um.
Total wire length on LAYER li1 = 0 um.
Total wire length on LAYER met1 = 463997 um.
Total wire length on LAYER met2 = 534231 um.
Total wire length on LAYER met3 = 277630 um.
Total wire length on LAYER met4 = 194237 um.
Total wire length on LAYER met5 = 5028 um.
Total number of vias = 181436.
Up-via summary (total 181436):

-------------------------
 FR_MASTERSLICE         0
            li1     64509
           met1     93593
           met2     18102
           met3      5126
           met4       106
-------------------------
               181436


[INFO DRT-0195] Start 6th guides tiles iteration.
    Completing 50% with 18 violations.
    elapsed time = 00:00:07, memory = 3786.63 (MB).
    Completing 100% with 18 violations.
    elapsed time = 00:00:09, memory = 3786.63 (MB).
[INFO DRT-0199]   Number of violations = 18.
Viol/Layer        met2
Metal Spacing        5
Min Hole             1
Short               12
[INFO DRT-0267] cpu time = 00:00:08, elapsed time = 00:00:09, memory = 3786.63 (MB), peak = 4107.80 (MB)
Total wire length = 1475125 um.
Total wire length on LAYER li1 = 0 um.
Total wire length on LAYER met1 = 463997 um.
Total wire length on LAYER met2 = 534231 um.
Total wire length on LAYER met3 = 277630 um.
Total wire length on LAYER met4 = 194237 um.
Total wire length on LAYER met5 = 5028 um.
Total number of vias = 181436.
Up-via summary (total 181436):

-------------------------
 FR_MASTERSLICE         0
            li1     64509
           met1     93593
           met2     18102
           met3      5126
           met4       106
-------------------------
               181436


[INFO DRT-0195] Start 7th stubborn tiles iteration.
    Completing 10% with 18 violations.
    elapsed time = 00:00:02, memory = 3786.63 (MB).
    Completing 20% with 18 violations.
    elapsed time = 00:00:03, memory = 3786.63 (MB).
    Completing 30% with 18 violations.
    elapsed time = 00:00:04, memory = 3786.63 (MB).
    Completing 40% with 18 violations.
    elapsed time = 00:00:06, memory = 3786.63 (MB).
    Completing 50% with 18 violations.
    elapsed time = 00:00:06, memory = 3786.63 (MB).
    Completing 60% with 18 violations.
    elapsed time = 00:00:09, memory = 3786.63 (MB).
    Completing 70% with 18 violations.
    elapsed time = 00:00:11, memory = 3786.63 (MB).
    Completing 80% with 18 violations.
    elapsed time = 00:00:13, memory = 3786.63 (MB).
    Completing 90% with 18 violations.
    elapsed time = 00:00:15, memory = 3786.63 (MB).
    Completing 100% with 0 violations.
    elapsed time = 00:00:19, memory = 3786.63 (MB).
[INFO DRT-0199]   Number of violations = 0.
[INFO DRT-0267] cpu time = 00:02:34, elapsed time = 00:00:19, memory = 3786.63 (MB), peak = 4107.80 (MB)
Total wire length = 1475114 um.
Total wire length on LAYER li1 = 0 um.
Total wire length on LAYER met1 = 463990 um.
Total wire length on LAYER met2 = 534221 um.
Total wire length on LAYER met3 = 277638 um.
Total wire length on LAYER met4 = 194235 um.
Total wire length on LAYER met5 = 5028 um.
Total number of vias = 181438.
Up-via summary (total 181438):

-------------------------
 FR_MASTERSLICE         0
            li1     64509
           met1     93595
           met2     18102
           met3      5126
           met4       106
-------------------------
               181438


[INFO DRT-0198] Complete detail routing.
Total wire length = 1475114 um.
Total wire length on LAYER li1 = 0 um.
Total wire length on LAYER met1 = 463990 um.
Total wire length on LAYER met2 = 534221 um.
Total wire length on LAYER met3 = 277638 um.
Total wire length on LAYER met4 = 194235 um.
Total wire length on LAYER met5 = 5028 um.
Total number of vias = 181438.
Up-via summary (total 181438):

-------------------------
 FR_MASTERSLICE         0
            li1     64509
           met1     93595
           met2     18102
           met3      5126
           met4       106
-------------------------
               181438


[INFO DRT-0267] cpu time = 00:25:02, elapsed time = 00:04:23, memory = 3786.63 (MB), peak = 4107.80 (MB)

[INFO DRT-0180] Post processing.
[INFO DRT-0501] Runtime: 330.61s
[INFO ANT-0002] Found 8 net violations.
[INFO ANT-0001] Found 10 pin violations.
[INFO GRT-0012] Found 8 antenna violations.
[INFO DPL-0006] Core area: 464820.80 um^2
[INFO DPL-0007] Movable instances area: 0.00 um^2
[INFO DPL-0008] Fixed instances area within core: 234254.67 um^2
[INFO DPL-0009] Utilization: 50.4%
[INFO DPL-0005] Diamond search max displacement: +/- 500 sites horizontally, +/- 100 rows vertically.
[INFO DPL-1102] Legalizing using negotiation legalizer.
[INFO DPL-1103] Negotiation base search window: +/-20 sites horizontally, +/-5 rows vertically 
	Automatic search window extension enabled.
	Search window extendable up to the max displacement cap of +/-500 sites, +/-100 rows near walls.
[INFO DPL-1104] NegotiationLegalizer DRC penalty: 5.
[INFO DPL-0392] Negotiation cell height distribution (1 unique row-count(s)):
[INFO DPL-0393]   height 1 row(s): 24641 cells
[INFO DPL-0500] Runtime: 0.17s
[INFO GRT-0015] Inserted 10 diodes.
[WARNING DRT-0120] Large net net1288 has 168 pins which may impact routing performance. Consider optimization.
[WARNING DRT-0120] Large net net1221 has 162 pins which may impact routing performance. Consider optimization.
[WARNING DRT-0120] Large net net1203 has 119 pins which may impact routing performance. Consider optimization.
[WARNING DRT-0120] Large net net1165 has 109 pins which may impact routing performance. Consider optimization.
[WARNING DRT-0120] Large net net1158 has 104 pins which may impact routing performance. Consider optimization.
[WARNING DRT-0120] Large net net1155 has 159 pins which may impact routing performance. Consider optimization.
[WARNING DRT-0120] Large net net1254 has 168 pins which may impact routing performance. Consider optimization.
[WARNING DRT-0120] Large net net1207 has 149 pins which may impact routing performance. Consider optimization.
[WARNING DRT-0120] Large net net1209 has 154 pins which may impact routing performance. Consider optimization.
[WARNING DRT-0120] Large net net71 has 188 pins which may impact routing performance. Consider optimization.
[INFO DRT-0024]   Complete FR_MASTERSLICE.
[INFO DRT-0024]   Complete Fr_VIA.
[INFO DRT-0024]   Complete li1.
[INFO DRT-0024]   Complete mcon.
[INFO DRT-0024]   Complete met1.
[INFO DRT-0024]   Complete via.
[INFO DRT-0024]   Complete met2.
[INFO DRT-0024]   Complete via2.
[INFO DRT-0024]   Complete met3.
[INFO DRT-0024]   Complete via3.
[INFO DRT-0024]   Complete met4.
[INFO DRT-0024]   Complete via4.
[INFO DRT-0024]   Complete met5.
[INFO DRT-0165] Start pin access.
[INFO DRT-0076]   Complete 1000 pins.
[INFO DRT-0078]   Complete 1084 pins.
[INFO DRT-0079]   Complete 100 unique inst patterns.
[INFO DRT-0081]   Complete 144 unique inst patterns.
[INFO DRT-0082]   Complete 10000 groups.
[INFO DRT-0084]   Complete 13619 groups.
#scanned instances     = 24641
#unique  instances     = 144
#stdCellGenAp          = 4083
#stdCellValidPlanarAp  = 74
#stdCellValidViaAp     = 3012
#stdCellPinNoAp        = 0
#stdCellPinCnt         = 67048
#instTermValidViaApCnt = 0
#macroGenAp            = 0
#macroValidPlanarAp    = 0
#macroValidViaAp       = 0
#macroNoAp             = 0
[INFO DRT-0166] Complete pin access.
[INFO DRT-0267] cpu time = 00:08:10, elapsed time = 00:01:01, memory = 3706.86 (MB), peak = 4107.80 (MB)
[INFO DRT-0156] guideIn read 100000 guides.

[INFO DRT-0157] Number of guides:     179161

[INFO DRT-0169] Post process guides.
[INFO DRT-0176] GCELLGRID X 0 DO 99 STEP 6900 ;
[INFO DRT-0177] GCELLGRID Y 0 DO 99 STEP 6900 ;
[INFO DRT-0026]   Complete 100000 origin guides.
[INFO DRT-0028]   Complete FR_MASTERSLICE.
[INFO DRT-0028]   Complete Fr_VIA.
[INFO DRT-0028]   Complete li1.
[INFO DRT-0028]   Complete mcon.
[INFO DRT-0028]   Complete met1.
[INFO DRT-0028]   Complete via.
[INFO DRT-0028]   Complete met2.
[INFO DRT-0028]   Complete via2.
[INFO DRT-0028]   Complete met3.
[INFO DRT-0028]   Complete via3.
[INFO DRT-0028]   Complete met4.
[INFO DRT-0028]   Complete via4.
[INFO DRT-0028]   Complete met5.
[INFO DRT-0178] Init guide query.
[INFO DRT-0035]   Complete FR_MASTERSLICE (guide).
[INFO DRT-0035]   Complete Fr_VIA (guide).
[INFO DRT-0035]   Complete li1 (guide).
[INFO DRT-0035]   Complete mcon (guide).
[INFO DRT-0035]   Complete met1 (guide).
[INFO DRT-0035]   Complete via (guide).
[INFO DRT-0035]   Complete met2 (guide).
[INFO DRT-0035]   Complete via2 (guide).
[INFO DRT-0035]   Complete met3 (guide).
[INFO DRT-0035]   Complete via3 (guide).
[INFO DRT-0035]   Complete met4 (guide).
[INFO DRT-0035]   Complete via4 (guide).
[INFO DRT-0035]   Complete met5 (guide).
[INFO DRT-0036] FR_MASTERSLICE guide region query size = 0.
[INFO DRT-0036] FR_VIA guide region query size = 0.
[INFO DRT-0036] li1 guide region query size = 54373.
[INFO DRT-0036] mcon guide region query size = 0.
[INFO DRT-0036] met1 guide region query size = 52074.
[INFO DRT-0036] via guide region query size = 0.
[INFO DRT-0036] met2 guide region query size = 28782.
[INFO DRT-0036] via2 guide region query size = 0.
[INFO DRT-0036] met3 guide region query size = 3652.
[INFO DRT-0036] via3 guide region query size = 0.
[INFO DRT-0036] met4 guide region query size = 1736.
[INFO DRT-0036] via4 guide region query size = 0.
[INFO DRT-0036] met5 guide region query size = 73.
[INFO DRT-0179] Init gr pin query.
[INFO DRT-0267] cpu time = 00:00:01, elapsed time = 00:00:00, memory = 3706.86 (MB), peak = 4107.80 (MB)
[INFO DRT-0245] skipped writing guide updates to database.
[INFO DRT-0181] Start track assignment.
[INFO DRT-0184] Done with 84891 vertical wires in 2 frboxes and 55799 horizontal wires in 2 frboxes.
[INFO DRT-0186] Done with 13939 vertical wires in 2 frboxes and 23590 horizontal wires in 2 frboxes.
[INFO DRT-0182] Complete track assignment.
[INFO DRT-0267] cpu time = 00:00:12, elapsed time = 00:00:06, memory = 3706.86 (MB), peak = 4107.80 (MB)
[INFO DRT-0187] Start routing data preparation.
[INFO DRT-0267] cpu time = 00:00:00, elapsed time = 00:00:00, memory = 3706.86 (MB), peak = 4107.80 (MB)
[INFO DRT-0194] Start detail routing.
[INFO DRT-0195] Start 0th optimization iteration.
    Completing 10% with 0 violations.
    elapsed time = 00:00:03, memory = 3706.88 (MB).
    Completing 20% with 0 violations.
    elapsed time = 00:00:07, memory = 3706.90 (MB).
    Completing 30% with 856 violations.
    elapsed time = 00:00:11, memory = 3778.74 (MB).
    Completing 40% with 856 violations.
    elapsed time = 00:00:14, memory = 3748.68 (MB).
    Completing 50% with 856 violations.
    elapsed time = 00:00:17, memory = 3706.90 (MB).
    Completing 60% with 1359 violations.
    elapsed time = 00:00:20, memory = 3744.18 (MB).
    Completing 70% with 1359 violations.
    elapsed time = 00:00:24, memory = 3780.62 (MB).
    Completing 80% with 2172 violations.
    elapsed time = 00:00:27, memory = 3819.48 (MB).
    Completing 90% with 2172 violations.
    elapsed time = 00:00:30, memory = 3782.47 (MB).
    Completing 100% with 2682 violations.
    elapsed time = 00:00:33, memory = 3706.90 (MB).
[INFO DRT-0199]   Number of violations = 2871.
Viol/Layer         li1   met1   met2   met3
Metal Spacing        0    109    158      1
Recheck              1     97     91      0
Short                0   1417    997      0
[INFO DRT-0267] cpu time = 00:04:41, elapsed time = 00:00:33, memory = 3706.90 (MB), peak = 4107.80 (MB)
Total wire length = 1475658 um.
Total wire length on LAYER li1 = 0 um.
Total wire length on LAYER met1 = 466941 um.
Total wire length on LAYER met2 = 536794 um.
Total wire length on LAYER met3 = 274858 um.
Total wire length on LAYER met4 = 192047 um.
Total wire length on LAYER met5 = 5015 um.
Total number of vias = 181026.
Up-via summary (total 181026):

-------------------------
 FR_MASTERSLICE         0
            li1     64522
           met1     93580
           met2     17813
           met3      5007
           met4       104
-------------------------
               181026


[INFO DRT-0195] Start 1st optimization iteration.
    Completing 10% with 2871 violations.
    elapsed time = 00:00:02, memory = 3748.23 (MB).
    Completing 20% with 2871 violations.
    elapsed time = 00:00:04, memory = 3741.04 (MB).
    Completing 30% with 2549 violations.
    elapsed time = 00:00:07, memory = 3706.90 (MB).
    Completing 40% with 2549 violations.
    elapsed time = 00:00:10, memory = 3783.00 (MB).
    Completing 50% with 2549 violations.
    elapsed time = 00:00:13, memory = 3706.90 (MB).
    Completing 60% with 2303 violations.
    elapsed time = 00:00:17, memory = 3706.90 (MB).
    Completing 70% with 2303 violations.
    elapsed time = 00:00:19, memory = 3706.90 (MB).
    Completing 80% with 1980 violations.
    elapsed time = 00:00:23, memory = 3748.78 (MB).
    Completing 90% with 1980 violations.
    elapsed time = 00:00:25, memory = 3779.64 (MB).
    Completing 100% with 1631 violations.
    elapsed time = 00:00:29, memory = 3706.90 (MB).
[INFO DRT-0199]   Number of violations = 1631.
Viol/Layer        met1   met2
Metal Spacing      110    149
Short              915    457
[INFO DRT-0267] cpu time = 00:04:43, elapsed time = 00:00:29, memory = 3706.90 (MB), peak = 4107.80 (MB)
Total wire length = 1475361 um.
Total wire length on LAYER li1 = 0 um.
Total wire length on LAYER met1 = 466634 um.
Total wire length on LAYER met2 = 536624 um.
Total wire length on LAYER met3 = 274977 um.
Total wire length on LAYER met4 = 192110 um.
Total wire length on LAYER met5 = 5015 um.
Total number of vias = 181025.
Up-via summary (total 181025):

-------------------------
 FR_MASTERSLICE         0
            li1     64525
           met1     93549
           met2     17832
           met3      5015
           met4       104
-------------------------
               181025


[INFO DRT-0195] Start 2nd optimization iteration.
    Completing 10% with 1631 violations.
    elapsed time = 00:00:01, memory = 3741.79 (MB).
    Completing 20% with 1631 violations.
    elapsed time = 00:00:03, memory = 3748.10 (MB).
    Completing 30% with 1610 violations.
    elapsed time = 00:00:04, memory = 3706.90 (MB).
    Completing 40% with 1610 violations.
    elapsed time = 00:00:06, memory = 3747.16 (MB).
    Completing 50% with 1610 violations.
    elapsed time = 00:00:07, memory = 3706.90 (MB).
    Completing 60% with 1546 violations.
    elapsed time = 00:00:09, memory = 3779.55 (MB).
    Completing 70% with 1546 violations.
    elapsed time = 00:00:11, memory = 3706.90 (MB).
    Completing 80% with 1464 violations.
    elapsed time = 00:00:13, memory = 3706.90 (MB).
    Completing 90% with 1464 violations.
    elapsed time = 00:00:15, memory = 3782.88 (MB).
    Completing 100% with 1445 violations.
    elapsed time = 00:00:17, memory = 3706.90 (MB).
[INFO DRT-0199]   Number of violations = 1445.
Viol/Layer        met1   met2
Metal Spacing       81    157
Short              796    411
[INFO DRT-0267] cpu time = 00:02:55, elapsed time = 00:00:17, memory = 3706.90 (MB), peak = 4107.80 (MB)
Total wire length = 1475347 um.
Total wire length on LAYER li1 = 0 um.
Total wire length on LAYER met1 = 466630 um.
Total wire length on LAYER met2 = 536580 um.
Total wire length on LAYER met3 = 274970 um.
Total wire length on LAYER met4 = 192150 um.
Total wire length on LAYER met5 = 5015 um.
Total number of vias = 181015.
Up-via summary (total 181015):

-------------------------
 FR_MASTERSLICE         0
            li1     64523
           met1     93554
           met2     17821
           met3      5013
           met4       104
-------------------------
               181015


[INFO DRT-0195] Start 3rd optimization iteration.
    Completing 10% with 1445 violations.
    elapsed time = 00:00:01, memory = 3706.90 (MB).
    Completing 20% with 1445 violations.
    elapsed time = 00:00:06, memory = 3785.94 (MB).
    Completing 30% with 1051 violations.
    elapsed time = 00:00:10, memory = 3706.90 (MB).
    Completing 40% with 1051 violations.
    elapsed time = 00:00:12, memory = 3706.90 (MB).
    Completing 50% with 1051 violations.
    elapsed time = 00:00:16, memory = 3706.90 (MB).
    Completing 60% with 780 violations.
    elapsed time = 00:00:24, memory = 3784.10 (MB).
    Completing 70% with 780 violations.
    elapsed time = 00:00:27, memory = 3706.90 (MB).
    Completing 80% with 428 violations.
    elapsed time = 00:00:41, memory = 3706.90 (MB).
    Completing 90% with 428 violations.
    elapsed time = 00:00:44, memory = 3746.11 (MB).
    Completing 100% with 165 violations.
    elapsed time = 00:00:56, memory = 3706.90 (MB).
[INFO DRT-0199]   Number of violations = 165.
Viol/Layer        met1    via   met2   met3
Metal Spacing        6      0     31      1
Short               66      1     60      0
[INFO DRT-0267] cpu time = 00:05:11, elapsed time = 00:00:57, memory = 3706.90 (MB), peak = 4107.80 (MB)
Total wire length = 1475342 um.
Total wire length on LAYER li1 = 0 um.
Total wire length on LAYER met1 = 464019 um.
Total wire length on LAYER met2 = 534944 um.
Total wire length on LAYER met3 = 277574 um.
Total wire length on LAYER met4 = 193787 um.
Total wire length on LAYER met5 = 5015 um.
Total number of vias = 181608.
Up-via summary (total 181608):

-------------------------
 FR_MASTERSLICE         0
            li1     64524
           met1     93685
           met2     18150
           met3      5145
           met4       104
-------------------------
               181608


[INFO DRT-0195] Start 4th optimization iteration.
    Completing 10% with 165 violations.
    elapsed time = 00:00:00, memory = 3706.90 (MB).
    Completing 20% with 165 violations.
    elapsed time = 00:00:00, memory = 3706.90 (MB).
    Completing 30% with 124 violations.
    elapsed time = 00:00:03, memory = 3706.90 (MB).
    Completing 40% with 124 violations.
    elapsed time = 00:00:03, memory = 3706.90 (MB).
    Completing 50% with 124 violations.
    elapsed time = 00:00:03, memory = 3706.90 (MB).
    Completing 60% with 117 violations.
    elapsed time = 00:00:05, memory = 3706.90 (MB).
    Completing 70% with 117 violations.
    elapsed time = 00:00:05, memory = 3706.90 (MB).
    Completing 80% with 57 violations.
    elapsed time = 00:00:09, memory = 3706.90 (MB).
    Completing 90% with 57 violations.
    elapsed time = 00:00:09, memory = 3706.90 (MB).
    Completing 100% with 30 violations.
    elapsed time = 00:00:11, memory = 3706.90 (MB).
[INFO DRT-0199]   Number of violations = 30.
Viol/Layer        met1   met2
Metal Spacing        9      0
Short               12      9
[INFO DRT-0267] cpu time = 00:00:31, elapsed time = 00:00:11, memory = 3706.90 (MB), peak = 4107.80 (MB)
Total wire length = 1475356 um.
Total wire length on LAYER li1 = 0 um.
Total wire length on LAYER met1 = 463962 um.
Total wire length on LAYER met2 = 534675 um.
Total wire length on LAYER met3 = 277680 um.
Total wire length on LAYER met4 = 194022 um.
Total wire length on LAYER met5 = 5015 um.
Total number of vias = 181659.
Up-via summary (total 181659):

-------------------------
 FR_MASTERSLICE         0
            li1     64523
           met1     93718
           met2     18160
           met3      5154
           met4       104
-------------------------
               181659


[INFO DRT-0195] Start 5th guides tiles iteration.
    Completing 20% with 30 violations.
    elapsed time = 00:00:02, memory = 3706.90 (MB).
    Completing 50% with 30 violations.
    elapsed time = 00:00:03, memory = 3706.90 (MB).
    Completing 70% with 30 violations.
    elapsed time = 00:00:03, memory = 3759.07 (MB).
    Completing 100% with 21 violations.
    elapsed time = 00:00:08, memory = 3706.90 (MB).
[INFO DRT-0199]   Number of violations = 21.
Viol/Layer        met1
Metal Spacing        9
Short               12
[INFO DRT-0267] cpu time = 00:00:10, elapsed time = 00:00:08, memory = 3706.90 (MB), peak = 4107.80 (MB)
Total wire length = 1475349 um.
Total wire length on LAYER li1 = 0 um.
Total wire length on LAYER met1 = 463944 um.
Total wire length on LAYER met2 = 534665 um.
Total wire length on LAYER met3 = 277701 um.
Total wire length on LAYER met4 = 194022 um.
Total wire length on LAYER met5 = 5015 um.
Total number of vias = 181662.
Up-via summary (total 181662):

-------------------------
 FR_MASTERSLICE         0
            li1     64523
           met1     93719
           met2     18162
           met3      5154
           met4       104
-------------------------
               181662


[INFO DRT-0195] Start 6th guides tiles iteration.
    Completing 50% with 21 violations.
    elapsed time = 00:00:01, memory = 3706.90 (MB).
    Completing 100% with 21 violations.
    elapsed time = 00:00:06, memory = 3706.90 (MB).
[INFO DRT-0199]   Number of violations = 21.
Viol/Layer        met1
Metal Spacing        9
Short               12
[INFO DRT-0267] cpu time = 00:00:07, elapsed time = 00:00:06, memory = 3706.90 (MB), peak = 4107.80 (MB)
Total wire length = 1475349 um.
Total wire length on LAYER li1 = 0 um.
Total wire length on LAYER met1 = 463944 um.
Total wire length on LAYER met2 = 534665 um.
Total wire length on LAYER met3 = 277701 um.
Total wire length on LAYER met4 = 194022 um.
Total wire length on LAYER met5 = 5015 um.
Total number of vias = 181662.
Up-via summary (total 181662):

-------------------------
 FR_MASTERSLICE         0
            li1     64523
           met1     93719
           met2     18162
           met3      5154
           met4       104
-------------------------
               181662


[INFO DRT-0195] Start 7th stubborn tiles iteration.
    Completing 10% with 21 violations.
    elapsed time = 00:00:03, memory = 3790.82 (MB).
    Completing 20% with 21 violations.
    elapsed time = 00:00:04, memory = 3766.62 (MB).
    Completing 30% with 21 violations.
    elapsed time = 00:00:05, memory = 3807.09 (MB).
    Completing 40% with 21 violations.
    elapsed time = 00:00:06, memory = 3724.66 (MB).
    Completing 50% with 21 violations.
    elapsed time = 00:00:08, memory = 3706.90 (MB).
    Completing 60% with 21 violations.
    elapsed time = 00:00:11, memory = 3745.68 (MB).
    Completing 70% with 21 violations.
    elapsed time = 00:00:15, memory = 3784.46 (MB).
    Completing 80% with 21 violations.
    elapsed time = 00:00:15, memory = 3784.46 (MB).
    Completing 90% with 21 violations.
    elapsed time = 00:00:24, memory = 3706.90 (MB).
    Completing 100% with 0 violations.
    elapsed time = 00:00:34, memory = 3706.90 (MB).
[INFO DRT-0199]   Number of violations = 0.
[INFO DRT-0267] cpu time = 00:04:23, elapsed time = 00:00:34, memory = 3706.90 (MB), peak = 4107.80 (MB)
Total wire length = 1475358 um.
Total wire length on LAYER li1 = 0 um.
Total wire length on LAYER met1 = 463938 um.
Total wire length on LAYER met2 = 534650 um.
Total wire length on LAYER met3 = 277696 um.
Total wire length on LAYER met4 = 194056 um.
Total wire length on LAYER met5 = 5015 um.
Total number of vias = 181669.
Up-via summary (total 181669):

-------------------------
 FR_MASTERSLICE         0
            li1     64525
           met1     93720
           met2     18164
           met3      5156
           met4       104
-------------------------
               181669


[INFO DRT-0198] Complete detail routing.
Total wire length = 1475358 um.
Total wire length on LAYER li1 = 0 um.
Total wire length on LAYER met1 = 463938 um.
Total wire length on LAYER met2 = 534650 um.
Total wire length on LAYER met3 = 277696 um.
Total wire length on LAYER met4 = 194056 um.
Total wire length on LAYER met5 = 5015 um.
Total number of vias = 181669.
Up-via summary (total 181669):

-------------------------
 FR_MASTERSLICE         0
            li1     64525
           met1     93720
           met2     18164
           met3      5156
           met4       104
-------------------------
               181669


[INFO DRT-0267] cpu time = 00:22:44, elapsed time = 00:03:19, memory = 3706.90 (MB), peak = 4107.80 (MB)

[INFO DRT-0180] Post processing.
[INFO DRT-0501] Runtime: 256.91s
[INFO ANT-0002] Found 7 net violations.
[INFO ANT-0001] Found 11 pin violations.
[INFO GRT-0012] Found 7 antenna violations.
[INFO DPL-0006] Core area: 464820.80 um^2
[INFO DPL-0007] Movable instances area: 0.00 um^2
[INFO DPL-0008] Fixed instances area within core: 234282.20 um^2
[INFO DPL-0009] Utilization: 50.4%
[INFO DPL-0005] Diamond search max displacement: +/- 500 sites horizontally, +/- 100 rows vertically.
[INFO DPL-1102] Legalizing using negotiation legalizer.
[INFO DPL-1103] Negotiation base search window: +/-20 sites horizontally, +/-5 rows vertically 
	Automatic search window extension enabled.
	Search window extendable up to the max displacement cap of +/-500 sites, +/-100 rows near walls.
[INFO DPL-1104] NegotiationLegalizer DRC penalty: 5.
[INFO DPL-0392] Negotiation cell height distribution (1 unique row-count(s)):
[INFO DPL-0393]   height 1 row(s): 24652 cells
[INFO DPL-0500] Runtime: 0.18s
[INFO GRT-0015] Inserted 11 diodes.
[WARNING DRT-0120] Large net net1288 has 168 pins which may impact routing performance. Consider optimization.
[WARNING DRT-0120] Large net net1221 has 162 pins which may impact routing performance. Consider optimization.
[WARNING DRT-0120] Large net net1203 has 119 pins which may impact routing performance. Consider optimization.
[WARNING DRT-0120] Large net net1165 has 109 pins which may impact routing performance. Consider optimization.
[WARNING DRT-0120] Large net net1158 has 104 pins which may impact routing performance. Consider optimization.
[WARNING DRT-0120] Large net net1155 has 159 pins which may impact routing performance. Consider optimization.
[WARNING DRT-0120] Large net net1254 has 168 pins which may impact routing performance. Consider optimization.
[WARNING DRT-0120] Large net net1207 has 149 pins which may impact routing performance. Consider optimization.
[WARNING DRT-0120] Large net net1209 has 154 pins which may impact routing performance. Consider optimization.
[WARNING DRT-0120] Large net net71 has 188 pins which may impact routing performance. Consider optimization.
[INFO DRT-0024]   Complete FR_MASTERSLICE.
[INFO DRT-0024]   Complete Fr_VIA.
[INFO DRT-0024]   Complete li1.
[INFO DRT-0024]   Complete mcon.
[INFO DRT-0024]   Complete met1.
[INFO DRT-0024]   Complete via.
[INFO DRT-0024]   Complete met2.
[INFO DRT-0024]   Complete via2.
[INFO DRT-0024]   Complete met3.
[INFO DRT-0024]   Complete via3.
[INFO DRT-0024]   Complete met4.
[INFO DRT-0024]   Complete via4.
[INFO DRT-0024]   Complete met5.
[INFO DRT-0165] Start pin access.
[INFO DRT-0076]   Complete 1000 pins.
[INFO DRT-0078]   Complete 1084 pins.
[INFO DRT-0079]   Complete 100 unique inst patterns.
[INFO DRT-0081]   Complete 144 unique inst patterns.
[INFO DRT-0082]   Complete 10000 groups.
[INFO DRT-0084]   Complete 13622 groups.
#scanned instances     = 24652
#unique  instances     = 144
#stdCellGenAp          = 4083
#stdCellValidPlanarAp  = 74
#stdCellValidViaAp     = 3012
#stdCellPinNoAp        = 0
#stdCellPinCnt         = 67048
#instTermValidViaApCnt = 0
#macroGenAp            = 0
#macroValidPlanarAp    = 0
#macroValidViaAp       = 0
#macroNoAp             = 0
[INFO DRT-0166] Complete pin access.
[INFO DRT-0267] cpu time = 00:08:04, elapsed time = 00:00:49, memory = 3529.54 (MB), peak = 4107.80 (MB)
[INFO DRT-0156] guideIn read 100000 guides.

[INFO DRT-0157] Number of guides:     179061

[INFO DRT-0169] Post process guides.
[INFO DRT-0176] GCELLGRID X 0 DO 99 STEP 6900 ;
[INFO DRT-0177] GCELLGRID Y 0 DO 99 STEP 6900 ;
[INFO DRT-0026]   Complete 100000 origin guides.
[INFO DRT-0028]   Complete FR_MASTERSLICE.
[INFO DRT-0028]   Complete Fr_VIA.
[INFO DRT-0028]   Complete li1.
[INFO DRT-0028]   Complete mcon.
[INFO DRT-0028]   Complete met1.
[INFO DRT-0028]   Complete via.
[INFO DRT-0028]   Complete met2.
[INFO DRT-0028]   Complete via2.
[INFO DRT-0028]   Complete met3.
[INFO DRT-0028]   Complete via3.
[INFO DRT-0028]   Complete met4.
[INFO DRT-0028]   Complete via4.
[INFO DRT-0028]   Complete met5.
[INFO DRT-0178] Init guide query.
[INFO DRT-0035]   Complete FR_MASTERSLICE (guide).
[INFO DRT-0035]   Complete Fr_VIA (guide).
[INFO DRT-0035]   Complete li1 (guide).
[INFO DRT-0035]   Complete mcon (guide).
[INFO DRT-0035]   Complete met1 (guide).
[INFO DRT-0035]   Complete via (guide).
[INFO DRT-0035]   Complete met2 (guide).
[INFO DRT-0035]   Complete via2 (guide).
[INFO DRT-0035]   Complete met3 (guide).
[INFO DRT-0035]   Complete via3 (guide).
[INFO DRT-0035]   Complete met4 (guide).
[INFO DRT-0035]   Complete via4 (guide).
[INFO DRT-0035]   Complete met5 (guide).
[INFO DRT-0036] FR_MASTERSLICE guide region query size = 0.
[INFO DRT-0036] FR_VIA guide region query size = 0.
[INFO DRT-0036] li1 guide region query size = 54374.
[INFO DRT-0036] mcon guide region query size = 0.
[INFO DRT-0036] met1 guide region query size = 52062.
[INFO DRT-0036] via guide region query size = 0.
[INFO DRT-0036] met2 guide region query size = 28764.
[INFO DRT-0036] via2 guide region query size = 0.
[INFO DRT-0036] met3 guide region query size = 3626.
[INFO DRT-0036] via3 guide region query size = 0.
[INFO DRT-0036] met4 guide region query size = 1727.
[INFO DRT-0036] via4 guide region query size = 0.
[INFO DRT-0036] met5 guide region query size = 73.
[INFO DRT-0179] Init gr pin query.
[INFO DRT-0267] cpu time = 00:00:01, elapsed time = 00:00:00, memory = 3529.54 (MB), peak = 4107.80 (MB)
[INFO DRT-0245] skipped writing guide updates to database.
[INFO DRT-0181] Start track assignment.
[INFO DRT-0184] Done with 84865 vertical wires in 2 frboxes and 55761 horizontal wires in 2 frboxes.
[INFO DRT-0186] Done with 14035 vertical wires in 2 frboxes and 23520 horizontal wires in 2 frboxes.
[INFO DRT-0182] Complete track assignment.
[INFO DRT-0267] cpu time = 00:00:11, elapsed time = 00:00:05, memory = 3529.54 (MB), peak = 4107.80 (MB)
[INFO DRT-0187] Start routing data preparation.
[INFO DRT-0267] cpu time = 00:00:00, elapsed time = 00:00:00, memory = 3529.54 (MB), peak = 4107.80 (MB)
[INFO DRT-0194] Start detail routing.
[INFO DRT-0195] Start 0th optimization iteration.
    Completing 10% with 0 violations.
    elapsed time = 00:00:02, memory = 3565.56 (MB).
    Completing 20% with 0 violations.
    elapsed time = 00:00:04, memory = 3625.38 (MB).
    Completing 30% with 508 violations.
    elapsed time = 00:00:06, memory = 3635.02 (MB).
    Completing 40% with 508 violations.
    elapsed time = 00:00:08, memory = 3592.57 (MB).
    Completing 50% with 508 violations.
    elapsed time = 00:00:11, memory = 3630.99 (MB).
    Completing 60% with 918 violations.
    elapsed time = 00:00:14, memory = 3558.08 (MB).
    Completing 70% with 918 violations.
    elapsed time = 00:00:16, memory = 3670.30 (MB).
    Completing 80% with 1578 violations.
    elapsed time = 00:00:23, memory = 3669.66 (MB).
    Completing 90% with 1578 violations.
    elapsed time = 00:00:26, memory = 3598.16 (MB).
    Completing 100% with 2084 violations.
    elapsed time = 00:00:31, memory = 3560.49 (MB).
[INFO DRT-0199]   Number of violations = 2201.
Viol/Layer        met1    via   met2   met3   met4
Cut Spacing          0      1      0      0      0
Metal Spacing       87      0    163      1      0
Recheck             57      0     53      5      2
Short             1078      1    729     16      8
[INFO DRT-0267] cpu time = 00:04:12, elapsed time = 00:00:31, memory = 3560.49 (MB), peak = 4107.80 (MB)
Total wire length = 1475426 um.
Total wire length on LAYER li1 = 0 um.
Total wire length on LAYER met1 = 466279 um.
Total wire length on LAYER met2 = 536675 um.
Total wire length on LAYER met3 = 274933 um.
Total wire length on LAYER met4 = 192521 um.
Total wire length on LAYER met5 = 5015 um.
Total number of vias = 181236.
Up-via summary (total 181236):

-------------------------
 FR_MASTERSLICE         0
            li1     64536
           met1     93608
           met2     17924
           met3      5064
           met4       104
-------------------------
               181236


[INFO DRT-0195] Start 1st optimization iteration.
    Completing 10% with 2201 violations.
    elapsed time = 00:00:02, memory = 3560.49 (MB).
    Completing 20% with 2201 violations.
    elapsed time = 00:00:05, memory = 3560.49 (MB).
    Completing 30% with 1978 violations.
    elapsed time = 00:00:08, memory = 3594.64 (MB).
    Completing 40% with 1978 violations.
    elapsed time = 00:00:10, memory = 3634.08 (MB).
    Completing 50% with 1978 violations.
    elapsed time = 00:00:15, memory = 3641.41 (MB).
    Completing 60% with 1779 violations.
    elapsed time = 00:00:18, memory = 3599.93 (MB).
    Completing 70% with 1779 violations.
    elapsed time = 00:00:20, memory = 3594.93 (MB).
    Completing 80% with 1688 violations.
    elapsed time = 00:00:25, memory = 3633.14 (MB).
    Completing 90% with 1688 violations.
    elapsed time = 00:00:28, memory = 3703.13 (MB).
    Completing 100% with 1366 violations.
    elapsed time = 00:00:32, memory = 3561.15 (MB).
[INFO DRT-0199]   Number of violations = 1366.
Viol/Layer        met1   met2   met3   met4
Metal Spacing       82    132      0      0
Short              795    350      2      5
[INFO DRT-0267] cpu time = 00:03:58, elapsed time = 00:00:32, memory = 3561.15 (MB), peak = 4107.80 (MB)
Total wire length = 1475246 um.
Total wire length on LAYER li1 = 0 um.
Total wire length on LAYER met1 = 466150 um.
Total wire length on LAYER met2 = 536479 um.
Total wire length on LAYER met3 = 275005 um.
Total wire length on LAYER met4 = 192595 um.
Total wire length on LAYER met5 = 5015 um.
Total number of vias = 181233.
Up-via summary (total 181233):

-------------------------
 FR_MASTERSLICE         0
            li1     64541
           met1     93570
           met2     17942
           met3      5076
           met4       104
-------------------------
               181233


[INFO DRT-0195] Start 2nd optimization iteration.
    Completing 10% with 1366 violations.
    elapsed time = 00:00:00, memory = 3561.15 (MB).
    Completing 20% with 1366 violations.
    elapsed time = 00:00:02, memory = 3669.23 (MB).
    Completing 30% with 1354 violations.
    elapsed time = 00:00:03, memory = 3561.15 (MB).
    Completing 40% with 1354 violations.
    elapsed time = 00:00:04, memory = 3603.01 (MB).
    Completing 50% with 1354 violations.
    elapsed time = 00:00:06, memory = 3671.25 (MB).
    Completing 60% with 1311 violations.
    elapsed time = 00:00:08, memory = 3636.67 (MB).
    Completing 70% with 1311 violations.
    elapsed time = 00:00:09, memory = 3594.43 (MB).
    Completing 80% with 1350 violations.
    elapsed time = 00:00:14, memory = 3561.15 (MB).
    Completing 90% with 1350 violations.
    elapsed time = 00:00:16, memory = 3632.50 (MB).
    Completing 100% with 1310 violations.
    elapsed time = 00:00:19, memory = 3561.15 (MB).
[INFO DRT-0199]   Number of violations = 1310.
Viol/Layer        met1   met2   met3   met4
Metal Spacing       79    124      0      0
Short              766    336      1      4
[INFO DRT-0267] cpu time = 00:02:17, elapsed time = 00:00:19, memory = 3561.15 (MB), peak = 4107.80 (MB)
Total wire length = 1475194 um.
Total wire length on LAYER li1 = 0 um.
Total wire length on LAYER met1 = 466102 um.
Total wire length on LAYER met2 = 536428 um.
Total wire length on LAYER met3 = 275001 um.
Total wire length on LAYER met4 = 192646 um.
Total wire length on LAYER met5 = 5015 um.
Total number of vias = 181219.
Up-via summary (total 181219):

-------------------------
 FR_MASTERSLICE         0
            li1     64537
           met1     93572
           met2     17932
           met3      5074
           met4       104
-------------------------
               181219


[INFO DRT-0195] Start 3rd optimization iteration.
    Completing 10% with 1310 violations.
    elapsed time = 00:00:00, memory = 3561.15 (MB).
    Completing 20% with 1310 violations.
    elapsed time = 00:00:02, memory = 3635.90 (MB).
    Completing 30% with 1052 violations.
    elapsed time = 00:00:13, memory = 3561.15 (MB).
    Completing 40% with 1052 violations.
    elapsed time = 00:00:15, memory = 3635.00 (MB).
    Completing 50% with 1052 violations.
    elapsed time = 00:00:16, memory = 3640.41 (MB).
    Completing 60% with 805 violations.
    elapsed time = 00:00:18, memory = 3633.79 (MB).
    Completing 70% with 805 violations.
    elapsed time = 00:00:20, memory = 3633.98 (MB).
    Completing 80% with 466 violations.
    elapsed time = 00:00:29, memory = 3561.15 (MB).
    Completing 90% with 466 violations.
    elapsed time = 00:00:32, memory = 3636.64 (MB).
    Completing 100% with 233 violations.
    elapsed time = 00:00:41, memory = 3561.15 (MB).
[INFO DRT-0199]   Number of violations = 233.
Viol/Layer        met1   met2   met3
Metal Spacing       31     20      0
Short              116     62      4
[INFO DRT-0267] cpu time = 00:04:30, elapsed time = 00:00:41, memory = 3561.15 (MB), peak = 4107.80 (MB)
Total wire length = 1475466 um.
Total wire length on LAYER li1 = 0 um.
Total wire length on LAYER met1 = 464290 um.
Total wire length on LAYER met2 = 535008 um.
Total wire length on LAYER met3 = 276924 um.
Total wire length on LAYER met4 = 194227 um.
Total wire length on LAYER met5 = 5015 um.
Total number of vias = 181828.
Up-via summary (total 181828):

-------------------------
 FR_MASTERSLICE         0
            li1     64537
           met1     93804
           met2     18194
           met3      5189
           met4       104
-------------------------
               181828


[INFO DRT-0195] Start 4th optimization iteration.
    Completing 10% with 233 violations.
    elapsed time = 00:00:00, memory = 3561.15 (MB).
    Completing 20% with 233 violations.
    elapsed time = 00:00:00, memory = 3561.15 (MB).
    Completing 30% with 141 violations.
    elapsed time = 00:00:01, memory = 3561.15 (MB).
    Completing 40% with 141 violations.
    elapsed time = 00:00:01, memory = 3561.15 (MB).
    Completing 50% with 141 violations.
    elapsed time = 00:00:01, memory = 3561.15 (MB).
    Completing 60% with 125 violations.
    elapsed time = 00:00:04, memory = 3561.15 (MB).
    Completing 70% with 125 violations.
    elapsed time = 00:00:04, memory = 3561.15 (MB).
    Completing 80% with 81 violations.
    elapsed time = 00:00:05, memory = 3561.15 (MB).
    Completing 90% with 81 violations.
    elapsed time = 00:00:05, memory = 3561.15 (MB).
    Completing 100% with 10 violations.
    elapsed time = 00:00:10, memory = 3561.15 (MB).
[INFO DRT-0199]   Number of violations = 10.
Viol/Layer        met1   met2
Metal Spacing        1      2
Short                0      7
[INFO DRT-0267] cpu time = 00:00:29, elapsed time = 00:00:10, memory = 3561.15 (MB), peak = 4107.80 (MB)
Total wire length = 1475426 um.
Total wire length on LAYER li1 = 0 um.
Total wire length on LAYER met1 = 464108 um.
Total wire length on LAYER met2 = 534839 um.
Total wire length on LAYER met3 = 277040 um.
Total wire length on LAYER met4 = 194422 um.
Total wire length on LAYER met5 = 5015 um.
Total number of vias = 181854.
Up-via summary (total 181854):

-------------------------
 FR_MASTERSLICE         0
            li1     64536
           met1     93812
           met2     18206
           met3      5196
           met4       104
-------------------------
               181854


[INFO DRT-0195] Start 5th guides tiles iteration.
    Completing 20% with 10 violations.
    elapsed time = 00:00:00, memory = 3628.36 (MB).
    Completing 50% with 10 violations.
    elapsed time = 00:00:01, memory = 3561.15 (MB).
    Completing 70% with 0 violations.
    elapsed time = 00:00:01, memory = 3561.15 (MB).
    Completing 100% with 0 violations.
    elapsed time = 00:00:01, memory = 3561.15 (MB).
[INFO DRT-0199]   Number of violations = 0.
[INFO DRT-0267] cpu time = 00:00:03, elapsed time = 00:00:01, memory = 3561.15 (MB), peak = 4107.80 (MB)
Total wire length = 1475414 um.
Total wire length on LAYER li1 = 0 um.
Total wire length on LAYER met1 = 464086 um.
Total wire length on LAYER met2 = 534714 um.
Total wire length on LAYER met3 = 277054 um.
Total wire length on LAYER met4 = 194543 um.
Total wire length on LAYER met5 = 5015 um.
Total number of vias = 181864.
Up-via summary (total 181864):

-------------------------
 FR_MASTERSLICE         0
            li1     64536
           met1     93814
           met2     18212
           met3      5198
           met4       104
-------------------------
               181864


[INFO DRT-0198] Complete detail routing.
Total wire length = 1475414 um.
Total wire length on LAYER li1 = 0 um.
Total wire length on LAYER met1 = 464086 um.
Total wire length on LAYER met2 = 534714 um.
Total wire length on LAYER met3 = 277054 um.
Total wire length on LAYER met4 = 194543 um.
Total wire length on LAYER met5 = 5015 um.
Total number of vias = 181864.
Up-via summary (total 181864):

-------------------------
 FR_MASTERSLICE         0
            li1     64536
           met1     93814
           met2     18212
           met3      5198
           met4       104
-------------------------
               181864


[INFO DRT-0267] cpu time = 00:15:31, elapsed time = 00:02:17, memory = 3561.15 (MB), peak = 4107.80 (MB)

[INFO DRT-0180] Post processing.
[INFO DRT-0501] Runtime: 186.29s
[INFO ANT-0002] Found 2 net violations.
[INFO ANT-0001] Found 3 pin violations.
[INFO GRT-0012] Found 2 antenna violations.
[INFO DPL-0006] Core area: 464820.80 um^2
[INFO DPL-0007] Movable instances area: 0.00 um^2
[INFO DPL-0008] Fixed instances area within core: 234289.70 um^2
[INFO DPL-0009] Utilization: 50.4%
[INFO DPL-0005] Diamond search max displacement: +/- 500 sites horizontally, +/- 100 rows vertically.
[INFO DPL-1102] Legalizing using negotiation legalizer.
[INFO DPL-1103] Negotiation base search window: +/-20 sites horizontally, +/-5 rows vertically 
	Automatic search window extension enabled.
	Search window extendable up to the max displacement cap of +/-500 sites, +/-100 rows near walls.
[INFO DPL-1104] NegotiationLegalizer DRC penalty: 5.
[INFO DPL-0392] Negotiation cell height distribution (1 unique row-count(s)):
[INFO DPL-0393]   height 1 row(s): 24655 cells
[INFO DPL-0500] Runtime: 0.18s
[INFO GRT-0015] Inserted 3 diodes.
[WARNING DRT-0120] Large net net1288 has 168 pins which may impact routing performance. Consider optimization.
[WARNING DRT-0120] Large net net1221 has 162 pins which may impact routing performance. Consider optimization.
[WARNING DRT-0120] Large net net1203 has 119 pins which may impact routing performance. Consider optimization.
[WARNING DRT-0120] Large net net1165 has 109 pins which may impact routing performance. Consider optimization.
[WARNING DRT-0120] Large net net1158 has 104 pins which may impact routing performance. Consider optimization.
[WARNING DRT-0120] Large net net1155 has 159 pins which may impact routing performance. Consider optimization.
[WARNING DRT-0120] Large net net1254 has 168 pins which may impact routing performance. Consider optimization.
[WARNING DRT-0120] Large net net1207 has 149 pins which may impact routing performance. Consider optimization.
[WARNING DRT-0120] Large net net1209 has 154 pins which may impact routing performance. Consider optimization.
[WARNING DRT-0120] Large net net71 has 188 pins which may impact routing performance. Consider optimization.
[INFO DRT-0024]   Complete FR_MASTERSLICE.
[INFO DRT-0024]   Complete Fr_VIA.
[INFO DRT-0024]   Complete li1.
[INFO DRT-0024]   Complete mcon.
[INFO DRT-0024]   Complete met1.
[INFO DRT-0024]   Complete via.
[INFO DRT-0024]   Complete met2.
[INFO DRT-0024]   Complete via2.
[INFO DRT-0024]   Complete met3.
[INFO DRT-0024]   Complete via3.
[INFO DRT-0024]   Complete met4.
[INFO DRT-0024]   Complete via4.
[INFO DRT-0024]   Complete met5.
[INFO DRT-0165] Start pin access.
[INFO DRT-0076]   Complete 1000 pins.
[INFO DRT-0078]   Complete 1084 pins.
[INFO DRT-0079]   Complete 100 unique inst patterns.
[INFO DRT-0081]   Complete 144 unique inst patterns.
[INFO DRT-0082]   Complete 10000 groups.
[INFO DRT-0084]   Complete 13622 groups.
#scanned instances     = 24655
#unique  instances     = 144
#stdCellGenAp          = 4083
#stdCellValidPlanarAp  = 74
#stdCellValidViaAp     = 3012
#stdCellPinNoAp        = 0
#stdCellPinCnt         = 67048
#instTermValidViaApCnt = 0
#macroGenAp            = 0
#macroValidPlanarAp    = 0
#macroValidViaAp       = 0
#macroNoAp             = 0
[INFO DRT-0166] Complete pin access.
[INFO DRT-0267] cpu time = 00:08:04, elapsed time = 00:00:46, memory = 3438.66 (MB), peak = 4107.80 (MB)
[INFO DRT-0156] guideIn read 100000 guides.

[INFO DRT-0157] Number of guides:     179002

[INFO DRT-0169] Post process guides.
[INFO DRT-0176] GCELLGRID X 0 DO 99 STEP 6900 ;
[INFO DRT-0177] GCELLGRID Y 0 DO 99 STEP 6900 ;
[INFO DRT-0026]   Complete 100000 origin guides.
[INFO DRT-0028]   Complete FR_MASTERSLICE.
[INFO DRT-0028]   Complete Fr_VIA.
[INFO DRT-0028]   Complete li1.
[INFO DRT-0028]   Complete mcon.
[INFO DRT-0028]   Complete met1.
[INFO DRT-0028]   Complete via.
[INFO DRT-0028]   Complete met2.
[INFO DRT-0028]   Complete via2.
[INFO DRT-0028]   Complete met3.
[INFO DRT-0028]   Complete via3.
[INFO DRT-0028]   Complete met4.
[INFO DRT-0028]   Complete via4.
[INFO DRT-0028]   Complete met5.
[INFO DRT-0178] Init guide query.
[INFO DRT-0035]   Complete FR_MASTERSLICE (guide).
[INFO DRT-0035]   Complete Fr_VIA (guide).
[INFO DRT-0035]   Complete li1 (guide).
[INFO DRT-0035]   Complete mcon (guide).
[INFO DRT-0035]   Complete met1 (guide).
[INFO DRT-0035]   Complete via (guide).
[INFO DRT-0035]   Complete met2 (guide).
[INFO DRT-0035]   Complete via2 (guide).
[INFO DRT-0035]   Complete met3 (guide).
[INFO DRT-0035]   Complete via3 (guide).
[INFO DRT-0035]   Complete met4 (guide).
[INFO DRT-0035]   Complete via4 (guide).
[INFO DRT-0035]   Complete met5 (guide).
[INFO DRT-0036] FR_MASTERSLICE guide region query size = 0.
[INFO DRT-0036] FR_VIA guide region query size = 0.
[INFO DRT-0036] li1 guide region query size = 54374.
[INFO DRT-0036] mcon guide region query size = 0.
[INFO DRT-0036] met1 guide region query size = 52058.
[INFO DRT-0036] via guide region query size = 0.
[INFO DRT-0036] met2 guide region query size = 28754.
[INFO DRT-0036] via2 guide region query size = 0.
[INFO DRT-0036] met3 guide region query size = 3611.
[INFO DRT-0036] via3 guide region query size = 0.
[INFO DRT-0036] met4 guide region query size = 1721.
[INFO DRT-0036] via4 guide region query size = 0.
[INFO DRT-0036] met5 guide region query size = 73.
[INFO DRT-0179] Init gr pin query.
[INFO DRT-0267] cpu time = 00:00:01, elapsed time = 00:00:00, memory = 3438.66 (MB), peak = 4107.80 (MB)
[INFO DRT-0245] skipped writing guide updates to database.
[INFO DRT-0181] Start track assignment.
[INFO DRT-0184] Done with 84849 vertical wires in 2 frboxes and 55742 horizontal wires in 2 frboxes.
[INFO DRT-0186] Done with 14024 vertical wires in 2 frboxes and 23594 horizontal wires in 2 frboxes.
[INFO DRT-0182] Complete track assignment.
[INFO DRT-0267] cpu time = 00:00:11, elapsed time = 00:00:05, memory = 3438.66 (MB), peak = 4107.80 (MB)
[INFO DRT-0187] Start routing data preparation.
[INFO DRT-0267] cpu time = 00:00:00, elapsed time = 00:00:00, memory = 3438.66 (MB), peak = 4107.80 (MB)
[INFO DRT-0194] Start detail routing.
[INFO DRT-0195] Start 0th optimization iteration.
    Completing 10% with 0 violations.
    elapsed time = 00:00:03, memory = 3479.67 (MB).
    Completing 20% with 0 violations.
    elapsed time = 00:00:05, memory = 3542.39 (MB).
    Completing 30% with 103 violations.
    elapsed time = 00:00:07, memory = 3556.57 (MB).
    Completing 40% with 103 violations.
    elapsed time = 00:00:10, memory = 3480.63 (MB).
    Completing 50% with 103 violations.
    elapsed time = 00:00:11, memory = 3477.50 (MB).
    Completing 60% with 225 violations.
    elapsed time = 00:00:13, memory = 3438.69 (MB).
    Completing 70% with 225 violations.
    elapsed time = 00:00:15, memory = 3471.97 (MB).
    Completing 80% with 324 violations.
    elapsed time = 00:00:18, memory = 3477.15 (MB).
    Completing 90% with 324 violations.
    elapsed time = 00:00:21, memory = 3546.27 (MB).
    Completing 100% with 457 violations.
    elapsed time = 00:00:23, memory = 3438.69 (MB).
[INFO DRT-0199]   Number of violations = 505.
Viol/Layer        met1   met2
Metal Spacing       15     37
Recheck             27     21
Short              213    192
[INFO DRT-0267] cpu time = 00:03:49, elapsed time = 00:00:23, memory = 3438.69 (MB), peak = 4107.80 (MB)
Total wire length = 1475654 um.
Total wire length on LAYER li1 = 0 um.
Total wire length on LAYER met1 = 464647 um.
Total wire length on LAYER met2 = 535564 um.
Total wire length on LAYER met3 = 276325 um.
Total wire length on LAYER met4 = 194101 um.
Total wire length on LAYER met5 = 5015 um.
Total number of vias = 181912.
Up-via summary (total 181912):

-------------------------
 FR_MASTERSLICE         0
            li1     64537
           met1     93913
           met2     18176
           met3      5182
           met4       104
-------------------------
               181912


[INFO DRT-0195] Start 1st optimization iteration.
    Completing 10% with 505 violations.
    elapsed time = 00:00:01, memory = 3502.19 (MB).
    Completing 20% with 505 violations.
    elapsed time = 00:00:03, memory = 3508.66 (MB).
    Completing 30% with 405 violations.
    elapsed time = 00:00:05, memory = 3438.69 (MB).
    Completing 40% with 405 violations.
    elapsed time = 00:00:07, memory = 3515.00 (MB).
    Completing 50% with 405 violations.
    elapsed time = 00:00:09, memory = 3477.43 (MB).
    Completing 60% with 343 violations.
    elapsed time = 00:00:11, memory = 3508.66 (MB).
    Completing 70% with 343 violations.
    elapsed time = 00:00:14, memory = 3504.98 (MB).
    Completing 80% with 258 violations.
    elapsed time = 00:00:17, memory = 3513.43 (MB).
    Completing 90% with 258 violations.
    elapsed time = 00:00:19, memory = 3509.46 (MB).
    Completing 100% with 119 violations.
    elapsed time = 00:00:23, memory = 3438.69 (MB).
[INFO DRT-0199]   Number of violations = 119.
Viol/Layer        met1   met2
Metal Spacing        6     25
Short               47     41
[INFO DRT-0267] cpu time = 00:03:38, elapsed time = 00:00:23, memory = 3438.69 (MB), peak = 4107.80 (MB)
Total wire length = 1475527 um.
Total wire length on LAYER li1 = 0 um.
Total wire length on LAYER met1 = 464497 um.
Total wire length on LAYER met2 = 535404 um.
Total wire length on LAYER met3 = 276395 um.
Total wire length on LAYER met4 = 194214 um.
Total wire length on LAYER met5 = 5015 um.
Total number of vias = 181907.
Up-via summary (total 181907):

-------------------------
 FR_MASTERSLICE         0
            li1     64538
           met1     93889
           met2     18186
           met3      5190
           met4       104
-------------------------
               181907


[INFO DRT-0195] Start 2nd optimization iteration.
    Completing 10% with 119 violations.
    elapsed time = 00:00:00, memory = 3438.69 (MB).
    Completing 20% with 119 violations.
    elapsed time = 00:00:00, memory = 3438.69 (MB).
    Completing 30% with 128 violations.
    elapsed time = 00:00:02, memory = 3438.69 (MB).
    Completing 40% with 128 violations.
    elapsed time = 00:00:02, memory = 3438.69 (MB).
    Completing 50% with 128 violations.
    elapsed time = 00:00:02, memory = 3438.69 (MB).
    Completing 60% with 113 violations.
    elapsed time = 00:00:03, memory = 3438.69 (MB).
    Completing 70% with 113 violations.
    elapsed time = 00:00:03, memory = 3438.69 (MB).
    Completing 80% with 95 violations.
    elapsed time = 00:00:05, memory = 3438.69 (MB).
    Completing 90% with 95 violations.
    elapsed time = 00:00:05, memory = 3438.69 (MB).
    Completing 100% with 106 violations.
    elapsed time = 00:00:07, memory = 3438.69 (MB).
[INFO DRT-0199]   Number of violations = 106.
Viol/Layer        met1   met2
Metal Spacing        2     24
Short               29     51
[INFO DRT-0267] cpu time = 00:00:41, elapsed time = 00:00:07, memory = 3438.69 (MB), peak = 4107.80 (MB)
Total wire length = 1475512 um.
Total wire length on LAYER li1 = 0 um.
Total wire length on LAYER met1 = 464460 um.
Total wire length on LAYER met2 = 535374 um.
Total wire length on LAYER met3 = 276421 um.
Total wire length on LAYER met4 = 194240 um.
Total wire length on LAYER met5 = 5015 um.
Total number of vias = 181893.
Up-via summary (total 181893):

-------------------------
 FR_MASTERSLICE         0
            li1     64539
           met1     93874
           met2     18185
           met3      5191
           met4       104
-------------------------
               181893


[INFO DRT-0195] Start 3rd optimization iteration.
    Completing 10% with 106 violations.
    elapsed time = 00:00:00, memory = 3438.69 (MB).
    Completing 20% with 106 violations.
    elapsed time = 00:00:00, memory = 3438.69 (MB).
    Completing 30% with 74 violations.
    elapsed time = 00:00:01, memory = 3438.69 (MB).
    Completing 40% with 74 violations.
    elapsed time = 00:00:01, memory = 3438.69 (MB).
    Completing 50% with 74 violations.
    elapsed time = 00:00:01, memory = 3438.69 (MB).
    Completing 60% with 54 violations.
    elapsed time = 00:00:03, memory = 3438.69 (MB).
    Completing 70% with 54 violations.
    elapsed time = 00:00:03, memory = 3438.69 (MB).
    Completing 80% with 47 violations.
    elapsed time = 00:00:06, memory = 3438.69 (MB).
    Completing 90% with 47 violations.
    elapsed time = 00:00:06, memory = 3438.69 (MB).
    Completing 100% with 7 violations.
    elapsed time = 00:00:07, memory = 3438.69 (MB).
[INFO DRT-0199]   Number of violations = 7.
Viol/Layer        met1   met2
Metal Spacing        2      1
Short                4      0
[INFO DRT-0267] cpu time = 00:00:28, elapsed time = 00:00:07, memory = 3438.69 (MB), peak = 4107.80 (MB)
Total wire length = 1475489 um.
Total wire length on LAYER li1 = 0 um.
Total wire length on LAYER met1 = 464143 um.
Total wire length on LAYER met2 = 535074 um.
Total wire length on LAYER met3 = 276722 um.
Total wire length on LAYER met4 = 194533 um.
Total wire length on LAYER met5 = 5015 um.
Total number of vias = 181920.
Up-via summary (total 181920):

-------------------------
 FR_MASTERSLICE         0
            li1     64538
           met1     93848
           met2     18228
           met3      5202
           met4       104
-------------------------
               181920


[INFO DRT-0195] Start 4th guides tiles iteration.
    Completing 30% with 7 violations.
    elapsed time = 00:00:00, memory = 3438.69 (MB).
    Completing 60% with 7 violations.
    elapsed time = 00:00:00, memory = 3438.69 (MB).
    Completing 100% with 0 violations.
    elapsed time = 00:00:00, memory = 3438.69 (MB).
[INFO DRT-0199]   Number of violations = 0.
[INFO DRT-0267] cpu time = 00:00:01, elapsed time = 00:00:00, memory = 3438.69 (MB), peak = 4107.80 (MB)
Total wire length = 1475489 um.
Total wire length on LAYER li1 = 0 um.
Total wire length on LAYER met1 = 464145 um.
Total wire length on LAYER met2 = 535071 um.
Total wire length on LAYER met3 = 276723 um.
Total wire length on LAYER met4 = 194533 um.
Total wire length on LAYER met5 = 5015 um.
Total number of vias = 181919.
Up-via summary (total 181919):

-------------------------
 FR_MASTERSLICE         0
            li1     64538
           met1     93845
           met2     18230
           met3      5202
           met4       104
-------------------------
               181919


[INFO DRT-0198] Complete detail routing.
Total wire length = 1475489 um.
Total wire length on LAYER li1 = 0 um.
Total wire length on LAYER met1 = 464145 um.
Total wire length on LAYER met2 = 535071 um.
Total wire length on LAYER met3 = 276723 um.
Total wire length on LAYER met4 = 194533 um.
Total wire length on LAYER met5 = 5015 um.
Total number of vias = 181919.
Up-via summary (total 181919):

-------------------------
 FR_MASTERSLICE         0
            li1     64538
           met1     93845
           met2     18230
           met3      5202
           met4       104
-------------------------
               181919


[INFO DRT-0267] cpu time = 00:08:38, elapsed time = 00:01:03, memory = 3438.69 (MB), peak = 4107.80 (MB)

[INFO DRT-0180] Post processing.
[INFO DRT-0501] Runtime: 112.89s
[INFO ANT-0002] Found 0 net violations.
[INFO ANT-0001] Found 0 pin violations.
[INFO ANT-0002] Found 0 net violations.
[INFO ANT-0001] Found 0 pin violations.
Design area 234290 um^2 50% utilization.
write_db /root/cac_runs/keccak_r1_20ns_ant10/results/sky130hd/cac_keccak_r1_20ns/base/5_2_route.odb
Elapsed time: 1:07:25.05[h:]min:sec. CPU time: user 24746.96 sys 43.86 (612%). Peak memory: 4206392KB.
Log                       Ext     Elapsed/s Peak Memory/MB sha1sum result [0:20)
5_2_route                 .odb         4045           4107 cedc01c2a22bb2023d05
