OpenROAD f552262465b0bfef8f097e258f94bc501d01e19d 
Features included (+) or not (-): +GPU +GUI +Python
This program is licensed under the BSD-3 license. See the LICENSE file for details.
Components of this program may be licensed under more restrictive licenses which must be honored.
[INFO ORD-0030] Using 12 thread(s).
read_liberty /opt/eda/orfs-6101364b/flow/platforms/sky130hd/lib/sky130_fd_sc_hd__tt_025C_1v80.lib
read_db /root/cac_runs/keccak_s7_7ns/results/sky130hd/cac_keccak_s7_7ns/base/5_1_grt.odb
read_sdc /root/cac_runs/keccak_s7_7ns/results/sky130hd/cac_keccak_s7_7ns/base/5_1_grt.sdc
source /opt/eda/orfs-6101364b/flow/platforms/sky130hd/setRC.tcl
detailed_route -output_drc /root/cac_runs/keccak_s7_7ns/reports/sky130hd/cac_keccak_s7_7ns/base/5_route_drc.rpt -output_maze /root/cac_runs/keccak_s7_7ns/results/sky130hd/cac_keccak_s7_7ns/base/maze.log -droute_end_iter 64 -verbose 1 -drc_report_iter_step 5
[INFO DRT-0149] Reading tech and libs.
[WARNING DRT-0349] LEF58_ENCLOSURE with no CUTCLASS is not supported. Skipping for layer mcon
[WARNING DRT-0349] LEF58_ENCLOSURE with no CUTCLASS is not supported. Skipping for layer mcon
[WARNING DRT-0349] LEF58_ENCLOSURE with no CUTCLASS is not supported. Skipping for layer via
[WARNING DRT-0349] LEF58_ENCLOSURE with no CUTCLASS is not supported. Skipping for layer via
[WARNING DRT-0349] LEF58_ENCLOSURE with no CUTCLASS is not supported. Skipping for layer via2
[WARNING DRT-0349] LEF58_ENCLOSURE with no CUTCLASS is not supported. Skipping for layer via2
[WARNING DRT-0349] LEF58_ENCLOSURE with no CUTCLASS is not supported. Skipping for layer via3
[WARNING DRT-0349] LEF58_ENCLOSURE with no CUTCLASS is not supported. Skipping for layer via3
[WARNING DRT-0349] LEF58_ENCLOSURE with no CUTCLASS is not supported. Skipping for layer via4
[WARNING DRT-0349] LEF58_ENCLOSURE with no CUTCLASS is not supported. Skipping for layer via4

Units:                1000
Number of layers:     13
Number of macros:     441
Number of vias:       29
Number of viarulegen: 25

[INFO DRT-0150] Reading design.
[WARNING DRT-0120] Large net net2369 has 190 pins which may impact routing performance. Consider optimization.
[WARNING DRT-0120] Large net net2350 has 188 pins which may impact routing performance. Consider optimization.
[WARNING DRT-0120] Large net net2347 has 176 pins which may impact routing performance. Consider optimization.
[WARNING DRT-0120] Large net net2250 has 115 pins which may impact routing performance. Consider optimization.
[WARNING DRT-0120] Large net net1926 has 113 pins which may impact routing performance. Consider optimization.
[WARNING DRT-0120] Large net net1905 has 121 pins which may impact routing performance. Consider optimization.
[WARNING DRT-0120] Large net net1900 has 122 pins which may impact routing performance. Consider optimization.
[WARNING DRT-0120] Large net net2337 has 173 pins which may impact routing performance. Consider optimization.
[WARNING DRT-0120] Large net net2342 has 187 pins which may impact routing performance. Consider optimization.
[WARNING DRT-0120] Large net net2340 has 193 pins which may impact routing performance. Consider optimization.
[WARNING DRT-0120] Large net net2276 has 110 pins which may impact routing performance. Consider optimization.
[WARNING DRT-0120] Large net net71 has 174 pins which may impact routing performance. Consider optimization.

Design:                   keccak_lane_wrapper
Die area:                 ( 0 0 ) ( 674030 674030 )
Number of track patterns: 12
Number of DEF vias:       0
Number of components:     25962
Number of terminals:      142
Number of snets:          2
Number of nets:           19308

[INFO DRT-0167] List of default vias:
  Layer via
    default via: M1M2_PR
  Layer via2
    default via: M2M3_PR
  Layer via3
    default via: M3M4_PR
  Layer via4
    default via: M4M5_PR
[INFO DRT-0162] Library cell analysis.
[INFO DRT-0163] Instance analysis.
[INFO DRT-0164] Number of unique instances = 167.
[INFO DRT-0168] Init region query.
[INFO DRT-0024]   Complete FR_MASTERSLICE.
[INFO DRT-0024]   Complete Fr_VIA.
[INFO DRT-0024]   Complete li1.
[INFO DRT-0024]   Complete mcon.
[INFO DRT-0024]   Complete met1.
[INFO DRT-0024]   Complete via.
[INFO DRT-0024]   Complete met2.
[INFO DRT-0024]   Complete via2.
[INFO DRT-0024]   Complete met3.
[INFO DRT-0024]   Complete via3.
[INFO DRT-0024]   Complete met4.
[INFO DRT-0024]   Complete via4.
[INFO DRT-0024]   Complete met5.
[INFO DRT-0033] FR_MASTERSLICE shape region query size = 0.
[INFO DRT-0033] FR_VIA shape region query size = 0.
[INFO DRT-0033] li1 shape region query size = 706344.
[INFO DRT-0033] mcon shape region query size = 410907.
[INFO DRT-0033] met1 shape region query size = 115733.
[INFO DRT-0033] via shape region query size = 30260.
[INFO DRT-0033] met2 shape region query size = 18226.
[INFO DRT-0033] via2 shape region query size = 24208.
[INFO DRT-0033] met3 shape region query size = 18226.
[INFO DRT-0033] via3 shape region query size = 24208.
[INFO DRT-0033] met4 shape region query size = 7302.
[INFO DRT-0033] via4 shape region query size = 1201.
[INFO DRT-0033] met5 shape region query size = 1299.
[INFO DRT-0165] Start pin access.
[INFO DRT-0076]   Complete 1000 pins.
[INFO DRT-0078]   Complete 1289 pins.
[INFO DRT-0079]   Complete 100 unique inst patterns.
[INFO DRT-0081]   Complete 167 unique inst patterns.
[INFO DRT-0082]   Complete 10000 groups.
[INFO DRT-0084]   Complete 14609 groups.
#scanned instances     = 25962
#unique  instances     = 167
#stdCellGenAp          = 5454
#stdCellValidPlanarAp  = 105
#stdCellValidViaAp     = 3759
#stdCellPinNoAp        = 0
#stdCellPinCnt         = 75479
#instTermValidViaApCnt = 0
#macroGenAp            = 0
#macroValidPlanarAp    = 0
#macroValidViaAp       = 0
#macroNoAp             = 0
[INFO DRT-0166] Complete pin access.
[INFO DRT-0267] cpu time = 00:07:34, elapsed time = 00:01:09, memory = 452.43 (MB), peak = 464.43 (MB)
[INFO DRT-0156] guideIn read 100000 guides.
[INFO DRT-0156] guideIn read 200000 guides.

[INFO DRT-0157] Number of guides:     230436

[INFO DRT-0169] Post process guides.
[INFO DRT-0176] GCELLGRID X 0 DO 97 STEP 6900 ;
[INFO DRT-0177] GCELLGRID Y 0 DO 97 STEP 6900 ;
[INFO DRT-0026]   Complete 100000 origin guides.
[INFO DRT-0026]   Complete 200000 origin guides.
[INFO DRT-0028]   Complete FR_MASTERSLICE.
[INFO DRT-0028]   Complete Fr_VIA.
[INFO DRT-0028]   Complete li1.
[INFO DRT-0028]   Complete mcon.
[INFO DRT-0028]   Complete met1.
[INFO DRT-0028]   Complete via.
[INFO DRT-0028]   Complete met2.
[INFO DRT-0028]   Complete via2.
[INFO DRT-0028]   Complete met3.
[INFO DRT-0028]   Complete via3.
[INFO DRT-0028]   Complete met4.
[INFO DRT-0028]   Complete via4.
[INFO DRT-0028]   Complete met5.
[INFO DRT-0178] Init guide query.
[INFO DRT-0035]   Complete FR_MASTERSLICE (guide).
[INFO DRT-0035]   Complete Fr_VIA (guide).
[INFO DRT-0035]   Complete li1 (guide).
[INFO DRT-0035]   Complete mcon (guide).
[INFO DRT-0035]   Complete met1 (guide).
[INFO DRT-0035]   Complete via (guide).
[INFO DRT-0035]   Complete met2 (guide).
[INFO DRT-0035]   Complete via2 (guide).
[INFO DRT-0035]   Complete met3 (guide).
[INFO DRT-0035]   Complete via3 (guide).
[INFO DRT-0035]   Complete met4 (guide).
[INFO DRT-0035]   Complete via4 (guide).
[INFO DRT-0035]   Complete met5 (guide).
[INFO DRT-0036] FR_MASTERSLICE guide region query size = 0.
[INFO DRT-0036] FR_VIA guide region query size = 0.
[INFO DRT-0036] li1 guide region query size = 62683.
[INFO DRT-0036] mcon guide region query size = 0.
[INFO DRT-0036] met1 guide region query size = 63374.
[INFO DRT-0036] via guide region query size = 0.
[INFO DRT-0036] met2 guide region query size = 38091.
[INFO DRT-0036] via2 guide region query size = 0.
[INFO DRT-0036] met3 guide region query size = 8679.
[INFO DRT-0036] via3 guide region query size = 0.
[INFO DRT-0036] met4 guide region query size = 3961.
[INFO DRT-0036] via4 guide region query size = 0.
[INFO DRT-0036] met5 guide region query size = 341.
[INFO DRT-0179] Init gr pin query.
[INFO DRT-0267] cpu time = 00:00:02, elapsed time = 00:00:01, memory = 529.18 (MB), peak = 528.28 (MB)
[INFO DRT-0245] skipped writing guide updates to database.
[INFO DRT-0181] Start track assignment.
[INFO DRT-0184] Done with 104735 vertical wires in 2 frboxes and 72394 horizontal wires in 2 frboxes.
[INFO DRT-0186] Done with 21978 vertical wires in 2 frboxes and 31016 horizontal wires in 2 frboxes.
[INFO DRT-0182] Complete track assignment.
[INFO DRT-0267] cpu time = 00:00:25, elapsed time = 00:00:15, memory = 947.05 (MB), peak = 946.04 (MB)
[INFO DRT-0187] Start routing data preparation.
[INFO DRT-0267] cpu time = 00:00:00, elapsed time = 00:00:00, memory = 947.05 (MB), peak = 946.04 (MB)
[INFO DRT-0194] Start detail routing.
[INFO DRT-0195] Start 0th optimization iteration.
    Completing 10% with 0 violations.
    elapsed time = 00:00:40, memory = 1550.32 (MB).
    Completing 20% with 0 violations.
    elapsed time = 00:01:26, memory = 1890.35 (MB).
    Completing 30% with 12238 violations.
    elapsed time = 00:02:04, memory = 2133.91 (MB).
    Completing 40% with 12238 violations.
    elapsed time = 00:03:01, memory = 2055.17 (MB).
    Completing 50% with 12238 violations.
    elapsed time = 00:03:41, memory = 2082.02 (MB).
    Completing 60% with 26178 violations.
    elapsed time = 00:04:56, memory = 2304.23 (MB).
    Completing 70% with 26178 violations.
    elapsed time = 00:05:48, memory = 2267.41 (MB).
    Completing 80% with 39355 violations.
    elapsed time = 00:06:42, memory = 2429.55 (MB).
    Completing 90% with 39355 violations.
    elapsed time = 00:07:34, memory = 2501.16 (MB).
    Completing 100% with 52920 violations.
    elapsed time = 00:08:31, memory = 2198.32 (MB).
[INFO DRT-0199]   Number of violations = 57108.
Viol/Layer         li1   mcon   met1    via   met2   via2   met3   via3   met4   via4   met5
Cut Spacing          0    127      0      2      0      1      0      0      0      4      0
Metal Spacing        0      0   6029      0   2368      0    738      0    186      0     22
Min Hole             0      0     36      0      0      0      0      0      0      0      0
NS Metal             0      0      8      0      0      0      0      0      0      0      0
Recheck             19      0   2227      0   1175      0    410      0    308      0     49
Short                0      1  34205     48   7445      0   1108      6    522     10     54
[INFO DRT-0267] cpu time = 00:52:21, elapsed time = 00:08:33, memory = 2347.15 (MB), peak = 2533.97 (MB)
Total wire length = 1694584 um.
Total wire length on LAYER li1 = 0 um.
Total wire length on LAYER met1 = 589833 um.
Total wire length on LAYER met2 = 596430 um.
Total wire length on LAYER met3 = 292639 um.
Total wire length on LAYER met4 = 204108 um.
Total wire length on LAYER met5 = 11572 um.
Total number of vias = 208121.
Up-via summary (total 208121):

-------------------------
 FR_MASTERSLICE         0
            li1     72771
           met1    110367
           met2     17191
           met3      7398
           met4       394
-------------------------
               208121


[INFO DRT-0195] Start 1st optimization iteration.
    Completing 10% with 57108 violations.
    elapsed time = 00:00:47, memory = 2513.30 (MB).
    Completing 20% with 57108 violations.
    elapsed time = 00:01:27, memory = 2598.99 (MB).
    Completing 30% with 54952 violations.
    elapsed time = 00:02:05, memory = 2579.97 (MB).
    Completing 40% with 54952 violations.
    elapsed time = 00:03:06, memory = 2639.77 (MB).
    Completing 50% with 54952 violations.
    elapsed time = 00:03:49, memory = 2634.29 (MB).
    Completing 60% with 52164 violations.
    elapsed time = 00:04:54, memory = 2636.54 (MB).
    Completing 70% with 52164 violations.
    elapsed time = 00:05:38, memory = 2668.36 (MB).
    Completing 80% with 48275 violations.
    elapsed time = 00:07:08, memory = 2793.12 (MB).
    Completing 90% with 48275 violations.
    elapsed time = 00:08:01, memory = 2709.54 (MB).
    Completing 100% with 43909 violations.
    elapsed time = 00:09:29, memory = 2393.02 (MB).
[INFO DRT-0199]   Number of violations = 43913.
Viol/Layer        mcon   met1    via   met2   via2   met3   met4   met5
Cut Spacing        267      0      3      0      2      0      0      0
Metal Spacing        0   5680      0   1703      0    528     32      2
Min Hole             0      3      0      2      0      0      0      0
Recheck              0      0      0      4      0      0      0      0
Short                0  30446      7   4610      0    496    122      6
[INFO DRT-0267] cpu time = 00:54:32, elapsed time = 00:09:30, memory = 2402.02 (MB), peak = 2826.41 (MB)
Total wire length = 1683517 um.
Total wire length on LAYER li1 = 0 um.
Total wire length on LAYER met1 = 581476 um.
Total wire length on LAYER met2 = 594103 um.
Total wire length on LAYER met3 = 294386 um.
Total wire length on LAYER met4 = 202426 um.
Total wire length on LAYER met5 = 11124 um.
Total number of vias = 206384.
Up-via summary (total 206384):

-------------------------
 FR_MASTERSLICE         0
            li1     72803
           met1    108651
           met2     17440
           met3      7172
           met4       318
-------------------------
               206384


[INFO DRT-0195] Start 2nd optimization iteration.
    Completing 10% with 43913 violations.
    elapsed time = 00:00:56, memory = 2638.25 (MB).
    Completing 20% with 43913 violations.
    elapsed time = 00:01:45, memory = 2687.19 (MB).
    Completing 30% with 43511 violations.
    elapsed time = 00:02:39, memory = 2639.91 (MB).
    Completing 40% with 43511 violations.
    elapsed time = 00:03:25, memory = 2692.79 (MB).
    Completing 50% with 43511 violations.
    elapsed time = 00:04:13, memory = 2418.11 (MB).
    Completing 60% with 42774 violations.
    elapsed time = 00:05:03, memory = 2627.40 (MB).
    Completing 70% with 42774 violations.
    elapsed time = 00:05:35, memory = 2714.95 (MB).
    Completing 80% with 41617 violations.
    elapsed time = 00:06:23, memory = 2712.70 (MB).
    Completing 90% with 41617 violations.
    elapsed time = 00:07:09, memory = 2700.75 (MB).
    Completing 100% with 40388 violations.
    elapsed time = 00:07:46, memory = 2428.57 (MB).
[INFO DRT-0199]   Number of violations = 40393.
Viol/Layer        mcon   met1    via   met2   met3   met4   met5
Cut Spacing        276      0      2      0      0      0      0
Metal Spacing        0   5304      0   1610    496     30      1
Min Hole             0      3      0      1      0      0      0
NS Metal             0      1      0      0      0      0      0
Recheck              0      2      0      3      0      0      0
Short                0  28382      7   3758    375    137      5
[INFO DRT-0267] cpu time = 00:51:16, elapsed time = 00:07:47, memory = 2405.52 (MB), peak = 2826.41 (MB)
Total wire length = 1680355 um.
Total wire length on LAYER li1 = 0 um.
Total wire length on LAYER met1 = 580419 um.
Total wire length on LAYER met2 = 592265 um.
Total wire length on LAYER met3 = 293695 um.
Total wire length on LAYER met4 = 202932 um.
Total wire length on LAYER met5 = 11042 um.
Total number of vias = 204937.
Up-via summary (total 204937):

-------------------------
 FR_MASTERSLICE         0
            li1     72775
           met1    107579
           met2     17190
           met3      7073
           met4       320
-------------------------
               204937


[INFO DRT-0195] Start 3rd optimization iteration.
    Completing 10% with 40393 violations.
    elapsed time = 00:01:42, memory = 2652.29 (MB).
    Completing 20% with 40393 violations.
    elapsed time = 00:02:44, memory = 2753.16 (MB).
    Completing 30% with 33974 violations.
    elapsed time = 00:04:32, memory = 2672.52 (MB).
    Completing 40% with 33974 violations.
    elapsed time = 00:06:05, memory = 2740.23 (MB).
    Completing 50% with 33974 violations.
    elapsed time = 00:07:16, memory = 2448.49 (MB).
    Completing 60% with 26417 violations.
    elapsed time = 00:08:59, memory = 2701.21 (MB).
    Completing 70% with 26417 violations.
    elapsed time = 00:10:12, memory = 2741.38 (MB).
    Completing 80% with 19723 violations.
    elapsed time = 00:11:25, memory = 2727.96 (MB).
    Completing 90% with 19723 violations.
    elapsed time = 00:12:55, memory = 2795.47 (MB).
    Completing 100% with 13625 violations.
    elapsed time = 00:13:52, memory = 2452.77 (MB).
[INFO DRT-0199]   Number of violations = 13625.
Viol/Layer        mcon   met1    via   met2   met3   met4   met5
Cut Spacing         48      0      5      0      0      0      0
Metal Spacing        0   3220      0    991    120      7      1
Min Hole             0      3      0      2      0      0      0
NS Metal             0      2      0      3      0      0      0
Short                0   7364      5   1744    103      7      0
[INFO DRT-0267] cpu time = 01:30:38, elapsed time = 00:13:54, memory = 2452.77 (MB), peak = 2875.62 (MB)
Total wire length = 1681970 um.
Total wire length on LAYER li1 = 0 um.
Total wire length on LAYER met1 = 529045 um.
Total wire length on LAYER met2 = 581167 um.
Total wire length on LAYER met3 = 340550 um.
Total wire length on LAYER met4 = 220042 um.
Total wire length on LAYER met5 = 11164 um.
Total number of vias = 219984.
Up-via summary (total 219984):

-------------------------
 FR_MASTERSLICE         0
            li1     72791
           met1    111291
           met2     26593
           met3      9010
           met4       299
-------------------------
               219984


[INFO DRT-0195] Start 4th optimization iteration.
    Completing 10% with 13625 violations.
    elapsed time = 00:00:28, memory = 2671.49 (MB).
    Completing 20% with 13625 violations.
    elapsed time = 00:01:07, memory = 2708.95 (MB).
    Completing 30% with 11332 violations.
    elapsed time = 00:01:37, memory = 2714.99 (MB).
    Completing 40% with 11332 violations.
    elapsed time = 00:02:23, memory = 2756.08 (MB).
    Completing 50% with 11332 violations.
    elapsed time = 00:03:20, memory = 2490.74 (MB).
    Completing 60% with 8732 violations.
    elapsed time = 00:03:54, memory = 2787.03 (MB).
    Completing 70% with 8732 violations.
    elapsed time = 00:04:14, memory = 2897.04 (MB).
    Completing 80% with 6450 violations.
    elapsed time = 00:04:53, memory = 2801.97 (MB).
    Completing 90% with 6450 violations.
    elapsed time = 00:05:28, memory = 2865.94 (MB).
    Completing 100% with 3759 violations.
    elapsed time = 00:06:12, memory = 2569.65 (MB).
[INFO DRT-0199]   Number of violations = 3759.
Viol/Layer        mcon   met1    via   met2   met3   met4
Cut Spacing         21      0      2      0      0      0
Metal Spacing        0   1117      0    292     30      0
Min Hole             0      4      0      0      0      0
NS Metal             0      4      0      0      0      0
Short                0   1790      0    496      2      1
[INFO DRT-0267] cpu time = 00:37:26, elapsed time = 00:06:13, memory = 2569.65 (MB), peak = 2967.54 (MB)
Total wire length = 1682298 um.
Total wire length on LAYER li1 = 0 um.
Total wire length on LAYER met1 = 521667 um.
Total wire length on LAYER met2 = 578227 um.
Total wire length on LAYER met3 = 346840 um.
Total wire length on LAYER met4 = 224367 um.
Total wire length on LAYER met5 = 11195 um.
Total number of vias = 221855.
Up-via summary (total 221855):

-------------------------
 FR_MASTERSLICE         0
            li1     72791
           met1    111840
           met2     27496
           met3      9433
           met4       295
-------------------------
               221855


[INFO DRT-0195] Start 5th optimization iteration.
    Completing 10% with 3759 violations.
    elapsed time = 00:00:03, memory = 2790.35 (MB).
    Completing 20% with 3759 violations.
    elapsed time = 00:00:18, memory = 2794.91 (MB).
    Completing 30% with 3384 violations.
    elapsed time = 00:01:01, memory = 2569.67 (MB).
    Completing 40% with 3384 violations.
    elapsed time = 00:01:27, memory = 2801.16 (MB).
    Completing 50% with 3384 violations.
    elapsed time = 00:01:40, memory = 2699.39 (MB).
    Completing 60% with 2824 violations.
    elapsed time = 00:01:54, memory = 2782.60 (MB).
    Completing 70% with 2824 violations.
    elapsed time = 00:02:05, memory = 2826.68 (MB).
    Completing 80% with 2348 violations.
    elapsed time = 00:03:12, memory = 2595.40 (MB).
    Completing 90% with 2348 violations.
    elapsed time = 00:03:37, memory = 2872.78 (MB).
    Completing 100% with 1614 violations.
    elapsed time = 00:04:13, memory = 2655.75 (MB).
[INFO DRT-0199]   Number of violations = 1614.
Viol/Layer        mcon   met1    via   met2   met3
Cut Spacing         10      0      2      0      0
Metal Spacing        0    455      0    112     24
Min Hole             0      1      0      1      0
NS Metal             0      1      0      0      0
Short                0    792      0    201     15
[INFO DRT-0267] cpu time = 00:20:54, elapsed time = 00:04:14, memory = 2594.18 (MB), peak = 2967.54 (MB)
Total wire length = 1682445 um.
Total wire length on LAYER li1 = 0 um.
Total wire length on LAYER met1 = 520436 um.
Total wire length on LAYER met2 = 577298 um.
Total wire length on LAYER met3 = 348060 um.
Total wire length on LAYER met4 = 225485 um.
Total wire length on LAYER met5 = 11164 um.
Total number of vias = 222082.
Up-via summary (total 222082):

-------------------------
 FR_MASTERSLICE         0
            li1     72798
           met1    111882
           met2     27610
           met3      9499
           met4       293
-------------------------
               222082


[INFO DRT-0195] Start 6th optimization iteration.
    Completing 10% with 1614 violations.
    elapsed time = 00:00:01, memory = 2865.27 (MB).
    Completing 20% with 1614 violations.
    elapsed time = 00:00:09, memory = 2828.39 (MB).
    Completing 30% with 1170 violations.
    elapsed time = 00:00:36, memory = 2595.37 (MB).
    Completing 40% with 1170 violations.
    elapsed time = 00:00:50, memory = 2867.55 (MB).
    Completing 50% with 1170 violations.
    elapsed time = 00:01:03, memory = 2716.49 (MB).
    Completing 60% with 921 violations.
    elapsed time = 00:01:13, memory = 2595.37 (MB).
    Completing 70% with 921 violations.
    elapsed time = 00:01:20, memory = 2750.09 (MB).
    Completing 80% with 750 violations.
    elapsed time = 00:01:49, memory = 2596.44 (MB).
    Completing 90% with 750 violations.
    elapsed time = 00:01:57, memory = 2865.36 (MB).
    Completing 100% with 668 violations.
    elapsed time = 00:02:44, memory = 2596.44 (MB).
[INFO DRT-0199]   Number of violations = 668.
Viol/Layer        mcon   met1    via   met2   met3
Cut Spacing          5      0      1      0      0
Metal Spacing        0    250      0     39      6
Short                0    307      0     60      0
[INFO DRT-0267] cpu time = 00:13:30, elapsed time = 00:02:45, memory = 2596.44 (MB), peak = 2967.54 (MB)
Total wire length = 1681795 um.
Total wire length on LAYER li1 = 0 um.
Total wire length on LAYER met1 = 519358 um.
Total wire length on LAYER met2 = 576563 um.
Total wire length on LAYER met3 = 348658 um.
Total wire length on LAYER met4 = 226049 um.
Total wire length on LAYER met5 = 11164 um.
Total number of vias = 222094.
Up-via summary (total 222094):

-------------------------
 FR_MASTERSLICE         0
            li1     72790
           met1    111774
           met2     27682
           met3      9555
           met4       293
-------------------------
               222094


[INFO DRT-0195] Start 7th optimization iteration.
    Completing 10% with 668 violations.
    elapsed time = 00:00:00, memory = 2596.44 (MB).
    Completing 20% with 668 violations.
    elapsed time = 00:00:03, memory = 2821.35 (MB).
    Completing 30% with 621 violations.
    elapsed time = 00:00:35, memory = 2596.44 (MB).
    Completing 40% with 621 violations.
    elapsed time = 00:00:38, memory = 2791.76 (MB).
    Completing 50% with 621 violations.
    elapsed time = 00:00:43, memory = 2748.95 (MB).
    Completing 60% with 530 violations.
    elapsed time = 00:00:53, memory = 2596.44 (MB).
    Completing 70% with 530 violations.
    elapsed time = 00:00:55, memory = 2878.78 (MB).
    Completing 80% with 385 violations.
    elapsed time = 00:01:29, memory = 2596.44 (MB).
    Completing 90% with 385 violations.
    elapsed time = 00:01:29, memory = 2596.44 (MB).
    Completing 100% with 321 violations.
    elapsed time = 00:02:16, memory = 2596.44 (MB).
[INFO DRT-0199]   Number of violations = 321.
Viol/Layer        mcon   met1   met2
Cut Spacing          1      0      0
Metal Spacing        0    139     25
Min Hole             0      1      0
NS Metal             0      1      0
Short                0    142     12
[INFO DRT-0267] cpu time = 00:09:25, elapsed time = 00:02:17, memory = 2596.44 (MB), peak = 2967.54 (MB)
Total wire length = 1681636 um.
Total wire length on LAYER li1 = 0 um.
Total wire length on LAYER met1 = 519134 um.
Total wire length on LAYER met2 = 576350 um.
Total wire length on LAYER met3 = 348673 um.
Total wire length on LAYER met4 = 226312 um.
Total wire length on LAYER met5 = 11164 um.
Total number of vias = 222087.
Up-via summary (total 222087):

-------------------------
 FR_MASTERSLICE         0
            li1     72795
           met1    111753
           met2     27681
           met3      9565
           met4       293
-------------------------
               222087


[INFO DRT-0195] Start 8th optimization iteration.
    Completing 10% with 321 violations.
    elapsed time = 00:00:00, memory = 2596.44 (MB).
    Completing 20% with 321 violations.
    elapsed time = 00:00:03, memory = 3004.80 (MB).
    Completing 30% with 276 violations.
    elapsed time = 00:00:23, memory = 2596.44 (MB).
    Completing 40% with 276 violations.
    elapsed time = 00:00:23, memory = 2596.44 (MB).
    Completing 50% with 276 violations.
    elapsed time = 00:01:47, memory = 2596.44 (MB).
    Completing 60% with 260 violations.
    elapsed time = 00:01:47, memory = 2596.44 (MB).
    Completing 70% with 260 violations.
    elapsed time = 00:01:49, memory = 3028.43 (MB).
    Completing 80% with 248 violations.
    elapsed time = 00:02:32, memory = 2596.44 (MB).
    Completing 90% with 248 violations.
    elapsed time = 00:02:32, memory = 2596.44 (MB).
    Completing 100% with 208 violations.
    elapsed time = 00:03:30, memory = 2596.44 (MB).
[INFO DRT-0199]   Number of violations = 208.
Viol/Layer        mcon   met1   met2
Cut Spacing          1      0      0
Metal Spacing        0    100      8
Short                0     95      4
[INFO DRT-0267] cpu time = 00:08:53, elapsed time = 00:03:30, memory = 2596.44 (MB), peak = 3248.44 (MB)
Total wire length = 1681653 um.
Total wire length on LAYER li1 = 0 um.
Total wire length on LAYER met1 = 518871 um.
Total wire length on LAYER met2 = 576391 um.
Total wire length on LAYER met3 = 348870 um.
Total wire length on LAYER met4 = 226354 um.
Total wire length on LAYER met5 = 11164 um.
Total number of vias = 222092.
Up-via summary (total 222092):

-------------------------
 FR_MASTERSLICE         0
            li1     72794
           met1    111729
           met2     27707
           met3      9569
           met4       293
-------------------------
               222092


[INFO DRT-0195] Start 9th optimization iteration.
    Completing 10% with 208 violations.
    elapsed time = 00:00:00, memory = 2596.44 (MB).
    Completing 20% with 208 violations.
    elapsed time = 00:00:00, memory = 2596.44 (MB).
    Completing 30% with 205 violations.
    elapsed time = 00:00:19, memory = 2596.44 (MB).
    Completing 40% with 205 violations.
    elapsed time = 00:00:19, memory = 2596.44 (MB).
    Completing 50% with 205 violations.
    elapsed time = 00:01:19, memory = 2596.44 (MB).
    Completing 60% with 163 violations.
    elapsed time = 00:01:19, memory = 2596.44 (MB).
    Completing 70% with 163 violations.
    elapsed time = 00:01:23, memory = 3212.22 (MB).
    Completing 80% with 159 violations.
    elapsed time = 00:02:07, memory = 2596.44 (MB).
    Completing 90% with 159 violations.
    elapsed time = 00:02:07, memory = 2596.44 (MB).
    Completing 100% with 129 violations.
    elapsed time = 00:03:07, memory = 2596.44 (MB).
[INFO DRT-0199]   Number of violations = 129.
Viol/Layer        mcon   met1   met2
Cut Spacing          1      0      0
Metal Spacing        0     68      5
Short                0     53      2
[INFO DRT-0267] cpu time = 00:08:23, elapsed time = 00:03:07, memory = 2558.96 (MB), peak = 3460.02 (MB)
Total wire length = 1681629 um.
Total wire length on LAYER li1 = 0 um.
Total wire length on LAYER met1 = 518667 um.
Total wire length on LAYER met2 = 576361 um.
Total wire length on LAYER met3 = 349000 um.
Total wire length on LAYER met4 = 226435 um.
Total wire length on LAYER met5 = 11164 um.
Total number of vias = 222080.
Up-via summary (total 222080):

-------------------------
 FR_MASTERSLICE         0
            li1     72796
           met1    111698
           met2     27721
           met3      9572
           met4       293
-------------------------
               222080


[INFO DRT-0195] Start 10th optimization iteration.
    Completing 10% with 129 violations.
    elapsed time = 00:00:00, memory = 2558.96 (MB).
    Completing 20% with 129 violations.
    elapsed time = 00:00:22, memory = 3250.09 (MB).
    Completing 30% with 117 violations.
    elapsed time = 00:00:45, memory = 2558.96 (MB).
    Completing 40% with 117 violations.
    elapsed time = 00:00:45, memory = 2558.96 (MB).
    Completing 50% with 117 violations.
    elapsed time = 00:01:05, memory = 2558.96 (MB).
    Completing 60% with 100 violations.
    elapsed time = 00:01:05, memory = 2558.96 (MB).
    Completing 70% with 100 violations.
    elapsed time = 00:01:10, memory = 2888.98 (MB).
    Completing 80% with 84 violations.
    elapsed time = 00:01:55, memory = 2558.96 (MB).
    Completing 90% with 84 violations.
    elapsed time = 00:01:55, memory = 2558.96 (MB).
    Completing 100% with 74 violations.
    elapsed time = 00:02:00, memory = 2558.96 (MB).
[INFO DRT-0199]   Number of violations = 74.
Viol/Layer        mcon   met1
Cut Spacing          1      0
Metal Spacing        0     39
Short                0     34
[INFO DRT-0267] cpu time = 00:05:03, elapsed time = 00:02:00, memory = 2558.96 (MB), peak = 4171.35 (MB)
Total wire length = 1681573 um.
Total wire length on LAYER li1 = 0 um.
Total wire length on LAYER met1 = 518780 um.
Total wire length on LAYER met2 = 576155 um.
Total wire length on LAYER met3 = 348902 um.
Total wire length on LAYER met4 = 226569 um.
Total wire length on LAYER met5 = 11164 um.
Total number of vias = 222075.
Up-via summary (total 222075):

-------------------------
 FR_MASTERSLICE         0
            li1     72794
           met1    111700
           met2     27709
           met3      9579
           met4       293
-------------------------
               222075


[INFO DRT-0195] Start 11th guides tiles iteration.
    Completing 10% with 74 violations.
    elapsed time = 00:00:00, memory = 2558.96 (MB).
    Completing 20% with 74 violations.
    elapsed time = 00:00:00, memory = 2558.96 (MB).
    Completing 30% with 74 violations.
    elapsed time = 00:00:00, memory = 2558.96 (MB).
    Completing 40% with 74 violations.
    elapsed time = 00:00:00, memory = 2558.96 (MB).
    Completing 50% with 74 violations.
    elapsed time = 00:00:01, memory = 2558.96 (MB).
    Completing 60% with 50 violations.
    elapsed time = 00:00:03, memory = 2558.96 (MB).
    Completing 70% with 50 violations.
    elapsed time = 00:00:03, memory = 2558.96 (MB).
    Completing 80% with 50 violations.
    elapsed time = 00:00:03, memory = 2558.96 (MB).
    Completing 90% with 50 violations.
    elapsed time = 00:00:04, memory = 2558.96 (MB).
    Completing 100% with 41 violations.
    elapsed time = 00:00:05, memory = 2558.96 (MB).
[INFO DRT-0199]   Number of violations = 41.
Viol/Layer        met1   met2
Metal Spacing       20      1
Short               19      1
[INFO DRT-0267] cpu time = 00:00:18, elapsed time = 00:00:05, memory = 2558.96 (MB), peak = 4171.35 (MB)
Total wire length = 1681595 um.
Total wire length on LAYER li1 = 0 um.
Total wire length on LAYER met1 = 518777 um.
Total wire length on LAYER met2 = 576150 um.
Total wire length on LAYER met3 = 348914 um.
Total wire length on LAYER met4 = 226588 um.
Total wire length on LAYER met5 = 11164 um.
Total number of vias = 222104.
Up-via summary (total 222104):

-------------------------
 FR_MASTERSLICE         0
            li1     72792
           met1    111717
           met2     27716
           met3      9586
           met4       293
-------------------------
               222104


[INFO DRT-0195] Start 12th guides tiles iteration.
    Completing 10% with 41 violations.
    elapsed time = 00:00:00, memory = 2558.96 (MB).
    Completing 20% with 41 violations.
    elapsed time = 00:00:00, memory = 2558.96 (MB).
    Completing 30% with 41 violations.
    elapsed time = 00:00:00, memory = 2558.96 (MB).
    Completing 40% with 41 violations.
    elapsed time = 00:00:01, memory = 2558.96 (MB).
    Completing 50% with 41 violations.
    elapsed time = 00:00:01, memory = 2558.96 (MB).
    Completing 60% with 35 violations.
    elapsed time = 00:00:02, memory = 2558.96 (MB).
    Completing 70% with 35 violations.
    elapsed time = 00:00:02, memory = 2558.96 (MB).
    Completing 80% with 35 violations.
    elapsed time = 00:00:03, memory = 2558.96 (MB).
    Completing 90% with 35 violations.
    elapsed time = 00:00:05, memory = 2558.96 (MB).
    Completing 100% with 32 violations.
    elapsed time = 00:00:05, memory = 2558.96 (MB).
[INFO DRT-0199]   Number of violations = 32.
Viol/Layer        met1
Metal Spacing       12
Short               20
[INFO DRT-0267] cpu time = 00:00:11, elapsed time = 00:00:05, memory = 2558.96 (MB), peak = 4171.35 (MB)
Total wire length = 1681619 um.
Total wire length on LAYER li1 = 0 um.
Total wire length on LAYER met1 = 518757 um.
Total wire length on LAYER met2 = 576117 um.
Total wire length on LAYER met3 = 348934 um.
Total wire length on LAYER met4 = 226645 um.
Total wire length on LAYER met5 = 11164 um.
Total number of vias = 222119.
Up-via summary (total 222119):

-------------------------
 FR_MASTERSLICE         0
            li1     72793
           met1    111720
           met2     27721
           met3      9592
           met4       293
-------------------------
               222119


[INFO DRT-0195] Start 13th guides tiles iteration.
    Completing 10% with 32 violations.
    elapsed time = 00:00:00, memory = 2558.96 (MB).
    Completing 20% with 32 violations.
    elapsed time = 00:00:00, memory = 2558.96 (MB).
    Completing 30% with 32 violations.
    elapsed time = 00:00:00, memory = 2558.96 (MB).
    Completing 40% with 32 violations.
    elapsed time = 00:00:01, memory = 2558.96 (MB).
    Completing 50% with 32 violations.
    elapsed time = 00:00:01, memory = 2558.96 (MB).
    Completing 60% with 32 violations.
    elapsed time = 00:00:02, memory = 2558.96 (MB).
    Completing 70% with 32 violations.
    elapsed time = 00:00:03, memory = 2558.96 (MB).
    Completing 80% with 32 violations.
    elapsed time = 00:00:03, memory = 2558.96 (MB).
    Completing 100% with 32 violations.
    elapsed time = 00:00:04, memory = 2558.96 (MB).
[INFO DRT-0199]   Number of violations = 32.
Viol/Layer        met1
Metal Spacing       12
Short               20
[INFO DRT-0267] cpu time = 00:00:09, elapsed time = 00:00:04, memory = 2558.96 (MB), peak = 4171.35 (MB)
Total wire length = 1681620 um.
Total wire length on LAYER li1 = 0 um.
Total wire length on LAYER met1 = 518758 um.
Total wire length on LAYER met2 = 576117 um.
Total wire length on LAYER met3 = 348934 um.
Total wire length on LAYER met4 = 226645 um.
Total wire length on LAYER met5 = 11164 um.
Total number of vias = 222119.
Up-via summary (total 222119):

-------------------------
 FR_MASTERSLICE         0
            li1     72793
           met1    111720
           met2     27721
           met3      9592
           met4       293
-------------------------
               222119


[INFO DRT-0195] Start 14th stubborn tiles iteration.
    Completing 10% with 32 violations.
    elapsed time = 00:00:47, memory = 2977.11 (MB).
    Completing 20% with 32 violations.
    elapsed time = 00:01:14, memory = 3086.74 (MB).
    Completing 30% with 32 violations.
    elapsed time = 00:01:20, memory = 3183.55 (MB).
    Completing 40% with 32 violations.
    elapsed time = 00:01:30, memory = 3643.35 (MB).
    Completing 50% with 32 violations.
    elapsed time = 00:01:54, memory = 4101.95 (MB).
    Completing 60% with 32 violations.
    elapsed time = 00:02:19, memory = 4730.70 (MB).
    Completing 70% with 32 violations.
    elapsed time = 00:02:25, memory = 4948.52 (MB).
    Completing 80% with 32 violations.
    elapsed time = 00:02:34, memory = 4821.10 (MB).
    Completing 90% with 2 violations.
    elapsed time = 00:02:39, memory = 5141.70 (MB).
    Completing 100% with 1 violations.
    elapsed time = 00:02:42, memory = 4821.39 (MB).
[INFO DRT-0199]   Number of violations = 1.
Viol/Layer        met1
Short                1
[INFO DRT-0267] cpu time = 00:30:46, elapsed time = 00:02:42, memory = 4821.40 (MB), peak = 5328.23 (MB)
Total wire length = 1681645 um.
Total wire length on LAYER li1 = 0 um.
Total wire length on LAYER met1 = 518717 um.
Total wire length on LAYER met2 = 576133 um.
Total wire length on LAYER met3 = 348977 um.
Total wire length on LAYER met4 = 226652 um.
Total wire length on LAYER met5 = 11164 um.
Total number of vias = 222142.
Up-via summary (total 222142):

-------------------------
 FR_MASTERSLICE         0
            li1     72792
           met1    111724
           met2     27737
           met3      9596
           met4       293
-------------------------
               222142


[INFO DRT-0195] Start 15th guides tiles iteration.
    Completing 100% with 1 violations.
    elapsed time = 00:00:00, memory = 4821.40 (MB).
[INFO DRT-0199]   Number of violations = 1.
Viol/Layer        met1
Short                1
[INFO DRT-0267] cpu time = 00:00:00, elapsed time = 00:00:00, memory = 4821.40 (MB), peak = 5328.23 (MB)
Total wire length = 1681646 um.
Total wire length on LAYER li1 = 0 um.
Total wire length on LAYER met1 = 518718 um.
Total wire length on LAYER met2 = 576133 um.
Total wire length on LAYER met3 = 348977 um.
Total wire length on LAYER met4 = 226652 um.
Total wire length on LAYER met5 = 11164 um.
Total number of vias = 222142.
Up-via summary (total 222142):

-------------------------
 FR_MASTERSLICE         0
            li1     72792
           met1    111724
           met2     27737
           met3      9596
           met4       293
-------------------------
               222142


[INFO DRT-0195] Start 16th stubborn tiles iteration.
    Completing 10% with 1 violations.
    elapsed time = 00:00:01, memory = 5161.41 (MB).
    Completing 20% with 1 violations.
    elapsed time = 00:00:01, memory = 5087.71 (MB).
    Completing 30% with 1 violations.
    elapsed time = 00:00:02, memory = 5112.41 (MB).
    Completing 40% with 1 violations.
    elapsed time = 00:00:02, memory = 5028.42 (MB).
    Completing 50% with 1 violations.
    elapsed time = 00:00:02, memory = 4860.44 (MB).
    Completing 60% with 1 violations.
    elapsed time = 00:00:03, memory = 4883.43 (MB).
    Completing 70% with 1 violations.
    elapsed time = 00:00:04, memory = 4997.89 (MB).
    Completing 80% with 1 violations.
    elapsed time = 00:00:05, memory = 4921.59 (MB).
    Completing 90% with 1 violations.
    elapsed time = 00:00:07, memory = 4883.44 (MB).
    Completing 100% with 0 violations.
    elapsed time = 00:00:13, memory = 4845.29 (MB).
[INFO DRT-0199]   Number of violations = 0.
[INFO DRT-0267] cpu time = 00:01:34, elapsed time = 00:00:14, memory = 4845.29 (MB), peak = 5328.23 (MB)
Total wire length = 1681657 um.
Total wire length on LAYER li1 = 0 um.
Total wire length on LAYER met1 = 518720 um.
Total wire length on LAYER met2 = 576135 um.
Total wire length on LAYER met3 = 348980 um.
Total wire length on LAYER met4 = 226656 um.
Total wire length on LAYER met5 = 11164 um.
Total number of vias = 222148.
Up-via summary (total 222148):

-------------------------
 FR_MASTERSLICE         0
            li1     72792
           met1    111726
           met2     27739
           met3      9598
           met4       293
-------------------------
               222148


[INFO DRT-0198] Complete detail routing.
Total wire length = 1681657 um.
Total wire length on LAYER li1 = 0 um.
Total wire length on LAYER met1 = 518720 um.
Total wire length on LAYER met2 = 576135 um.
Total wire length on LAYER met3 = 348980 um.
Total wire length on LAYER met4 = 226656 um.
Total wire length on LAYER met5 = 11164 um.
Total number of vias = 222148.
Up-via summary (total 222148):

-------------------------
 FR_MASTERSLICE         0
            li1     72792
           met1    111726
           met2     27739
           met3      9598
           met4       293
-------------------------
               222148


[INFO DRT-0267] cpu time = 06:25:28, elapsed time = 01:07:10, memory = 4845.36 (MB), peak = 5328.23 (MB)

[INFO DRT-0180] Post processing.
[INFO DRT-0501] Runtime: 4000.44s
Took 4119 seconds: detailed_route -output_drc /root/cac_runs/keccak_s7_7ns/reports/sky130hd/cac_keccak_s7_7ns/base/5_route_drc.rpt -output_maze /root/cac_runs/keccak_s7_7ns/results/sky130hd/cac_keccak_s7_7ns/base/maze.log -droute_end_iter 64 -verbose 1 -drc_report_iter_step 5
[INFO GRT-0012] Found 182 antenna violations.
[WARNING GRT-0243] Unable to repair antennas on net with diodes.
[INFO DPL-0006] Core area: 449380.99 um^2
[INFO DPL-0007] Movable instances area: 5.00 um^2
[INFO DPL-0008] Fixed instances area within core: 235166.79 um^2
[INFO DPL-0009] Utilization: 52.3%
[INFO DPL-0005] Diamond search max displacement: +/- 500 sites horizontally, +/- 100 rows vertically.
[INFO DPL-1102] Legalizing using negotiation legalizer.
[INFO DPL-1103] Negotiation base search window: +/-20 sites horizontally, +/-5 rows vertically 
	Automatic search window extension enabled.
	Search window extendable up to the max displacement cap of +/-500 sites, +/-100 rows near walls.
[INFO DPL-1104] NegotiationLegalizer DRC penalty: 5.
[INFO DPL-0392] Negotiation cell height distribution (1 unique row-count(s)):
[INFO DPL-0393]   height 1 row(s): 26228 cells
          |      Total |  Illegal |  Illegal
Iteration | Violations |    Cells |    Sites
---------------------------------------------
        0 |          0 |         0 |         0
Negotiation phase 1 converged at iteration 0.
[INFO DPL-0500] Runtime: 0.10s
[INFO GRT-0015] Inserted 266 diodes.
[WARNING DRT-0120] Large net net2369 has 190 pins which may impact routing performance. Consider optimization.
[WARNING DRT-0120] Large net net2350 has 188 pins which may impact routing performance. Consider optimization.
[WARNING DRT-0120] Large net net2347 has 176 pins which may impact routing performance. Consider optimization.
[WARNING DRT-0120] Large net net2250 has 115 pins which may impact routing performance. Consider optimization.
[WARNING DRT-0120] Large net net1926 has 113 pins which may impact routing performance. Consider optimization.
[WARNING DRT-0120] Large net net1905 has 121 pins which may impact routing performance. Consider optimization.
[WARNING DRT-0120] Large net net1900 has 122 pins which may impact routing performance. Consider optimization.
[WARNING DRT-0120] Large net net2337 has 173 pins which may impact routing performance. Consider optimization.
[WARNING DRT-0120] Large net net2342 has 187 pins which may impact routing performance. Consider optimization.
[WARNING DRT-0120] Large net net2340 has 193 pins which may impact routing performance. Consider optimization.
[WARNING DRT-0120] Large net net2276 has 110 pins which may impact routing performance. Consider optimization.
[WARNING DRT-0120] Large net net71 has 174 pins which may impact routing performance. Consider optimization.
[INFO DRT-0024]   Complete FR_MASTERSLICE.
[INFO DRT-0024]   Complete Fr_VIA.
[INFO DRT-0024]   Complete li1.
[INFO DRT-0024]   Complete mcon.
[INFO DRT-0024]   Complete met1.
[INFO DRT-0024]   Complete via.
[INFO DRT-0024]   Complete met2.
[INFO DRT-0024]   Complete via2.
[INFO DRT-0024]   Complete met3.
[INFO DRT-0024]   Complete via3.
[INFO DRT-0024]   Complete met4.
[INFO DRT-0024]   Complete via4.
[INFO DRT-0024]   Complete met5.
[INFO DRT-0165] Start pin access.
[INFO DRT-0076]   Complete 1000 pins.
[INFO DRT-0078]   Complete 1289 pins.
[INFO DRT-0079]   Complete 100 unique inst patterns.
[INFO DRT-0081]   Complete 167 unique inst patterns.
[INFO DRT-0082]   Complete 10000 groups.
[INFO DRT-0084]   Complete 14622 groups.
#scanned instances     = 26228
#unique  instances     = 167
#stdCellGenAp          = 5454
#stdCellValidPlanarAp  = 105
#stdCellValidViaAp     = 3759
#stdCellPinNoAp        = 0
#stdCellPinCnt         = 75479
#instTermValidViaApCnt = 0
#macroGenAp            = 0
#macroValidPlanarAp    = 0
#macroValidViaAp       = 0
#macroNoAp             = 0
[INFO DRT-0166] Complete pin access.
[INFO DRT-0267] cpu time = 00:07:36, elapsed time = 00:00:40, memory = 3645.22 (MB), peak = 5328.23 (MB)
[INFO DRT-0156] guideIn read 100000 guides.
[INFO DRT-0156] guideIn read 200000 guides.

[INFO DRT-0157] Number of guides:     224922

[INFO DRT-0169] Post process guides.
[INFO DRT-0176] GCELLGRID X 0 DO 97 STEP 6900 ;
[INFO DRT-0177] GCELLGRID Y 0 DO 97 STEP 6900 ;
[INFO DRT-0026]   Complete 100000 origin guides.
[INFO DRT-0026]   Complete 200000 origin guides.
[INFO DRT-0028]   Complete FR_MASTERSLICE.
[INFO DRT-0028]   Complete Fr_VIA.
[INFO DRT-0028]   Complete li1.
[INFO DRT-0028]   Complete mcon.
[INFO DRT-0028]   Complete met1.
[INFO DRT-0028]   Complete via.
[INFO DRT-0028]   Complete met2.
[INFO DRT-0028]   Complete via2.
[INFO DRT-0028]   Complete met3.
[INFO DRT-0028]   Complete via3.
[INFO DRT-0028]   Complete met4.
[INFO DRT-0028]   Complete via4.
[INFO DRT-0028]   Complete met5.
[INFO DRT-0178] Init guide query.
[INFO DRT-0035]   Complete FR_MASTERSLICE (guide).
[INFO DRT-0035]   Complete Fr_VIA (guide).
[INFO DRT-0035]   Complete li1 (guide).
[INFO DRT-0035]   Complete mcon (guide).
[INFO DRT-0035]   Complete met1 (guide).
[INFO DRT-0035]   Complete via (guide).
[INFO DRT-0035]   Complete met2 (guide).
[INFO DRT-0035]   Complete via2 (guide).
[INFO DRT-0035]   Complete met3 (guide).
[INFO DRT-0035]   Complete via3 (guide).
[INFO DRT-0035]   Complete met4 (guide).
[INFO DRT-0035]   Complete via4 (guide).
[INFO DRT-0035]   Complete met5 (guide).
[INFO DRT-0036] FR_MASTERSLICE guide region query size = 0.
[INFO DRT-0036] FR_VIA guide region query size = 0.
[INFO DRT-0036] li1 guide region query size = 62775.
[INFO DRT-0036] mcon guide region query size = 0.
[INFO DRT-0036] met1 guide region query size = 63194.
[INFO DRT-0036] via guide region query size = 0.
[INFO DRT-0036] met2 guide region query size = 37163.
[INFO DRT-0036] via2 guide region query size = 0.
[INFO DRT-0036] met3 guide region query size = 7314.
[INFO DRT-0036] via3 guide region query size = 0.
[INFO DRT-0036] met4 guide region query size = 3214.
[INFO DRT-0036] via4 guide region query size = 0.
[INFO DRT-0036] met5 guide region query size = 196.
[INFO DRT-0179] Init gr pin query.
[INFO DRT-0267] cpu time = 00:00:01, elapsed time = 00:00:00, memory = 3645.22 (MB), peak = 5328.23 (MB)
[INFO DRT-0245] skipped writing guide updates to database.
[INFO DRT-0181] Start track assignment.
[INFO DRT-0184] Done with 103152 vertical wires in 2 frboxes and 70704 horizontal wires in 2 frboxes.
[INFO DRT-0186] Done with 22529 vertical wires in 2 frboxes and 32711 horizontal wires in 2 frboxes.
[INFO DRT-0182] Complete track assignment.
[INFO DRT-0267] cpu time = 00:00:14, elapsed time = 00:00:06, memory = 3646.00 (MB), peak = 5328.23 (MB)
[INFO DRT-0187] Start routing data preparation.
[INFO DRT-0267] cpu time = 00:00:00, elapsed time = 00:00:00, memory = 3646.00 (MB), peak = 5328.23 (MB)
[INFO DRT-0194] Start detail routing.
[INFO DRT-0195] Start 0th optimization iteration.
    Completing 10% with 0 violations.
    elapsed time = 00:00:27, memory = 3777.38 (MB).
    Completing 20% with 0 violations.
    elapsed time = 00:00:45, memory = 3866.61 (MB).
    Completing 30% with 12828 violations.
    elapsed time = 00:01:05, memory = 3814.60 (MB).
    Completing 40% with 12828 violations.
    elapsed time = 00:01:30, memory = 3890.02 (MB).
    Completing 50% with 12828 violations.
    elapsed time = 00:01:49, memory = 3770.09 (MB).
    Completing 60% with 26387 violations.
    elapsed time = 00:02:15, memory = 3931.60 (MB).
    Completing 70% with 26387 violations.
    elapsed time = 00:02:35, memory = 3806.10 (MB).
    Completing 80% with 38203 violations.
    elapsed time = 00:02:54, memory = 3883.65 (MB).
    Completing 90% with 38203 violations.
    elapsed time = 00:03:18, memory = 3954.95 (MB).
    Completing 100% with 50181 violations.
    elapsed time = 00:03:37, memory = 3743.22 (MB).
[INFO DRT-0199]   Number of violations = 53066.
Viol/Layer         li1   mcon   met1    via   met2   via2   met3   met4   met5
Cut Spacing          0      7      0      4      0      0      0      0      0
Metal Spacing        0      0   2969      0   2920      0    136     17      0
Min Hole             0      0     35      0      1      0      0      0      0
NS Metal             0      0      2      0      0      0      0      0      0
Recheck              1      0   1564      0   1135      0    141     43      1
Short                0      0  28124     36  15197      1    576    156      0
[INFO DRT-0267] cpu time = 00:40:07, elapsed time = 00:03:38, memory = 3743.23 (MB), peak = 5328.23 (MB)
Total wire length = 1693682 um.
Total wire length on LAYER li1 = 0 um.
Total wire length on LAYER met1 = 577883 um.
Total wire length on LAYER met2 = 612392 um.
Total wire length on LAYER met3 = 294763 um.
Total wire length on LAYER met4 = 200323 um.
Total wire length on LAYER met5 = 8318 um.
Total number of vias = 221913.
Up-via summary (total 221913):

-------------------------
 FR_MASTERSLICE         0
            li1     73166
           met1    115165
           met2     25025
           met3      8329
           met4       228
-------------------------
               221913


[INFO DRT-0195] Start 1st optimization iteration.
    Completing 10% with 53066 violations.
    elapsed time = 00:00:15, memory = 3908.91 (MB).
    Completing 20% with 53066 violations.
    elapsed time = 00:00:27, memory = 3972.03 (MB).
    Completing 30% with 48440 violations.
    elapsed time = 00:00:41, memory = 3947.64 (MB).
    Completing 40% with 48440 violations.
    elapsed time = 00:00:59, memory = 3934.17 (MB).
    Completing 50% with 48440 violations.
    elapsed time = 00:01:13, memory = 3906.07 (MB).
    Completing 60% with 42928 violations.
    elapsed time = 00:01:30, memory = 3939.45 (MB).
    Completing 70% with 42928 violations.
    elapsed time = 00:01:45, memory = 3927.73 (MB).
    Completing 80% with 37416 violations.
    elapsed time = 00:02:06, memory = 3949.46 (MB).
    Completing 90% with 37416 violations.
    elapsed time = 00:02:29, memory = 4029.51 (MB).
    Completing 100% with 31492 violations.
    elapsed time = 00:02:50, memory = 3772.41 (MB).
[INFO DRT-0199]   Number of violations = 31498.
Viol/Layer        mcon   met1    via   met2   met3   met4
Cut Spacing         13      0      3      0      0      0
Metal Spacing        0   2193      0   2424     65      1
Min Hole             0      4      0      0      0      0
Recheck              0      5      0      1      0      0
Short                0  19115      8   7482    168     16
[INFO DRT-0267] cpu time = 00:29:38, elapsed time = 00:02:50, memory = 3744.46 (MB), peak = 5328.23 (MB)
Total wire length = 1686516 um.
Total wire length on LAYER li1 = 0 um.
Total wire length on LAYER met1 = 571899 um.
Total wire length on LAYER met2 = 607411 um.
Total wire length on LAYER met3 = 297330 um.
Total wire length on LAYER met4 = 201556 um.
Total wire length on LAYER met5 = 8317 um.
Total number of vias = 220300.
Up-via summary (total 220300):

-------------------------
 FR_MASTERSLICE         0
            li1     73164
           met1    113599
           met2     24964
           met3      8345
           met4       228
-------------------------
               220300


[INFO DRT-0195] Start 2nd optimization iteration.
    Completing 10% with 31498 violations.
    elapsed time = 00:00:17, memory = 3921.73 (MB).
    Completing 20% with 31498 violations.
    elapsed time = 00:00:32, memory = 3960.56 (MB).
    Completing 30% with 31301 violations.
    elapsed time = 00:00:45, memory = 3905.15 (MB).
    Completing 40% with 31301 violations.
    elapsed time = 00:00:59, memory = 3944.46 (MB).
    Completing 50% with 31301 violations.
    elapsed time = 00:01:16, memory = 3746.45 (MB).
    Completing 60% with 30773 violations.
    elapsed time = 00:01:33, memory = 3907.93 (MB).
    Completing 70% with 30773 violations.
    elapsed time = 00:01:46, memory = 3965.68 (MB).
    Completing 80% with 30519 violations.
    elapsed time = 00:02:00, memory = 3896.84 (MB).
    Completing 90% with 30519 violations.
    elapsed time = 00:02:16, memory = 3972.27 (MB).
    Completing 100% with 29923 violations.
    elapsed time = 00:02:28, memory = 3704.39 (MB).
[INFO DRT-0199]   Number of violations = 29923.
Viol/Layer        mcon   met1    via   met2   met3   met4
Cut Spacing          9      0      2      0      0      0
Metal Spacing        0   2203      0   2223     81      0
Min Hole             0      3      0      0      0      0
Short                0  18186      8   7046    146     16
[INFO DRT-0267] cpu time = 00:26:58, elapsed time = 00:02:28, memory = 3711.99 (MB), peak = 5328.23 (MB)
Total wire length = 1685312 um.
Total wire length on LAYER li1 = 0 um.
Total wire length on LAYER met1 = 570538 um.
Total wire length on LAYER met2 = 606557 um.
Total wire length on LAYER met3 = 297940 um.
Total wire length on LAYER met4 = 201957 um.
Total wire length on LAYER met5 = 8317 um.
Total number of vias = 220024.
Up-via summary (total 220024):

-------------------------
 FR_MASTERSLICE         0
            li1     73157
           met1    113325
           met2     24970
           met3      8344
           met4       228
-------------------------
               220024


[INFO DRT-0195] Start 3rd optimization iteration.
    Completing 10% with 29923 violations.
    elapsed time = 00:00:41, memory = 3898.43 (MB).
    Completing 20% with 29923 violations.
    elapsed time = 00:01:16, memory = 3900.71 (MB).
    Completing 30% with 25182 violations.
    elapsed time = 00:02:01, memory = 3885.61 (MB).
    Completing 40% with 25182 violations.
    elapsed time = 00:02:42, memory = 3979.40 (MB).
    Completing 50% with 25182 violations.
    elapsed time = 00:03:34, memory = 3739.45 (MB).
    Completing 60% with 19899 violations.
    elapsed time = 00:04:26, memory = 3970.09 (MB).
    Completing 70% with 19899 violations.
    elapsed time = 00:05:01, memory = 3969.56 (MB).
    Completing 80% with 15553 violations.
    elapsed time = 00:05:43, memory = 3979.16 (MB).
    Completing 90% with 15553 violations.
    elapsed time = 00:06:26, memory = 3989.45 (MB).
    Completing 100% with 10760 violations.
    elapsed time = 00:07:07, memory = 3745.06 (MB).
[INFO DRT-0199]   Number of violations = 10760.
Viol/Layer        mcon   met1    via   met2   met3   met4
Cut Spacing         18      0     10      0      0      0
Metal Spacing        0   2040      0   1098    103      0
Min Hole             0      3      0      0      0      0
NS Metal             0      1      0      0      0      0
Short                0   5114      2   2273     94      4
[INFO DRT-0267] cpu time = 01:13:34, elapsed time = 00:07:08, memory = 3715.12 (MB), peak = 5328.23 (MB)
Total wire length = 1686442 um.
Total wire length on LAYER li1 = 0 um.
Total wire length on LAYER met1 = 531870 um.
Total wire length on LAYER met2 = 587455 um.
Total wire length on LAYER met3 = 335159 um.
Total wire length on LAYER met4 = 223661 um.
Total wire length on LAYER met5 = 8293 um.
Total number of vias = 229145.
Up-via summary (total 229145):

-------------------------
 FR_MASTERSLICE         0
            li1     73173
           met1    115190
           met2     30440
           met3     10120
           met4       222
-------------------------
               229145


[INFO DRT-0195] Start 4th optimization iteration.
    Completing 10% with 10760 violations.
    elapsed time = 00:00:10, memory = 3887.17 (MB).
    Completing 20% with 10760 violations.
    elapsed time = 00:00:30, memory = 3979.31 (MB).
    Completing 30% with 9365 violations.
    elapsed time = 00:01:01, memory = 3953.03 (MB).
    Completing 40% with 9365 violations.
    elapsed time = 00:01:22, memory = 3995.16 (MB).
    Completing 50% with 9365 violations.
    elapsed time = 00:01:47, memory = 3841.57 (MB).
    Completing 60% with 7538 violations.
    elapsed time = 00:02:05, memory = 4057.15 (MB).
    Completing 70% with 7538 violations.
    elapsed time = 00:02:19, memory = 4076.07 (MB).
    Completing 80% with 5833 violations.
    elapsed time = 00:02:45, memory = 4012.32 (MB).
    Completing 90% with 5833 violations.
    elapsed time = 00:03:08, memory = 4082.23 (MB).
    Completing 100% with 3794 violations.
    elapsed time = 00:03:34, memory = 3868.82 (MB).
[INFO DRT-0199]   Number of violations = 3794.
Viol/Layer        mcon   met1    via   met2   met3   met4
Cut Spacing         11      0      3      0      0      0
Metal Spacing        0    822      0    360     54      0
Min Hole             0      2      0      0      0      0
Short                0   1812      0    694     31      5
[INFO DRT-0267] cpu time = 00:32:25, elapsed time = 00:03:34, memory = 3816.14 (MB), peak = 5328.23 (MB)
Total wire length = 1685719 um.
Total wire length on LAYER li1 = 0 um.
Total wire length on LAYER met1 = 526708 um.
Total wire length on LAYER met2 = 583733 um.
Total wire length on LAYER met3 = 339587 um.
Total wire length on LAYER met4 = 227311 um.
Total wire length on LAYER met5 = 8377 um.
Total number of vias = 229461.
Up-via summary (total 229461):

-------------------------
 FR_MASTERSLICE         0
            li1     73179
           met1    114974
           met2     30708
           met3     10378
           met4       222
-------------------------
               229461


[INFO DRT-0195] Start 5th optimization iteration.
    Completing 10% with 3794 violations.
    elapsed time = 00:00:02, memory = 3957.71 (MB).
    Completing 20% with 3794 violations.
    elapsed time = 00:00:09, memory = 3993.50 (MB).
    Completing 30% with 3074 violations.
    elapsed time = 00:00:23, memory = 3838.13 (MB).
    Completing 40% with 3074 violations.
    elapsed time = 00:00:31, memory = 3960.03 (MB).
    Completing 50% with 3074 violations.
    elapsed time = 00:00:38, memory = 3930.44 (MB).
    Completing 60% with 2791 violations.
    elapsed time = 00:00:53, memory = 3928.14 (MB).
    Completing 70% with 2791 violations.
    elapsed time = 00:00:59, memory = 3990.67 (MB).
    Completing 80% with 2200 violations.
    elapsed time = 00:01:15, memory = 3943.75 (MB).
    Completing 90% with 2200 violations.
    elapsed time = 00:01:27, memory = 3995.00 (MB).
    Completing 100% with 1406 violations.
    elapsed time = 00:01:45, memory = 3811.32 (MB).
[INFO DRT-0199]   Number of violations = 1406.
Viol/Layer        mcon   met1    via   met2   met3
Cut Spacing          6      0      1      0      0
Metal Spacing        0    390      0    158      4
Min Hole             0      2      0      0      0
Short                0    628      0    212      5
[INFO DRT-0267] cpu time = 00:14:50, elapsed time = 00:01:46, memory = 3811.32 (MB), peak = 5328.23 (MB)
Total wire length = 1685341 um.
Total wire length on LAYER li1 = 0 um.
Total wire length on LAYER met1 = 525298 um.
Total wire length on LAYER met2 = 582256 um.
Total wire length on LAYER met3 = 340703 um.
Total wire length on LAYER met4 = 228705 um.
Total wire length on LAYER met5 = 8377 um.
Total number of vias = 229457.
Up-via summary (total 229457):

-------------------------
 FR_MASTERSLICE         0
            li1     73181
           met1    114832
           met2     30763
           met3     10459
           met4       222
-------------------------
               229457


[INFO DRT-0195] Start 6th optimization iteration.
    Completing 10% with 1406 violations.
    elapsed time = 00:00:00, memory = 3811.32 (MB).
    Completing 20% with 1406 violations.
    elapsed time = 00:00:02, memory = 4001.59 (MB).
    Completing 30% with 1307 violations.
    elapsed time = 00:00:17, memory = 3811.84 (MB).
    Completing 40% with 1307 violations.
    elapsed time = 00:00:18, memory = 3958.63 (MB).
    Completing 50% with 1307 violations.
    elapsed time = 00:00:24, memory = 3996.84 (MB).
    Completing 60% with 1203 violations.
    elapsed time = 00:00:32, memory = 3822.84 (MB).
    Completing 70% with 1203 violations.
    elapsed time = 00:00:41, memory = 4020.04 (MB).
    Completing 80% with 913 violations.
    elapsed time = 00:00:54, memory = 3813.12 (MB).
    Completing 90% with 913 violations.
    elapsed time = 00:00:58, memory = 3957.59 (MB).
    Completing 100% with 757 violations.
    elapsed time = 00:01:22, memory = 3813.12 (MB).
[INFO DRT-0199]   Number of violations = 757.
Viol/Layer        mcon   met1   met2   met3
Cut Spacing          3      0      0      0
Metal Spacing        0    193     89      0
Short                0    301    165      6
[INFO DRT-0267] cpu time = 00:10:17, elapsed time = 00:01:22, memory = 3813.12 (MB), peak = 5328.23 (MB)
Total wire length = 1685128 um.
Total wire length on LAYER li1 = 0 um.
Total wire length on LAYER met1 = 524849 um.
Total wire length on LAYER met2 = 581971 um.
Total wire length on LAYER met3 = 340917 um.
Total wire length on LAYER met4 = 229012 um.
Total wire length on LAYER met5 = 8377 um.
Total number of vias = 229537.
Up-via summary (total 229537):

-------------------------
 FR_MASTERSLICE         0
            li1     73182
           met1    114860
           met2     30814
           met3     10459
           met4       222
-------------------------
               229537


[INFO DRT-0195] Start 7th optimization iteration.
    Completing 10% with 757 violations.
    elapsed time = 00:00:00, memory = 3813.12 (MB).
    Completing 20% with 757 violations.
    elapsed time = 00:00:00, memory = 3813.12 (MB).
    Completing 30% with 663 violations.
    elapsed time = 00:00:10, memory = 3813.38 (MB).
    Completing 40% with 663 violations.
    elapsed time = 00:00:10, memory = 3813.38 (MB).
    Completing 50% with 663 violations.
    elapsed time = 00:00:12, memory = 4013.86 (MB).
    Completing 60% with 637 violations.
    elapsed time = 00:00:21, memory = 3813.38 (MB).
    Completing 70% with 637 violations.
    elapsed time = 00:00:28, memory = 4000.76 (MB).
    Completing 80% with 426 violations.
    elapsed time = 00:00:47, memory = 3856.39 (MB).
    Completing 90% with 426 violations.
    elapsed time = 00:00:49, memory = 4010.26 (MB).
    Completing 100% with 363 violations.
    elapsed time = 00:01:19, memory = 3813.39 (MB).
[INFO DRT-0199]   Number of violations = 363.
Viol/Layer        mcon   met1   met2   met3
Cut Spacing          3      0      0      0
Metal Spacing        0    100     34      0
Short                0    170     55      1
[INFO DRT-0267] cpu time = 00:06:49, elapsed time = 00:01:19, memory = 3813.39 (MB), peak = 5328.23 (MB)
Total wire length = 1685012 um.
Total wire length on LAYER li1 = 0 um.
Total wire length on LAYER met1 = 524687 um.
Total wire length on LAYER met2 = 581721 um.
Total wire length on LAYER met3 = 341008 um.
Total wire length on LAYER met4 = 229217 um.
Total wire length on LAYER met5 = 8377 um.
Total number of vias = 229546.
Up-via summary (total 229546):

-------------------------
 FR_MASTERSLICE         0
            li1     73177
           met1    114863
           met2     30809
           met3     10475
           met4       222
-------------------------
               229546


[INFO DRT-0195] Start 8th optimization iteration.
    Completing 10% with 363 violations.
    elapsed time = 00:00:00, memory = 3813.39 (MB).
    Completing 20% with 363 violations.
    elapsed time = 00:00:00, memory = 3813.39 (MB).
    Completing 30% with 329 violations.
    elapsed time = 00:00:16, memory = 3813.39 (MB).
    Completing 40% with 329 violations.
    elapsed time = 00:00:16, memory = 3813.39 (MB).
    Completing 50% with 329 violations.
    elapsed time = 00:00:38, memory = 3813.39 (MB).
    Completing 60% with 287 violations.
    elapsed time = 00:00:38, memory = 3820.16 (MB).
    Completing 70% with 287 violations.
    elapsed time = 00:00:41, memory = 4229.58 (MB).
    Completing 80% with 210 violations.
    elapsed time = 00:01:06, memory = 3813.39 (MB).
    Completing 90% with 210 violations.
    elapsed time = 00:01:06, memory = 3813.39 (MB).
    Completing 100% with 208 violations.
    elapsed time = 00:01:21, memory = 3813.39 (MB).
[INFO DRT-0199]   Number of violations = 208.
Viol/Layer        mcon   met1   met2   met3
Cut Spacing          2      0      0      0
Metal Spacing        0     70     17      3
Short                0     89     27      0
[INFO DRT-0267] cpu time = 00:06:13, elapsed time = 00:01:21, memory = 3813.39 (MB), peak = 5328.23 (MB)
Total wire length = 1684953 um.
Total wire length on LAYER li1 = 0 um.
Total wire length on LAYER met1 = 524547 um.
Total wire length on LAYER met2 = 581677 um.
Total wire length on LAYER met3 = 341070 um.
Total wire length on LAYER met4 = 229280 um.
Total wire length on LAYER met5 = 8377 um.
Total number of vias = 229552.
Up-via summary (total 229552):

-------------------------
 FR_MASTERSLICE         0
            li1     73175
           met1    114868
           met2     30815
           met3     10472
           met4       222
-------------------------
               229552


[INFO DRT-0195] Start 9th optimization iteration.
    Completing 10% with 208 violations.
    elapsed time = 00:00:00, memory = 3813.39 (MB).
    Completing 20% with 208 violations.
    elapsed time = 00:00:00, memory = 3813.39 (MB).
    Completing 30% with 194 violations.
    elapsed time = 00:00:12, memory = 3813.39 (MB).
    Completing 40% with 194 violations.
    elapsed time = 00:00:12, memory = 3813.39 (MB).
    Completing 50% with 194 violations.
    elapsed time = 00:00:54, memory = 3813.39 (MB).
    Completing 60% with 158 violations.
    elapsed time = 00:00:54, memory = 3813.39 (MB).
    Completing 70% with 158 violations.
    elapsed time = 00:00:59, memory = 4381.33 (MB).
    Completing 80% with 149 violations.
    elapsed time = 00:01:10, memory = 3813.39 (MB).
    Completing 90% with 149 violations.
    elapsed time = 00:01:10, memory = 3813.39 (MB).
    Completing 100% with 102 violations.
    elapsed time = 00:01:35, memory = 3813.39 (MB).
[INFO DRT-0199]   Number of violations = 102.
Viol/Layer        met1   met2
Metal Spacing       49      7
Short               37      9
[INFO DRT-0267] cpu time = 00:05:13, elapsed time = 00:01:35, memory = 3813.39 (MB), peak = 5328.23 (MB)
Total wire length = 1685058 um.
Total wire length on LAYER li1 = 0 um.
Total wire length on LAYER met1 = 524449 um.
Total wire length on LAYER met2 = 581576 um.
Total wire length on LAYER met3 = 341204 um.
Total wire length on LAYER met4 = 229451 um.
Total wire length on LAYER met5 = 8376 um.
Total number of vias = 229591.
Up-via summary (total 229591):

-------------------------
 FR_MASTERSLICE         0
            li1     73176
           met1    114880
           met2     30827
           met3     10486
           met4       222
-------------------------
               229591


[INFO DRT-0195] Start 10th optimization iteration.
    Completing 10% with 102 violations.
    elapsed time = 00:00:00, memory = 3813.39 (MB).
    Completing 20% with 102 violations.
    elapsed time = 00:00:07, memory = 4424.84 (MB).
    Completing 30% with 90 violations.
    elapsed time = 00:00:51, memory = 3813.39 (MB).
    Completing 40% with 90 violations.
    elapsed time = 00:00:51, memory = 3813.39 (MB).
    Completing 50% with 90 violations.
    elapsed time = 00:01:03, memory = 3813.39 (MB).
    Completing 60% with 78 violations.
    elapsed time = 00:01:03, memory = 3813.39 (MB).
    Completing 70% with 78 violations.
    elapsed time = 00:01:11, memory = 4319.12 (MB).
    Completing 80% with 68 violations.
    elapsed time = 00:01:21, memory = 3813.39 (MB).
    Completing 90% with 68 violations.
    elapsed time = 00:01:21, memory = 3813.39 (MB).
    Completing 100% with 40 violations.
    elapsed time = 00:01:29, memory = 3813.39 (MB).
[INFO DRT-0199]   Number of violations = 40.
Viol/Layer        met1   met2
Metal Spacing       23      4
Short               12      1
[INFO DRT-0267] cpu time = 00:03:34, elapsed time = 00:01:29, memory = 3813.39 (MB), peak = 5328.23 (MB)
Total wire length = 1685080 um.
Total wire length on LAYER li1 = 0 um.
Total wire length on LAYER met1 = 524467 um.
Total wire length on LAYER met2 = 581513 um.
Total wire length on LAYER met3 = 341235 um.
Total wire length on LAYER met4 = 229534 um.
Total wire length on LAYER met5 = 8329 um.
Total number of vias = 229633.
Up-via summary (total 229633):

-------------------------
 FR_MASTERSLICE         0
            li1     73177
           met1    114890
           met2     30854
           met3     10492
           met4       220
-------------------------
               229633


[INFO DRT-0195] Start 11th guides tiles iteration.
    Completing 10% with 40 violations.
    elapsed time = 00:00:00, memory = 3813.39 (MB).
    Completing 20% with 40 violations.
    elapsed time = 00:00:00, memory = 3813.39 (MB).
    Completing 30% with 40 violations.
    elapsed time = 00:00:00, memory = 3813.39 (MB).
    Completing 40% with 40 violations.
    elapsed time = 00:00:02, memory = 3813.39 (MB).
    Completing 50% with 23 violations.
    elapsed time = 00:00:02, memory = 3813.39 (MB).
    Completing 60% with 23 violations.
    elapsed time = 00:00:02, memory = 3813.39 (MB).
    Completing 70% with 23 violations.
    elapsed time = 00:00:02, memory = 3813.39 (MB).
    Completing 80% with 23 violations.
    elapsed time = 00:00:02, memory = 3813.39 (MB).
    Completing 90% with 23 violations.
    elapsed time = 00:00:03, memory = 3813.39 (MB).
    Completing 100% with 6 violations.
    elapsed time = 00:00:03, memory = 3813.39 (MB).
[INFO DRT-0199]   Number of violations = 6.
Viol/Layer        met1
Metal Spacing        5
Short                1
[INFO DRT-0267] cpu time = 00:00:08, elapsed time = 00:00:03, memory = 3813.39 (MB), peak = 5328.23 (MB)
Total wire length = 1685071 um.
Total wire length on LAYER li1 = 0 um.
Total wire length on LAYER met1 = 524465 um.
Total wire length on LAYER met2 = 581508 um.
Total wire length on LAYER met3 = 341227 um.
Total wire length on LAYER met4 = 229540 um.
Total wire length on LAYER met5 = 8329 um.
Total number of vias = 229632.
Up-via summary (total 229632):

-------------------------
 FR_MASTERSLICE         0
            li1     73177
           met1    114887
           met2     30854
           met3     10494
           met4       220
-------------------------
               229632


[INFO DRT-0195] Start 12th guides tiles iteration.
    Completing 20% with 6 violations.
    elapsed time = 00:00:00, memory = 3813.39 (MB).
    Completing 50% with 6 violations.
    elapsed time = 00:00:00, memory = 3813.39 (MB).
    Completing 70% with 6 violations.
    elapsed time = 00:00:01, memory = 3813.39 (MB).
    Completing 100% with 5 violations.
    elapsed time = 00:00:01, memory = 3813.39 (MB).
[INFO DRT-0199]   Number of violations = 5.
Viol/Layer        met1
Metal Spacing        5
[INFO DRT-0267] cpu time = 00:00:02, elapsed time = 00:00:01, memory = 3813.39 (MB), peak = 5328.23 (MB)
Total wire length = 1685070 um.
Total wire length on LAYER li1 = 0 um.
Total wire length on LAYER met1 = 524466 um.
Total wire length on LAYER met2 = 581514 um.
Total wire length on LAYER met3 = 341219 um.
Total wire length on LAYER met4 = 229540 um.
Total wire length on LAYER met5 = 8329 um.
Total number of vias = 229641.
Up-via summary (total 229641):

-------------------------
 FR_MASTERSLICE         0
            li1     73177
           met1    114896
           met2     30854
           met3     10494
           met4       220
-------------------------
               229641


[INFO DRT-0195] Start 13th guides tiles iteration.
    Completing 30% with 5 violations.
    elapsed time = 00:00:00, memory = 3813.39 (MB).
    Completing 60% with 5 violations.
    elapsed time = 00:00:00, memory = 3813.39 (MB).
    Completing 100% with 5 violations.
    elapsed time = 00:00:01, memory = 3813.39 (MB).
[INFO DRT-0199]   Number of violations = 5.
Viol/Layer        met1
Metal Spacing        5
[INFO DRT-0267] cpu time = 00:00:02, elapsed time = 00:00:01, memory = 3813.39 (MB), peak = 5328.23 (MB)
Total wire length = 1685071 um.
Total wire length on LAYER li1 = 0 um.
Total wire length on LAYER met1 = 524470 um.
Total wire length on LAYER met2 = 581514 um.
Total wire length on LAYER met3 = 341217 um.
Total wire length on LAYER met4 = 229540 um.
Total wire length on LAYER met5 = 8329 um.
Total number of vias = 229641.
Up-via summary (total 229641):

-------------------------
 FR_MASTERSLICE         0
            li1     73177
           met1    114898
           met2     30852
           met3     10494
           met4       220
-------------------------
               229641


[INFO DRT-0195] Start 14th stubborn tiles iteration.
    Completing 10% with 5 violations.
    elapsed time = 00:00:07, memory = 4023.07 (MB).
    Completing 20% with 5 violations.
    elapsed time = 00:00:13, memory = 4071.26 (MB).
    Completing 30% with 5 violations.
    elapsed time = 00:00:22, memory = 4033.65 (MB).
    Completing 40% with 5 violations.
    elapsed time = 00:00:32, memory = 4100.84 (MB).
    Completing 50% with 5 violations.
    elapsed time = 00:00:40, memory = 4035.55 (MB).
    Completing 60% with 5 violations.
    elapsed time = 00:00:52, memory = 4299.32 (MB).
    Completing 70% with 5 violations.
    elapsed time = 00:01:04, memory = 4376.87 (MB).
    Completing 80% with 5 violations.
    elapsed time = 00:01:11, memory = 4396.40 (MB).
    Completing 90% with 5 violations.
    elapsed time = 00:01:25, memory = 4582.21 (MB).
    Completing 100% with 0 violations.
    elapsed time = 00:01:41, memory = 4247.34 (MB).
[INFO DRT-0199]   Number of violations = 0.
[INFO DRT-0267] cpu time = 00:18:05, elapsed time = 00:01:41, memory = 4247.34 (MB), peak = 5328.23 (MB)
Total wire length = 1685083 um.
Total wire length on LAYER li1 = 0 um.
Total wire length on LAYER met1 = 524455 um.
Total wire length on LAYER met2 = 581519 um.
Total wire length on LAYER met3 = 341240 um.
Total wire length on LAYER met4 = 229538 um.
Total wire length on LAYER met5 = 8329 um.
Total number of vias = 229641.
Up-via summary (total 229641):

-------------------------
 FR_MASTERSLICE         0
            li1     73177
           met1    114897
           met2     30855
           met3     10492
           met4       220
-------------------------
               229641


[INFO DRT-0198] Complete detail routing.
Total wire length = 1685083 um.
Total wire length on LAYER li1 = 0 um.
Total wire length on LAYER met1 = 524455 um.
Total wire length on LAYER met2 = 581519 um.
Total wire length on LAYER met3 = 341240 um.
Total wire length on LAYER met4 = 229538 um.
Total wire length on LAYER met5 = 8329 um.
Total number of vias = 229641.
Up-via summary (total 229641):

-------------------------
 FR_MASTERSLICE         0
            li1     73177
           met1    114897
           met2     30855
           met3     10492
           met4       220
-------------------------
               229641


[INFO DRT-0267] cpu time = 04:28:04, elapsed time = 00:30:25, memory = 4247.34 (MB), peak = 5328.23 (MB)

[INFO DRT-0180] Post processing.
[INFO DRT-0501] Runtime: 1820.20s
[INFO ANT-0002] Found 56 net violations.
[INFO ANT-0001] Found 64 pin violations.
[INFO GRT-0012] Found 56 antenna violations.
[WARNING GRT-0243] Unable to repair antennas on net with diodes.
[INFO DPL-0006] Core area: 449380.99 um^2
[INFO DPL-0007] Movable instances area: 0.00 um^2
[INFO DPL-0008] Fixed instances area within core: 235336.96 um^2
[INFO DPL-0009] Utilization: 52.4%
[INFO DPL-0005] Diamond search max displacement: +/- 500 sites horizontally, +/- 100 rows vertically.
[INFO DPL-1102] Legalizing using negotiation legalizer.
[INFO DPL-1103] Negotiation base search window: +/-20 sites horizontally, +/-5 rows vertically 
	Automatic search window extension enabled.
	Search window extendable up to the max displacement cap of +/-500 sites, +/-100 rows near walls.
[INFO DPL-1104] NegotiationLegalizer DRC penalty: 5.
[INFO DPL-0392] Negotiation cell height distribution (1 unique row-count(s)):
[INFO DPL-0393]   height 1 row(s): 26294 cells
[INFO DPL-0500] Runtime: 0.15s
[INFO GRT-0015] Inserted 66 diodes.
[WARNING DRT-0120] Large net net2369 has 190 pins which may impact routing performance. Consider optimization.
[WARNING DRT-0120] Large net net2350 has 188 pins which may impact routing performance. Consider optimization.
[WARNING DRT-0120] Large net net2347 has 176 pins which may impact routing performance. Consider optimization.
[WARNING DRT-0120] Large net net2250 has 115 pins which may impact routing performance. Consider optimization.
[WARNING DRT-0120] Large net net1926 has 113 pins which may impact routing performance. Consider optimization.
[WARNING DRT-0120] Large net net1905 has 121 pins which may impact routing performance. Consider optimization.
[WARNING DRT-0120] Large net net1900 has 122 pins which may impact routing performance. Consider optimization.
[WARNING DRT-0120] Large net net2337 has 173 pins which may impact routing performance. Consider optimization.
[WARNING DRT-0120] Large net net2342 has 187 pins which may impact routing performance. Consider optimization.
[WARNING DRT-0120] Large net net2340 has 193 pins which may impact routing performance. Consider optimization.
[WARNING DRT-0120] Large net net2276 has 110 pins which may impact routing performance. Consider optimization.
[WARNING DRT-0120] Large net net71 has 174 pins which may impact routing performance. Consider optimization.
[INFO DRT-0024]   Complete FR_MASTERSLICE.
[INFO DRT-0024]   Complete Fr_VIA.
[INFO DRT-0024]   Complete li1.
[INFO DRT-0024]   Complete mcon.
[INFO DRT-0024]   Complete met1.
[INFO DRT-0024]   Complete via.
[INFO DRT-0024]   Complete met2.
[INFO DRT-0024]   Complete via2.
[INFO DRT-0024]   Complete met3.
[INFO DRT-0024]   Complete via3.
[INFO DRT-0024]   Complete met4.
[INFO DRT-0024]   Complete via4.
[INFO DRT-0024]   Complete met5.
[INFO DRT-0165] Start pin access.
[INFO DRT-0076]   Complete 1000 pins.
[INFO DRT-0078]   Complete 1289 pins.
[INFO DRT-0079]   Complete 100 unique inst patterns.
[INFO DRT-0081]   Complete 167 unique inst patterns.
[INFO DRT-0082]   Complete 10000 groups.
[INFO DRT-0084]   Complete 14635 groups.
#scanned instances     = 26294
#unique  instances     = 167
#stdCellGenAp          = 5454
#stdCellValidPlanarAp  = 105
#stdCellValidViaAp     = 3759
#stdCellPinNoAp        = 0
#stdCellPinCnt         = 75479
#instTermValidViaApCnt = 0
#macroGenAp            = 0
#macroValidPlanarAp    = 0
#macroValidViaAp       = 0
#macroNoAp             = 0
[INFO DRT-0166] Complete pin access.
[INFO DRT-0267] cpu time = 00:07:47, elapsed time = 00:00:41, memory = 4284.66 (MB), peak = 5328.23 (MB)
[INFO DRT-0156] guideIn read 100000 guides.
[INFO DRT-0156] guideIn read 200000 guides.

[INFO DRT-0157] Number of guides:     223780

[INFO DRT-0169] Post process guides.
[INFO DRT-0176] GCELLGRID X 0 DO 97 STEP 6900 ;
[INFO DRT-0177] GCELLGRID Y 0 DO 97 STEP 6900 ;
[INFO DRT-0026]   Complete 100000 origin guides.
[INFO DRT-0026]   Complete 200000 origin guides.
[INFO DRT-0028]   Complete FR_MASTERSLICE.
[INFO DRT-0028]   Complete Fr_VIA.
[INFO DRT-0028]   Complete li1.
[INFO DRT-0028]   Complete mcon.
[INFO DRT-0028]   Complete met1.
[INFO DRT-0028]   Complete via.
[INFO DRT-0028]   Complete met2.
[INFO DRT-0028]   Complete via2.
[INFO DRT-0028]   Complete met3.
[INFO DRT-0028]   Complete via3.
[INFO DRT-0028]   Complete met4.
[INFO DRT-0028]   Complete via4.
[INFO DRT-0028]   Complete met5.
[INFO DRT-0178] Init guide query.
[INFO DRT-0035]   Complete FR_MASTERSLICE (guide).
[INFO DRT-0035]   Complete Fr_VIA (guide).
[INFO DRT-0035]   Complete li1 (guide).
[INFO DRT-0035]   Complete mcon (guide).
[INFO DRT-0035]   Complete met1 (guide).
[INFO DRT-0035]   Complete via (guide).
[INFO DRT-0035]   Complete met2 (guide).
[INFO DRT-0035]   Complete via2 (guide).
[INFO DRT-0035]   Complete met3 (guide).
[INFO DRT-0035]   Complete via3 (guide).
[INFO DRT-0035]   Complete met4 (guide).
[INFO DRT-0035]   Complete via4 (guide).
[INFO DRT-0035]   Complete met5 (guide).
[INFO DRT-0036] FR_MASTERSLICE guide region query size = 0.
[INFO DRT-0036] FR_VIA guide region query size = 0.
[INFO DRT-0036] li1 guide region query size = 62798.
[INFO DRT-0036] mcon guide region query size = 0.
[INFO DRT-0036] met1 guide region query size = 63118.
[INFO DRT-0036] via guide region query size = 0.
[INFO DRT-0036] met2 guide region query size = 36948.
[INFO DRT-0036] via2 guide region query size = 0.
[INFO DRT-0036] met3 guide region query size = 7071.
[INFO DRT-0036] via3 guide region query size = 0.
[INFO DRT-0036] met4 guide region query size = 3095.
[INFO DRT-0036] via4 guide region query size = 0.
[INFO DRT-0036] met5 guide region query size = 178.
[INFO DRT-0179] Init gr pin query.
[INFO DRT-0267] cpu time = 00:00:01, elapsed time = 00:00:00, memory = 4284.66 (MB), peak = 5328.23 (MB)
[INFO DRT-0245] skipped writing guide updates to database.
[INFO DRT-0181] Start track assignment.
[INFO DRT-0184] Done with 102841 vertical wires in 2 frboxes and 70367 horizontal wires in 2 frboxes.
[INFO DRT-0186] Done with 22842 vertical wires in 2 frboxes and 33016 horizontal wires in 2 frboxes.
[INFO DRT-0182] Complete track assignment.
[INFO DRT-0267] cpu time = 00:00:14, elapsed time = 00:00:07, memory = 4284.97 (MB), peak = 5328.23 (MB)
[INFO DRT-0187] Start routing data preparation.
[INFO DRT-0267] cpu time = 00:00:00, elapsed time = 00:00:00, memory = 4284.97 (MB), peak = 5328.23 (MB)
[INFO DRT-0194] Start detail routing.
[INFO DRT-0195] Start 0th optimization iteration.
    Completing 10% with 0 violations.
    elapsed time = 00:00:11, memory = 4402.33 (MB).
    Completing 20% with 0 violations.
    elapsed time = 00:00:21, memory = 4375.96 (MB).
    Completing 30% with 5319 violations.
    elapsed time = 00:00:31, memory = 4484.63 (MB).
    Completing 40% with 5319 violations.
    elapsed time = 00:00:41, memory = 4461.17 (MB).
    Completing 50% with 5319 violations.
    elapsed time = 00:00:51, memory = 4303.38 (MB).
    Completing 60% with 10147 violations.
    elapsed time = 00:01:03, memory = 4442.30 (MB).
    Completing 70% with 10147 violations.
    elapsed time = 00:01:09, memory = 4521.60 (MB).
    Completing 80% with 14907 violations.
    elapsed time = 00:01:23, memory = 4450.90 (MB).
    Completing 90% with 14907 violations.
    elapsed time = 00:01:31, memory = 4602.10 (MB).
    Completing 100% with 19376 violations.
    elapsed time = 00:01:38, memory = 4363.88 (MB).
[INFO DRT-0199]   Number of violations = 20467.
Viol/Layer         li1   mcon   met1    via   met2   met3   met4   met5
Cut Spacing          0      3      0      1      0      0      0      0
Metal Spacing        0      0   1145      0   1158     28      8      0
Min Hole             0      0      6      0      1      0      0      0
NS Metal             0      0      1      0      0      0      0      0
Recheck              2      0    625      0    425     22     16      1
Short                0      0  10209     10   6559    170     77      0
[INFO DRT-0267] cpu time = 00:17:19, elapsed time = 00:01:38, memory = 4363.88 (MB), peak = 5328.23 (MB)
Total wire length = 1689684 um.
Total wire length on LAYER li1 = 0 um.
Total wire length on LAYER met1 = 544534 um.
Total wire length on LAYER met2 = 593604 um.
Total wire length on LAYER met3 = 323019 um.
Total wire length on LAYER met4 = 220719 um.
Total wire length on LAYER met5 = 7807 um.
Total number of vias = 228659.
Up-via summary (total 228659):

-------------------------
 FR_MASTERSLICE         0
            li1     73270
           met1    115903
           met2     29305
           met3      9971
           met4       210
-------------------------
               228659


[INFO DRT-0195] Start 1st optimization iteration.
    Completing 10% with 20467 violations.
    elapsed time = 00:00:06, memory = 4523.07 (MB).
    Completing 20% with 20467 violations.
    elapsed time = 00:00:11, memory = 4562.32 (MB).
    Completing 30% with 18903 violations.
    elapsed time = 00:00:19, memory = 4513.15 (MB).
    Completing 40% with 18903 violations.
    elapsed time = 00:00:28, memory = 4510.84 (MB).
    Completing 50% with 18903 violations.
    elapsed time = 00:00:33, memory = 4529.83 (MB).
    Completing 60% with 17019 violations.
    elapsed time = 00:00:42, memory = 4547.65 (MB).
    Completing 70% with 17019 violations.
    elapsed time = 00:00:47, memory = 4558.00 (MB).
    Completing 80% with 15237 violations.
    elapsed time = 00:01:01, memory = 4564.00 (MB).
    Completing 90% with 15237 violations.
    elapsed time = 00:01:11, memory = 4516.49 (MB).
    Completing 100% with 13150 violations.
    elapsed time = 00:01:21, memory = 4366.40 (MB).
[INFO DRT-0199]   Number of violations = 13150.
Viol/Layer        mcon   met1    via   met2   met3   met4
Cut Spacing          2      0      0      0      0      0
Metal Spacing        0    923      0   1144     16      0
Min Hole             0      1      0      0      0      0
Short                0   7562      6   3424     53     19
[INFO DRT-0267] cpu time = 00:13:35, elapsed time = 00:01:21, memory = 4366.40 (MB), peak = 5328.23 (MB)
Total wire length = 1686767 um.
Total wire length on LAYER li1 = 0 um.
Total wire length on LAYER met1 = 542036 um.
Total wire length on LAYER met2 = 591152 um.
Total wire length on LAYER met3 = 324299 um.
Total wire length on LAYER met4 = 221471 um.
Total wire length on LAYER met5 = 7807 um.
Total number of vias = 228187.
Up-via summary (total 228187):

-------------------------
 FR_MASTERSLICE         0
            li1     73272
           met1    115264
           met2     29428
           met3     10013
           met4       210
-------------------------
               228187


[INFO DRT-0195] Start 2nd optimization iteration.
    Completing 10% with 13150 violations.
    elapsed time = 00:00:08, memory = 4446.59 (MB).
    Completing 20% with 13150 violations.
    elapsed time = 00:00:14, memory = 4563.64 (MB).
    Completing 30% with 12863 violations.
    elapsed time = 00:00:22, memory = 4475.92 (MB).
    Completing 40% with 12863 violations.
    elapsed time = 00:00:29, memory = 4546.75 (MB).
    Completing 50% with 12863 violations.
    elapsed time = 00:00:37, memory = 4366.40 (MB).
    Completing 60% with 12683 violations.
    elapsed time = 00:00:46, memory = 4508.29 (MB).
    Completing 70% with 12683 violations.
    elapsed time = 00:00:50, memory = 4551.95 (MB).
    Completing 80% with 12478 violations.
    elapsed time = 00:00:58, memory = 4561.91 (MB).
    Completing 90% with 12478 violations.
    elapsed time = 00:01:04, memory = 4601.81 (MB).
    Completing 100% with 12076 violations.
    elapsed time = 00:01:10, memory = 4366.40 (MB).
[INFO DRT-0199]   Number of violations = 12076.
Viol/Layer        met1    via   met2   met3   met4
Metal Spacing      841      0    936     16      0
Short             6974      5   3272     24      8
[INFO DRT-0267] cpu time = 00:12:03, elapsed time = 00:01:10, memory = 4366.40 (MB), peak = 5328.23 (MB)
Total wire length = 1686365 um.
Total wire length on LAYER li1 = 0 um.
Total wire length on LAYER met1 = 541210 um.
Total wire length on LAYER met2 = 590885 um.
Total wire length on LAYER met3 = 324790 um.
Total wire length on LAYER met4 = 221671 um.
Total wire length on LAYER met5 = 7807 um.
Total number of vias = 228146.
Up-via summary (total 228146):

-------------------------
 FR_MASTERSLICE         0
            li1     73273
           met1    115185
           met2     29461
           met3     10017
           met4       210
-------------------------
               228146


[INFO DRT-0195] Start 3rd optimization iteration.
    Completing 10% with 12076 violations.
    elapsed time = 00:00:18, memory = 4592.00 (MB).
    Completing 20% with 12076 violations.
    elapsed time = 00:00:38, memory = 4547.36 (MB).
    Completing 30% with 10057 violations.
    elapsed time = 00:01:07, memory = 4582.36 (MB).
    Completing 40% with 10057 violations.
    elapsed time = 00:01:27, memory = 4622.88 (MB).
    Completing 50% with 10057 violations.
    elapsed time = 00:01:50, memory = 4388.89 (MB).
    Completing 60% with 8398 violations.
    elapsed time = 00:02:17, memory = 4424.52 (MB).
    Completing 70% with 8398 violations.
    elapsed time = 00:02:43, memory = 4536.97 (MB).
    Completing 80% with 6491 violations.
    elapsed time = 00:03:10, memory = 4503.33 (MB).
    Completing 90% with 6491 violations.
    elapsed time = 00:03:33, memory = 4594.35 (MB).
    Completing 100% with 4659 violations.
    elapsed time = 00:03:52, memory = 4369.22 (MB).
[INFO DRT-0199]   Number of violations = 4659.
Viol/Layer        mcon   met1    via   met2   met3   met4
Cut Spacing          6      0      5      0      0      0
Metal Spacing        0    727      0    498     11      1
Short                0   2208      2   1184     16      1
[INFO DRT-0267] cpu time = 00:40:14, elapsed time = 00:03:52, memory = 4369.22 (MB), peak = 5328.23 (MB)
Total wire length = 1687630 um.
Total wire length on LAYER li1 = 0 um.
Total wire length on LAYER met1 = 528928 um.
Total wire length on LAYER met2 = 584069 um.
Total wire length on LAYER met3 = 337514 um.
Total wire length on LAYER met4 = 229328 um.
Total wire length on LAYER met5 = 7790 um.
Total number of vias = 231248.
Up-via summary (total 231248):

-------------------------
 FR_MASTERSLICE         0
            li1     73293
           met1    115801
           met2     31310
           met3     10636
           met4       208
-------------------------
               231248


[INFO DRT-0195] Start 4th optimization iteration.
    Completing 10% with 4659 violations.
    elapsed time = 00:00:04, memory = 4519.96 (MB).
    Completing 20% with 4659 violations.
    elapsed time = 00:00:14, memory = 4487.84 (MB).
    Completing 30% with 4009 violations.
    elapsed time = 00:00:39, memory = 4518.29 (MB).
    Completing 40% with 4009 violations.
    elapsed time = 00:00:51, memory = 4561.81 (MB).
    Completing 50% with 4009 violations.
    elapsed time = 00:01:09, memory = 4369.48 (MB).
    Completing 60% with 3231 violations.
    elapsed time = 00:01:15, memory = 4443.58 (MB).
    Completing 70% with 3231 violations.
    elapsed time = 00:01:24, memory = 4486.40 (MB).
    Completing 80% with 2567 violations.
    elapsed time = 00:01:40, memory = 4481.20 (MB).
    Completing 90% with 2567 violations.
    elapsed time = 00:01:51, memory = 4529.19 (MB).
    Completing 100% with 1527 violations.
    elapsed time = 00:02:05, memory = 4369.58 (MB).
[INFO DRT-0199]   Number of violations = 1527.
Viol/Layer        mcon   met1    via   met2   met3   met4
Cut Spacing          8      0      1      0      0      0
Metal Spacing        0    284      0    141      7      1
Short                0    790      1    279     15      0
[INFO DRT-0267] cpu time = 00:17:20, elapsed time = 00:02:05, memory = 4369.58 (MB), peak = 5328.23 (MB)
Total wire length = 1687217 um.
Total wire length on LAYER li1 = 0 um.
Total wire length on LAYER met1 = 526040 um.
Total wire length on LAYER met2 = 581495 um.
Total wire length on LAYER met3 = 340316 um.
Total wire length on LAYER met4 = 231586 um.
Total wire length on LAYER met5 = 7778 um.
Total number of vias = 231449.
Up-via summary (total 231449):

-------------------------
 FR_MASTERSLICE         0
            li1     73287
           met1    115560
           met2     31576
           met3     10820
           met4       206
-------------------------
               231449


[INFO DRT-0195] Start 5th optimization iteration.
    Completing 10% with 1527 violations.
    elapsed time = 00:00:00, memory = 4369.58 (MB).
    Completing 20% with 1527 violations.
    elapsed time = 00:00:02, memory = 4561.12 (MB).
    Completing 30% with 1382 violations.
    elapsed time = 00:00:11, memory = 4369.58 (MB).
    Completing 40% with 1382 violations.
    elapsed time = 00:00:13, memory = 4590.52 (MB).
    Completing 50% with 1382 violations.
    elapsed time = 00:00:17, memory = 4523.74 (MB).
    Completing 60% with 1062 violations.
    elapsed time = 00:00:42, memory = 4369.58 (MB).
    Completing 70% with 1062 violations.
    elapsed time = 00:00:43, memory = 4487.42 (MB).
    Completing 80% with 914 violations.
    elapsed time = 00:00:58, memory = 4369.58 (MB).
    Completing 90% with 914 violations.
    elapsed time = 00:01:03, memory = 4567.64 (MB).
    Completing 100% with 631 violations.
    elapsed time = 00:01:25, memory = 4369.58 (MB).
[INFO DRT-0199]   Number of violations = 631.
Viol/Layer        mcon   met1   met2   met4
Cut Spacing          3      0      0      0
Metal Spacing        0    142     85      1
Short                0    285    115      0
[INFO DRT-0267] cpu time = 00:08:13, elapsed time = 00:01:26, memory = 4369.58 (MB), peak = 5328.23 (MB)
Total wire length = 1686951 um.
Total wire length on LAYER li1 = 0 um.
Total wire length on LAYER met1 = 525394 um.
Total wire length on LAYER met2 = 581203 um.
Total wire length on LAYER met3 = 340597 um.
Total wire length on LAYER met4 = 231977 um.
Total wire length on LAYER met5 = 7778 um.
Total number of vias = 231489.
Up-via summary (total 231489):

-------------------------
 FR_MASTERSLICE         0
            li1     73276
           met1    115581
           met2     31601
           met3     10825
           met4       206
-------------------------
               231489


[INFO DRT-0195] Start 6th optimization iteration.
    Completing 10% with 631 violations.
    elapsed time = 00:00:00, memory = 4369.58 (MB).
    Completing 20% with 631 violations.
    elapsed time = 00:00:00, memory = 4369.58 (MB).
    Completing 30% with 603 violations.
    elapsed time = 00:00:14, memory = 4369.58 (MB).
    Completing 40% with 603 violations.
    elapsed time = 00:00:14, memory = 4369.58 (MB).
    Completing 50% with 603 violations.
    elapsed time = 00:00:15, memory = 4481.52 (MB).
    Completing 60% with 562 violations.
    elapsed time = 00:00:30, memory = 4369.58 (MB).
    Completing 70% with 562 violations.
    elapsed time = 00:00:30, memory = 4444.33 (MB).
    Completing 80% with 493 violations.
    elapsed time = 00:00:42, memory = 4369.58 (MB).
    Completing 90% with 493 violations.
    elapsed time = 00:00:42, memory = 4445.27 (MB).
    Completing 100% with 360 violations.
    elapsed time = 00:01:02, memory = 4369.58 (MB).
[INFO DRT-0199]   Number of violations = 360.
Viol/Layer        mcon   met1   met2
Cut Spacing          2      0      0
Metal Spacing        0     81     54
Short                0    172     51
[INFO DRT-0267] cpu time = 00:04:44, elapsed time = 00:01:02, memory = 4369.58 (MB), peak = 5328.23 (MB)
Total wire length = 1686882 um.
Total wire length on LAYER li1 = 0 um.
Total wire length on LAYER met1 = 525133 um.
Total wire length on LAYER met2 = 581037 um.
Total wire length on LAYER met3 = 340849 um.
Total wire length on LAYER met4 = 232083 um.
Total wire length on LAYER met5 = 7778 um.
Total number of vias = 231447.
Up-via summary (total 231447):

-------------------------
 FR_MASTERSLICE         0
            li1     73282
           met1    115523
           met2     31597
           met3     10839
           met4       206
-------------------------
               231447


[INFO DRT-0195] Start 7th optimization iteration.
    Completing 10% with 360 violations.
    elapsed time = 00:00:00, memory = 4369.58 (MB).
    Completing 20% with 360 violations.
    elapsed time = 00:00:00, memory = 4369.58 (MB).
    Completing 30% with 345 violations.
    elapsed time = 00:00:23, memory = 4369.58 (MB).
    Completing 40% with 345 violations.
    elapsed time = 00:00:23, memory = 4369.58 (MB).
    Completing 50% with 345 violations.
    elapsed time = 00:00:23, memory = 4369.58 (MB).
    Completing 60% with 299 violations.
    elapsed time = 00:00:38, memory = 4369.58 (MB).
    Completing 70% with 299 violations.
    elapsed time = 00:00:38, memory = 4369.58 (MB).
    Completing 80% with 276 violations.
    elapsed time = 00:00:44, memory = 4369.58 (MB).
    Completing 90% with 276 violations.
    elapsed time = 00:00:44, memory = 4369.58 (MB).
    Completing 100% with 201 violations.
    elapsed time = 00:00:53, memory = 4369.58 (MB).
[INFO DRT-0199]   Number of violations = 201.
Viol/Layer        mcon   met1   met2
Cut Spacing          1      0      0
Metal Spacing        0     61     22
Short                0     89     28
[INFO DRT-0267] cpu time = 00:02:56, elapsed time = 00:00:53, memory = 4369.58 (MB), peak = 5328.23 (MB)
Total wire length = 1686891 um.
Total wire length on LAYER li1 = 0 um.
Total wire length on LAYER met1 = 525029 um.
Total wire length on LAYER met2 = 581008 um.
Total wire length on LAYER met3 = 340933 um.
Total wire length on LAYER met4 = 232142 um.
Total wire length on LAYER met5 = 7778 um.
Total number of vias = 231462.
Up-via summary (total 231462):

-------------------------
 FR_MASTERSLICE         0
            li1     73286
           met1    115512
           met2     31619
           met3     10839
           met4       206
-------------------------
               231462


[INFO DRT-0195] Start 8th optimization iteration.
    Completing 10% with 201 violations.
    elapsed time = 00:00:00, memory = 4369.58 (MB).
    Completing 20% with 201 violations.
    elapsed time = 00:00:00, memory = 4369.58 (MB).
    Completing 30% with 176 violations.
    elapsed time = 00:00:09, memory = 4369.58 (MB).
    Completing 40% with 176 violations.
    elapsed time = 00:00:09, memory = 4369.58 (MB).
    Completing 50% with 176 violations.
    elapsed time = 00:00:49, memory = 4369.58 (MB).
    Completing 60% with 167 violations.
    elapsed time = 00:00:49, memory = 4369.58 (MB).
    Completing 70% with 167 violations.
    elapsed time = 00:00:49, memory = 4369.58 (MB).
    Completing 80% with 133 violations.
    elapsed time = 00:01:03, memory = 4369.58 (MB).
    Completing 90% with 133 violations.
    elapsed time = 00:01:03, memory = 4369.58 (MB).
    Completing 100% with 119 violations.
    elapsed time = 00:01:16, memory = 4369.58 (MB).
[INFO DRT-0199]   Number of violations = 119.
Viol/Layer        mcon   met1   met2
Cut Spacing          1      0      0
Metal Spacing        0     29      9
Short                0     67     13
[INFO DRT-0267] cpu time = 00:02:09, elapsed time = 00:01:16, memory = 4369.58 (MB), peak = 5328.23 (MB)
Total wire length = 1686842 um.
Total wire length on LAYER li1 = 0 um.
Total wire length on LAYER met1 = 525039 um.
Total wire length on LAYER met2 = 580894 um.
Total wire length on LAYER met3 = 340918 um.
Total wire length on LAYER met4 = 232211 um.
Total wire length on LAYER met5 = 7778 um.
Total number of vias = 231466.
Up-via summary (total 231466):

-------------------------
 FR_MASTERSLICE         0
            li1     73287
           met1    115532
           met2     31596
           met3     10845
           met4       206
-------------------------
               231466


[INFO DRT-0195] Start 9th optimization iteration.
    Completing 10% with 119 violations.
    elapsed time = 00:00:00, memory = 4369.58 (MB).
    Completing 20% with 119 violations.
    elapsed time = 00:00:00, memory = 4369.58 (MB).
    Completing 30% with 118 violations.
    elapsed time = 00:00:02, memory = 4369.58 (MB).
    Completing 40% with 118 violations.
    elapsed time = 00:00:02, memory = 4369.58 (MB).
    Completing 50% with 118 violations.
    elapsed time = 00:00:46, memory = 4369.58 (MB).
    Completing 60% with 94 violations.
    elapsed time = 00:00:46, memory = 4369.58 (MB).
    Completing 70% with 94 violations.
    elapsed time = 00:00:46, memory = 4369.58 (MB).
    Completing 80% with 94 violations.
    elapsed time = 00:00:48, memory = 4369.58 (MB).
    Completing 90% with 94 violations.
    elapsed time = 00:00:48, memory = 4369.58 (MB).
    Completing 100% with 68 violations.
    elapsed time = 00:01:10, memory = 4369.58 (MB).
[INFO DRT-0199]   Number of violations = 68.
Viol/Layer        mcon   met1   met2
Cut Spacing          1      0      0
Metal Spacing        0     24     11
Short                0     27      5
[INFO DRT-0267] cpu time = 00:02:05, elapsed time = 00:01:10, memory = 4369.58 (MB), peak = 5328.23 (MB)
Total wire length = 1686706 um.
Total wire length on LAYER li1 = 0 um.
Total wire length on LAYER met1 = 525054 um.
Total wire length on LAYER met2 = 580747 um.
Total wire length on LAYER met3 = 340843 um.
Total wire length on LAYER met4 = 232282 um.
Total wire length on LAYER met5 = 7778 um.
Total number of vias = 231427.
Up-via summary (total 231427):

-------------------------
 FR_MASTERSLICE         0
            li1     73285
           met1    115517
           met2     31581
           met3     10838
           met4       206
-------------------------
               231427


[INFO DRT-0195] Start 10th guides tiles iteration.
    Completing 10% with 68 violations.
    elapsed time = 00:00:00, memory = 4369.58 (MB).
    Completing 20% with 68 violations.
    elapsed time = 00:00:00, memory = 4369.58 (MB).
    Completing 30% with 68 violations.
    elapsed time = 00:00:00, memory = 4369.58 (MB).
    Completing 40% with 68 violations.
    elapsed time = 00:00:00, memory = 4369.58 (MB).
    Completing 50% with 68 violations.
    elapsed time = 00:00:09, memory = 4369.58 (MB).
    Completing 60% with 24 violations.
    elapsed time = 00:00:09, memory = 4369.58 (MB).
    Completing 70% with 24 violations.
    elapsed time = 00:00:09, memory = 4498.91 (MB).
    Completing 80% with 7 violations.
    elapsed time = 00:00:13, memory = 4369.58 (MB).
    Completing 90% with 7 violations.
    elapsed time = 00:00:13, memory = 4369.58 (MB).
    Completing 100% with 3 violations.
    elapsed time = 00:00:13, memory = 4369.58 (MB).
[INFO DRT-0199]   Number of violations = 3.
Viol/Layer        met1
Metal Spacing        2
Short                1
[INFO DRT-0267] cpu time = 00:00:19, elapsed time = 00:00:14, memory = 4369.58 (MB), peak = 5328.23 (MB)
Total wire length = 1686691 um.
Total wire length on LAYER li1 = 0 um.
Total wire length on LAYER met1 = 524823 um.
Total wire length on LAYER met2 = 580678 um.
Total wire length on LAYER met3 = 340714 um.
Total wire length on LAYER met4 = 232339 um.
Total wire length on LAYER met5 = 8135 um.
Total number of vias = 231408.
Up-via summary (total 231408):

-------------------------
 FR_MASTERSLICE         0
            li1     73285
           met1    115490
           met2     31572
           met3     10851
           met4       210
-------------------------
               231408


[INFO DRT-0195] Start 11th guides tiles iteration.
    Completing 20% with 3 violations.
    elapsed time = 00:00:00, memory = 4369.58 (MB).
    Completing 40% with 3 violations.
    elapsed time = 00:00:00, memory = 4369.58 (MB).
    Completing 60% with 3 violations.
    elapsed time = 00:00:00, memory = 4369.58 (MB).
    Completing 80% with 3 violations.
    elapsed time = 00:00:00, memory = 4369.58 (MB).
    Completing 100% with 3 violations.
    elapsed time = 00:00:00, memory = 4369.58 (MB).
[INFO DRT-0199]   Number of violations = 3.
Viol/Layer        met1
Metal Spacing        2
Short                1
[INFO DRT-0267] cpu time = 00:00:01, elapsed time = 00:00:00, memory = 4369.58 (MB), peak = 5328.23 (MB)
Total wire length = 1686691 um.
Total wire length on LAYER li1 = 0 um.
Total wire length on LAYER met1 = 524827 um.
Total wire length on LAYER met2 = 580679 um.
Total wire length on LAYER met3 = 340711 um.
Total wire length on LAYER met4 = 232339 um.
Total wire length on LAYER met5 = 8135 um.
Total number of vias = 231407.
Up-via summary (total 231407):

-------------------------
 FR_MASTERSLICE         0
            li1     73285
           met1    115491
           met2     31570
           met3     10851
           met4       210
-------------------------
               231407


[INFO DRT-0195] Start 12th stubborn tiles iteration.
    Completing 10% with 3 violations.
    elapsed time = 00:00:02, memory = 4474.24 (MB).
    Completing 20% with 3 violations.
    elapsed time = 00:00:06, memory = 4438.40 (MB).
    Completing 30% with 3 violations.
    elapsed time = 00:00:13, memory = 4448.91 (MB).
    Completing 40% with 3 violations.
    elapsed time = 00:00:17, memory = 4504.69 (MB).
    Completing 50% with 3 violations.
    elapsed time = 00:00:21, memory = 4532.25 (MB).
    Completing 60% with 3 violations.
    elapsed time = 00:00:27, memory = 4580.35 (MB).
    Completing 70% with 1 violations.
    elapsed time = 00:00:42, memory = 4571.08 (MB).
    Completing 80% with 1 violations.
    elapsed time = 00:00:47, memory = 4604.52 (MB).
    Completing 90% with 1 violations.
    elapsed time = 00:00:50, memory = 4641.36 (MB).
    Completing 100% with 0 violations.
    elapsed time = 00:01:16, memory = 4426.04 (MB).
[INFO DRT-0199]   Number of violations = 0.
[INFO DRT-0267] cpu time = 00:09:36, elapsed time = 00:01:16, memory = 4426.04 (MB), peak = 5328.23 (MB)
Total wire length = 1686722 um.
Total wire length on LAYER li1 = 0 um.
Total wire length on LAYER met1 = 524836 um.
Total wire length on LAYER met2 = 580669 um.
Total wire length on LAYER met3 = 340720 um.
Total wire length on LAYER met4 = 232361 um.
Total wire length on LAYER met5 = 8135 um.
Total number of vias = 231422.
Up-via summary (total 231422):

-------------------------
 FR_MASTERSLICE         0
            li1     73285
           met1    115498
           met2     31578
           met3     10851
           met4       210
-------------------------
               231422


[INFO DRT-0198] Complete detail routing.
Total wire length = 1686722 um.
Total wire length on LAYER li1 = 0 um.
Total wire length on LAYER met1 = 524836 um.
Total wire length on LAYER met2 = 580669 um.
Total wire length on LAYER met3 = 340720 um.
Total wire length on LAYER met4 = 232361 um.
Total wire length on LAYER met5 = 8135 um.
Total number of vias = 231422.
Up-via summary (total 231422):

-------------------------
 FR_MASTERSLICE         0
            li1     73285
           met1    115498
           met2     31578
           met3     10851
           met4       210
-------------------------
               231422


[INFO DRT-0267] cpu time = 02:10:42, elapsed time = 00:17:30, memory = 4426.04 (MB), peak = 5328.23 (MB)

[INFO DRT-0180] Post processing.
[INFO DRT-0501] Runtime: 1069.05s
[INFO ANT-0002] Found 35 net violations.
[INFO ANT-0001] Found 38 pin violations.
[INFO GRT-0012] Found 35 antenna violations.
[INFO DPL-0006] Core area: 449380.99 um^2
[INFO DPL-0007] Movable instances area: 0.00 um^2
[INFO DPL-0008] Fixed instances area within core: 235432.05 um^2
[INFO DPL-0009] Utilization: 52.4%
[INFO DPL-0005] Diamond search max displacement: +/- 500 sites horizontally, +/- 100 rows vertically.
[INFO DPL-1102] Legalizing using negotiation legalizer.
[INFO DPL-1103] Negotiation base search window: +/-20 sites horizontally, +/-5 rows vertically 
	Automatic search window extension enabled.
	Search window extendable up to the max displacement cap of +/-500 sites, +/-100 rows near walls.
[INFO DPL-1104] NegotiationLegalizer DRC penalty: 5.
[INFO DPL-0392] Negotiation cell height distribution (1 unique row-count(s)):
[INFO DPL-0393]   height 1 row(s): 26332 cells
[INFO DPL-0500] Runtime: 0.18s
[INFO GRT-0015] Inserted 38 diodes.
[WARNING DRT-0120] Large net net2369 has 190 pins which may impact routing performance. Consider optimization.
[WARNING DRT-0120] Large net net2350 has 188 pins which may impact routing performance. Consider optimization.
[WARNING DRT-0120] Large net net2347 has 176 pins which may impact routing performance. Consider optimization.
[WARNING DRT-0120] Large net net2250 has 115 pins which may impact routing performance. Consider optimization.
[WARNING DRT-0120] Large net net1926 has 113 pins which may impact routing performance. Consider optimization.
[WARNING DRT-0120] Large net net1905 has 121 pins which may impact routing performance. Consider optimization.
[WARNING DRT-0120] Large net net1900 has 122 pins which may impact routing performance. Consider optimization.
[WARNING DRT-0120] Large net net2337 has 173 pins which may impact routing performance. Consider optimization.
[WARNING DRT-0120] Large net net2342 has 187 pins which may impact routing performance. Consider optimization.
[WARNING DRT-0120] Large net net2340 has 193 pins which may impact routing performance. Consider optimization.
[WARNING DRT-0120] Large net net2276 has 110 pins which may impact routing performance. Consider optimization.
[WARNING DRT-0120] Large net net71 has 174 pins which may impact routing performance. Consider optimization.
[INFO DRT-0024]   Complete FR_MASTERSLICE.
[INFO DRT-0024]   Complete Fr_VIA.
[INFO DRT-0024]   Complete li1.
[INFO DRT-0024]   Complete mcon.
[INFO DRT-0024]   Complete met1.
[INFO DRT-0024]   Complete via.
[INFO DRT-0024]   Complete met2.
[INFO DRT-0024]   Complete via2.
[INFO DRT-0024]   Complete met3.
[INFO DRT-0024]   Complete via3.
[INFO DRT-0024]   Complete met4.
[INFO DRT-0024]   Complete via4.
[INFO DRT-0024]   Complete met5.
[INFO DRT-0165] Start pin access.
[INFO DRT-0076]   Complete 1000 pins.
[INFO DRT-0078]   Complete 1289 pins.
[INFO DRT-0079]   Complete 100 unique inst patterns.
[INFO DRT-0081]   Complete 167 unique inst patterns.
[INFO DRT-0082]   Complete 10000 groups.
[INFO DRT-0084]   Complete 14636 groups.
#scanned instances     = 26332
#unique  instances     = 167
#stdCellGenAp          = 5454
#stdCellValidPlanarAp  = 105
#stdCellValidViaAp     = 3759
#stdCellPinNoAp        = 0
#stdCellPinCnt         = 75479
#instTermValidViaApCnt = 0
#macroGenAp            = 0
#macroValidPlanarAp    = 0
#macroValidViaAp       = 0
#macroNoAp             = 0
[INFO DRT-0166] Complete pin access.
[INFO DRT-0267] cpu time = 00:08:02, elapsed time = 00:00:43, memory = 4440.42 (MB), peak = 5328.23 (MB)
[INFO DRT-0156] guideIn read 100000 guides.
[INFO DRT-0156] guideIn read 200000 guides.

[INFO DRT-0157] Number of guides:     223012

[INFO DRT-0169] Post process guides.
[INFO DRT-0176] GCELLGRID X 0 DO 97 STEP 6900 ;
[INFO DRT-0177] GCELLGRID Y 0 DO 97 STEP 6900 ;
[INFO DRT-0026]   Complete 100000 origin guides.
[INFO DRT-0026]   Complete 200000 origin guides.
[INFO DRT-0028]   Complete FR_MASTERSLICE.
[INFO DRT-0028]   Complete Fr_VIA.
[INFO DRT-0028]   Complete li1.
[INFO DRT-0028]   Complete mcon.
[INFO DRT-0028]   Complete met1.
[INFO DRT-0028]   Complete via.
[INFO DRT-0028]   Complete met2.
[INFO DRT-0028]   Complete via2.
[INFO DRT-0028]   Complete met3.
[INFO DRT-0028]   Complete via3.
[INFO DRT-0028]   Complete met4.
[INFO DRT-0028]   Complete via4.
[INFO DRT-0028]   Complete met5.
[INFO DRT-0178] Init guide query.
[INFO DRT-0035]   Complete FR_MASTERSLICE (guide).
[INFO DRT-0035]   Complete Fr_VIA (guide).
[INFO DRT-0035]   Complete li1 (guide).
[INFO DRT-0035]   Complete mcon (guide).
[INFO DRT-0035]   Complete met1 (guide).
[INFO DRT-0035]   Complete via (guide).
[INFO DRT-0035]   Complete met2 (guide).
[INFO DRT-0035]   Complete via2 (guide).
[INFO DRT-0035]   Complete met3 (guide).
[INFO DRT-0035]   Complete via3 (guide).
[INFO DRT-0035]   Complete met4 (guide).
[INFO DRT-0035]   Complete via4 (guide).
[INFO DRT-0035]   Complete met5 (guide).
[INFO DRT-0036] FR_MASTERSLICE guide region query size = 0.
[INFO DRT-0036] FR_VIA guide region query size = 0.
[INFO DRT-0036] li1 guide region query size = 62810.
[INFO DRT-0036] mcon guide region query size = 0.
[INFO DRT-0036] met1 guide region query size = 63077.
[INFO DRT-0036] via guide region query size = 0.
[INFO DRT-0036] met2 guide region query size = 36793.
[INFO DRT-0036] via2 guide region query size = 0.
[INFO DRT-0036] met3 guide region query size = 6889.
[INFO DRT-0036] via3 guide region query size = 0.
[INFO DRT-0036] met4 guide region query size = 3025.
[INFO DRT-0036] via4 guide region query size = 0.
[INFO DRT-0036] met5 guide region query size = 173.
[INFO DRT-0179] Init gr pin query.
[INFO DRT-0267] cpu time = 00:00:01, elapsed time = 00:00:00, memory = 4440.42 (MB), peak = 5328.23 (MB)
[INFO DRT-0245] skipped writing guide updates to database.
[INFO DRT-0181] Start track assignment.
[INFO DRT-0184] Done with 102628 vertical wires in 2 frboxes and 70139 horizontal wires in 2 frboxes.
[INFO DRT-0186] Done with 22894 vertical wires in 2 frboxes and 33286 horizontal wires in 2 frboxes.
[INFO DRT-0182] Complete track assignment.
[INFO DRT-0267] cpu time = 00:00:14, elapsed time = 00:00:07, memory = 4440.42 (MB), peak = 5328.23 (MB)
[INFO DRT-0187] Start routing data preparation.
[INFO DRT-0267] cpu time = 00:00:00, elapsed time = 00:00:00, memory = 4440.42 (MB), peak = 5328.23 (MB)
[INFO DRT-0194] Start detail routing.
[INFO DRT-0195] Start 0th optimization iteration.
    Completing 10% with 0 violations.
    elapsed time = 00:00:10, memory = 4508.07 (MB).
    Completing 20% with 0 violations.
    elapsed time = 00:00:16, memory = 4508.07 (MB).
    Completing 30% with 3671 violations.
    elapsed time = 00:00:25, memory = 4591.46 (MB).
    Completing 40% with 3671 violations.
    elapsed time = 00:00:32, memory = 4562.76 (MB).
    Completing 50% with 3671 violations.
    elapsed time = 00:00:36, memory = 4440.45 (MB).
    Completing 60% with 7025 violations.
    elapsed time = 00:00:47, memory = 4478.08 (MB).
    Completing 70% with 7025 violations.
    elapsed time = 00:00:51, memory = 4548.88 (MB).
    Completing 80% with 10201 violations.
    elapsed time = 00:01:00, memory = 4555.49 (MB).
    Completing 90% with 10201 violations.
    elapsed time = 00:01:05, memory = 4562.96 (MB).
    Completing 100% with 13213 violations.
    elapsed time = 00:01:09, memory = 4440.45 (MB).
[INFO DRT-0199]   Number of violations = 13994.
Viol/Layer        met1    via   met2   met3   met4
Metal Spacing      732      0    908     47      7
Min Hole             8      0      0      0      0
NS Metal             1      0      0      0      0
Recheck            441      0    313     17     10
Short             6265     11   5064    133     37
[INFO DRT-0267] cpu time = 00:12:50, elapsed time = 00:01:09, memory = 4440.45 (MB), peak = 5328.23 (MB)
Total wire length = 1689719 um.
Total wire length on LAYER li1 = 0 um.
Total wire length on LAYER met1 = 535880 um.
Total wire length on LAYER met2 = 589759 um.
Total wire length on LAYER met3 = 329672 um.
Total wire length on LAYER met4 = 226466 um.
Total wire length on LAYER met5 = 7940 um.
Total number of vias = 230708.
Up-via summary (total 230708):

-------------------------
 FR_MASTERSLICE         0
            li1     73349
           met1    116058
           met2     30584
           met3     10509
           met4       208
-------------------------
               230708


[INFO DRT-0195] Start 1st optimization iteration.
    Completing 10% with 13994 violations.
    elapsed time = 00:00:06, memory = 4516.14 (MB).
    Completing 20% with 13994 violations.
    elapsed time = 00:00:11, memory = 4521.68 (MB).
    Completing 30% with 12673 violations.
    elapsed time = 00:00:16, memory = 4517.67 (MB).
    Completing 40% with 12673 violations.
    elapsed time = 00:00:23, memory = 4513.05 (MB).
    Completing 50% with 12673 violations.
    elapsed time = 00:00:26, memory = 4478.68 (MB).
    Completing 60% with 11357 violations.
    elapsed time = 00:00:35, memory = 4560.96 (MB).
    Completing 70% with 11357 violations.
    elapsed time = 00:00:39, memory = 4556.07 (MB).
    Completing 80% with 9595 violations.
    elapsed time = 00:00:45, memory = 4524.34 (MB).
    Completing 90% with 9595 violations.
    elapsed time = 00:00:53, memory = 4606.98 (MB).
    Completing 100% with 8061 violations.
    elapsed time = 00:00:58, memory = 4440.45 (MB).
[INFO DRT-0199]   Number of violations = 8061.
Viol/Layer        met1   met2   met3   met4
Metal Spacing      524    810     33      0
Short             3914   2679     89     12
[INFO DRT-0267] cpu time = 00:10:14, elapsed time = 00:00:58, memory = 4440.45 (MB), peak = 5328.23 (MB)
Total wire length = 1688224 um.
Total wire length on LAYER li1 = 0 um.
Total wire length on LAYER met1 = 534226 um.
Total wire length on LAYER met2 = 588299 um.
Total wire length on LAYER met3 = 330662 um.
Total wire length on LAYER met4 = 227095 um.
Total wire length on LAYER met5 = 7940 um.
Total number of vias = 230577.
Up-via summary (total 230577):

-------------------------
 FR_MASTERSLICE         0
            li1     73350
           met1    115749
           met2     30704
           met3     10566
           met4       208
-------------------------
               230577


[INFO DRT-0195] Start 2nd optimization iteration.
    Completing 10% with 8061 violations.
    elapsed time = 00:00:08, memory = 4517.46 (MB).
    Completing 20% with 8061 violations.
    elapsed time = 00:00:11, memory = 4520.67 (MB).
    Completing 30% with 7916 violations.
    elapsed time = 00:00:18, memory = 4552.05 (MB).
    Completing 40% with 7916 violations.
    elapsed time = 00:00:23, memory = 4554.25 (MB).
    Completing 50% with 7916 violations.
    elapsed time = 00:00:27, memory = 4440.45 (MB).
    Completing 60% with 7812 violations.
    elapsed time = 00:00:34, memory = 4550.98 (MB).
    Completing 70% with 7812 violations.
    elapsed time = 00:00:37, memory = 4554.16 (MB).
    Completing 80% with 7748 violations.
    elapsed time = 00:00:43, memory = 4550.68 (MB).
    Completing 90% with 7748 violations.
    elapsed time = 00:00:47, memory = 4594.22 (MB).
    Completing 100% with 7718 violations.
    elapsed time = 00:00:50, memory = 4440.55 (MB).
[INFO DRT-0199]   Number of violations = 7718.
Viol/Layer        mcon   met1    via   met2   met3   met4
Cut Spacing          1      0      0      0      0      0
Metal Spacing        0    534      0    816     45      2
Short                0   3719      1   2501     89     10
[INFO DRT-0267] cpu time = 00:09:12, elapsed time = 00:00:50, memory = 4440.55 (MB), peak = 5328.23 (MB)
Total wire length = 1687886 um.
Total wire length on LAYER li1 = 0 um.
Total wire length on LAYER met1 = 533763 um.
Total wire length on LAYER met2 = 588023 um.
Total wire length on LAYER met3 = 330854 um.
Total wire length on LAYER met4 = 227304 um.
Total wire length on LAYER met5 = 7940 um.
Total number of vias = 230474.
Up-via summary (total 230474):

-------------------------
 FR_MASTERSLICE         0
            li1     73344
           met1    115637
           met2     30712
           met3     10573
           met4       208
-------------------------
               230474


[INFO DRT-0195] Start 3rd optimization iteration.
    Completing 10% with 7718 violations.
    elapsed time = 00:00:21, memory = 4511.63 (MB).
    Completing 20% with 7718 violations.
    elapsed time = 00:00:33, memory = 4561.43 (MB).
    Completing 30% with 6614 violations.
    elapsed time = 00:01:10, memory = 4557.38 (MB).
    Completing 40% with 6614 violations.
    elapsed time = 00:01:36, memory = 4556.24 (MB).
    Completing 50% with 6614 violations.
    elapsed time = 00:01:53, memory = 4444.07 (MB).
    Completing 60% with 5526 violations.
    elapsed time = 00:02:18, memory = 4578.21 (MB).
    Completing 70% with 5526 violations.
    elapsed time = 00:02:31, memory = 4546.27 (MB).
    Completing 80% with 4539 violations.
    elapsed time = 00:02:51, memory = 4590.98 (MB).
    Completing 90% with 4539 violations.
    elapsed time = 00:03:06, memory = 4640.02 (MB).
    Completing 100% with 3181 violations.
    elapsed time = 00:03:31, memory = 4477.52 (MB).
[INFO DRT-0199]   Number of violations = 3181.
Viol/Layer        mcon   met1    via   met2   met3   met4
Cut Spacing          9      0      4      0      0      0
Metal Spacing        0    469      0    374     35      1
Short                0   1427      1    826     35      0
[INFO DRT-0267] cpu time = 00:33:43, elapsed time = 00:03:32, memory = 4477.52 (MB), peak = 5328.23 (MB)
Total wire length = 1688709 um.
Total wire length on LAYER li1 = 0 um.
Total wire length on LAYER met1 = 527155 um.
Total wire length on LAYER met2 = 582189 um.
Total wire length on LAYER met3 = 338108 um.
Total wire length on LAYER met4 = 233315 um.
Total wire length on LAYER met5 = 7939 um.
Total number of vias = 232581.
Up-via summary (total 232581):

-------------------------
 FR_MASTERSLICE         0
            li1     73345
           met1    116170
           met2     31820
           met3     11042
           met4       204
-------------------------
               232581


[INFO DRT-0195] Start 4th optimization iteration.
    Completing 10% with 3181 violations.
    elapsed time = 00:00:06, memory = 4623.47 (MB).
    Completing 20% with 3181 violations.
    elapsed time = 00:00:13, memory = 4623.47 (MB).
    Completing 30% with 2794 violations.
    elapsed time = 00:00:35, memory = 4559.43 (MB).
    Completing 40% with 2794 violations.
    elapsed time = 00:00:42, memory = 4594.00 (MB).
    Completing 50% with 2794 violations.
    elapsed time = 00:00:57, memory = 4477.54 (MB).
    Completing 60% with 2173 violations.
    elapsed time = 00:01:04, memory = 4582.32 (MB).
    Completing 70% with 2173 violations.
    elapsed time = 00:01:09, memory = 4587.01 (MB).
    Completing 80% with 1631 violations.
    elapsed time = 00:01:31, memory = 4628.42 (MB).
    Completing 90% with 1631 violations.
    elapsed time = 00:01:42, memory = 4595.73 (MB).
    Completing 100% with 1245 violations.
    elapsed time = 00:02:04, memory = 4477.54 (MB).
[INFO DRT-0199]   Number of violations = 1245.
Viol/Layer        mcon   met1   met2   met3
Cut Spacing          7      0      0      0
Metal Spacing        0    219    148     31
Short                0    512    311     17
[INFO DRT-0267] cpu time = 00:14:48, elapsed time = 00:02:05, memory = 4477.54 (MB), peak = 5328.23 (MB)
Total wire length = 1688816 um.
Total wire length on LAYER li1 = 0 um.
Total wire length on LAYER met1 = 526242 um.
Total wire length on LAYER met2 = 581106 um.
Total wire length on LAYER met3 = 339069 um.
Total wire length on LAYER met4 = 234457 um.
Total wire length on LAYER met5 = 7939 um.
Total number of vias = 232818.
Up-via summary (total 232818):

-------------------------
 FR_MASTERSLICE         0
            li1     73345
           met1    116192
           met2     31933
           met3     11144
           met4       204
-------------------------
               232818


[INFO DRT-0195] Start 5th optimization iteration.
    Completing 10% with 1245 violations.
    elapsed time = 00:00:00, memory = 4477.54 (MB).
    Completing 20% with 1245 violations.
    elapsed time = 00:00:01, memory = 4565.60 (MB).
    Completing 30% with 1038 violations.
    elapsed time = 00:00:26, memory = 4477.54 (MB).
    Completing 40% with 1038 violations.
    elapsed time = 00:00:26, memory = 4516.59 (MB).
    Completing 50% with 1038 violations.
    elapsed time = 00:00:29, memory = 4592.50 (MB).
    Completing 60% with 931 violations.
    elapsed time = 00:00:46, memory = 4524.00 (MB).
    Completing 70% with 931 violations.
    elapsed time = 00:00:49, memory = 4558.18 (MB).
    Completing 80% with 773 violations.
    elapsed time = 00:01:03, memory = 4477.54 (MB).
    Completing 90% with 773 violations.
    elapsed time = 00:01:05, memory = 4590.36 (MB).
    Completing 100% with 560 violations.
    elapsed time = 00:01:16, memory = 4477.54 (MB).
[INFO DRT-0199]   Number of violations = 560.
Viol/Layer        mcon   met1   met2   met3
Cut Spacing          3      0      0      0
Metal Spacing        0    140     88     13
Short                0    161    143     12
[INFO DRT-0267] cpu time = 00:06:02, elapsed time = 00:01:17, memory = 4477.54 (MB), peak = 5328.23 (MB)
Total wire length = 1688683 um.
Total wire length on LAYER li1 = 0 um.
Total wire length on LAYER met1 = 525814 um.
Total wire length on LAYER met2 = 580598 um.
Total wire length on LAYER met3 = 339292 um.
Total wire length on LAYER met4 = 235038 um.
Total wire length on LAYER met5 = 7939 um.
Total number of vias = 232835.
Up-via summary (total 232835):

-------------------------
 FR_MASTERSLICE         0
            li1     73345
           met1    116179
           met2     31934
           met3     11173
           met4       204
-------------------------
               232835


[INFO DRT-0195] Start 6th optimization iteration.
    Completing 10% with 560 violations.
    elapsed time = 00:00:00, memory = 4477.54 (MB).
    Completing 20% with 560 violations.
    elapsed time = 00:00:00, memory = 4477.54 (MB).
    Completing 30% with 505 violations.
    elapsed time = 00:00:15, memory = 4477.54 (MB).
    Completing 40% with 505 violations.
    elapsed time = 00:00:15, memory = 4477.54 (MB).
    Completing 50% with 505 violations.
    elapsed time = 00:00:15, memory = 4477.54 (MB).
    Completing 60% with 501 violations.
    elapsed time = 00:00:25, memory = 4477.54 (MB).
    Completing 70% with 501 violations.
    elapsed time = 00:00:25, memory = 4477.54 (MB).
    Completing 80% with 447 violations.
    elapsed time = 00:00:47, memory = 4477.54 (MB).
    Completing 90% with 447 violations.
    elapsed time = 00:00:47, memory = 4507.16 (MB).
    Completing 100% with 396 violations.
    elapsed time = 00:00:57, memory = 4477.54 (MB).
[INFO DRT-0199]   Number of violations = 396.
Viol/Layer        mcon   met1   met2   met3
Cut Spacing          2      0      0      0
Metal Spacing        0     85     47     19
Short                0    134     91     18
[INFO DRT-0267] cpu time = 00:03:27, elapsed time = 00:00:58, memory = 4477.54 (MB), peak = 5328.23 (MB)
Total wire length = 1688631 um.
Total wire length on LAYER li1 = 0 um.
Total wire length on LAYER met1 = 525498 um.
Total wire length on LAYER met2 = 580406 um.
Total wire length on LAYER met3 = 339504 um.
Total wire length on LAYER met4 = 235245 um.
Total wire length on LAYER met5 = 7975 um.
Total number of vias = 232861.
Up-via summary (total 232861):

-------------------------
 FR_MASTERSLICE         0
            li1     73349
           met1    116159
           met2     31952
           met3     11195
           met4       206
-------------------------
               232861


[INFO DRT-0195] Start 7th optimization iteration.
    Completing 10% with 396 violations.
    elapsed time = 00:00:00, memory = 4477.54 (MB).
    Completing 20% with 396 violations.
    elapsed time = 00:00:00, memory = 4477.54 (MB).
    Completing 30% with 299 violations.
    elapsed time = 00:00:09, memory = 4477.54 (MB).
    Completing 40% with 299 violations.
    elapsed time = 00:00:09, memory = 4477.54 (MB).
    Completing 50% with 299 violations.
    elapsed time = 00:00:09, memory = 4477.54 (MB).
    Completing 60% with 279 violations.
    elapsed time = 00:00:18, memory = 4477.54 (MB).
    Completing 70% with 279 violations.
    elapsed time = 00:00:18, memory = 4477.54 (MB).
    Completing 80% with 156 violations.
    elapsed time = 00:00:33, memory = 4477.54 (MB).
    Completing 90% with 156 violations.
    elapsed time = 00:00:33, memory = 4477.54 (MB).
    Completing 100% with 145 violations.
    elapsed time = 00:00:36, memory = 4477.54 (MB).
[INFO DRT-0199]   Number of violations = 145.
Viol/Layer        met1   met2   met3
Metal Spacing       47     17      0
Short               48     31      2
[INFO DRT-0267] cpu time = 00:01:59, elapsed time = 00:00:37, memory = 4477.54 (MB), peak = 5328.23 (MB)
Total wire length = 1688491 um.
Total wire length on LAYER li1 = 0 um.
Total wire length on LAYER met1 = 525390 um.
Total wire length on LAYER met2 = 580339 um.
Total wire length on LAYER met3 = 339499 um.
Total wire length on LAYER met4 = 235285 um.
Total wire length on LAYER met5 = 7975 um.
Total number of vias = 232821.
Up-via summary (total 232821):

-------------------------
 FR_MASTERSLICE         0
            li1     73352
           met1    116166
           met2     31922
           met3     11175
           met4       206
-------------------------
               232821


[INFO DRT-0195] Start 8th optimization iteration.
    Completing 10% with 145 violations.
    elapsed time = 00:00:00, memory = 4477.54 (MB).
    Completing 20% with 145 violations.
    elapsed time = 00:00:00, memory = 4477.54 (MB).
    Completing 30% with 145 violations.
    elapsed time = 00:00:06, memory = 4477.54 (MB).
    Completing 40% with 145 violations.
    elapsed time = 00:00:06, memory = 4477.54 (MB).
    Completing 50% with 145 violations.
    elapsed time = 00:00:10, memory = 4477.54 (MB).
    Completing 60% with 145 violations.
    elapsed time = 00:00:10, memory = 4477.54 (MB).
    Completing 70% with 145 violations.
    elapsed time = 00:00:10, memory = 4477.54 (MB).
    Completing 80% with 128 violations.
    elapsed time = 00:00:28, memory = 4477.54 (MB).
    Completing 90% with 128 violations.
    elapsed time = 00:00:28, memory = 4477.54 (MB).
    Completing 100% with 106 violations.
    elapsed time = 00:00:43, memory = 4477.54 (MB).
[INFO DRT-0199]   Number of violations = 106.
Viol/Layer        met1   met2
Metal Spacing       35      5
Short               55     11
[INFO DRT-0267] cpu time = 00:01:20, elapsed time = 00:00:43, memory = 4477.54 (MB), peak = 5328.23 (MB)
Total wire length = 1688514 um.
Total wire length on LAYER li1 = 0 um.
Total wire length on LAYER met1 = 525332 um.
Total wire length on LAYER met2 = 580325 um.
Total wire length on LAYER met3 = 339570 um.
Total wire length on LAYER met4 = 235309 um.
Total wire length on LAYER met5 = 7975 um.
Total number of vias = 232828.
Up-via summary (total 232828):

-------------------------
 FR_MASTERSLICE         0
            li1     73353
           met1    116182
           met2     31923
           met3     11164
           met4       206
-------------------------
               232828


[INFO DRT-0195] Start 9th optimization iteration.
    Completing 10% with 106 violations.
    elapsed time = 00:00:00, memory = 4477.54 (MB).
    Completing 20% with 106 violations.
    elapsed time = 00:00:00, memory = 4477.54 (MB).
    Completing 30% with 104 violations.
    elapsed time = 00:00:04, memory = 4477.54 (MB).
    Completing 40% with 104 violations.
    elapsed time = 00:00:04, memory = 4477.54 (MB).
    Completing 50% with 104 violations.
    elapsed time = 00:00:27, memory = 4477.54 (MB).
    Completing 60% with 58 violations.
    elapsed time = 00:00:27, memory = 4477.54 (MB).
    Completing 70% with 58 violations.
    elapsed time = 00:00:27, memory = 4477.54 (MB).
    Completing 80% with 43 violations.
    elapsed time = 00:00:29, memory = 4477.54 (MB).
    Completing 90% with 43 violations.
    elapsed time = 00:00:29, memory = 4477.54 (MB).
    Completing 100% with 22 violations.
    elapsed time = 00:00:56, memory = 4477.54 (MB).
[INFO DRT-0199]   Number of violations = 22.
Viol/Layer        mcon   met1   met2
Cut Spacing          1      0      0
Metal Spacing        0      4      3
Short                0     14      0
[INFO DRT-0267] cpu time = 00:01:26, elapsed time = 00:00:57, memory = 4477.54 (MB), peak = 5328.23 (MB)
Total wire length = 1688503 um.
Total wire length on LAYER li1 = 0 um.
Total wire length on LAYER met1 = 525241 um.
Total wire length on LAYER met2 = 580264 um.
Total wire length on LAYER met3 = 339671 um.
Total wire length on LAYER met4 = 235350 um.
Total wire length on LAYER met5 = 7975 um.
Total number of vias = 232819.
Up-via summary (total 232819):

-------------------------
 FR_MASTERSLICE         0
            li1     73351
           met1    116171
           met2     31926
           met3     11165
           met4       206
-------------------------
               232819


[INFO DRT-0195] Start 10th guides tiles iteration.
    Completing 10% with 22 violations.
    elapsed time = 00:00:00, memory = 4477.54 (MB).
    Completing 20% with 22 violations.
    elapsed time = 00:00:00, memory = 4477.54 (MB).
    Completing 30% with 22 violations.
    elapsed time = 00:00:00, memory = 4477.54 (MB).
    Completing 50% with 22 violations.
    elapsed time = 00:00:00, memory = 4477.54 (MB).
    Completing 60% with 0 violations.
    elapsed time = 00:00:00, memory = 4477.54 (MB).
    Completing 70% with 0 violations.
    elapsed time = 00:00:00, memory = 4477.54 (MB).
    Completing 80% with 0 violations.
    elapsed time = 00:00:00, memory = 4477.54 (MB).
    Completing 100% with 0 violations.
    elapsed time = 00:00:00, memory = 4477.54 (MB).
[INFO DRT-0199]   Number of violations = 0.
[INFO DRT-0267] cpu time = 00:00:01, elapsed time = 00:00:00, memory = 4477.54 (MB), peak = 5328.23 (MB)
Total wire length = 1688501 um.
Total wire length on LAYER li1 = 0 um.
Total wire length on LAYER met1 = 525238 um.
Total wire length on LAYER met2 = 580264 um.
Total wire length on LAYER met3 = 339672 um.
Total wire length on LAYER met4 = 235350 um.
Total wire length on LAYER met5 = 7975 um.
Total number of vias = 232817.
Up-via summary (total 232817):

-------------------------
 FR_MASTERSLICE         0
            li1     73351
           met1    116167
           met2     31928
           met3     11165
           met4       206
-------------------------
               232817


[INFO DRT-0198] Complete detail routing.
Total wire length = 1688501 um.
Total wire length on LAYER li1 = 0 um.
Total wire length on LAYER met1 = 525238 um.
Total wire length on LAYER met2 = 580264 um.
Total wire length on LAYER met3 = 339672 um.
Total wire length on LAYER met4 = 235350 um.
Total wire length on LAYER met5 = 7975 um.
Total number of vias = 232817.
Up-via summary (total 232817):

-------------------------
 FR_MASTERSLICE         0
            li1     73351
           met1    116167
           met2     31928
           met3     11165
           met4       206
-------------------------
               232817


[INFO DRT-0267] cpu time = 01:35:07, elapsed time = 00:13:10, memory = 4477.54 (MB), peak = 5328.23 (MB)

[INFO DRT-0180] Post processing.
[INFO DRT-0501] Runtime: 819.86s
[INFO ANT-0002] Found 17 net violations.
[INFO ANT-0001] Found 26 pin violations.
[INFO GRT-0012] Found 17 antenna violations.
[INFO DPL-0006] Core area: 449380.99 um^2
[INFO DPL-0007] Movable instances area: 0.00 um^2
[INFO DPL-0008] Fixed instances area within core: 235497.11 um^2
[INFO DPL-0009] Utilization: 52.4%
[INFO DPL-0005] Diamond search max displacement: +/- 500 sites horizontally, +/- 100 rows vertically.
[INFO DPL-1102] Legalizing using negotiation legalizer.
[INFO DPL-1103] Negotiation base search window: +/-20 sites horizontally, +/-5 rows vertically 
	Automatic search window extension enabled.
	Search window extendable up to the max displacement cap of +/-500 sites, +/-100 rows near walls.
[INFO DPL-1104] NegotiationLegalizer DRC penalty: 5.
[INFO DPL-0392] Negotiation cell height distribution (1 unique row-count(s)):
[INFO DPL-0393]   height 1 row(s): 26358 cells
[INFO DPL-0500] Runtime: 0.20s
[INFO GRT-0015] Inserted 26 diodes.
[WARNING DRT-0120] Large net net2369 has 190 pins which may impact routing performance. Consider optimization.
[WARNING DRT-0120] Large net net2350 has 188 pins which may impact routing performance. Consider optimization.
[WARNING DRT-0120] Large net net2347 has 176 pins which may impact routing performance. Consider optimization.
[WARNING DRT-0120] Large net net2250 has 115 pins which may impact routing performance. Consider optimization.
[WARNING DRT-0120] Large net net1926 has 113 pins which may impact routing performance. Consider optimization.
[WARNING DRT-0120] Large net net1905 has 121 pins which may impact routing performance. Consider optimization.
[WARNING DRT-0120] Large net net1900 has 122 pins which may impact routing performance. Consider optimization.
[WARNING DRT-0120] Large net net2337 has 173 pins which may impact routing performance. Consider optimization.
[WARNING DRT-0120] Large net net2342 has 187 pins which may impact routing performance. Consider optimization.
[WARNING DRT-0120] Large net net2340 has 193 pins which may impact routing performance. Consider optimization.
[WARNING DRT-0120] Large net net2276 has 110 pins which may impact routing performance. Consider optimization.
[WARNING DRT-0120] Large net net71 has 174 pins which may impact routing performance. Consider optimization.
[INFO DRT-0024]   Complete FR_MASTERSLICE.
[INFO DRT-0024]   Complete Fr_VIA.
[INFO DRT-0024]   Complete li1.
[INFO DRT-0024]   Complete mcon.
[INFO DRT-0024]   Complete met1.
[INFO DRT-0024]   Complete via.
[INFO DRT-0024]   Complete met2.
[INFO DRT-0024]   Complete via2.
[INFO DRT-0024]   Complete met3.
[INFO DRT-0024]   Complete via3.
[INFO DRT-0024]   Complete met4.
[INFO DRT-0024]   Complete via4.
[INFO DRT-0024]   Complete met5.
[INFO DRT-0165] Start pin access.
[INFO DRT-0076]   Complete 1000 pins.
[INFO DRT-0078]   Complete 1289 pins.
[INFO DRT-0079]   Complete 100 unique inst patterns.
[INFO DRT-0081]   Complete 167 unique inst patterns.
[INFO DRT-0082]   Complete 10000 groups.
[INFO DRT-0084]   Complete 14633 groups.
#scanned instances     = 26358
#unique  instances     = 167
#stdCellGenAp          = 5454
#stdCellValidPlanarAp  = 105
#stdCellValidViaAp     = 3759
#stdCellPinNoAp        = 0
#stdCellPinCnt         = 75479
#instTermValidViaApCnt = 0
#macroGenAp            = 0
#macroValidPlanarAp    = 0
#macroValidViaAp       = 0
#macroNoAp             = 0
[INFO DRT-0166] Complete pin access.
[INFO DRT-0267] cpu time = 00:07:43, elapsed time = 00:00:41, memory = 4477.51 (MB), peak = 5328.23 (MB)
[INFO DRT-0156] guideIn read 100000 guides.
[INFO DRT-0156] guideIn read 200000 guides.

[INFO DRT-0157] Number of guides:     222780

[INFO DRT-0169] Post process guides.
[INFO DRT-0176] GCELLGRID X 0 DO 97 STEP 6900 ;
[INFO DRT-0177] GCELLGRID Y 0 DO 97 STEP 6900 ;
[INFO DRT-0026]   Complete 100000 origin guides.
[INFO DRT-0026]   Complete 200000 origin guides.
[INFO DRT-0028]   Complete FR_MASTERSLICE.
[INFO DRT-0028]   Complete Fr_VIA.
[INFO DRT-0028]   Complete li1.
[INFO DRT-0028]   Complete mcon.
[INFO DRT-0028]   Complete met1.
[INFO DRT-0028]   Complete via.
[INFO DRT-0028]   Complete met2.
[INFO DRT-0028]   Complete via2.
[INFO DRT-0028]   Complete met3.
[INFO DRT-0028]   Complete via3.
[INFO DRT-0028]   Complete met4.
[INFO DRT-0028]   Complete via4.
[INFO DRT-0028]   Complete met5.
[INFO DRT-0178] Init guide query.
[INFO DRT-0035]   Complete FR_MASTERSLICE (guide).
[INFO DRT-0035]   Complete Fr_VIA (guide).
[INFO DRT-0035]   Complete li1 (guide).
[INFO DRT-0035]   Complete mcon (guide).
[INFO DRT-0035]   Complete met1 (guide).
[INFO DRT-0035]   Complete via (guide).
[INFO DRT-0035]   Complete met2 (guide).
[INFO DRT-0035]   Complete via2 (guide).
[INFO DRT-0035]   Complete met3 (guide).
[INFO DRT-0035]   Complete via3 (guide).
[INFO DRT-0035]   Complete met4 (guide).
[INFO DRT-0035]   Complete via4 (guide).
[INFO DRT-0035]   Complete met5 (guide).
[INFO DRT-0036] FR_MASTERSLICE guide region query size = 0.
[INFO DRT-0036] FR_VIA guide region query size = 0.
[INFO DRT-0036] li1 guide region query size = 62818.
[INFO DRT-0036] mcon guide region query size = 0.
[INFO DRT-0036] met1 guide region query size = 63074.
[INFO DRT-0036] via guide region query size = 0.
[INFO DRT-0036] met2 guide region query size = 36737.
[INFO DRT-0036] via2 guide region query size = 0.
[INFO DRT-0036] met3 guide region query size = 6822.
[INFO DRT-0036] via3 guide region query size = 0.
[INFO DRT-0036] met4 guide region query size = 2998.
[INFO DRT-0036] via4 guide region query size = 0.
[INFO DRT-0036] met5 guide region query size = 172.
[INFO DRT-0179] Init gr pin query.
[INFO DRT-0267] cpu time = 00:00:01, elapsed time = 00:00:00, memory = 4477.51 (MB), peak = 5328.23 (MB)
[INFO DRT-0245] skipped writing guide updates to database.
[INFO DRT-0181] Start track assignment.
[INFO DRT-0184] Done with 102553 vertical wires in 2 frboxes and 70068 horizontal wires in 2 frboxes.
[INFO DRT-0186] Done with 22830 vertical wires in 2 frboxes and 33327 horizontal wires in 2 frboxes.
[INFO DRT-0182] Complete track assignment.
[INFO DRT-0267] cpu time = 00:00:14, elapsed time = 00:00:07, memory = 4477.51 (MB), peak = 5328.23 (MB)
[INFO DRT-0187] Start routing data preparation.
[INFO DRT-0267] cpu time = 00:00:00, elapsed time = 00:00:00, memory = 4477.51 (MB), peak = 5328.23 (MB)
[INFO DRT-0194] Start detail routing.
[INFO DRT-0195] Start 0th optimization iteration.
    Completing 10% with 0 violations.
    elapsed time = 00:00:06, memory = 4554.20 (MB).
    Completing 20% with 0 violations.
    elapsed time = 00:00:10, memory = 4558.59 (MB).
    Completing 30% with 2207 violations.
    elapsed time = 00:00:18, memory = 4588.28 (MB).
    Completing 40% with 2207 violations.
    elapsed time = 00:00:24, memory = 4539.51 (MB).
    Completing 50% with 2207 violations.
    elapsed time = 00:00:30, memory = 4478.36 (MB).
    Completing 60% with 4280 violations.
    elapsed time = 00:00:36, memory = 4513.18 (MB).
    Completing 70% with 4280 violations.
    elapsed time = 00:00:40, memory = 4511.77 (MB).
    Completing 80% with 6134 violations.
    elapsed time = 00:00:46, memory = 4554.14 (MB).
    Completing 90% with 6134 violations.
    elapsed time = 00:00:51, memory = 4552.94 (MB).
    Completing 100% with 7815 violations.
    elapsed time = 00:00:57, memory = 4478.36 (MB).
[INFO DRT-0199]   Number of violations = 8387.
Viol/Layer        met1    via   met2   met3   met4
Metal Spacing      419      0    517     15      7
Min Hole             6      0      0      0      0
NS Metal             2      0      0      0      0
Recheck            321      0    232     13      6
Short             3893      6   2828     85     37
[INFO DRT-0267] cpu time = 00:09:42, elapsed time = 00:00:58, memory = 4478.36 (MB), peak = 5328.23 (MB)
Total wire length = 1690655 um.
Total wire length on LAYER li1 = 0 um.
Total wire length on LAYER met1 = 532908 um.
Total wire length on LAYER met2 = 584803 um.
Total wire length on LAYER met3 = 333048 um.
Total wire length on LAYER met4 = 231919 um.
Total wire length on LAYER met5 = 7975 um.
Total number of vias = 232509.
Up-via summary (total 232509):

-------------------------
 FR_MASTERSLICE         0
            li1     73391
           met1    116737
           met2     31266
           met3     10909
           met4       206
-------------------------
               232509


[INFO DRT-0195] Start 1st optimization iteration.
    Completing 10% with 8387 violations.
    elapsed time = 00:00:03, memory = 4478.36 (MB).
    Completing 20% with 8387 violations.
    elapsed time = 00:00:08, memory = 4556.03 (MB).
    Completing 30% with 7197 violations.
    elapsed time = 00:00:11, memory = 4593.50 (MB).
    Completing 40% with 7197 violations.
    elapsed time = 00:00:16, memory = 4547.10 (MB).
    Completing 50% with 7197 violations.
    elapsed time = 00:00:20, memory = 4563.97 (MB).
    Completing 60% with 6175 violations.
    elapsed time = 00:00:26, memory = 4517.81 (MB).
    Completing 70% with 6175 violations.
    elapsed time = 00:00:31, memory = 4550.85 (MB).
    Completing 80% with 5190 violations.
    elapsed time = 00:00:35, memory = 4596.68 (MB).
    Completing 90% with 5190 violations.
    elapsed time = 00:00:40, memory = 4596.80 (MB).
    Completing 100% with 4059 violations.
    elapsed time = 00:00:44, memory = 4478.36 (MB).
[INFO DRT-0199]   Number of violations = 4059.
Viol/Layer        met1    via   met2   met3   met4
Metal Spacing      313      0    406      2      0
Short             2183      2   1142      6      5
[INFO DRT-0267] cpu time = 00:07:40, elapsed time = 00:00:44, memory = 4478.36 (MB), peak = 5328.23 (MB)
Total wire length = 1689451 um.
Total wire length on LAYER li1 = 0 um.
Total wire length on LAYER met1 = 531776 um.
Total wire length on LAYER met2 = 583752 um.
Total wire length on LAYER met3 = 333604 um.
Total wire length on LAYER met4 = 232342 um.
Total wire length on LAYER met5 = 7975 um.
Total number of vias = 232290.
Up-via summary (total 232290):

-------------------------
 FR_MASTERSLICE         0
            li1     73385
           met1    116408
           met2     31338
           met3     10953
           met4       206
-------------------------
               232290


[INFO DRT-0195] Start 2nd optimization iteration.
    Completing 10% with 4059 violations.
    elapsed time = 00:00:04, memory = 4591.91 (MB).
    Completing 20% with 4059 violations.
    elapsed time = 00:00:07, memory = 4559.39 (MB).
    Completing 30% with 4040 violations.
    elapsed time = 00:00:12, memory = 4588.70 (MB).
    Completing 40% with 4040 violations.
    elapsed time = 00:00:17, memory = 4601.23 (MB).
    Completing 50% with 4040 violations.
    elapsed time = 00:00:22, memory = 4478.36 (MB).
    Completing 60% with 4037 violations.
    elapsed time = 00:00:27, memory = 4556.93 (MB).
    Completing 70% with 4037 violations.
    elapsed time = 00:00:30, memory = 4547.45 (MB).
    Completing 80% with 3928 violations.
    elapsed time = 00:00:35, memory = 4553.82 (MB).
    Completing 90% with 3928 violations.
    elapsed time = 00:00:38, memory = 4596.11 (MB).
    Completing 100% with 3988 violations.
    elapsed time = 00:00:41, memory = 4478.36 (MB).
[INFO DRT-0199]   Number of violations = 3988.
Viol/Layer        met1    via   met2   met3   met4
Metal Spacing      327      0    369      2      0
Min Hole             1      0      0      0      0
NS Metal             1      0      0      0      0
Short             2193      1   1081      7      6
[INFO DRT-0267] cpu time = 00:07:05, elapsed time = 00:00:41, memory = 4478.36 (MB), peak = 5328.23 (MB)
Total wire length = 1689278 um.
Total wire length on LAYER li1 = 0 um.
Total wire length on LAYER met1 = 531616 um.
Total wire length on LAYER met2 = 583456 um.
Total wire length on LAYER met3 = 333677 um.
Total wire length on LAYER met4 = 232550 um.
Total wire length on LAYER met5 = 7975 um.
Total number of vias = 232233.
Up-via summary (total 232233):

-------------------------
 FR_MASTERSLICE         0
            li1     73387
           met1    116356
           met2     31336
           met3     10948
           met4       206
-------------------------
               232233


[INFO DRT-0195] Start 3rd optimization iteration.
    Completing 10% with 3988 violations.
    elapsed time = 00:00:13, memory = 4512.73 (MB).
    Completing 20% with 3988 violations.
    elapsed time = 00:00:24, memory = 4590.84 (MB).
    Completing 30% with 3372 violations.
    elapsed time = 00:00:39, memory = 4555.52 (MB).
    Completing 40% with 3372 violations.
    elapsed time = 00:00:52, memory = 4663.86 (MB).
    Completing 50% with 3372 violations.
    elapsed time = 00:01:19, memory = 4500.77 (MB).
    Completing 60% with 2792 violations.
    elapsed time = 00:01:29, memory = 4538.22 (MB).
    Completing 70% with 2792 violations.
    elapsed time = 00:01:37, memory = 4576.66 (MB).
    Completing 80% with 2099 violations.
    elapsed time = 00:01:50, memory = 4611.38 (MB).
    Completing 90% with 2099 violations.
    elapsed time = 00:02:00, memory = 4541.03 (MB).
    Completing 100% with 1557 violations.
    elapsed time = 00:02:10, memory = 4500.77 (MB).
[INFO DRT-0199]   Number of violations = 1562.
Viol/Layer        mcon   met1    via   met2   met3
Cut Spacing          4      0      1      0      0
Metal Spacing        0    205      0    168     13
Recheck              0      4      0      1      0
Short                0    721      1    411     33
[INFO DRT-0267] cpu time = 00:19:55, elapsed time = 00:02:11, memory = 4500.77 (MB), peak = 5328.23 (MB)
Total wire length = 1689569 um.
Total wire length on LAYER li1 = 0 um.
Total wire length on LAYER met1 = 527415 um.
Total wire length on LAYER met2 = 581010 um.
Total wire length on LAYER met3 = 338136 um.
Total wire length on LAYER met4 = 234985 um.
Total wire length on LAYER met5 = 8021 um.
Total number of vias = 233192.
Up-via summary (total 233192):

-------------------------
 FR_MASTERSLICE         0
            li1     73389
           met1    116495
           met2     31958
           met3     11144
           met4       206
-------------------------
               233192


[INFO DRT-0195] Start 4th optimization iteration.
    Completing 10% with 1562 violations.
    elapsed time = 00:00:01, memory = 4613.94 (MB).
    Completing 20% with 1562 violations.
    elapsed time = 00:00:05, memory = 4577.20 (MB).
    Completing 30% with 1320 violations.
    elapsed time = 00:00:17, memory = 4500.77 (MB).
    Completing 40% with 1320 violations.
    elapsed time = 00:00:21, memory = 4622.24 (MB).
    Completing 50% with 1320 violations.
    elapsed time = 00:00:40, memory = 4500.89 (MB).
    Completing 60% with 995 violations.
    elapsed time = 00:00:41, memory = 4576.83 (MB).
    Completing 70% with 995 violations.
    elapsed time = 00:00:46, memory = 4578.01 (MB).
    Completing 80% with 858 violations.
    elapsed time = 00:01:05, memory = 4500.89 (MB).
    Completing 90% with 858 violations.
    elapsed time = 00:01:10, memory = 4660.68 (MB).
    Completing 100% with 642 violations.
    elapsed time = 00:01:37, memory = 4500.89 (MB).
[INFO DRT-0199]   Number of violations = 642.
Viol/Layer        mcon   met1   met2   met3
Cut Spacing          1      0      0      0
Metal Spacing        0    135     77      2
Short                0    264    146     17
[INFO DRT-0267] cpu time = 00:08:33, elapsed time = 00:01:38, memory = 4500.89 (MB), peak = 5328.23 (MB)
Total wire length = 1689352 um.
Total wire length on LAYER li1 = 0 um.
Total wire length on LAYER met1 = 526320 um.
Total wire length on LAYER met2 = 580119 um.
Total wire length on LAYER met3 = 339115 um.
Total wire length on LAYER met4 = 235734 um.
Total wire length on LAYER met5 = 8063 um.
Total number of vias = 233300.
Up-via summary (total 233300):

-------------------------
 FR_MASTERSLICE         0
            li1     73383
           met1    116417
           met2     32078
           met3     11216
           met4       206
-------------------------
               233300


[INFO DRT-0195] Start 5th optimization iteration.
    Completing 10% with 642 violations.
    elapsed time = 00:00:00, memory = 4500.89 (MB).
    Completing 20% with 642 violations.
    elapsed time = 00:00:00, memory = 4502.95 (MB).
    Completing 30% with 569 violations.
    elapsed time = 00:00:17, memory = 4500.89 (MB).
    Completing 40% with 569 violations.
    elapsed time = 00:00:17, memory = 4500.89 (MB).
    Completing 50% with 569 violations.
    elapsed time = 00:00:19, memory = 4500.89 (MB).
    Completing 60% with 512 violations.
    elapsed time = 00:00:31, memory = 4500.89 (MB).
    Completing 70% with 512 violations.
    elapsed time = 00:00:31, memory = 4552.72 (MB).
    Completing 80% with 432 violations.
    elapsed time = 00:00:46, memory = 4500.89 (MB).
    Completing 90% with 432 violations.
    elapsed time = 00:00:46, memory = 4536.91 (MB).
    Completing 100% with 374 violations.
    elapsed time = 00:00:59, memory = 4500.89 (MB).
[INFO DRT-0199]   Number of violations = 374.
Viol/Layer        mcon   met1   met2   met3
Cut Spacing          1      0      0      0
Metal Spacing        0     86     63      3
Short                0    157     62      2
[INFO DRT-0267] cpu time = 00:03:37, elapsed time = 00:00:59, memory = 4500.89 (MB), peak = 5328.23 (MB)
Total wire length = 1689311 um.
Total wire length on LAYER li1 = 0 um.
Total wire length on LAYER met1 = 526051 um.
Total wire length on LAYER met2 = 579990 um.
Total wire length on LAYER met3 = 339293 um.
Total wire length on LAYER met4 = 235913 um.
Total wire length on LAYER met5 = 8063 um.
Total number of vias = 233326.
Up-via summary (total 233326):

-------------------------
 FR_MASTERSLICE         0
            li1     73383
           met1    116440
           met2     32093
           met3     11204
           met4       206
-------------------------
               233326


[INFO DRT-0195] Start 6th optimization iteration.
    Completing 10% with 374 violations.
    elapsed time = 00:00:00, memory = 4500.89 (MB).
    Completing 20% with 374 violations.
    elapsed time = 00:00:00, memory = 4500.89 (MB).
    Completing 30% with 252 violations.
    elapsed time = 00:00:10, memory = 4500.89 (MB).
    Completing 40% with 252 violations.
    elapsed time = 00:00:10, memory = 4500.89 (MB).
    Completing 50% with 252 violations.
    elapsed time = 00:00:10, memory = 4500.89 (MB).
    Completing 60% with 241 violations.
    elapsed time = 00:00:15, memory = 4500.89 (MB).
    Completing 70% with 241 violations.
    elapsed time = 00:00:15, memory = 4500.89 (MB).
    Completing 80% with 226 violations.
    elapsed time = 00:00:29, memory = 4500.89 (MB).
    Completing 90% with 226 violations.
    elapsed time = 00:00:29, memory = 4500.89 (MB).
    Completing 100% with 168 violations.
    elapsed time = 00:00:35, memory = 4500.89 (MB).
[INFO DRT-0199]   Number of violations = 168.
Viol/Layer        met1    via   met2   met3
Metal Spacing       28      0     13      6
Short               87      1     24      9
[INFO DRT-0267] cpu time = 00:01:27, elapsed time = 00:00:35, memory = 4500.89 (MB), peak = 5328.23 (MB)
Total wire length = 1689234 um.
Total wire length on LAYER li1 = 0 um.
Total wire length on LAYER met1 = 525854 um.
Total wire length on LAYER met2 = 579888 um.
Total wire length on LAYER met3 = 339473 um.
Total wire length on LAYER met4 = 235954 um.
Total wire length on LAYER met5 = 8063 um.
Total number of vias = 233348.
Up-via summary (total 233348):

-------------------------
 FR_MASTERSLICE         0
            li1     73384
           met1    116448
           met2     32100
           met3     11210
           met4       206
-------------------------
               233348


[INFO DRT-0195] Start 7th optimization iteration.
    Completing 10% with 168 violations.
    elapsed time = 00:00:00, memory = 4500.89 (MB).
    Completing 20% with 168 violations.
    elapsed time = 00:00:00, memory = 4500.89 (MB).
    Completing 30% with 124 violations.
    elapsed time = 00:00:10, memory = 4500.89 (MB).
    Completing 40% with 124 violations.
    elapsed time = 00:00:10, memory = 4500.89 (MB).
    Completing 50% with 124 violations.
    elapsed time = 00:00:10, memory = 4500.89 (MB).
    Completing 60% with 117 violations.
    elapsed time = 00:00:10, memory = 4500.89 (MB).
    Completing 70% with 117 violations.
    elapsed time = 00:00:10, memory = 4500.89 (MB).
    Completing 80% with 67 violations.
    elapsed time = 00:00:21, memory = 4500.89 (MB).
    Completing 90% with 67 violations.
    elapsed time = 00:00:21, memory = 4500.89 (MB).
    Completing 100% with 67 violations.
    elapsed time = 00:00:24, memory = 4500.89 (MB).
[INFO DRT-0199]   Number of violations = 67.
Viol/Layer        met1   met2
Metal Spacing       27      5
Short               24     11
[INFO DRT-0267] cpu time = 00:00:41, elapsed time = 00:00:25, memory = 4500.89 (MB), peak = 5328.23 (MB)
Total wire length = 1689201 um.
Total wire length on LAYER li1 = 0 um.
Total wire length on LAYER met1 = 525729 um.
Total wire length on LAYER met2 = 579845 um.
Total wire length on LAYER met3 = 339577 um.
Total wire length on LAYER met4 = 235985 um.
Total wire length on LAYER met5 = 8063 um.
Total number of vias = 233352.
Up-via summary (total 233352):

-------------------------
 FR_MASTERSLICE         0
            li1     73385
           met1    116420
           met2     32121
           met3     11220
           met4       206
-------------------------
               233352


[INFO DRT-0195] Start 8th guides tiles iteration.
    Completing 10% with 67 violations.
    elapsed time = 00:00:00, memory = 4625.89 (MB).
    Completing 20% with 67 violations.
    elapsed time = 00:00:00, memory = 4625.89 (MB).
    Completing 30% with 67 violations.
    elapsed time = 00:00:33, memory = 4500.89 (MB).
    Completing 40% with 55 violations.
    elapsed time = 00:00:33, memory = 4500.89 (MB).
    Completing 50% with 55 violations.
    elapsed time = 00:00:33, memory = 4500.89 (MB).
    Completing 60% with 55 violations.
    elapsed time = 00:00:33, memory = 4500.89 (MB).
    Completing 70% with 55 violations.
    elapsed time = 00:00:33, memory = 4500.89 (MB).
    Completing 80% with 55 violations.
    elapsed time = 00:00:34, memory = 4500.89 (MB).
    Completing 90% with 48 violations.
    elapsed time = 00:00:34, memory = 4500.89 (MB).
    Completing 100% with 48 violations.
    elapsed time = 00:00:37, memory = 4500.89 (MB).
[INFO DRT-0199]   Number of violations = 48.
Viol/Layer        met1   met2
Metal Spacing       16      3
Short               18     11
[INFO DRT-0267] cpu time = 00:00:40, elapsed time = 00:00:37, memory = 4500.89 (MB), peak = 5328.23 (MB)
Total wire length = 1689193 um.
Total wire length on LAYER li1 = 0 um.
Total wire length on LAYER met1 = 525710 um.
Total wire length on LAYER met2 = 579838 um.
Total wire length on LAYER met3 = 339599 um.
Total wire length on LAYER met4 = 235981 um.
Total wire length on LAYER met5 = 8063 um.
Total number of vias = 233350.
Up-via summary (total 233350):

-------------------------
 FR_MASTERSLICE         0
            li1     73385
           met1    116418
           met2     32123
           met3     11218
           met4       206
-------------------------
               233350


[INFO DRT-0195] Start 9th guides tiles iteration.
    Completing 20% with 48 violations.
    elapsed time = 00:00:00, memory = 4500.89 (MB).
    Completing 40% with 48 violations.
    elapsed time = 00:00:01, memory = 4500.89 (MB).
    Completing 60% with 48 violations.
    elapsed time = 00:00:03, memory = 4500.89 (MB).
    Completing 80% with 46 violations.
    elapsed time = 00:00:03, memory = 4500.89 (MB).
    Completing 100% with 39 violations.
    elapsed time = 00:00:25, memory = 4500.89 (MB).
[INFO DRT-0199]   Number of violations = 39.
Viol/Layer        met1   met2
Metal Spacing       13      0
Short               23      3
[INFO DRT-0267] cpu time = 00:00:27, elapsed time = 00:00:25, memory = 4500.89 (MB), peak = 5328.23 (MB)
Total wire length = 1689186 um.
Total wire length on LAYER li1 = 0 um.
Total wire length on LAYER met1 = 525680 um.
Total wire length on LAYER met2 = 579838 um.
Total wire length on LAYER met3 = 339628 um.
Total wire length on LAYER met4 = 235975 um.
Total wire length on LAYER met5 = 8063 um.
Total number of vias = 233357.
Up-via summary (total 233357):

-------------------------
 FR_MASTERSLICE         0
            li1     73383
           met1    116419
           met2     32127
           met3     11222
           met4       206
-------------------------
               233357


[INFO DRT-0195] Start 10th guides tiles iteration.
    Completing 20% with 39 violations.
    elapsed time = 00:00:04, memory = 4500.89 (MB).
    Completing 50% with 26 violations.
    elapsed time = 00:00:04, memory = 4500.89 (MB).
    Completing 70% with 26 violations.
    elapsed time = 00:00:04, memory = 4500.89 (MB).
    Completing 100% with 15 violations.
    elapsed time = 00:00:04, memory = 4500.89 (MB).
[INFO DRT-0199]   Number of violations = 15.
Viol/Layer        met1   met2
Metal Spacing        5      1
Short                6      3
[INFO DRT-0267] cpu time = 00:00:06, elapsed time = 00:00:04, memory = 4500.89 (MB), peak = 5328.23 (MB)
Total wire length = 1689186 um.
Total wire length on LAYER li1 = 0 um.
Total wire length on LAYER met1 = 525680 um.
Total wire length on LAYER met2 = 579831 um.
Total wire length on LAYER met3 = 339631 um.
Total wire length on LAYER met4 = 235980 um.
Total wire length on LAYER met5 = 8063 um.
Total number of vias = 233364.
Up-via summary (total 233364):

-------------------------
 FR_MASTERSLICE         0
            li1     73383
           met1    116419
           met2     32134
           met3     11222
           met4       206
-------------------------
               233364


[INFO DRT-0195] Start 11th guides tiles iteration.
    Completing 50% with 15 violations.
    elapsed time = 00:00:01, memory = 4500.89 (MB).
    Completing 100% with 0 violations.
    elapsed time = 00:00:01, memory = 4500.89 (MB).
[INFO DRT-0199]   Number of violations = 0.
[INFO DRT-0267] cpu time = 00:00:02, elapsed time = 00:00:01, memory = 4500.89 (MB), peak = 5328.23 (MB)
Total wire length = 1689194 um.
Total wire length on LAYER li1 = 0 um.
Total wire length on LAYER met1 = 525680 um.
Total wire length on LAYER met2 = 579833 um.
Total wire length on LAYER met3 = 339637 um.
Total wire length on LAYER met4 = 235980 um.
Total wire length on LAYER met5 = 8063 um.
Total number of vias = 233377.
Up-via summary (total 233377):

-------------------------
 FR_MASTERSLICE         0
            li1     73384
           met1    116427
           met2     32138
           met3     11222
           met4       206
-------------------------
               233377


[INFO DRT-0198] Complete detail routing.
Total wire length = 1689194 um.
Total wire length on LAYER li1 = 0 um.
Total wire length on LAYER met1 = 525680 um.
Total wire length on LAYER met2 = 579833 um.
Total wire length on LAYER met3 = 339637 um.
Total wire length on LAYER met4 = 235980 um.
Total wire length on LAYER met5 = 8063 um.
Total number of vias = 233377.
Up-via summary (total 233377):

-------------------------
 FR_MASTERSLICE         0
            li1     73384
           met1    116427
           met2     32138
           met3     11222
           met4       206
-------------------------
               233377


[INFO DRT-0267] cpu time = 01:00:01, elapsed time = 00:09:25, memory = 4500.89 (MB), peak = 5328.23 (MB)

[INFO DRT-0180] Post processing.
[INFO DRT-0501] Runtime: 600.30s
[INFO ANT-0002] Found 8 net violations.
[INFO ANT-0001] Found 8 pin violations.
[INFO GRT-0012] Found 8 antenna violations.
[INFO DPL-0006] Core area: 449380.99 um^2
[INFO DPL-0007] Movable instances area: 0.00 um^2
[INFO DPL-0008] Fixed instances area within core: 235517.13 um^2
[INFO DPL-0009] Utilization: 52.4%
[INFO DPL-0005] Diamond search max displacement: +/- 500 sites horizontally, +/- 100 rows vertically.
[INFO DPL-1102] Legalizing using negotiation legalizer.
[INFO DPL-1103] Negotiation base search window: +/-20 sites horizontally, +/-5 rows vertically 
	Automatic search window extension enabled.
	Search window extendable up to the max displacement cap of +/-500 sites, +/-100 rows near walls.
[INFO DPL-1104] NegotiationLegalizer DRC penalty: 5.
[INFO DPL-0392] Negotiation cell height distribution (1 unique row-count(s)):
[INFO DPL-0393]   height 1 row(s): 26366 cells
[INFO DPL-0500] Runtime: 0.20s
[INFO GRT-0015] Inserted 8 diodes.
[WARNING DRT-0120] Large net net2369 has 190 pins which may impact routing performance. Consider optimization.
[WARNING DRT-0120] Large net net2350 has 188 pins which may impact routing performance. Consider optimization.
[WARNING DRT-0120] Large net net2347 has 176 pins which may impact routing performance. Consider optimization.
[WARNING DRT-0120] Large net net2250 has 115 pins which may impact routing performance. Consider optimization.
[WARNING DRT-0120] Large net net1926 has 113 pins which may impact routing performance. Consider optimization.
[WARNING DRT-0120] Large net net1905 has 121 pins which may impact routing performance. Consider optimization.
[WARNING DRT-0120] Large net net1900 has 122 pins which may impact routing performance. Consider optimization.
[WARNING DRT-0120] Large net net2337 has 173 pins which may impact routing performance. Consider optimization.
[WARNING DRT-0120] Large net net2342 has 187 pins which may impact routing performance. Consider optimization.
[WARNING DRT-0120] Large net net2340 has 193 pins which may impact routing performance. Consider optimization.
[WARNING DRT-0120] Large net net2276 has 110 pins which may impact routing performance. Consider optimization.
[WARNING DRT-0120] Large net net71 has 174 pins which may impact routing performance. Consider optimization.
[INFO DRT-0024]   Complete FR_MASTERSLICE.
[INFO DRT-0024]   Complete Fr_VIA.
[INFO DRT-0024]   Complete li1.
[INFO DRT-0024]   Complete mcon.
[INFO DRT-0024]   Complete met1.
[INFO DRT-0024]   Complete via.
[INFO DRT-0024]   Complete met2.
[INFO DRT-0024]   Complete via2.
[INFO DRT-0024]   Complete met3.
[INFO DRT-0024]   Complete via3.
[INFO DRT-0024]   Complete met4.
[INFO DRT-0024]   Complete via4.
[INFO DRT-0024]   Complete met5.
[INFO DRT-0165] Start pin access.
[INFO DRT-0076]   Complete 1000 pins.
[INFO DRT-0078]   Complete 1289 pins.
[INFO DRT-0079]   Complete 100 unique inst patterns.
[INFO DRT-0081]   Complete 167 unique inst patterns.
[INFO DRT-0082]   Complete 10000 groups.
[INFO DRT-0084]   Complete 14634 groups.
#scanned instances     = 26366
#unique  instances     = 167
#stdCellGenAp          = 5454
#stdCellValidPlanarAp  = 105
#stdCellValidViaAp     = 3759
#stdCellPinNoAp        = 0
#stdCellPinCnt         = 75479
#instTermValidViaApCnt = 0
#macroGenAp            = 0
#macroValidPlanarAp    = 0
#macroValidViaAp       = 0
#macroNoAp             = 0
[INFO DRT-0166] Complete pin access.
[INFO DRT-0267] cpu time = 00:07:41, elapsed time = 00:00:40, memory = 4323.61 (MB), peak = 5328.23 (MB)
[INFO DRT-0156] guideIn read 100000 guides.
[INFO DRT-0156] guideIn read 200000 guides.

[INFO DRT-0157] Number of guides:     222663

[INFO DRT-0169] Post process guides.
[INFO DRT-0176] GCELLGRID X 0 DO 97 STEP 6900 ;
[INFO DRT-0177] GCELLGRID Y 0 DO 97 STEP 6900 ;
[INFO DRT-0026]   Complete 100000 origin guides.
[INFO DRT-0026]   Complete 200000 origin guides.
[INFO DRT-0028]   Complete FR_MASTERSLICE.
[INFO DRT-0028]   Complete Fr_VIA.
[INFO DRT-0028]   Complete li1.
[INFO DRT-0028]   Complete mcon.
[INFO DRT-0028]   Complete met1.
[INFO DRT-0028]   Complete via.
[INFO DRT-0028]   Complete met2.
[INFO DRT-0028]   Complete via2.
[INFO DRT-0028]   Complete met3.
[INFO DRT-0028]   Complete via3.
[INFO DRT-0028]   Complete met4.
[INFO DRT-0028]   Complete via4.
[INFO DRT-0028]   Complete met5.
[INFO DRT-0178] Init guide query.
[INFO DRT-0035]   Complete FR_MASTERSLICE (guide).
[INFO DRT-0035]   Complete Fr_VIA (guide).
[INFO DRT-0035]   Complete li1 (guide).
[INFO DRT-0035]   Complete mcon (guide).
[INFO DRT-0035]   Complete met1 (guide).
[INFO DRT-0035]   Complete via (guide).
[INFO DRT-0035]   Complete met2 (guide).
[INFO DRT-0035]   Complete via2 (guide).
[INFO DRT-0035]   Complete met3 (guide).
[INFO DRT-0035]   Complete via3 (guide).
[INFO DRT-0035]   Complete met4 (guide).
[INFO DRT-0035]   Complete via4 (guide).
[INFO DRT-0035]   Complete met5 (guide).
[INFO DRT-0036] FR_MASTERSLICE guide region query size = 0.
[INFO DRT-0036] FR_VIA guide region query size = 0.
[INFO DRT-0036] li1 guide region query size = 62821.
[INFO DRT-0036] mcon guide region query size = 0.
[INFO DRT-0036] met1 guide region query size = 63061.
[INFO DRT-0036] via guide region query size = 0.
[INFO DRT-0036] met2 guide region query size = 36710.
[INFO DRT-0036] via2 guide region query size = 0.
[INFO DRT-0036] met3 guide region query size = 6803.
[INFO DRT-0036] via3 guide region query size = 0.
[INFO DRT-0036] met4 guide region query size = 2992.
[INFO DRT-0036] via4 guide region query size = 0.
[INFO DRT-0036] met5 guide region query size = 171.
[INFO DRT-0179] Init gr pin query.
[INFO DRT-0267] cpu time = 00:00:01, elapsed time = 00:00:00, memory = 4323.61 (MB), peak = 5328.23 (MB)
[INFO DRT-0245] skipped writing guide updates to database.
[INFO DRT-0181] Start track assignment.
[INFO DRT-0184] Done with 102523 vertical wires in 2 frboxes and 70035 horizontal wires in 2 frboxes.
[INFO DRT-0186] Done with 22906 vertical wires in 2 frboxes and 33530 horizontal wires in 2 frboxes.
[INFO DRT-0182] Complete track assignment.
[INFO DRT-0267] cpu time = 00:00:14, elapsed time = 00:00:07, memory = 4323.61 (MB), peak = 5328.23 (MB)
[INFO DRT-0187] Start routing data preparation.
[INFO DRT-0267] cpu time = 00:00:00, elapsed time = 00:00:00, memory = 4323.61 (MB), peak = 5328.23 (MB)
[INFO DRT-0194] Start detail routing.
[INFO DRT-0195] Start 0th optimization iteration.
    Completing 10% with 0 violations.
    elapsed time = 00:00:03, memory = 4361.64 (MB).
    Completing 20% with 0 violations.
    elapsed time = 00:00:06, memory = 4361.30 (MB).
    Completing 30% with 726 violations.
    elapsed time = 00:00:11, memory = 4406.37 (MB).
    Completing 40% with 726 violations.
    elapsed time = 00:00:15, memory = 4399.23 (MB).
    Completing 50% with 726 violations.
    elapsed time = 00:00:19, memory = 4323.64 (MB).
    Completing 60% with 1585 violations.
    elapsed time = 00:00:23, memory = 4415.50 (MB).
    Completing 70% with 1585 violations.
    elapsed time = 00:00:26, memory = 4415.55 (MB).
    Completing 80% with 2227 violations.
    elapsed time = 00:00:31, memory = 4341.19 (MB).
    Completing 90% with 2227 violations.
    elapsed time = 00:00:33, memory = 4422.89 (MB).
    Completing 100% with 2891 violations.
    elapsed time = 00:00:38, memory = 4341.19 (MB).
[INFO DRT-0199]   Number of violations = 3140.
Viol/Layer        met1    via   met2   met3   met4
Metal Spacing      194      0    190     13      0
Min Hole             2      0      0      0      0
Recheck            142      0     91     14      2
Short             1567      2    888     32      3
[INFO DRT-0267] cpu time = 00:06:15, elapsed time = 00:00:38, memory = 4341.19 (MB), peak = 5328.23 (MB)
Total wire length = 1689996 um.
Total wire length on LAYER li1 = 0 um.
Total wire length on LAYER met1 = 528769 um.
Total wire length on LAYER met2 = 580863 um.
Total wire length on LAYER met3 = 337125 um.
Total wire length on LAYER met4 = 235175 um.
Total wire length on LAYER met5 = 8063 um.
Total number of vias = 233374.
Up-via summary (total 233374):

-------------------------
 FR_MASTERSLICE         0
            li1     73395
           met1    116711
           met2     31914
           met3     11148
           met4       206
-------------------------
               233374


[INFO DRT-0195] Start 1st optimization iteration.
    Completing 10% with 3140 violations.
    elapsed time = 00:00:02, memory = 4381.21 (MB).
    Completing 20% with 3140 violations.
    elapsed time = 00:00:05, memory = 4463.71 (MB).
    Completing 30% with 2736 violations.
    elapsed time = 00:00:08, memory = 4378.27 (MB).
    Completing 40% with 2736 violations.
    elapsed time = 00:00:11, memory = 4412.28 (MB).
    Completing 50% with 2736 violations.
    elapsed time = 00:00:13, memory = 4374.83 (MB).
    Completing 60% with 2311 violations.
    elapsed time = 00:00:18, memory = 4416.98 (MB).
    Completing 70% with 2311 violations.
    elapsed time = 00:00:20, memory = 4423.47 (MB).
    Completing 80% with 1859 violations.
    elapsed time = 00:00:27, memory = 4466.21 (MB).
    Completing 90% with 1859 violations.
    elapsed time = 00:00:30, memory = 4464.90 (MB).
    Completing 100% with 1229 violations.
    elapsed time = 00:00:36, memory = 4341.19 (MB).
[INFO DRT-0199]   Number of violations = 1229.
Viol/Layer        met1   met2   met3   met4
Metal Spacing      119    119      2      0
Short              689    293      5      2
[INFO DRT-0267] cpu time = 00:05:27, elapsed time = 00:00:36, memory = 4341.19 (MB), peak = 5328.23 (MB)
Total wire length = 1689529 um.
Total wire length on LAYER li1 = 0 um.
Total wire length on LAYER met1 = 528188 um.
Total wire length on LAYER met2 = 580554 um.
Total wire length on LAYER met3 = 337328 um.
Total wire length on LAYER met4 = 235394 um.
Total wire length on LAYER met5 = 8063 um.
Total number of vias = 233263.
Up-via summary (total 233263):

-------------------------
 FR_MASTERSLICE         0
            li1     73393
           met1    116568
           met2     31926
           met3     11170
           met4       206
-------------------------
               233263


[INFO DRT-0195] Start 2nd optimization iteration.
    Completing 10% with 1229 violations.
    elapsed time = 00:00:01, memory = 4389.32 (MB).
    Completing 20% with 1229 violations.
    elapsed time = 00:00:04, memory = 4377.19 (MB).
    Completing 30% with 1077 violations.
    elapsed time = 00:00:07, memory = 4412.26 (MB).
    Completing 40% with 1077 violations.
    elapsed time = 00:00:09, memory = 4379.17 (MB).
    Completing 50% with 1077 violations.
    elapsed time = 00:00:12, memory = 4341.19 (MB).
    Completing 60% with 1021 violations.
    elapsed time = 00:00:14, memory = 4419.14 (MB).
    Completing 70% with 1021 violations.
    elapsed time = 00:00:16, memory = 4375.96 (MB).
    Completing 80% with 947 violations.
    elapsed time = 00:00:18, memory = 4380.16 (MB).
    Completing 90% with 947 violations.
    elapsed time = 00:00:20, memory = 4466.10 (MB).
    Completing 100% with 901 violations.
    elapsed time = 00:00:23, memory = 4341.19 (MB).
[INFO DRT-0199]   Number of violations = 901.
Viol/Layer        met1   met2   met3   met4
Metal Spacing       65     74      0      0
Short              514    243      4      1
[INFO DRT-0267] cpu time = 00:03:27, elapsed time = 00:00:23, memory = 4341.19 (MB), peak = 5328.23 (MB)
Total wire length = 1689497 um.
Total wire length on LAYER li1 = 0 um.
Total wire length on LAYER met1 = 527908 um.
Total wire length on LAYER met2 = 580526 um.
Total wire length on LAYER met3 = 337536 um.
Total wire length on LAYER met4 = 235462 um.
Total wire length on LAYER met5 = 8063 um.
Total number of vias = 233313.
Up-via summary (total 233313):

-------------------------
 FR_MASTERSLICE         0
            li1     73397
           met1    116579
           met2     31960
           met3     11171
           met4       206
-------------------------
               233313


[INFO DRT-0195] Start 3rd optimization iteration.
    Completing 10% with 901 violations.
    elapsed time = 00:00:00, memory = 4341.19 (MB).
    Completing 20% with 901 violations.
    elapsed time = 00:00:04, memory = 4382.86 (MB).
    Completing 30% with 773 violations.
    elapsed time = 00:00:18, memory = 4352.67 (MB).
    Completing 40% with 773 violations.
    elapsed time = 00:00:24, memory = 4419.01 (MB).
    Completing 50% with 773 violations.
    elapsed time = 00:00:46, memory = 4341.19 (MB).
    Completing 60% with 666 violations.
    elapsed time = 00:00:48, memory = 4425.28 (MB).
    Completing 70% with 666 violations.
    elapsed time = 00:00:50, memory = 4382.77 (MB).
    Completing 80% with 558 violations.
    elapsed time = 00:01:00, memory = 4380.75 (MB).
    Completing 90% with 558 violations.
    elapsed time = 00:01:04, memory = 4422.84 (MB).
    Completing 100% with 482 violations.
    elapsed time = 00:01:21, memory = 4341.19 (MB).
[INFO DRT-0199]   Number of violations = 482.
Viol/Layer        met1   met2   met3
Metal Spacing       22     55      0
Short              213    191      1
[INFO DRT-0267] cpu time = 00:08:08, elapsed time = 00:01:21, memory = 4341.19 (MB), peak = 5328.23 (MB)
Total wire length = 1689703 um.
Total wire length on LAYER li1 = 0 um.
Total wire length on LAYER met1 = 526798 um.
Total wire length on LAYER met2 = 580336 um.
Total wire length on LAYER met3 = 338762 um.
Total wire length on LAYER met4 = 235742 um.
Total wire length on LAYER met5 = 8063 um.
Total number of vias = 233525.
Up-via summary (total 233525):

-------------------------
 FR_MASTERSLICE         0
            li1     73391
           met1    116630
           met2     32104
           met3     11194
           met4       206
-------------------------
               233525


[INFO DRT-0195] Start 4th optimization iteration.
    Completing 10% with 482 violations.
    elapsed time = 00:00:00, memory = 4341.19 (MB).
    Completing 20% with 482 violations.
    elapsed time = 00:00:01, memory = 4378.64 (MB).
    Completing 30% with 457 violations.
    elapsed time = 00:00:22, memory = 4341.19 (MB).
    Completing 40% with 457 violations.
    elapsed time = 00:00:22, memory = 4341.19 (MB).
    Completing 50% with 457 violations.
    elapsed time = 00:00:44, memory = 4341.19 (MB).
    Completing 60% with 412 violations.
    elapsed time = 00:00:44, memory = 4341.19 (MB).
    Completing 70% with 412 violations.
    elapsed time = 00:00:44, memory = 4341.19 (MB).
    Completing 80% with 392 violations.
    elapsed time = 00:00:52, memory = 4341.19 (MB).
    Completing 90% with 392 violations.
    elapsed time = 00:00:53, memory = 4457.39 (MB).
    Completing 100% with 301 violations.
    elapsed time = 00:01:00, memory = 4341.19 (MB).
[INFO DRT-0199]   Number of violations = 301.
Viol/Layer        met1   met2   met3
Metal Spacing       29     34     14
Short              119    104      1
[INFO DRT-0267] cpu time = 00:03:56, elapsed time = 00:01:00, memory = 4341.19 (MB), peak = 5328.23 (MB)
Total wire length = 1689599 um.
Total wire length on LAYER li1 = 0 um.
Total wire length on LAYER met1 = 526255 um.
Total wire length on LAYER met2 = 580012 um.
Total wire length on LAYER met3 = 339222 um.
Total wire length on LAYER met4 = 236046 um.
Total wire length on LAYER met5 = 8063 um.
Total number of vias = 233478.
Up-via summary (total 233478):

-------------------------
 FR_MASTERSLICE         0
            li1     73386
           met1    116540
           met2     32131
           met3     11215
           met4       206
-------------------------
               233478


[INFO DRT-0195] Start 5th optimization iteration.
    Completing 10% with 301 violations.
    elapsed time = 00:00:00, memory = 4341.19 (MB).
    Completing 20% with 301 violations.
    elapsed time = 00:00:00, memory = 4341.19 (MB).
    Completing 30% with 269 violations.
    elapsed time = 00:00:01, memory = 4341.19 (MB).
    Completing 40% with 269 violations.
    elapsed time = 00:00:01, memory = 4341.19 (MB).
    Completing 50% with 269 violations.
    elapsed time = 00:00:03, memory = 4504.11 (MB).
    Completing 60% with 252 violations.
    elapsed time = 00:00:13, memory = 4341.19 (MB).
    Completing 70% with 252 violations.
    elapsed time = 00:00:13, memory = 4341.19 (MB).
    Completing 80% with 240 violations.
    elapsed time = 00:00:23, memory = 4341.19 (MB).
    Completing 90% with 240 violations.
    elapsed time = 00:00:23, memory = 4341.19 (MB).
    Completing 100% with 233 violations.
    elapsed time = 00:00:38, memory = 4341.19 (MB).
[INFO DRT-0199]   Number of violations = 233.
Viol/Layer        met1   met2   met3
Metal Spacing       11     27     12
Short               94     88      1
[INFO DRT-0267] cpu time = 00:01:49, elapsed time = 00:00:38, memory = 4341.19 (MB), peak = 5328.23 (MB)
Total wire length = 1689591 um.
Total wire length on LAYER li1 = 0 um.
Total wire length on LAYER met1 = 526141 um.
Total wire length on LAYER met2 = 579957 um.
Total wire length on LAYER met3 = 339301 um.
Total wire length on LAYER met4 = 236127 um.
Total wire length on LAYER met5 = 8063 um.
Total number of vias = 233497.
Up-via summary (total 233497):

-------------------------
 FR_MASTERSLICE         0
            li1     73389
           met1    116546
           met2     32129
           met3     11227
           met4       206
-------------------------
               233497


[INFO DRT-0195] Start 6th optimization iteration.
    Completing 10% with 233 violations.
    elapsed time = 00:00:00, memory = 4341.19 (MB).
    Completing 20% with 233 violations.
    elapsed time = 00:00:00, memory = 4341.19 (MB).
    Completing 30% with 225 violations.
    elapsed time = 00:00:06, memory = 4341.19 (MB).
    Completing 40% with 225 violations.
    elapsed time = 00:00:06, memory = 4341.19 (MB).
    Completing 50% with 225 violations.
    elapsed time = 00:00:06, memory = 4341.19 (MB).
    Completing 60% with 179 violations.
    elapsed time = 00:00:17, memory = 4341.19 (MB).
    Completing 70% with 179 violations.
    elapsed time = 00:00:17, memory = 4341.19 (MB).
    Completing 80% with 167 violations.
    elapsed time = 00:00:34, memory = 4341.19 (MB).
    Completing 90% with 167 violations.
    elapsed time = 00:00:34, memory = 4341.19 (MB).
    Completing 100% with 147 violations.
    elapsed time = 00:00:49, memory = 4341.19 (MB).
[INFO DRT-0199]   Number of violations = 147.
Viol/Layer        met1   met2   met3
Metal Spacing        5     13     12
Short               60     56      1
[INFO DRT-0267] cpu time = 00:01:20, elapsed time = 00:00:50, memory = 4341.19 (MB), peak = 5328.23 (MB)
Total wire length = 1689519 um.
Total wire length on LAYER li1 = 0 um.
Total wire length on LAYER met1 = 526047 um.
Total wire length on LAYER met2 = 579983 um.
Total wire length on LAYER met3 = 339321 um.
Total wire length on LAYER met4 = 236104 um.
Total wire length on LAYER met5 = 8063 um.
Total number of vias = 233470.
Up-via summary (total 233470):

-------------------------
 FR_MASTERSLICE         0
            li1     73388
           met1    116546
           met2     32122
           met3     11208
           met4       206
-------------------------
               233470


[INFO DRT-0195] Start 7th optimization iteration.
    Completing 10% with 147 violations.
    elapsed time = 00:00:00, memory = 4341.19 (MB).
    Completing 20% with 147 violations.
    elapsed time = 00:00:00, memory = 4341.19 (MB).
    Completing 30% with 114 violations.
    elapsed time = 00:00:01, memory = 4341.19 (MB).
    Completing 40% with 114 violations.
    elapsed time = 00:00:01, memory = 4341.19 (MB).
    Completing 50% with 114 violations.
    elapsed time = 00:00:01, memory = 4341.19 (MB).
    Completing 60% with 114 violations.
    elapsed time = 00:00:08, memory = 4341.19 (MB).
    Completing 70% with 114 violations.
    elapsed time = 00:00:08, memory = 4341.19 (MB).
    Completing 80% with 114 violations.
    elapsed time = 00:00:29, memory = 4341.19 (MB).
    Completing 90% with 114 violations.
    elapsed time = 00:00:29, memory = 4341.19 (MB).
    Completing 100% with 80 violations.
    elapsed time = 00:00:30, memory = 4341.19 (MB).
[INFO DRT-0199]   Number of violations = 80.
Viol/Layer        met1   met2   met3
Metal Spacing        1      7     12
Short               30     29      1
[INFO DRT-0267] cpu time = 00:00:38, elapsed time = 00:00:31, memory = 4341.19 (MB), peak = 5328.23 (MB)
Total wire length = 1689500 um.
Total wire length on LAYER li1 = 0 um.
Total wire length on LAYER met1 = 526064 um.
Total wire length on LAYER met2 = 579951 um.
Total wire length on LAYER met3 = 339311 um.
Total wire length on LAYER met4 = 236110 um.
Total wire length on LAYER met5 = 8063 um.
Total number of vias = 233469.
Up-via summary (total 233469):

-------------------------
 FR_MASTERSLICE         0
            li1     73388
           met1    116553
           met2     32114
           met3     11208
           met4       206
-------------------------
               233469


[INFO DRT-0195] Start 8th guides tiles iteration.
    Completing 10% with 80 violations.
    elapsed time = 00:00:01, memory = 4469.30 (MB).
    Completing 30% with 80 violations.
    elapsed time = 00:00:12, memory = 4341.19 (MB).
    Completing 50% with 80 violations.
    elapsed time = 00:00:13, memory = 4638.14 (MB).
    Completing 60% with 80 violations.
    elapsed time = 00:00:52, memory = 4341.19 (MB).
    Completing 80% with 69 violations.
    elapsed time = 00:01:01, memory = 4341.19 (MB).
    Completing 100% with 69 violations.
    elapsed time = 00:01:14, memory = 4341.19 (MB).
[INFO DRT-0199]   Number of violations = 69.
Viol/Layer        met1   met2   met3
Metal Spacing        1      7     12
Short               22     26      1
[INFO DRT-0267] cpu time = 00:01:19, elapsed time = 00:01:14, memory = 4341.19 (MB), peak = 5328.23 (MB)
Total wire length = 1689508 um.
Total wire length on LAYER li1 = 0 um.
Total wire length on LAYER met1 = 526050 um.
Total wire length on LAYER met2 = 579923 um.
Total wire length on LAYER met3 = 339336 um.
Total wire length on LAYER met4 = 236135 um.
Total wire length on LAYER met5 = 8063 um.
Total number of vias = 233474.
Up-via summary (total 233474):

-------------------------
 FR_MASTERSLICE         0
            li1     73387
           met1    116548
           met2     32120
           met3     11213
           met4       206
-------------------------
               233474


[INFO DRT-0195] Start 9th guides tiles iteration.
    Completing 20% with 69 violations.
    elapsed time = 00:00:13, memory = 4341.19 (MB).
    Completing 50% with 69 violations.
    elapsed time = 00:00:52, memory = 4341.19 (MB).
    Completing 70% with 69 violations.
    elapsed time = 00:01:01, memory = 4341.19 (MB).
    Completing 100% with 69 violations.
    elapsed time = 00:01:15, memory = 4341.19 (MB).
[INFO DRT-0199]   Number of violations = 69.
Viol/Layer        met1   met2   met3
Metal Spacing        1      7     12
Short               22     26      1
[INFO DRT-0267] cpu time = 00:01:16, elapsed time = 00:01:15, memory = 4341.19 (MB), peak = 5328.23 (MB)
Total wire length = 1689508 um.
Total wire length on LAYER li1 = 0 um.
Total wire length on LAYER met1 = 526050 um.
Total wire length on LAYER met2 = 579923 um.
Total wire length on LAYER met3 = 339336 um.
Total wire length on LAYER met4 = 236135 um.
Total wire length on LAYER met5 = 8063 um.
Total number of vias = 233474.
Up-via summary (total 233474):

-------------------------
 FR_MASTERSLICE         0
            li1     73387
           met1    116548
           met2     32120
           met3     11213
           met4       206
-------------------------
               233474


[INFO DRT-0195] Start 10th guides tiles iteration.
    Completing 20% with 69 violations.
    elapsed time = 00:00:30, memory = 4341.19 (MB).
    Completing 50% with 69 violations.
    elapsed time = 00:00:57, memory = 4341.19 (MB).
    Completing 70% with 69 violations.
    elapsed time = 00:01:11, memory = 4341.19 (MB).
    Completing 100% with 69 violations.
    elapsed time = 00:01:16, memory = 4341.19 (MB).
[INFO DRT-0199]   Number of violations = 69.
Viol/Layer        met1   met2   met3
Metal Spacing        1      7     12
Short               22     26      1
[INFO DRT-0267] cpu time = 00:01:18, elapsed time = 00:01:16, memory = 4341.19 (MB), peak = 5328.23 (MB)
Total wire length = 1689508 um.
Total wire length on LAYER li1 = 0 um.
Total wire length on LAYER met1 = 526050 um.
Total wire length on LAYER met2 = 579923 um.
Total wire length on LAYER met3 = 339336 um.
Total wire length on LAYER met4 = 236135 um.
Total wire length on LAYER met5 = 8063 um.
Total number of vias = 233474.
Up-via summary (total 233474):

-------------------------
 FR_MASTERSLICE         0
            li1     73387
           met1    116548
           met2     32120
           met3     11213
           met4       206
-------------------------
               233474


[INFO DRT-0195] Start 11th stubborn tiles iteration.
    Completing 10% with 69 violations.
    elapsed time = 00:00:18, memory = 4341.19 (MB).
    Completing 20% with 69 violations.
    elapsed time = 00:00:30, memory = 4373.97 (MB).
    Completing 30% with 69 violations.
    elapsed time = 00:00:49, memory = 4373.97 (MB).
    Completing 40% with 69 violations.
    elapsed time = 00:01:04, memory = 4373.97 (MB).
    Completing 50% with 69 violations.
    elapsed time = 00:01:26, memory = 4341.19 (MB).
    Completing 60% with 35 violations.
    elapsed time = 00:01:34, memory = 4341.19 (MB).
    Completing 70% with 35 violations.
    elapsed time = 00:01:45, memory = 4341.19 (MB).
    Completing 80% with 35 violations.
    elapsed time = 00:01:55, memory = 4412.41 (MB).
    Completing 90% with 35 violations.
    elapsed time = 00:02:13, memory = 4412.41 (MB).
    Completing 100% with 0 violations.
    elapsed time = 00:02:47, memory = 4341.19 (MB).
[INFO DRT-0199]   Number of violations = 0.
[INFO DRT-0267] cpu time = 00:25:28, elapsed time = 00:02:47, memory = 4341.19 (MB), peak = 5328.23 (MB)
Total wire length = 1689518 um.
Total wire length on LAYER li1 = 0 um.
Total wire length on LAYER met1 = 526038 um.
Total wire length on LAYER met2 = 579905 um.
Total wire length on LAYER met3 = 339371 um.
Total wire length on LAYER met4 = 236139 um.
Total wire length on LAYER met5 = 8063 um.
Total number of vias = 233505.
Up-via summary (total 233505):

-------------------------
 FR_MASTERSLICE         0
            li1     73387
           met1    116566
           met2     32130
           met3     11216
           met4       206
-------------------------
               233505


[INFO DRT-0198] Complete detail routing.
Total wire length = 1689518 um.
Total wire length on LAYER li1 = 0 um.
Total wire length on LAYER met1 = 526038 um.
Total wire length on LAYER met2 = 579905 um.
Total wire length on LAYER met3 = 339371 um.
Total wire length on LAYER met4 = 236139 um.
Total wire length on LAYER met5 = 8063 um.
Total number of vias = 233505.
Up-via summary (total 233505):

-------------------------
 FR_MASTERSLICE         0
            li1     73387
           met1    116566
           met2     32130
           met3     11216
           met4       206
-------------------------
               233505


[INFO DRT-0267] cpu time = 01:00:27, elapsed time = 00:12:36, memory = 4341.19 (MB), peak = 5328.23 (MB)

[INFO DRT-0180] Post processing.
[INFO DRT-0501] Runtime: 785.30s
[INFO ANT-0002] Found 0 net violations.
[INFO ANT-0001] Found 0 pin violations.
[INFO ANT-0002] Found 0 net violations.
[INFO ANT-0001] Found 0 pin violations.
Design area 235517 um^2 52% utilization.
write_db /root/cac_runs/keccak_s7_7ns/results/sky130hd/cac_keccak_s7_7ns/base/5_2_route.odb
Elapsed time: 2:33:31.41[h:]min:sec. CPU time: user 64033.83 sys 81.75 (696%). Peak memory: 5456112KB.
Log                       Ext     Elapsed/s Peak Memory/MB sha1sum result [0:20)
5_2_route                 .odb         9211           5328 ab5b12685bd29cca4f7e
