OpenROAD f552262465b0bfef8f097e258f94bc501d01e19d 
Features included (+) or not (-): +GPU +GUI +Python
This program is licensed under the BSD-3 license. See the LICENSE file for details.
Components of this program may be licensed under more restrictive licenses which must be honored.
[INFO ORD-0030] Using 12 thread(s).
read_liberty /opt/eda/orfs-6101364b/flow/platforms/sky130hd/lib/sky130_fd_sc_hd__tt_025C_1v80.lib
read_db /root/cac_runs/keccak_s7_20ns_ant10/results/sky130hd/cac_keccak_s7_20ns/base/5_1_grt.odb
read_sdc /root/cac_runs/keccak_s7_20ns_ant10/results/sky130hd/cac_keccak_s7_20ns/base/5_1_grt.sdc
source /opt/eda/orfs-6101364b/flow/platforms/sky130hd/setRC.tcl
detailed_route -output_drc /root/cac_runs/keccak_s7_20ns_ant10/reports/sky130hd/cac_keccak_s7_20ns/base/5_route_drc.rpt -output_maze /root/cac_runs/keccak_s7_20ns_ant10/results/sky130hd/cac_keccak_s7_20ns/base/maze.log -droute_end_iter 64 -verbose 1 -drc_report_iter_step 5
[INFO DRT-0149] Reading tech and libs.
[WARNING DRT-0349] LEF58_ENCLOSURE with no CUTCLASS is not supported. Skipping for layer mcon
[WARNING DRT-0349] LEF58_ENCLOSURE with no CUTCLASS is not supported. Skipping for layer mcon
[WARNING DRT-0349] LEF58_ENCLOSURE with no CUTCLASS is not supported. Skipping for layer via
[WARNING DRT-0349] LEF58_ENCLOSURE with no CUTCLASS is not supported. Skipping for layer via
[WARNING DRT-0349] LEF58_ENCLOSURE with no CUTCLASS is not supported. Skipping for layer via2
[WARNING DRT-0349] LEF58_ENCLOSURE with no CUTCLASS is not supported. Skipping for layer via2
[WARNING DRT-0349] LEF58_ENCLOSURE with no CUTCLASS is not supported. Skipping for layer via3
[WARNING DRT-0349] LEF58_ENCLOSURE with no CUTCLASS is not supported. Skipping for layer via3
[WARNING DRT-0349] LEF58_ENCLOSURE with no CUTCLASS is not supported. Skipping for layer via4
[WARNING DRT-0349] LEF58_ENCLOSURE with no CUTCLASS is not supported. Skipping for layer via4

Units:                1000
Number of layers:     13
Number of macros:     441
Number of vias:       29
Number of viarulegen: 25

[INFO DRT-0150] Reading design.
[WARNING DRT-0120] Large net net1978 has 187 pins which may impact routing performance. Consider optimization.
[WARNING DRT-0120] Large net net1973 has 174 pins which may impact routing performance. Consider optimization.
[WARNING DRT-0120] Large net net1960 has 193 pins which may impact routing performance. Consider optimization.
[WARNING DRT-0120] Large net net1882 has 112 pins which may impact routing performance. Consider optimization.
[WARNING DRT-0120] Large net net1858 has 103 pins which may impact routing performance. Consider optimization.
[WARNING DRT-0120] Large net net1561 has 163 pins which may impact routing performance. Consider optimization.
[WARNING DRT-0120] Large net net1560 has 119 pins which may impact routing performance. Consider optimization.
[WARNING DRT-0120] Large net net1555 has 142 pins which may impact routing performance. Consider optimization.
[WARNING DRT-0120] Large net net1547 has 134 pins which may impact routing performance. Consider optimization.
[WARNING DRT-0120] Large net net1546 has 131 pins which may impact routing performance. Consider optimization.
[WARNING DRT-0120] Large net net1544 has 152 pins which may impact routing performance. Consider optimization.
[WARNING DRT-0120] Large net net1420 has 108 pins which may impact routing performance. Consider optimization.
[WARNING DRT-0120] Large net net1896 has 104 pins which may impact routing performance. Consider optimization.
[WARNING DRT-0120] Large net net1901 has 119 pins which may impact routing performance. Consider optimization.
[WARNING DRT-0120] Large net net1943 has 186 pins which may impact routing performance. Consider optimization.
[WARNING DRT-0120] Large net net1920 has 104 pins which may impact routing performance. Consider optimization.
[WARNING DRT-0120] Large net net1871 has 102 pins which may impact routing performance. Consider optimization.
[WARNING DRT-0120] Large net net1874 has 105 pins which may impact routing performance. Consider optimization.
[WARNING DRT-0120] Large net net1878 has 101 pins which may impact routing performance. Consider optimization.
[WARNING DRT-0120] Large net net71 has 154 pins which may impact routing performance. Consider optimization.

Design:                   keccak_lane_wrapper
Die area:                 ( 0 0 ) ( 674030 674030 )
Number of track patterns: 12
Number of DEF vias:       0
Number of components:     25881
Number of terminals:      142
Number of snets:          2
Number of nets:           19060

[INFO DRT-0167] List of default vias:
  Layer via
    default via: M1M2_PR
  Layer via2
    default via: M2M3_PR
  Layer via3
    default via: M3M4_PR
  Layer via4
    default via: M4M5_PR
[INFO DRT-0162] Library cell analysis.
[INFO DRT-0163] Instance analysis.
[INFO DRT-0164] Number of unique instances = 174.
[INFO DRT-0168] Init region query.
[INFO DRT-0024]   Complete FR_MASTERSLICE.
[INFO DRT-0024]   Complete Fr_VIA.
[INFO DRT-0024]   Complete li1.
[INFO DRT-0024]   Complete mcon.
[INFO DRT-0024]   Complete met1.
[INFO DRT-0024]   Complete via.
[INFO DRT-0024]   Complete met2.
[INFO DRT-0024]   Complete via2.
[INFO DRT-0024]   Complete met3.
[INFO DRT-0024]   Complete via3.
[INFO DRT-0024]   Complete met4.
[INFO DRT-0024]   Complete via4.
[INFO DRT-0024]   Complete met5.
[INFO DRT-0033] FR_MASTERSLICE shape region query size = 0.
[INFO DRT-0033] FR_VIA shape region query size = 0.
[INFO DRT-0033] li1 shape region query size = 694902.
[INFO DRT-0033] mcon shape region query size = 403283.
[INFO DRT-0033] met1 shape region query size = 115361.
[INFO DRT-0033] via shape region query size = 30260.
[INFO DRT-0033] met2 shape region query size = 18226.
[INFO DRT-0033] via2 shape region query size = 24208.
[INFO DRT-0033] met3 shape region query size = 18226.
[INFO DRT-0033] via3 shape region query size = 24208.
[INFO DRT-0033] met4 shape region query size = 7302.
[INFO DRT-0033] via4 shape region query size = 1201.
[INFO DRT-0033] met5 shape region query size = 1299.
[INFO DRT-0165] Start pin access.
[INFO DRT-0076]   Complete 1000 pins.
[INFO DRT-0078]   Complete 1341 pins.
[INFO DRT-0079]   Complete 100 unique inst patterns.
[INFO DRT-0081]   Complete 174 unique inst patterns.
[INFO DRT-0082]   Complete 10000 groups.
[INFO DRT-0084]   Complete 14316 groups.
#scanned instances     = 25881
#unique  instances     = 174
#stdCellGenAp          = 5645
#stdCellValidPlanarAp  = 103
#stdCellValidViaAp     = 3911
#stdCellPinNoAp        = 0
#stdCellPinCnt         = 74986
#instTermValidViaApCnt = 0
#macroGenAp            = 0
#macroValidPlanarAp    = 0
#macroValidViaAp       = 0
#macroNoAp             = 0
[INFO DRT-0166] Complete pin access.
[INFO DRT-0267] cpu time = 00:07:31, elapsed time = 00:01:17, memory = 449.79 (MB), peak = 461.62 (MB)
[INFO DRT-0156] guideIn read 100000 guides.
[INFO DRT-0156] guideIn read 200000 guides.

[INFO DRT-0157] Number of guides:     222143

[INFO DRT-0169] Post process guides.
[INFO DRT-0176] GCELLGRID X 0 DO 97 STEP 6900 ;
[INFO DRT-0177] GCELLGRID Y 0 DO 97 STEP 6900 ;
[INFO DRT-0026]   Complete 100000 origin guides.
[INFO DRT-0026]   Complete 200000 origin guides.
[INFO DRT-0028]   Complete FR_MASTERSLICE.
[INFO DRT-0028]   Complete Fr_VIA.
[INFO DRT-0028]   Complete li1.
[INFO DRT-0028]   Complete mcon.
[INFO DRT-0028]   Complete met1.
[INFO DRT-0028]   Complete via.
[INFO DRT-0028]   Complete met2.
[INFO DRT-0028]   Complete via2.
[INFO DRT-0028]   Complete met3.
[INFO DRT-0028]   Complete via3.
[INFO DRT-0028]   Complete met4.
[INFO DRT-0028]   Complete via4.
[INFO DRT-0028]   Complete met5.
[INFO DRT-0178] Init guide query.
[INFO DRT-0035]   Complete FR_MASTERSLICE (guide).
[INFO DRT-0035]   Complete Fr_VIA (guide).
[INFO DRT-0035]   Complete li1 (guide).
[INFO DRT-0035]   Complete mcon (guide).
[INFO DRT-0035]   Complete met1 (guide).
[INFO DRT-0035]   Complete via (guide).
[INFO DRT-0035]   Complete met2 (guide).
[INFO DRT-0035]   Complete via2 (guide).
[INFO DRT-0035]   Complete met3 (guide).
[INFO DRT-0035]   Complete via3 (guide).
[INFO DRT-0035]   Complete met4 (guide).
[INFO DRT-0035]   Complete via4 (guide).
[INFO DRT-0035]   Complete met5 (guide).
[INFO DRT-0036] FR_MASTERSLICE guide region query size = 0.
[INFO DRT-0036] FR_VIA guide region query size = 0.
[INFO DRT-0036] li1 guide region query size = 62392.
[INFO DRT-0036] mcon guide region query size = 0.
[INFO DRT-0036] met1 guide region query size = 62270.
[INFO DRT-0036] via guide region query size = 0.
[INFO DRT-0036] met2 guide region query size = 36844.
[INFO DRT-0036] via2 guide region query size = 0.
[INFO DRT-0036] met3 guide region query size = 8266.
[INFO DRT-0036] via3 guide region query size = 0.
[INFO DRT-0036] met4 guide region query size = 3766.
[INFO DRT-0036] via4 guide region query size = 0.
[INFO DRT-0036] met5 guide region query size = 353.
[INFO DRT-0179] Init gr pin query.
[INFO DRT-0267] cpu time = 00:00:02, elapsed time = 00:00:00, memory = 524.06 (MB), peak = 523.23 (MB)
[INFO DRT-0245] skipped writing guide updates to database.
[INFO DRT-0181] Start track assignment.
[INFO DRT-0184] Done with 103002 vertical wires in 2 frboxes and 70889 horizontal wires in 2 frboxes.
[INFO DRT-0186] Done with 21360 vertical wires in 2 frboxes and 30986 horizontal wires in 2 frboxes.
[INFO DRT-0182] Complete track assignment.
[INFO DRT-0267] cpu time = 00:00:19, elapsed time = 00:00:09, memory = 1137.12 (MB), peak = 1135.98 (MB)
[INFO DRT-0187] Start routing data preparation.
[INFO DRT-0267] cpu time = 00:00:00, elapsed time = 00:00:00, memory = 1137.12 (MB), peak = 1135.98 (MB)
[INFO DRT-0194] Start detail routing.
[INFO DRT-0195] Start 0th optimization iteration.
    Completing 10% with 0 violations.
    elapsed time = 00:00:52, memory = 1602.57 (MB).
    Completing 20% with 0 violations.
    elapsed time = 00:01:38, memory = 1969.39 (MB).
    Completing 30% with 13301 violations.
    elapsed time = 00:02:34, memory = 2133.60 (MB).
    Completing 40% with 13301 violations.
    elapsed time = 00:03:17, memory = 2128.27 (MB).
    Completing 50% with 13301 violations.
    elapsed time = 00:03:56, memory = 1995.69 (MB).
    Completing 60% with 26496 violations.
    elapsed time = 00:05:07, memory = 2167.42 (MB).
    Completing 70% with 26496 violations.
    elapsed time = 00:05:54, memory = 2293.89 (MB).
    Completing 80% with 39911 violations.
    elapsed time = 00:07:13, memory = 2428.64 (MB).
    Completing 90% with 39911 violations.
    elapsed time = 00:08:08, memory = 2509.40 (MB).
    Completing 100% with 53929 violations.
    elapsed time = 00:08:59, memory = 2188.62 (MB).
[INFO DRT-0199]   Number of violations = 57752.
Viol/Layer         li1   mcon   met1    via   met2   met3   via3   met4   via4   met5
Cut Spacing          0    115      0      3      0      0      0      0      4      0
Metal Spacing        0      0   6084      0   2358    880      0    178      0     34
Min Hole             0      0     36      0      3      0      0      0      0      0
NS Metal             0      0      4      0      0      0      0      0      0      0
Recheck             17      0   2052      0   1082    345      0    249      0     78
Short                0      0  34795     46   7653   1243      2    395      5     91
[INFO DRT-0267] cpu time = 00:53:40, elapsed time = 00:09:00, memory = 2334.39 (MB), peak = 2540.23 (MB)
Total wire length = 1715896 um.
Total wire length on LAYER li1 = 0 um.
Total wire length on LAYER met1 = 582030 um.
Total wire length on LAYER met2 = 600598 um.
Total wire length on LAYER met3 = 306585 um.
Total wire length on LAYER met4 = 211581 um.
Total wire length on LAYER met5 = 15100 um.
Total number of vias = 204461.
Up-via summary (total 204461):

-------------------------
 FR_MASTERSLICE         0
            li1     72489
           met1    107820
           met2     16699
           met3      7000
           met4       453
-------------------------
               204461


[INFO DRT-0195] Start 1st optimization iteration.
    Completing 10% with 57752 violations.
    elapsed time = 00:00:44, memory = 2493.96 (MB).
    Completing 20% with 57752 violations.
    elapsed time = 00:01:24, memory = 2667.29 (MB).
    Completing 30% with 54943 violations.
    elapsed time = 00:02:18, memory = 2501.93 (MB).
    Completing 40% with 54943 violations.
    elapsed time = 00:03:08, memory = 2596.32 (MB).
    Completing 50% with 54943 violations.
    elapsed time = 00:03:48, memory = 2652.62 (MB).
    Completing 60% with 52270 violations.
    elapsed time = 00:04:57, memory = 2641.40 (MB).
    Completing 70% with 52270 violations.
    elapsed time = 00:05:52, memory = 2663.49 (MB).
    Completing 80% with 47792 violations.
    elapsed time = 00:07:10, memory = 2722.82 (MB).
    Completing 90% with 47792 violations.
    elapsed time = 00:07:56, memory = 2633.11 (MB).
    Completing 100% with 42396 violations.
    elapsed time = 00:09:29, memory = 2356.83 (MB).
[INFO DRT-0199]   Number of violations = 42396.
Viol/Layer        mcon   met1    via   met2   met3   met4   via4   met5
Cut Spacing        246      0      1      0      0      0      2      0
Metal Spacing        0   5450      0   1561    557     46      0      8
Recheck              0      0      0      1      0      0      0      0
Short                0  29184      7   4656    506    149      0     22
[INFO DRT-0267] cpu time = 00:54:38, elapsed time = 00:09:31, memory = 2365.83 (MB), peak = 2806.14 (MB)
Total wire length = 1706638 um.
Total wire length on LAYER li1 = 0 um.
Total wire length on LAYER met1 = 573480 um.
Total wire length on LAYER met2 = 598347 um.
Total wire length on LAYER met3 = 309656 um.
Total wire length on LAYER met4 = 210542 um.
Total wire length on LAYER met5 = 14610 um.
Total number of vias = 203757.
Up-via summary (total 203757):

-------------------------
 FR_MASTERSLICE         0
            li1     72507
           met1    106491
           met2     17426
           met3      6959
           met4       374
-------------------------
               203757


[INFO DRT-0195] Start 2nd optimization iteration.
    Completing 10% with 42396 violations.
    elapsed time = 00:01:00, memory = 2573.11 (MB).
    Completing 20% with 42396 violations.
    elapsed time = 00:01:40, memory = 2650.87 (MB).
    Completing 30% with 41776 violations.
    elapsed time = 00:02:24, memory = 2589.84 (MB).
    Completing 40% with 41776 violations.
    elapsed time = 00:03:15, memory = 2643.40 (MB).
    Completing 50% with 41776 violations.
    elapsed time = 00:04:02, memory = 2368.84 (MB).
    Completing 60% with 41313 violations.
    elapsed time = 00:04:50, memory = 2616.76 (MB).
    Completing 70% with 41313 violations.
    elapsed time = 00:05:29, memory = 2621.04 (MB).
    Completing 80% with 40679 violations.
    elapsed time = 00:06:19, memory = 2590.21 (MB).
    Completing 90% with 40679 violations.
    elapsed time = 00:06:50, memory = 2669.96 (MB).
    Completing 100% with 40051 violations.
    elapsed time = 00:07:42, memory = 2356.93 (MB).
[INFO DRT-0199]   Number of violations = 40051.
Viol/Layer        mcon   met1    via   met2   met3   met4   via4   met5
Cut Spacing        238      0      0      0      0      0      2      0
Metal Spacing        0   5028      0   1546    580     30      0      2
Min Hole             0      2      0      0      0      0      0      0
NS Metal             0      1      0      0      0      0      0      0
Short                0  27966     11   4060    444    130      0     11
[INFO DRT-0267] cpu time = 00:50:44, elapsed time = 00:07:44, memory = 2362.93 (MB), peak = 2806.14 (MB)
Total wire length = 1702731 um.
Total wire length on LAYER li1 = 0 um.
Total wire length on LAYER met1 = 571744 um.
Total wire length on LAYER met2 = 596282 um.
Total wire length on LAYER met3 = 309597 um.
Total wire length on LAYER met4 = 210724 um.
Total wire length on LAYER met5 = 14382 um.
Total number of vias = 201934.
Up-via summary (total 201934):

-------------------------
 FR_MASTERSLICE         0
            li1     72513
           met1    105136
           met2     17080
           met3      6831
           met4       374
-------------------------
               201934


[INFO DRT-0195] Start 3rd optimization iteration.
    Completing 10% with 40051 violations.
    elapsed time = 00:01:31, memory = 2620.24 (MB).
    Completing 20% with 40051 violations.
    elapsed time = 00:03:00, memory = 2741.56 (MB).
    Completing 30% with 33008 violations.
    elapsed time = 00:05:07, memory = 2693.02 (MB).
    Completing 40% with 33008 violations.
    elapsed time = 00:06:21, memory = 2753.36 (MB).
    Completing 50% with 33008 violations.
    elapsed time = 00:08:17, memory = 2430.51 (MB).
    Completing 60% with 26143 violations.
    elapsed time = 00:10:03, memory = 2635.12 (MB).
    Completing 70% with 26143 violations.
    elapsed time = 00:11:47, memory = 2735.73 (MB).
    Completing 80% with 19808 violations.
    elapsed time = 00:14:00, memory = 2692.25 (MB).
    Completing 90% with 19808 violations.
    elapsed time = 00:14:52, memory = 2791.13 (MB).
    Completing 100% with 12988 violations.
    elapsed time = 00:16:30, memory = 2371.16 (MB).
[INFO DRT-0199]   Number of violations = 12988.
Viol/Layer        mcon   met1    via   met2   via2   met3   met4   met5
Cut Spacing         52      0      2      0      1      0      0      0
Metal Spacing        0   3041      0   1030      0    174      7      0
Min Hole             0      1      0      1      0      0      0      0
Short                0   6837      3   1665      0    155     14      5
[INFO DRT-0267] cpu time = 01:38:58, elapsed time = 00:16:31, memory = 2371.16 (MB), peak = 2865.88 (MB)
Total wire length = 1705162 um.
Total wire length on LAYER li1 = 0 um.
Total wire length on LAYER met1 = 525225 um.
Total wire length on LAYER met2 = 585434 um.
Total wire length on LAYER met3 = 351800 um.
Total wire length on LAYER met4 = 228695 um.
Total wire length on LAYER met5 = 14006 um.
Total number of vias = 217816.
Up-via summary (total 217816):

-------------------------
 FR_MASTERSLICE         0
            li1     72538
           met1    110003
           met2     26124
           met3      8815
           met4       336
-------------------------
               217816


[INFO DRT-0195] Start 4th optimization iteration.
    Completing 10% with 12988 violations.
    elapsed time = 00:00:24, memory = 2632.36 (MB).
    Completing 20% with 12988 violations.
    elapsed time = 00:01:15, memory = 2703.65 (MB).
    Completing 30% with 11138 violations.
    elapsed time = 00:02:00, memory = 2749.74 (MB).
    Completing 40% with 11138 violations.
    elapsed time = 00:02:31, memory = 2725.14 (MB).
    Completing 50% with 11138 violations.
    elapsed time = 00:03:53, memory = 2452.79 (MB).
    Completing 60% with 9220 violations.
    elapsed time = 00:04:20, memory = 2686.64 (MB).
    Completing 70% with 9220 violations.
    elapsed time = 00:04:58, memory = 2731.52 (MB).
    Completing 80% with 7012 violations.
    elapsed time = 00:06:09, memory = 2691.36 (MB).
    Completing 90% with 7012 violations.
    elapsed time = 00:06:32, memory = 2837.18 (MB).
    Completing 100% with 4010 violations.
    elapsed time = 00:07:26, memory = 2447.58 (MB).
[INFO DRT-0199]   Number of violations = 4010.
Viol/Layer        mcon   met1   met2   met3   met5
Cut Spacing         18      0      0      0      0
Metal Spacing        0   1176    262     45      0
Min Hole             0      1      0      0      0
Short                0   2145    345     17      1
[INFO DRT-0267] cpu time = 00:43:37, elapsed time = 00:07:28, memory = 2453.38 (MB), peak = 2910.09 (MB)
Total wire length = 1705194 um.
Total wire length on LAYER li1 = 0 um.
Total wire length on LAYER met1 = 518729 um.
Total wire length on LAYER met2 = 582265 um.
Total wire length on LAYER met3 = 357110 um.
Total wire length on LAYER met4 = 233109 um.
Total wire length on LAYER met5 = 13978 um.
Total number of vias = 219315.
Up-via summary (total 219315):

-------------------------
 FR_MASTERSLICE         0
            li1     72561
           met1    110389
           met2     26807
           met3      9222
           met4       336
-------------------------
               219315


[INFO DRT-0195] Start 5th optimization iteration.
    Completing 10% with 4010 violations.
    elapsed time = 00:00:03, memory = 2635.64 (MB).
    Completing 20% with 4010 violations.
    elapsed time = 00:00:15, memory = 2786.44 (MB).
    Completing 30% with 3416 violations.
    elapsed time = 00:01:03, memory = 2414.25 (MB).
    Completing 40% with 3416 violations.
    elapsed time = 00:01:16, memory = 2652.59 (MB).
    Completing 50% with 3416 violations.
    elapsed time = 00:01:28, memory = 2658.63 (MB).
    Completing 60% with 2671 violations.
    elapsed time = 00:01:58, memory = 2729.65 (MB).
    Completing 70% with 2671 violations.
    elapsed time = 00:02:05, memory = 2808.00 (MB).
    Completing 80% with 1988 violations.
    elapsed time = 00:02:51, memory = 2414.25 (MB).
    Completing 90% with 1988 violations.
    elapsed time = 00:03:11, memory = 2802.90 (MB).
    Completing 100% with 1409 violations.
    elapsed time = 00:04:06, memory = 2414.25 (MB).
[INFO DRT-0199]   Number of violations = 1409.
Viol/Layer        mcon   met1   met2   met3
Cut Spacing         10      0      0      0
Metal Spacing        0    535     60      2
Short                0    702    100      0
[INFO DRT-0267] cpu time = 00:23:13, elapsed time = 00:04:07, memory = 2415.37 (MB), peak = 2910.09 (MB)
Total wire length = 1705055 um.
Total wire length on LAYER li1 = 0 um.
Total wire length on LAYER met1 = 517157 um.
Total wire length on LAYER met2 = 581284 um.
Total wire length on LAYER met3 = 358503 um.
Total wire length on LAYER met4 = 234132 um.
Total wire length on LAYER met5 = 13977 um.
Total number of vias = 219665.
Up-via summary (total 219665):

-------------------------
 FR_MASTERSLICE         0
            li1     72563
           met1    110430
           met2     27001
           met3      9333
           met4       338
-------------------------
               219665


[INFO DRT-0195] Start 6th optimization iteration.
    Completing 10% with 1409 violations.
    elapsed time = 00:00:00, memory = 2643.90 (MB).
    Completing 20% with 1409 violations.
    elapsed time = 00:00:06, memory = 2657.15 (MB).
    Completing 30% with 1218 violations.
    elapsed time = 00:00:41, memory = 2416.21 (MB).
    Completing 40% with 1218 violations.
    elapsed time = 00:00:44, memory = 2685.69 (MB).
    Completing 50% with 1218 violations.
    elapsed time = 00:00:56, memory = 2681.43 (MB).
    Completing 60% with 1080 violations.
    elapsed time = 00:01:24, memory = 2453.18 (MB).
    Completing 70% with 1080 violations.
    elapsed time = 00:01:27, memory = 2812.32 (MB).
    Completing 80% with 891 violations.
    elapsed time = 00:01:58, memory = 2420.41 (MB).
    Completing 90% with 891 violations.
    elapsed time = 00:02:05, memory = 2710.42 (MB).
    Completing 100% with 745 violations.
    elapsed time = 00:02:44, memory = 2416.21 (MB).
[INFO DRT-0199]   Number of violations = 745.
Viol/Layer        mcon   met1   met2   met3
Cut Spacing          8      0      0      0
Metal Spacing        0    279     36      2
Short                0    368     52      0
[INFO DRT-0267] cpu time = 00:11:30, elapsed time = 00:02:44, memory = 2419.21 (MB), peak = 2910.09 (MB)
Total wire length = 1705026 um.
Total wire length on LAYER li1 = 0 um.
Total wire length on LAYER met1 = 516825 um.
Total wire length on LAYER met2 = 581146 um.
Total wire length on LAYER met3 = 358748 um.
Total wire length on LAYER met4 = 234327 um.
Total wire length on LAYER met5 = 13977 um.
Total number of vias = 219729.
Up-via summary (total 219729):

-------------------------
 FR_MASTERSLICE         0
            li1     72560
           met1    110458
           met2     27028
           met3      9345
           met4       338
-------------------------
               219729


[INFO DRT-0195] Start 7th optimization iteration.
    Completing 10% with 745 violations.
    elapsed time = 00:00:00, memory = 2419.21 (MB).
    Completing 20% with 745 violations.
    elapsed time = 00:00:00, memory = 2419.21 (MB).
    Completing 30% with 714 violations.
    elapsed time = 00:00:25, memory = 2419.21 (MB).
    Completing 40% with 714 violations.
    elapsed time = 00:00:25, memory = 2439.07 (MB).
    Completing 50% with 714 violations.
    elapsed time = 00:00:29, memory = 2679.29 (MB).
    Completing 60% with 566 violations.
    elapsed time = 00:00:52, memory = 2419.21 (MB).
    Completing 70% with 566 violations.
    elapsed time = 00:00:52, memory = 2419.21 (MB).
    Completing 80% with 519 violations.
    elapsed time = 00:01:18, memory = 2419.21 (MB).
    Completing 90% with 519 violations.
    elapsed time = 00:01:21, memory = 2743.70 (MB).
    Completing 100% with 398 violations.
    elapsed time = 00:02:07, memory = 2419.21 (MB).
[INFO DRT-0199]   Number of violations = 398.
Viol/Layer        mcon   met1   met2   met3
Cut Spacing          6      0      0      0
Metal Spacing        0    159     14      2
Short                0    199     18      0
[INFO DRT-0267] cpu time = 00:07:46, elapsed time = 00:02:07, memory = 2419.21 (MB), peak = 2910.09 (MB)
Total wire length = 1704960 um.
Total wire length on LAYER li1 = 0 um.
Total wire length on LAYER met1 = 516460 um.
Total wire length on LAYER met2 = 580913 um.
Total wire length on LAYER met3 = 358978 um.
Total wire length on LAYER met4 = 234630 um.
Total wire length on LAYER met5 = 13977 um.
Total number of vias = 219761.
Up-via summary (total 219761):

-------------------------
 FR_MASTERSLICE         0
            li1     72564
           met1    110437
           met2     27045
           met3      9377
           met4       338
-------------------------
               219761


[INFO DRT-0195] Start 8th optimization iteration.
    Completing 10% with 398 violations.
    elapsed time = 00:00:00, memory = 2419.21 (MB).
    Completing 20% with 398 violations.
    elapsed time = 00:00:02, memory = 2844.27 (MB).
    Completing 30% with 373 violations.
    elapsed time = 00:00:15, memory = 2419.21 (MB).
    Completing 40% with 373 violations.
    elapsed time = 00:00:15, memory = 2419.21 (MB).
    Completing 50% with 373 violations.
    elapsed time = 00:01:47, memory = 2419.21 (MB).
    Completing 60% with 349 violations.
    elapsed time = 00:01:47, memory = 2419.21 (MB).
    Completing 70% with 349 violations.
    elapsed time = 00:01:55, memory = 2953.51 (MB).
    Completing 80% with 311 violations.
    elapsed time = 00:03:18, memory = 2419.21 (MB).
    Completing 90% with 311 violations.
    elapsed time = 00:03:18, memory = 2419.21 (MB).
    Completing 100% with 305 violations.
    elapsed time = 00:04:01, memory = 2419.21 (MB).
[INFO DRT-0199]   Number of violations = 305.
Viol/Layer        mcon   met1   met2   met3
Cut Spacing          2      0      0      0
Metal Spacing        0    105      8      2
Short                0    171     17      0
[INFO DRT-0267] cpu time = 00:09:38, elapsed time = 00:04:02, memory = 2419.21 (MB), peak = 3151.66 (MB)
Total wire length = 1704942 um.
Total wire length on LAYER li1 = 0 um.
Total wire length on LAYER met1 = 516334 um.
Total wire length on LAYER met2 = 580943 um.
Total wire length on LAYER met3 = 359059 um.
Total wire length on LAYER met4 = 234627 um.
Total wire length on LAYER met5 = 13977 um.
Total number of vias = 219748.
Up-via summary (total 219748):

-------------------------
 FR_MASTERSLICE         0
            li1     72562
           met1    110420
           met2     27048
           met3      9380
           met4       338
-------------------------
               219748


[INFO DRT-0195] Start 9th optimization iteration.
    Completing 10% with 305 violations.
    elapsed time = 00:00:00, memory = 2419.21 (MB).
    Completing 20% with 305 violations.
    elapsed time = 00:00:00, memory = 2419.21 (MB).
    Completing 30% with 305 violations.
    elapsed time = 00:01:05, memory = 2419.21 (MB).
    Completing 40% with 305 violations.
    elapsed time = 00:01:05, memory = 2419.21 (MB).
    Completing 50% with 305 violations.
    elapsed time = 00:05:01, memory = 2419.21 (MB).
    Completing 60% with 291 violations.
    elapsed time = 00:05:02, memory = 2419.21 (MB).
    Completing 70% with 291 violations.
    elapsed time = 00:05:09, memory = 3058.83 (MB).
    Completing 80% with 263 violations.
    elapsed time = 00:05:38, memory = 2419.21 (MB).
    Completing 90% with 263 violations.
    elapsed time = 00:05:38, memory = 2419.21 (MB).
    Completing 100% with 240 violations.
    elapsed time = 00:06:02, memory = 2419.21 (MB).
[INFO DRT-0199]   Number of violations = 240.
Viol/Layer        mcon   met1   met2   met3
Cut Spacing          3      0      0      0
Metal Spacing        0    102      4      2
Short                0    119     10      0
[INFO DRT-0267] cpu time = 00:11:47, elapsed time = 00:06:02, memory = 2419.21 (MB), peak = 3319.82 (MB)
Total wire length = 1704828 um.
Total wire length on LAYER li1 = 0 um.
Total wire length on LAYER met1 = 516338 um.
Total wire length on LAYER met2 = 580758 um.
Total wire length on LAYER met3 = 358948 um.
Total wire length on LAYER met4 = 234763 um.
Total wire length on LAYER met5 = 14020 um.
Total number of vias = 219696.
Up-via summary (total 219696):

-------------------------
 FR_MASTERSLICE         0
            li1     72563
           met1    110383
           met2     27029
           met3      9382
           met4       339
-------------------------
               219696


[INFO DRT-0195] Start 10th optimization iteration.
    Completing 10% with 240 violations.
    elapsed time = 00:00:00, memory = 2419.21 (MB).
    Completing 20% with 240 violations.
    elapsed time = 00:00:15, memory = 3072.91 (MB).
    Completing 30% with 155 violations.
    elapsed time = 00:00:27, memory = 2419.21 (MB).
    Completing 40% with 155 violations.
    elapsed time = 00:00:30, memory = 3542.05 (MB).
    Completing 50% with 155 violations.
    elapsed time = 00:00:58, memory = 2419.21 (MB).
    Completing 60% with 117 violations.
    elapsed time = 00:00:59, memory = 2419.21 (MB).
    Completing 70% with 117 violations.
    elapsed time = 00:01:14, memory = 3067.17 (MB).
    Completing 80% with 103 violations.
    elapsed time = 00:01:47, memory = 2419.21 (MB).
    Completing 90% with 103 violations.
    elapsed time = 00:01:47, memory = 2419.21 (MB).
    Completing 100% with 103 violations.
    elapsed time = 00:01:54, memory = 2419.21 (MB).
[INFO DRT-0199]   Number of violations = 103.
Viol/Layer        mcon   met1   met2
Cut Spacing          2      0      0
Metal Spacing        0     71      1
Short                0     29      0
[INFO DRT-0267] cpu time = 00:05:35, elapsed time = 00:01:54, memory = 2419.21 (MB), peak = 3629.05 (MB)
Total wire length = 1704878 um.
Total wire length on LAYER li1 = 0 um.
Total wire length on LAYER met1 = 516202 um.
Total wire length on LAYER met2 = 580805 um.
Total wire length on LAYER met3 = 359014 um.
Total wire length on LAYER met4 = 234836 um.
Total wire length on LAYER met5 = 14020 um.
Total number of vias = 219714.
Up-via summary (total 219714):

-------------------------
 FR_MASTERSLICE         0
            li1     72565
           met1    110379
           met2     27045
           met3      9386
           met4       339
-------------------------
               219714


[INFO DRT-0195] Start 11th optimization iteration.
    Completing 10% with 103 violations.
    elapsed time = 00:00:00, memory = 2419.21 (MB).
    Completing 20% with 103 violations.
    elapsed time = 00:00:00, memory = 2419.21 (MB).
    Completing 30% with 103 violations.
    elapsed time = 00:00:19, memory = 2710.02 (MB).
    Completing 40% with 101 violations.
    elapsed time = 00:00:25, memory = 2419.21 (MB).
    Completing 50% with 101 violations.
    elapsed time = 00:00:25, memory = 2419.21 (MB).
    Completing 60% with 85 violations.
    elapsed time = 00:00:35, memory = 2419.21 (MB).
    Completing 70% with 85 violations.
    elapsed time = 00:00:35, memory = 2419.21 (MB).
    Completing 80% with 85 violations.
    elapsed time = 00:01:00, memory = 2419.21 (MB).
    Completing 90% with 57 violations.
    elapsed time = 00:01:01, memory = 2419.21 (MB).
    Completing 100% with 23 violations.
    elapsed time = 00:01:21, memory = 2419.21 (MB).
[INFO DRT-0199]   Number of violations = 23.
Viol/Layer        mcon   met1
Cut Spacing          1      0
Metal Spacing        0     13
Short                0      9
[INFO DRT-0267] cpu time = 00:02:44, elapsed time = 00:01:21, memory = 2419.21 (MB), peak = 3629.05 (MB)
Total wire length = 1705045 um.
Total wire length on LAYER li1 = 0 um.
Total wire length on LAYER met1 = 516022 um.
Total wire length on LAYER met2 = 580749 um.
Total wire length on LAYER met3 = 359253 um.
Total wire length on LAYER met4 = 235000 um.
Total wire length on LAYER met5 = 14020 um.
Total number of vias = 219747.
Up-via summary (total 219747):

-------------------------
 FR_MASTERSLICE         0
            li1     72566
           met1    110365
           met2     27076
           met3      9401
           met4       339
-------------------------
               219747


[INFO DRT-0195] Start 12th guides tiles iteration.
    Completing 10% with 23 violations.
    elapsed time = 00:00:00, memory = 2419.21 (MB).
    Completing 20% with 23 violations.
    elapsed time = 00:00:00, memory = 2419.21 (MB).
    Completing 30% with 23 violations.
    elapsed time = 00:00:00, memory = 2419.21 (MB).
    Completing 40% with 23 violations.
    elapsed time = 00:00:00, memory = 2419.21 (MB).
    Completing 50% with 23 violations.
    elapsed time = 00:00:00, memory = 2419.21 (MB).
    Completing 60% with 23 violations.
    elapsed time = 00:00:00, memory = 2419.21 (MB).
    Completing 70% with 20 violations.
    elapsed time = 00:00:00, memory = 2419.21 (MB).
    Completing 80% with 20 violations.
    elapsed time = 00:00:00, memory = 2419.21 (MB).
    Completing 90% with 20 violations.
    elapsed time = 00:00:01, memory = 2419.21 (MB).
    Completing 100% with 17 violations.
    elapsed time = 00:00:02, memory = 2419.21 (MB).
[INFO DRT-0199]   Number of violations = 17.
Viol/Layer        mcon   met1   met2
Cut Spacing          1      0      0
Metal Spacing        0      7      1
Short                0      8      0
[INFO DRT-0267] cpu time = 00:00:04, elapsed time = 00:00:02, memory = 2419.21 (MB), peak = 3629.05 (MB)
Total wire length = 1705058 um.
Total wire length on LAYER li1 = 0 um.
Total wire length on LAYER met1 = 516022 um.
Total wire length on LAYER met2 = 580756 um.
Total wire length on LAYER met3 = 359254 um.
Total wire length on LAYER met4 = 235003 um.
Total wire length on LAYER met5 = 14020 um.
Total number of vias = 219756.
Up-via summary (total 219756):

-------------------------
 FR_MASTERSLICE         0
            li1     72566
           met1    110373
           met2     27076
           met3      9402
           met4       339
-------------------------
               219756


[INFO DRT-0195] Start 13th guides tiles iteration.
    Completing 20% with 17 violations.
    elapsed time = 00:00:00, memory = 2419.21 (MB).
    Completing 40% with 17 violations.
    elapsed time = 00:00:00, memory = 2419.21 (MB).
    Completing 60% with 17 violations.
    elapsed time = 00:00:00, memory = 2419.21 (MB).
    Completing 80% with 17 violations.
    elapsed time = 00:00:01, memory = 2419.21 (MB).
    Completing 100% with 15 violations.
    elapsed time = 00:00:02, memory = 2419.21 (MB).
[INFO DRT-0199]   Number of violations = 15.
Viol/Layer        mcon   met1
Cut Spacing          1      0
Metal Spacing        0      6
Short                0      8
[INFO DRT-0267] cpu time = 00:00:02, elapsed time = 00:00:02, memory = 2419.21 (MB), peak = 3629.05 (MB)
Total wire length = 1705055 um.
Total wire length on LAYER li1 = 0 um.
Total wire length on LAYER met1 = 516024 um.
Total wire length on LAYER met2 = 580754 um.
Total wire length on LAYER met3 = 359251 um.
Total wire length on LAYER met4 = 235003 um.
Total wire length on LAYER met5 = 14020 um.
Total number of vias = 219751.
Up-via summary (total 219751):

-------------------------
 FR_MASTERSLICE         0
            li1     72566
           met1    110370
           met2     27074
           met3      9402
           met4       339
-------------------------
               219751


[INFO DRT-0195] Start 14th guides tiles iteration.
    Completing 20% with 15 violations.
    elapsed time = 00:00:00, memory = 2419.21 (MB).
    Completing 50% with 15 violations.
    elapsed time = 00:00:00, memory = 2419.21 (MB).
    Completing 70% with 15 violations.
    elapsed time = 00:00:01, memory = 2419.21 (MB).
    Completing 100% with 15 violations.
    elapsed time = 00:00:01, memory = 2419.21 (MB).
[INFO DRT-0199]   Number of violations = 15.
Viol/Layer        mcon   met1
Cut Spacing          1      0
Metal Spacing        0      6
Short                0      8
[INFO DRT-0267] cpu time = 00:00:02, elapsed time = 00:00:01, memory = 2419.21 (MB), peak = 3629.05 (MB)
Total wire length = 1705056 um.
Total wire length on LAYER li1 = 0 um.
Total wire length on LAYER met1 = 516025 um.
Total wire length on LAYER met2 = 580754 um.
Total wire length on LAYER met3 = 359251 um.
Total wire length on LAYER met4 = 235003 um.
Total wire length on LAYER met5 = 14020 um.
Total number of vias = 219751.
Up-via summary (total 219751):

-------------------------
 FR_MASTERSLICE         0
            li1     72566
           met1    110370
           met2     27074
           met3      9402
           met4       339
-------------------------
               219751


[INFO DRT-0195] Start 15th guides tiles iteration.
    Completing 20% with 15 violations.
    elapsed time = 00:00:00, memory = 2419.21 (MB).
    Completing 50% with 15 violations.
    elapsed time = 00:00:00, memory = 2419.21 (MB).
    Completing 70% with 15 violations.
    elapsed time = 00:00:01, memory = 2419.21 (MB).
    Completing 100% with 15 violations.
    elapsed time = 00:00:01, memory = 2419.21 (MB).
[INFO DRT-0199]   Number of violations = 15.
Viol/Layer        mcon   met1
Cut Spacing          1      0
Metal Spacing        0      6
Short                0      8
[INFO DRT-0267] cpu time = 00:00:02, elapsed time = 00:00:01, memory = 2419.21 (MB), peak = 3629.05 (MB)
Total wire length = 1705055 um.
Total wire length on LAYER li1 = 0 um.
Total wire length on LAYER met1 = 516024 um.
Total wire length on LAYER met2 = 580754 um.
Total wire length on LAYER met3 = 359251 um.
Total wire length on LAYER met4 = 235003 um.
Total wire length on LAYER met5 = 14020 um.
Total number of vias = 219751.
Up-via summary (total 219751):

-------------------------
 FR_MASTERSLICE         0
            li1     72566
           met1    110370
           met2     27074
           met3      9402
           met4       339
-------------------------
               219751


[INFO DRT-0195] Start 16th stubborn tiles iteration.
    Completing 10% with 15 violations.
    elapsed time = 00:00:07, memory = 2910.38 (MB).
    Completing 20% with 15 violations.
    elapsed time = 00:00:13, memory = 2924.23 (MB).
    Completing 30% with 15 violations.
    elapsed time = 00:00:21, memory = 3001.02 (MB).
    Completing 40% with 15 violations.
    elapsed time = 00:00:27, memory = 3077.20 (MB).
    Completing 50% with 15 violations.
    elapsed time = 00:00:41, memory = 3464.43 (MB).
    Completing 60% with 15 violations.
    elapsed time = 00:00:48, memory = 3556.73 (MB).
    Completing 70% with 15 violations.
    elapsed time = 00:00:54, memory = 3825.78 (MB).
    Completing 80% with 15 violations.
    elapsed time = 00:00:57, memory = 3984.07 (MB).
    Completing 90% with 15 violations.
    elapsed time = 00:00:59, memory = 4121.62 (MB).
    Completing 100% with 1 violations.
    elapsed time = 00:01:14, memory = 3817.25 (MB).
[INFO DRT-0199]   Number of violations = 1.
Viol/Layer        met1
Metal Spacing        1
[INFO DRT-0267] cpu time = 00:12:59, elapsed time = 00:01:15, memory = 3823.48 (MB), peak = 4273.16 (MB)
Total wire length = 1705062 um.
Total wire length on LAYER li1 = 0 um.
Total wire length on LAYER met1 = 516024 um.
Total wire length on LAYER met2 = 580763 um.
Total wire length on LAYER met3 = 359250 um.
Total wire length on LAYER met4 = 235003 um.
Total wire length on LAYER met5 = 14020 um.
Total number of vias = 219758.
Up-via summary (total 219758):

-------------------------
 FR_MASTERSLICE         0
            li1     72566
           met1    110372
           met2     27079
           met3      9402
           met4       339
-------------------------
               219758


[INFO DRT-0195] Start 17th optimization iteration.
    Completing 10% with 1 violations.
    elapsed time = 00:00:00, memory = 3823.48 (MB).
    Completing 20% with 1 violations.
    elapsed time = 00:00:00, memory = 3823.48 (MB).
    Completing 30% with 1 violations.
    elapsed time = 00:00:00, memory = 3823.48 (MB).
    Completing 40% with 1 violations.
    elapsed time = 00:00:00, memory = 3823.48 (MB).
    Completing 50% with 1 violations.
    elapsed time = 00:00:00, memory = 3823.48 (MB).
    Completing 60% with 1 violations.
    elapsed time = 00:00:09, memory = 3823.50 (MB).
    Completing 70% with 1 violations.
    elapsed time = 00:00:09, memory = 3823.50 (MB).
    Completing 80% with 1 violations.
    elapsed time = 00:00:09, memory = 3823.50 (MB).
    Completing 90% with 1 violations.
    elapsed time = 00:00:09, memory = 3823.50 (MB).
    Completing 100% with 1 violations.
    elapsed time = 00:00:09, memory = 3823.50 (MB).
[INFO DRT-0199]   Number of violations = 1.
Viol/Layer        met1
Metal Spacing        1
[INFO DRT-0267] cpu time = 00:00:10, elapsed time = 00:00:09, memory = 3823.50 (MB), peak = 4273.16 (MB)
Total wire length = 1705062 um.
Total wire length on LAYER li1 = 0 um.
Total wire length on LAYER met1 = 516024 um.
Total wire length on LAYER met2 = 580763 um.
Total wire length on LAYER met3 = 359250 um.
Total wire length on LAYER met4 = 235003 um.
Total wire length on LAYER met5 = 14020 um.
Total number of vias = 219758.
Up-via summary (total 219758):

-------------------------
 FR_MASTERSLICE         0
            li1     72566
           met1    110372
           met2     27079
           met3      9402
           met4       339
-------------------------
               219758


[INFO DRT-0195] Start 18th guides tiles iteration.
    Completing 100% with 0 violations.
    elapsed time = 00:00:00, memory = 3823.50 (MB).
[INFO DRT-0199]   Number of violations = 0.
[INFO DRT-0267] cpu time = 00:00:00, elapsed time = 00:00:00, memory = 3823.50 (MB), peak = 4273.16 (MB)
Total wire length = 1705062 um.
Total wire length on LAYER li1 = 0 um.
Total wire length on LAYER met1 = 516024 um.
Total wire length on LAYER met2 = 580763 um.
Total wire length on LAYER met3 = 359250 um.
Total wire length on LAYER met4 = 235003 um.
Total wire length on LAYER met5 = 14020 um.
Total number of vias = 219758.
Up-via summary (total 219758):

-------------------------
 FR_MASTERSLICE         0
            li1     72566
           met1    110372
           met2     27079
           met3      9402
           met4       339
-------------------------
               219758


[INFO DRT-0198] Complete detail routing.
Total wire length = 1705062 um.
Total wire length on LAYER li1 = 0 um.
Total wire length on LAYER met1 = 516024 um.
Total wire length on LAYER met2 = 580763 um.
Total wire length on LAYER met3 = 359250 um.
Total wire length on LAYER met4 = 235003 um.
Total wire length on LAYER met5 = 14020 um.
Total number of vias = 219758.
Up-via summary (total 219758):

-------------------------
 FR_MASTERSLICE         0
            li1     72566
           met1    110372
           met2     27079
           met3      9402
           met4       339
-------------------------
               219758


[INFO DRT-0267] cpu time = 06:27:20, elapsed time = 01:14:11, memory = 3823.50 (MB), peak = 4273.16 (MB)

[INFO DRT-0180] Post processing.
[INFO DRT-0501] Runtime: 4344.01s
Took 4541 seconds: detailed_route -output_drc /root/cac_runs/keccak_s7_20ns_ant10/reports/sky130hd/cac_keccak_s7_20ns/base/5_route_drc.rpt -output_maze /root/cac_runs/keccak_s7_20ns_ant10/results/sky130hd/cac_keccak_s7_20ns/base/maze.log -droute_end_iter 64 -verbose 1 -drc_report_iter_step 5
[INFO GRT-0012] Found 200 antenna violations.
[WARNING GRT-0243] Unable to repair antennas on net with diodes.
[INFO DPL-0006] Core area: 449380.99 um^2
[INFO DPL-0007] Movable instances area: 5.00 um^2
[INFO DPL-0008] Fixed instances area within core: 230476.04 um^2
[INFO DPL-0009] Utilization: 51.3%
[INFO DPL-0005] Diamond search max displacement: +/- 500 sites horizontally, +/- 100 rows vertically.
[INFO DPL-1102] Legalizing using negotiation legalizer.
[INFO DPL-1103] Negotiation base search window: +/-20 sites horizontally, +/-5 rows vertically 
	Automatic search window extension enabled.
	Search window extendable up to the max displacement cap of +/-500 sites, +/-100 rows near walls.
[INFO DPL-1104] NegotiationLegalizer DRC penalty: 5.
[INFO DPL-0392] Negotiation cell height distribution (1 unique row-count(s)):
[INFO DPL-0393]   height 1 row(s): 26168 cells
          |      Total |  Illegal |  Illegal
Iteration | Violations |    Cells |    Sites
---------------------------------------------
        0 |          0 |         0 |         0
Negotiation phase 1 converged at iteration 0.
[INFO DPL-0500] Runtime: 0.10s
[INFO GRT-0015] Inserted 287 diodes.
[WARNING DRT-0120] Large net net1978 has 187 pins which may impact routing performance. Consider optimization.
[WARNING DRT-0120] Large net net1973 has 174 pins which may impact routing performance. Consider optimization.
[WARNING DRT-0120] Large net net1960 has 193 pins which may impact routing performance. Consider optimization.
[WARNING DRT-0120] Large net net1882 has 112 pins which may impact routing performance. Consider optimization.
[WARNING DRT-0120] Large net net1858 has 103 pins which may impact routing performance. Consider optimization.
[WARNING DRT-0120] Large net net1561 has 163 pins which may impact routing performance. Consider optimization.
[WARNING DRT-0120] Large net net1560 has 119 pins which may impact routing performance. Consider optimization.
[WARNING DRT-0120] Large net net1555 has 142 pins which may impact routing performance. Consider optimization.
[WARNING DRT-0120] Large net net1547 has 134 pins which may impact routing performance. Consider optimization.
[WARNING DRT-0120] Large net net1546 has 131 pins which may impact routing performance. Consider optimization.
[WARNING DRT-0120] Large net net1544 has 152 pins which may impact routing performance. Consider optimization.
[WARNING DRT-0120] Large net net1420 has 108 pins which may impact routing performance. Consider optimization.
[WARNING DRT-0120] Large net net1896 has 104 pins which may impact routing performance. Consider optimization.
[WARNING DRT-0120] Large net net1901 has 119 pins which may impact routing performance. Consider optimization.
[WARNING DRT-0120] Large net net1943 has 186 pins which may impact routing performance. Consider optimization.
[WARNING DRT-0120] Large net net1920 has 104 pins which may impact routing performance. Consider optimization.
[WARNING DRT-0120] Large net net1871 has 102 pins which may impact routing performance. Consider optimization.
[WARNING DRT-0120] Large net net1874 has 105 pins which may impact routing performance. Consider optimization.
[WARNING DRT-0120] Large net net1878 has 101 pins which may impact routing performance. Consider optimization.
[WARNING DRT-0120] Large net net71 has 154 pins which may impact routing performance. Consider optimization.
[INFO DRT-0024]   Complete FR_MASTERSLICE.
[INFO DRT-0024]   Complete Fr_VIA.
[INFO DRT-0024]   Complete li1.
[INFO DRT-0024]   Complete mcon.
[INFO DRT-0024]   Complete met1.
[INFO DRT-0024]   Complete via.
[INFO DRT-0024]   Complete met2.
[INFO DRT-0024]   Complete via2.
[INFO DRT-0024]   Complete met3.
[INFO DRT-0024]   Complete via3.
[INFO DRT-0024]   Complete met4.
[INFO DRT-0024]   Complete via4.
[INFO DRT-0024]   Complete met5.
[INFO DRT-0165] Start pin access.
[INFO DRT-0076]   Complete 1000 pins.
[INFO DRT-0078]   Complete 1341 pins.
[INFO DRT-0079]   Complete 100 unique inst patterns.
[INFO DRT-0081]   Complete 174 unique inst patterns.
[INFO DRT-0082]   Complete 10000 groups.
[INFO DRT-0084]   Complete 14345 groups.
#scanned instances     = 26168
#unique  instances     = 174
#stdCellGenAp          = 5645
#stdCellValidPlanarAp  = 103
#stdCellValidViaAp     = 3911
#stdCellPinNoAp        = 0
#stdCellPinCnt         = 74986
#instTermValidViaApCnt = 0
#macroGenAp            = 0
#macroValidPlanarAp    = 0
#macroValidViaAp       = 0
#macroNoAp             = 0
[INFO DRT-0166] Complete pin access.
[INFO DRT-0267] cpu time = 00:07:32, elapsed time = 00:00:40, memory = 2922.28 (MB), peak = 4273.16 (MB)
[INFO DRT-0156] guideIn read 100000 guides.
[INFO DRT-0156] guideIn read 200000 guides.

[INFO DRT-0157] Number of guides:     217730

[INFO DRT-0169] Post process guides.
[INFO DRT-0176] GCELLGRID X 0 DO 97 STEP 6900 ;
[INFO DRT-0177] GCELLGRID Y 0 DO 97 STEP 6900 ;
[INFO DRT-0026]   Complete 100000 origin guides.
[INFO DRT-0026]   Complete 200000 origin guides.
[INFO DRT-0028]   Complete FR_MASTERSLICE.
[INFO DRT-0028]   Complete Fr_VIA.
[INFO DRT-0028]   Complete li1.
[INFO DRT-0028]   Complete mcon.
[INFO DRT-0028]   Complete met1.
[INFO DRT-0028]   Complete via.
[INFO DRT-0028]   Complete met2.
[INFO DRT-0028]   Complete via2.
[INFO DRT-0028]   Complete met3.
[INFO DRT-0028]   Complete via3.
[INFO DRT-0028]   Complete met4.
[INFO DRT-0028]   Complete via4.
[INFO DRT-0028]   Complete met5.
[INFO DRT-0178] Init guide query.
[INFO DRT-0035]   Complete FR_MASTERSLICE (guide).
[INFO DRT-0035]   Complete Fr_VIA (guide).
[INFO DRT-0035]   Complete li1 (guide).
[INFO DRT-0035]   Complete mcon (guide).
[INFO DRT-0035]   Complete met1 (guide).
[INFO DRT-0035]   Complete via (guide).
[INFO DRT-0035]   Complete met2 (guide).
[INFO DRT-0035]   Complete via2 (guide).
[INFO DRT-0035]   Complete met3 (guide).
[INFO DRT-0035]   Complete via3 (guide).
[INFO DRT-0035]   Complete met4 (guide).
[INFO DRT-0035]   Complete via4 (guide).
[INFO DRT-0035]   Complete met5 (guide).
[INFO DRT-0036] FR_MASTERSLICE guide region query size = 0.
[INFO DRT-0036] FR_VIA guide region query size = 0.
[INFO DRT-0036] li1 guide region query size = 62481.
[INFO DRT-0036] mcon guide region query size = 0.
[INFO DRT-0036] met1 guide region query size = 62242.
[INFO DRT-0036] via guide region query size = 0.
[INFO DRT-0036] met2 guide region query size = 36114.
[INFO DRT-0036] via2 guide region query size = 0.
[INFO DRT-0036] met3 guide region query size = 6927.
[INFO DRT-0036] via3 guide region query size = 0.
[INFO DRT-0036] met4 guide region query size = 3025.
[INFO DRT-0036] via4 guide region query size = 0.
[INFO DRT-0036] met5 guide region query size = 202.
[INFO DRT-0179] Init gr pin query.
[INFO DRT-0267] cpu time = 00:00:01, elapsed time = 00:00:00, memory = 2922.28 (MB), peak = 4273.16 (MB)
[INFO DRT-0245] skipped writing guide updates to database.
[INFO DRT-0181] Start track assignment.
[INFO DRT-0184] Done with 101620 vertical wires in 2 frboxes and 69371 horizontal wires in 2 frboxes.
[INFO DRT-0186] Done with 22171 vertical wires in 2 frboxes and 32941 horizontal wires in 2 frboxes.
[INFO DRT-0182] Complete track assignment.
[INFO DRT-0267] cpu time = 00:00:14, elapsed time = 00:00:06, memory = 2922.48 (MB), peak = 4273.16 (MB)
[INFO DRT-0187] Start routing data preparation.
[INFO DRT-0267] cpu time = 00:00:00, elapsed time = 00:00:00, memory = 2922.48 (MB), peak = 4273.16 (MB)
[INFO DRT-0194] Start detail routing.
[INFO DRT-0195] Start 0th optimization iteration.
    Completing 10% with 0 violations.
    elapsed time = 00:00:29, memory = 3074.50 (MB).
    Completing 20% with 0 violations.
    elapsed time = 00:00:58, memory = 3169.29 (MB).
    Completing 30% with 16025 violations.
    elapsed time = 00:01:23, memory = 3129.91 (MB).
    Completing 40% with 16025 violations.
    elapsed time = 00:01:46, memory = 3212.14 (MB).
    Completing 50% with 16025 violations.
    elapsed time = 00:02:12, memory = 2951.93 (MB).
    Completing 60% with 30552 violations.
    elapsed time = 00:02:40, memory = 3136.45 (MB).
    Completing 70% with 30552 violations.
    elapsed time = 00:03:02, memory = 3261.25 (MB).
    Completing 80% with 44463 violations.
    elapsed time = 00:03:41, memory = 3189.84 (MB).
    Completing 90% with 44463 violations.
    elapsed time = 00:04:04, memory = 3261.46 (MB).
    Completing 100% with 56799 violations.
    elapsed time = 00:04:33, memory = 2935.93 (MB).
[INFO DRT-0199]   Number of violations = 59980.
Viol/Layer         li1   mcon   met1    via   met2   met3   via3   met4   met5
Cut Spacing          0     10      0      0      0      0      0      0      0
Metal Spacing        0      0   3333      0   2927    109      0     23      0
Min Hole             0      0     32      0      0      0      0      0      0
NS Metal             0      0      4      0      0      0      0      0      0
Recheck              6      0   1658      0   1245    195      0     73      4
Short                0      0  32849     46  16755    574      3    130      4
[INFO DRT-0267] cpu time = 00:46:32, elapsed time = 00:04:34, memory = 3053.39 (MB), peak = 4273.16 (MB)
Total wire length = 1720545 um.
Total wire length on LAYER li1 = 0 um.
Total wire length on LAYER met1 = 583126 um.
Total wire length on LAYER met2 = 619895 um.
Total wire length on LAYER met3 = 298356 um.
Total wire length on LAYER met4 = 206349 um.
Total wire length on LAYER met5 = 12816 um.
Total number of vias = 219126.
Up-via summary (total 219126):

-------------------------
 FR_MASTERSLICE         0
            li1     72924
           met1    113343
           met2     24450
           met3      8110
           met4       299
-------------------------
               219126


[INFO DRT-0195] Start 1st optimization iteration.
    Completing 10% with 59980 violations.
    elapsed time = 00:00:16, memory = 3203.44 (MB).
    Completing 20% with 59980 violations.
    elapsed time = 00:00:29, memory = 3403.05 (MB).
    Completing 30% with 54939 violations.
    elapsed time = 00:00:48, memory = 3207.30 (MB).
    Completing 40% with 54939 violations.
    elapsed time = 00:01:03, memory = 3362.45 (MB).
    Completing 50% with 54939 violations.
    elapsed time = 00:01:20, memory = 3302.18 (MB).
    Completing 60% with 49367 violations.
    elapsed time = 00:01:45, memory = 3367.52 (MB).
    Completing 70% with 49367 violations.
    elapsed time = 00:02:03, memory = 3372.34 (MB).
    Completing 80% with 42337 violations.
    elapsed time = 00:02:31, memory = 3411.48 (MB).
    Completing 90% with 42337 violations.
    elapsed time = 00:02:49, memory = 3321.59 (MB).
    Completing 100% with 36267 violations.
    elapsed time = 00:03:17, memory = 3128.27 (MB).
[INFO DRT-0199]   Number of violations = 36272.
Viol/Layer        mcon   met1    via   met2   met3   met4
Cut Spacing         12      0      1      0      0      0
Metal Spacing        0   2420      0   2587     49      4
Min Hole             0      1      0      0      0      0
NS Metal             0      1      0      0      0      0
Recheck              0      4      0      1      0      0
Short                0  22897      9   8169    100     17
[INFO DRT-0267] cpu time = 00:34:52, elapsed time = 00:03:18, memory = 3128.27 (MB), peak = 4273.16 (MB)
Total wire length = 1712545 um.
Total wire length on LAYER li1 = 0 um.
Total wire length on LAYER met1 = 575744 um.
Total wire length on LAYER met2 = 614466 um.
Total wire length on LAYER met3 = 301722 um.
Total wire length on LAYER met4 = 207802 um.
Total wire length on LAYER met5 = 12810 um.
Total number of vias = 217536.
Up-via summary (total 217536):

-------------------------
 FR_MASTERSLICE         0
            li1     72949
           met1    111695
           met2     24436
           met3      8157
           met4       299
-------------------------
               217536


[INFO DRT-0195] Start 2nd optimization iteration.
    Completing 10% with 36272 violations.
    elapsed time = 00:00:20, memory = 3360.06 (MB).
    Completing 20% with 36272 violations.
    elapsed time = 00:00:38, memory = 3474.82 (MB).
    Completing 30% with 35643 violations.
    elapsed time = 00:00:57, memory = 3371.28 (MB).
    Completing 40% with 35643 violations.
    elapsed time = 00:01:11, memory = 3379.55 (MB).
    Completing 50% with 35643 violations.
    elapsed time = 00:01:31, memory = 3128.90 (MB).
    Completing 60% with 35274 violations.
    elapsed time = 00:01:46, memory = 3348.73 (MB).
    Completing 70% with 35274 violations.
    elapsed time = 00:02:03, memory = 3319.48 (MB).
    Completing 80% with 35363 violations.
    elapsed time = 00:02:23, memory = 3412.70 (MB).
    Completing 90% with 35363 violations.
    elapsed time = 00:02:38, memory = 3370.16 (MB).
    Completing 100% with 34533 violations.
    elapsed time = 00:02:57, memory = 3133.50 (MB).
[INFO DRT-0199]   Number of violations = 34533.
Viol/Layer        mcon   met1    via   met2   met3   met4
Cut Spacing         15      0      1      0      0      0
Metal Spacing        0   2513      0   2572     43      8
Min Hole             0      1      0      0      0      0
NS Metal             0      1      0      0      0      0
Short                0  21443      7   7810    106     13
[INFO DRT-0267] cpu time = 00:30:20, elapsed time = 00:02:57, memory = 3133.50 (MB), peak = 4273.16 (MB)
Total wire length = 1711393 um.
Total wire length on LAYER li1 = 0 um.
Total wire length on LAYER met1 = 574913 um.
Total wire length on LAYER met2 = 614175 um.
Total wire length on LAYER met3 = 301858 um.
Total wire length on LAYER met4 = 207628 um.
Total wire length on LAYER met5 = 12817 um.
Total number of vias = 217083.
Up-via summary (total 217083):

-------------------------
 FR_MASTERSLICE         0
            li1     72934
           met1    111413
           met2     24351
           met3      8086
           met4       299
-------------------------
               217083


[INFO DRT-0195] Start 3rd optimization iteration.
    Completing 10% with 34533 violations.
    elapsed time = 00:00:52, memory = 3300.51 (MB).
    Completing 20% with 34533 violations.
    elapsed time = 00:01:38, memory = 3287.01 (MB).
    Completing 30% with 28751 violations.
    elapsed time = 00:02:35, memory = 3378.59 (MB).
    Completing 40% with 28751 violations.
    elapsed time = 00:03:15, memory = 3264.52 (MB).
    Completing 50% with 28751 violations.
    elapsed time = 00:04:17, memory = 3170.06 (MB).
    Completing 60% with 22417 violations.
    elapsed time = 00:05:03, memory = 3342.88 (MB).
    Completing 70% with 22417 violations.
    elapsed time = 00:05:42, memory = 3415.49 (MB).
    Completing 80% with 16808 violations.
    elapsed time = 00:06:36, memory = 3426.80 (MB).
    Completing 90% with 16808 violations.
    elapsed time = 00:07:18, memory = 3415.39 (MB).
    Completing 100% with 11430 violations.
    elapsed time = 00:08:02, memory = 3227.23 (MB).
[INFO DRT-0199]   Number of violations = 11432.
Viol/Layer        mcon   met1    via   met2   met3   met4
Cut Spacing         24      0      6      0      0      0
Metal Spacing        0   2315      0   1090     44      2
Min Hole             0      2      0      2      0      0
NS Metal             0      1      0      0      0      0
Recheck              0      2      0      0      0      0
Short                0   5744      5   2121     72      2
[INFO DRT-0267] cpu time = 01:19:58, elapsed time = 00:08:03, memory = 3227.23 (MB), peak = 4273.16 (MB)
Total wire length = 1713067 um.
Total wire length on LAYER li1 = 0 um.
Total wire length on LAYER met1 = 532889 um.
Total wire length on LAYER met2 = 593136 um.
Total wire length on LAYER met3 = 342712 um.
Total wire length on LAYER met4 = 231557 um.
Total wire length on LAYER met5 = 12771 um.
Total number of vias = 228128.
Up-via summary (total 228128):

-------------------------
 FR_MASTERSLICE         0
            li1     72938
           met1    114171
           met2     30590
           met3     10138
           met4       291
-------------------------
               228128


[INFO DRT-0195] Start 4th optimization iteration.
    Completing 10% with 11432 violations.
    elapsed time = 00:00:19, memory = 3317.12 (MB).
    Completing 20% with 11432 violations.
    elapsed time = 00:00:37, memory = 3401.21 (MB).
    Completing 30% with 10203 violations.
    elapsed time = 00:01:02, memory = 3420.09 (MB).
    Completing 40% with 10203 violations.
    elapsed time = 00:01:18, memory = 3424.02 (MB).
    Completing 50% with 10203 violations.
    elapsed time = 00:01:49, memory = 3230.00 (MB).
    Completing 60% with 8477 violations.
    elapsed time = 00:02:06, memory = 3370.76 (MB).
    Completing 70% with 8477 violations.
    elapsed time = 00:02:28, memory = 3534.09 (MB).
    Completing 80% with 6470 violations.
    elapsed time = 00:02:59, memory = 3445.29 (MB).
    Completing 90% with 6470 violations.
    elapsed time = 00:03:14, memory = 3471.53 (MB).
    Completing 100% with 4060 violations.
    elapsed time = 00:03:41, memory = 3317.83 (MB).
[INFO DRT-0199]   Number of violations = 4060.
Viol/Layer        mcon   met1    via   met2   met3   met4
Cut Spacing         10      0      1      0      0      0
Metal Spacing        0    970      0    390     14      0
Min Hole             0      1      0      2      0      0
NS Metal             0      1      0      0      0      0
Short                0   2026      2    628     14      1
[INFO DRT-0267] cpu time = 00:34:30, elapsed time = 00:03:42, memory = 3317.83 (MB), peak = 4273.16 (MB)
Total wire length = 1712336 um.
Total wire length on LAYER li1 = 0 um.
Total wire length on LAYER met1 = 527851 um.
Total wire length on LAYER met2 = 589796 um.
Total wire length on LAYER met3 = 346911 um.
Total wire length on LAYER met4 = 235039 um.
Total wire length on LAYER met5 = 12737 um.
Total number of vias = 228597.
Up-via summary (total 228597):

-------------------------
 FR_MASTERSLICE         0
            li1     72930
           met1    114058
           met2     30871
           met3     10452
           met4       286
-------------------------
               228597


[INFO DRT-0195] Start 5th optimization iteration.
    Completing 10% with 4060 violations.
    elapsed time = 00:00:05, memory = 3384.77 (MB).
    Completing 20% with 4060 violations.
    elapsed time = 00:00:21, memory = 3457.38 (MB).
    Completing 30% with 3553 violations.
    elapsed time = 00:00:30, memory = 3348.41 (MB).
    Completing 40% with 3553 violations.
    elapsed time = 00:00:37, memory = 3438.84 (MB).
    Completing 50% with 3553 violations.
    elapsed time = 00:00:46, memory = 3498.32 (MB).
    Completing 60% with 3202 violations.
    elapsed time = 00:01:10, memory = 3494.04 (MB).
    Completing 70% with 3202 violations.
    elapsed time = 00:01:16, memory = 3494.04 (MB).
    Completing 80% with 2529 violations.
    elapsed time = 00:01:42, memory = 3462.89 (MB).
    Completing 90% with 2529 violations.
    elapsed time = 00:01:55, memory = 3501.30 (MB).
    Completing 100% with 1922 violations.
    elapsed time = 00:02:23, memory = 3326.61 (MB).
[INFO DRT-0199]   Number of violations = 1925.
Viol/Layer        mcon   met1   met2   met3
Cut Spacing          4      0      0      0
Metal Spacing        0    477    128     14
Min Hole             0      1      1      0
NS Metal             0      1      0      0
Recheck              0      3      0      0
Short                0   1012    274     10
[INFO DRT-0267] cpu time = 00:20:41, elapsed time = 00:02:23, memory = 3265.61 (MB), peak = 4273.16 (MB)
Total wire length = 1712084 um.
Total wire length on LAYER li1 = 0 um.
Total wire length on LAYER met1 = 526334 um.
Total wire length on LAYER met2 = 588462 um.
Total wire length on LAYER met3 = 348091 um.
Total wire length on LAYER met4 = 236398 um.
Total wire length on LAYER met5 = 12797 um.
Total number of vias = 228563.
Up-via summary (total 228563):

-------------------------
 FR_MASTERSLICE         0
            li1     72921
           met1    113940
           met2     30849
           met3     10565
           met4       288
-------------------------
               228563


[INFO DRT-0195] Start 6th optimization iteration.
    Completing 10% with 1925 violations.
    elapsed time = 00:00:00, memory = 3265.61 (MB).
    Completing 20% with 1925 violations.
    elapsed time = 00:00:04, memory = 3475.74 (MB).
    Completing 30% with 1742 violations.
    elapsed time = 00:00:24, memory = 3266.42 (MB).
    Completing 40% with 1742 violations.
    elapsed time = 00:00:26, memory = 3386.41 (MB).
    Completing 50% with 1742 violations.
    elapsed time = 00:00:35, memory = 3357.12 (MB).
    Completing 60% with 1408 violations.
    elapsed time = 00:00:47, memory = 3403.44 (MB).
    Completing 70% with 1408 violations.
    elapsed time = 00:00:55, memory = 3412.69 (MB).
    Completing 80% with 1146 violations.
    elapsed time = 00:01:13, memory = 3333.84 (MB).
    Completing 90% with 1146 violations.
    elapsed time = 00:01:19, memory = 3362.81 (MB).
    Completing 100% with 927 violations.
    elapsed time = 00:01:42, memory = 3212.39 (MB).
[INFO DRT-0199]   Number of violations = 927.
Viol/Layer        mcon   met1    via   met2   met3
Cut Spacing          3      0      0      0      0
Metal Spacing        0    251      0     67     13
Short                0    459      1    116     17
[INFO DRT-0267] cpu time = 00:11:46, elapsed time = 00:01:43, memory = 3160.05 (MB), peak = 4273.16 (MB)
Total wire length = 1711900 um.
Total wire length on LAYER li1 = 0 um.
Total wire length on LAYER met1 = 525854 um.
Total wire length on LAYER met2 = 588199 um.
Total wire length on LAYER met3 = 348376 um.
Total wire length on LAYER met4 = 236673 um.
Total wire length on LAYER met5 = 12797 um.
Total number of vias = 228632.
Up-via summary (total 228632):

-------------------------
 FR_MASTERSLICE         0
            li1     72920
           met1    113971
           met2     30875
           met3     10578
           met4       288
-------------------------
               228632


[INFO DRT-0195] Start 7th optimization iteration.
    Completing 10% with 927 violations.
    elapsed time = 00:00:00, memory = 3160.05 (MB).
    Completing 20% with 927 violations.
    elapsed time = 00:00:04, memory = 3365.19 (MB).
    Completing 30% with 770 violations.
    elapsed time = 00:00:15, memory = 3160.05 (MB).
    Completing 40% with 770 violations.
    elapsed time = 00:00:15, memory = 3163.77 (MB).
    Completing 50% with 770 violations.
    elapsed time = 00:00:22, memory = 3262.09 (MB).
    Completing 60% with 642 violations.
    elapsed time = 00:00:34, memory = 3218.09 (MB).
    Completing 70% with 642 violations.
    elapsed time = 00:00:36, memory = 3355.34 (MB).
    Completing 80% with 515 violations.
    elapsed time = 00:00:49, memory = 3160.05 (MB).
    Completing 90% with 515 violations.
    elapsed time = 00:00:49, memory = 3240.04 (MB).
    Completing 100% with 440 violations.
    elapsed time = 00:01:03, memory = 3160.05 (MB).
[INFO DRT-0199]   Number of violations = 440.
Viol/Layer        mcon   met1   met2   met3
Cut Spacing          1      0      0      0
Metal Spacing        0    116     21      5
Short                0    259     38      0
[INFO DRT-0267] cpu time = 00:06:56, elapsed time = 00:01:03, memory = 3160.05 (MB), peak = 4273.16 (MB)
Total wire length = 1711706 um.
Total wire length on LAYER li1 = 0 um.
Total wire length on LAYER met1 = 525365 um.
Total wire length on LAYER met2 = 587821 um.
Total wire length on LAYER met3 = 348674 um.
Total wire length on LAYER met4 = 237047 um.
Total wire length on LAYER met5 = 12797 um.
Total number of vias = 228520.
Up-via summary (total 228520):

-------------------------
 FR_MASTERSLICE         0
            li1     72919
           met1    113825
           met2     30885
           met3     10603
           met4       288
-------------------------
               228520


[INFO DRT-0195] Start 8th optimization iteration.
    Completing 10% with 440 violations.
    elapsed time = 00:00:00, memory = 3160.05 (MB).
    Completing 20% with 440 violations.
    elapsed time = 00:00:02, memory = 3614.55 (MB).
    Completing 30% with 396 violations.
    elapsed time = 00:00:17, memory = 3160.05 (MB).
    Completing 40% with 396 violations.
    elapsed time = 00:00:17, memory = 3160.05 (MB).
    Completing 50% with 396 violations.
    elapsed time = 00:00:41, memory = 3160.05 (MB).
    Completing 60% with 361 violations.
    elapsed time = 00:00:42, memory = 3305.65 (MB).
    Completing 70% with 361 violations.
    elapsed time = 00:00:42, memory = 3306.39 (MB).
    Completing 80% with 329 violations.
    elapsed time = 00:01:11, memory = 3160.05 (MB).
    Completing 90% with 329 violations.
    elapsed time = 00:01:11, memory = 3160.05 (MB).
    Completing 100% with 304 violations.
    elapsed time = 00:01:36, memory = 3161.28 (MB).
[INFO DRT-0199]   Number of violations = 304.
Viol/Layer        mcon   met1   met2   met3
Cut Spacing          1      0      0      0
Metal Spacing        0     81      9      2
Short                0    202      9      0
[INFO DRT-0267] cpu time = 00:06:17, elapsed time = 00:01:36, memory = 3161.28 (MB), peak = 4273.16 (MB)
Total wire length = 1711672 um.
Total wire length on LAYER li1 = 0 um.
Total wire length on LAYER met1 = 525120 um.
Total wire length on LAYER met2 = 587589 um.
Total wire length on LAYER met3 = 348881 um.
Total wire length on LAYER met4 = 237282 um.
Total wire length on LAYER met5 = 12797 um.
Total number of vias = 228517.
Up-via summary (total 228517):

-------------------------
 FR_MASTERSLICE         0
            li1     72919
           met1    113819
           met2     30888
           met3     10603
           met4       288
-------------------------
               228517


[INFO DRT-0195] Start 9th optimization iteration.
    Completing 10% with 304 violations.
    elapsed time = 00:00:00, memory = 3161.28 (MB).
    Completing 20% with 304 violations.
    elapsed time = 00:00:00, memory = 3778.98 (MB).
    Completing 30% with 274 violations.
    elapsed time = 00:00:21, memory = 3161.28 (MB).
    Completing 40% with 274 violations.
    elapsed time = 00:00:21, memory = 3161.28 (MB).
    Completing 50% with 274 violations.
    elapsed time = 00:00:40, memory = 3161.28 (MB).
    Completing 60% with 264 violations.
    elapsed time = 00:00:40, memory = 3161.28 (MB).
    Completing 70% with 264 violations.
    elapsed time = 00:00:44, memory = 3646.07 (MB).
    Completing 80% with 184 violations.
    elapsed time = 00:01:12, memory = 3161.28 (MB).
    Completing 90% with 184 violations.
    elapsed time = 00:01:12, memory = 3161.28 (MB).
    Completing 100% with 174 violations.
    elapsed time = 00:02:02, memory = 3161.28 (MB).
[INFO DRT-0199]   Number of violations = 174.
Viol/Layer        met1   met2   met3
Metal Spacing       56      5      1
Short              107      5      0
[INFO DRT-0267] cpu time = 00:06:00, elapsed time = 00:02:03, memory = 3161.28 (MB), peak = 4273.16 (MB)
Total wire length = 1711623 um.
Total wire length on LAYER li1 = 0 um.
Total wire length on LAYER met1 = 525136 um.
Total wire length on LAYER met2 = 587486 um.
Total wire length on LAYER met3 = 348866 um.
Total wire length on LAYER met4 = 237335 um.
Total wire length on LAYER met5 = 12797 um.
Total number of vias = 228494.
Up-via summary (total 228494):

-------------------------
 FR_MASTERSLICE         0
            li1     72924
           met1    113813
           met2     30873
           met3     10596
           met4       288
-------------------------
               228494


[INFO DRT-0195] Start 10th optimization iteration.
    Completing 10% with 174 violations.
    elapsed time = 00:00:00, memory = 3161.28 (MB).
    Completing 20% with 174 violations.
    elapsed time = 00:00:04, memory = 3703.46 (MB).
    Completing 30% with 169 violations.
    elapsed time = 00:00:32, memory = 3161.28 (MB).
    Completing 40% with 169 violations.
    elapsed time = 00:00:32, memory = 3161.28 (MB).
    Completing 50% with 169 violations.
    elapsed time = 00:00:56, memory = 3161.28 (MB).
    Completing 60% with 142 violations.
    elapsed time = 00:00:56, memory = 3161.28 (MB).
    Completing 70% with 142 violations.
    elapsed time = 00:01:03, memory = 3716.75 (MB).
    Completing 80% with 67 violations.
    elapsed time = 00:01:29, memory = 3161.28 (MB).
    Completing 90% with 67 violations.
    elapsed time = 00:01:29, memory = 3161.28 (MB).
    Completing 100% with 58 violations.
    elapsed time = 00:01:47, memory = 3161.28 (MB).
[INFO DRT-0199]   Number of violations = 58.
Viol/Layer        met1   met2   met3
Metal Spacing       34      2      1
Short               21      0      0
[INFO DRT-0267] cpu time = 00:03:32, elapsed time = 00:01:47, memory = 3161.28 (MB), peak = 4273.16 (MB)
Total wire length = 1711664 um.
Total wire length on LAYER li1 = 0 um.
Total wire length on LAYER met1 = 525117 um.
Total wire length on LAYER met2 = 587371 um.
Total wire length on LAYER met3 = 348855 um.
Total wire length on LAYER met4 = 237523 um.
Total wire length on LAYER met5 = 12797 um.
Total number of vias = 228511.
Up-via summary (total 228511):

-------------------------
 FR_MASTERSLICE         0
            li1     72924
           met1    113811
           met2     30877
           met3     10611
           met4       288
-------------------------
               228511


[INFO DRT-0195] Start 11th guides tiles iteration.
    Completing 10% with 58 violations.
    elapsed time = 00:00:00, memory = 3161.28 (MB).
    Completing 20% with 58 violations.
    elapsed time = 00:00:00, memory = 3161.28 (MB).
    Completing 30% with 58 violations.
    elapsed time = 00:00:00, memory = 3161.28 (MB).
    Completing 40% with 58 violations.
    elapsed time = 00:00:00, memory = 3161.28 (MB).
    Completing 50% with 58 violations.
    elapsed time = 00:00:03, memory = 3161.28 (MB).
    Completing 60% with 34 violations.
    elapsed time = 00:00:03, memory = 3161.28 (MB).
    Completing 70% with 34 violations.
    elapsed time = 00:00:03, memory = 3161.28 (MB).
    Completing 80% with 34 violations.
    elapsed time = 00:00:04, memory = 3161.28 (MB).
    Completing 90% with 21 violations.
    elapsed time = 00:00:09, memory = 3161.28 (MB).
    Completing 100% with 18 violations.
    elapsed time = 00:00:09, memory = 3161.28 (MB).
[INFO DRT-0199]   Number of violations = 18.
Viol/Layer        met1   met2
Metal Spacing        7      1
Short               10      0
[INFO DRT-0267] cpu time = 00:00:16, elapsed time = 00:00:09, memory = 3161.28 (MB), peak = 4273.16 (MB)
Total wire length = 1711721 um.
Total wire length on LAYER li1 = 0 um.
Total wire length on LAYER met1 = 525133 um.
Total wire length on LAYER met2 = 587379 um.
Total wire length on LAYER met3 = 348874 um.
Total wire length on LAYER met4 = 237536 um.
Total wire length on LAYER met5 = 12797 um.
Total number of vias = 228538.
Up-via summary (total 228538):

-------------------------
 FR_MASTERSLICE         0
            li1     72924
           met1    113821
           met2     30890
           met3     10615
           met4       288
-------------------------
               228538


[INFO DRT-0195] Start 12th guides tiles iteration.
    Completing 10% with 18 violations.
    elapsed time = 00:00:00, memory = 3161.28 (MB).
    Completing 20% with 18 violations.
    elapsed time = 00:00:00, memory = 3161.28 (MB).
    Completing 30% with 18 violations.
    elapsed time = 00:00:00, memory = 3161.28 (MB).
    Completing 40% with 18 violations.
    elapsed time = 00:00:00, memory = 3161.28 (MB).
    Completing 50% with 18 violations.
    elapsed time = 00:00:01, memory = 3161.28 (MB).
    Completing 60% with 17 violations.
    elapsed time = 00:00:01, memory = 3161.28 (MB).
    Completing 70% with 17 violations.
    elapsed time = 00:00:01, memory = 3161.28 (MB).
    Completing 80% with 17 violations.
    elapsed time = 00:00:02, memory = 3161.28 (MB).
    Completing 100% with 17 violations.
    elapsed time = 00:00:02, memory = 3161.28 (MB).
[INFO DRT-0199]   Number of violations = 17.
Viol/Layer        met1
Metal Spacing        7
Short               10
[INFO DRT-0267] cpu time = 00:00:04, elapsed time = 00:00:02, memory = 3161.28 (MB), peak = 4273.16 (MB)
Total wire length = 1711717 um.
Total wire length on LAYER li1 = 0 um.
Total wire length on LAYER met1 = 525134 um.
Total wire length on LAYER met2 = 587376 um.
Total wire length on LAYER met3 = 348873 um.
Total wire length on LAYER met4 = 237536 um.
Total wire length on LAYER met5 = 12797 um.
Total number of vias = 228534.
Up-via summary (total 228534):

-------------------------
 FR_MASTERSLICE         0
            li1     72924
           met1    113819
           met2     30888
           met3     10615
           met4       288
-------------------------
               228534


[INFO DRT-0195] Start 13th guides tiles iteration.
    Completing 10% with 17 violations.
    elapsed time = 00:00:00, memory = 3161.28 (MB).
    Completing 20% with 17 violations.
    elapsed time = 00:00:00, memory = 3161.28 (MB).
    Completing 30% with 17 violations.
    elapsed time = 00:00:00, memory = 3161.28 (MB).
    Completing 40% with 17 violations.
    elapsed time = 00:00:01, memory = 3161.28 (MB).
    Completing 50% with 17 violations.
    elapsed time = 00:00:01, memory = 3161.28 (MB).
    Completing 60% with 17 violations.
    elapsed time = 00:00:01, memory = 3161.28 (MB).
    Completing 70% with 17 violations.
    elapsed time = 00:00:01, memory = 3161.28 (MB).
    Completing 80% with 17 violations.
    elapsed time = 00:00:02, memory = 3161.28 (MB).
    Completing 100% with 17 violations.
    elapsed time = 00:00:02, memory = 3161.28 (MB).
[INFO DRT-0199]   Number of violations = 17.
Viol/Layer        met1
Metal Spacing        7
Short               10
[INFO DRT-0267] cpu time = 00:00:04, elapsed time = 00:00:02, memory = 3161.28 (MB), peak = 4273.16 (MB)
Total wire length = 1711717 um.
Total wire length on LAYER li1 = 0 um.
Total wire length on LAYER met1 = 525134 um.
Total wire length on LAYER met2 = 587376 um.
Total wire length on LAYER met3 = 348873 um.
Total wire length on LAYER met4 = 237536 um.
Total wire length on LAYER met5 = 12797 um.
Total number of vias = 228534.
Up-via summary (total 228534):

-------------------------
 FR_MASTERSLICE         0
            li1     72924
           met1    113819
           met2     30888
           met3     10615
           met4       288
-------------------------
               228534


[INFO DRT-0195] Start 14th stubborn tiles iteration.
    Completing 10% with 17 violations.
    elapsed time = 00:00:09, memory = 3357.96 (MB).
    Completing 20% with 17 violations.
    elapsed time = 00:00:17, memory = 3455.30 (MB).
    Completing 30% with 17 violations.
    elapsed time = 00:00:25, memory = 3571.78 (MB).
    Completing 40% with 17 violations.
    elapsed time = 00:00:36, memory = 3879.76 (MB).
    Completing 50% with 17 violations.
    elapsed time = 00:00:52, memory = 4292.32 (MB).
    Completing 60% with 17 violations.
    elapsed time = 00:01:22, memory = 4539.38 (MB).
    Completing 70% with 17 violations.
    elapsed time = 00:01:53, memory = 4820.23 (MB).
    Completing 80% with 17 violations.
    elapsed time = 00:02:00, memory = 5104.86 (MB).
    Completing 90% with 17 violations.
    elapsed time = 00:02:04, memory = 5310.45 (MB).
    Completing 100% with 2 violations.
    elapsed time = 00:02:29, memory = 5095.04 (MB).
[INFO DRT-0199]   Number of violations = 2.
Viol/Layer        met1
Short                2
[INFO DRT-0267] cpu time = 00:26:12, elapsed time = 00:02:29, memory = 5100.70 (MB), peak = 5416.39 (MB)
Total wire length = 1711700 um.
Total wire length on LAYER li1 = 0 um.
Total wire length on LAYER met1 = 525154 um.
Total wire length on LAYER met2 = 587373 um.
Total wire length on LAYER met3 = 348848 um.
Total wire length on LAYER met4 = 237526 um.
Total wire length on LAYER met5 = 12797 um.
Total number of vias = 228524.
Up-via summary (total 228524):

-------------------------
 FR_MASTERSLICE         0
            li1     72924
           met1    113812
           met2     30886
           met3     10614
           met4       288
-------------------------
               228524


[INFO DRT-0195] Start 15th guides tiles iteration.
    Completing 30% with 2 violations.
    elapsed time = 00:00:00, memory = 5100.70 (MB).
    Completing 60% with 2 violations.
    elapsed time = 00:00:00, memory = 5100.70 (MB).
    Completing 100% with 2 violations.
    elapsed time = 00:00:00, memory = 5054.02 (MB).
[INFO DRT-0199]   Number of violations = 2.
Viol/Layer        met1
Short                2
[INFO DRT-0267] cpu time = 00:00:00, elapsed time = 00:00:00, memory = 5054.02 (MB), peak = 5416.39 (MB)
Total wire length = 1711700 um.
Total wire length on LAYER li1 = 0 um.
Total wire length on LAYER met1 = 525154 um.
Total wire length on LAYER met2 = 587373 um.
Total wire length on LAYER met3 = 348848 um.
Total wire length on LAYER met4 = 237526 um.
Total wire length on LAYER met5 = 12797 um.
Total number of vias = 228524.
Up-via summary (total 228524):

-------------------------
 FR_MASTERSLICE         0
            li1     72924
           met1    113812
           met2     30886
           met3     10614
           met4       288
-------------------------
               228524


[INFO DRT-0195] Start 16th stubborn tiles iteration.
    Completing 10% with 2 violations.
    elapsed time = 00:00:03, memory = 5322.70 (MB).
    Completing 20% with 2 violations.
    elapsed time = 00:00:06, memory = 5357.99 (MB).
    Completing 30% with 2 violations.
    elapsed time = 00:00:09, memory = 5384.57 (MB).
    Completing 40% with 2 violations.
    elapsed time = 00:00:12, memory = 5354.99 (MB).
    Completing 50% with 2 violations.
    elapsed time = 00:00:15, memory = 5333.95 (MB).
    Completing 60% with 2 violations.
    elapsed time = 00:00:17, memory = 5300.89 (MB).
    Completing 70% with 2 violations.
    elapsed time = 00:00:19, memory = 5292.70 (MB).
    Completing 80% with 2 violations.
    elapsed time = 00:00:20, memory = 5249.12 (MB).
    Completing 90% with 2 violations.
    elapsed time = 00:00:21, memory = 5249.12 (MB).
    Completing 100% with 2 violations.
    elapsed time = 00:00:39, memory = 5081.07 (MB).
[INFO DRT-0199]   Number of violations = 2.
Viol/Layer        met1
Short                2
[INFO DRT-0267] cpu time = 00:04:57, elapsed time = 00:00:40, memory = 5081.07 (MB), peak = 5436.64 (MB)
Total wire length = 1711699 um.
Total wire length on LAYER li1 = 0 um.
Total wire length on LAYER met1 = 525153 um.
Total wire length on LAYER met2 = 587373 um.
Total wire length on LAYER met3 = 348848 um.
Total wire length on LAYER met4 = 237526 um.
Total wire length on LAYER met5 = 12797 um.
Total number of vias = 228524.
Up-via summary (total 228524):

-------------------------
 FR_MASTERSLICE         0
            li1     72924
           met1    113812
           met2     30886
           met3     10614
           met4       288
-------------------------
               228524


[INFO DRT-0195] Start 17th optimization iteration.
    Completing 10% with 2 violations.
    elapsed time = 00:00:00, memory = 5081.07 (MB).
    Completing 20% with 2 violations.
    elapsed time = 00:00:00, memory = 5081.07 (MB).
    Completing 30% with 2 violations.
    elapsed time = 00:00:28, memory = 5081.07 (MB).
    Completing 40% with 2 violations.
    elapsed time = 00:00:28, memory = 5081.07 (MB).
    Completing 50% with 2 violations.
    elapsed time = 00:00:28, memory = 5081.07 (MB).
    Completing 60% with 2 violations.
    elapsed time = 00:00:28, memory = 5081.07 (MB).
    Completing 70% with 2 violations.
    elapsed time = 00:00:28, memory = 5081.07 (MB).
    Completing 80% with 2 violations.
    elapsed time = 00:00:28, memory = 5081.07 (MB).
    Completing 90% with 2 violations.
    elapsed time = 00:00:28, memory = 5081.07 (MB).
    Completing 100% with 2 violations.
    elapsed time = 00:00:28, memory = 5081.07 (MB).
[INFO DRT-0199]   Number of violations = 2.
Viol/Layer        met1
Short                2
[INFO DRT-0267] cpu time = 00:00:42, elapsed time = 00:00:28, memory = 5081.07 (MB), peak = 5436.64 (MB)
Total wire length = 1711699 um.
Total wire length on LAYER li1 = 0 um.
Total wire length on LAYER met1 = 525153 um.
Total wire length on LAYER met2 = 587373 um.
Total wire length on LAYER met3 = 348848 um.
Total wire length on LAYER met4 = 237526 um.
Total wire length on LAYER met5 = 12797 um.
Total number of vias = 228524.
Up-via summary (total 228524):

-------------------------
 FR_MASTERSLICE         0
            li1     72924
           met1    113812
           met2     30886
           met3     10614
           met4       288
-------------------------
               228524


[INFO DRT-0195] Start 18th guides tiles iteration.
    Completing 30% with 2 violations.
    elapsed time = 00:00:00, memory = 5081.07 (MB).
    Completing 60% with 2 violations.
    elapsed time = 00:00:00, memory = 5081.07 (MB).
    Completing 100% with 1 violations.
    elapsed time = 00:00:00, memory = 5081.07 (MB).
[INFO DRT-0199]   Number of violations = 1.
Viol/Layer        met1
Short                1
[INFO DRT-0267] cpu time = 00:00:00, elapsed time = 00:00:00, memory = 5081.07 (MB), peak = 5436.64 (MB)
Total wire length = 1711718 um.
Total wire length on LAYER li1 = 0 um.
Total wire length on LAYER met1 = 525160 um.
Total wire length on LAYER met2 = 587367 um.
Total wire length on LAYER met3 = 348856 um.
Total wire length on LAYER met4 = 237535 um.
Total wire length on LAYER met5 = 12797 um.
Total number of vias = 228531.
Up-via summary (total 228531):

-------------------------
 FR_MASTERSLICE         0
            li1     72923
           met1    113816
           met2     30888
           met3     10616
           met4       288
-------------------------
               228531


[INFO DRT-0195] Start 19th guides tiles iteration.
    Completing 100% with 1 violations.
    elapsed time = 00:00:00, memory = 5081.07 (MB).
[INFO DRT-0199]   Number of violations = 1.
Viol/Layer        met1
Short                1
[INFO DRT-0267] cpu time = 00:00:00, elapsed time = 00:00:00, memory = 5081.07 (MB), peak = 5436.64 (MB)
Total wire length = 1711718 um.
Total wire length on LAYER li1 = 0 um.
Total wire length on LAYER met1 = 525160 um.
Total wire length on LAYER met2 = 587367 um.
Total wire length on LAYER met3 = 348856 um.
Total wire length on LAYER met4 = 237535 um.
Total wire length on LAYER met5 = 12797 um.
Total number of vias = 228531.
Up-via summary (total 228531):

-------------------------
 FR_MASTERSLICE         0
            li1     72923
           met1    113816
           met2     30888
           met3     10616
           met4       288
-------------------------
               228531


[INFO DRT-0195] Start 20th guides tiles iteration.
    Completing 100% with 1 violations.
    elapsed time = 00:00:00, memory = 5081.07 (MB).
[INFO DRT-0199]   Number of violations = 1.
Viol/Layer        met1
Short                1
[INFO DRT-0267] cpu time = 00:00:00, elapsed time = 00:00:00, memory = 5081.07 (MB), peak = 5436.64 (MB)
Total wire length = 1711718 um.
Total wire length on LAYER li1 = 0 um.
Total wire length on LAYER met1 = 525160 um.
Total wire length on LAYER met2 = 587367 um.
Total wire length on LAYER met3 = 348856 um.
Total wire length on LAYER met4 = 237535 um.
Total wire length on LAYER met5 = 12797 um.
Total number of vias = 228531.
Up-via summary (total 228531):

-------------------------
 FR_MASTERSLICE         0
            li1     72923
           met1    113816
           met2     30888
           met3     10616
           met4       288
-------------------------
               228531


[INFO DRT-0195] Start 21st stubborn tiles iteration.
    Completing 10% with 1 violations.
    elapsed time = 00:00:01, memory = 5127.08 (MB).
    Completing 20% with 1 violations.
    elapsed time = 00:00:01, memory = 5134.93 (MB).
    Completing 30% with 1 violations.
    elapsed time = 00:00:02, memory = 5134.93 (MB).
    Completing 40% with 1 violations.
    elapsed time = 00:00:02, memory = 5101.48 (MB).
    Completing 50% with 1 violations.
    elapsed time = 00:00:02, memory = 5101.48 (MB).
    Completing 60% with 1 violations.
    elapsed time = 00:00:03, memory = 5101.48 (MB).
    Completing 70% with 1 violations.
    elapsed time = 00:00:03, memory = 5101.48 (MB).
    Completing 80% with 1 violations.
    elapsed time = 00:00:04, memory = 5101.48 (MB).
    Completing 90% with 1 violations.
    elapsed time = 00:00:04, memory = 5101.48 (MB).
    Completing 100% with 0 violations.
    elapsed time = 00:00:09, memory = 5039.59 (MB).
[INFO DRT-0199]   Number of violations = 0.
[INFO DRT-0267] cpu time = 00:01:08, elapsed time = 00:00:09, memory = 5039.59 (MB), peak = 5436.64 (MB)
Total wire length = 1711737 um.
Total wire length on LAYER li1 = 0 um.
Total wire length on LAYER met1 = 525160 um.
Total wire length on LAYER met2 = 587355 um.
Total wire length on LAYER met3 = 348873 um.
Total wire length on LAYER met4 = 237550 um.
Total wire length on LAYER met5 = 12797 um.
Total number of vias = 228532.
Up-via summary (total 228532):

-------------------------
 FR_MASTERSLICE         0
            li1     72922
           met1    113816
           met2     30890
           met3     10616
           met4       288
-------------------------
               228532


[INFO DRT-0198] Complete detail routing.
Total wire length = 1711737 um.
Total wire length on LAYER li1 = 0 um.
Total wire length on LAYER met1 = 525160 um.
Total wire length on LAYER met2 = 587355 um.
Total wire length on LAYER met3 = 348873 um.
Total wire length on LAYER met4 = 237550 um.
Total wire length on LAYER met5 = 12797 um.
Total number of vias = 228532.
Up-via summary (total 228532):

-------------------------
 FR_MASTERSLICE         0
            li1     72922
           met1    113816
           met2     30890
           met3     10616
           met4       288
-------------------------
               228532


[INFO DRT-0267] cpu time = 05:15:00, elapsed time = 00:37:17, memory = 5039.59 (MB), peak = 5436.64 (MB)

[INFO DRT-0180] Post processing.
[INFO DRT-0501] Runtime: 2185.63s
[INFO ANT-0002] Found 63 net violations.
[INFO ANT-0001] Found 90 pin violations.
[INFO GRT-0012] Found 63 antenna violations.
[INFO DPL-0006] Core area: 449380.99 um^2
[INFO DPL-0007] Movable instances area: 0.00 um^2
[INFO DPL-0008] Fixed instances area within core: 230706.27 um^2
[INFO DPL-0009] Utilization: 51.3%
[INFO DPL-0005] Diamond search max displacement: +/- 500 sites horizontally, +/- 100 rows vertically.
[INFO DPL-1102] Legalizing using negotiation legalizer.
[INFO DPL-1103] Negotiation base search window: +/-20 sites horizontally, +/-5 rows vertically 
	Automatic search window extension enabled.
	Search window extendable up to the max displacement cap of +/-500 sites, +/-100 rows near walls.
[INFO DPL-1104] NegotiationLegalizer DRC penalty: 5.
[INFO DPL-0392] Negotiation cell height distribution (1 unique row-count(s)):
[INFO DPL-0393]   height 1 row(s): 26258 cells
[INFO DPL-0500] Runtime: 0.13s
[INFO GRT-0015] Inserted 90 diodes.
[WARNING DRT-0120] Large net net1978 has 187 pins which may impact routing performance. Consider optimization.
[WARNING DRT-0120] Large net net1973 has 174 pins which may impact routing performance. Consider optimization.
[WARNING DRT-0120] Large net net1960 has 193 pins which may impact routing performance. Consider optimization.
[WARNING DRT-0120] Large net net1882 has 112 pins which may impact routing performance. Consider optimization.
[WARNING DRT-0120] Large net net1858 has 103 pins which may impact routing performance. Consider optimization.
[WARNING DRT-0120] Large net net1561 has 163 pins which may impact routing performance. Consider optimization.
[WARNING DRT-0120] Large net net1560 has 119 pins which may impact routing performance. Consider optimization.
[WARNING DRT-0120] Large net net1555 has 142 pins which may impact routing performance. Consider optimization.
[WARNING DRT-0120] Large net net1547 has 134 pins which may impact routing performance. Consider optimization.
[WARNING DRT-0120] Large net net1546 has 131 pins which may impact routing performance. Consider optimization.
[WARNING DRT-0120] Large net net1544 has 152 pins which may impact routing performance. Consider optimization.
[WARNING DRT-0120] Large net net1420 has 108 pins which may impact routing performance. Consider optimization.
[WARNING DRT-0120] Large net net1896 has 104 pins which may impact routing performance. Consider optimization.
[WARNING DRT-0120] Large net net1901 has 119 pins which may impact routing performance. Consider optimization.
[WARNING DRT-0120] Large net net1943 has 186 pins which may impact routing performance. Consider optimization.
[WARNING DRT-0120] Large net net1920 has 104 pins which may impact routing performance. Consider optimization.
[WARNING DRT-0120] Large net net1871 has 102 pins which may impact routing performance. Consider optimization.
[WARNING DRT-0120] Large net net1874 has 105 pins which may impact routing performance. Consider optimization.
[WARNING DRT-0120] Large net net1878 has 101 pins which may impact routing performance. Consider optimization.
[WARNING DRT-0120] Large net net71 has 154 pins which may impact routing performance. Consider optimization.
[INFO DRT-0024]   Complete FR_MASTERSLICE.
[INFO DRT-0024]   Complete Fr_VIA.
[INFO DRT-0024]   Complete li1.
[INFO DRT-0024]   Complete mcon.
[INFO DRT-0024]   Complete met1.
[INFO DRT-0024]   Complete via.
[INFO DRT-0024]   Complete met2.
[INFO DRT-0024]   Complete via2.
[INFO DRT-0024]   Complete met3.
[INFO DRT-0024]   Complete via3.
[INFO DRT-0024]   Complete met4.
[INFO DRT-0024]   Complete via4.
[INFO DRT-0024]   Complete met5.
[INFO DRT-0165] Start pin access.
[INFO DRT-0076]   Complete 1000 pins.
[INFO DRT-0078]   Complete 1341 pins.
[INFO DRT-0079]   Complete 100 unique inst patterns.
[INFO DRT-0081]   Complete 174 unique inst patterns.
[INFO DRT-0082]   Complete 10000 groups.
[INFO DRT-0084]   Complete 14357 groups.
#scanned instances     = 26258
#unique  instances     = 174
#stdCellGenAp          = 5645
#stdCellValidPlanarAp  = 103
#stdCellValidViaAp     = 3911
#stdCellPinNoAp        = 0
#stdCellPinCnt         = 74986
#instTermValidViaApCnt = 0
#macroGenAp            = 0
#macroValidPlanarAp    = 0
#macroValidViaAp       = 0
#macroNoAp             = 0
[INFO DRT-0166] Complete pin access.
[INFO DRT-0267] cpu time = 00:07:36, elapsed time = 00:00:39, memory = 5043.31 (MB), peak = 5436.64 (MB)
[INFO DRT-0156] guideIn read 100000 guides.
[INFO DRT-0156] guideIn read 200000 guides.

[INFO DRT-0157] Number of guides:     216531

[INFO DRT-0169] Post process guides.
[INFO DRT-0176] GCELLGRID X 0 DO 97 STEP 6900 ;
[INFO DRT-0177] GCELLGRID Y 0 DO 97 STEP 6900 ;
[INFO DRT-0026]   Complete 100000 origin guides.
[INFO DRT-0026]   Complete 200000 origin guides.
[INFO DRT-0028]   Complete FR_MASTERSLICE.
[INFO DRT-0028]   Complete Fr_VIA.
[INFO DRT-0028]   Complete li1.
[INFO DRT-0028]   Complete mcon.
[INFO DRT-0028]   Complete met1.
[INFO DRT-0028]   Complete via.
[INFO DRT-0028]   Complete met2.
[INFO DRT-0028]   Complete via2.
[INFO DRT-0028]   Complete met3.
[INFO DRT-0028]   Complete via3.
[INFO DRT-0028]   Complete met4.
[INFO DRT-0028]   Complete via4.
[INFO DRT-0028]   Complete met5.
[INFO DRT-0178] Init guide query.
[INFO DRT-0035]   Complete FR_MASTERSLICE (guide).
[INFO DRT-0035]   Complete Fr_VIA (guide).
[INFO DRT-0035]   Complete li1 (guide).
[INFO DRT-0035]   Complete mcon (guide).
[INFO DRT-0035]   Complete met1 (guide).
[INFO DRT-0035]   Complete via (guide).
[INFO DRT-0035]   Complete met2 (guide).
[INFO DRT-0035]   Complete via2 (guide).
[INFO DRT-0035]   Complete met3 (guide).
[INFO DRT-0035]   Complete via3 (guide).
[INFO DRT-0035]   Complete met4 (guide).
[INFO DRT-0035]   Complete via4 (guide).
[INFO DRT-0035]   Complete met5 (guide).
[INFO DRT-0036] FR_MASTERSLICE guide region query size = 0.
[INFO DRT-0036] FR_VIA guide region query size = 0.
[INFO DRT-0036] li1 guide region query size = 62518.
[INFO DRT-0036] mcon guide region query size = 0.
[INFO DRT-0036] met1 guide region query size = 62239.
[INFO DRT-0036] via guide region query size = 0.
[INFO DRT-0036] met2 guide region query size = 35875.
[INFO DRT-0036] via2 guide region query size = 0.
[INFO DRT-0036] met3 guide region query size = 6526.
[INFO DRT-0036] via3 guide region query size = 0.
[INFO DRT-0036] met4 guide region query size = 2862.
[INFO DRT-0036] via4 guide region query size = 0.
[INFO DRT-0036] met5 guide region query size = 186.
[INFO DRT-0179] Init gr pin query.
[INFO DRT-0267] cpu time = 00:00:01, elapsed time = 00:00:00, memory = 5043.32 (MB), peak = 5436.64 (MB)
[INFO DRT-0245] skipped writing guide updates to database.
[INFO DRT-0181] Start track assignment.
[INFO DRT-0184] Done with 101255 vertical wires in 2 frboxes and 68951 horizontal wires in 2 frboxes.
[INFO DRT-0186] Done with 22544 vertical wires in 2 frboxes and 33525 horizontal wires in 2 frboxes.
[INFO DRT-0182] Complete track assignment.
[INFO DRT-0267] cpu time = 00:00:14, elapsed time = 00:00:07, memory = 5043.32 (MB), peak = 5436.64 (MB)
[INFO DRT-0187] Start routing data preparation.
[INFO DRT-0267] cpu time = 00:00:00, elapsed time = 00:00:00, memory = 5043.32 (MB), peak = 5436.64 (MB)
[INFO DRT-0194] Start detail routing.
[INFO DRT-0195] Start 0th optimization iteration.
    Completing 10% with 0 violations.
    elapsed time = 00:00:15, memory = 5076.32 (MB).
    Completing 20% with 0 violations.
    elapsed time = 00:00:30, memory = 5082.86 (MB).
    Completing 30% with 8093 violations.
    elapsed time = 00:00:47, memory = 5085.26 (MB).
    Completing 40% with 8093 violations.
    elapsed time = 00:00:56, memory = 5128.02 (MB).
    Completing 50% with 8093 violations.
    elapsed time = 00:01:08, memory = 5043.39 (MB).
    Completing 60% with 14880 violations.
    elapsed time = 00:01:23, memory = 5057.16 (MB).
    Completing 70% with 14880 violations.
    elapsed time = 00:01:34, memory = 5057.16 (MB).
    Completing 80% with 21881 violations.
    elapsed time = 00:01:48, memory = 5057.16 (MB).
    Completing 90% with 21881 violations.
    elapsed time = 00:02:01, memory = 5094.98 (MB).
    Completing 100% with 28183 violations.
    elapsed time = 00:02:15, memory = 5057.16 (MB).
[INFO DRT-0199]   Number of violations = 29819.
Viol/Layer         li1   mcon   met1    via   met2   met3   met4   via4   met5
Cut Spacing          0      3      0      3      0      0      0      2      0
Metal Spacing        0      0   1628      0   1641     69     16      0      0
Min Hole             0      0     19      0      1      0      0      0      0
NS Metal             0      0      1      0      0      0      0      0      0
Recheck              1      0    871      0    674     59     27      0      4
Short                0      0  15064     25   9307    304     95      0      5
[INFO DRT-0267] cpu time = 00:23:25, elapsed time = 00:02:15, memory = 5057.16 (MB), peak = 5436.64 (MB)
Total wire length = 1718656 um.
Total wire length on LAYER li1 = 0 um.
Total wire length on LAYER met1 = 554554 um.
Total wire length on LAYER met2 = 605392 um.
Total wire length on LAYER met3 = 322205 um.
Total wire length on LAYER met4 = 223910 um.
Total wire length on LAYER met5 = 12593 um.
Total number of vias = 227421.
Up-via summary (total 227421):

-------------------------
 FR_MASTERSLICE         0
            li1     73046
           met1    115377
           met2     28965
           met3      9759
           met4       274
-------------------------
               227421


[INFO DRT-0195] Start 1st optimization iteration.
    Completing 10% with 29819 violations.
    elapsed time = 00:00:10, memory = 5058.50 (MB).
    Completing 20% with 29819 violations.
    elapsed time = 00:00:18, memory = 5098.28 (MB).
    Completing 30% with 27546 violations.
    elapsed time = 00:00:26, memory = 5101.61 (MB).
    Completing 40% with 27546 violations.
    elapsed time = 00:00:33, memory = 5058.50 (MB).
    Completing 50% with 27546 violations.
    elapsed time = 00:00:40, memory = 5058.50 (MB).
    Completing 60% with 25096 violations.
    elapsed time = 00:00:54, memory = 5094.55 (MB).
    Completing 70% with 25096 violations.
    elapsed time = 00:01:03, memory = 5059.23 (MB).
    Completing 80% with 22000 violations.
    elapsed time = 00:01:20, memory = 5103.58 (MB).
    Completing 90% with 22000 violations.
    elapsed time = 00:01:30, memory = 5124.76 (MB).
    Completing 100% with 19496 violations.
    elapsed time = 00:01:43, memory = 5059.23 (MB).
[INFO DRT-0199]   Number of violations = 19496.
Viol/Layer        mcon   met1    via   met2   met3   via3   met4   via4   met5
Cut Spacing          3      0      0      0      0      0      0      1      0
Metal Spacing        0   1363      0   1718     42      0      1      0      2
Min Hole             0      1      0      0      0      0      0      0      0
NS Metal             0      1      0      0      0      0      0      0      0
Short                0  10789      4   5425    125      1     15      0      5
[INFO DRT-0267] cpu time = 00:17:55, elapsed time = 00:01:44, memory = 5059.23 (MB), peak = 5436.64 (MB)
Total wire length = 1714837 um.
Total wire length on LAYER li1 = 0 um.
Total wire length on LAYER met1 = 550470 um.
Total wire length on LAYER met2 = 602932 um.
Total wire length on LAYER met3 = 324060 um.
Total wire length on LAYER met4 = 224776 um.
Total wire length on LAYER met5 = 12597 um.
Total number of vias = 226728.
Up-via summary (total 226728):

-------------------------
 FR_MASTERSLICE         0
            li1     73059
           met1    114578
           met2     29031
           met3      9786
           met4       274
-------------------------
               226728


[INFO DRT-0195] Start 2nd optimization iteration.
    Completing 10% with 19496 violations.
    elapsed time = 00:00:11, memory = 5100.83 (MB).
    Completing 20% with 19496 violations.
    elapsed time = 00:00:20, memory = 5098.01 (MB).
    Completing 30% with 19434 violations.
    elapsed time = 00:00:34, memory = 5117.71 (MB).
    Completing 40% with 19434 violations.
    elapsed time = 00:00:43, memory = 5077.19 (MB).
    Completing 50% with 19434 violations.
    elapsed time = 00:00:50, memory = 5059.41 (MB).
    Completing 60% with 19264 violations.
    elapsed time = 00:00:59, memory = 5097.98 (MB).
    Completing 70% with 19264 violations.
    elapsed time = 00:01:09, memory = 5059.41 (MB).
    Completing 80% with 18854 violations.
    elapsed time = 00:01:19, memory = 5059.41 (MB).
    Completing 90% with 18854 violations.
    elapsed time = 00:01:27, memory = 5104.69 (MB).
    Completing 100% with 18672 violations.
    elapsed time = 00:01:35, memory = 5059.41 (MB).
[INFO DRT-0199]   Number of violations = 18681.
Viol/Layer        mcon   met1    via   met2   met3   met4   via4   met5
Cut Spacing          2      0      0      0      0      0      2      0
Metal Spacing        0   1302      0   1775     59      1      0      5
Recheck              0      4      0      5      0      0      0      0
Short                0  10279      3   5064    157     16      0      7
[INFO DRT-0267] cpu time = 00:16:32, elapsed time = 00:01:35, memory = 5059.41 (MB), peak = 5436.64 (MB)
Total wire length = 1714242 um.
Total wire length on LAYER li1 = 0 um.
Total wire length on LAYER met1 = 549654 um.
Total wire length on LAYER met2 = 602459 um.
Total wire length on LAYER met3 = 324593 um.
Total wire length on LAYER met4 = 224933 um.
Total wire length on LAYER met5 = 12601 um.
Total number of vias = 226508.
Up-via summary (total 226508):

-------------------------
 FR_MASTERSLICE         0
            li1     73048
           met1    114342
           met2     29056
           met3      9788
           met4       274
-------------------------
               226508


[INFO DRT-0195] Start 3rd optimization iteration.
    Completing 10% with 18681 violations.
    elapsed time = 00:00:46, memory = 5059.41 (MB).
    Completing 20% with 18681 violations.
    elapsed time = 00:01:25, memory = 5101.29 (MB).
    Completing 30% with 15559 violations.
    elapsed time = 00:01:59, memory = 5101.92 (MB).
    Completing 40% with 15559 violations.
    elapsed time = 00:02:25, memory = 5138.77 (MB).
    Completing 50% with 15559 violations.
    elapsed time = 00:02:56, memory = 5059.41 (MB).
    Completing 60% with 12793 violations.
    elapsed time = 00:03:29, memory = 5091.72 (MB).
    Completing 70% with 12793 violations.
    elapsed time = 00:03:59, memory = 5151.45 (MB).
    Completing 80% with 10432 violations.
    elapsed time = 00:04:35, memory = 5059.41 (MB).
    Completing 90% with 10432 violations.
    elapsed time = 00:05:00, memory = 5095.12 (MB).
    Completing 100% with 7352 violations.
    elapsed time = 00:05:42, memory = 5059.41 (MB).
[INFO DRT-0199]   Number of violations = 7352.
Viol/Layer        mcon   met1    via   met2   via2   met3   met4   met5
Cut Spacing          9      0      3      0      1      0      0      0
Metal Spacing        0   1104      0    867      0    103      0      0
Short                0   3269      3   1888      0    102      2      1
[INFO DRT-0267] cpu time = 00:57:36, elapsed time = 00:05:43, memory = 5059.41 (MB), peak = 5436.64 (MB)
Total wire length = 1716311 um.
Total wire length on LAYER li1 = 0 um.
Total wire length on LAYER met1 = 533083 um.
Total wire length on LAYER met2 = 592209 um.
Total wire length on LAYER met3 = 341657 um.
Total wire length on LAYER met4 = 236731 um.
Total wire length on LAYER met5 = 12629 um.
Total number of vias = 231371.
Up-via summary (total 231371):

-------------------------
 FR_MASTERSLICE         0
            li1     73050
           met1    115640
           met2     31642
           met3     10767
           met4       272
-------------------------
               231371


[INFO DRT-0195] Start 4th optimization iteration.
    Completing 10% with 7352 violations.
    elapsed time = 00:00:05, memory = 5059.42 (MB).
    Completing 20% with 7352 violations.
    elapsed time = 00:00:22, memory = 5076.76 (MB).
    Completing 30% with 6143 violations.
    elapsed time = 00:00:53, memory = 5059.42 (MB).
    Completing 40% with 6143 violations.
    elapsed time = 00:01:01, memory = 5105.68 (MB).
    Completing 50% with 6143 violations.
    elapsed time = 00:01:31, memory = 5059.42 (MB).
    Completing 60% with 5320 violations.
    elapsed time = 00:01:47, memory = 5095.13 (MB).
    Completing 70% with 5320 violations.
    elapsed time = 00:02:07, memory = 5095.13 (MB).
    Completing 80% with 3810 violations.
    elapsed time = 00:02:20, memory = 5059.53 (MB).
    Completing 90% with 3810 violations.
    elapsed time = 00:02:33, memory = 5059.53 (MB).
    Completing 100% with 2478 violations.
    elapsed time = 00:02:53, memory = 5059.53 (MB).
[INFO DRT-0199]   Number of violations = 2478.
Viol/Layer        mcon   met1    via   met2   met3   met4   met5
Cut Spacing          5      0      1      0      0      0      0
Metal Spacing        0    546      0    273     22      2      0
Min Hole             0      2      0      0      0      0      0
NS Metal             0      1      0      0      0      0      0
Short                0   1100      0    498     24      3      1
[INFO DRT-0267] cpu time = 00:24:49, elapsed time = 00:02:53, memory = 5059.53 (MB), peak = 5436.64 (MB)
Total wire length = 1715976 um.
Total wire length on LAYER li1 = 0 um.
Total wire length on LAYER met1 = 528855 um.
Total wire length on LAYER met2 = 588707 um.
Total wire length on LAYER met3 = 345259 um.
Total wire length on LAYER met4 = 240556 um.
Total wire length on LAYER met5 = 12597 um.
Total number of vias = 231786.
Up-via summary (total 231786):

-------------------------
 FR_MASTERSLICE         0
            li1     73045
           met1    115567
           met2     31903
           met3     11003
           met4       268
-------------------------
               231786


[INFO DRT-0195] Start 5th optimization iteration.
    Completing 10% with 2478 violations.
    elapsed time = 00:00:00, memory = 5059.53 (MB).
    Completing 20% with 2478 violations.
    elapsed time = 00:00:02, memory = 5100.43 (MB).
    Completing 30% with 2088 violations.
    elapsed time = 00:00:24, memory = 5059.53 (MB).
    Completing 40% with 2088 violations.
    elapsed time = 00:00:26, memory = 5059.53 (MB).
    Completing 50% with 2088 violations.
    elapsed time = 00:00:36, memory = 5101.32 (MB).
    Completing 60% with 1833 violations.
    elapsed time = 00:00:46, memory = 5097.15 (MB).
    Completing 70% with 1833 violations.
    elapsed time = 00:00:56, memory = 5097.06 (MB).
    Completing 80% with 1491 violations.
    elapsed time = 00:01:12, memory = 5059.53 (MB).
    Completing 90% with 1491 violations.
    elapsed time = 00:01:17, memory = 5098.96 (MB).
    Completing 100% with 1002 violations.
    elapsed time = 00:01:37, memory = 5059.53 (MB).
[INFO DRT-0199]   Number of violations = 1002.
Viol/Layer        mcon   met1    via   met2   met3
Cut Spacing          3      0      1      0      0
Metal Spacing        0    234      0     98      0
Short                0    448      1    206     11
[INFO DRT-0267] cpu time = 00:12:15, elapsed time = 00:01:37, memory = 5059.53 (MB), peak = 5436.64 (MB)
Total wire length = 1715586 um.
Total wire length on LAYER li1 = 0 um.
Total wire length on LAYER met1 = 527886 um.
Total wire length on LAYER met2 = 588245 um.
Total wire length on LAYER met3 = 345883 um.
Total wire length on LAYER met4 = 241022 um.
Total wire length on LAYER met5 = 12548 um.
Total number of vias = 231584.
Up-via summary (total 231584):

-------------------------
 FR_MASTERSLICE         0
            li1     73045
           met1    115416
           met2     31875
           met3     10982
           met4       266
-------------------------
               231584


[INFO DRT-0195] Start 6th optimization iteration.
    Completing 10% with 1002 violations.
    elapsed time = 00:00:00, memory = 5059.53 (MB).
    Completing 20% with 1002 violations.
    elapsed time = 00:00:00, memory = 5059.53 (MB).
    Completing 30% with 929 violations.
    elapsed time = 00:00:15, memory = 5059.53 (MB).
    Completing 40% with 929 violations.
    elapsed time = 00:00:15, memory = 5059.53 (MB).
    Completing 50% with 929 violations.
    elapsed time = 00:00:19, memory = 5106.27 (MB).
    Completing 60% with 797 violations.
    elapsed time = 00:00:31, memory = 5059.53 (MB).
    Completing 70% with 797 violations.
    elapsed time = 00:00:34, memory = 5103.72 (MB).
    Completing 80% with 678 violations.
    elapsed time = 00:00:56, memory = 5059.53 (MB).
    Completing 90% with 678 violations.
    elapsed time = 00:00:57, memory = 5095.06 (MB).
    Completing 100% with 401 violations.
    elapsed time = 00:01:15, memory = 5059.53 (MB).
[INFO DRT-0199]   Number of violations = 401.
Viol/Layer        mcon   met1   met2   met3
Cut Spacing          1      0      0      0
Metal Spacing        0    114     48      0
Short                0    166     71      1
[INFO DRT-0267] cpu time = 00:07:03, elapsed time = 00:01:15, memory = 5059.53 (MB), peak = 5436.64 (MB)
Total wire length = 1715407 um.
Total wire length on LAYER li1 = 0 um.
Total wire length on LAYER met1 = 527602 um.
Total wire length on LAYER met2 = 588031 um.
Total wire length on LAYER met3 = 346013 um.
Total wire length on LAYER met4 = 241211 um.
Total wire length on LAYER met5 = 12548 um.
Total number of vias = 231566.
Up-via summary (total 231566):

-------------------------
 FR_MASTERSLICE         0
            li1     73052
           met1    115432
           met2     31838
           met3     10978
           met4       266
-------------------------
               231566


[INFO DRT-0195] Start 7th optimization iteration.
    Completing 10% with 401 violations.
    elapsed time = 00:00:00, memory = 5059.53 (MB).
    Completing 20% with 401 violations.
    elapsed time = 00:00:00, memory = 5059.53 (MB).
    Completing 30% with 327 violations.
    elapsed time = 00:00:11, memory = 5059.53 (MB).
    Completing 40% with 327 violations.
    elapsed time = 00:00:11, memory = 5059.53 (MB).
    Completing 50% with 327 violations.
    elapsed time = 00:00:12, memory = 5059.53 (MB).
    Completing 60% with 286 violations.
    elapsed time = 00:00:18, memory = 5059.53 (MB).
    Completing 70% with 286 violations.
    elapsed time = 00:00:18, memory = 5059.53 (MB).
    Completing 80% with 232 violations.
    elapsed time = 00:00:33, memory = 5059.53 (MB).
    Completing 90% with 232 violations.
    elapsed time = 00:00:33, memory = 5059.53 (MB).
    Completing 100% with 217 violations.
    elapsed time = 00:00:55, memory = 5059.53 (MB).
[INFO DRT-0199]   Number of violations = 217.
Viol/Layer        met1   met2   met3
Metal Spacing       68     32      0
Short               79     37      1
[INFO DRT-0267] cpu time = 00:03:41, elapsed time = 00:00:55, memory = 5059.53 (MB), peak = 5436.64 (MB)
Total wire length = 1715309 um.
Total wire length on LAYER li1 = 0 um.
Total wire length on LAYER met1 = 527406 um.
Total wire length on LAYER met2 = 587942 um.
Total wire length on LAYER met3 = 346095 um.
Total wire length on LAYER met4 = 241316 um.
Total wire length on LAYER met5 = 12548 um.
Total number of vias = 231567.
Up-via summary (total 231567):

-------------------------
 FR_MASTERSLICE         0
            li1     73053
           met1    115411
           met2     31846
           met3     10991
           met4       266
-------------------------
               231567


[INFO DRT-0195] Start 8th optimization iteration.
    Completing 10% with 217 violations.
    elapsed time = 00:00:00, memory = 5059.53 (MB).
    Completing 20% with 217 violations.
    elapsed time = 00:00:00, memory = 5059.53 (MB).
    Completing 30% with 199 violations.
    elapsed time = 00:00:36, memory = 5059.53 (MB).
    Completing 40% with 199 violations.
    elapsed time = 00:00:36, memory = 5059.53 (MB).
    Completing 50% with 199 violations.
    elapsed time = 00:00:59, memory = 5059.53 (MB).
    Completing 60% with 198 violations.
    elapsed time = 00:00:59, memory = 5059.53 (MB).
    Completing 70% with 198 violations.
    elapsed time = 00:00:59, memory = 5059.53 (MB).
    Completing 80% with 172 violations.
    elapsed time = 00:01:18, memory = 5059.53 (MB).
    Completing 90% with 172 violations.
    elapsed time = 00:01:18, memory = 5059.53 (MB).
    Completing 100% with 153 violations.
    elapsed time = 00:01:44, memory = 5059.53 (MB).
[INFO DRT-0199]   Number of violations = 153.
Viol/Layer        met1   met2   met3
Metal Spacing       47     10      0
Short               65     30      1
[INFO DRT-0267] cpu time = 00:05:17, elapsed time = 00:01:44, memory = 5059.53 (MB), peak = 5509.19 (MB)
Total wire length = 1715140 um.
Total wire length on LAYER li1 = 0 um.
Total wire length on LAYER met1 = 527425 um.
Total wire length on LAYER met2 = 587690 um.
Total wire length on LAYER met3 = 346032 um.
Total wire length on LAYER met4 = 241442 um.
Total wire length on LAYER met5 = 12548 um.
Total number of vias = 231578.
Up-via summary (total 231578):

-------------------------
 FR_MASTERSLICE         0
            li1     73052
           met1    115441
           met2     31831
           met3     10988
           met4       266
-------------------------
               231578


[INFO DRT-0195] Start 9th optimization iteration.
    Completing 10% with 153 violations.
    elapsed time = 00:00:00, memory = 5059.53 (MB).
    Completing 20% with 153 violations.
    elapsed time = 00:00:00, memory = 5059.53 (MB).
    Completing 30% with 140 violations.
    elapsed time = 00:01:08, memory = 5059.53 (MB).
    Completing 40% with 140 violations.
    elapsed time = 00:01:08, memory = 5059.53 (MB).
    Completing 50% with 140 violations.
    elapsed time = 00:01:50, memory = 5059.53 (MB).
    Completing 60% with 127 violations.
    elapsed time = 00:01:50, memory = 5059.53 (MB).
    Completing 70% with 127 violations.
    elapsed time = 00:01:50, memory = 5062.07 (MB).
    Completing 80% with 100 violations.
    elapsed time = 00:02:31, memory = 5059.53 (MB).
    Completing 90% with 100 violations.
    elapsed time = 00:02:31, memory = 5059.53 (MB).
    Completing 100% with 98 violations.
    elapsed time = 00:03:14, memory = 5059.53 (MB).
[INFO DRT-0199]   Number of violations = 98.
Viol/Layer        met1   met2   met3
Metal Spacing       32      5      1
Short               41     18      1
[INFO DRT-0267] cpu time = 00:06:20, elapsed time = 00:03:14, memory = 5059.53 (MB), peak = 5810.38 (MB)
Total wire length = 1714964 um.
Total wire length on LAYER li1 = 0 um.
Total wire length on LAYER met1 = 527285 um.
Total wire length on LAYER met2 = 587494 um.
Total wire length on LAYER met3 = 346129 um.
Total wire length on LAYER met4 = 241559 um.
Total wire length on LAYER met5 = 12496 um.
Total number of vias = 231566.
Up-via summary (total 231566):

-------------------------
 FR_MASTERSLICE         0
            li1     73051
           met1    115436
           met2     31805
           met3     11008
           met4       266
-------------------------
               231566


[INFO DRT-0195] Start 10th guides tiles iteration.
    Completing 10% with 98 violations.
    elapsed time = 00:00:00, memory = 5124.81 (MB).
    Completing 20% with 98 violations.
    elapsed time = 00:00:00, memory = 5124.81 (MB).
    Completing 30% with 98 violations.
    elapsed time = 00:00:00, memory = 5124.81 (MB).
    Completing 40% with 98 violations.
    elapsed time = 00:00:01, memory = 5124.81 (MB).
    Completing 50% with 48 violations.
    elapsed time = 00:00:02, memory = 5059.53 (MB).
    Completing 60% with 48 violations.
    elapsed time = 00:00:02, memory = 5059.53 (MB).
    Completing 70% with 48 violations.
    elapsed time = 00:00:02, memory = 5059.53 (MB).
    Completing 80% with 48 violations.
    elapsed time = 00:00:03, memory = 5059.53 (MB).
    Completing 90% with 21 violations.
    elapsed time = 00:00:03, memory = 5059.53 (MB).
    Completing 100% with 18 violations.
    elapsed time = 00:00:04, memory = 5059.53 (MB).
[INFO DRT-0199]   Number of violations = 18.
Viol/Layer        met1   met2
Metal Spacing        5      2
Short                9      2
[INFO DRT-0267] cpu time = 00:00:17, elapsed time = 00:00:04, memory = 5059.53 (MB), peak = 5810.38 (MB)
Total wire length = 1714993 um.
Total wire length on LAYER li1 = 0 um.
Total wire length on LAYER met1 = 527183 um.
Total wire length on LAYER met2 = 587475 um.
Total wire length on LAYER met3 = 346236 um.
Total wire length on LAYER met4 = 241601 um.
Total wire length on LAYER met5 = 12496 um.
Total number of vias = 231587.
Up-via summary (total 231587):

-------------------------
 FR_MASTERSLICE         0
            li1     73049
           met1    115430
           met2     31824
           met3     11018
           met4       266
-------------------------
               231587


[INFO DRT-0195] Start 11th guides tiles iteration.
    Completing 10% with 18 violations.
    elapsed time = 00:00:00, memory = 5059.53 (MB).
    Completing 20% with 18 violations.
    elapsed time = 00:00:00, memory = 5059.53 (MB).
    Completing 30% with 18 violations.
    elapsed time = 00:00:00, memory = 5059.53 (MB).
    Completing 40% with 18 violations.
    elapsed time = 00:00:00, memory = 5059.53 (MB).
    Completing 50% with 18 violations.
    elapsed time = 00:00:00, memory = 5059.53 (MB).
    Completing 60% with 12 violations.
    elapsed time = 00:00:00, memory = 5059.53 (MB).
    Completing 70% with 12 violations.
    elapsed time = 00:00:00, memory = 5059.53 (MB).
    Completing 80% with 12 violations.
    elapsed time = 00:00:00, memory = 5059.53 (MB).
    Completing 90% with 12 violations.
    elapsed time = 00:00:00, memory = 5059.53 (MB).
    Completing 100% with 12 violations.
    elapsed time = 00:00:01, memory = 5059.53 (MB).
[INFO DRT-0199]   Number of violations = 12.
Viol/Layer        met1   met2
Metal Spacing        2      0
Short                9      1
[INFO DRT-0267] cpu time = 00:00:03, elapsed time = 00:00:01, memory = 5059.53 (MB), peak = 5810.38 (MB)
Total wire length = 1715002 um.
Total wire length on LAYER li1 = 0 um.
Total wire length on LAYER met1 = 527196 um.
Total wire length on LAYER met2 = 587470 um.
Total wire length on LAYER met3 = 346238 um.
Total wire length on LAYER met4 = 241601 um.
Total wire length on LAYER met5 = 12496 um.
Total number of vias = 231589.
Up-via summary (total 231589):

-------------------------
 FR_MASTERSLICE         0
            li1     73049
           met1    115430
           met2     31826
           met3     11018
           met4       266
-------------------------
               231589


[INFO DRT-0195] Start 12th guides tiles iteration.
    Completing 10% with 12 violations.
    elapsed time = 00:00:00, memory = 5059.53 (MB).
    Completing 20% with 12 violations.
    elapsed time = 00:00:00, memory = 5059.53 (MB).
    Completing 30% with 12 violations.
    elapsed time = 00:00:00, memory = 5059.53 (MB).
    Completing 40% with 12 violations.
    elapsed time = 00:00:00, memory = 5059.53 (MB).
    Completing 50% with 12 violations.
    elapsed time = 00:00:00, memory = 5059.53 (MB).
    Completing 60% with 10 violations.
    elapsed time = 00:00:00, memory = 5059.53 (MB).
    Completing 70% with 10 violations.
    elapsed time = 00:00:00, memory = 5059.53 (MB).
    Completing 80% with 10 violations.
    elapsed time = 00:00:00, memory = 5059.53 (MB).
    Completing 100% with 10 violations.
    elapsed time = 00:00:01, memory = 5059.53 (MB).
[INFO DRT-0199]   Number of violations = 10.
Viol/Layer        met1   met2
Short                9      1
[INFO DRT-0267] cpu time = 00:00:03, elapsed time = 00:00:01, memory = 5059.53 (MB), peak = 5810.38 (MB)
Total wire length = 1715003 um.
Total wire length on LAYER li1 = 0 um.
Total wire length on LAYER met1 = 527196 um.
Total wire length on LAYER met2 = 587470 um.
Total wire length on LAYER met3 = 346238 um.
Total wire length on LAYER met4 = 241601 um.
Total wire length on LAYER met5 = 12496 um.
Total number of vias = 231589.
Up-via summary (total 231589):

-------------------------
 FR_MASTERSLICE         0
            li1     73049
           met1    115430
           met2     31826
           met3     11018
           met4       266
-------------------------
               231589


[INFO DRT-0195] Start 13th guides tiles iteration.
    Completing 10% with 10 violations.
    elapsed time = 00:00:00, memory = 5059.53 (MB).
    Completing 20% with 10 violations.
    elapsed time = 00:00:00, memory = 5059.53 (MB).
    Completing 30% with 10 violations.
    elapsed time = 00:00:00, memory = 5059.53 (MB).
    Completing 50% with 10 violations.
    elapsed time = 00:00:00, memory = 5059.53 (MB).
    Completing 60% with 10 violations.
    elapsed time = 00:00:00, memory = 5059.53 (MB).
    Completing 70% with 10 violations.
    elapsed time = 00:00:00, memory = 5059.53 (MB).
    Completing 80% with 10 violations.
    elapsed time = 00:00:00, memory = 5059.53 (MB).
    Completing 100% with 10 violations.
    elapsed time = 00:00:01, memory = 5059.53 (MB).
[INFO DRT-0199]   Number of violations = 10.
Viol/Layer        met1   met2
Short                9      1
[INFO DRT-0267] cpu time = 00:00:03, elapsed time = 00:00:01, memory = 5059.53 (MB), peak = 5810.38 (MB)
Total wire length = 1715002 um.
Total wire length on LAYER li1 = 0 um.
Total wire length on LAYER met1 = 527195 um.
Total wire length on LAYER met2 = 587470 um.
Total wire length on LAYER met3 = 346238 um.
Total wire length on LAYER met4 = 241601 um.
Total wire length on LAYER met5 = 12496 um.
Total number of vias = 231589.
Up-via summary (total 231589):

-------------------------
 FR_MASTERSLICE         0
            li1     73049
           met1    115430
           met2     31826
           met3     11018
           met4       266
-------------------------
               231589


[INFO DRT-0195] Start 14th stubborn tiles iteration.
    Completing 10% with 10 violations.
    elapsed time = 00:00:20, memory = 5123.50 (MB).
    Completing 20% with 10 violations.
    elapsed time = 00:00:32, memory = 5167.83 (MB).
    Completing 30% with 10 violations.
    elapsed time = 00:00:40, memory = 5259.88 (MB).
    Completing 40% with 10 violations.
    elapsed time = 00:00:46, memory = 5262.62 (MB).
    Completing 50% with 10 violations.
    elapsed time = 00:00:50, memory = 5363.59 (MB).
    Completing 60% with 10 violations.
    elapsed time = 00:00:53, memory = 5430.11 (MB).
    Completing 70% with 10 violations.
    elapsed time = 00:00:56, memory = 5560.56 (MB).
    Completing 80% with 2 violations.
    elapsed time = 00:01:16, memory = 5837.48 (MB).
    Completing 90% with 2 violations.
    elapsed time = 00:01:24, memory = 5857.44 (MB).
    Completing 100% with 0 violations.
    elapsed time = 00:01:46, memory = 5593.38 (MB).
[INFO DRT-0199]   Number of violations = 0.
[INFO DRT-0267] cpu time = 00:16:21, elapsed time = 00:01:46, memory = 5593.38 (MB), peak = 5904.73 (MB)
Total wire length = 1715007 um.
Total wire length on LAYER li1 = 0 um.
Total wire length on LAYER met1 = 527180 um.
Total wire length on LAYER met2 = 587483 um.
Total wire length on LAYER met3 = 346240 um.
Total wire length on LAYER met4 = 241606 um.
Total wire length on LAYER met5 = 12496 um.
Total number of vias = 231592.
Up-via summary (total 231592):

-------------------------
 FR_MASTERSLICE         0
            li1     73049
           met1    115429
           met2     31828
           met3     11020
           met4       266
-------------------------
               231592


[INFO DRT-0198] Complete detail routing.
Total wire length = 1715007 um.
Total wire length on LAYER li1 = 0 um.
Total wire length on LAYER met1 = 527180 um.
Total wire length on LAYER met2 = 587483 um.
Total wire length on LAYER met3 = 346240 um.
Total wire length on LAYER met4 = 241606 um.
Total wire length on LAYER met5 = 12496 um.
Total number of vias = 231592.
Up-via summary (total 231592):

-------------------------
 FR_MASTERSLICE         0
            li1     73049
           met1    115429
           met2     31828
           met3     11020
           met4       266
-------------------------
               231592


[INFO DRT-0267] cpu time = 03:11:49, elapsed time = 00:24:56, memory = 5593.38 (MB), peak = 5904.73 (MB)

[INFO DRT-0180] Post processing.
[INFO DRT-0501] Runtime: 1496.77s
[INFO ANT-0002] Found 38 net violations.
[INFO ANT-0001] Found 57 pin violations.
[INFO GRT-0012] Found 38 antenna violations.
[INFO DPL-0006] Core area: 449380.99 um^2
[INFO DPL-0007] Movable instances area: 0.00 um^2
[INFO DPL-0008] Fixed instances area within core: 230848.90 um^2
[INFO DPL-0009] Utilization: 51.4%
[INFO DPL-0005] Diamond search max displacement: +/- 500 sites horizontally, +/- 100 rows vertically.
[INFO DPL-1102] Legalizing using negotiation legalizer.
[INFO DPL-1103] Negotiation base search window: +/-20 sites horizontally, +/-5 rows vertically 
	Automatic search window extension enabled.
	Search window extendable up to the max displacement cap of +/-500 sites, +/-100 rows near walls.
[INFO DPL-1104] NegotiationLegalizer DRC penalty: 5.
[INFO DPL-0392] Negotiation cell height distribution (1 unique row-count(s)):
[INFO DPL-0393]   height 1 row(s): 26315 cells
[INFO DPL-0500] Runtime: 0.18s
[INFO GRT-0015] Inserted 57 diodes.
[WARNING DRT-0120] Large net net1978 has 187 pins which may impact routing performance. Consider optimization.
[WARNING DRT-0120] Large net net1973 has 174 pins which may impact routing performance. Consider optimization.
[WARNING DRT-0120] Large net net1960 has 193 pins which may impact routing performance. Consider optimization.
[WARNING DRT-0120] Large net net1882 has 112 pins which may impact routing performance. Consider optimization.
[WARNING DRT-0120] Large net net1858 has 103 pins which may impact routing performance. Consider optimization.
[WARNING DRT-0120] Large net net1561 has 163 pins which may impact routing performance. Consider optimization.
[WARNING DRT-0120] Large net net1560 has 119 pins which may impact routing performance. Consider optimization.
[WARNING DRT-0120] Large net net1555 has 142 pins which may impact routing performance. Consider optimization.
[WARNING DRT-0120] Large net net1547 has 134 pins which may impact routing performance. Consider optimization.
[WARNING DRT-0120] Large net net1546 has 131 pins which may impact routing performance. Consider optimization.
[WARNING DRT-0120] Large net net1544 has 152 pins which may impact routing performance. Consider optimization.
[WARNING DRT-0120] Large net net1420 has 108 pins which may impact routing performance. Consider optimization.
[WARNING DRT-0120] Large net net1896 has 104 pins which may impact routing performance. Consider optimization.
[WARNING DRT-0120] Large net net1901 has 119 pins which may impact routing performance. Consider optimization.
[WARNING DRT-0120] Large net net1943 has 186 pins which may impact routing performance. Consider optimization.
[WARNING DRT-0120] Large net net1920 has 104 pins which may impact routing performance. Consider optimization.
[WARNING DRT-0120] Large net net1871 has 102 pins which may impact routing performance. Consider optimization.
[WARNING DRT-0120] Large net net1874 has 105 pins which may impact routing performance. Consider optimization.
[WARNING DRT-0120] Large net net1878 has 101 pins which may impact routing performance. Consider optimization.
[WARNING DRT-0120] Large net net71 has 154 pins which may impact routing performance. Consider optimization.
[INFO DRT-0024]   Complete FR_MASTERSLICE.
[INFO DRT-0024]   Complete Fr_VIA.
[INFO DRT-0024]   Complete li1.
[INFO DRT-0024]   Complete mcon.
[INFO DRT-0024]   Complete met1.
[INFO DRT-0024]   Complete via.
[INFO DRT-0024]   Complete met2.
[INFO DRT-0024]   Complete via2.
[INFO DRT-0024]   Complete met3.
[INFO DRT-0024]   Complete via3.
[INFO DRT-0024]   Complete met4.
[INFO DRT-0024]   Complete via4.
[INFO DRT-0024]   Complete met5.
[INFO DRT-0165] Start pin access.
[INFO DRT-0076]   Complete 1000 pins.
[INFO DRT-0078]   Complete 1341 pins.
[INFO DRT-0079]   Complete 100 unique inst patterns.
[INFO DRT-0081]   Complete 174 unique inst patterns.
[INFO DRT-0082]   Complete 10000 groups.
[INFO DRT-0084]   Complete 14368 groups.
#scanned instances     = 26315
#unique  instances     = 174
#stdCellGenAp          = 5645
#stdCellValidPlanarAp  = 103
#stdCellValidViaAp     = 3911
#stdCellPinNoAp        = 0
#stdCellPinCnt         = 74986
#instTermValidViaApCnt = 0
#macroGenAp            = 0
#macroValidPlanarAp    = 0
#macroValidViaAp       = 0
#macroNoAp             = 0
[INFO DRT-0166] Complete pin access.
[INFO DRT-0267] cpu time = 00:07:47, elapsed time = 00:00:42, memory = 5118.80 (MB), peak = 5904.73 (MB)
[INFO DRT-0156] guideIn read 100000 guides.
[INFO DRT-0156] guideIn read 200000 guides.

[INFO DRT-0157] Number of guides:     215988

[INFO DRT-0169] Post process guides.
[INFO DRT-0176] GCELLGRID X 0 DO 97 STEP 6900 ;
[INFO DRT-0177] GCELLGRID Y 0 DO 97 STEP 6900 ;
[INFO DRT-0026]   Complete 100000 origin guides.
[INFO DRT-0026]   Complete 200000 origin guides.
[INFO DRT-0028]   Complete FR_MASTERSLICE.
[INFO DRT-0028]   Complete Fr_VIA.
[INFO DRT-0028]   Complete li1.
[INFO DRT-0028]   Complete mcon.
[INFO DRT-0028]   Complete met1.
[INFO DRT-0028]   Complete via.
[INFO DRT-0028]   Complete met2.
[INFO DRT-0028]   Complete via2.
[INFO DRT-0028]   Complete met3.
[INFO DRT-0028]   Complete via3.
[INFO DRT-0028]   Complete met4.
[INFO DRT-0028]   Complete via4.
[INFO DRT-0028]   Complete met5.
[INFO DRT-0178] Init guide query.
[INFO DRT-0035]   Complete FR_MASTERSLICE (guide).
[INFO DRT-0035]   Complete Fr_VIA (guide).
[INFO DRT-0035]   Complete li1 (guide).
[INFO DRT-0035]   Complete mcon (guide).
[INFO DRT-0035]   Complete met1 (guide).
[INFO DRT-0035]   Complete via (guide).
[INFO DRT-0035]   Complete met2 (guide).
[INFO DRT-0035]   Complete via2 (guide).
[INFO DRT-0035]   Complete met3 (guide).
[INFO DRT-0035]   Complete via3 (guide).
[INFO DRT-0035]   Complete met4 (guide).
[INFO DRT-0035]   Complete via4 (guide).
[INFO DRT-0035]   Complete met5 (guide).
[INFO DRT-0036] FR_MASTERSLICE guide region query size = 0.
[INFO DRT-0036] FR_VIA guide region query size = 0.
[INFO DRT-0036] li1 guide region query size = 62535.
[INFO DRT-0036] mcon guide region query size = 0.
[INFO DRT-0036] met1 guide region query size = 62241.
[INFO DRT-0036] via guide region query size = 0.
[INFO DRT-0036] met2 guide region query size = 35763.
[INFO DRT-0036] via2 guide region query size = 0.
[INFO DRT-0036] met3 guide region query size = 6348.
[INFO DRT-0036] via3 guide region query size = 0.
[INFO DRT-0036] met4 guide region query size = 2786.
[INFO DRT-0036] via4 guide region query size = 0.
[INFO DRT-0036] met5 guide region query size = 175.
[INFO DRT-0179] Init gr pin query.
[INFO DRT-0267] cpu time = 00:00:01, elapsed time = 00:00:00, memory = 5118.80 (MB), peak = 5904.73 (MB)
[INFO DRT-0245] skipped writing guide updates to database.
[INFO DRT-0181] Start track assignment.
[INFO DRT-0184] Done with 101084 vertical wires in 2 frboxes and 68764 horizontal wires in 2 frboxes.
[INFO DRT-0186] Done with 22656 vertical wires in 2 frboxes and 33845 horizontal wires in 2 frboxes.
[INFO DRT-0182] Complete track assignment.
[INFO DRT-0267] cpu time = 00:00:14, elapsed time = 00:00:07, memory = 5118.80 (MB), peak = 5904.73 (MB)
[INFO DRT-0187] Start routing data preparation.
[INFO DRT-0267] cpu time = 00:00:00, elapsed time = 00:00:00, memory = 5118.80 (MB), peak = 5904.73 (MB)
[INFO DRT-0194] Start detail routing.
[INFO DRT-0195] Start 0th optimization iteration.
    Completing 10% with 0 violations.
    elapsed time = 00:00:09, memory = 5133.60 (MB).
    Completing 20% with 0 violations.
    elapsed time = 00:00:21, memory = 5142.85 (MB).
    Completing 30% with 5867 violations.
    elapsed time = 00:00:34, memory = 5152.37 (MB).
    Completing 40% with 5867 violations.
    elapsed time = 00:00:45, memory = 5154.18 (MB).
    Completing 50% with 5867 violations.
    elapsed time = 00:00:57, memory = 5154.18 (MB).
    Completing 60% with 11097 violations.
    elapsed time = 00:01:09, memory = 5156.14 (MB).
    Completing 70% with 11097 violations.
    elapsed time = 00:01:20, memory = 5203.90 (MB).
    Completing 80% with 16314 violations.
    elapsed time = 00:01:32, memory = 5156.14 (MB).
    Completing 90% with 16314 violations.
    elapsed time = 00:01:43, memory = 5156.14 (MB).
    Completing 100% with 21194 violations.
    elapsed time = 00:01:58, memory = 5169.03 (MB).
[INFO DRT-0199]   Number of violations = 22378.
Viol/Layer        met1    via   met2   via2   met3   met4   via4   met5
Cut Spacing          0      0      0      0      0      0      2      0
Metal Spacing     1207      0   1200      0     31      6      0      0
Min Hole             8      0      1      0      0      0      0      0
Recheck            672      0    464      0     37     11      0      0
Short            11703     11   6838      1    148     37      0      1
[INFO DRT-0267] cpu time = 00:19:46, elapsed time = 00:01:58, memory = 5169.03 (MB), peak = 5904.73 (MB)
Total wire length = 1720123 um.
Total wire length on LAYER li1 = 0 um.
Total wire length on LAYER met1 = 546948 um.
Total wire length on LAYER met2 = 599026 um.
Total wire length on LAYER met3 = 329326 um.
Total wire length on LAYER met4 = 232590 um.
Total wire length on LAYER met5 = 12230 um.
Total number of vias = 230014.
Up-via summary (total 230014):

-------------------------
 FR_MASTERSLICE         0
            li1     73126
           met1    116108
           met2     30128
           met3     10394
           met4       258
-------------------------
               230014


[INFO DRT-0195] Start 1st optimization iteration.
    Completing 10% with 22378 violations.
    elapsed time = 00:00:07, memory = 5169.03 (MB).
    Completing 20% with 22378 violations.
    elapsed time = 00:00:13, memory = 5169.03 (MB).
    Completing 30% with 20722 violations.
    elapsed time = 00:00:23, memory = 5169.03 (MB).
    Completing 40% with 20722 violations.
    elapsed time = 00:00:31, memory = 5169.03 (MB).
    Completing 50% with 20722 violations.
    elapsed time = 00:00:39, memory = 5216.79 (MB).
    Completing 60% with 18603 violations.
    elapsed time = 00:00:50, memory = 5169.04 (MB).
    Completing 70% with 18603 violations.
    elapsed time = 00:00:58, memory = 5169.04 (MB).
    Completing 80% with 15990 violations.
    elapsed time = 00:01:12, memory = 5169.73 (MB).
    Completing 90% with 15990 violations.
    elapsed time = 00:01:21, memory = 5187.38 (MB).
    Completing 100% with 13787 violations.
    elapsed time = 00:01:36, memory = 5170.51 (MB).
[INFO DRT-0199]   Number of violations = 13787.
Viol/Layer        met1    via   met2   via2   met3   met4   via4   met5
Cut Spacing          0      0      0      1      0      0      1      0
Metal Spacing      974      0   1135      0     25      0      0      2
Short             8189      3   3404      0     40      9      0      4
[INFO DRT-0267] cpu time = 00:15:30, elapsed time = 00:01:36, memory = 5170.51 (MB), peak = 5904.73 (MB)
Total wire length = 1717460 um.
Total wire length on LAYER li1 = 0 um.
Total wire length on LAYER met1 = 544460 um.
Total wire length on LAYER met2 = 596930 um.
Total wire length on LAYER met3 = 330584 um.
Total wire length on LAYER met4 = 233250 um.
Total wire length on LAYER met5 = 12232 um.
Total number of vias = 229599.
Up-via summary (total 229599):

-------------------------
 FR_MASTERSLICE         0
            li1     73139
           met1    115528
           met2     30231
           met3     10443
           met4       258
-------------------------
               229599


[INFO DRT-0195] Start 2nd optimization iteration.
    Completing 10% with 13787 violations.
    elapsed time = 00:00:09, memory = 5170.51 (MB).
    Completing 20% with 13787 violations.
    elapsed time = 00:00:16, memory = 5170.51 (MB).
    Completing 30% with 13388 violations.
    elapsed time = 00:00:32, memory = 5170.51 (MB).
    Completing 40% with 13388 violations.
    elapsed time = 00:00:40, memory = 5170.51 (MB).
    Completing 50% with 13388 violations.
    elapsed time = 00:00:49, memory = 5172.25 (MB).
    Completing 60% with 13120 violations.
    elapsed time = 00:00:56, memory = 5172.25 (MB).
    Completing 70% with 13120 violations.
    elapsed time = 00:01:04, memory = 5172.25 (MB).
    Completing 80% with 13194 violations.
    elapsed time = 00:01:15, memory = 5172.25 (MB).
    Completing 90% with 13194 violations.
    elapsed time = 00:01:24, memory = 5172.25 (MB).
    Completing 100% with 12904 violations.
    elapsed time = 00:01:30, memory = 5172.25 (MB).
[INFO DRT-0199]   Number of violations = 12904.
Viol/Layer        met1    via   met2   met3   met4   via4   met5
Cut Spacing          0      0      0      0      0      2      0
Metal Spacing      909      0   1078     14      0      0      4
Short             7569      1   3275     33     12      0      7
[INFO DRT-0267] cpu time = 00:14:06, elapsed time = 00:01:31, memory = 5172.25 (MB), peak = 5904.73 (MB)
Total wire length = 1716951 um.
Total wire length on LAYER li1 = 0 um.
Total wire length on LAYER met1 = 543643 um.
Total wire length on LAYER met2 = 596495 um.
Total wire length on LAYER met3 = 330964 um.
Total wire length on LAYER met4 = 233614 um.
Total wire length on LAYER met5 = 12233 um.
Total number of vias = 229491.
Up-via summary (total 229491):

-------------------------
 FR_MASTERSLICE         0
            li1     73133
           met1    115384
           met2     30257
           met3     10459
           met4       258
-------------------------
               229491


[INFO DRT-0195] Start 3rd optimization iteration.
    Completing 10% with 12904 violations.
    elapsed time = 00:00:26, memory = 5172.25 (MB).
    Completing 20% with 12904 violations.
    elapsed time = 00:00:46, memory = 5172.25 (MB).
    Completing 30% with 10885 violations.
    elapsed time = 00:01:18, memory = 5172.25 (MB).
    Completing 40% with 10885 violations.
    elapsed time = 00:01:42, memory = 5188.28 (MB).
    Completing 50% with 10885 violations.
    elapsed time = 00:02:05, memory = 5172.25 (MB).
    Completing 60% with 8902 violations.
    elapsed time = 00:02:32, memory = 5175.25 (MB).
    Completing 70% with 8902 violations.
    elapsed time = 00:02:56, memory = 5175.25 (MB).
    Completing 80% with 6764 violations.
    elapsed time = 00:03:22, memory = 5175.25 (MB).
    Completing 90% with 6764 violations.
    elapsed time = 00:03:48, memory = 5182.10 (MB).
    Completing 100% with 4786 violations.
    elapsed time = 00:04:18, memory = 5182.10 (MB).
[INFO DRT-0199]   Number of violations = 4786.
Viol/Layer        mcon   met1    via   met2   met3   met4   met5
Cut Spacing         10      0      7      0      0      0      0
Metal Spacing        0    721      0    571     54      1      1
Min Hole             0      2      0      2      0      0      0
Short                0   2235      0   1136     39      5      2
[INFO DRT-0267] cpu time = 00:43:24, elapsed time = 00:04:19, memory = 5182.10 (MB), peak = 5904.73 (MB)
Total wire length = 1717292 um.
Total wire length on LAYER li1 = 0 um.
Total wire length on LAYER met1 = 530628 um.
Total wire length on LAYER met2 = 589176 um.
Total wire length on LAYER met3 = 343862 um.
Total wire length on LAYER met4 = 241408 um.
Total wire length on LAYER met5 = 12216 um.
Total number of vias = 232760.
Up-via summary (total 232760):

-------------------------
 FR_MASTERSLICE         0
            li1     73151
           met1    116150
           met2     32136
           met3     11069
           met4       254
-------------------------
               232760


[INFO DRT-0195] Start 4th optimization iteration.
    Completing 10% with 4786 violations.
    elapsed time = 00:00:05, memory = 5182.10 (MB).
    Completing 20% with 4786 violations.
    elapsed time = 00:00:21, memory = 5182.10 (MB).
    Completing 30% with 4448 violations.
    elapsed time = 00:00:38, memory = 5182.10 (MB).
    Completing 40% with 4448 violations.
    elapsed time = 00:00:46, memory = 5182.10 (MB).
    Completing 50% with 4448 violations.
    elapsed time = 00:01:04, memory = 5182.10 (MB).
    Completing 60% with 3513 violations.
    elapsed time = 00:01:14, memory = 5198.56 (MB).
    Completing 70% with 3513 violations.
    elapsed time = 00:01:33, memory = 5182.10 (MB).
    Completing 80% with 2354 violations.
    elapsed time = 00:01:45, memory = 5182.10 (MB).
    Completing 90% with 2354 violations.
    elapsed time = 00:01:53, memory = 5182.10 (MB).
    Completing 100% with 1450 violations.
    elapsed time = 00:02:16, memory = 5182.10 (MB).
[INFO DRT-0199]   Number of violations = 1450.
Viol/Layer        mcon   met1    via   met2   met3   met4   met5
Cut Spacing          2      0      1      0      0      0      0
Metal Spacing        0    256      0    150     16      1      0
Min Hole             0      0      0      1      0      0      0
Short                0    723      0    278     21      0      1
[INFO DRT-0267] cpu time = 00:20:00, elapsed time = 00:02:17, memory = 5182.10 (MB), peak = 5904.73 (MB)
Total wire length = 1717094 um.
Total wire length on LAYER li1 = 0 um.
Total wire length on LAYER met1 = 528223 um.
Total wire length on LAYER met2 = 587067 um.
Total wire length on LAYER met3 = 346403 um.
Total wire length on LAYER met4 = 243210 um.
Total wire length on LAYER met5 = 12190 um.
Total number of vias = 233099.
Up-via summary (total 233099):

-------------------------
 FR_MASTERSLICE         0
            li1     73161
           met1    116085
           met2     32417
           met3     11182
           met4       254
-------------------------
               233099


[INFO DRT-0195] Start 5th optimization iteration.
    Completing 10% with 1450 violations.
    elapsed time = 00:00:00, memory = 5182.10 (MB).
    Completing 20% with 1450 violations.
    elapsed time = 00:00:03, memory = 5182.10 (MB).
    Completing 30% with 1216 violations.
    elapsed time = 00:00:20, memory = 5118.90 (MB).
    Completing 40% with 1216 violations.
    elapsed time = 00:00:23, memory = 5157.29 (MB).
    Completing 50% with 1216 violations.
    elapsed time = 00:00:27, memory = 5212.93 (MB).
    Completing 60% with 1062 violations.
    elapsed time = 00:00:41, memory = 5126.83 (MB).
    Completing 70% with 1062 violations.
    elapsed time = 00:00:50, memory = 5159.80 (MB).
    Completing 80% with 950 violations.
    elapsed time = 00:01:10, memory = 5171.19 (MB).
    Completing 90% with 950 violations.
    elapsed time = 00:01:11, memory = 5171.19 (MB).
    Completing 100% with 760 violations.
    elapsed time = 00:01:31, memory = 5171.19 (MB).
[INFO DRT-0199]   Number of violations = 760.
Viol/Layer        mcon   met1   met2   met3   met5
Cut Spacing          1      0      0      0      0
Metal Spacing        0    146     73      6      0
Short                0    387    141      5      1
[INFO DRT-0267] cpu time = 00:09:57, elapsed time = 00:01:31, memory = 5171.19 (MB), peak = 5904.73 (MB)
Total wire length = 1716871 um.
Total wire length on LAYER li1 = 0 um.
Total wire length on LAYER met1 = 527364 um.
Total wire length on LAYER met2 = 586478 um.
Total wire length on LAYER met3 = 347116 um.
Total wire length on LAYER met4 = 243736 um.
Total wire length on LAYER met5 = 12175 um.
Total number of vias = 233184.
Up-via summary (total 233184):

-------------------------
 FR_MASTERSLICE         0
            li1     73158
           met1    116071
           met2     32484
           met3     11219
           met4       252
-------------------------
               233184


[INFO DRT-0195] Start 6th optimization iteration.
    Completing 10% with 760 violations.
    elapsed time = 00:00:00, memory = 5171.19 (MB).
    Completing 20% with 760 violations.
    elapsed time = 00:00:00, memory = 5171.19 (MB).
    Completing 30% with 598 violations.
    elapsed time = 00:00:10, memory = 5171.19 (MB).
    Completing 40% with 598 violations.
    elapsed time = 00:00:10, memory = 5171.19 (MB).
    Completing 50% with 598 violations.
    elapsed time = 00:00:12, memory = 5217.99 (MB).
    Completing 60% with 490 violations.
    elapsed time = 00:00:24, memory = 5181.61 (MB).
    Completing 70% with 490 violations.
    elapsed time = 00:00:25, memory = 5181.61 (MB).
    Completing 80% with 428 violations.
    elapsed time = 00:00:45, memory = 5181.61 (MB).
    Completing 90% with 428 violations.
    elapsed time = 00:00:45, memory = 5181.61 (MB).
    Completing 100% with 335 violations.
    elapsed time = 00:01:01, memory = 5181.61 (MB).
[INFO DRT-0199]   Number of violations = 335.
Viol/Layer        met1   met2   met3
Metal Spacing       78     40      2
Short              130     85      0
[INFO DRT-0267] cpu time = 00:05:29, elapsed time = 00:01:01, memory = 5181.61 (MB), peak = 5904.73 (MB)
Total wire length = 1716706 um.
Total wire length on LAYER li1 = 0 um.
Total wire length on LAYER met1 = 526954 um.
Total wire length on LAYER met2 = 586257 um.
Total wire length on LAYER met3 = 347361 um.
Total wire length on LAYER met4 = 243930 um.
Total wire length on LAYER met5 = 12202 um.
Total number of vias = 233184.
Up-via summary (total 233184):

-------------------------
 FR_MASTERSLICE         0
            li1     73158
           met1    116027
           met2     32523
           met3     11222
           met4       254
-------------------------
               233184


[INFO DRT-0195] Start 7th optimization iteration.
    Completing 10% with 335 violations.
    elapsed time = 00:00:00, memory = 5181.61 (MB).
    Completing 20% with 335 violations.
    elapsed time = 00:00:00, memory = 5181.61 (MB).
    Completing 30% with 309 violations.
    elapsed time = 00:00:35, memory = 5181.61 (MB).
    Completing 40% with 309 violations.
    elapsed time = 00:00:35, memory = 5181.61 (MB).
    Completing 50% with 309 violations.
    elapsed time = 00:00:36, memory = 5181.61 (MB).
    Completing 60% with 255 violations.
    elapsed time = 00:00:54, memory = 5181.61 (MB).
    Completing 70% with 255 violations.
    elapsed time = 00:00:54, memory = 5181.61 (MB).
    Completing 80% with 192 violations.
    elapsed time = 00:01:08, memory = 5181.61 (MB).
    Completing 90% with 192 violations.
    elapsed time = 00:01:08, memory = 5181.61 (MB).
    Completing 100% with 160 violations.
    elapsed time = 00:01:22, memory = 5181.61 (MB).
[INFO DRT-0199]   Number of violations = 160.
Viol/Layer        met1   met2
Metal Spacing       43     16
Short               54     47
[INFO DRT-0267] cpu time = 00:03:36, elapsed time = 00:01:22, memory = 5181.61 (MB), peak = 5904.73 (MB)
Total wire length = 1716710 um.
Total wire length on LAYER li1 = 0 um.
Total wire length on LAYER met1 = 526818 um.
Total wire length on LAYER met2 = 586309 um.
Total wire length on LAYER met3 = 347430 um.
Total wire length on LAYER met4 = 243949 um.
Total wire length on LAYER met5 = 12202 um.
Total number of vias = 233154.
Up-via summary (total 233154):

-------------------------
 FR_MASTERSLICE         0
            li1     73157
           met1    116013
           met2     32516
           met3     11214
           met4       254
-------------------------
               233154


[INFO DRT-0195] Start 8th optimization iteration.
    Completing 10% with 160 violations.
    elapsed time = 00:00:00, memory = 5181.61 (MB).
    Completing 20% with 160 violations.
    elapsed time = 00:00:00, memory = 5181.61 (MB).
    Completing 30% with 98 violations.
    elapsed time = 00:00:03, memory = 5181.61 (MB).
    Completing 40% with 98 violations.
    elapsed time = 00:00:03, memory = 5181.61 (MB).
    Completing 50% with 98 violations.
    elapsed time = 00:00:12, memory = 5181.61 (MB).
    Completing 60% with 94 violations.
    elapsed time = 00:00:12, memory = 5181.61 (MB).
    Completing 70% with 94 violations.
    elapsed time = 00:00:12, memory = 5181.61 (MB).
    Completing 80% with 93 violations.
    elapsed time = 00:00:32, memory = 5181.61 (MB).
    Completing 90% with 93 violations.
    elapsed time = 00:00:32, memory = 5181.61 (MB).
    Completing 100% with 93 violations.
    elapsed time = 00:01:09, memory = 5181.61 (MB).
[INFO DRT-0199]   Number of violations = 93.
Viol/Layer        met1   met2
Metal Spacing       37      4
Short               44      8
[INFO DRT-0267] cpu time = 00:02:32, elapsed time = 00:01:11, memory = 5181.61 (MB), peak = 5904.73 (MB)
Total wire length = 1716716 um.
Total wire length on LAYER li1 = 0 um.
Total wire length on LAYER met1 = 526835 um.
Total wire length on LAYER met2 = 586226 um.
Total wire length on LAYER met3 = 347437 um.
Total wire length on LAYER met4 = 244015 um.
Total wire length on LAYER met5 = 12202 um.
Total number of vias = 233144.
Up-via summary (total 233144):

-------------------------
 FR_MASTERSLICE         0
            li1     73156
           met1    116010
           met2     32509
           met3     11215
           met4       254
-------------------------
               233144


[INFO DRT-0195] Start 9th guides tiles iteration.
    Completing 10% with 93 violations.
    elapsed time = 00:00:00, memory = 5255.50 (MB).
    Completing 20% with 93 violations.
    elapsed time = 00:00:01, memory = 5255.50 (MB).
    Completing 30% with 93 violations.
    elapsed time = 00:00:03, memory = 5255.50 (MB).
    Completing 40% with 93 violations.
    elapsed time = 00:00:06, memory = 5255.50 (MB).
    Completing 50% with 93 violations.
    elapsed time = 00:00:16, memory = 5181.61 (MB).
    Completing 60% with 89 violations.
    elapsed time = 00:00:17, memory = 6136.55 (MB).
    Completing 70% with 89 violations.
    elapsed time = 00:00:20, memory = 6136.55 (MB).
    Completing 80% with 89 violations.
    elapsed time = 00:04:08, memory = 5181.61 (MB).
    Completing 90% with 89 violations.
    elapsed time = 00:04:09, memory = 5181.61 (MB).
    Completing 100% with 78 violations.
    elapsed time = 00:04:09, memory = 5181.61 (MB).
[INFO DRT-0199]   Number of violations = 78.
Viol/Layer        met1   met2
Metal Spacing       24      4
Short               42      8
[INFO DRT-0267] cpu time = 00:05:10, elapsed time = 00:04:09, memory = 5181.61 (MB), peak = 6391.87 (MB)
Total wire length = 1716713 um.
Total wire length on LAYER li1 = 0 um.
Total wire length on LAYER met1 = 526830 um.
Total wire length on LAYER met2 = 586223 um.
Total wire length on LAYER met3 = 347441 um.
Total wire length on LAYER met4 = 244015 um.
Total wire length on LAYER met5 = 12202 um.
Total number of vias = 233149.
Up-via summary (total 233149):

-------------------------
 FR_MASTERSLICE         0
            li1     73156
           met1    116012
           met2     32512
           met3     11215
           met4       254
-------------------------
               233149


[INFO DRT-0195] Start 10th guides tiles iteration.
    Completing 10% with 78 violations.
    elapsed time = 00:00:00, memory = 5255.50 (MB).
    Completing 20% with 78 violations.
    elapsed time = 00:00:00, memory = 5255.50 (MB).
    Completing 30% with 78 violations.
    elapsed time = 00:00:03, memory = 5255.50 (MB).
    Completing 40% with 78 violations.
    elapsed time = 00:00:04, memory = 5255.50 (MB).
    Completing 50% with 78 violations.
    elapsed time = 00:00:04, memory = 5255.50 (MB).
    Completing 60% with 55 violations.
    elapsed time = 00:00:06, memory = 5246.41 (MB).
    Completing 70% with 55 violations.
    elapsed time = 00:00:06, memory = 5617.04 (MB).
    Completing 80% with 55 violations.
    elapsed time = 00:02:07, memory = 5181.61 (MB).
    Completing 90% with 54 violations.
    elapsed time = 00:02:07, memory = 5181.61 (MB).
    Completing 100% with 49 violations.
    elapsed time = 00:02:07, memory = 5181.61 (MB).
[INFO DRT-0199]   Number of violations = 49.
Viol/Layer        met1   met2   met4
Metal Spacing        8      1      0
Short               33      2      5
[INFO DRT-0267] cpu time = 00:02:25, elapsed time = 00:02:07, memory = 5181.61 (MB), peak = 6392.28 (MB)
Total wire length = 1716746 um.
Total wire length on LAYER li1 = 0 um.
Total wire length on LAYER met1 = 526826 um.
Total wire length on LAYER met2 = 586202 um.
Total wire length on LAYER met3 = 347469 um.
Total wire length on LAYER met4 = 244045 um.
Total wire length on LAYER met5 = 12202 um.
Total number of vias = 233167.
Up-via summary (total 233167):

-------------------------
 FR_MASTERSLICE         0
            li1     73156
           met1    116023
           met2     32517
           met3     11217
           met4       254
-------------------------
               233167


[INFO DRT-0195] Start 11th guides tiles iteration.
    Completing 10% with 49 violations.
    elapsed time = 00:00:00, memory = 5547.91 (MB).
    Completing 20% with 49 violations.
    elapsed time = 00:00:01, memory = 5483.15 (MB).
    Completing 30% with 49 violations.
    elapsed time = 00:00:18, memory = 5181.61 (MB).
    Completing 40% with 28 violations.
    elapsed time = 00:00:18, memory = 5181.61 (MB).
    Completing 50% with 28 violations.
    elapsed time = 00:00:18, memory = 5181.61 (MB).
    Completing 60% with 28 violations.
    elapsed time = 00:00:20, memory = 5302.52 (MB).
    Completing 70% with 28 violations.
    elapsed time = 00:00:22, memory = 5302.52 (MB).
    Completing 80% with 19 violations.
    elapsed time = 00:00:23, memory = 5181.61 (MB).
    Completing 90% with 19 violations.
    elapsed time = 00:00:26, memory = 5181.61 (MB).
    Completing 100% with 19 violations.
    elapsed time = 00:00:26, memory = 5181.61 (MB).
[INFO DRT-0199]   Number of violations = 19.
Viol/Layer        met1   met2
Metal Spacing        5      2
Short                7      5
[INFO DRT-0267] cpu time = 00:00:37, elapsed time = 00:00:26, memory = 5181.61 (MB), peak = 6392.28 (MB)
Total wire length = 1716709 um.
Total wire length on LAYER li1 = 0 um.
Total wire length on LAYER met1 = 526784 um.
Total wire length on LAYER met2 = 586103 um.
Total wire length on LAYER met3 = 347475 um.
Total wire length on LAYER met4 = 244143 um.
Total wire length on LAYER met5 = 12202 um.
Total number of vias = 233145.
Up-via summary (total 233145):

-------------------------
 FR_MASTERSLICE         0
            li1     73154
           met1    116008
           met2     32514
           met3     11215
           met4       254
-------------------------
               233145


[INFO DRT-0195] Start 12th guides tiles iteration.
    Completing 10% with 19 violations.
    elapsed time = 00:00:00, memory = 5181.61 (MB).
    Completing 20% with 19 violations.
    elapsed time = 00:00:01, memory = 5181.61 (MB).
    Completing 30% with 19 violations.
    elapsed time = 00:00:01, memory = 5181.61 (MB).
    Completing 50% with 19 violations.
    elapsed time = 00:00:03, memory = 5181.61 (MB).
    Completing 60% with 19 violations.
    elapsed time = 00:00:04, memory = 5248.90 (MB).
    Completing 70% with 19 violations.
    elapsed time = 00:00:04, memory = 5248.90 (MB).
    Completing 80% with 19 violations.
    elapsed time = 00:00:07, memory = 5248.90 (MB).
    Completing 100% with 17 violations.
    elapsed time = 00:00:07, memory = 5181.61 (MB).
[INFO DRT-0199]   Number of violations = 17.
Viol/Layer        met1   met2
Metal Spacing        5      2
Short                5      5
[INFO DRT-0267] cpu time = 00:00:18, elapsed time = 00:00:08, memory = 5181.61 (MB), peak = 6392.28 (MB)
Total wire length = 1716721 um.
Total wire length on LAYER li1 = 0 um.
Total wire length on LAYER met1 = 526772 um.
Total wire length on LAYER met2 = 586109 um.
Total wire length on LAYER met3 = 347493 um.
Total wire length on LAYER met4 = 244143 um.
Total wire length on LAYER met5 = 12202 um.
Total number of vias = 233146.
Up-via summary (total 233146):

-------------------------
 FR_MASTERSLICE         0
            li1     73154
           met1    116003
           met2     32520
           met3     11215
           met4       254
-------------------------
               233146


[INFO DRT-0195] Start 13th guides tiles iteration.
    Completing 10% with 17 violations.
    elapsed time = 00:00:00, memory = 5181.61 (MB).
    Completing 20% with 17 violations.
    elapsed time = 00:00:00, memory = 5181.61 (MB).
    Completing 40% with 17 violations.
    elapsed time = 00:00:03, memory = 5181.61 (MB).
    Completing 50% with 17 violations.
    elapsed time = 00:00:04, memory = 5181.61 (MB).
    Completing 70% with 16 violations.
    elapsed time = 00:00:05, memory = 5248.90 (MB).
    Completing 80% with 16 violations.
    elapsed time = 00:00:08, memory = 5248.90 (MB).
    Completing 100% with 16 violations.
    elapsed time = 00:00:09, memory = 5181.61 (MB).
[INFO DRT-0199]   Number of violations = 16.
Viol/Layer        met1   met2
Metal Spacing        4      2
Short                5      5
[INFO DRT-0267] cpu time = 00:00:16, elapsed time = 00:00:09, memory = 5181.61 (MB), peak = 6392.28 (MB)
Total wire length = 1716718 um.
Total wire length on LAYER li1 = 0 um.
Total wire length on LAYER met1 = 526773 um.
Total wire length on LAYER met2 = 586104 um.
Total wire length on LAYER met3 = 347494 um.
Total wire length on LAYER met4 = 244143 um.
Total wire length on LAYER met5 = 12202 um.
Total number of vias = 233145.
Up-via summary (total 233145):

-------------------------
 FR_MASTERSLICE         0
            li1     73154
           met1    116000
           met2     32522
           met3     11215
           met4       254
-------------------------
               233145


[INFO DRT-0195] Start 14th guides tiles iteration.
    Completing 10% with 16 violations.
    elapsed time = 00:00:00, memory = 5181.61 (MB).
    Completing 30% with 16 violations.
    elapsed time = 00:00:01, memory = 5181.61 (MB).
    Completing 50% with 16 violations.
    elapsed time = 00:00:03, memory = 5181.61 (MB).
    Completing 60% with 16 violations.
    elapsed time = 00:00:03, memory = 5248.90 (MB).
    Completing 80% with 16 violations.
    elapsed time = 00:00:07, memory = 5248.90 (MB).
    Completing 100% with 16 violations.
    elapsed time = 00:00:07, memory = 5181.61 (MB).
[INFO DRT-0199]   Number of violations = 16.
Viol/Layer        met1   met2
Metal Spacing        4      2
Short                5      5
[INFO DRT-0267] cpu time = 00:00:14, elapsed time = 00:00:07, memory = 5181.61 (MB), peak = 6392.28 (MB)
Total wire length = 1716718 um.
Total wire length on LAYER li1 = 0 um.
Total wire length on LAYER met1 = 526773 um.
Total wire length on LAYER met2 = 586104 um.
Total wire length on LAYER met3 = 347494 um.
Total wire length on LAYER met4 = 244143 um.
Total wire length on LAYER met5 = 12202 um.
Total number of vias = 233145.
Up-via summary (total 233145):

-------------------------
 FR_MASTERSLICE         0
            li1     73154
           met1    116000
           met2     32522
           met3     11215
           met4       254
-------------------------
               233145


[INFO DRT-0195] Start 15th guides tiles iteration.
    Completing 10% with 16 violations.
    elapsed time = 00:00:00, memory = 5181.61 (MB).
    Completing 30% with 16 violations.
    elapsed time = 00:00:01, memory = 5181.61 (MB).
    Completing 50% with 16 violations.
    elapsed time = 00:00:03, memory = 5181.61 (MB).
    Completing 60% with 16 violations.
    elapsed time = 00:00:04, memory = 5248.90 (MB).
    Completing 80% with 16 violations.
    elapsed time = 00:00:07, memory = 5181.61 (MB).
    Completing 100% with 16 violations.
    elapsed time = 00:00:09, memory = 5181.61 (MB).
[INFO DRT-0199]   Number of violations = 16.
Viol/Layer        met1   met2
Metal Spacing        4      2
Short                5      5
[INFO DRT-0267] cpu time = 00:00:17, elapsed time = 00:00:09, memory = 5181.61 (MB), peak = 6392.28 (MB)
Total wire length = 1716718 um.
Total wire length on LAYER li1 = 0 um.
Total wire length on LAYER met1 = 526773 um.
Total wire length on LAYER met2 = 586104 um.
Total wire length on LAYER met3 = 347494 um.
Total wire length on LAYER met4 = 244143 um.
Total wire length on LAYER met5 = 12202 um.
Total number of vias = 233145.
Up-via summary (total 233145):

-------------------------
 FR_MASTERSLICE         0
            li1     73154
           met1    116000
           met2     32522
           met3     11215
           met4       254
-------------------------
               233145


[INFO DRT-0195] Start 16th stubborn tiles iteration.
    Completing 10% with 16 violations.
    elapsed time = 00:00:03, memory = 5205.25 (MB).
    Completing 20% with 16 violations.
    elapsed time = 00:00:11, memory = 5205.25 (MB).
    Completing 30% with 16 violations.
    elapsed time = 00:00:24, memory = 5200.62 (MB).
    Completing 40% with 16 violations.
    elapsed time = 00:00:41, memory = 5200.62 (MB).
    Completing 50% with 16 violations.
    elapsed time = 00:01:07, memory = 5235.14 (MB).
    Completing 60% with 16 violations.
    elapsed time = 00:01:26, memory = 5271.70 (MB).
    Completing 70% with 7 violations.
    elapsed time = 00:01:58, memory = 5161.65 (MB).
    Completing 80% with 7 violations.
    elapsed time = 00:02:08, memory = 5300.37 (MB).
    Completing 90% with 7 violations.
    elapsed time = 00:02:26, memory = 5309.50 (MB).
    Completing 100% with 0 violations.
    elapsed time = 00:02:57, memory = 5203.17 (MB).
[INFO DRT-0199]   Number of violations = 0.
[INFO DRT-0267] cpu time = 00:27:58, elapsed time = 00:02:57, memory = 5203.17 (MB), peak = 6392.28 (MB)
Total wire length = 1716745 um.
Total wire length on LAYER li1 = 0 um.
Total wire length on LAYER met1 = 526784 um.
Total wire length on LAYER met2 = 586129 um.
Total wire length on LAYER met3 = 347506 um.
Total wire length on LAYER met4 = 244122 um.
Total wire length on LAYER met5 = 12202 um.
Total number of vias = 233147.
Up-via summary (total 233147):

-------------------------
 FR_MASTERSLICE         0
            li1     73153
           met1    116007
           met2     32524
           met3     11209
           met4       254
-------------------------
               233147


[INFO DRT-0198] Complete detail routing.
Total wire length = 1716745 um.
Total wire length on LAYER li1 = 0 um.
Total wire length on LAYER met1 = 526784 um.
Total wire length on LAYER met2 = 586129 um.
Total wire length on LAYER met3 = 347506 um.
Total wire length on LAYER met4 = 244122 um.
Total wire length on LAYER met5 = 12202 um.
Total number of vias = 233147.
Up-via summary (total 233147):

-------------------------
 FR_MASTERSLICE         0
            li1     73153
           met1    116007
           met2     32524
           met3     11209
           met4       254
-------------------------
               233147


[INFO DRT-0267] cpu time = 02:51:43, elapsed time = 00:27:08, memory = 5203.17 (MB), peak = 6392.28 (MB)

[INFO DRT-0180] Post processing.
[INFO DRT-0501] Runtime: 1622.12s
[INFO ANT-0002] Found 27 net violations.
[INFO ANT-0001] Found 32 pin violations.
[INFO GRT-0012] Found 27 antenna violations.
[INFO DPL-0006] Core area: 449380.99 um^2
[INFO DPL-0007] Movable instances area: 0.00 um^2
[INFO DPL-0008] Fixed instances area within core: 230931.48 um^2
[INFO DPL-0009] Utilization: 51.4%
[INFO DPL-0005] Diamond search max displacement: +/- 500 sites horizontally, +/- 100 rows vertically.
[INFO DPL-1102] Legalizing using negotiation legalizer.
[INFO DPL-1103] Negotiation base search window: +/-20 sites horizontally, +/-5 rows vertically 
	Automatic search window extension enabled.
	Search window extendable up to the max displacement cap of +/-500 sites, +/-100 rows near walls.
[INFO DPL-1104] NegotiationLegalizer DRC penalty: 5.
[INFO DPL-0392] Negotiation cell height distribution (1 unique row-count(s)):
[INFO DPL-0393]   height 1 row(s): 26348 cells
[INFO DPL-0500] Runtime: 0.20s
[INFO GRT-0015] Inserted 33 diodes.
[WARNING DRT-0120] Large net net1978 has 187 pins which may impact routing performance. Consider optimization.
[WARNING DRT-0120] Large net net1973 has 174 pins which may impact routing performance. Consider optimization.
[WARNING DRT-0120] Large net net1960 has 193 pins which may impact routing performance. Consider optimization.
[WARNING DRT-0120] Large net net1882 has 112 pins which may impact routing performance. Consider optimization.
[WARNING DRT-0120] Large net net1858 has 103 pins which may impact routing performance. Consider optimization.
[WARNING DRT-0120] Large net net1561 has 163 pins which may impact routing performance. Consider optimization.
[WARNING DRT-0120] Large net net1560 has 119 pins which may impact routing performance. Consider optimization.
[WARNING DRT-0120] Large net net1555 has 142 pins which may impact routing performance. Consider optimization.
[WARNING DRT-0120] Large net net1547 has 134 pins which may impact routing performance. Consider optimization.
[WARNING DRT-0120] Large net net1546 has 131 pins which may impact routing performance. Consider optimization.
[WARNING DRT-0120] Large net net1544 has 152 pins which may impact routing performance. Consider optimization.
[WARNING DRT-0120] Large net net1420 has 108 pins which may impact routing performance. Consider optimization.
[WARNING DRT-0120] Large net net1896 has 104 pins which may impact routing performance. Consider optimization.
[WARNING DRT-0120] Large net net1901 has 119 pins which may impact routing performance. Consider optimization.
[WARNING DRT-0120] Large net net1943 has 186 pins which may impact routing performance. Consider optimization.
[WARNING DRT-0120] Large net net1920 has 104 pins which may impact routing performance. Consider optimization.
[WARNING DRT-0120] Large net net1871 has 102 pins which may impact routing performance. Consider optimization.
[WARNING DRT-0120] Large net net1874 has 105 pins which may impact routing performance. Consider optimization.
[WARNING DRT-0120] Large net net1878 has 101 pins which may impact routing performance. Consider optimization.
[WARNING DRT-0120] Large net net71 has 154 pins which may impact routing performance. Consider optimization.
[INFO DRT-0024]   Complete FR_MASTERSLICE.
[INFO DRT-0024]   Complete Fr_VIA.
[INFO DRT-0024]   Complete li1.
[INFO DRT-0024]   Complete mcon.
[INFO DRT-0024]   Complete met1.
[INFO DRT-0024]   Complete via.
[INFO DRT-0024]   Complete met2.
[INFO DRT-0024]   Complete via2.
[INFO DRT-0024]   Complete met3.
[INFO DRT-0024]   Complete via3.
[INFO DRT-0024]   Complete met4.
[INFO DRT-0024]   Complete via4.
[INFO DRT-0024]   Complete met5.
[INFO DRT-0165] Start pin access.
[INFO DRT-0076]   Complete 1000 pins.
[INFO DRT-0078]   Complete 1341 pins.
[INFO DRT-0079]   Complete 100 unique inst patterns.
[INFO DRT-0081]   Complete 174 unique inst patterns.
[INFO DRT-0082]   Complete 10000 groups.
[INFO DRT-0084]   Complete 14372 groups.
#scanned instances     = 26348
#unique  instances     = 174
#stdCellGenAp          = 5645
#stdCellValidPlanarAp  = 103
#stdCellValidViaAp     = 3911
#stdCellPinNoAp        = 0
#stdCellPinCnt         = 74986
#instTermValidViaApCnt = 0
#macroGenAp            = 0
#macroValidPlanarAp    = 0
#macroValidViaAp       = 0
#macroNoAp             = 0
[INFO DRT-0166] Complete pin access.
[INFO DRT-0267] cpu time = 00:07:41, elapsed time = 00:00:40, memory = 5171.42 (MB), peak = 6392.28 (MB)
[INFO DRT-0156] guideIn read 100000 guides.
[INFO DRT-0156] guideIn read 200000 guides.

[INFO DRT-0157] Number of guides:     215731

[INFO DRT-0169] Post process guides.
[INFO DRT-0176] GCELLGRID X 0 DO 97 STEP 6900 ;
[INFO DRT-0177] GCELLGRID Y 0 DO 97 STEP 6900 ;
[INFO DRT-0026]   Complete 100000 origin guides.
[INFO DRT-0026]   Complete 200000 origin guides.
[INFO DRT-0028]   Complete FR_MASTERSLICE.
[INFO DRT-0028]   Complete Fr_VIA.
[INFO DRT-0028]   Complete li1.
[INFO DRT-0028]   Complete mcon.
[INFO DRT-0028]   Complete met1.
[INFO DRT-0028]   Complete via.
[INFO DRT-0028]   Complete met2.
[INFO DRT-0028]   Complete via2.
[INFO DRT-0028]   Complete met3.
[INFO DRT-0028]   Complete via3.
[INFO DRT-0028]   Complete met4.
[INFO DRT-0028]   Complete via4.
[INFO DRT-0028]   Complete met5.
[INFO DRT-0178] Init guide query.
[INFO DRT-0035]   Complete FR_MASTERSLICE (guide).
[INFO DRT-0035]   Complete Fr_VIA (guide).
[INFO DRT-0035]   Complete li1 (guide).
[INFO DRT-0035]   Complete mcon (guide).
[INFO DRT-0035]   Complete met1 (guide).
[INFO DRT-0035]   Complete via (guide).
[INFO DRT-0035]   Complete met2 (guide).
[INFO DRT-0035]   Complete via2 (guide).
[INFO DRT-0035]   Complete met3 (guide).
[INFO DRT-0035]   Complete via3 (guide).
[INFO DRT-0035]   Complete met4 (guide).
[INFO DRT-0035]   Complete via4 (guide).
[INFO DRT-0035]   Complete met5 (guide).
[INFO DRT-0036] FR_MASTERSLICE guide region query size = 0.
[INFO DRT-0036] FR_VIA guide region query size = 0.
[INFO DRT-0036] li1 guide region query size = 62546.
[INFO DRT-0036] mcon guide region query size = 0.
[INFO DRT-0036] met1 guide region query size = 62245.
[INFO DRT-0036] via guide region query size = 0.
[INFO DRT-0036] met2 guide region query size = 35706.
[INFO DRT-0036] via2 guide region query size = 0.
[INFO DRT-0036] met3 guide region query size = 6256.
[INFO DRT-0036] via3 guide region query size = 0.
[INFO DRT-0036] met4 guide region query size = 2749.
[INFO DRT-0036] via4 guide region query size = 0.
[INFO DRT-0036] met5 guide region query size = 171.
[INFO DRT-0179] Init gr pin query.
[INFO DRT-0267] cpu time = 00:00:01, elapsed time = 00:00:00, memory = 5171.42 (MB), peak = 6392.28 (MB)
[INFO DRT-0245] skipped writing guide updates to database.
[INFO DRT-0181] Start track assignment.
[INFO DRT-0184] Done with 101001 vertical wires in 2 frboxes and 68672 horizontal wires in 2 frboxes.
[INFO DRT-0186] Done with 22776 vertical wires in 2 frboxes and 34075 horizontal wires in 2 frboxes.
[INFO DRT-0182] Complete track assignment.
[INFO DRT-0267] cpu time = 00:00:14, elapsed time = 00:00:08, memory = 5171.42 (MB), peak = 6392.28 (MB)
[INFO DRT-0187] Start routing data preparation.
[INFO DRT-0267] cpu time = 00:00:00, elapsed time = 00:00:00, memory = 5171.42 (MB), peak = 6392.28 (MB)
[INFO DRT-0194] Start detail routing.
[INFO DRT-0195] Start 0th optimization iteration.
    Completing 10% with 0 violations.
    elapsed time = 00:00:06, memory = 5241.80 (MB).
    Completing 20% with 0 violations.
    elapsed time = 00:00:13, memory = 5285.70 (MB).
    Completing 30% with 3333 violations.
    elapsed time = 00:00:26, memory = 5248.20 (MB).
    Completing 40% with 3333 violations.
    elapsed time = 00:00:32, memory = 5283.42 (MB).
    Completing 50% with 3333 violations.
    elapsed time = 00:00:42, memory = 5203.39 (MB).
    Completing 60% with 6327 violations.
    elapsed time = 00:00:49, memory = 5273.76 (MB).
    Completing 70% with 6327 violations.
    elapsed time = 00:00:57, memory = 5251.77 (MB).
    Completing 80% with 9396 violations.
    elapsed time = 00:01:06, memory = 5250.10 (MB).
    Completing 90% with 9396 violations.
    elapsed time = 00:01:12, memory = 5293.49 (MB).
    Completing 100% with 12418 violations.
    elapsed time = 00:01:26, memory = 5203.39 (MB).
[INFO DRT-0199]   Number of violations = 13084.
Viol/Layer         li1   met1    via   met2   met3   met4
Cut Spacing          0      0      1      0      0      0
Metal Spacing        0    737      0    656     17      5
Min Hole             0      0      0      1      0      0
Recheck              1    347      0    291     18      9
Short                0   6769      8   4132     69     23
[INFO DRT-0267] cpu time = 00:13:09, elapsed time = 00:01:26, memory = 5203.39 (MB), peak = 6392.28 (MB)
Total wire length = 1719616 um.
Total wire length on LAYER li1 = 0 um.
Total wire length on LAYER met1 = 538450 um.
Total wire length on LAYER met2 = 592696 um.
Total wire length on LAYER met3 = 337565 um.
Total wire length on LAYER met4 = 238701 um.
Total wire length on LAYER met5 = 12202 um.
Total number of vias = 232509.
Up-via summary (total 232509):

-------------------------
 FR_MASTERSLICE         0
            li1     73199
           met1    116605
           met2     31589
           met3     10862
           met4       254
-------------------------
               232509


[INFO DRT-0195] Start 1st optimization iteration.
    Completing 10% with 13084 violations.
    elapsed time = 00:00:03, memory = 5245.26 (MB).
    Completing 20% with 13084 violations.
    elapsed time = 00:00:08, memory = 5333.24 (MB).
    Completing 30% with 11716 violations.
    elapsed time = 00:00:20, memory = 5245.58 (MB).
    Completing 40% with 11716 violations.
    elapsed time = 00:00:24, memory = 5330.27 (MB).
    Completing 50% with 11716 violations.
    elapsed time = 00:00:28, memory = 5243.93 (MB).
    Completing 60% with 10445 violations.
    elapsed time = 00:00:39, memory = 5286.06 (MB).
    Completing 70% with 10445 violations.
    elapsed time = 00:00:44, memory = 5242.99 (MB).
    Completing 80% with 9008 violations.
    elapsed time = 00:00:55, memory = 5283.45 (MB).
    Completing 90% with 9008 violations.
    elapsed time = 00:01:00, memory = 5246.41 (MB).
    Completing 100% with 7389 violations.
    elapsed time = 00:01:14, memory = 5203.39 (MB).
[INFO DRT-0199]   Number of violations = 7389.
Viol/Layer        met1    via   met2   met3   met4
Metal Spacing      553      0    564     14      0
Short             4295      3   1929     27      4
[INFO DRT-0267] cpu time = 00:10:11, elapsed time = 00:01:14, memory = 5203.39 (MB), peak = 6392.28 (MB)
Total wire length = 1718122 um.
Total wire length on LAYER li1 = 0 um.
Total wire length on LAYER met1 = 536867 um.
Total wire length on LAYER met2 = 591429 um.
Total wire length on LAYER met3 = 338421 um.
Total wire length on LAYER met4 = 239201 um.
Total wire length on LAYER met5 = 12202 um.
Total number of vias = 232276.
Up-via summary (total 232276):

-------------------------
 FR_MASTERSLICE         0
            li1     73200
           met1    116306
           met2     31642
           met3     10874
           met4       254
-------------------------
               232276


[INFO DRT-0195] Start 2nd optimization iteration.
    Completing 10% with 7389 violations.
    elapsed time = 00:00:04, memory = 5203.39 (MB).
    Completing 20% with 7389 violations.
    elapsed time = 00:00:09, memory = 5330.82 (MB).
    Completing 30% with 7339 violations.
    elapsed time = 00:00:17, memory = 5276.11 (MB).
    Completing 40% with 7339 violations.
    elapsed time = 00:00:21, memory = 5248.45 (MB).
    Completing 50% with 7339 violations.
    elapsed time = 00:00:31, memory = 5203.39 (MB).
    Completing 60% with 7249 violations.
    elapsed time = 00:00:36, memory = 5239.51 (MB).
    Completing 70% with 7249 violations.
    elapsed time = 00:00:41, memory = 5240.80 (MB).
    Completing 80% with 7302 violations.
    elapsed time = 00:00:50, memory = 5238.39 (MB).
    Completing 90% with 7302 violations.
    elapsed time = 00:00:54, memory = 5286.32 (MB).
    Completing 100% with 7366 violations.
    elapsed time = 00:01:06, memory = 5203.39 (MB).
[INFO DRT-0199]   Number of violations = 7366.
Viol/Layer        mcon   met1    via   met2   met3   met4
Cut Spacing          2      0      0      0      0      0
Metal Spacing        0    623      0    586      7      0
Min Hole             0      1      0      0      0      0
NS Metal             0      3      0      0      0      0
Short                0   4193      1   1932     15      3
[INFO DRT-0267] cpu time = 00:09:26, elapsed time = 00:01:06, memory = 5203.39 (MB), peak = 6392.28 (MB)
Total wire length = 1717847 um.
Total wire length on LAYER li1 = 0 um.
Total wire length on LAYER met1 = 536479 um.
Total wire length on LAYER met2 = 591313 um.
Total wire length on LAYER met3 = 338623 um.
Total wire length on LAYER met4 = 239227 um.
Total wire length on LAYER met5 = 12202 um.
Total number of vias = 232187.
Up-via summary (total 232187):

-------------------------
 FR_MASTERSLICE         0
            li1     73201
           met1    116232
           met2     31641
           met3     10859
           met4       254
-------------------------
               232187


[INFO DRT-0195] Start 3rd optimization iteration.
    Completing 10% with 7366 violations.
    elapsed time = 00:00:08, memory = 5242.47 (MB).
    Completing 20% with 7366 violations.
    elapsed time = 00:00:34, memory = 5242.29 (MB).
    Completing 30% with 6484 violations.
    elapsed time = 00:00:52, memory = 5326.21 (MB).
    Completing 40% with 6484 violations.
    elapsed time = 00:01:06, memory = 5281.32 (MB).
    Completing 50% with 6484 violations.
    elapsed time = 00:01:26, memory = 5203.39 (MB).
    Completing 60% with 5339 violations.
    elapsed time = 00:01:45, memory = 5239.76 (MB).
    Completing 70% with 5339 violations.
    elapsed time = 00:02:04, memory = 5239.52 (MB).
    Completing 80% with 4377 violations.
    elapsed time = 00:02:27, memory = 5279.26 (MB).
    Completing 90% with 4377 violations.
    elapsed time = 00:02:38, memory = 5286.38 (MB).
    Completing 100% with 3161 violations.
    elapsed time = 00:03:15, memory = 5203.40 (MB).
[INFO DRT-0199]   Number of violations = 3161.
Viol/Layer        mcon   met1    via   met2   met3
Cut Spacing          6      0      4      0      0
Metal Spacing        0    519      0    356      8
Min Hole             0      1      0      2      0
NS Metal             0      1      0      0      0
Short                0   1556      0    692     16
[INFO DRT-0267] cpu time = 00:31:07, elapsed time = 00:03:17, memory = 5203.40 (MB), peak = 6392.28 (MB)
Total wire length = 1718528 um.
Total wire length on LAYER li1 = 0 um.
Total wire length on LAYER met1 = 529257 um.
Total wire length on LAYER met2 = 588352 um.
Total wire length on LAYER met3 = 345858 um.
Total wire length on LAYER met4 = 242837 um.
Total wire length on LAYER met5 = 12222 um.
Total number of vias = 233875.
Up-via summary (total 233875):

-------------------------
 FR_MASTERSLICE         0
            li1     73198
           met1    116567
           met2     32617
           met3     11238
           met4       255
-------------------------
               233875


[INFO DRT-0195] Start 4th optimization iteration.
    Completing 10% with 3161 violations.
    elapsed time = 00:00:00, memory = 5203.40 (MB).
    Completing 20% with 3161 violations.
    elapsed time = 00:00:08, memory = 5282.10 (MB).
    Completing 30% with 2768 violations.
    elapsed time = 00:00:31, memory = 5247.02 (MB).
    Completing 40% with 2768 violations.
    elapsed time = 00:00:34, memory = 5247.02 (MB).
    Completing 50% with 2768 violations.
    elapsed time = 00:00:57, memory = 5203.40 (MB).
    Completing 60% with 2543 violations.
    elapsed time = 00:01:00, memory = 5284.61 (MB).
    Completing 70% with 2543 violations.
    elapsed time = 00:01:12, memory = 5248.08 (MB).
    Completing 80% with 1814 violations.
    elapsed time = 00:01:32, memory = 5203.40 (MB).
    Completing 90% with 1814 violations.
    elapsed time = 00:01:36, memory = 5248.38 (MB).
    Completing 100% with 1170 violations.
    elapsed time = 00:01:57, memory = 5203.40 (MB).
[INFO DRT-0199]   Number of violations = 1170.
Viol/Layer        mcon   met1   met2   met3
Cut Spacing          5      0      0      0
Metal Spacing        0    250    122     15
Short                0    568    188     22
[INFO DRT-0267] cpu time = 00:13:13, elapsed time = 00:01:58, memory = 5203.40 (MB), peak = 6392.28 (MB)
Total wire length = 1718500 um.
Total wire length on LAYER li1 = 0 um.
Total wire length on LAYER met1 = 527759 um.
Total wire length on LAYER met2 = 587245 um.
Total wire length on LAYER met3 = 347336 um.
Total wire length on LAYER met4 = 243937 um.
Total wire length on LAYER met5 = 12222 um.
Total number of vias = 234047.
Up-via summary (total 234047):

-------------------------
 FR_MASTERSLICE         0
            li1     73202
           met1    116516
           met2     32760
           met3     11314
           met4       255
-------------------------
               234047


[INFO DRT-0195] Start 5th optimization iteration.
    Completing 10% with 1170 violations.
    elapsed time = 00:00:00, memory = 5203.40 (MB).
    Completing 20% with 1170 violations.
    elapsed time = 00:00:01, memory = 5279.73 (MB).
    Completing 30% with 1061 violations.
    elapsed time = 00:00:22, memory = 5203.40 (MB).
    Completing 40% with 1061 violations.
    elapsed time = 00:00:22, memory = 5203.40 (MB).
    Completing 50% with 1061 violations.
    elapsed time = 00:00:27, memory = 5203.40 (MB).
    Completing 60% with 912 violations.
    elapsed time = 00:00:41, memory = 5203.40 (MB).
    Completing 70% with 912 violations.
    elapsed time = 00:00:42, memory = 5249.34 (MB).
    Completing 80% with 798 violations.
    elapsed time = 00:01:02, memory = 5203.40 (MB).
    Completing 90% with 798 violations.
    elapsed time = 00:01:03, memory = 5237.25 (MB).
    Completing 100% with 675 violations.
    elapsed time = 00:01:16, memory = 5203.40 (MB).
[INFO DRT-0199]   Number of violations = 675.
Viol/Layer        mcon   met1   met2   via2   met3
Cut Spacing          1      0      0      1      0
Metal Spacing        0    149     80      0     17
Short                0    254    149      0     24
[INFO DRT-0267] cpu time = 00:06:20, elapsed time = 00:01:17, memory = 5203.40 (MB), peak = 6392.28 (MB)
Total wire length = 1718369 um.
Total wire length on LAYER li1 = 0 um.
Total wire length on LAYER met1 = 527188 um.
Total wire length on LAYER met2 = 586977 um.
Total wire length on LAYER met3 = 347761 um.
Total wire length on LAYER met4 = 244219 um.
Total wire length on LAYER met5 = 12222 um.
Total number of vias = 234097.
Up-via summary (total 234097):

-------------------------
 FR_MASTERSLICE         0
            li1     73204
           met1    116520
           met2     32786
           met3     11332
           met4       255
-------------------------
               234097


[INFO DRT-0195] Start 6th optimization iteration.
    Completing 10% with 675 violations.
    elapsed time = 00:00:00, memory = 5203.40 (MB).
    Completing 20% with 675 violations.
    elapsed time = 00:00:00, memory = 5203.40 (MB).
    Completing 30% with 456 violations.
    elapsed time = 00:00:17, memory = 5203.40 (MB).
    Completing 40% with 456 violations.
    elapsed time = 00:00:17, memory = 5203.40 (MB).
    Completing 50% with 456 violations.
    elapsed time = 00:00:17, memory = 5203.40 (MB).
    Completing 60% with 394 violations.
    elapsed time = 00:00:34, memory = 5203.40 (MB).
    Completing 70% with 394 violations.
    elapsed time = 00:00:34, memory = 5203.40 (MB).
    Completing 80% with 277 violations.
    elapsed time = 00:00:45, memory = 5203.40 (MB).
    Completing 90% with 277 violations.
    elapsed time = 00:00:45, memory = 5203.40 (MB).
    Completing 100% with 213 violations.
    elapsed time = 00:00:54, memory = 5203.40 (MB).
[INFO DRT-0199]   Number of violations = 213.
Viol/Layer        mcon   met1   met2
Cut Spacing          1      0      0
Metal Spacing        0     63     20
Short                0     99     30
[INFO DRT-0267] cpu time = 00:02:28, elapsed time = 00:00:54, memory = 5203.40 (MB), peak = 6392.28 (MB)
Total wire length = 1718170 um.
Total wire length on LAYER li1 = 0 um.
Total wire length on LAYER met1 = 527037 um.
Total wire length on LAYER met2 = 586740 um.
Total wire length on LAYER met3 = 347850 um.
Total wire length on LAYER met4 = 244320 um.
Total wire length on LAYER met5 = 12222 um.
Total number of vias = 234035.
Up-via summary (total 234035):

-------------------------
 FR_MASTERSLICE         0
            li1     73204
           met1    116473
           met2     32778
           met3     11325
           met4       255
-------------------------
               234035


[INFO DRT-0195] Start 7th optimization iteration.
    Completing 10% with 213 violations.
    elapsed time = 00:00:00, memory = 5203.40 (MB).
    Completing 20% with 213 violations.
    elapsed time = 00:00:00, memory = 5203.40 (MB).
    Completing 30% with 187 violations.
    elapsed time = 00:00:21, memory = 5203.40 (MB).
    Completing 40% with 187 violations.
    elapsed time = 00:00:21, memory = 5203.40 (MB).
    Completing 50% with 187 violations.
    elapsed time = 00:00:21, memory = 5203.40 (MB).
    Completing 60% with 159 violations.
    elapsed time = 00:00:27, memory = 5203.40 (MB).
    Completing 70% with 159 violations.
    elapsed time = 00:00:27, memory = 5203.40 (MB).
    Completing 80% with 146 violations.
    elapsed time = 00:00:31, memory = 5203.40 (MB).
    Completing 90% with 146 violations.
    elapsed time = 00:00:31, memory = 5203.40 (MB).
    Completing 100% with 117 violations.
    elapsed time = 00:00:36, memory = 5203.40 (MB).
[INFO DRT-0199]   Number of violations = 117.
Viol/Layer        met1   met2
Metal Spacing       33     12
Short               61     11
[INFO DRT-0267] cpu time = 00:01:37, elapsed time = 00:00:36, memory = 5203.40 (MB), peak = 6392.28 (MB)
Total wire length = 1718086 um.
Total wire length on LAYER li1 = 0 um.
Total wire length on LAYER met1 = 527001 um.
Total wire length on LAYER met2 = 586699 um.
Total wire length on LAYER met3 = 347844 um.
Total wire length on LAYER met4 = 244317 um.
Total wire length on LAYER met5 = 12222 um.
Total number of vias = 234020.
Up-via summary (total 234020):

-------------------------
 FR_MASTERSLICE         0
            li1     73205
           met1    116473
           met2     32766
           met3     11321
           met4       255
-------------------------
               234020


[INFO DRT-0195] Start 8th optimization iteration.
    Completing 10% with 117 violations.
    elapsed time = 00:00:00, memory = 5203.40 (MB).
    Completing 20% with 117 violations.
    elapsed time = 00:00:00, memory = 5203.40 (MB).
    Completing 30% with 105 violations.
    elapsed time = 00:00:38, memory = 5203.40 (MB).
    Completing 40% with 105 violations.
    elapsed time = 00:00:38, memory = 5203.40 (MB).
    Completing 50% with 105 violations.
    elapsed time = 00:00:45, memory = 5203.40 (MB).
    Completing 60% with 105 violations.
    elapsed time = 00:00:45, memory = 5203.40 (MB).
    Completing 70% with 105 violations.
    elapsed time = 00:00:45, memory = 5203.40 (MB).
    Completing 80% with 102 violations.
    elapsed time = 00:01:04, memory = 5203.40 (MB).
    Completing 90% with 102 violations.
    elapsed time = 00:01:04, memory = 5203.40 (MB).
    Completing 100% with 102 violations.
    elapsed time = 00:01:47, memory = 5203.40 (MB).
[INFO DRT-0199]   Number of violations = 102.
Viol/Layer        met1   met2
Metal Spacing       30      9
Short               52     11
[INFO DRT-0267] cpu time = 00:02:54, elapsed time = 00:01:47, memory = 5203.40 (MB), peak = 6392.28 (MB)
Total wire length = 1718085 um.
Total wire length on LAYER li1 = 0 um.
Total wire length on LAYER met1 = 526936 um.
Total wire length on LAYER met2 = 586695 um.
Total wire length on LAYER met3 = 347912 um.
Total wire length on LAYER met4 = 244319 um.
Total wire length on LAYER met5 = 12222 um.
Total number of vias = 234028.
Up-via summary (total 234028):

-------------------------
 FR_MASTERSLICE         0
            li1     73205
           met1    116470
           met2     32777
           met3     11321
           met4       255
-------------------------
               234028


[INFO DRT-0195] Start 9th optimization iteration.
    Completing 10% with 102 violations.
    elapsed time = 00:00:00, memory = 5203.40 (MB).
    Completing 20% with 102 violations.
    elapsed time = 00:00:00, memory = 5203.40 (MB).
    Completing 30% with 102 violations.
    elapsed time = 00:00:34, memory = 5203.40 (MB).
    Completing 40% with 102 violations.
    elapsed time = 00:00:34, memory = 5203.40 (MB).
    Completing 50% with 102 violations.
    elapsed time = 00:01:02, memory = 5203.45 (MB).
    Completing 60% with 102 violations.
    elapsed time = 00:01:02, memory = 5203.45 (MB).
    Completing 70% with 102 violations.
    elapsed time = 00:01:02, memory = 5203.45 (MB).
    Completing 80% with 102 violations.
    elapsed time = 00:01:02, memory = 5203.45 (MB).
    Completing 90% with 102 violations.
    elapsed time = 00:01:02, memory = 5203.45 (MB).
    Completing 100% with 95 violations.
    elapsed time = 00:01:53, memory = 5203.45 (MB).
[INFO DRT-0199]   Number of violations = 95.
Viol/Layer        met1   met2
Metal Spacing       28      3
Short               57      7
[INFO DRT-0267] cpu time = 00:03:25, elapsed time = 00:01:53, memory = 5203.45 (MB), peak = 6392.28 (MB)
Total wire length = 1717991 um.
Total wire length on LAYER li1 = 0 um.
Total wire length on LAYER met1 = 526826 um.
Total wire length on LAYER met2 = 586752 um.
Total wire length on LAYER met3 = 347959 um.
Total wire length on LAYER met4 = 244230 um.
Total wire length on LAYER met5 = 12222 um.
Total number of vias = 234010.
Up-via summary (total 234010):

-------------------------
 FR_MASTERSLICE         0
            li1     73204
           met1    116462
           met2     32770
           met3     11319
           met4       255
-------------------------
               234010


[INFO DRT-0195] Start 10th guides tiles iteration.
    Completing 10% with 95 violations.
    elapsed time = 00:00:00, memory = 5380.68 (MB).
    Completing 20% with 95 violations.
    elapsed time = 00:00:00, memory = 5380.68 (MB).
    Completing 30% with 95 violations.
    elapsed time = 00:00:46, memory = 5203.45 (MB).
    Completing 40% with 23 violations.
    elapsed time = 00:00:46, memory = 5203.45 (MB).
    Completing 50% with 23 violations.
    elapsed time = 00:00:46, memory = 5203.45 (MB).
    Completing 60% with 23 violations.
    elapsed time = 00:00:46, memory = 5203.45 (MB).
    Completing 70% with 23 violations.
    elapsed time = 00:00:46, memory = 5203.45 (MB).
    Completing 80% with 23 violations.
    elapsed time = 00:00:47, memory = 5203.45 (MB).
    Completing 90% with 21 violations.
    elapsed time = 00:00:47, memory = 5258.92 (MB).
    Completing 100% with 18 violations.
    elapsed time = 00:00:50, memory = 5203.45 (MB).
[INFO DRT-0199]   Number of violations = 18.
Viol/Layer        met1
Metal Spacing        8
Short               10
[INFO DRT-0267] cpu time = 00:00:53, elapsed time = 00:00:50, memory = 5203.45 (MB), peak = 6392.28 (MB)
Total wire length = 1718022 um.
Total wire length on LAYER li1 = 0 um.
Total wire length on LAYER met1 = 526829 um.
Total wire length on LAYER met2 = 586731 um.
Total wire length on LAYER met3 = 348015 um.
Total wire length on LAYER met4 = 244223 um.
Total wire length on LAYER met5 = 12222 um.
Total number of vias = 234000.
Up-via summary (total 234000):

-------------------------
 FR_MASTERSLICE         0
            li1     73202
           met1    116452
           met2     32777
           met3     11314
           met4       255
-------------------------
               234000


[INFO DRT-0195] Start 11th guides tiles iteration.
    Completing 10% with 18 violations.
    elapsed time = 00:00:00, memory = 5203.45 (MB).
    Completing 20% with 18 violations.
    elapsed time = 00:00:00, memory = 5203.45 (MB).
    Completing 30% with 18 violations.
    elapsed time = 00:00:00, memory = 5203.45 (MB).
    Completing 50% with 18 violations.
    elapsed time = 00:00:06, memory = 5203.45 (MB).
    Completing 60% with 10 violations.
    elapsed time = 00:00:06, memory = 5203.45 (MB).
    Completing 70% with 10 violations.
    elapsed time = 00:00:07, memory = 5203.45 (MB).
    Completing 80% with 10 violations.
    elapsed time = 00:00:07, memory = 5203.45 (MB).
    Completing 100% with 9 violations.
    elapsed time = 00:00:09, memory = 5203.45 (MB).
[INFO DRT-0199]   Number of violations = 9.
Viol/Layer        met1
Metal Spacing        4
Short                5
[INFO DRT-0267] cpu time = 00:00:11, elapsed time = 00:00:09, memory = 5203.45 (MB), peak = 6392.28 (MB)
Total wire length = 1718019 um.
Total wire length on LAYER li1 = 0 um.
Total wire length on LAYER met1 = 526820 um.
Total wire length on LAYER met2 = 586733 um.
Total wire length on LAYER met3 = 348019 um.
Total wire length on LAYER met4 = 244223 um.
Total wire length on LAYER met5 = 12222 um.
Total number of vias = 234001.
Up-via summary (total 234001):

-------------------------
 FR_MASTERSLICE         0
            li1     73202
           met1    116451
           met2     32779
           met3     11314
           met4       255
-------------------------
               234001


[INFO DRT-0195] Start 12th guides tiles iteration.
    Completing 20% with 9 violations.
    elapsed time = 00:00:00, memory = 5238.42 (MB).
    Completing 50% with 9 violations.
    elapsed time = 00:00:07, memory = 5203.45 (MB).
    Completing 70% with 9 violations.
    elapsed time = 00:00:07, memory = 5203.45 (MB).
    Completing 100% with 9 violations.
    elapsed time = 00:00:11, memory = 5203.45 (MB).
[INFO DRT-0199]   Number of violations = 9.
Viol/Layer        met1
Metal Spacing        4
Short                5
[INFO DRT-0267] cpu time = 00:00:12, elapsed time = 00:00:11, memory = 5203.45 (MB), peak = 6392.28 (MB)
Total wire length = 1718019 um.
Total wire length on LAYER li1 = 0 um.
Total wire length on LAYER met1 = 526820 um.
Total wire length on LAYER met2 = 586733 um.
Total wire length on LAYER met3 = 348019 um.
Total wire length on LAYER met4 = 244223 um.
Total wire length on LAYER met5 = 12222 um.
Total number of vias = 234001.
Up-via summary (total 234001):

-------------------------
 FR_MASTERSLICE         0
            li1     73202
           met1    116451
           met2     32779
           met3     11314
           met4       255
-------------------------
               234001


[INFO DRT-0195] Start 13th stubborn tiles iteration.
    Completing 10% with 9 violations.
    elapsed time = 00:00:19, memory = 5313.28 (MB).
    Completing 20% with 9 violations.
    elapsed time = 00:00:25, memory = 5357.17 (MB).
    Completing 30% with 9 violations.
    elapsed time = 00:00:40, memory = 5337.83 (MB).
    Completing 40% with 9 violations.
    elapsed time = 00:00:46, memory = 5333.70 (MB).
    Completing 50% with 9 violations.
    elapsed time = 00:00:59, memory = 5332.27 (MB).
    Completing 60% with 9 violations.
    elapsed time = 00:01:07, memory = 5332.27 (MB).
    Completing 70% with 9 violations.
    elapsed time = 00:01:16, memory = 5345.32 (MB).
    Completing 80% with 9 violations.
    elapsed time = 00:01:26, memory = 5304.43 (MB).
    Completing 90% with 9 violations.
    elapsed time = 00:01:40, memory = 5261.97 (MB).
    Completing 100% with 2 violations.
    elapsed time = 00:02:02, memory = 5203.45 (MB).
[INFO DRT-0199]   Number of violations = 2.
Viol/Layer        met1
Short                2
[INFO DRT-0267] cpu time = 00:19:31, elapsed time = 00:02:02, memory = 5203.45 (MB), peak = 6392.28 (MB)
Total wire length = 1718020 um.
Total wire length on LAYER li1 = 0 um.
Total wire length on LAYER met1 = 526828 um.
Total wire length on LAYER met2 = 586737 um.
Total wire length on LAYER met3 = 348000 um.
Total wire length on LAYER met4 = 244231 um.
Total wire length on LAYER met5 = 12222 um.
Total number of vias = 234004.
Up-via summary (total 234004):

-------------------------
 FR_MASTERSLICE         0
            li1     73202
           met1    116455
           met2     32774
           met3     11318
           met4       255
-------------------------
               234004


[INFO DRT-0195] Start 14th guides tiles iteration.
    Completing 30% with 2 violations.
    elapsed time = 00:00:00, memory = 5203.45 (MB).
    Completing 60% with 2 violations.
    elapsed time = 00:00:00, memory = 5203.45 (MB).
    Completing 100% with 2 violations.
    elapsed time = 00:00:01, memory = 5203.45 (MB).
[INFO DRT-0199]   Number of violations = 2.
Viol/Layer        met1
Short                2
[INFO DRT-0267] cpu time = 00:00:02, elapsed time = 00:00:01, memory = 5203.45 (MB), peak = 6392.28 (MB)
Total wire length = 1718020 um.
Total wire length on LAYER li1 = 0 um.
Total wire length on LAYER met1 = 526828 um.
Total wire length on LAYER met2 = 586737 um.
Total wire length on LAYER met3 = 348000 um.
Total wire length on LAYER met4 = 244231 um.
Total wire length on LAYER met5 = 12222 um.
Total number of vias = 234004.
Up-via summary (total 234004):

-------------------------
 FR_MASTERSLICE         0
            li1     73202
           met1    116455
           met2     32774
           met3     11318
           met4       255
-------------------------
               234004


[INFO DRT-0195] Start 15th guides tiles iteration.
    Completing 30% with 2 violations.
    elapsed time = 00:00:00, memory = 5203.45 (MB).
    Completing 60% with 2 violations.
    elapsed time = 00:00:00, memory = 5203.45 (MB).
    Completing 100% with 2 violations.
    elapsed time = 00:00:02, memory = 5203.45 (MB).
[INFO DRT-0199]   Number of violations = 2.
Viol/Layer        met1
Short                2
[INFO DRT-0267] cpu time = 00:00:03, elapsed time = 00:00:02, memory = 5203.45 (MB), peak = 6392.28 (MB)
Total wire length = 1718020 um.
Total wire length on LAYER li1 = 0 um.
Total wire length on LAYER met1 = 526828 um.
Total wire length on LAYER met2 = 586737 um.
Total wire length on LAYER met3 = 348000 um.
Total wire length on LAYER met4 = 244231 um.
Total wire length on LAYER met5 = 12222 um.
Total number of vias = 234004.
Up-via summary (total 234004):

-------------------------
 FR_MASTERSLICE         0
            li1     73202
           met1    116455
           met2     32774
           met3     11318
           met4       255
-------------------------
               234004


[INFO DRT-0195] Start 16th stubborn tiles iteration.
    Completing 10% with 2 violations.
    elapsed time = 00:00:06, memory = 5293.84 (MB).
    Completing 20% with 2 violations.
    elapsed time = 00:00:16, memory = 5338.17 (MB).
    Completing 30% with 2 violations.
    elapsed time = 00:00:24, memory = 5294.35 (MB).
    Completing 40% with 2 violations.
    elapsed time = 00:00:28, memory = 5287.98 (MB).
    Completing 50% with 2 violations.
    elapsed time = 00:00:39, memory = 5330.25 (MB).
    Completing 60% with 2 violations.
    elapsed time = 00:00:50, memory = 5287.15 (MB).
    Completing 70% with 2 violations.
    elapsed time = 00:00:56, memory = 5318.57 (MB).
    Completing 80% with 2 violations.
    elapsed time = 00:01:02, memory = 5322.20 (MB).
    Completing 90% with 2 violations.
    elapsed time = 00:01:12, memory = 5280.77 (MB).
    Completing 100% with 0 violations.
    elapsed time = 00:01:23, memory = 5238.50 (MB).
[INFO DRT-0199]   Number of violations = 0.
[INFO DRT-0267] cpu time = 00:13:43, elapsed time = 00:01:23, memory = 5238.50 (MB), peak = 6392.28 (MB)
Total wire length = 1718023 um.
Total wire length on LAYER li1 = 0 um.
Total wire length on LAYER met1 = 526831 um.
Total wire length on LAYER met2 = 586734 um.
Total wire length on LAYER met3 = 348002 um.
Total wire length on LAYER met4 = 244231 um.
Total wire length on LAYER met5 = 12222 um.
Total number of vias = 234008.
Up-via summary (total 234008):

-------------------------
 FR_MASTERSLICE         0
            li1     73201
           met1    116459
           met2     32775
           met3     11318
           met4       255
-------------------------
               234008


[INFO DRT-0198] Complete detail routing.
Total wire length = 1718023 um.
Total wire length on LAYER li1 = 0 um.
Total wire length on LAYER met1 = 526831 um.
Total wire length on LAYER met2 = 586734 um.
Total wire length on LAYER met3 = 348002 um.
Total wire length on LAYER met4 = 244231 um.
Total wire length on LAYER met5 = 12222 um.
Total number of vias = 234008.
Up-via summary (total 234008):

-------------------------
 FR_MASTERSLICE         0
            li1     73201
           met1    116459
           met2     32775
           met3     11318
           met4       255
-------------------------
               234008


[INFO DRT-0267] cpu time = 02:08:34, elapsed time = 00:20:15, memory = 5238.50 (MB), peak = 6392.28 (MB)

[INFO DRT-0180] Post processing.
[INFO DRT-0501] Runtime: 1231.55s
[INFO ANT-0002] Found 9 net violations.
[INFO ANT-0001] Found 10 pin violations.
[INFO GRT-0012] Found 9 antenna violations.
[INFO DPL-0006] Core area: 449380.99 um^2
[INFO DPL-0007] Movable instances area: 0.00 um^2
[INFO DPL-0008] Fixed instances area within core: 230956.51 um^2
[INFO DPL-0009] Utilization: 51.4%
[INFO DPL-0005] Diamond search max displacement: +/- 500 sites horizontally, +/- 100 rows vertically.
[INFO DPL-1102] Legalizing using negotiation legalizer.
[INFO DPL-1103] Negotiation base search window: +/-20 sites horizontally, +/-5 rows vertically 
	Automatic search window extension enabled.
	Search window extendable up to the max displacement cap of +/-500 sites, +/-100 rows near walls.
[INFO DPL-1104] NegotiationLegalizer DRC penalty: 5.
[INFO DPL-0392] Negotiation cell height distribution (1 unique row-count(s)):
[INFO DPL-0393]   height 1 row(s): 26358 cells
[INFO DPL-0500] Runtime: 0.19s
[INFO GRT-0015] Inserted 10 diodes.
[WARNING DRT-0120] Large net net1978 has 187 pins which may impact routing performance. Consider optimization.
[WARNING DRT-0120] Large net net1973 has 174 pins which may impact routing performance. Consider optimization.
[WARNING DRT-0120] Large net net1960 has 193 pins which may impact routing performance. Consider optimization.
[WARNING DRT-0120] Large net net1882 has 112 pins which may impact routing performance. Consider optimization.
[WARNING DRT-0120] Large net net1858 has 103 pins which may impact routing performance. Consider optimization.
[WARNING DRT-0120] Large net net1561 has 163 pins which may impact routing performance. Consider optimization.
[WARNING DRT-0120] Large net net1560 has 119 pins which may impact routing performance. Consider optimization.
[WARNING DRT-0120] Large net net1555 has 142 pins which may impact routing performance. Consider optimization.
[WARNING DRT-0120] Large net net1547 has 134 pins which may impact routing performance. Consider optimization.
[WARNING DRT-0120] Large net net1546 has 131 pins which may impact routing performance. Consider optimization.
[WARNING DRT-0120] Large net net1544 has 152 pins which may impact routing performance. Consider optimization.
[WARNING DRT-0120] Large net net1420 has 108 pins which may impact routing performance. Consider optimization.
[WARNING DRT-0120] Large net net1896 has 104 pins which may impact routing performance. Consider optimization.
[WARNING DRT-0120] Large net net1901 has 119 pins which may impact routing performance. Consider optimization.
[WARNING DRT-0120] Large net net1943 has 186 pins which may impact routing performance. Consider optimization.
[WARNING DRT-0120] Large net net1920 has 104 pins which may impact routing performance. Consider optimization.
[WARNING DRT-0120] Large net net1871 has 102 pins which may impact routing performance. Consider optimization.
[WARNING DRT-0120] Large net net1874 has 105 pins which may impact routing performance. Consider optimization.
[WARNING DRT-0120] Large net net1878 has 101 pins which may impact routing performance. Consider optimization.
[WARNING DRT-0120] Large net net71 has 154 pins which may impact routing performance. Consider optimization.
[INFO DRT-0024]   Complete FR_MASTERSLICE.
[INFO DRT-0024]   Complete Fr_VIA.
[INFO DRT-0024]   Complete li1.
[INFO DRT-0024]   Complete mcon.
[INFO DRT-0024]   Complete met1.
[INFO DRT-0024]   Complete via.
[INFO DRT-0024]   Complete met2.
[INFO DRT-0024]   Complete via2.
[INFO DRT-0024]   Complete met3.
[INFO DRT-0024]   Complete via3.
[INFO DRT-0024]   Complete met4.
[INFO DRT-0024]   Complete via4.
[INFO DRT-0024]   Complete met5.
[INFO DRT-0165] Start pin access.
[INFO DRT-0076]   Complete 1000 pins.
[INFO DRT-0078]   Complete 1341 pins.
[INFO DRT-0079]   Complete 100 unique inst patterns.
[INFO DRT-0081]   Complete 174 unique inst patterns.
[INFO DRT-0082]   Complete 10000 groups.
[INFO DRT-0084]   Complete 14377 groups.
#scanned instances     = 26358
#unique  instances     = 174
#stdCellGenAp          = 5645
#stdCellValidPlanarAp  = 103
#stdCellValidViaAp     = 3911
#stdCellPinNoAp        = 0
#stdCellPinCnt         = 74986
#instTermValidViaApCnt = 0
#macroGenAp            = 0
#macroValidPlanarAp    = 0
#macroValidViaAp       = 0
#macroNoAp             = 0
[INFO DRT-0166] Complete pin access.
[INFO DRT-0267] cpu time = 00:07:54, elapsed time = 00:00:42, memory = 5034.19 (MB), peak = 6392.28 (MB)
[INFO DRT-0156] guideIn read 100000 guides.
[INFO DRT-0156] guideIn read 200000 guides.

[INFO DRT-0157] Number of guides:     215729

[INFO DRT-0169] Post process guides.
[INFO DRT-0176] GCELLGRID X 0 DO 97 STEP 6900 ;
[INFO DRT-0177] GCELLGRID Y 0 DO 97 STEP 6900 ;
[INFO DRT-0026]   Complete 100000 origin guides.
[INFO DRT-0026]   Complete 200000 origin guides.
[INFO DRT-0028]   Complete FR_MASTERSLICE.
[INFO DRT-0028]   Complete Fr_VIA.
[INFO DRT-0028]   Complete li1.
[INFO DRT-0028]   Complete mcon.
[INFO DRT-0028]   Complete met1.
[INFO DRT-0028]   Complete via.
[INFO DRT-0028]   Complete met2.
[INFO DRT-0028]   Complete via2.
[INFO DRT-0028]   Complete met3.
[INFO DRT-0028]   Complete via3.
[INFO DRT-0028]   Complete met4.
[INFO DRT-0028]   Complete via4.
[INFO DRT-0028]   Complete met5.
[INFO DRT-0178] Init guide query.
[INFO DRT-0035]   Complete FR_MASTERSLICE (guide).
[INFO DRT-0035]   Complete Fr_VIA (guide).
[INFO DRT-0035]   Complete li1 (guide).
[INFO DRT-0035]   Complete mcon (guide).
[INFO DRT-0035]   Complete met1 (guide).
[INFO DRT-0035]   Complete via (guide).
[INFO DRT-0035]   Complete met2 (guide).
[INFO DRT-0035]   Complete via2 (guide).
[INFO DRT-0035]   Complete met3 (guide).
[INFO DRT-0035]   Complete via3 (guide).
[INFO DRT-0035]   Complete met4 (guide).
[INFO DRT-0035]   Complete via4 (guide).
[INFO DRT-0035]   Complete met5 (guide).
[INFO DRT-0036] FR_MASTERSLICE guide region query size = 0.
[INFO DRT-0036] FR_VIA guide region query size = 0.
[INFO DRT-0036] li1 guide region query size = 62549.
[INFO DRT-0036] mcon guide region query size = 0.
[INFO DRT-0036] met1 guide region query size = 62250.
[INFO DRT-0036] via guide region query size = 0.
[INFO DRT-0036] met2 guide region query size = 35704.
[INFO DRT-0036] via2 guide region query size = 0.
[INFO DRT-0036] met3 guide region query size = 6250.
[INFO DRT-0036] via3 guide region query size = 0.
[INFO DRT-0036] met4 guide region query size = 2748.
[INFO DRT-0036] via4 guide region query size = 0.
[INFO DRT-0036] met5 guide region query size = 171.
[INFO DRT-0179] Init gr pin query.
[INFO DRT-0267] cpu time = 00:00:01, elapsed time = 00:00:00, memory = 5034.19 (MB), peak = 6392.28 (MB)
[INFO DRT-0245] skipped writing guide updates to database.
[INFO DRT-0181] Start track assignment.
[INFO DRT-0184] Done with 101001 vertical wires in 2 frboxes and 68671 horizontal wires in 2 frboxes.
[INFO DRT-0186] Done with 22832 vertical wires in 2 frboxes and 34053 horizontal wires in 2 frboxes.
[INFO DRT-0182] Complete track assignment.
[INFO DRT-0267] cpu time = 00:00:14, elapsed time = 00:00:07, memory = 5034.19 (MB), peak = 6392.28 (MB)
[INFO DRT-0187] Start routing data preparation.
[INFO DRT-0267] cpu time = 00:00:00, elapsed time = 00:00:00, memory = 5034.19 (MB), peak = 6392.28 (MB)
[INFO DRT-0194] Start detail routing.
[INFO DRT-0195] Start 0th optimization iteration.
    Completing 10% with 0 violations.
    elapsed time = 00:00:03, memory = 5034.21 (MB).
    Completing 20% with 0 violations.
    elapsed time = 00:00:05, memory = 5034.21 (MB).
    Completing 30% with 932 violations.
    elapsed time = 00:00:12, memory = 5034.21 (MB).
    Completing 40% with 932 violations.
    elapsed time = 00:00:15, memory = 5034.21 (MB).
    Completing 50% with 932 violations.
    elapsed time = 00:00:18, memory = 5034.21 (MB).
    Completing 60% with 1730 violations.
    elapsed time = 00:00:21, memory = 5068.93 (MB).
    Completing 70% with 1730 violations.
    elapsed time = 00:00:24, memory = 5069.71 (MB).
    Completing 80% with 2819 violations.
    elapsed time = 00:00:31, memory = 5074.66 (MB).
    Completing 90% with 2819 violations.
    elapsed time = 00:00:34, memory = 5034.21 (MB).
    Completing 100% with 3813 violations.
    elapsed time = 00:00:40, memory = 5034.21 (MB).
[INFO DRT-0199]   Number of violations = 3950.
Viol/Layer        met1   met2   met3   met4
Metal Spacing      224    209      2      0
Min Hole             0      1      0      0
Recheck             75     59      1      2
Short             2006   1346     17      8
[INFO DRT-0267] cpu time = 00:05:32, elapsed time = 00:00:40, memory = 5034.21 (MB), peak = 6392.28 (MB)
Total wire length = 1718469 um.
Total wire length on LAYER li1 = 0 um.
Total wire length on LAYER met1 = 530522 um.
Total wire length on LAYER met2 = 588241 um.
Total wire length on LAYER met3 = 344917 um.
Total wire length on LAYER met4 = 242565 um.
Total wire length on LAYER met5 = 12222 um.
Total number of vias = 233490.
Up-via summary (total 233490):

-------------------------
 FR_MASTERSLICE         0
            li1     73224
           met1    116443
           met2     32400
           met3     11168
           met4       255
-------------------------
               233490


[INFO DRT-0195] Start 1st optimization iteration.
    Completing 10% with 3950 violations.
    elapsed time = 00:00:02, memory = 5034.21 (MB).
    Completing 20% with 3950 violations.
    elapsed time = 00:00:04, memory = 5114.56 (MB).
    Completing 30% with 3688 violations.
    elapsed time = 00:00:08, memory = 5072.47 (MB).
    Completing 40% with 3688 violations.
    elapsed time = 00:00:11, memory = 5034.21 (MB).
    Completing 50% with 3688 violations.
    elapsed time = 00:00:13, memory = 5077.55 (MB).
    Completing 60% with 3453 violations.
    elapsed time = 00:00:17, memory = 5115.00 (MB).
    Completing 70% with 3453 violations.
    elapsed time = 00:00:20, memory = 5119.39 (MB).
    Completing 80% with 3148 violations.
    elapsed time = 00:00:28, memory = 5034.21 (MB).
    Completing 90% with 3148 violations.
    elapsed time = 00:00:31, memory = 5069.33 (MB).
    Completing 100% with 2776 violations.
    elapsed time = 00:00:35, memory = 5034.21 (MB).
[INFO DRT-0199]   Number of violations = 2776.
Viol/Layer        met1   met2   met3
Metal Spacing      215    245      4
Short             1421    886      5
[INFO DRT-0267] cpu time = 00:05:11, elapsed time = 00:00:36, memory = 5034.21 (MB), peak = 6392.28 (MB)
Total wire length = 1718167 um.
Total wire length on LAYER li1 = 0 um.
Total wire length on LAYER met1 = 530096 um.
Total wire length on LAYER met2 = 588007 um.
Total wire length on LAYER met3 = 345177 um.
Total wire length on LAYER met4 = 242663 um.
Total wire length on LAYER met5 = 12222 um.
Total number of vias = 233500.
Up-via summary (total 233500):

-------------------------
 FR_MASTERSLICE         0
            li1     73221
           met1    116394
           met2     32446
           met3     11184
           met4       255
-------------------------
               233500


[INFO DRT-0195] Start 2nd optimization iteration.
    Completing 10% with 2776 violations.
    elapsed time = 00:00:01, memory = 5117.78 (MB).
    Completing 20% with 2776 violations.
    elapsed time = 00:00:03, memory = 5074.48 (MB).
    Completing 30% with 2706 violations.
    elapsed time = 00:00:06, memory = 5112.57 (MB).
    Completing 40% with 2706 violations.
    elapsed time = 00:00:08, memory = 5077.52 (MB).
    Completing 50% with 2706 violations.
    elapsed time = 00:00:10, memory = 5034.21 (MB).
    Completing 60% with 2644 violations.
    elapsed time = 00:00:12, memory = 5034.21 (MB).
    Completing 70% with 2644 violations.
    elapsed time = 00:00:14, memory = 5067.79 (MB).
    Completing 80% with 2734 violations.
    elapsed time = 00:00:19, memory = 5034.21 (MB).
    Completing 90% with 2734 violations.
    elapsed time = 00:00:21, memory = 5034.21 (MB).
    Completing 100% with 2660 violations.
    elapsed time = 00:00:26, memory = 5034.21 (MB).
[INFO DRT-0199]   Number of violations = 2660.
Viol/Layer        met1   met2   met3
Metal Spacing      169    248      0
Short             1355    883      5
[INFO DRT-0267] cpu time = 00:03:37, elapsed time = 00:00:26, memory = 5034.21 (MB), peak = 6392.28 (MB)
Total wire length = 1718147 um.
Total wire length on LAYER li1 = 0 um.
Total wire length on LAYER met1 = 530010 um.
Total wire length on LAYER met2 = 587922 um.
Total wire length on LAYER met3 = 345326 um.
Total wire length on LAYER met4 = 242665 um.
Total wire length on LAYER met5 = 12222 um.
Total number of vias = 233498.
Up-via summary (total 233498):

-------------------------
 FR_MASTERSLICE         0
            li1     73219
           met1    116378
           met2     32461
           met3     11185
           met4       255
-------------------------
               233498


[INFO DRT-0195] Start 3rd optimization iteration.
    Completing 10% with 2660 violations.
    elapsed time = 00:00:02, memory = 5034.21 (MB).
    Completing 20% with 2660 violations.
    elapsed time = 00:00:13, memory = 5034.21 (MB).
    Completing 30% with 2321 violations.
    elapsed time = 00:00:34, memory = 5034.21 (MB).
    Completing 40% with 2321 violations.
    elapsed time = 00:00:39, memory = 5127.82 (MB).
    Completing 50% with 2321 violations.
    elapsed time = 00:00:50, memory = 5034.21 (MB).
    Completing 60% with 2107 violations.
    elapsed time = 00:00:52, memory = 5034.21 (MB).
    Completing 70% with 2107 violations.
    elapsed time = 00:01:02, memory = 5034.21 (MB).
    Completing 80% with 1539 violations.
    elapsed time = 00:01:15, memory = 5034.21 (MB).
    Completing 90% with 1539 violations.
    elapsed time = 00:01:24, memory = 5074.54 (MB).
    Completing 100% with 1017 violations.
    elapsed time = 00:01:44, memory = 5034.21 (MB).
[INFO DRT-0199]   Number of violations = 1017.
Viol/Layer        mcon   met1    via   met2   met3   met4
Cut Spacing          1      0      0      0      0      0
Metal Spacing        0    133      0    129     19      0
Short                0    409      1    317      6      2
[INFO DRT-0267] cpu time = 00:12:50, elapsed time = 00:01:44, memory = 5034.21 (MB), peak = 6392.28 (MB)
Total wire length = 1718381 um.
Total wire length on LAYER li1 = 0 um.
Total wire length on LAYER met1 = 527791 um.
Total wire length on LAYER met2 = 587108 um.
Total wire length on LAYER met3 = 347341 um.
Total wire length on LAYER met4 = 243931 um.
Total wire length on LAYER met5 = 12208 um.
Total number of vias = 234017.
Up-via summary (total 234017):

-------------------------
 FR_MASTERSLICE         0
            li1     73218
           met1    116537
           met2     32722
           met3     11287
           met4       253
-------------------------
               234017


[INFO DRT-0195] Start 4th optimization iteration.
    Completing 10% with 1017 violations.
    elapsed time = 00:00:00, memory = 5034.21 (MB).
    Completing 20% with 1017 violations.
    elapsed time = 00:00:01, memory = 5071.86 (MB).
    Completing 30% with 956 violations.
    elapsed time = 00:00:15, memory = 5034.21 (MB).
    Completing 40% with 956 violations.
    elapsed time = 00:00:15, memory = 5034.21 (MB).
    Completing 50% with 956 violations.
    elapsed time = 00:00:30, memory = 5034.21 (MB).
    Completing 60% with 759 violations.
    elapsed time = 00:00:30, memory = 5034.21 (MB).
    Completing 70% with 759 violations.
    elapsed time = 00:00:32, memory = 5034.21 (MB).
    Completing 80% with 600 violations.
    elapsed time = 00:00:49, memory = 5034.21 (MB).
    Completing 90% with 600 violations.
    elapsed time = 00:00:53, memory = 5034.21 (MB).
    Completing 100% with 485 violations.
    elapsed time = 00:01:14, memory = 5034.21 (MB).
[INFO DRT-0199]   Number of violations = 485.
Viol/Layer        met1   met2   met3   met4
Metal Spacing       59     62      4      0
Short              191    166      1      2
[INFO DRT-0267] cpu time = 00:05:33, elapsed time = 00:01:14, memory = 5034.21 (MB), peak = 6392.28 (MB)
Total wire length = 1718271 um.
Total wire length on LAYER li1 = 0 um.
Total wire length on LAYER met1 = 527550 um.
Total wire length on LAYER met2 = 586695 um.
Total wire length on LAYER met3 = 347575 um.
Total wire length on LAYER met4 = 244242 um.
Total wire length on LAYER met5 = 12208 um.
Total number of vias = 233996.
Up-via summary (total 233996):

-------------------------
 FR_MASTERSLICE         0
            li1     73217
           met1    116487
           met2     32726
           met3     11313
           met4       253
-------------------------
               233996


[INFO DRT-0195] Start 5th optimization iteration.
    Completing 10% with 485 violations.
    elapsed time = 00:00:00, memory = 5034.21 (MB).
    Completing 20% with 485 violations.
    elapsed time = 00:00:00, memory = 5034.21 (MB).
    Completing 30% with 392 violations.
    elapsed time = 00:00:11, memory = 5034.21 (MB).
    Completing 40% with 392 violations.
    elapsed time = 00:00:11, memory = 5034.21 (MB).
    Completing 50% with 392 violations.
    elapsed time = 00:00:11, memory = 5034.21 (MB).
    Completing 60% with 342 violations.
    elapsed time = 00:00:27, memory = 5034.21 (MB).
    Completing 70% with 342 violations.
    elapsed time = 00:00:27, memory = 5034.21 (MB).
    Completing 80% with 317 violations.
    elapsed time = 00:00:46, memory = 5034.21 (MB).
    Completing 90% with 317 violations.
    elapsed time = 00:00:46, memory = 5034.21 (MB).
    Completing 100% with 254 violations.
    elapsed time = 00:01:02, memory = 5034.21 (MB).
[INFO DRT-0199]   Number of violations = 254.
Viol/Layer        mcon   met1   met2   met3   met4
Cut Spacing          1      0      0      0      0
Metal Spacing        0     50     18      4      0
Short                0    122     56      1      2
[INFO DRT-0267] cpu time = 00:03:00, elapsed time = 00:01:03, memory = 5034.21 (MB), peak = 6392.28 (MB)
Total wire length = 1718277 um.
Total wire length on LAYER li1 = 0 um.
Total wire length on LAYER met1 = 527535 um.
Total wire length on LAYER met2 = 586518 um.
Total wire length on LAYER met3 = 347616 um.
Total wire length on LAYER met4 = 244407 um.
Total wire length on LAYER met5 = 12199 um.
Total number of vias = 234006.
Up-via summary (total 234006):

-------------------------
 FR_MASTERSLICE         0
            li1     73217
           met1    116493
           met2     32718
           met3     11327
           met4       251
-------------------------
               234006


[INFO DRT-0195] Start 6th optimization iteration.
    Completing 10% with 254 violations.
    elapsed time = 00:00:00, memory = 5034.21 (MB).
    Completing 20% with 254 violations.
    elapsed time = 00:00:00, memory = 5034.21 (MB).
    Completing 30% with 254 violations.
    elapsed time = 00:00:18, memory = 5034.21 (MB).
    Completing 40% with 254 violations.
    elapsed time = 00:00:18, memory = 5034.21 (MB).
    Completing 50% with 254 violations.
    elapsed time = 00:00:18, memory = 5034.21 (MB).
    Completing 60% with 241 violations.
    elapsed time = 00:00:26, memory = 5034.21 (MB).
    Completing 70% with 241 violations.
    elapsed time = 00:00:26, memory = 5034.21 (MB).
    Completing 80% with 217 violations.
    elapsed time = 00:00:40, memory = 5034.21 (MB).
    Completing 90% with 217 violations.
    elapsed time = 00:00:40, memory = 5034.21 (MB).
    Completing 100% with 194 violations.
    elapsed time = 00:00:47, memory = 5034.21 (MB).
[INFO DRT-0199]   Number of violations = 194.
Viol/Layer        mcon   met1   met2   met3   met4
Cut Spacing          1      0      0      0      0
Metal Spacing        0     40     10      4      0
Short                0     91     45      1      2
[INFO DRT-0267] cpu time = 00:01:35, elapsed time = 00:00:48, memory = 5034.21 (MB), peak = 6392.28 (MB)
Total wire length = 1718256 um.
Total wire length on LAYER li1 = 0 um.
Total wire length on LAYER met1 = 527497 um.
Total wire length on LAYER met2 = 586510 um.
Total wire length on LAYER met3 = 347650 um.
Total wire length on LAYER met4 = 244397 um.
Total wire length on LAYER met5 = 12199 um.
Total number of vias = 234011.
Up-via summary (total 234011):

-------------------------
 FR_MASTERSLICE         0
            li1     73218
           met1    116505
           met2     32715
           met3     11322
           met4       251
-------------------------
               234011


[INFO DRT-0195] Start 7th optimization iteration.
    Completing 10% with 194 violations.
    elapsed time = 00:00:00, memory = 5034.21 (MB).
    Completing 20% with 194 violations.
    elapsed time = 00:00:00, memory = 5034.21 (MB).
    Completing 30% with 194 violations.
    elapsed time = 00:00:19, memory = 5034.21 (MB).
    Completing 40% with 194 violations.
    elapsed time = 00:00:19, memory = 5034.21 (MB).
    Completing 50% with 194 violations.
    elapsed time = 00:00:19, memory = 5034.21 (MB).
    Completing 60% with 189 violations.
    elapsed time = 00:00:33, memory = 5034.21 (MB).
    Completing 70% with 189 violations.
    elapsed time = 00:00:33, memory = 5034.21 (MB).
    Completing 80% with 161 violations.
    elapsed time = 00:00:47, memory = 5034.21 (MB).
    Completing 90% with 161 violations.
    elapsed time = 00:00:47, memory = 5034.21 (MB).
    Completing 100% with 161 violations.
    elapsed time = 00:00:56, memory = 5034.21 (MB).
[INFO DRT-0199]   Number of violations = 161.
Viol/Layer        met1   met2   met3   met4
Metal Spacing       29      7      4      0
Short               77     41      1      2
[INFO DRT-0267] cpu time = 00:01:53, elapsed time = 00:00:56, memory = 5034.21 (MB), peak = 6392.28 (MB)
Total wire length = 1718248 um.
Total wire length on LAYER li1 = 0 um.
Total wire length on LAYER met1 = 527478 um.
Total wire length on LAYER met2 = 586495 um.
Total wire length on LAYER met3 = 347660 um.
Total wire length on LAYER met4 = 244414 um.
Total wire length on LAYER met5 = 12199 um.
Total number of vias = 234030.
Up-via summary (total 234030):

-------------------------
 FR_MASTERSLICE         0
            li1     73217
           met1    116517
           met2     32720
           met3     11325
           met4       251
-------------------------
               234030


[INFO DRT-0195] Start 8th optimization iteration.
    Completing 10% with 161 violations.
    elapsed time = 00:00:00, memory = 5034.21 (MB).
    Completing 20% with 161 violations.
    elapsed time = 00:00:00, memory = 5034.21 (MB).
    Completing 30% with 147 violations.
    elapsed time = 00:00:16, memory = 5034.21 (MB).
    Completing 40% with 147 violations.
    elapsed time = 00:00:16, memory = 5034.21 (MB).
    Completing 50% with 147 violations.
    elapsed time = 00:00:16, memory = 5034.21 (MB).
    Completing 60% with 147 violations.
    elapsed time = 00:00:16, memory = 5034.21 (MB).
    Completing 70% with 147 violations.
    elapsed time = 00:00:16, memory = 5043.96 (MB).
    Completing 80% with 146 violations.
    elapsed time = 00:00:38, memory = 5034.21 (MB).
    Completing 90% with 146 violations.
    elapsed time = 00:00:38, memory = 5034.21 (MB).
    Completing 100% with 146 violations.
    elapsed time = 00:00:54, memory = 5034.21 (MB).
[INFO DRT-0199]   Number of violations = 146.
Viol/Layer        met1   met2   met3   met4
Metal Spacing       28      8      4      0
Short               76     27      1      2
[INFO DRT-0267] cpu time = 00:01:33, elapsed time = 00:00:54, memory = 5034.21 (MB), peak = 6392.28 (MB)
Total wire length = 1718248 um.
Total wire length on LAYER li1 = 0 um.
Total wire length on LAYER met1 = 527430 um.
Total wire length on LAYER met2 = 586445 um.
Total wire length on LAYER met3 = 347670 um.
Total wire length on LAYER met4 = 244501 um.
Total wire length on LAYER met5 = 12199 um.
Total number of vias = 234018.
Up-via summary (total 234018):

-------------------------
 FR_MASTERSLICE         0
            li1     73218
           met1    116501
           met2     32725
           met3     11323
           met4       251
-------------------------
               234018


[INFO DRT-0195] Start 9th optimization iteration.
    Completing 10% with 146 violations.
    elapsed time = 00:00:00, memory = 5034.21 (MB).
    Completing 20% with 146 violations.
    elapsed time = 00:00:00, memory = 5034.21 (MB).
    Completing 30% with 146 violations.
    elapsed time = 00:00:13, memory = 5034.21 (MB).
    Completing 40% with 146 violations.
    elapsed time = 00:00:13, memory = 5034.21 (MB).
    Completing 50% with 146 violations.
    elapsed time = 00:00:15, memory = 5034.21 (MB).
    Completing 60% with 144 violations.
    elapsed time = 00:00:15, memory = 5034.21 (MB).
    Completing 70% with 144 violations.
    elapsed time = 00:00:15, memory = 5034.21 (MB).
    Completing 80% with 144 violations.
    elapsed time = 00:00:48, memory = 5034.21 (MB).
    Completing 90% with 144 violations.
    elapsed time = 00:00:48, memory = 5034.21 (MB).
    Completing 100% with 132 violations.
    elapsed time = 00:01:45, memory = 5034.21 (MB).
[INFO DRT-0199]   Number of violations = 132.
Viol/Layer        met1   met2   met3   met4
Metal Spacing       24     12      5      0
Short               77     11      1      2
[INFO DRT-0267] cpu time = 00:02:20, elapsed time = 00:01:45, memory = 5034.21 (MB), peak = 6392.28 (MB)
Total wire length = 1718112 um.
Total wire length on LAYER li1 = 0 um.
Total wire length on LAYER met1 = 527464 um.
Total wire length on LAYER met2 = 586369 um.
Total wire length on LAYER met3 = 347529 um.
Total wire length on LAYER met4 = 244549 um.
Total wire length on LAYER met5 = 12199 um.
Total number of vias = 233976.
Up-via summary (total 233976):

-------------------------
 FR_MASTERSLICE         0
            li1     73221
           met1    116482
           met2     32697
           met3     11325
           met4       251
-------------------------
               233976


[INFO DRT-0195] Start 10th optimization iteration.
    Completing 10% with 132 violations.
    elapsed time = 00:00:00, memory = 5034.21 (MB).
    Completing 20% with 132 violations.
    elapsed time = 00:00:00, memory = 5034.21 (MB).
    Completing 30% with 114 violations.
    elapsed time = 00:00:27, memory = 5034.21 (MB).
    Completing 40% with 114 violations.
    elapsed time = 00:00:27, memory = 5034.21 (MB).
    Completing 50% with 114 violations.
    elapsed time = 00:01:52, memory = 5034.21 (MB).
    Completing 60% with 83 violations.
    elapsed time = 00:01:52, memory = 5034.21 (MB).
    Completing 70% with 83 violations.
    elapsed time = 00:01:52, memory = 5034.21 (MB).
    Completing 80% with 78 violations.
    elapsed time = 00:01:55, memory = 5034.21 (MB).
    Completing 90% with 78 violations.
    elapsed time = 00:01:55, memory = 5034.21 (MB).
    Completing 100% with 66 violations.
    elapsed time = 00:02:00, memory = 5034.21 (MB).
[INFO DRT-0199]   Number of violations = 66.
Viol/Layer        met1   met2   met3
Metal Spacing       20      4      1
Short               36      5      0
[INFO DRT-0267] cpu time = 00:02:19, elapsed time = 00:02:00, memory = 5034.21 (MB), peak = 6392.28 (MB)
Total wire length = 1718122 um.
Total wire length on LAYER li1 = 0 um.
Total wire length on LAYER met1 = 527375 um.
Total wire length on LAYER met2 = 586418 um.
Total wire length on LAYER met3 = 347575 um.
Total wire length on LAYER met4 = 244552 um.
Total wire length on LAYER met5 = 12199 um.
Total number of vias = 234009.
Up-via summary (total 234009):

-------------------------
 FR_MASTERSLICE         0
            li1     73221
           met1    116485
           met2     32725
           met3     11327
           met4       251
-------------------------
               234009


[INFO DRT-0195] Start 11th guides tiles iteration.
    Completing 10% with 66 violations.
    elapsed time = 00:00:00, memory = 5034.21 (MB).
    Completing 20% with 66 violations.
    elapsed time = 00:00:07, memory = 5034.21 (MB).
    Completing 40% with 47 violations.
    elapsed time = 00:00:08, memory = 5106.45 (MB).
    Completing 50% with 47 violations.
    elapsed time = 00:00:08, memory = 5106.45 (MB).
    Completing 70% with 47 violations.
    elapsed time = 00:00:22, memory = 5034.21 (MB).
    Completing 80% with 46 violations.
    elapsed time = 00:00:22, memory = 5034.21 (MB).
    Completing 100% with 46 violations.
    elapsed time = 00:00:28, memory = 5034.21 (MB).
[INFO DRT-0199]   Number of violations = 46.
Viol/Layer        met1   met2   met3
Metal Spacing       12      5      1
Short               19      9      0
[INFO DRT-0267] cpu time = 00:00:32, elapsed time = 00:00:29, memory = 5034.21 (MB), peak = 6392.28 (MB)
Total wire length = 1718132 um.
Total wire length on LAYER li1 = 0 um.
Total wire length on LAYER met1 = 527334 um.
Total wire length on LAYER met2 = 586436 um.
Total wire length on LAYER met3 = 347593 um.
Total wire length on LAYER met4 = 244567 um.
Total wire length on LAYER met5 = 12199 um.
Total number of vias = 234019.
Up-via summary (total 234019):

-------------------------
 FR_MASTERSLICE         0
            li1     73220
           met1    116494
           met2     32723
           met3     11331
           met4       251
-------------------------
               234019


[INFO DRT-0195] Start 12th guides tiles iteration.
    Completing 20% with 46 violations.
    elapsed time = 00:00:03, memory = 5034.21 (MB).
    Completing 40% with 46 violations.
    elapsed time = 00:00:08, memory = 5034.21 (MB).
    Completing 60% with 46 violations.
    elapsed time = 00:00:08, memory = 5034.21 (MB).
    Completing 80% with 46 violations.
    elapsed time = 00:00:09, memory = 5034.21 (MB).
    Completing 100% with 45 violations.
    elapsed time = 00:00:18, memory = 5034.21 (MB).
[INFO DRT-0199]   Number of violations = 45.
Viol/Layer        met1   met2   met3
Metal Spacing       11      0      1
Short               29      4      0
[INFO DRT-0267] cpu time = 00:00:24, elapsed time = 00:00:18, memory = 5034.21 (MB), peak = 6392.28 (MB)
Total wire length = 1718133 um.
Total wire length on LAYER li1 = 0 um.
Total wire length on LAYER met1 = 527319 um.
Total wire length on LAYER met2 = 586441 um.
Total wire length on LAYER met3 = 347608 um.
Total wire length on LAYER met4 = 244564 um.
Total wire length on LAYER met5 = 12199 um.
Total number of vias = 234023.
Up-via summary (total 234023):

-------------------------
 FR_MASTERSLICE         0
            li1     73220
           met1    116494
           met2     32727
           met3     11331
           met4       251
-------------------------
               234023


[INFO DRT-0195] Start 13th guides tiles iteration.
    Completing 20% with 45 violations.
    elapsed time = 00:00:02, memory = 5034.21 (MB).
    Completing 40% with 45 violations.
    elapsed time = 00:00:06, memory = 5034.21 (MB).
    Completing 60% with 33 violations.
    elapsed time = 00:00:06, memory = 5034.21 (MB).
    Completing 80% with 33 violations.
    elapsed time = 00:00:07, memory = 5034.21 (MB).
    Completing 100% with 25 violations.
    elapsed time = 00:00:17, memory = 5034.21 (MB).
[INFO DRT-0199]   Number of violations = 25.
Viol/Layer        met1   met2   met3
Metal Spacing        6      0      1
Short               16      2      0
[INFO DRT-0267] cpu time = 00:00:22, elapsed time = 00:00:17, memory = 5034.21 (MB), peak = 6392.28 (MB)
Total wire length = 1718140 um.
Total wire length on LAYER li1 = 0 um.
Total wire length on LAYER met1 = 527325 um.
Total wire length on LAYER met2 = 586447 um.
Total wire length on LAYER met3 = 347607 um.
Total wire length on LAYER met4 = 244561 um.
Total wire length on LAYER met5 = 12199 um.
Total number of vias = 234031.
Up-via summary (total 234031):

-------------------------
 FR_MASTERSLICE         0
            li1     73220
           met1    116503
           met2     32726
           met3     11331
           met4       251
-------------------------
               234031


[INFO DRT-0195] Start 14th guides tiles iteration.
    Completing 20% with 25 violations.
    elapsed time = 00:00:00, memory = 5034.21 (MB).
    Completing 50% with 25 violations.
    elapsed time = 00:00:06, memory = 5034.21 (MB).
    Completing 70% with 16 violations.
    elapsed time = 00:00:06, memory = 5034.21 (MB).
    Completing 100% with 16 violations.
    elapsed time = 00:00:15, memory = 5034.21 (MB).
[INFO DRT-0199]   Number of violations = 16.
Viol/Layer        met1   met2   met3
Metal Spacing        6      0      1
Short                7      2      0
[INFO DRT-0267] cpu time = 00:00:17, elapsed time = 00:00:15, memory = 5034.21 (MB), peak = 6392.28 (MB)
Total wire length = 1718140 um.
Total wire length on LAYER li1 = 0 um.
Total wire length on LAYER met1 = 527322 um.
Total wire length on LAYER met2 = 586450 um.
Total wire length on LAYER met3 = 347607 um.
Total wire length on LAYER met4 = 244561 um.
Total wire length on LAYER met5 = 12199 um.
Total number of vias = 234033.
Up-via summary (total 234033):

-------------------------
 FR_MASTERSLICE         0
            li1     73220
           met1    116505
           met2     32726
           met3     11331
           met4       251
-------------------------
               234033


[INFO DRT-0195] Start 15th guides tiles iteration.
    Completing 50% with 16 violations.
    elapsed time = 00:00:05, memory = 5034.21 (MB).
    Completing 100% with 16 violations.
    elapsed time = 00:00:13, memory = 5034.21 (MB).
[INFO DRT-0199]   Number of violations = 16.
Viol/Layer        met1   met2   met3
Metal Spacing        6      0      1
Short                7      2      0
[INFO DRT-0267] cpu time = 00:00:14, elapsed time = 00:00:13, memory = 5034.21 (MB), peak = 6392.28 (MB)
Total wire length = 1718140 um.
Total wire length on LAYER li1 = 0 um.
Total wire length on LAYER met1 = 527322 um.
Total wire length on LAYER met2 = 586450 um.
Total wire length on LAYER met3 = 347607 um.
Total wire length on LAYER met4 = 244561 um.
Total wire length on LAYER met5 = 12199 um.
Total number of vias = 234033.
Up-via summary (total 234033):

-------------------------
 FR_MASTERSLICE         0
            li1     73220
           met1    116505
           met2     32726
           met3     11331
           met4       251
-------------------------
               234033


[INFO DRT-0195] Start 16th stubborn tiles iteration.
    Completing 10% with 16 violations.
    elapsed time = 00:00:23, memory = 5034.21 (MB).
    Completing 20% with 16 violations.
    elapsed time = 00:00:30, memory = 5034.21 (MB).
    Completing 30% with 16 violations.
    elapsed time = 00:00:41, memory = 5034.21 (MB).
    Completing 40% with 16 violations.
    elapsed time = 00:00:50, memory = 5034.21 (MB).
    Completing 50% with 16 violations.
    elapsed time = 00:00:57, memory = 5077.68 (MB).
    Completing 60% with 16 violations.
    elapsed time = 00:01:10, memory = 5077.68 (MB).
    Completing 70% with 16 violations.
    elapsed time = 00:01:22, memory = 5077.68 (MB).
    Completing 80% with 16 violations.
    elapsed time = 00:01:33, memory = 5077.68 (MB).
    Completing 90% with 16 violations.
    elapsed time = 00:01:48, memory = 5051.05 (MB).
    Completing 100% with 0 violations.
    elapsed time = 00:01:57, memory = 5034.21 (MB).
[INFO DRT-0199]   Number of violations = 0.
[INFO DRT-0267] cpu time = 00:20:24, elapsed time = 00:01:58, memory = 5034.21 (MB), peak = 6392.28 (MB)
Total wire length = 1718190 um.
Total wire length on LAYER li1 = 0 um.
Total wire length on LAYER met1 = 527323 um.
Total wire length on LAYER met2 = 586441 um.
Total wire length on LAYER met3 = 347634 um.
Total wire length on LAYER met4 = 244591 um.
Total wire length on LAYER met5 = 12199 um.
Total number of vias = 234059.
Up-via summary (total 234059):

-------------------------
 FR_MASTERSLICE         0
            li1     73219
           met1    116520
           met2     32732
           met3     11337
           met4       251
-------------------------
               234059


[INFO DRT-0198] Complete detail routing.
Total wire length = 1718190 um.
Total wire length on LAYER li1 = 0 um.
Total wire length on LAYER met1 = 527323 um.
Total wire length on LAYER met2 = 586441 um.
Total wire length on LAYER met3 = 347634 um.
Total wire length on LAYER met4 = 244591 um.
Total wire length on LAYER met5 = 12199 um.
Total number of vias = 234059.
Up-via summary (total 234059):

-------------------------
 FR_MASTERSLICE         0
            li1     73219
           met1    116520
           met2     32732
           met3     11337
           met4       251
-------------------------
               234059


[INFO DRT-0267] cpu time = 01:07:46, elapsed time = 00:15:46, memory = 5034.21 (MB), peak = 6392.28 (MB)

[INFO DRT-0180] Post processing.
[INFO DRT-0501] Runtime: 977.17s
[INFO ANT-0002] Found 2 net violations.
[INFO ANT-0001] Found 2 pin violations.
[INFO GRT-0012] Found 2 antenna violations.
[INFO DPL-0006] Core area: 449380.99 um^2
[INFO DPL-0007] Movable instances area: 0.00 um^2
[INFO DPL-0008] Fixed instances area within core: 230961.51 um^2
[INFO DPL-0009] Utilization: 51.4%
[INFO DPL-0005] Diamond search max displacement: +/- 500 sites horizontally, +/- 100 rows vertically.
[INFO DPL-1102] Legalizing using negotiation legalizer.
[INFO DPL-1103] Negotiation base search window: +/-20 sites horizontally, +/-5 rows vertically 
	Automatic search window extension enabled.
	Search window extendable up to the max displacement cap of +/-500 sites, +/-100 rows near walls.
[INFO DPL-1104] NegotiationLegalizer DRC penalty: 5.
[INFO DPL-0392] Negotiation cell height distribution (1 unique row-count(s)):
[INFO DPL-0393]   height 1 row(s): 26360 cells
[INFO DPL-0500] Runtime: 0.25s
[INFO GRT-0015] Inserted 2 diodes.
[WARNING DRT-0120] Large net net1978 has 187 pins which may impact routing performance. Consider optimization.
[WARNING DRT-0120] Large net net1973 has 174 pins which may impact routing performance. Consider optimization.
[WARNING DRT-0120] Large net net1960 has 193 pins which may impact routing performance. Consider optimization.
[WARNING DRT-0120] Large net net1882 has 112 pins which may impact routing performance. Consider optimization.
[WARNING DRT-0120] Large net net1858 has 103 pins which may impact routing performance. Consider optimization.
[WARNING DRT-0120] Large net net1561 has 163 pins which may impact routing performance. Consider optimization.
[WARNING DRT-0120] Large net net1560 has 119 pins which may impact routing performance. Consider optimization.
[WARNING DRT-0120] Large net net1555 has 142 pins which may impact routing performance. Consider optimization.
[WARNING DRT-0120] Large net net1547 has 134 pins which may impact routing performance. Consider optimization.
[WARNING DRT-0120] Large net net1546 has 131 pins which may impact routing performance. Consider optimization.
[WARNING DRT-0120] Large net net1544 has 152 pins which may impact routing performance. Consider optimization.
[WARNING DRT-0120] Large net net1420 has 108 pins which may impact routing performance. Consider optimization.
[WARNING DRT-0120] Large net net1896 has 104 pins which may impact routing performance. Consider optimization.
[WARNING DRT-0120] Large net net1901 has 119 pins which may impact routing performance. Consider optimization.
[WARNING DRT-0120] Large net net1943 has 186 pins which may impact routing performance. Consider optimization.
[WARNING DRT-0120] Large net net1920 has 104 pins which may impact routing performance. Consider optimization.
[WARNING DRT-0120] Large net net1871 has 102 pins which may impact routing performance. Consider optimization.
[WARNING DRT-0120] Large net net1874 has 105 pins which may impact routing performance. Consider optimization.
[WARNING DRT-0120] Large net net1878 has 101 pins which may impact routing performance. Consider optimization.
[WARNING DRT-0120] Large net net71 has 154 pins which may impact routing performance. Consider optimization.
[INFO DRT-0024]   Complete FR_MASTERSLICE.
[INFO DRT-0024]   Complete Fr_VIA.
[INFO DRT-0024]   Complete li1.
[INFO DRT-0024]   Complete mcon.
[INFO DRT-0024]   Complete met1.
[INFO DRT-0024]   Complete via.
[INFO DRT-0024]   Complete met2.
[INFO DRT-0024]   Complete via2.
[INFO DRT-0024]   Complete met3.
[INFO DRT-0024]   Complete via3.
[INFO DRT-0024]   Complete met4.
[INFO DRT-0024]   Complete via4.
[INFO DRT-0024]   Complete met5.
[INFO DRT-0165] Start pin access.
[INFO DRT-0076]   Complete 1000 pins.
[INFO DRT-0078]   Complete 1341 pins.
[INFO DRT-0079]   Complete 100 unique inst patterns.
[INFO DRT-0081]   Complete 174 unique inst patterns.
[INFO DRT-0082]   Complete 10000 groups.
[INFO DRT-0084]   Complete 14377 groups.
#scanned instances     = 26360
#unique  instances     = 174
#stdCellGenAp          = 5645
#stdCellValidPlanarAp  = 103
#stdCellValidViaAp     = 3911
#stdCellPinNoAp        = 0
#stdCellPinCnt         = 74986
#instTermValidViaApCnt = 0
#macroGenAp            = 0
#macroValidPlanarAp    = 0
#macroValidViaAp       = 0
#macroNoAp             = 0
[INFO DRT-0166] Complete pin access.
[INFO DRT-0267] cpu time = 00:08:00, elapsed time = 00:00:42, memory = 4983.97 (MB), peak = 6392.28 (MB)
[INFO DRT-0156] guideIn read 100000 guides.
[INFO DRT-0156] guideIn read 200000 guides.

[INFO DRT-0157] Number of guides:     215680

[INFO DRT-0169] Post process guides.
[INFO DRT-0176] GCELLGRID X 0 DO 97 STEP 6900 ;
[INFO DRT-0177] GCELLGRID Y 0 DO 97 STEP 6900 ;
[INFO DRT-0026]   Complete 100000 origin guides.
[INFO DRT-0026]   Complete 200000 origin guides.
[INFO DRT-0028]   Complete FR_MASTERSLICE.
[INFO DRT-0028]   Complete Fr_VIA.
[INFO DRT-0028]   Complete li1.
[INFO DRT-0028]   Complete mcon.
[INFO DRT-0028]   Complete met1.
[INFO DRT-0028]   Complete via.
[INFO DRT-0028]   Complete met2.
[INFO DRT-0028]   Complete via2.
[INFO DRT-0028]   Complete met3.
[INFO DRT-0028]   Complete via3.
[INFO DRT-0028]   Complete met4.
[INFO DRT-0028]   Complete via4.
[INFO DRT-0028]   Complete met5.
[INFO DRT-0178] Init guide query.
[INFO DRT-0035]   Complete FR_MASTERSLICE (guide).
[INFO DRT-0035]   Complete Fr_VIA (guide).
[INFO DRT-0035]   Complete li1 (guide).
[INFO DRT-0035]   Complete mcon (guide).
[INFO DRT-0035]   Complete met1 (guide).
[INFO DRT-0035]   Complete via (guide).
[INFO DRT-0035]   Complete met2 (guide).
[INFO DRT-0035]   Complete via2 (guide).
[INFO DRT-0035]   Complete met3 (guide).
[INFO DRT-0035]   Complete via3 (guide).
[INFO DRT-0035]   Complete met4 (guide).
[INFO DRT-0035]   Complete via4 (guide).
[INFO DRT-0035]   Complete met5 (guide).
[INFO DRT-0036] FR_MASTERSLICE guide region query size = 0.
[INFO DRT-0036] FR_VIA guide region query size = 0.
[INFO DRT-0036] li1 guide region query size = 62550.
[INFO DRT-0036] mcon guide region query size = 0.
[INFO DRT-0036] met1 guide region query size = 62250.
[INFO DRT-0036] via guide region query size = 0.
[INFO DRT-0036] met2 guide region query size = 35697.
[INFO DRT-0036] via2 guide region query size = 0.
[INFO DRT-0036] met3 guide region query size = 6235.
[INFO DRT-0036] via3 guide region query size = 0.
[INFO DRT-0036] met4 guide region query size = 2739.
[INFO DRT-0036] via4 guide region query size = 0.
[INFO DRT-0036] met5 guide region query size = 170.
[INFO DRT-0179] Init gr pin query.
[INFO DRT-0267] cpu time = 00:00:01, elapsed time = 00:00:00, memory = 4983.97 (MB), peak = 6392.28 (MB)
[INFO DRT-0245] skipped writing guide updates to database.
[INFO DRT-0181] Start track assignment.
[INFO DRT-0184] Done with 100986 vertical wires in 2 frboxes and 68655 horizontal wires in 2 frboxes.
[INFO DRT-0186] Done with 22795 vertical wires in 2 frboxes and 34188 horizontal wires in 2 frboxes.
[INFO DRT-0182] Complete track assignment.
[INFO DRT-0267] cpu time = 00:00:15, elapsed time = 00:00:07, memory = 4983.97 (MB), peak = 6392.28 (MB)
[INFO DRT-0187] Start routing data preparation.
[INFO DRT-0267] cpu time = 00:00:00, elapsed time = 00:00:00, memory = 4983.97 (MB), peak = 6392.28 (MB)
[INFO DRT-0194] Start detail routing.
[INFO DRT-0195] Start 0th optimization iteration.
    Completing 10% with 0 violations.
    elapsed time = 00:00:03, memory = 5027.33 (MB).
    Completing 20% with 0 violations.
    elapsed time = 00:00:05, memory = 5030.56 (MB).
    Completing 30% with 293 violations.
    elapsed time = 00:00:09, memory = 4983.99 (MB).
    Completing 40% with 293 violations.
    elapsed time = 00:00:11, memory = 4983.99 (MB).
    Completing 50% with 293 violations.
    elapsed time = 00:00:13, memory = 4983.99 (MB).
    Completing 60% with 501 violations.
    elapsed time = 00:00:17, memory = 4983.99 (MB).
    Completing 70% with 501 violations.
    elapsed time = 00:00:19, memory = 4983.99 (MB).
    Completing 80% with 731 violations.
    elapsed time = 00:00:24, memory = 4983.99 (MB).
    Completing 90% with 731 violations.
    elapsed time = 00:00:25, memory = 4983.99 (MB).
    Completing 100% with 893 violations.
    elapsed time = 00:00:27, memory = 4983.99 (MB).
[INFO DRT-0199]   Number of violations = 931.
Viol/Layer        met1   met2   met4
Metal Spacing       30     96      0
Recheck             13     24      1
Short              339    427      1
[INFO DRT-0267] cpu time = 00:04:34, elapsed time = 00:00:28, memory = 4983.99 (MB), peak = 6392.28 (MB)
Total wire length = 1718400 um.
Total wire length on LAYER li1 = 0 um.
Total wire length on LAYER met1 = 528000 um.
Total wire length on LAYER met2 = 587291 um.
Total wire length on LAYER met3 = 346968 um.
Total wire length on LAYER met4 = 243940 um.
Total wire length on LAYER met5 = 12199 um.
Total number of vias = 234001.
Up-via summary (total 234001):

-------------------------
 FR_MASTERSLICE         0
            li1     73220
           met1    116560
           met2     32660
           met3     11310
           met4       251
-------------------------
               234001


[INFO DRT-0195] Start 1st optimization iteration.
    Completing 10% with 931 violations.
    elapsed time = 00:00:02, memory = 4983.99 (MB).
    Completing 20% with 931 violations.
    elapsed time = 00:00:04, memory = 5023.48 (MB).
    Completing 30% with 796 violations.
    elapsed time = 00:00:08, memory = 4983.99 (MB).
    Completing 40% with 796 violations.
    elapsed time = 00:00:10, memory = 5023.99 (MB).
    Completing 50% with 796 violations.
    elapsed time = 00:00:12, memory = 5026.11 (MB).
    Completing 60% with 668 violations.
    elapsed time = 00:00:16, memory = 4983.99 (MB).
    Completing 70% with 668 violations.
    elapsed time = 00:00:18, memory = 5028.37 (MB).
    Completing 80% with 596 violations.
    elapsed time = 00:00:21, memory = 5028.18 (MB).
    Completing 90% with 596 violations.
    elapsed time = 00:00:24, memory = 5023.01 (MB).
    Completing 100% with 510 violations.
    elapsed time = 00:00:26, memory = 4983.99 (MB).
[INFO DRT-0199]   Number of violations = 510.
Viol/Layer        met1   met2   met4
Metal Spacing       28     63      0
Short              214    202      3
[INFO DRT-0267] cpu time = 00:04:17, elapsed time = 00:00:26, memory = 4983.99 (MB), peak = 6392.28 (MB)
Total wire length = 1718289 um.
Total wire length on LAYER li1 = 0 um.
Total wire length on LAYER met1 = 527932 um.
Total wire length on LAYER met2 = 587101 um.
Total wire length on LAYER met3 = 347021 um.
Total wire length on LAYER met4 = 244033 um.
Total wire length on LAYER met5 = 12199 um.
Total number of vias = 233967.
Up-via summary (total 233967):

-------------------------
 FR_MASTERSLICE         0
            li1     73221
           met1    116522
           met2     32664
           met3     11309
           met4       251
-------------------------
               233967


[INFO DRT-0195] Start 2nd optimization iteration.
    Completing 10% with 510 violations.
    elapsed time = 00:00:00, memory = 4983.99 (MB).
    Completing 20% with 510 violations.
    elapsed time = 00:00:01, memory = 4983.99 (MB).
    Completing 30% with 579 violations.
    elapsed time = 00:00:03, memory = 5019.31 (MB).
    Completing 40% with 579 violations.
    elapsed time = 00:00:04, memory = 5024.52 (MB).
    Completing 50% with 579 violations.
    elapsed time = 00:00:05, memory = 4983.99 (MB).
    Completing 60% with 570 violations.
    elapsed time = 00:00:05, memory = 4983.99 (MB).
    Completing 70% with 570 violations.
    elapsed time = 00:00:06, memory = 5027.45 (MB).
    Completing 80% with 519 violations.
    elapsed time = 00:00:07, memory = 4983.99 (MB).
    Completing 90% with 519 violations.
    elapsed time = 00:00:08, memory = 4983.99 (MB).
    Completing 100% with 558 violations.
    elapsed time = 00:00:10, memory = 4983.99 (MB).
[INFO DRT-0199]   Number of violations = 558.
Viol/Layer        met1   met2   met3
Metal Spacing       34     68      0
Short              261    194      1
[INFO DRT-0267] cpu time = 00:01:15, elapsed time = 00:00:10, memory = 4983.99 (MB), peak = 6392.28 (MB)
Total wire length = 1718268 um.
Total wire length on LAYER li1 = 0 um.
Total wire length on LAYER met1 = 527915 um.
Total wire length on LAYER met2 = 587003 um.
Total wire length on LAYER met3 = 347053 um.
Total wire length on LAYER met4 = 244095 um.
Total wire length on LAYER met5 = 12199 um.
Total number of vias = 233966.
Up-via summary (total 233966):

-------------------------
 FR_MASTERSLICE         0
            li1     73222
           met1    116517
           met2     32665
           met3     11311
           met4       251
-------------------------
               233966


[INFO DRT-0195] Start 3rd optimization iteration.
    Completing 10% with 558 violations.
    elapsed time = 00:00:00, memory = 4983.99 (MB).
    Completing 20% with 558 violations.
    elapsed time = 00:00:01, memory = 4983.99 (MB).
    Completing 30% with 394 violations.
    elapsed time = 00:00:05, memory = 4983.99 (MB).
    Completing 40% with 394 violations.
    elapsed time = 00:00:05, memory = 4983.99 (MB).
    Completing 50% with 394 violations.
    elapsed time = 00:00:15, memory = 4983.99 (MB).
    Completing 60% with 280 violations.
    elapsed time = 00:00:15, memory = 4983.99 (MB).
    Completing 70% with 280 violations.
    elapsed time = 00:00:16, memory = 4983.99 (MB).
    Completing 80% with 239 violations.
    elapsed time = 00:00:28, memory = 4983.99 (MB).
    Completing 90% with 239 violations.
    elapsed time = 00:00:28, memory = 4983.99 (MB).
    Completing 100% with 119 violations.
    elapsed time = 00:00:39, memory = 4983.99 (MB).
[INFO DRT-0199]   Number of violations = 119.
Viol/Layer        met1   met2
Metal Spacing       28     14
Short               53     24
[INFO DRT-0267] cpu time = 00:02:28, elapsed time = 00:00:39, memory = 4983.99 (MB), peak = 6392.28 (MB)
Total wire length = 1718374 um.
Total wire length on LAYER li1 = 0 um.
Total wire length on LAYER met1 = 527497 um.
Total wire length on LAYER met2 = 586473 um.
Total wire length on LAYER met3 = 347602 um.
Total wire length on LAYER met4 = 244601 um.
Total wire length on LAYER met5 = 12199 um.
Total number of vias = 234161.
Up-via summary (total 234161):

-------------------------
 FR_MASTERSLICE         0
            li1     73225
           met1    116572
           met2     32755
           met3     11358
           met4       251
-------------------------
               234161


[INFO DRT-0195] Start 4th optimization iteration.
    Completing 10% with 119 violations.
    elapsed time = 00:00:00, memory = 4983.99 (MB).
    Completing 20% with 119 violations.
    elapsed time = 00:00:00, memory = 4983.99 (MB).
    Completing 30% with 106 violations.
    elapsed time = 00:00:04, memory = 4983.99 (MB).
    Completing 40% with 106 violations.
    elapsed time = 00:00:04, memory = 4983.99 (MB).
    Completing 50% with 106 violations.
    elapsed time = 00:00:05, memory = 4983.99 (MB).
    Completing 60% with 73 violations.
    elapsed time = 00:00:05, memory = 4983.99 (MB).
    Completing 70% with 73 violations.
    elapsed time = 00:00:05, memory = 4983.99 (MB).
    Completing 80% with 29 violations.
    elapsed time = 00:00:55, memory = 4983.99 (MB).
    Completing 90% with 29 violations.
    elapsed time = 00:00:55, memory = 4983.99 (MB).
    Completing 100% with 6 violations.
    elapsed time = 00:00:57, memory = 4983.99 (MB).
[INFO DRT-0199]   Number of violations = 6.
Viol/Layer        met1   met2
Metal Spacing        0      3
Short                1      2
[INFO DRT-0267] cpu time = 00:01:12, elapsed time = 00:00:58, memory = 4983.99 (MB), peak = 6392.28 (MB)
Total wire length = 1718350 um.
Total wire length on LAYER li1 = 0 um.
Total wire length on LAYER met1 = 527433 um.
Total wire length on LAYER met2 = 586386 um.
Total wire length on LAYER met3 = 347672 um.
Total wire length on LAYER met4 = 244658 um.
Total wire length on LAYER met5 = 12199 um.
Total number of vias = 234163.
Up-via summary (total 234163):

-------------------------
 FR_MASTERSLICE         0
            li1     73224
           met1    116574
           met2     32750
           met3     11364
           met4       251
-------------------------
               234163


[INFO DRT-0195] Start 5th guides tiles iteration.
    Completing 30% with 6 violations.
    elapsed time = 00:00:00, memory = 4983.99 (MB).
    Completing 60% with 6 violations.
    elapsed time = 00:00:13, memory = 4983.99 (MB).
    Completing 100% with 5 violations.
    elapsed time = 00:01:03, memory = 4983.99 (MB).
[INFO DRT-0199]   Number of violations = 5.
Viol/Layer        met1   met2
Metal Spacing        0      2
Short                1      2
[INFO DRT-0267] cpu time = 00:01:04, elapsed time = 00:01:03, memory = 4983.99 (MB), peak = 6392.28 (MB)
Total wire length = 1718350 um.
Total wire length on LAYER li1 = 0 um.
Total wire length on LAYER met1 = 527436 um.
Total wire length on LAYER met2 = 586386 um.
Total wire length on LAYER met3 = 347670 um.
Total wire length on LAYER met4 = 244657 um.
Total wire length on LAYER met5 = 12199 um.
Total number of vias = 234163.
Up-via summary (total 234163):

-------------------------
 FR_MASTERSLICE         0
            li1     73224
           met1    116574
           met2     32750
           met3     11364
           met4       251
-------------------------
               234163


[INFO DRT-0195] Start 6th guides tiles iteration.
    Completing 50% with 5 violations.
    elapsed time = 00:00:06, memory = 4983.99 (MB).
    Completing 100% with 5 violations.
    elapsed time = 00:00:54, memory = 4983.99 (MB).
[INFO DRT-0199]   Number of violations = 5.
Viol/Layer        met1   met2
Metal Spacing        0      2
Short                1      2
[INFO DRT-0267] cpu time = 00:00:54, elapsed time = 00:00:54, memory = 4983.99 (MB), peak = 6392.28 (MB)
Total wire length = 1718350 um.
Total wire length on LAYER li1 = 0 um.
Total wire length on LAYER met1 = 527436 um.
Total wire length on LAYER met2 = 586386 um.
Total wire length on LAYER met3 = 347670 um.
Total wire length on LAYER met4 = 244657 um.
Total wire length on LAYER met5 = 12199 um.
Total number of vias = 234163.
Up-via summary (total 234163):

-------------------------
 FR_MASTERSLICE         0
            li1     73224
           met1    116574
           met2     32750
           met3     11364
           met4       251
-------------------------
               234163


[INFO DRT-0195] Start 7th stubborn tiles iteration.
    Completing 10% with 5 violations.
    elapsed time = 00:00:21, memory = 5050.33 (MB).
    Completing 20% with 5 violations.
    elapsed time = 00:00:33, memory = 5119.16 (MB).
    Completing 30% with 5 violations.
    elapsed time = 00:00:45, memory = 5100.52 (MB).
    Completing 40% with 5 violations.
    elapsed time = 00:00:56, memory = 5105.45 (MB).
    Completing 50% with 5 violations.
    elapsed time = 00:01:08, memory = 5067.90 (MB).
    Completing 60% with 5 violations.
    elapsed time = 00:01:18, memory = 5068.23 (MB).
    Completing 70% with 5 violations.
    elapsed time = 00:01:22, memory = 5157.74 (MB).
    Completing 80% with 5 violations.
    elapsed time = 00:01:40, memory = 5178.86 (MB).
    Completing 90% with 5 violations.
    elapsed time = 00:02:05, memory = 5158.46 (MB).
    Completing 100% with 0 violations.
    elapsed time = 00:02:46, memory = 5043.43 (MB).
[INFO DRT-0199]   Number of violations = 0.
[INFO DRT-0267] cpu time = 00:23:51, elapsed time = 00:02:46, memory = 5043.43 (MB), peak = 6392.28 (MB)
Total wire length = 1718337 um.
Total wire length on LAYER li1 = 0 um.
Total wire length on LAYER met1 = 527403 um.
Total wire length on LAYER met2 = 586402 um.
Total wire length on LAYER met3 = 347692 um.
Total wire length on LAYER met4 = 244640 um.
Total wire length on LAYER met5 = 12199 um.
Total number of vias = 234163.
Up-via summary (total 234163):

-------------------------
 FR_MASTERSLICE         0
            li1     73224
           met1    116572
           met2     32752
           met3     11364
           met4       251
-------------------------
               234163


[INFO DRT-0198] Complete detail routing.
Total wire length = 1718337 um.
Total wire length on LAYER li1 = 0 um.
Total wire length on LAYER met1 = 527403 um.
Total wire length on LAYER met2 = 586402 um.
Total wire length on LAYER met3 = 347692 um.
Total wire length on LAYER met4 = 244640 um.
Total wire length on LAYER met5 = 12199 um.
Total number of vias = 234163.
Up-via summary (total 234163):

-------------------------
 FR_MASTERSLICE         0
            li1     73224
           met1    116572
           met2     32752
           met3     11364
           met4       251
-------------------------
               234163


[INFO DRT-0267] cpu time = 00:39:41, elapsed time = 00:07:28, memory = 5043.43 (MB), peak = 6392.28 (MB)

[INFO DRT-0180] Post processing.
[INFO DRT-0501] Runtime: 486.81s
[INFO ANT-0002] Found 0 net violations.
[INFO ANT-0001] Found 0 pin violations.
[INFO ANT-0002] Found 0 net violations.
[INFO ANT-0001] Found 0 pin violations.
Design area 230962 um^2 51% utilization.
write_db /root/cac_runs/keccak_s7_20ns_ant10/results/sky130hd/cac_keccak_s7_20ns/base/5_2_route.odb
Elapsed time: 3:28:02.63[h:]min:sec. CPU time: user 82908.39 sys 81.12 (664%). Peak memory: 6545696KB.
Log                       Ext     Elapsed/s Peak Memory/MB sha1sum result [0:20)
5_2_route                 .odb        12482           6392 46c1e196cd2a0ce8d40d
