OpenROAD f552262465b0bfef8f097e258f94bc501d01e19d 
Features included (+) or not (-): +GPU +GUI +Python
This program is licensed under the BSD-3 license. See the LICENSE file for details.
Components of this program may be licensed under more restrictive licenses which must be honored.
[INFO ORD-0030] Using 12 thread(s).
read_liberty /opt/eda/orfs-6101364b/flow/platforms/sky130hd/lib/sky130_fd_sc_hd__tt_025C_1v80.lib
read_db /root/cac_runs/keccak_r1_7ns/results/sky130hd/cac_keccak_r1_7ns/base/5_1_grt.odb
read_sdc /root/cac_runs/keccak_r1_7ns/results/sky130hd/cac_keccak_r1_7ns/base/5_1_grt.sdc
source /opt/eda/orfs-6101364b/flow/platforms/sky130hd/setRC.tcl
detailed_route -output_drc /root/cac_runs/keccak_r1_7ns/reports/sky130hd/cac_keccak_r1_7ns/base/5_route_drc.rpt -output_maze /root/cac_runs/keccak_r1_7ns/results/sky130hd/cac_keccak_r1_7ns/base/maze.log -droute_end_iter 64 -verbose 1 -drc_report_iter_step 5
[INFO DRT-0149] Reading tech and libs.
[WARNING DRT-0349] LEF58_ENCLOSURE with no CUTCLASS is not supported. Skipping for layer mcon
[WARNING DRT-0349] LEF58_ENCLOSURE with no CUTCLASS is not supported. Skipping for layer mcon
[WARNING DRT-0349] LEF58_ENCLOSURE with no CUTCLASS is not supported. Skipping for layer via
[WARNING DRT-0349] LEF58_ENCLOSURE with no CUTCLASS is not supported. Skipping for layer via
[WARNING DRT-0349] LEF58_ENCLOSURE with no CUTCLASS is not supported. Skipping for layer via2
[WARNING DRT-0349] LEF58_ENCLOSURE with no CUTCLASS is not supported. Skipping for layer via2
[WARNING DRT-0349] LEF58_ENCLOSURE with no CUTCLASS is not supported. Skipping for layer via3
[WARNING DRT-0349] LEF58_ENCLOSURE with no CUTCLASS is not supported. Skipping for layer via3
[WARNING DRT-0349] LEF58_ENCLOSURE with no CUTCLASS is not supported. Skipping for layer via4
[WARNING DRT-0349] LEF58_ENCLOSURE with no CUTCLASS is not supported. Skipping for layer via4

Units:                1000
Number of layers:     13
Number of macros:     441
Number of vias:       29
Number of viarulegen: 25

[INFO DRT-0150] Reading design.
[WARNING DRT-0120] Large net net1421 has 168 pins which may impact routing performance. Consider optimization.
[WARNING DRT-0120] Large net net1423 has 183 pins which may impact routing performance. Consider optimization.
[WARNING DRT-0120] Large net net1357 has 142 pins which may impact routing performance. Consider optimization.
[WARNING DRT-0120] Large net net1373 has 131 pins which may impact routing performance. Consider optimization.
[WARNING DRT-0120] Large net net1328 has 133 pins which may impact routing performance. Consider optimization.
[WARNING DRT-0120] Large net net1340 has 153 pins which may impact routing performance. Consider optimization.
[WARNING DRT-0120] Large net net1347 has 140 pins which may impact routing performance. Consider optimization.
[WARNING DRT-0120] Large net net1440 has 175 pins which may impact routing performance. Consider optimization.
[WARNING DRT-0120] Large net net1353 has 137 pins which may impact routing performance. Consider optimization.
[WARNING DRT-0120] Large net net1324 has 101 pins which may impact routing performance. Consider optimization.
[WARNING DRT-0120] Large net net1312 has 132 pins which may impact routing performance. Consider optimization.
[WARNING DRT-0120] Large net net1309 has 138 pins which may impact routing performance. Consider optimization.
[WARNING DRT-0120] Large net net1302 has 137 pins which may impact routing performance. Consider optimization.
[WARNING DRT-0120] Large net net71 has 179 pins which may impact routing performance. Consider optimization.

Design:                   keccak_lane_wrapper
Die area:                 ( 0 0 ) ( 686185 686185 )
Number of track patterns: 12
Number of DEF vias:       0
Number of components:     24566
Number of terminals:      142
Number of snets:          2
Number of nets:           18097

[INFO DRT-0167] List of default vias:
  Layer via
    default via: M1M2_PR
  Layer via2
    default via: M2M3_PR
  Layer via3
    default via: M3M4_PR
  Layer via4
    default via: M4M5_PR
[INFO DRT-0162] Library cell analysis.
[INFO DRT-0163] Instance analysis.
[INFO DRT-0164] Number of unique instances = 143.
[INFO DRT-0168] Init region query.
[INFO DRT-0024]   Complete FR_MASTERSLICE.
[INFO DRT-0024]   Complete Fr_VIA.
[INFO DRT-0024]   Complete li1.
[INFO DRT-0024]   Complete mcon.
[INFO DRT-0024]   Complete met1.
[INFO DRT-0024]   Complete via.
[INFO DRT-0024]   Complete met2.
[INFO DRT-0024]   Complete via2.
[INFO DRT-0024]   Complete met3.
[INFO DRT-0024]   Complete via3.
[INFO DRT-0024]   Complete met4.
[INFO DRT-0024]   Complete via4.
[INFO DRT-0024]   Complete met5.
[INFO DRT-0033] FR_MASTERSLICE shape region query size = 0.
[INFO DRT-0033] FR_VIA shape region query size = 0.
[INFO DRT-0033] li1 shape region query size = 733875.
[INFO DRT-0033] mcon shape region query size = 425649.
[INFO DRT-0033] met1 shape region query size = 126931.
[INFO DRT-0033] via shape region query size = 31375.
[INFO DRT-0033] met2 shape region query size = 18905.
[INFO DRT-0033] via2 shape region query size = 25100.
[INFO DRT-0033] met3 shape region query size = 18885.
[INFO DRT-0033] via3 shape region query size = 25100.
[INFO DRT-0033] met4 shape region query size = 7575.
[INFO DRT-0033] via4 shape region query size = 1250.
[INFO DRT-0033] met5 shape region query size = 1350.
[INFO DRT-0165] Start pin access.
[INFO DRT-0076]   Complete 1000 pins.
[INFO DRT-0078]   Complete 1079 pins.
[INFO DRT-0079]   Complete 100 unique inst patterns.
[INFO DRT-0081]   Complete 143 unique inst patterns.
[INFO DRT-0082]   Complete 10000 groups.
[INFO DRT-0084]   Complete 13729 groups.
#scanned instances     = 24566
#unique  instances     = 143
#stdCellGenAp          = 4089
#stdCellValidPlanarAp  = 74
#stdCellValidViaAp     = 3031
#stdCellPinNoAp        = 0
#stdCellPinCnt         = 67398
#instTermValidViaApCnt = 0
#macroGenAp            = 0
#macroValidPlanarAp    = 0
#macroValidViaAp       = 0
#macroNoAp             = 0
[INFO DRT-0166] Complete pin access.
[INFO DRT-0267] cpu time = 00:07:50, elapsed time = 00:01:01, memory = 446.22 (MB), peak = 459.44 (MB)
[INFO DRT-0156] guideIn read 100000 guides.

[INFO DRT-0157] Number of guides:     181617

[INFO DRT-0169] Post process guides.
[INFO DRT-0176] GCELLGRID X 0 DO 99 STEP 6900 ;
[INFO DRT-0177] GCELLGRID Y 0 DO 99 STEP 6900 ;
[INFO DRT-0026]   Complete 100000 origin guides.
[INFO DRT-0028]   Complete FR_MASTERSLICE.
[INFO DRT-0028]   Complete Fr_VIA.
[INFO DRT-0028]   Complete li1.
[INFO DRT-0028]   Complete mcon.
[INFO DRT-0028]   Complete met1.
[INFO DRT-0028]   Complete via.
[INFO DRT-0028]   Complete met2.
[INFO DRT-0028]   Complete via2.
[INFO DRT-0028]   Complete met3.
[INFO DRT-0028]   Complete via3.
[INFO DRT-0028]   Complete met4.
[INFO DRT-0028]   Complete via4.
[INFO DRT-0028]   Complete met5.
[INFO DRT-0178] Init guide query.
[INFO DRT-0035]   Complete FR_MASTERSLICE (guide).
[INFO DRT-0035]   Complete Fr_VIA (guide).
[INFO DRT-0035]   Complete li1 (guide).
[INFO DRT-0035]   Complete mcon (guide).
[INFO DRT-0035]   Complete met1 (guide).
[INFO DRT-0035]   Complete via (guide).
[INFO DRT-0035]   Complete met2 (guide).
[INFO DRT-0035]   Complete via2 (guide).
[INFO DRT-0035]   Complete met3 (guide).
[INFO DRT-0035]   Complete via3 (guide).
[INFO DRT-0035]   Complete met4 (guide).
[INFO DRT-0035]   Complete via4 (guide).
[INFO DRT-0035]   Complete met5 (guide).
[INFO DRT-0036] FR_MASTERSLICE guide region query size = 0.
[INFO DRT-0036] FR_VIA guide region query size = 0.
[INFO DRT-0036] li1 guide region query size = 54554.
[INFO DRT-0036] mcon guide region query size = 0.
[INFO DRT-0036] met1 guide region query size = 52089.
[INFO DRT-0036] via guide region query size = 0.
[INFO DRT-0036] met2 guide region query size = 29209.
[INFO DRT-0036] via2 guide region query size = 0.
[INFO DRT-0036] met3 guide region query size = 4492.
[INFO DRT-0036] via3 guide region query size = 0.
[INFO DRT-0036] met4 guide region query size = 2204.
[INFO DRT-0036] via4 guide region query size = 0.
[INFO DRT-0036] met5 guide region query size = 135.
[INFO DRT-0179] Init gr pin query.
[INFO DRT-0267] cpu time = 00:00:01, elapsed time = 00:00:00, memory = 507.16 (MB), peak = 506.07 (MB)
[INFO DRT-0245] skipped writing guide updates to database.
[INFO DRT-0181] Start track assignment.
[INFO DRT-0184] Done with 85967 vertical wires in 2 frboxes and 56716 horizontal wires in 2 frboxes.
[INFO DRT-0186] Done with 13441 vertical wires in 2 frboxes and 22787 horizontal wires in 2 frboxes.
[INFO DRT-0182] Complete track assignment.
[INFO DRT-0267] cpu time = 00:00:19, elapsed time = 00:00:12, memory = 785.36 (MB), peak = 784.37 (MB)
[INFO DRT-0187] Start routing data preparation.
[INFO DRT-0267] cpu time = 00:00:00, elapsed time = 00:00:00, memory = 817.71 (MB), peak = 816.74 (MB)
[INFO DRT-0194] Start detail routing.
[INFO DRT-0195] Start 0th optimization iteration.
    Completing 10% with 0 violations.
    elapsed time = 00:00:30, memory = 1411.78 (MB).
    Completing 20% with 0 violations.
    elapsed time = 00:00:44, memory = 1726.70 (MB).
    Completing 30% with 7903 violations.
    elapsed time = 00:01:21, memory = 1964.12 (MB).
    Completing 40% with 7903 violations.
    elapsed time = 00:01:48, memory = 1898.39 (MB).
    Completing 50% with 7903 violations.
    elapsed time = 00:02:13, memory = 1980.35 (MB).
    Completing 60% with 15024 violations.
    elapsed time = 00:02:56, memory = 2021.07 (MB).
    Completing 70% with 15024 violations.
    elapsed time = 00:03:29, memory = 2024.23 (MB).
    Completing 80% with 22557 violations.
    elapsed time = 00:04:20, memory = 2279.75 (MB).
    Completing 90% with 22557 violations.
    elapsed time = 00:04:53, memory = 2207.20 (MB).
    Completing 100% with 30172 violations.
    elapsed time = 00:05:42, memory = 1993.57 (MB).
[INFO DRT-0199]   Number of violations = 33285.
Viol/Layer         li1   mcon   met1    via   met2   met3   via3   met4   via4   met5
Cut Spacing          0     68      0      1      0      0      0      0      2      0
Metal Spacing        0      0   3280      0   1331    370      0     53      0     14
Min Hole             0      0     27      0      0      0      0      0      0      0
NS Metal             0      0      1      0      0      0      0      0      0      0
Recheck             12      0   1792      0    865    166      0    235      0     43
Short                0      7  20271     55   4073    400      3    177      5     34
[INFO DRT-0267] cpu time = 00:32:58, elapsed time = 00:05:43, memory = 2251.12 (MB), peak = 2494.22 (MB)
Total wire length = 1511523 um.
Total wire length on LAYER li1 = 0 um.
Total wire length on LAYER met1 = 528646 um.
Total wire length on LAYER met2 = 550908 um.
Total wire length on LAYER met3 = 233116 um.
Total wire length on LAYER met4 = 192598 um.
Total wire length on LAYER met5 = 6253 um.
Total number of vias = 168496.
Up-via summary (total 168496):

-------------------------
 FR_MASTERSLICE         0
            li1     64475
           met1     91214
           met2      8766
           met3      3881
           met4       160
-------------------------
               168496


[INFO DRT-0195] Start 1st optimization iteration.
    Completing 10% with 33285 violations.
    elapsed time = 00:00:26, memory = 2352.91 (MB).
    Completing 20% with 33285 violations.
    elapsed time = 00:00:51, memory = 2396.24 (MB).
    Completing 30% with 30810 violations.
    elapsed time = 00:01:11, memory = 2426.95 (MB).
    Completing 40% with 30810 violations.
    elapsed time = 00:01:40, memory = 2586.70 (MB).
    Completing 50% with 30810 violations.
    elapsed time = 00:02:13, memory = 2507.07 (MB).
    Completing 60% with 28734 violations.
    elapsed time = 00:02:48, memory = 2360.66 (MB).
    Completing 70% with 28734 violations.
    elapsed time = 00:03:13, memory = 2368.32 (MB).
    Completing 80% with 25732 violations.
    elapsed time = 00:03:50, memory = 2554.22 (MB).
    Completing 90% with 25732 violations.
    elapsed time = 00:04:23, memory = 2514.84 (MB).
    Completing 100% with 22439 violations.
    elapsed time = 00:05:05, memory = 2292.23 (MB).
[INFO DRT-0199]   Number of violations = 22445.
Viol/Layer        mcon   met1    via   met2   met3   met4
Cut Spacing         93      0      1      0      0      0
Metal Spacing        0   2931      0    643    264      8
Min Hole             0      1      0      2      0      0
Recheck              0      3      0      3      0      0
Short                0  16152      4   2154    123     63
[INFO DRT-0267] cpu time = 00:29:35, elapsed time = 00:05:07, memory = 2298.23 (MB), peak = 2671.93 (MB)
Total wire length = 1503984 um.
Total wire length on LAYER li1 = 0 um.
Total wire length on LAYER met1 = 523617 um.
Total wire length on LAYER met2 = 547690 um.
Total wire length on LAYER met3 = 234394 um.
Total wire length on LAYER met4 = 192307 um.
Total wire length on LAYER met5 = 5975 um.
Total number of vias = 167155.
Up-via summary (total 167155):

-------------------------
 FR_MASTERSLICE         0
            li1     64494
           met1     89657
           met2      8993
           met3      3873
           met4       138
-------------------------
               167155


[INFO DRT-0195] Start 2nd optimization iteration.
    Completing 10% with 22445 violations.
    elapsed time = 00:00:20, memory = 2452.88 (MB).
    Completing 20% with 22445 violations.
    elapsed time = 00:00:43, memory = 2485.08 (MB).
    Completing 30% with 21913 violations.
    elapsed time = 00:01:17, memory = 2519.45 (MB).
    Completing 40% with 21913 violations.
    elapsed time = 00:01:44, memory = 2521.50 (MB).
    Completing 50% with 21913 violations.
    elapsed time = 00:02:11, memory = 2456.54 (MB).
    Completing 60% with 21630 violations.
    elapsed time = 00:02:36, memory = 2447.80 (MB).
    Completing 70% with 21630 violations.
    elapsed time = 00:02:56, memory = 2445.84 (MB).
    Completing 80% with 21030 violations.
    elapsed time = 00:03:39, memory = 2569.01 (MB).
    Completing 90% with 21030 violations.
    elapsed time = 00:04:15, memory = 2540.59 (MB).
    Completing 100% with 20591 violations.
    elapsed time = 00:04:46, memory = 2304.23 (MB).
[INFO DRT-0199]   Number of violations = 20591.
Viol/Layer        mcon   met1    via   met2   met3   met4
Cut Spacing         95      0      1      0      0      0
Metal Spacing        0   2606      0    603    249      7
Min Hole             0      2      0      0      0      0
Short                0  15059      3   1808    104     54
[INFO DRT-0267] cpu time = 00:29:00, elapsed time = 00:04:46, memory = 2313.23 (MB), peak = 2755.38 (MB)
Total wire length = 1501358 um.
Total wire length on LAYER li1 = 0 um.
Total wire length on LAYER met1 = 522458 um.
Total wire length on LAYER met2 = 546668 um.
Total wire length on LAYER met3 = 234254 um.
Total wire length on LAYER met4 = 192023 um.
Total wire length on LAYER met5 = 5954 um.
Total number of vias = 166253.
Up-via summary (total 166253):

-------------------------
 FR_MASTERSLICE         0
            li1     64467
           met1     88973
           met2      8863
           met3      3812
           met4       138
-------------------------
               166253


[INFO DRT-0195] Start 3rd optimization iteration.
    Completing 10% with 20591 violations.
    elapsed time = 00:00:22, memory = 2465.96 (MB).
    Completing 20% with 20591 violations.
    elapsed time = 00:01:08, memory = 2505.44 (MB).
    Completing 30% with 16748 violations.
    elapsed time = 00:01:38, memory = 2499.82 (MB).
    Completing 40% with 16748 violations.
    elapsed time = 00:02:17, memory = 2469.46 (MB).
    Completing 50% with 16748 violations.
    elapsed time = 00:02:43, memory = 2556.72 (MB).
    Completing 60% with 12442 violations.
    elapsed time = 00:03:07, memory = 2498.40 (MB).
    Completing 70% with 12442 violations.
    elapsed time = 00:03:42, memory = 2565.80 (MB).
    Completing 80% with 8162 violations.
    elapsed time = 00:04:26, memory = 2599.73 (MB).
    Completing 90% with 8162 violations.
    elapsed time = 00:05:11, memory = 2538.79 (MB).
    Completing 100% with 4066 violations.
    elapsed time = 00:05:58, memory = 2392.01 (MB).
[INFO DRT-0199]   Number of violations = 4073.
Viol/Layer        mcon   met1    via   met2   via2   met3   met4
Cut Spacing          9      0      3      0      0      0      0
Metal Spacing        0   1122      0    273      0     31      1
Min Hole             0      2      0      0      0      0      0
Recheck              0      6      0      1      0      0      0
Short                0   2070      1    495      1     53      5
[INFO DRT-0267] cpu time = 00:37:15, elapsed time = 00:05:59, memory = 2392.01 (MB), peak = 2769.10 (MB)
Total wire length = 1500660 um.
Total wire length on LAYER li1 = 0 um.
Total wire length on LAYER met1 = 474849 um.
Total wire length on LAYER met2 = 542394 um.
Total wire length on LAYER met3 = 278112 um.
Total wire length on LAYER met4 = 199450 um.
Total wire length on LAYER met5 = 5853 um.
Total number of vias = 176595.
Up-via summary (total 176595):

-------------------------
 FR_MASTERSLICE         0
            li1     64481
           met1     91882
           met2     15595
           met3      4517
           met4       120
-------------------------
               176595


[INFO DRT-0195] Start 4th optimization iteration.
    Completing 10% with 4073 violations.
    elapsed time = 00:00:05, memory = 2574.83 (MB).
    Completing 20% with 4073 violations.
    elapsed time = 00:00:15, memory = 2566.00 (MB).
    Completing 30% with 2961 violations.
    elapsed time = 00:00:31, memory = 2392.84 (MB).
    Completing 40% with 2961 violations.
    elapsed time = 00:00:38, memory = 2657.27 (MB).
    Completing 50% with 2961 violations.
    elapsed time = 00:00:49, memory = 2587.10 (MB).
    Completing 60% with 2068 violations.
    elapsed time = 00:01:02, memory = 2505.22 (MB).
    Completing 70% with 2068 violations.
    elapsed time = 00:01:07, memory = 2599.39 (MB).
    Completing 80% with 1083 violations.
    elapsed time = 00:01:17, memory = 2572.69 (MB).
    Completing 90% with 1083 violations.
    elapsed time = 00:01:22, memory = 2582.12 (MB).
    Completing 100% with 195 violations.
    elapsed time = 00:01:29, memory = 2393.68 (MB).
[INFO DRT-0199]   Number of violations = 195.
Viol/Layer        mcon   met1    via   met2
Cut Spacing          1      0      1      0
Metal Spacing        0     64      0      8
Short                0    108      0     13
[INFO DRT-0267] cpu time = 00:08:09, elapsed time = 00:01:30, memory = 2367.35 (MB), peak = 2776.52 (MB)
Total wire length = 1500151 um.
Total wire length on LAYER li1 = 0 um.
Total wire length on LAYER met1 = 471611 um.
Total wire length on LAYER met2 = 541468 um.
Total wire length on LAYER met3 = 280673 um.
Total wire length on LAYER met4 = 200555 um.
Total wire length on LAYER met5 = 5844 um.
Total number of vias = 176812.
Up-via summary (total 176812):

-------------------------
 FR_MASTERSLICE         0
            li1     64490
           met1     91715
           met2     15899
           met3      4590
           met4       118
-------------------------
               176812


[INFO DRT-0195] Start 5th optimization iteration.
    Completing 10% with 195 violations.
    elapsed time = 00:00:00, memory = 2367.35 (MB).
    Completing 20% with 195 violations.
    elapsed time = 00:00:00, memory = 2367.35 (MB).
    Completing 30% with 160 violations.
    elapsed time = 00:00:02, memory = 2367.35 (MB).
    Completing 40% with 160 violations.
    elapsed time = 00:00:02, memory = 2367.35 (MB).
    Completing 50% with 160 violations.
    elapsed time = 00:00:02, memory = 2367.35 (MB).
    Completing 60% with 111 violations.
    elapsed time = 00:00:08, memory = 2367.35 (MB).
    Completing 70% with 111 violations.
    elapsed time = 00:00:08, memory = 2367.35 (MB).
    Completing 80% with 54 violations.
    elapsed time = 00:00:20, memory = 2367.35 (MB).
    Completing 90% with 54 violations.
    elapsed time = 00:00:20, memory = 2367.35 (MB).
    Completing 100% with 12 violations.
    elapsed time = 00:00:28, memory = 2367.35 (MB).
[INFO DRT-0199]   Number of violations = 12.
Viol/Layer        met1   met2
Metal Spacing        7      2
Short                3      0
[INFO DRT-0267] cpu time = 00:01:19, elapsed time = 00:00:29, memory = 2367.57 (MB), peak = 2776.52 (MB)
Total wire length = 1500134 um.
Total wire length on LAYER li1 = 0 um.
Total wire length on LAYER met1 = 471479 um.
Total wire length on LAYER met2 = 541329 um.
Total wire length on LAYER met3 = 280809 um.
Total wire length on LAYER met4 = 200672 um.
Total wire length on LAYER met5 = 5844 um.
Total number of vias = 176797.
Up-via summary (total 176797):

-------------------------
 FR_MASTERSLICE         0
            li1     64492
           met1     91668
           met2     15916
           met3      4603
           met4       118
-------------------------
               176797


[INFO DRT-0195] Start 6th guides tiles iteration.
    Completing 10% with 12 violations.
    elapsed time = 00:00:00, memory = 2367.57 (MB).
    Completing 20% with 12 violations.
    elapsed time = 00:00:00, memory = 2367.57 (MB).
    Completing 30% with 12 violations.
    elapsed time = 00:00:00, memory = 2367.57 (MB).
    Completing 40% with 12 violations.
    elapsed time = 00:00:00, memory = 2367.57 (MB).
    Completing 50% with 12 violations.
    elapsed time = 00:00:00, memory = 2367.57 (MB).
    Completing 60% with 12 violations.
    elapsed time = 00:00:00, memory = 2367.57 (MB).
    Completing 70% with 1 violations.
    elapsed time = 00:00:00, memory = 2367.57 (MB).
    Completing 80% with 1 violations.
    elapsed time = 00:00:00, memory = 2367.57 (MB).
    Completing 100% with 1 violations.
    elapsed time = 00:00:00, memory = 2367.57 (MB).
[INFO DRT-0199]   Number of violations = 1.
Viol/Layer        met1
Short                1
[INFO DRT-0267] cpu time = 00:00:02, elapsed time = 00:00:01, memory = 2367.57 (MB), peak = 2776.52 (MB)
Total wire length = 1500145 um.
Total wire length on LAYER li1 = 0 um.
Total wire length on LAYER met1 = 471479 um.
Total wire length on LAYER met2 = 541325 um.
Total wire length on LAYER met3 = 280823 um.
Total wire length on LAYER met4 = 200672 um.
Total wire length on LAYER met5 = 5844 um.
Total number of vias = 176807.
Up-via summary (total 176807):

-------------------------
 FR_MASTERSLICE         0
            li1     64492
           met1     91673
           met2     15921
           met3      4603
           met4       118
-------------------------
               176807


[INFO DRT-0195] Start 7th guides tiles iteration.
    Completing 100% with 1 violations.
    elapsed time = 00:00:00, memory = 2367.57 (MB).
[INFO DRT-0199]   Number of violations = 1.
Viol/Layer        met1
Short                1
[INFO DRT-0267] cpu time = 00:00:00, elapsed time = 00:00:00, memory = 2367.57 (MB), peak = 2776.52 (MB)
Total wire length = 1500145 um.
Total wire length on LAYER li1 = 0 um.
Total wire length on LAYER met1 = 471479 um.
Total wire length on LAYER met2 = 541325 um.
Total wire length on LAYER met3 = 280823 um.
Total wire length on LAYER met4 = 200672 um.
Total wire length on LAYER met5 = 5844 um.
Total number of vias = 176807.
Up-via summary (total 176807):

-------------------------
 FR_MASTERSLICE         0
            li1     64492
           met1     91673
           met2     15921
           met3      4603
           met4       118
-------------------------
               176807


[INFO DRT-0195] Start 8th stubborn tiles iteration.
    Completing 10% with 1 violations.
    elapsed time = 00:00:02, memory = 2670.47 (MB).
    Completing 20% with 1 violations.
    elapsed time = 00:00:02, memory = 2704.95 (MB).
    Completing 30% with 1 violations.
    elapsed time = 00:00:05, memory = 2684.00 (MB).
    Completing 40% with 1 violations.
    elapsed time = 00:00:05, memory = 2619.82 (MB).
    Completing 50% with 1 violations.
    elapsed time = 00:00:07, memory = 2477.08 (MB).
    Completing 60% with 1 violations.
    elapsed time = 00:00:07, memory = 2442.38 (MB).
    Completing 70% with 1 violations.
    elapsed time = 00:00:09, memory = 2574.38 (MB).
    Completing 80% with 1 violations.
    elapsed time = 00:00:09, memory = 2641.20 (MB).
    Completing 90% with 1 violations.
    elapsed time = 00:00:10, memory = 2506.75 (MB).
    Completing 100% with 1 violations.
    elapsed time = 00:00:22, memory = 2367.89 (MB).
[INFO DRT-0199]   Number of violations = 1.
Viol/Layer        met1
Short                1
[INFO DRT-0267] cpu time = 00:01:14, elapsed time = 00:00:23, memory = 2367.89 (MB), peak = 2776.52 (MB)
Total wire length = 1500145 um.
Total wire length on LAYER li1 = 0 um.
Total wire length on LAYER met1 = 471479 um.
Total wire length on LAYER met2 = 541325 um.
Total wire length on LAYER met3 = 280823 um.
Total wire length on LAYER met4 = 200672 um.
Total wire length on LAYER met5 = 5844 um.
Total number of vias = 176807.
Up-via summary (total 176807):

-------------------------
 FR_MASTERSLICE         0
            li1     64492
           met1     91673
           met2     15921
           met3      4603
           met4       118
-------------------------
               176807


[INFO DRT-0200] Skipping iteration 9
[INFO DRT-0195] Start 10th guides tiles iteration.
    Completing 100% with 1 violations.
    elapsed time = 00:00:00, memory = 2367.89 (MB).
[INFO DRT-0199]   Number of violations = 1.
Viol/Layer        met1
Short                1
[INFO DRT-0267] cpu time = 00:00:00, elapsed time = 00:00:00, memory = 2367.89 (MB), peak = 2776.52 (MB)
Total wire length = 1500144 um.
Total wire length on LAYER li1 = 0 um.
Total wire length on LAYER met1 = 471478 um.
Total wire length on LAYER met2 = 541325 um.
Total wire length on LAYER met3 = 280823 um.
Total wire length on LAYER met4 = 200672 um.
Total wire length on LAYER met5 = 5844 um.
Total number of vias = 176807.
Up-via summary (total 176807):

-------------------------
 FR_MASTERSLICE         0
            li1     64492
           met1     91673
           met2     15921
           met3      4603
           met4       118
-------------------------
               176807


[INFO DRT-0195] Start 11th stubborn tiles iteration.
    Completing 10% with 1 violations.
    elapsed time = 00:00:02, memory = 2674.72 (MB).
    Completing 20% with 1 violations.
    elapsed time = 00:00:02, memory = 2701.95 (MB).
    Completing 30% with 1 violations.
    elapsed time = 00:00:04, memory = 2738.50 (MB).
    Completing 40% with 1 violations.
    elapsed time = 00:00:05, memory = 2626.54 (MB).
    Completing 50% with 1 violations.
    elapsed time = 00:00:05, memory = 2472.00 (MB).
    Completing 60% with 1 violations.
    elapsed time = 00:00:07, memory = 2435.53 (MB).
    Completing 70% with 1 violations.
    elapsed time = 00:00:07, memory = 2528.74 (MB).
    Completing 80% with 1 violations.
    elapsed time = 00:00:08, memory = 2672.24 (MB).
    Completing 90% with 1 violations.
    elapsed time = 00:00:10, memory = 2503.16 (MB).
    Completing 100% with 1 violations.
    elapsed time = 00:00:11, memory = 2367.89 (MB).
[INFO DRT-0199]   Number of violations = 1.
Viol/Layer        met1
Short                1
[INFO DRT-0267] cpu time = 00:00:57, elapsed time = 00:00:11, memory = 2367.89 (MB), peak = 2782.35 (MB)
Total wire length = 1500145 um.
Total wire length on LAYER li1 = 0 um.
Total wire length on LAYER met1 = 471479 um.
Total wire length on LAYER met2 = 541325 um.
Total wire length on LAYER met3 = 280823 um.
Total wire length on LAYER met4 = 200672 um.
Total wire length on LAYER met5 = 5844 um.
Total number of vias = 176807.
Up-via summary (total 176807):

-------------------------
 FR_MASTERSLICE         0
            li1     64492
           met1     91673
           met2     15921
           met3      4603
           met4       118
-------------------------
               176807


[INFO DRT-0200] Skipping iteration 12
[INFO DRT-0200] Skipping iteration 13
[INFO DRT-0200] Skipping iteration 14
[INFO DRT-0195] Start 15th guides tiles iteration.
    Completing 100% with 0 violations.
    elapsed time = 00:00:00, memory = 2367.89 (MB).
[INFO DRT-0199]   Number of violations = 0.
[INFO DRT-0267] cpu time = 00:00:00, elapsed time = 00:00:00, memory = 2367.89 (MB), peak = 2782.35 (MB)
Total wire length = 1500152 um.
Total wire length on LAYER li1 = 0 um.
Total wire length on LAYER met1 = 471478 um.
Total wire length on LAYER met2 = 541328 um.
Total wire length on LAYER met3 = 280825 um.
Total wire length on LAYER met4 = 200676 um.
Total wire length on LAYER met5 = 5844 um.
Total number of vias = 176813.
Up-via summary (total 176813):

-------------------------
 FR_MASTERSLICE         0
            li1     64492
           met1     91675
           met2     15923
           met3      4605
           met4       118
-------------------------
               176813


[INFO DRT-0198] Complete detail routing.
Total wire length = 1500152 um.
Total wire length on LAYER li1 = 0 um.
Total wire length on LAYER met1 = 471478 um.
Total wire length on LAYER met2 = 541328 um.
Total wire length on LAYER met3 = 280825 um.
Total wire length on LAYER met4 = 200676 um.
Total wire length on LAYER met5 = 5844 um.
Total number of vias = 176813.
Up-via summary (total 176813):

-------------------------
 FR_MASTERSLICE         0
            li1     64492
           met1     91675
           met2     15923
           met3      4605
           met4       118
-------------------------
               176813


[INFO DRT-0267] cpu time = 02:20:37, elapsed time = 00:24:16, memory = 2367.96 (MB), peak = 2782.35 (MB)

[INFO DRT-0180] Post processing.
[INFO DRT-0501] Runtime: 1488.42s
Took 1533 seconds: detailed_route -output_drc /root/cac_runs/keccak_r1_7ns/reports/sky130hd/cac_keccak_r1_7ns/base/5_route_drc.rpt -output_maze /root/cac_runs/keccak_r1_7ns/results/sky130hd/cac_keccak_r1_7ns/base/maze.log -droute_end_iter 64 -verbose 1 -drc_report_iter_step 5
[INFO GRT-0012] Found 90 antenna violations.
[INFO DPL-0006] Core area: 464820.80 um^2
[INFO DPL-0007] Movable instances area: 7.51 um^2
[INFO DPL-0008] Fixed instances area within core: 237779.30 um^2
[INFO DPL-0009] Utilization: 51.2%
[INFO DPL-0005] Diamond search max displacement: +/- 500 sites horizontally, +/- 100 rows vertically.
[INFO DPL-1102] Legalizing using negotiation legalizer.
[INFO DPL-1103] Negotiation base search window: +/-20 sites horizontally, +/-5 rows vertically 
	Automatic search window extension enabled.
	Search window extendable up to the max displacement cap of +/-500 sites, +/-100 rows near walls.
[INFO DPL-1104] NegotiationLegalizer DRC penalty: 5.
[INFO DPL-0392] Negotiation cell height distribution (1 unique row-count(s)):
[INFO DPL-0393]   height 1 row(s): 24792 cells
          |      Total |  Illegal |  Illegal
Iteration | Violations |    Cells |    Sites
---------------------------------------------
        0 |          0 |         0 |         0
Negotiation phase 1 converged at iteration 0.
[INFO DPL-0500] Runtime: 0.17s
[INFO GRT-0015] Inserted 226 diodes.
[WARNING DRT-0120] Large net net1421 has 168 pins which may impact routing performance. Consider optimization.
[WARNING DRT-0120] Large net net1423 has 183 pins which may impact routing performance. Consider optimization.
[WARNING DRT-0120] Large net net1357 has 142 pins which may impact routing performance. Consider optimization.
[WARNING DRT-0120] Large net net1373 has 131 pins which may impact routing performance. Consider optimization.
[WARNING DRT-0120] Large net net1328 has 133 pins which may impact routing performance. Consider optimization.
[WARNING DRT-0120] Large net net1340 has 153 pins which may impact routing performance. Consider optimization.
[WARNING DRT-0120] Large net net1347 has 140 pins which may impact routing performance. Consider optimization.
[WARNING DRT-0120] Large net net1440 has 175 pins which may impact routing performance. Consider optimization.
[WARNING DRT-0120] Large net net1353 has 137 pins which may impact routing performance. Consider optimization.
[WARNING DRT-0120] Large net net1324 has 101 pins which may impact routing performance. Consider optimization.
[WARNING DRT-0120] Large net net1312 has 132 pins which may impact routing performance. Consider optimization.
[WARNING DRT-0120] Large net net1309 has 138 pins which may impact routing performance. Consider optimization.
[WARNING DRT-0120] Large net net1302 has 137 pins which may impact routing performance. Consider optimization.
[WARNING DRT-0120] Large net net71 has 179 pins which may impact routing performance. Consider optimization.
[INFO DRT-0024]   Complete FR_MASTERSLICE.
[INFO DRT-0024]   Complete Fr_VIA.
[INFO DRT-0024]   Complete li1.
[INFO DRT-0024]   Complete mcon.
[INFO DRT-0024]   Complete met1.
[INFO DRT-0024]   Complete via.
[INFO DRT-0024]   Complete met2.
[INFO DRT-0024]   Complete via2.
[INFO DRT-0024]   Complete met3.
[INFO DRT-0024]   Complete via3.
[INFO DRT-0024]   Complete met4.
[INFO DRT-0024]   Complete via4.
[INFO DRT-0024]   Complete met5.
[INFO DRT-0165] Start pin access.
[INFO DRT-0076]   Complete 1000 pins.
[INFO DRT-0078]   Complete 1079 pins.
[INFO DRT-0079]   Complete 100 unique inst patterns.
[INFO DRT-0081]   Complete 143 unique inst patterns.
[INFO DRT-0082]   Complete 10000 groups.
[INFO DRT-0084]   Complete 13739 groups.
#scanned instances     = 24792
#unique  instances     = 143
#stdCellGenAp          = 4089
#stdCellValidPlanarAp  = 74
#stdCellValidViaAp     = 3031
#stdCellPinNoAp        = 0
#stdCellPinCnt         = 67398
#instTermValidViaApCnt = 0
#macroGenAp            = 0
#macroValidPlanarAp    = 0
#macroValidViaAp       = 0
#macroNoAp             = 0
[INFO DRT-0166] Complete pin access.
[INFO DRT-0267] cpu time = 00:08:17, elapsed time = 00:01:25, memory = 2150.02 (MB), peak = 2782.35 (MB)
[INFO DRT-0156] guideIn read 100000 guides.

[INFO DRT-0157] Number of guides:     180013

[INFO DRT-0169] Post process guides.
[INFO DRT-0176] GCELLGRID X 0 DO 99 STEP 6900 ;
[INFO DRT-0177] GCELLGRID Y 0 DO 99 STEP 6900 ;
[INFO DRT-0026]   Complete 100000 origin guides.
[INFO DRT-0028]   Complete FR_MASTERSLICE.
[INFO DRT-0028]   Complete Fr_VIA.
[INFO DRT-0028]   Complete li1.
[INFO DRT-0028]   Complete mcon.
[INFO DRT-0028]   Complete met1.
[INFO DRT-0028]   Complete via.
[INFO DRT-0028]   Complete met2.
[INFO DRT-0028]   Complete via2.
[INFO DRT-0028]   Complete met3.
[INFO DRT-0028]   Complete via3.
[INFO DRT-0028]   Complete met4.
[INFO DRT-0028]   Complete via4.
[INFO DRT-0028]   Complete met5.
[INFO DRT-0178] Init guide query.
[INFO DRT-0035]   Complete FR_MASTERSLICE (guide).
[INFO DRT-0035]   Complete Fr_VIA (guide).
[INFO DRT-0035]   Complete li1 (guide).
[INFO DRT-0035]   Complete mcon (guide).
[INFO DRT-0035]   Complete met1 (guide).
[INFO DRT-0035]   Complete via (guide).
[INFO DRT-0035]   Complete met2 (guide).
[INFO DRT-0035]   Complete via2 (guide).
[INFO DRT-0035]   Complete met3 (guide).
[INFO DRT-0035]   Complete via3 (guide).
[INFO DRT-0035]   Complete met4 (guide).
[INFO DRT-0035]   Complete via4 (guide).
[INFO DRT-0035]   Complete met5 (guide).
[INFO DRT-0036] FR_MASTERSLICE guide region query size = 0.
[INFO DRT-0036] FR_VIA guide region query size = 0.
[INFO DRT-0036] li1 guide region query size = 54612.
[INFO DRT-0036] mcon guide region query size = 0.
[INFO DRT-0036] met1 guide region query size = 52077.
[INFO DRT-0036] via guide region query size = 0.
[INFO DRT-0036] met2 guide region query size = 28959.
[INFO DRT-0036] via2 guide region query size = 0.
[INFO DRT-0036] met3 guide region query size = 3969.
[INFO DRT-0036] via3 guide region query size = 0.
[INFO DRT-0036] met4 guide region query size = 1882.
[INFO DRT-0036] via4 guide region query size = 0.
[INFO DRT-0036] met5 guide region query size = 77.
[INFO DRT-0179] Init gr pin query.
[INFO DRT-0267] cpu time = 00:00:01, elapsed time = 00:00:00, memory = 2150.02 (MB), peak = 2782.35 (MB)
[INFO DRT-0245] skipped writing guide updates to database.
[INFO DRT-0181] Start track assignment.
[INFO DRT-0184] Done with 85453 vertical wires in 2 frboxes and 56123 horizontal wires in 2 frboxes.
[INFO DRT-0186] Done with 13822 vertical wires in 2 frboxes and 23591 horizontal wires in 2 frboxes.
[INFO DRT-0182] Complete track assignment.
[INFO DRT-0267] cpu time = 00:00:19, elapsed time = 00:00:11, memory = 2150.02 (MB), peak = 2782.35 (MB)
[INFO DRT-0187] Start routing data preparation.
[INFO DRT-0267] cpu time = 00:00:00, elapsed time = 00:00:00, memory = 2150.02 (MB), peak = 2782.35 (MB)
[INFO DRT-0194] Start detail routing.
[INFO DRT-0195] Start 0th optimization iteration.
    Completing 10% with 0 violations.
    elapsed time = 00:00:12, memory = 2222.39 (MB).
    Completing 20% with 0 violations.
    elapsed time = 00:00:23, memory = 2382.58 (MB).
    Completing 30% with 5460 violations.
    elapsed time = 00:00:34, memory = 2450.27 (MB).
    Completing 40% with 5460 violations.
    elapsed time = 00:00:45, memory = 2456.50 (MB).
    Completing 50% with 5460 violations.
    elapsed time = 00:00:55, memory = 2497.00 (MB).
    Completing 60% with 10387 violations.
    elapsed time = 00:01:17, memory = 2416.03 (MB).
    Completing 70% with 10387 violations.
    elapsed time = 00:01:29, memory = 2451.66 (MB).
    Completing 80% with 15451 violations.
    elapsed time = 00:01:49, memory = 2472.78 (MB).
    Completing 90% with 15451 violations.
    elapsed time = 00:02:07, memory = 2490.78 (MB).
    Completing 100% with 19929 violations.
    elapsed time = 00:02:29, memory = 2268.61 (MB).
[INFO DRT-0199]   Number of violations = 21336.
Viol/Layer         li1   mcon   met1    via   met2   met3   met4
Cut Spacing          0      5      0      2      0      0      0
Metal Spacing        0      0    863      0    938     39      3
Min Hole             0      0      7      0      1      0      0
Recheck              1      0    780      0    551     61     14
Short                0      0  11765     14   6116    152     24
[INFO DRT-0267] cpu time = 00:13:31, elapsed time = 00:02:30, memory = 2383.98 (MB), peak = 2782.35 (MB)
Total wire length = 1506519 um.
Total wire length on LAYER li1 = 0 um.
Total wire length on LAYER met1 = 506605 um.
Total wire length on LAYER met2 = 560184 um.
Total wire length on LAYER met3 = 249577 um.
Total wire length on LAYER met4 = 184358 um.
Total wire length on LAYER met5 = 5794 um.
Total number of vias = 176610.
Up-via summary (total 176610):

-------------------------
 FR_MASTERSLICE         0
            li1     64815
           met1     92735
           met2     14791
           met3      4155
           met4       114
-------------------------
               176610


[INFO DRT-0195] Start 1st optimization iteration.
    Completing 10% with 21336 violations.
    elapsed time = 00:00:09, memory = 2522.66 (MB).
    Completing 20% with 21336 violations.
    elapsed time = 00:00:18, memory = 2599.10 (MB).
    Completing 30% with 19536 violations.
    elapsed time = 00:00:40, memory = 2448.64 (MB).
    Completing 40% with 19536 violations.
    elapsed time = 00:00:48, memory = 2677.71 (MB).
    Completing 50% with 19536 violations.
    elapsed time = 00:00:56, memory = 2566.68 (MB).
    Completing 60% with 17827 violations.
    elapsed time = 00:01:07, memory = 2566.04 (MB).
    Completing 70% with 17827 violations.
    elapsed time = 00:01:12, memory = 2595.80 (MB).
    Completing 80% with 16186 violations.
    elapsed time = 00:01:21, memory = 2709.50 (MB).
    Completing 90% with 16186 violations.
    elapsed time = 00:01:26, memory = 2737.57 (MB).
    Completing 100% with 14266 violations.
    elapsed time = 00:01:41, memory = 2502.62 (MB).
[INFO DRT-0199]   Number of violations = 14271.
Viol/Layer        mcon   met1    via   met2   met3
Cut Spacing          2      0      0      0      0
Metal Spacing        0    806      0    871     13
Recheck              0      4      0      1      0
Short                0   9203      4   3342     25
[INFO DRT-0267] cpu time = 00:10:08, elapsed time = 00:01:41, memory = 2502.62 (MB), peak = 2878.03 (MB)
Total wire length = 1504462 um.
Total wire length on LAYER li1 = 0 um.
Total wire length on LAYER met1 = 504858 um.
Total wire length on LAYER met2 = 559063 um.
Total wire length on LAYER met3 = 250246 um.
Total wire length on LAYER met4 = 184503 um.
Total wire length on LAYER met5 = 5789 um.
Total number of vias = 176298.
Up-via summary (total 176298):

-------------------------
 FR_MASTERSLICE         0
            li1     64809
           met1     92365
           met2     14840
           met3      4170
           met4       114
-------------------------
               176298


[INFO DRT-0195] Start 2nd optimization iteration.
    Completing 10% with 14271 violations.
    elapsed time = 00:00:09, memory = 2726.80 (MB).
    Completing 20% with 14271 violations.
    elapsed time = 00:00:17, memory = 2735.92 (MB).
    Completing 30% with 14345 violations.
    elapsed time = 00:00:31, memory = 2797.17 (MB).
    Completing 40% with 14345 violations.
    elapsed time = 00:00:40, memory = 2762.16 (MB).
    Completing 50% with 14345 violations.
    elapsed time = 00:00:47, memory = 2771.74 (MB).
    Completing 60% with 14067 violations.
    elapsed time = 00:01:02, memory = 2650.89 (MB).
    Completing 70% with 14067 violations.
    elapsed time = 00:01:10, memory = 2723.05 (MB).
    Completing 80% with 13946 violations.
    elapsed time = 00:01:25, memory = 2729.90 (MB).
    Completing 90% with 13946 violations.
    elapsed time = 00:01:38, memory = 2698.75 (MB).
    Completing 100% with 13847 violations.
    elapsed time = 00:01:51, memory = 2514.14 (MB).
[INFO DRT-0199]   Number of violations = 13847.
Viol/Layer        mcon   met1    via   met2   met3
Cut Spacing          6      0      0      0      0
Metal Spacing        0    803      0    876     11
Short                0   8908      2   3224     17
[INFO DRT-0267] cpu time = 00:09:36, elapsed time = 00:01:52, memory = 2480.11 (MB), peak = 2906.86 (MB)
Total wire length = 1504045 um.
Total wire length on LAYER li1 = 0 um.
Total wire length on LAYER met1 = 504502 um.
Total wire length on LAYER met2 = 558727 um.
Total wire length on LAYER met3 = 250316 um.
Total wire length on LAYER met4 = 184702 um.
Total wire length on LAYER met5 = 5796 um.
Total number of vias = 176172.
Up-via summary (total 176172):

-------------------------
 FR_MASTERSLICE         0
            li1     64806
           met1     92273
           met2     14801
           met3      4178
           met4       114
-------------------------
               176172


[INFO DRT-0195] Start 3rd optimization iteration.
    Completing 10% with 13847 violations.
    elapsed time = 00:00:28, memory = 2673.38 (MB).
    Completing 20% with 13847 violations.
    elapsed time = 00:00:56, memory = 2717.41 (MB).
    Completing 30% with 10903 violations.
    elapsed time = 00:01:23, memory = 2751.31 (MB).
    Completing 40% with 10903 violations.
    elapsed time = 00:01:39, memory = 2784.71 (MB).
    Completing 50% with 10903 violations.
    elapsed time = 00:02:00, memory = 2717.42 (MB).
    Completing 60% with 8388 violations.
    elapsed time = 00:02:43, memory = 2712.20 (MB).
    Completing 70% with 8388 violations.
    elapsed time = 00:03:00, memory = 2687.99 (MB).
    Completing 80% with 4998 violations.
    elapsed time = 00:03:32, memory = 2743.11 (MB).
    Completing 90% with 4998 violations.
    elapsed time = 00:04:14, memory = 2712.68 (MB).
    Completing 100% with 2230 violations.
    elapsed time = 00:04:48, memory = 2579.07 (MB).
[INFO DRT-0199]   Number of violations = 2230.
Viol/Layer        mcon   met1    via   met2   met3
Cut Spacing          2      0      9      0      0
Metal Spacing        0    486      0    201     18
Min Hole             0      2      0      1      0
NS Metal             0      3      0      1      0
Short                0   1096      2    405      4
[INFO DRT-0267] cpu time = 00:26:23, elapsed time = 00:04:49, memory = 2579.07 (MB), peak = 2970.86 (MB)
Total wire length = 1504522 um.
Total wire length on LAYER li1 = 0 um.
Total wire length on LAYER met1 = 481095 um.
Total wire length on LAYER met2 = 548000 um.
Total wire length on LAYER met3 = 273666 um.
Total wire length on LAYER met4 = 195998 um.
Total wire length on LAYER met5 = 5762 um.
Total number of vias = 181547.
Up-via summary (total 181547):

-------------------------
 FR_MASTERSLICE         0
            li1     64816
           met1     93840
           met2     17852
           met3      4933
           met4       106
-------------------------
               181547


[INFO DRT-0195] Start 4th optimization iteration.
    Completing 10% with 2230 violations.
    elapsed time = 00:00:02, memory = 2727.32 (MB).
    Completing 20% with 2230 violations.
    elapsed time = 00:00:04, memory = 2787.93 (MB).
    Completing 30% with 1636 violations.
    elapsed time = 00:00:10, memory = 2579.07 (MB).
    Completing 40% with 1636 violations.
    elapsed time = 00:00:15, memory = 2732.39 (MB).
    Completing 50% with 1636 violations.
    elapsed time = 00:00:19, memory = 2811.70 (MB).
    Completing 60% with 1190 violations.
    elapsed time = 00:00:24, memory = 2731.39 (MB).
    Completing 70% with 1190 violations.
    elapsed time = 00:00:26, memory = 2656.35 (MB).
    Completing 80% with 648 violations.
    elapsed time = 00:00:35, memory = 2837.59 (MB).
    Completing 90% with 648 violations.
    elapsed time = 00:00:38, memory = 2807.30 (MB).
    Completing 100% with 83 violations.
    elapsed time = 00:00:54, memory = 2587.21 (MB).
[INFO DRT-0199]   Number of violations = 83.
Viol/Layer        met1   met2
Metal Spacing       26      8
Min Hole             1      0
Short               46      2
[INFO DRT-0267] cpu time = 00:03:56, elapsed time = 00:00:55, memory = 2523.59 (MB), peak = 2970.86 (MB)
Total wire length = 1504202 um.
Total wire length on LAYER li1 = 0 um.
Total wire length on LAYER met1 = 479399 um.
Total wire length on LAYER met2 = 547307 um.
Total wire length on LAYER met3 = 275156 um.
Total wire length on LAYER met4 = 196576 um.
Total wire length on LAYER met5 = 5762 um.
Total number of vias = 181474.
Up-via summary (total 181474):

-------------------------
 FR_MASTERSLICE         0
            li1     64817
           met1     93680
           met2     17917
           met3      4954
           met4       106
-------------------------
               181474


[INFO DRT-0195] Start 5th guides tiles iteration.
    Completing 10% with 83 violations.
    elapsed time = 00:00:00, memory = 2624.61 (MB).
    Completing 20% with 83 violations.
    elapsed time = 00:00:00, memory = 2680.88 (MB).
    Completing 30% with 83 violations.
    elapsed time = 00:00:00, memory = 2718.02 (MB).
    Completing 40% with 83 violations.
    elapsed time = 00:00:01, memory = 2812.20 (MB).
    Completing 50% with 83 violations.
    elapsed time = 00:00:02, memory = 2812.20 (MB).
    Completing 60% with 83 violations.
    elapsed time = 00:00:07, memory = 2523.59 (MB).
    Completing 70% with 42 violations.
    elapsed time = 00:00:08, memory = 2523.59 (MB).
    Completing 80% with 42 violations.
    elapsed time = 00:00:08, memory = 2523.59 (MB).
    Completing 90% with 42 violations.
    elapsed time = 00:00:08, memory = 2523.59 (MB).
    Completing 100% with 2 violations.
    elapsed time = 00:00:10, memory = 2523.59 (MB).
[INFO DRT-0199]   Number of violations = 2.
Viol/Layer        met1
Short                2
[INFO DRT-0267] cpu time = 00:00:18, elapsed time = 00:00:10, memory = 2523.59 (MB), peak = 2970.86 (MB)
Total wire length = 1504171 um.
Total wire length on LAYER li1 = 0 um.
Total wire length on LAYER met1 = 479247 um.
Total wire length on LAYER met2 = 547291 um.
Total wire length on LAYER met3 = 275151 um.
Total wire length on LAYER met4 = 196572 um.
Total wire length on LAYER met5 = 5909 um.
Total number of vias = 181454.
Up-via summary (total 181454):

-------------------------
 FR_MASTERSLICE         0
            li1     64818
           met1     93669
           met2     17907
           met3      4952
           met4       108
-------------------------
               181454


[INFO DRT-0195] Start 6th guides tiles iteration.
    Completing 50% with 2 violations.
    elapsed time = 00:00:01, memory = 2523.59 (MB).
    Completing 100% with 2 violations.
    elapsed time = 00:00:01, memory = 2523.59 (MB).
[INFO DRT-0199]   Number of violations = 2.
Viol/Layer        met1
Short                2
[INFO DRT-0267] cpu time = 00:00:02, elapsed time = 00:00:01, memory = 2523.59 (MB), peak = 2970.86 (MB)
Total wire length = 1504171 um.
Total wire length on LAYER li1 = 0 um.
Total wire length on LAYER met1 = 479247 um.
Total wire length on LAYER met2 = 547291 um.
Total wire length on LAYER met3 = 275151 um.
Total wire length on LAYER met4 = 196572 um.
Total wire length on LAYER met5 = 5909 um.
Total number of vias = 181454.
Up-via summary (total 181454):

-------------------------
 FR_MASTERSLICE         0
            li1     64818
           met1     93669
           met2     17907
           met3      4952
           met4       108
-------------------------
               181454


[INFO DRT-0195] Start 7th stubborn tiles iteration.
    Completing 10% with 2 violations.
    elapsed time = 00:00:07, memory = 2826.87 (MB).
    Completing 20% with 2 violations.
    elapsed time = 00:00:09, memory = 2810.32 (MB).
    Completing 30% with 2 violations.
    elapsed time = 00:00:13, memory = 2834.00 (MB).
    Completing 40% with 2 violations.
    elapsed time = 00:00:17, memory = 2899.25 (MB).
    Completing 50% with 2 violations.
    elapsed time = 00:00:25, memory = 3041.03 (MB).
    Completing 60% with 2 violations.
    elapsed time = 00:00:34, memory = 3210.77 (MB).
    Completing 70% with 2 violations.
    elapsed time = 00:00:43, memory = 3341.86 (MB).
    Completing 80% with 2 violations.
    elapsed time = 00:00:54, memory = 3534.42 (MB).
    Completing 90% with 2 violations.
    elapsed time = 00:01:09, memory = 3640.86 (MB).
    Completing 100% with 0 violations.
    elapsed time = 00:01:49, memory = 3330.62 (MB).
[INFO DRT-0199]   Number of violations = 0.
[INFO DRT-0267] cpu time = 00:08:22, elapsed time = 00:01:49, memory = 3330.62 (MB), peak = 3702.00 (MB)
Total wire length = 1504164 um.
Total wire length on LAYER li1 = 0 um.
Total wire length on LAYER met1 = 479183 um.
Total wire length on LAYER met2 = 547312 um.
Total wire length on LAYER met3 = 275189 um.
Total wire length on LAYER met4 = 196569 um.
Total wire length on LAYER met5 = 5909 um.
Total number of vias = 181467.
Up-via summary (total 181467):

-------------------------
 FR_MASTERSLICE         0
            li1     64818
           met1     93680
           met2     17911
           met3      4950
           met4       108
-------------------------
               181467


[INFO DRT-0198] Complete detail routing.
Total wire length = 1504164 um.
Total wire length on LAYER li1 = 0 um.
Total wire length on LAYER met1 = 479183 um.
Total wire length on LAYER met2 = 547312 um.
Total wire length on LAYER met3 = 275189 um.
Total wire length on LAYER met4 = 196569 um.
Total wire length on LAYER met5 = 5909 um.
Total number of vias = 181467.
Up-via summary (total 181467):

-------------------------
 FR_MASTERSLICE         0
            li1     64818
           met1     93680
           met2     17911
           met3      4950
           met4       108
-------------------------
               181467


[INFO DRT-0267] cpu time = 01:12:21, elapsed time = 00:13:51, memory = 3330.62 (MB), peak = 3702.00 (MB)

[INFO DRT-0180] Post processing.
[INFO DRT-0501] Runtime: 904.13s
[INFO ANT-0002] Found 22 net violations.
[INFO ANT-0001] Found 37 pin violations.
[INFO GRT-0012] Found 22 antenna violations.
[INFO DPL-0006] Core area: 464820.80 um^2
[INFO DPL-0007] Movable instances area: 0.00 um^2
[INFO DPL-0008] Fixed instances area within core: 237886.90 um^2
[INFO DPL-0009] Utilization: 51.2%
[INFO DPL-0005] Diamond search max displacement: +/- 500 sites horizontally, +/- 100 rows vertically.
[INFO DPL-1102] Legalizing using negotiation legalizer.
[INFO DPL-1103] Negotiation base search window: +/-20 sites horizontally, +/-5 rows vertically 
	Automatic search window extension enabled.
	Search window extendable up to the max displacement cap of +/-500 sites, +/-100 rows near walls.
[INFO DPL-1104] NegotiationLegalizer DRC penalty: 5.
[INFO DPL-0392] Negotiation cell height distribution (1 unique row-count(s)):
[INFO DPL-0393]   height 1 row(s): 24832 cells
[INFO DPL-0500] Runtime: 0.12s
[INFO GRT-0015] Inserted 40 diodes.
[WARNING DRT-0120] Large net net1421 has 168 pins which may impact routing performance. Consider optimization.
[WARNING DRT-0120] Large net net1423 has 183 pins which may impact routing performance. Consider optimization.
[WARNING DRT-0120] Large net net1357 has 142 pins which may impact routing performance. Consider optimization.
[WARNING DRT-0120] Large net net1373 has 131 pins which may impact routing performance. Consider optimization.
[WARNING DRT-0120] Large net net1328 has 133 pins which may impact routing performance. Consider optimization.
[WARNING DRT-0120] Large net net1340 has 153 pins which may impact routing performance. Consider optimization.
[WARNING DRT-0120] Large net net1347 has 140 pins which may impact routing performance. Consider optimization.
[WARNING DRT-0120] Large net net1440 has 175 pins which may impact routing performance. Consider optimization.
[WARNING DRT-0120] Large net net1353 has 137 pins which may impact routing performance. Consider optimization.
[WARNING DRT-0120] Large net net1324 has 101 pins which may impact routing performance. Consider optimization.
[WARNING DRT-0120] Large net net1312 has 132 pins which may impact routing performance. Consider optimization.
[WARNING DRT-0120] Large net net1309 has 138 pins which may impact routing performance. Consider optimization.
[WARNING DRT-0120] Large net net1302 has 137 pins which may impact routing performance. Consider optimization.
[WARNING DRT-0120] Large net net71 has 179 pins which may impact routing performance. Consider optimization.
[INFO DRT-0024]   Complete FR_MASTERSLICE.
[INFO DRT-0024]   Complete Fr_VIA.
[INFO DRT-0024]   Complete li1.
[INFO DRT-0024]   Complete mcon.
[INFO DRT-0024]   Complete met1.
[INFO DRT-0024]   Complete via.
[INFO DRT-0024]   Complete met2.
[INFO DRT-0024]   Complete via2.
[INFO DRT-0024]   Complete met3.
[INFO DRT-0024]   Complete via3.
[INFO DRT-0024]   Complete met4.
[INFO DRT-0024]   Complete via4.
[INFO DRT-0024]   Complete met5.
[INFO DRT-0165] Start pin access.
[INFO DRT-0076]   Complete 1000 pins.
[INFO DRT-0078]   Complete 1079 pins.
[INFO DRT-0079]   Complete 100 unique inst patterns.
[INFO DRT-0081]   Complete 143 unique inst patterns.
[INFO DRT-0082]   Complete 10000 groups.
[INFO DRT-0084]   Complete 13752 groups.
#scanned instances     = 24832
#unique  instances     = 143
#stdCellGenAp          = 4089
#stdCellValidPlanarAp  = 74
#stdCellValidViaAp     = 3031
#stdCellPinNoAp        = 0
#stdCellPinCnt         = 67398
#instTermValidViaApCnt = 0
#macroGenAp            = 0
#macroValidPlanarAp    = 0
#macroValidViaAp       = 0
#macroNoAp             = 0
[INFO DRT-0166] Complete pin access.
[INFO DRT-0267] cpu time = 00:08:21, elapsed time = 00:01:20, memory = 3330.70 (MB), peak = 3702.00 (MB)
[INFO DRT-0156] guideIn read 100000 guides.

[INFO DRT-0157] Number of guides:     179678

[INFO DRT-0169] Post process guides.
[INFO DRT-0176] GCELLGRID X 0 DO 99 STEP 6900 ;
[INFO DRT-0177] GCELLGRID Y 0 DO 99 STEP 6900 ;
[INFO DRT-0026]   Complete 100000 origin guides.
[INFO DRT-0028]   Complete FR_MASTERSLICE.
[INFO DRT-0028]   Complete Fr_VIA.
[INFO DRT-0028]   Complete li1.
[INFO DRT-0028]   Complete mcon.
[INFO DRT-0028]   Complete met1.
[INFO DRT-0028]   Complete via.
[INFO DRT-0028]   Complete met2.
[INFO DRT-0028]   Complete via2.
[INFO DRT-0028]   Complete met3.
[INFO DRT-0028]   Complete via3.
[INFO DRT-0028]   Complete met4.
[INFO DRT-0028]   Complete via4.
[INFO DRT-0028]   Complete met5.
[INFO DRT-0178] Init guide query.
[INFO DRT-0035]   Complete FR_MASTERSLICE (guide).
[INFO DRT-0035]   Complete Fr_VIA (guide).
[INFO DRT-0035]   Complete li1 (guide).
[INFO DRT-0035]   Complete mcon (guide).
[INFO DRT-0035]   Complete met1 (guide).
[INFO DRT-0035]   Complete via (guide).
[INFO DRT-0035]   Complete met2 (guide).
[INFO DRT-0035]   Complete via2 (guide).
[INFO DRT-0035]   Complete met3 (guide).
[INFO DRT-0035]   Complete via3 (guide).
[INFO DRT-0035]   Complete met4 (guide).
[INFO DRT-0035]   Complete via4 (guide).
[INFO DRT-0035]   Complete met5 (guide).
[INFO DRT-0036] FR_MASTERSLICE guide region query size = 0.
[INFO DRT-0036] FR_VIA guide region query size = 0.
[INFO DRT-0036] li1 guide region query size = 54626.
[INFO DRT-0036] mcon guide region query size = 0.
[INFO DRT-0036] met1 guide region query size = 52063.
[INFO DRT-0036] via guide region query size = 0.
[INFO DRT-0036] met2 guide region query size = 28893.
[INFO DRT-0036] via2 guide region query size = 0.
[INFO DRT-0036] met3 guide region query size = 3853.
[INFO DRT-0036] via3 guide region query size = 0.
[INFO DRT-0036] met4 guide region query size = 1825.
[INFO DRT-0036] via4 guide region query size = 0.
[INFO DRT-0036] met5 guide region query size = 73.
[INFO DRT-0179] Init gr pin query.
[INFO DRT-0267] cpu time = 00:00:01, elapsed time = 00:00:00, memory = 3330.70 (MB), peak = 3702.00 (MB)
[INFO DRT-0245] skipped writing guide updates to database.
[INFO DRT-0181] Start track assignment.
[INFO DRT-0184] Done with 85344 vertical wires in 2 frboxes and 55989 horizontal wires in 2 frboxes.
[INFO DRT-0186] Done with 13886 vertical wires in 2 frboxes and 23706 horizontal wires in 2 frboxes.
[INFO DRT-0182] Complete track assignment.
[INFO DRT-0267] cpu time = 00:00:11, elapsed time = 00:00:05, memory = 3330.70 (MB), peak = 3702.00 (MB)
[INFO DRT-0187] Start routing data preparation.
[INFO DRT-0267] cpu time = 00:00:00, elapsed time = 00:00:00, memory = 3330.71 (MB), peak = 3702.00 (MB)
[INFO DRT-0194] Start detail routing.
[INFO DRT-0195] Start 0th optimization iteration.
    Completing 10% with 0 violations.
    elapsed time = 00:00:06, memory = 3519.88 (MB).
    Completing 20% with 0 violations.
    elapsed time = 00:00:13, memory = 3443.25 (MB).
    Completing 30% with 2098 violations.
    elapsed time = 00:00:21, memory = 3581.89 (MB).
    Completing 40% with 2098 violations.
    elapsed time = 00:00:26, memory = 3503.53 (MB).
    Completing 50% with 2098 violations.
    elapsed time = 00:00:32, memory = 3506.78 (MB).
    Completing 60% with 3939 violations.
    elapsed time = 00:00:42, memory = 3463.33 (MB).
    Completing 70% with 3939 violations.
    elapsed time = 00:00:49, memory = 3498.46 (MB).
    Completing 80% with 5915 violations.
    elapsed time = 00:01:01, memory = 3582.84 (MB).
    Completing 90% with 5915 violations.
    elapsed time = 00:01:09, memory = 3545.32 (MB).
    Completing 100% with 7856 violations.
    elapsed time = 00:01:20, memory = 3357.93 (MB).
[INFO DRT-0199]   Number of violations = 8273.
Viol/Layer         li1   mcon   met1    via   met2   met3   met4
Cut Spacing          0      0      0      4      0      0      0
Metal Spacing        0      0    383      0    456      1      0
Min Hole             0      0      4      0      0      0      0
Recheck              2      0    239      0    171      3      2
Short                0      1   4209      6   2774      8     10
[INFO DRT-0267] cpu time = 00:07:00, elapsed time = 00:01:20, memory = 3357.93 (MB), peak = 3715.93 (MB)
Total wire length = 1505881 um.
Total wire length on LAYER li1 = 0 um.
Total wire length on LAYER met1 = 488673 um.
Total wire length on LAYER met2 = 554128 um.
Total wire length on LAYER met3 = 266628 um.
Total wire length on LAYER met4 = 190542 um.
Total wire length on LAYER met5 = 5908 um.
Total number of vias = 180830.
Up-via summary (total 180830):

-------------------------
 FR_MASTERSLICE         0
            li1     64869
           met1     93934
           met2     17231
           met3      4688
           met4       108
-------------------------
               180830


[INFO DRT-0195] Start 1st optimization iteration.
    Completing 10% with 8273 violations.
    elapsed time = 00:00:05, memory = 3500.91 (MB).
    Completing 20% with 8273 violations.
    elapsed time = 00:00:08, memory = 3569.35 (MB).
    Completing 30% with 7720 violations.
    elapsed time = 00:00:13, memory = 3395.50 (MB).
    Completing 40% with 7720 violations.
    elapsed time = 00:00:16, memory = 3543.24 (MB).
    Completing 50% with 7720 violations.
    elapsed time = 00:00:20, memory = 3467.72 (MB).
    Completing 60% with 6963 violations.
    elapsed time = 00:00:26, memory = 3463.72 (MB).
    Completing 70% with 6963 violations.
    elapsed time = 00:00:28, memory = 3431.19 (MB).
    Completing 80% with 6272 violations.
    elapsed time = 00:00:34, memory = 3582.12 (MB).
    Completing 90% with 6272 violations.
    elapsed time = 00:00:38, memory = 3536.61 (MB).
    Completing 100% with 5592 violations.
    elapsed time = 00:00:44, memory = 3358.94 (MB).
[INFO DRT-0199]   Number of violations = 5592.
Viol/Layer        met1   met2   met3   met4
Metal Spacing      316    481      1      0
Short             3247   1533      1     13
[INFO DRT-0267] cpu time = 00:05:37, elapsed time = 00:00:45, memory = 3358.94 (MB), peak = 3715.93 (MB)
Total wire length = 1505184 um.
Total wire length on LAYER li1 = 0 um.
Total wire length on LAYER met1 = 488029 um.
Total wire length on LAYER met2 = 553587 um.
Total wire length on LAYER met3 = 266951 um.
Total wire length on LAYER met4 = 190700 um.
Total wire length on LAYER met5 = 5914 um.
Total number of vias = 180658.
Up-via summary (total 180658):

-------------------------
 FR_MASTERSLICE         0
            li1     64875
           met1     93724
           met2     17251
           met3      4700
           met4       108
-------------------------
               180658


[INFO DRT-0195] Start 2nd optimization iteration.
    Completing 10% with 5592 violations.
    elapsed time = 00:00:06, memory = 3476.51 (MB).
    Completing 20% with 5592 violations.
    elapsed time = 00:00:12, memory = 3506.11 (MB).
    Completing 30% with 5550 violations.
    elapsed time = 00:00:17, memory = 3620.58 (MB).
    Completing 40% with 5550 violations.
    elapsed time = 00:00:21, memory = 3538.12 (MB).
    Completing 50% with 5550 violations.
    elapsed time = 00:00:27, memory = 3503.74 (MB).
    Completing 60% with 5552 violations.
    elapsed time = 00:00:35, memory = 3500.63 (MB).
    Completing 70% with 5552 violations.
    elapsed time = 00:00:39, memory = 3534.67 (MB).
    Completing 80% with 5661 violations.
    elapsed time = 00:00:47, memory = 3561.20 (MB).
    Completing 90% with 5661 violations.
    elapsed time = 00:00:52, memory = 3542.89 (MB).
    Completing 100% with 5625 violations.
    elapsed time = 00:00:58, memory = 3358.94 (MB).
[INFO DRT-0199]   Number of violations = 5625.
Viol/Layer        met1   met2   met3   met4
Metal Spacing      375    460      0      0
Short             3259   1515      1     15
[INFO DRT-0267] cpu time = 00:05:22, elapsed time = 00:00:58, memory = 3358.94 (MB), peak = 3740.54 (MB)
Total wire length = 1505081 um.
Total wire length on LAYER li1 = 0 um.
Total wire length on LAYER met1 = 488038 um.
Total wire length on LAYER met2 = 553357 um.
Total wire length on LAYER met3 = 267010 um.
Total wire length on LAYER met4 = 190760 um.
Total wire length on LAYER met5 = 5914 um.
Total number of vias = 180597.
Up-via summary (total 180597):

-------------------------
 FR_MASTERSLICE         0
            li1     64872
           met1     93665
           met2     17255
           met3      4697
           met4       108
-------------------------
               180597


[INFO DRT-0195] Start 3rd optimization iteration.
    Completing 10% with 5625 violations.
    elapsed time = 00:00:15, memory = 3480.45 (MB).
    Completing 20% with 5625 violations.
    elapsed time = 00:00:37, memory = 3477.96 (MB).
    Completing 30% with 4751 violations.
    elapsed time = 00:01:07, memory = 3620.92 (MB).
    Completing 40% with 4751 violations.
    elapsed time = 00:01:24, memory = 3608.39 (MB).
    Completing 50% with 4751 violations.
    elapsed time = 00:01:37, memory = 3522.95 (MB).
    Completing 60% with 3559 violations.
    elapsed time = 00:02:01, memory = 3567.23 (MB).
    Completing 70% with 3559 violations.
    elapsed time = 00:02:17, memory = 3520.07 (MB).
    Completing 80% with 2492 violations.
    elapsed time = 00:02:32, memory = 3562.09 (MB).
    Completing 90% with 2492 violations.
    elapsed time = 00:02:43, memory = 3564.53 (MB).
    Completing 100% with 1197 violations.
    elapsed time = 00:03:12, memory = 3380.12 (MB).
[INFO DRT-0199]   Number of violations = 1197.
Viol/Layer        mcon   met1    via   met2   met3   met4
Cut Spacing          1      0      3      0      0      0
Metal Spacing        0    165      0    145     10      0
NS Metal             0      0      0      2      0      0
Short                0    583      0    269      3     16
[INFO DRT-0267] cpu time = 00:17:26, elapsed time = 00:03:13, memory = 3380.12 (MB), peak = 3759.17 (MB)
Total wire length = 1505702 um.
Total wire length on LAYER li1 = 0 um.
Total wire length on LAYER met1 = 480088 um.
Total wire length on LAYER met2 = 548797 um.
Total wire length on LAYER met3 = 275238 um.
Total wire length on LAYER met4 = 195677 um.
Total wire length on LAYER met5 = 5900 um.
Total number of vias = 182789.
Up-via summary (total 182789):

-------------------------
 FR_MASTERSLICE         0
            li1     64889
           met1     94335
           met2     18414
           met3      5045
           met4       106
-------------------------
               182789


[INFO DRT-0195] Start 4th optimization iteration.
    Completing 10% with 1197 violations.
    elapsed time = 00:00:01, memory = 3453.70 (MB).
    Completing 20% with 1197 violations.
    elapsed time = 00:00:03, memory = 3474.56 (MB).
    Completing 30% with 792 violations.
    elapsed time = 00:00:10, memory = 3380.12 (MB).
    Completing 40% with 792 violations.
    elapsed time = 00:00:11, memory = 3493.05 (MB).
    Completing 50% with 792 violations.
    elapsed time = 00:00:13, memory = 3495.02 (MB).
    Completing 60% with 581 violations.
    elapsed time = 00:00:20, memory = 3380.12 (MB).
    Completing 70% with 581 violations.
    elapsed time = 00:00:23, memory = 3454.79 (MB).
    Completing 80% with 274 violations.
    elapsed time = 00:00:33, memory = 3380.12 (MB).
    Completing 90% with 274 violations.
    elapsed time = 00:00:36, memory = 3528.83 (MB).
    Completing 100% with 44 violations.
    elapsed time = 00:00:44, memory = 3380.12 (MB).
[INFO DRT-0199]   Number of violations = 44.
Viol/Layer        met1   met2
Metal Spacing        8      8
Short               15     13
[INFO DRT-0267] cpu time = 00:02:48, elapsed time = 00:00:45, memory = 3380.12 (MB), peak = 3759.17 (MB)
Total wire length = 1505541 um.
Total wire length on LAYER li1 = 0 um.
Total wire length on LAYER met1 = 478621 um.
Total wire length on LAYER met2 = 548261 um.
Total wire length on LAYER met3 = 276496 um.
Total wire length on LAYER met4 = 196261 um.
Total wire length on LAYER met5 = 5900 um.
Total number of vias = 182842.
Up-via summary (total 182842):

-------------------------
 FR_MASTERSLICE         0
            li1     64890
           met1     94257
           met2     18494
           met3      5095
           met4       106
-------------------------
               182842


[INFO DRT-0195] Start 5th guides tiles iteration.
    Completing 10% with 44 violations.
    elapsed time = 00:00:00, memory = 3380.12 (MB).
    Completing 20% with 44 violations.
    elapsed time = 00:00:00, memory = 3380.12 (MB).
    Completing 30% with 44 violations.
    elapsed time = 00:00:00, memory = 3380.12 (MB).
    Completing 40% with 44 violations.
    elapsed time = 00:00:01, memory = 3380.12 (MB).
    Completing 50% with 16 violations.
    elapsed time = 00:00:02, memory = 3380.12 (MB).
    Completing 60% with 16 violations.
    elapsed time = 00:00:02, memory = 3380.12 (MB).
    Completing 70% with 16 violations.
    elapsed time = 00:00:02, memory = 3380.12 (MB).
    Completing 80% with 8 violations.
    elapsed time = 00:00:04, memory = 3380.12 (MB).
    Completing 90% with 8 violations.
    elapsed time = 00:00:04, memory = 3380.12 (MB).
    Completing 100% with 7 violations.
    elapsed time = 00:00:04, memory = 3380.12 (MB).
[INFO DRT-0199]   Number of violations = 7.
Viol/Layer        met1
Short                7
[INFO DRT-0267] cpu time = 00:00:07, elapsed time = 00:00:04, memory = 3380.12 (MB), peak = 3759.17 (MB)
Total wire length = 1505514 um.
Total wire length on LAYER li1 = 0 um.
Total wire length on LAYER met1 = 478541 um.
Total wire length on LAYER met2 = 548203 um.
Total wire length on LAYER met3 = 276576 um.
Total wire length on LAYER met4 = 196292 um.
Total wire length on LAYER met5 = 5900 um.
Total number of vias = 182838.
Up-via summary (total 182838):

-------------------------
 FR_MASTERSLICE         0
            li1     64890
           met1     94249
           met2     18497
           met3      5096
           met4       106
-------------------------
               182838


[INFO DRT-0195] Start 6th guides tiles iteration.
    Completing 50% with 7 violations.
    elapsed time = 00:00:00, memory = 3380.12 (MB).
    Completing 100% with 0 violations.
    elapsed time = 00:00:00, memory = 3380.12 (MB).
[INFO DRT-0199]   Number of violations = 0.
[INFO DRT-0267] cpu time = 00:00:00, elapsed time = 00:00:00, memory = 3380.12 (MB), peak = 3759.17 (MB)
Total wire length = 1505516 um.
Total wire length on LAYER li1 = 0 um.
Total wire length on LAYER met1 = 478534 um.
Total wire length on LAYER met2 = 548206 um.
Total wire length on LAYER met3 = 276581 um.
Total wire length on LAYER met4 = 196292 um.
Total wire length on LAYER met5 = 5900 um.
Total number of vias = 182840.
Up-via summary (total 182840):

-------------------------
 FR_MASTERSLICE         0
            li1     64890
           met1     94249
           met2     18499
           met3      5096
           met4       106
-------------------------
               182840


[INFO DRT-0198] Complete detail routing.
Total wire length = 1505516 um.
Total wire length on LAYER li1 = 0 um.
Total wire length on LAYER met1 = 478534 um.
Total wire length on LAYER met2 = 548206 um.
Total wire length on LAYER met3 = 276581 um.
Total wire length on LAYER met4 = 196292 um.
Total wire length on LAYER met5 = 5900 um.
Total number of vias = 182840.
Up-via summary (total 182840):

-------------------------
 FR_MASTERSLICE         0
            li1     64890
           met1     94249
           met2     18499
           met3      5096
           met4       106
-------------------------
               182840


[INFO DRT-0267] cpu time = 00:38:24, elapsed time = 00:07:09, memory = 3380.12 (MB), peak = 3759.17 (MB)

[INFO DRT-0180] Post processing.
[INFO DRT-0501] Runtime: 502.83s
[INFO ANT-0002] Found 10 net violations.
[INFO ANT-0001] Found 13 pin violations.
[INFO GRT-0012] Found 10 antenna violations.
[WARNING GRT-0243] Unable to repair antennas on net with diodes.
[INFO DPL-0006] Core area: 464820.80 um^2
[INFO DPL-0007] Movable instances area: 0.00 um^2
[INFO DPL-0008] Fixed instances area within core: 237919.43 um^2
[INFO DPL-0009] Utilization: 51.2%
[INFO DPL-0005] Diamond search max displacement: +/- 500 sites horizontally, +/- 100 rows vertically.
[INFO DPL-1102] Legalizing using negotiation legalizer.
[INFO DPL-1103] Negotiation base search window: +/-20 sites horizontally, +/-5 rows vertically 
	Automatic search window extension enabled.
	Search window extendable up to the max displacement cap of +/-500 sites, +/-100 rows near walls.
[INFO DPL-1104] NegotiationLegalizer DRC penalty: 5.
[INFO DPL-0392] Negotiation cell height distribution (1 unique row-count(s)):
[INFO DPL-0393]   height 1 row(s): 24845 cells
[INFO DPL-0500] Runtime: 0.14s
[INFO GRT-0015] Inserted 13 diodes.
[WARNING DRT-0120] Large net net1421 has 168 pins which may impact routing performance. Consider optimization.
[WARNING DRT-0120] Large net net1423 has 183 pins which may impact routing performance. Consider optimization.
[WARNING DRT-0120] Large net net1357 has 142 pins which may impact routing performance. Consider optimization.
[WARNING DRT-0120] Large net net1373 has 131 pins which may impact routing performance. Consider optimization.
[WARNING DRT-0120] Large net net1328 has 133 pins which may impact routing performance. Consider optimization.
[WARNING DRT-0120] Large net net1340 has 153 pins which may impact routing performance. Consider optimization.
[WARNING DRT-0120] Large net net1347 has 140 pins which may impact routing performance. Consider optimization.
[WARNING DRT-0120] Large net net1440 has 175 pins which may impact routing performance. Consider optimization.
[WARNING DRT-0120] Large net net1353 has 137 pins which may impact routing performance. Consider optimization.
[WARNING DRT-0120] Large net net1324 has 101 pins which may impact routing performance. Consider optimization.
[WARNING DRT-0120] Large net net1312 has 132 pins which may impact routing performance. Consider optimization.
[WARNING DRT-0120] Large net net1309 has 138 pins which may impact routing performance. Consider optimization.
[WARNING DRT-0120] Large net net1302 has 137 pins which may impact routing performance. Consider optimization.
[WARNING DRT-0120] Large net net71 has 179 pins which may impact routing performance. Consider optimization.
[INFO DRT-0024]   Complete FR_MASTERSLICE.
[INFO DRT-0024]   Complete Fr_VIA.
[INFO DRT-0024]   Complete li1.
[INFO DRT-0024]   Complete mcon.
[INFO DRT-0024]   Complete met1.
[INFO DRT-0024]   Complete via.
[INFO DRT-0024]   Complete met2.
[INFO DRT-0024]   Complete via2.
[INFO DRT-0024]   Complete met3.
[INFO DRT-0024]   Complete via3.
[INFO DRT-0024]   Complete met4.
[INFO DRT-0024]   Complete via4.
[INFO DRT-0024]   Complete met5.
[INFO DRT-0165] Start pin access.
[INFO DRT-0076]   Complete 1000 pins.
[INFO DRT-0078]   Complete 1079 pins.
[INFO DRT-0079]   Complete 100 unique inst patterns.
[INFO DRT-0081]   Complete 143 unique inst patterns.
[INFO DRT-0082]   Complete 10000 groups.
[INFO DRT-0084]   Complete 13756 groups.
#scanned instances     = 24845
#unique  instances     = 143
#stdCellGenAp          = 4089
#stdCellValidPlanarAp  = 74
#stdCellValidViaAp     = 3031
#stdCellPinNoAp        = 0
#stdCellPinCnt         = 67398
#instTermValidViaApCnt = 0
#macroGenAp            = 0
#macroValidPlanarAp    = 0
#macroValidViaAp       = 0
#macroNoAp             = 0
[INFO DRT-0166] Complete pin access.
[INFO DRT-0267] cpu time = 00:08:07, elapsed time = 00:00:56, memory = 3338.95 (MB), peak = 3759.17 (MB)
[INFO DRT-0156] guideIn read 100000 guides.

[INFO DRT-0157] Number of guides:     179623

[INFO DRT-0169] Post process guides.
[INFO DRT-0176] GCELLGRID X 0 DO 99 STEP 6900 ;
[INFO DRT-0177] GCELLGRID Y 0 DO 99 STEP 6900 ;
[INFO DRT-0026]   Complete 100000 origin guides.
[INFO DRT-0028]   Complete FR_MASTERSLICE.
[INFO DRT-0028]   Complete Fr_VIA.
[INFO DRT-0028]   Complete li1.
[INFO DRT-0028]   Complete mcon.
[INFO DRT-0028]   Complete met1.
[INFO DRT-0028]   Complete via.
[INFO DRT-0028]   Complete met2.
[INFO DRT-0028]   Complete via2.
[INFO DRT-0028]   Complete met3.
[INFO DRT-0028]   Complete via3.
[INFO DRT-0028]   Complete met4.
[INFO DRT-0028]   Complete via4.
[INFO DRT-0028]   Complete met5.
[INFO DRT-0178] Init guide query.
[INFO DRT-0035]   Complete FR_MASTERSLICE (guide).
[INFO DRT-0035]   Complete Fr_VIA (guide).
[INFO DRT-0035]   Complete li1 (guide).
[INFO DRT-0035]   Complete mcon (guide).
[INFO DRT-0035]   Complete met1 (guide).
[INFO DRT-0035]   Complete via (guide).
[INFO DRT-0035]   Complete met2 (guide).
[INFO DRT-0035]   Complete via2 (guide).
[INFO DRT-0035]   Complete met3 (guide).
[INFO DRT-0035]   Complete via3 (guide).
[INFO DRT-0035]   Complete met4 (guide).
[INFO DRT-0035]   Complete via4 (guide).
[INFO DRT-0035]   Complete met5 (guide).
[INFO DRT-0036] FR_MASTERSLICE guide region query size = 0.
[INFO DRT-0036] FR_VIA guide region query size = 0.
[INFO DRT-0036] li1 guide region query size = 54633.
[INFO DRT-0036] mcon guide region query size = 0.
[INFO DRT-0036] met1 guide region query size = 52069.
[INFO DRT-0036] via guide region query size = 0.
[INFO DRT-0036] met2 guide region query size = 28881.
[INFO DRT-0036] via2 guide region query size = 0.
[INFO DRT-0036] met3 guide region query size = 3824.
[INFO DRT-0036] via3 guide region query size = 0.
[INFO DRT-0036] met4 guide region query size = 1813.
[INFO DRT-0036] via4 guide region query size = 0.
[INFO DRT-0036] met5 guide region query size = 72.
[INFO DRT-0179] Init gr pin query.
[INFO DRT-0267] cpu time = 00:00:01, elapsed time = 00:00:00, memory = 3338.95 (MB), peak = 3759.17 (MB)
[INFO DRT-0245] skipped writing guide updates to database.
[INFO DRT-0181] Start track assignment.
[INFO DRT-0184] Done with 85327 vertical wires in 2 frboxes and 55965 horizontal wires in 2 frboxes.
[INFO DRT-0186] Done with 13932 vertical wires in 2 frboxes and 23779 horizontal wires in 2 frboxes.
[INFO DRT-0182] Complete track assignment.
[INFO DRT-0267] cpu time = 00:00:20, elapsed time = 00:00:11, memory = 3338.95 (MB), peak = 3759.17 (MB)
[INFO DRT-0187] Start routing data preparation.
[INFO DRT-0267] cpu time = 00:00:00, elapsed time = 00:00:00, memory = 3338.95 (MB), peak = 3759.17 (MB)
[INFO DRT-0194] Start detail routing.
[INFO DRT-0195] Start 0th optimization iteration.
    Completing 10% with 0 violations.
    elapsed time = 00:00:05, memory = 3414.15 (MB).
    Completing 20% with 0 violations.
    elapsed time = 00:00:08, memory = 3430.09 (MB).
    Completing 30% with 773 violations.
    elapsed time = 00:00:11, memory = 3436.91 (MB).
    Completing 40% with 773 violations.
    elapsed time = 00:00:15, memory = 3468.96 (MB).
    Completing 50% with 773 violations.
    elapsed time = 00:00:17, memory = 3470.48 (MB).
    Completing 60% with 1600 violations.
    elapsed time = 00:00:21, memory = 3396.94 (MB).
    Completing 70% with 1600 violations.
    elapsed time = 00:00:23, memory = 3467.61 (MB).
    Completing 80% with 2419 violations.
    elapsed time = 00:00:27, memory = 3466.79 (MB).
    Completing 90% with 2419 violations.
    elapsed time = 00:00:35, memory = 3510.64 (MB).
    Completing 100% with 3502 violations.
    elapsed time = 00:00:42, memory = 3361.98 (MB).
[INFO DRT-0199]   Number of violations = 3705.
Viol/Layer         li1   mcon   met1    via   met2   met3   met4   met5
Cut Spacing          0      0      0      4      0      0      0      0
Metal Spacing        0      0    211      0    185      4      0      3
Min Hole             0      0      1      0      0      0      0      0
Recheck              1      0     97      0     97      3      2      3
Short                0      1   1851      1   1230      9      2      0
[INFO DRT-0267] cpu time = 00:05:14, elapsed time = 00:00:42, memory = 3361.98 (MB), peak = 3759.17 (MB)
Total wire length = 1505908 um.
Total wire length on LAYER li1 = 0 um.
Total wire length on LAYER met1 = 482466 um.
Total wire length on LAYER met2 = 550606 um.
Total wire length on LAYER met3 = 273026 um.
Total wire length on LAYER met4 = 193893 um.
Total wire length on LAYER met5 = 5915 um.
Total number of vias = 182382.
Up-via summary (total 182382):

-------------------------
 FR_MASTERSLICE         0
            li1     64904
           met1     94286
           met2     18111
           met3      4973
           met4       108
-------------------------
               182382


[INFO DRT-0195] Start 1st optimization iteration.
    Completing 10% with 3705 violations.
    elapsed time = 00:00:04, memory = 3469.65 (MB).
    Completing 20% with 3705 violations.
    elapsed time = 00:00:06, memory = 3528.90 (MB).
    Completing 30% with 3488 violations.
    elapsed time = 00:00:09, memory = 3419.41 (MB).
    Completing 40% with 3488 violations.
    elapsed time = 00:00:11, memory = 3534.62 (MB).
    Completing 50% with 3488 violations.
    elapsed time = 00:00:13, memory = 3494.89 (MB).
    Completing 60% with 3095 violations.
    elapsed time = 00:00:16, memory = 3381.89 (MB).
    Completing 70% with 3095 violations.
    elapsed time = 00:00:18, memory = 3482.21 (MB).
    Completing 80% with 2689 violations.
    elapsed time = 00:00:24, memory = 3532.49 (MB).
    Completing 90% with 2689 violations.
    elapsed time = 00:00:30, memory = 3565.47 (MB).
    Completing 100% with 2244 violations.
    elapsed time = 00:00:41, memory = 3381.89 (MB).
[INFO DRT-0199]   Number of violations = 2244.
Viol/Layer        met1    via   met2   met3
Metal Spacing      173      0    159      2
Short             1356      1    547      6
[INFO DRT-0267] cpu time = 00:04:46, elapsed time = 00:00:41, memory = 3381.89 (MB), peak = 3759.17 (MB)
Total wire length = 1505606 um.
Total wire length on LAYER li1 = 0 um.
Total wire length on LAYER met1 = 482234 um.
Total wire length on LAYER met2 = 550367 um.
Total wire length on LAYER met3 = 273152 um.
Total wire length on LAYER met4 = 193950 um.
Total wire length on LAYER met5 = 5900 um.
Total number of vias = 182297.
Up-via summary (total 182297):

-------------------------
 FR_MASTERSLICE         0
            li1     64906
           met1     94176
           met2     18131
           met3      4978
           met4       106
-------------------------
               182297


[INFO DRT-0195] Start 2nd optimization iteration.
    Completing 10% with 2244 violations.
    elapsed time = 00:00:03, memory = 3422.37 (MB).
    Completing 20% with 2244 violations.
    elapsed time = 00:00:06, memory = 3499.90 (MB).
    Completing 30% with 2242 violations.
    elapsed time = 00:00:08, memory = 3319.38 (MB).
    Completing 40% with 2242 violations.
    elapsed time = 00:00:10, memory = 3500.23 (MB).
    Completing 50% with 2242 violations.
    elapsed time = 00:00:12, memory = 3423.25 (MB).
    Completing 60% with 2213 violations.
    elapsed time = 00:00:15, memory = 3463.14 (MB).
    Completing 70% with 2213 violations.
    elapsed time = 00:00:16, memory = 3388.26 (MB).
    Completing 80% with 2156 violations.
    elapsed time = 00:00:21, memory = 3350.47 (MB).
    Completing 90% with 2156 violations.
    elapsed time = 00:00:29, memory = 3461.62 (MB).
    Completing 100% with 2109 violations.
    elapsed time = 00:00:35, memory = 3350.47 (MB).
[INFO DRT-0199]   Number of violations = 2109.
Viol/Layer        met1   met2   met3
Metal Spacing      129    152      4
Short             1312    512      0
[INFO DRT-0267] cpu time = 00:03:41, elapsed time = 00:00:36, memory = 3350.47 (MB), peak = 3759.17 (MB)
Total wire length = 1505550 um.
Total wire length on LAYER li1 = 0 um.
Total wire length on LAYER met1 = 482161 um.
Total wire length on LAYER met2 = 550334 um.
Total wire length on LAYER met3 = 273169 um.
Total wire length on LAYER met4 = 193985 um.
Total wire length on LAYER met5 = 5900 um.
Total number of vias = 182286.
Up-via summary (total 182286):

-------------------------
 FR_MASTERSLICE         0
            li1     64906
           met1     94158
           met2     18136
           met3      4980
           met4       106
-------------------------
               182286


[INFO DRT-0195] Start 3rd optimization iteration.
    Completing 10% with 2109 violations.
    elapsed time = 00:00:03, memory = 3507.59 (MB).
    Completing 20% with 2109 violations.
    elapsed time = 00:00:08, memory = 3451.84 (MB).
    Completing 30% with 1731 violations.
    elapsed time = 00:00:28, memory = 3350.47 (MB).
    Completing 40% with 1731 violations.
    elapsed time = 00:00:33, memory = 3461.39 (MB).
    Completing 50% with 1731 violations.
    elapsed time = 00:00:39, memory = 3461.39 (MB).
    Completing 60% with 1265 violations.
    elapsed time = 00:00:49, memory = 3389.68 (MB).
    Completing 70% with 1265 violations.
    elapsed time = 00:00:54, memory = 3389.68 (MB).
    Completing 80% with 898 violations.
    elapsed time = 00:01:07, memory = 3363.06 (MB).
    Completing 90% with 898 violations.
    elapsed time = 00:01:11, memory = 3462.39 (MB).
    Completing 100% with 285 violations.
    elapsed time = 00:01:28, memory = 3350.48 (MB).
[INFO DRT-0199]   Number of violations = 285.
Viol/Layer        met1    via   met2   met3
Cut Spacing          0      3      0      0
Metal Spacing       45      0     38      3
Short              127      0     69      0
[INFO DRT-0267] cpu time = 00:07:44, elapsed time = 00:01:28, memory = 3350.48 (MB), peak = 3759.17 (MB)
Total wire length = 1505635 um.
Total wire length on LAYER li1 = 0 um.
Total wire length on LAYER met1 = 478669 um.
Total wire length on LAYER met2 = 548544 um.
Total wire length on LAYER met3 = 276545 um.
Total wire length on LAYER met4 = 195965 um.
Total wire length on LAYER met5 = 5910 um.
Total number of vias = 183282.
Up-via summary (total 183282):

-------------------------
 FR_MASTERSLICE         0
            li1     64906
           met1     94442
           met2     18681
           met3      5147
           met4       106
-------------------------
               183282


[INFO DRT-0195] Start 4th optimization iteration.
    Completing 10% with 285 violations.
    elapsed time = 00:00:00, memory = 3350.48 (MB).
    Completing 20% with 285 violations.
    elapsed time = 00:00:00, memory = 3350.48 (MB).
    Completing 30% with 250 violations.
    elapsed time = 00:00:01, memory = 3350.48 (MB).
    Completing 40% with 250 violations.
    elapsed time = 00:00:01, memory = 3350.48 (MB).
    Completing 50% with 250 violations.
    elapsed time = 00:00:01, memory = 3350.48 (MB).
    Completing 60% with 125 violations.
    elapsed time = 00:00:03, memory = 3350.48 (MB).
    Completing 70% with 125 violations.
    elapsed time = 00:00:03, memory = 3350.48 (MB).
    Completing 80% with 63 violations.
    elapsed time = 00:00:07, memory = 3352.17 (MB).
    Completing 90% with 63 violations.
    elapsed time = 00:00:07, memory = 3352.17 (MB).
    Completing 100% with 5 violations.
    elapsed time = 00:00:10, memory = 3352.17 (MB).
[INFO DRT-0199]   Number of violations = 5.
Viol/Layer        met1
Metal Spacing        2
Short                3
[INFO DRT-0267] cpu time = 00:00:44, elapsed time = 00:00:10, memory = 3352.17 (MB), peak = 3759.17 (MB)
Total wire length = 1505562 um.
Total wire length on LAYER li1 = 0 um.
Total wire length on LAYER met1 = 478458 um.
Total wire length on LAYER met2 = 548351 um.
Total wire length on LAYER met3 = 276717 um.
Total wire length on LAYER met4 = 196124 um.
Total wire length on LAYER met5 = 5910 um.
Total number of vias = 183244.
Up-via summary (total 183244):

-------------------------
 FR_MASTERSLICE         0
            li1     64906
           met1     94383
           met2     18696
           met3      5153
           met4       106
-------------------------
               183244


[INFO DRT-0195] Start 5th guides tiles iteration.
    Completing 50% with 5 violations.
    elapsed time = 00:00:00, memory = 3352.17 (MB).
    Completing 100% with 0 violations.
    elapsed time = 00:00:00, memory = 3352.17 (MB).
[INFO DRT-0199]   Number of violations = 0.
[INFO DRT-0267] cpu time = 00:00:00, elapsed time = 00:00:00, memory = 3352.17 (MB), peak = 3759.17 (MB)
Total wire length = 1505563 um.
Total wire length on LAYER li1 = 0 um.
Total wire length on LAYER met1 = 478459 um.
Total wire length on LAYER met2 = 548351 um.
Total wire length on LAYER met3 = 276717 um.
Total wire length on LAYER met4 = 196124 um.
Total wire length on LAYER met5 = 5910 um.
Total number of vias = 183244.
Up-via summary (total 183244):

-------------------------
 FR_MASTERSLICE         0
            li1     64906
           met1     94383
           met2     18696
           met3      5153
           met4       106
-------------------------
               183244


[INFO DRT-0198] Complete detail routing.
Total wire length = 1505563 um.
Total wire length on LAYER li1 = 0 um.
Total wire length on LAYER met1 = 478459 um.
Total wire length on LAYER met2 = 548351 um.
Total wire length on LAYER met3 = 276717 um.
Total wire length on LAYER met4 = 196124 um.
Total wire length on LAYER met5 = 5910 um.
Total number of vias = 183244.
Up-via summary (total 183244):

-------------------------
 FR_MASTERSLICE         0
            li1     64906
           met1     94383
           met2     18696
           met3      5153
           met4       106
-------------------------
               183244


[INFO DRT-0267] cpu time = 00:22:12, elapsed time = 00:03:40, memory = 3352.17 (MB), peak = 3759.17 (MB)

[INFO DRT-0180] Post processing.
[INFO DRT-0501] Runtime: 281.94s
[INFO ANT-0002] Found 4 net violations.
[INFO ANT-0001] Found 5 pin violations.
[INFO GRT-0012] Found 4 antenna violations.
[INFO DPL-0006] Core area: 464820.80 um^2
[INFO DPL-0007] Movable instances area: 0.00 um^2
[INFO DPL-0008] Fixed instances area within core: 237931.95 um^2
[INFO DPL-0009] Utilization: 51.2%
[INFO DPL-0005] Diamond search max displacement: +/- 500 sites horizontally, +/- 100 rows vertically.
[INFO DPL-1102] Legalizing using negotiation legalizer.
[INFO DPL-1103] Negotiation base search window: +/-20 sites horizontally, +/-5 rows vertically 
	Automatic search window extension enabled.
	Search window extendable up to the max displacement cap of +/-500 sites, +/-100 rows near walls.
[INFO DPL-1104] NegotiationLegalizer DRC penalty: 5.
[INFO DPL-0392] Negotiation cell height distribution (1 unique row-count(s)):
[INFO DPL-0393]   height 1 row(s): 24850 cells
[INFO DPL-0500] Runtime: 0.22s
[INFO GRT-0015] Inserted 5 diodes.
[WARNING DRT-0120] Large net net1421 has 168 pins which may impact routing performance. Consider optimization.
[WARNING DRT-0120] Large net net1423 has 183 pins which may impact routing performance. Consider optimization.
[WARNING DRT-0120] Large net net1357 has 142 pins which may impact routing performance. Consider optimization.
[WARNING DRT-0120] Large net net1373 has 131 pins which may impact routing performance. Consider optimization.
[WARNING DRT-0120] Large net net1328 has 133 pins which may impact routing performance. Consider optimization.
[WARNING DRT-0120] Large net net1340 has 153 pins which may impact routing performance. Consider optimization.
[WARNING DRT-0120] Large net net1347 has 140 pins which may impact routing performance. Consider optimization.
[WARNING DRT-0120] Large net net1440 has 175 pins which may impact routing performance. Consider optimization.
[WARNING DRT-0120] Large net net1353 has 137 pins which may impact routing performance. Consider optimization.
[WARNING DRT-0120] Large net net1324 has 101 pins which may impact routing performance. Consider optimization.
[WARNING DRT-0120] Large net net1312 has 132 pins which may impact routing performance. Consider optimization.
[WARNING DRT-0120] Large net net1309 has 138 pins which may impact routing performance. Consider optimization.
[WARNING DRT-0120] Large net net1302 has 137 pins which may impact routing performance. Consider optimization.
[WARNING DRT-0120] Large net net71 has 179 pins which may impact routing performance. Consider optimization.
[INFO DRT-0024]   Complete FR_MASTERSLICE.
[INFO DRT-0024]   Complete Fr_VIA.
[INFO DRT-0024]   Complete li1.
[INFO DRT-0024]   Complete mcon.
[INFO DRT-0024]   Complete met1.
[INFO DRT-0024]   Complete via.
[INFO DRT-0024]   Complete met2.
[INFO DRT-0024]   Complete via2.
[INFO DRT-0024]   Complete met3.
[INFO DRT-0024]   Complete via3.
[INFO DRT-0024]   Complete met4.
[INFO DRT-0024]   Complete via4.
[INFO DRT-0024]   Complete met5.
[INFO DRT-0165] Start pin access.
[INFO DRT-0076]   Complete 1000 pins.
[INFO DRT-0078]   Complete 1079 pins.
[INFO DRT-0079]   Complete 100 unique inst patterns.
[INFO DRT-0081]   Complete 143 unique inst patterns.
[INFO DRT-0082]   Complete 10000 groups.
[INFO DRT-0084]   Complete 13758 groups.
#scanned instances     = 24850
#unique  instances     = 143
#stdCellGenAp          = 4089
#stdCellValidPlanarAp  = 74
#stdCellValidViaAp     = 3031
#stdCellPinNoAp        = 0
#stdCellPinCnt         = 67398
#instTermValidViaApCnt = 0
#macroGenAp            = 0
#macroValidPlanarAp    = 0
#macroValidViaAp       = 0
#macroNoAp             = 0
[INFO DRT-0166] Complete pin access.
[INFO DRT-0267] cpu time = 00:08:26, elapsed time = 00:01:12, memory = 3352.15 (MB), peak = 3759.17 (MB)
[INFO DRT-0156] guideIn read 100000 guides.

[INFO DRT-0157] Number of guides:     179606

[INFO DRT-0169] Post process guides.
[INFO DRT-0176] GCELLGRID X 0 DO 99 STEP 6900 ;
[INFO DRT-0177] GCELLGRID Y 0 DO 99 STEP 6900 ;
[INFO DRT-0026]   Complete 100000 origin guides.
[INFO DRT-0028]   Complete FR_MASTERSLICE.
[INFO DRT-0028]   Complete Fr_VIA.
[INFO DRT-0028]   Complete li1.
[INFO DRT-0028]   Complete mcon.
[INFO DRT-0028]   Complete met1.
[INFO DRT-0028]   Complete via.
[INFO DRT-0028]   Complete met2.
[INFO DRT-0028]   Complete via2.
[INFO DRT-0028]   Complete met3.
[INFO DRT-0028]   Complete via3.
[INFO DRT-0028]   Complete met4.
[INFO DRT-0028]   Complete via4.
[INFO DRT-0028]   Complete met5.
[INFO DRT-0178] Init guide query.
[INFO DRT-0035]   Complete FR_MASTERSLICE (guide).
[INFO DRT-0035]   Complete Fr_VIA (guide).
[INFO DRT-0035]   Complete li1 (guide).
[INFO DRT-0035]   Complete mcon (guide).
[INFO DRT-0035]   Complete met1 (guide).
[INFO DRT-0035]   Complete via (guide).
[INFO DRT-0035]   Complete met2 (guide).
[INFO DRT-0035]   Complete via2 (guide).
[INFO DRT-0035]   Complete met3 (guide).
[INFO DRT-0035]   Complete via3 (guide).
[INFO DRT-0035]   Complete met4 (guide).
[INFO DRT-0035]   Complete via4 (guide).
[INFO DRT-0035]   Complete met5 (guide).
[INFO DRT-0036] FR_MASTERSLICE guide region query size = 0.
[INFO DRT-0036] FR_VIA guide region query size = 0.
[INFO DRT-0036] li1 guide region query size = 54636.
[INFO DRT-0036] mcon guide region query size = 0.
[INFO DRT-0036] met1 guide region query size = 52072.
[INFO DRT-0036] via guide region query size = 0.
[INFO DRT-0036] met2 guide region query size = 28873.
[INFO DRT-0036] via2 guide region query size = 0.
[INFO DRT-0036] met3 guide region query size = 3818.
[INFO DRT-0036] via3 guide region query size = 0.
[INFO DRT-0036] met4 guide region query size = 1812.
[INFO DRT-0036] via4 guide region query size = 0.
[INFO DRT-0036] met5 guide region query size = 72.
[INFO DRT-0179] Init gr pin query.
[INFO DRT-0267] cpu time = 00:00:01, elapsed time = 00:00:00, memory = 3352.16 (MB), peak = 3759.17 (MB)
[INFO DRT-0245] skipped writing guide updates to database.
[INFO DRT-0181] Start track assignment.
[INFO DRT-0184] Done with 85321 vertical wires in 2 frboxes and 55962 horizontal wires in 2 frboxes.
[INFO DRT-0186] Done with 13944 vertical wires in 2 frboxes and 23848 horizontal wires in 2 frboxes.
[INFO DRT-0182] Complete track assignment.
[INFO DRT-0267] cpu time = 00:00:11, elapsed time = 00:00:05, memory = 3352.17 (MB), peak = 3759.17 (MB)
[INFO DRT-0187] Start routing data preparation.
[INFO DRT-0267] cpu time = 00:00:00, elapsed time = 00:00:00, memory = 3352.17 (MB), peak = 3759.17 (MB)
[INFO DRT-0194] Start detail routing.
[INFO DRT-0195] Start 0th optimization iteration.
    Completing 10% with 0 violations.
    elapsed time = 00:00:02, memory = 3393.50 (MB).
    Completing 20% with 0 violations.
    elapsed time = 00:00:04, memory = 3352.64 (MB).
    Completing 30% with 191 violations.
    elapsed time = 00:00:06, memory = 3467.16 (MB).
    Completing 40% with 191 violations.
    elapsed time = 00:00:08, memory = 3505.73 (MB).
    Completing 50% with 191 violations.
    elapsed time = 00:00:11, memory = 3489.04 (MB).
    Completing 60% with 466 violations.
    elapsed time = 00:00:15, memory = 3448.11 (MB).
    Completing 70% with 466 violations.
    elapsed time = 00:00:17, memory = 3485.98 (MB).
    Completing 80% with 732 violations.
    elapsed time = 00:00:21, memory = 3485.21 (MB).
    Completing 90% with 732 violations.
    elapsed time = 00:00:25, memory = 3447.59 (MB).
    Completing 100% with 981 violations.
    elapsed time = 00:00:28, memory = 3375.76 (MB).
[INFO DRT-0199]   Number of violations = 1057.
Viol/Layer        met1    via   met2   met3   met4
Cut Spacing          0      3      0      0      0
Metal Spacing       52      0     51      0      1
Recheck             38      0     33      5      0
Short              432      0    431     11      0
[INFO DRT-0267] cpu time = 00:03:56, elapsed time = 00:00:28, memory = 3375.76 (MB), peak = 3759.17 (MB)
Total wire length = 1505930 um.
Total wire length on LAYER li1 = 0 um.
Total wire length on LAYER met1 = 479171 um.
Total wire length on LAYER met2 = 549280 um.
Total wire length on LAYER met3 = 276014 um.
Total wire length on LAYER met4 = 195552 um.
Total wire length on LAYER met5 = 5910 um.
Total number of vias = 183121.
Up-via summary (total 183121):

-------------------------
 FR_MASTERSLICE         0
            li1     64910
           met1     94380
           met2     18604
           met3      5121
           met4       106
-------------------------
               183121


[INFO DRT-0195] Start 1st optimization iteration.
    Completing 10% with 1057 violations.
    elapsed time = 00:00:02, memory = 3485.43 (MB).
    Completing 20% with 1057 violations.
    elapsed time = 00:00:03, memory = 3483.38 (MB).
    Completing 30% with 1026 violations.
    elapsed time = 00:00:06, memory = 3375.76 (MB).
    Completing 40% with 1026 violations.
    elapsed time = 00:00:09, memory = 3522.00 (MB).
    Completing 50% with 1026 violations.
    elapsed time = 00:00:12, memory = 3451.01 (MB).
    Completing 60% with 928 violations.
    elapsed time = 00:00:16, memory = 3375.76 (MB).
    Completing 70% with 928 violations.
    elapsed time = 00:00:18, memory = 3375.76 (MB).
    Completing 80% with 833 violations.
    elapsed time = 00:00:23, memory = 3454.68 (MB).
    Completing 90% with 833 violations.
    elapsed time = 00:00:27, memory = 3528.02 (MB).
    Completing 100% with 712 violations.
    elapsed time = 00:00:31, memory = 3378.20 (MB).
[INFO DRT-0199]   Number of violations = 712.
Viol/Layer        met1   met2
Metal Spacing       50     51
Short              383    228
[INFO DRT-0267] cpu time = 00:03:57, elapsed time = 00:00:31, memory = 3378.20 (MB), peak = 3759.17 (MB)
Total wire length = 1505804 um.
Total wire length on LAYER li1 = 0 um.
Total wire length on LAYER met1 = 479160 um.
Total wire length on LAYER met2 = 549158 um.
Total wire length on LAYER met3 = 276006 um.
Total wire length on LAYER met4 = 195568 um.
Total wire length on LAYER met5 = 5910 um.
Total number of vias = 183062.
Up-via summary (total 183062):

-------------------------
 FR_MASTERSLICE         0
            li1     64912
           met1     94326
           met2     18601
           met3      5117
           met4       106
-------------------------
               183062


[INFO DRT-0195] Start 2nd optimization iteration.
    Completing 10% with 712 violations.
    elapsed time = 00:00:00, memory = 3378.20 (MB).
    Completing 20% with 712 violations.
    elapsed time = 00:00:01, memory = 3526.43 (MB).
    Completing 30% with 712 violations.
    elapsed time = 00:00:02, memory = 3378.28 (MB).
    Completing 40% with 712 violations.
    elapsed time = 00:00:02, memory = 3389.32 (MB).
    Completing 50% with 712 violations.
    elapsed time = 00:00:04, memory = 3568.30 (MB).
    Completing 60% with 644 violations.
    elapsed time = 00:00:05, memory = 3380.81 (MB).
    Completing 70% with 644 violations.
    elapsed time = 00:00:06, memory = 3482.17 (MB).
    Completing 80% with 602 violations.
    elapsed time = 00:00:07, memory = 3378.20 (MB).
    Completing 90% with 602 violations.
    elapsed time = 00:00:08, memory = 3454.54 (MB).
    Completing 100% with 585 violations.
    elapsed time = 00:00:10, memory = 3378.20 (MB).
[INFO DRT-0199]   Number of violations = 585.
Viol/Layer        met1   met2
Metal Spacing       28     53
Short              294    210
[INFO DRT-0267] cpu time = 00:01:27, elapsed time = 00:00:11, memory = 3378.20 (MB), peak = 3759.17 (MB)
Total wire length = 1505798 um.
Total wire length on LAYER li1 = 0 um.
Total wire length on LAYER met1 = 479135 um.
Total wire length on LAYER met2 = 549155 um.
Total wire length on LAYER met3 = 276027 um.
Total wire length on LAYER met4 = 195569 um.
Total wire length on LAYER met5 = 5910 um.
Total number of vias = 183068.
Up-via summary (total 183068):

-------------------------
 FR_MASTERSLICE         0
            li1     64911
           met1     94334
           met2     18600
           met3      5117
           met4       106
-------------------------
               183068


[INFO DRT-0195] Start 3rd optimization iteration.
    Completing 10% with 585 violations.
    elapsed time = 00:00:00, memory = 3378.20 (MB).
    Completing 20% with 585 violations.
    elapsed time = 00:00:00, memory = 3572.78 (MB).
    Completing 30% with 454 violations.
    elapsed time = 00:00:06, memory = 3378.20 (MB).
    Completing 40% with 454 violations.
    elapsed time = 00:00:06, memory = 3378.20 (MB).
    Completing 50% with 454 violations.
    elapsed time = 00:00:07, memory = 3449.65 (MB).
    Completing 60% with 323 violations.
    elapsed time = 00:00:08, memory = 3378.20 (MB).
    Completing 70% with 323 violations.
    elapsed time = 00:00:09, memory = 3453.64 (MB).
    Completing 80% with 160 violations.
    elapsed time = 00:00:17, memory = 3378.20 (MB).
    Completing 90% with 160 violations.
    elapsed time = 00:00:19, memory = 3419.51 (MB).
    Completing 100% with 33 violations.
    elapsed time = 00:00:22, memory = 3378.20 (MB).
[INFO DRT-0199]   Number of violations = 33.
Viol/Layer        met1   met2
Metal Spacing        4      1
Short               11     17
[INFO DRT-0267] cpu time = 00:01:54, elapsed time = 00:00:22, memory = 3378.20 (MB), peak = 3759.17 (MB)
Total wire length = 1505816 um.
Total wire length on LAYER li1 = 0 um.
Total wire length on LAYER met1 = 478385 um.
Total wire length on LAYER met2 = 548365 um.
Total wire length on LAYER met3 = 276732 um.
Total wire length on LAYER met4 = 196423 um.
Total wire length on LAYER met5 = 5910 um.
Total number of vias = 183329.
Up-via summary (total 183329):

-------------------------
 FR_MASTERSLICE         0
            li1     64912
           met1     94410
           met2     18729
           met3      5172
           met4       106
-------------------------
               183329


[INFO DRT-0195] Start 4th guides tiles iteration.
    Completing 10% with 33 violations.
    elapsed time = 00:00:00, memory = 3495.20 (MB).
    Completing 20% with 33 violations.
    elapsed time = 00:00:00, memory = 3500.70 (MB).
    Completing 30% with 33 violations.
    elapsed time = 00:00:00, memory = 3500.70 (MB).
    Completing 40% with 33 violations.
    elapsed time = 00:00:00, memory = 3500.70 (MB).
    Completing 50% with 33 violations.
    elapsed time = 00:00:04, memory = 3378.20 (MB).
    Completing 60% with 11 violations.
    elapsed time = 00:00:04, memory = 3378.20 (MB).
    Completing 70% with 11 violations.
    elapsed time = 00:00:04, memory = 3378.20 (MB).
    Completing 80% with 11 violations.
    elapsed time = 00:00:04, memory = 3488.15 (MB).
    Completing 90% with 11 violations.
    elapsed time = 00:00:04, memory = 3598.52 (MB).
    Completing 100% with 0 violations.
    elapsed time = 00:00:14, memory = 3378.20 (MB).
[INFO DRT-0199]   Number of violations = 0.
[INFO DRT-0267] cpu time = 00:00:17, elapsed time = 00:00:14, memory = 3378.20 (MB), peak = 3759.17 (MB)
Total wire length = 1505724 um.
Total wire length on LAYER li1 = 0 um.
Total wire length on LAYER met1 = 478288 um.
Total wire length on LAYER met2 = 548131 um.
Total wire length on LAYER met3 = 276763 um.
Total wire length on LAYER met4 = 196631 um.
Total wire length on LAYER met5 = 5910 um.
Total number of vias = 183276.
Up-via summary (total 183276):

-------------------------
 FR_MASTERSLICE         0
            li1     64911
           met1     94366
           met2     18719
           met3      5174
           met4       106
-------------------------
               183276


[INFO DRT-0198] Complete detail routing.
Total wire length = 1505724 um.
Total wire length on LAYER li1 = 0 um.
Total wire length on LAYER met1 = 478288 um.
Total wire length on LAYER met2 = 548131 um.
Total wire length on LAYER met3 = 276763 um.
Total wire length on LAYER met4 = 196631 um.
Total wire length on LAYER met5 = 5910 um.
Total number of vias = 183276.
Up-via summary (total 183276):

-------------------------
 FR_MASTERSLICE         0
            li1     64911
           met1     94366
           met2     18719
           met3      5174
           met4       106
-------------------------
               183276


[INFO DRT-0267] cpu time = 00:11:34, elapsed time = 00:01:48, memory = 3378.20 (MB), peak = 3759.17 (MB)

[INFO DRT-0180] Post processing.
[INFO DRT-0501] Runtime: 183.08s
[INFO ANT-0002] Found 3 net violations.
[INFO ANT-0001] Found 4 pin violations.
[INFO GRT-0012] Found 3 antenna violations.
[INFO DPL-0006] Core area: 464820.80 um^2
[INFO DPL-0007] Movable instances area: 0.00 um^2
[INFO DPL-0008] Fixed instances area within core: 237941.96 um^2
[INFO DPL-0009] Utilization: 51.2%
[INFO DPL-0005] Diamond search max displacement: +/- 500 sites horizontally, +/- 100 rows vertically.
[INFO DPL-1102] Legalizing using negotiation legalizer.
[INFO DPL-1103] Negotiation base search window: +/-20 sites horizontally, +/-5 rows vertically 
	Automatic search window extension enabled.
	Search window extendable up to the max displacement cap of +/-500 sites, +/-100 rows near walls.
[INFO DPL-1104] NegotiationLegalizer DRC penalty: 5.
[INFO DPL-0392] Negotiation cell height distribution (1 unique row-count(s)):
[INFO DPL-0393]   height 1 row(s): 24854 cells
[INFO DPL-0500] Runtime: 0.23s
[INFO GRT-0015] Inserted 4 diodes.
[WARNING DRT-0120] Large net net1421 has 168 pins which may impact routing performance. Consider optimization.
[WARNING DRT-0120] Large net net1423 has 183 pins which may impact routing performance. Consider optimization.
[WARNING DRT-0120] Large net net1357 has 142 pins which may impact routing performance. Consider optimization.
[WARNING DRT-0120] Large net net1373 has 131 pins which may impact routing performance. Consider optimization.
[WARNING DRT-0120] Large net net1328 has 133 pins which may impact routing performance. Consider optimization.
[WARNING DRT-0120] Large net net1340 has 153 pins which may impact routing performance. Consider optimization.
[WARNING DRT-0120] Large net net1347 has 140 pins which may impact routing performance. Consider optimization.
[WARNING DRT-0120] Large net net1440 has 175 pins which may impact routing performance. Consider optimization.
[WARNING DRT-0120] Large net net1353 has 137 pins which may impact routing performance. Consider optimization.
[WARNING DRT-0120] Large net net1324 has 101 pins which may impact routing performance. Consider optimization.
[WARNING DRT-0120] Large net net1312 has 132 pins which may impact routing performance. Consider optimization.
[WARNING DRT-0120] Large net net1309 has 138 pins which may impact routing performance. Consider optimization.
[WARNING DRT-0120] Large net net1302 has 137 pins which may impact routing performance. Consider optimization.
[WARNING DRT-0120] Large net net71 has 179 pins which may impact routing performance. Consider optimization.
[INFO DRT-0024]   Complete FR_MASTERSLICE.
[INFO DRT-0024]   Complete Fr_VIA.
[INFO DRT-0024]   Complete li1.
[INFO DRT-0024]   Complete mcon.
[INFO DRT-0024]   Complete met1.
[INFO DRT-0024]   Complete via.
[INFO DRT-0024]   Complete met2.
[INFO DRT-0024]   Complete via2.
[INFO DRT-0024]   Complete met3.
[INFO DRT-0024]   Complete via3.
[INFO DRT-0024]   Complete met4.
[INFO DRT-0024]   Complete via4.
[INFO DRT-0024]   Complete met5.
[INFO DRT-0165] Start pin access.
[INFO DRT-0076]   Complete 1000 pins.
[INFO DRT-0078]   Complete 1079 pins.
[INFO DRT-0079]   Complete 100 unique inst patterns.
[INFO DRT-0081]   Complete 143 unique inst patterns.
[INFO DRT-0082]   Complete 10000 groups.
[INFO DRT-0084]   Complete 13759 groups.
#scanned instances     = 24854
#unique  instances     = 143
#stdCellGenAp          = 4089
#stdCellValidPlanarAp  = 74
#stdCellValidViaAp     = 3031
#stdCellPinNoAp        = 0
#stdCellPinCnt         = 67398
#instTermValidViaApCnt = 0
#macroGenAp            = 0
#macroValidPlanarAp    = 0
#macroValidViaAp       = 0
#macroNoAp             = 0
[INFO DRT-0166] Complete pin access.
[INFO DRT-0267] cpu time = 00:08:18, elapsed time = 00:00:58, memory = 3378.18 (MB), peak = 3759.17 (MB)
[INFO DRT-0156] guideIn read 100000 guides.

[INFO DRT-0157] Number of guides:     179586

[INFO DRT-0169] Post process guides.
[INFO DRT-0176] GCELLGRID X 0 DO 99 STEP 6900 ;
[INFO DRT-0177] GCELLGRID Y 0 DO 99 STEP 6900 ;
[INFO DRT-0026]   Complete 100000 origin guides.
[INFO DRT-0028]   Complete FR_MASTERSLICE.
[INFO DRT-0028]   Complete Fr_VIA.
[INFO DRT-0028]   Complete li1.
[INFO DRT-0028]   Complete mcon.
[INFO DRT-0028]   Complete met1.
[INFO DRT-0028]   Complete via.
[INFO DRT-0028]   Complete met2.
[INFO DRT-0028]   Complete via2.
[INFO DRT-0028]   Complete met3.
[INFO DRT-0028]   Complete via3.
[INFO DRT-0028]   Complete met4.
[INFO DRT-0028]   Complete via4.
[INFO DRT-0028]   Complete met5.
[INFO DRT-0178] Init guide query.
[INFO DRT-0035]   Complete FR_MASTERSLICE (guide).
[INFO DRT-0035]   Complete Fr_VIA (guide).
[INFO DRT-0035]   Complete li1 (guide).
[INFO DRT-0035]   Complete mcon (guide).
[INFO DRT-0035]   Complete met1 (guide).
[INFO DRT-0035]   Complete via (guide).
[INFO DRT-0035]   Complete met2 (guide).
[INFO DRT-0035]   Complete via2 (guide).
[INFO DRT-0035]   Complete met3 (guide).
[INFO DRT-0035]   Complete via3 (guide).
[INFO DRT-0035]   Complete met4 (guide).
[INFO DRT-0035]   Complete via4 (guide).
[INFO DRT-0035]   Complete met5 (guide).
[INFO DRT-0036] FR_MASTERSLICE guide region query size = 0.
[INFO DRT-0036] FR_VIA guide region query size = 0.
[INFO DRT-0036] li1 guide region query size = 54636.
[INFO DRT-0036] mcon guide region query size = 0.
[INFO DRT-0036] met1 guide region query size = 52071.
[INFO DRT-0036] via guide region query size = 0.
[INFO DRT-0036] met2 guide region query size = 28867.
[INFO DRT-0036] via2 guide region query size = 0.
[INFO DRT-0036] met3 guide region query size = 3812.
[INFO DRT-0036] via3 guide region query size = 0.
[INFO DRT-0036] met4 guide region query size = 1811.
[INFO DRT-0036] via4 guide region query size = 0.
[INFO DRT-0036] met5 guide region query size = 72.
[INFO DRT-0179] Init gr pin query.
[INFO DRT-0267] cpu time = 00:00:01, elapsed time = 00:00:00, memory = 3378.18 (MB), peak = 3759.17 (MB)
[INFO DRT-0245] skipped writing guide updates to database.
[INFO DRT-0181] Start track assignment.
[INFO DRT-0184] Done with 85314 vertical wires in 2 frboxes and 55955 horizontal wires in 2 frboxes.
[INFO DRT-0186] Done with 13938 vertical wires in 2 frboxes and 23806 horizontal wires in 2 frboxes.
[INFO DRT-0182] Complete track assignment.
[INFO DRT-0267] cpu time = 00:00:12, elapsed time = 00:00:06, memory = 3378.18 (MB), peak = 3759.17 (MB)
[INFO DRT-0187] Start routing data preparation.
[INFO DRT-0267] cpu time = 00:00:00, elapsed time = 00:00:00, memory = 3378.18 (MB), peak = 3759.17 (MB)
[INFO DRT-0194] Start detail routing.
[INFO DRT-0195] Start 0th optimization iteration.
    Completing 10% with 0 violations.
    elapsed time = 00:00:02, memory = 3459.99 (MB).
    Completing 20% with 0 violations.
    elapsed time = 00:00:04, memory = 3378.20 (MB).
    Completing 30% with 193 violations.
    elapsed time = 00:00:07, memory = 3456.08 (MB).
    Completing 40% with 193 violations.
    elapsed time = 00:00:09, memory = 3454.41 (MB).
    Completing 50% with 193 violations.
    elapsed time = 00:00:11, memory = 3418.46 (MB).
    Completing 60% with 415 violations.
    elapsed time = 00:00:13, memory = 3435.67 (MB).
    Completing 70% with 415 violations.
    elapsed time = 00:00:15, memory = 3453.38 (MB).
    Completing 80% with 606 violations.
    elapsed time = 00:00:18, memory = 3485.97 (MB).
    Completing 90% with 606 violations.
    elapsed time = 00:00:21, memory = 3451.26 (MB).
    Completing 100% with 810 violations.
    elapsed time = 00:00:24, memory = 3378.20 (MB).
[INFO DRT-0199]   Number of violations = 935.
Viol/Layer        met1    via   met2   met3
Cut Spacing          0      1      0      0
Metal Spacing       71      0     35      1
Min Hole             1      0      0      0
Recheck             81      0     44      0
Short              390      1    310      0
[INFO DRT-0267] cpu time = 00:04:03, elapsed time = 00:00:24, memory = 3378.20 (MB), peak = 3759.17 (MB)
Total wire length = 1505960 um.
Total wire length on LAYER li1 = 0 um.
Total wire length on LAYER met1 = 479076 um.
Total wire length on LAYER met2 = 548939 um.
Total wire length on LAYER met3 = 276073 um.
Total wire length on LAYER met4 = 195961 um.
Total wire length on LAYER met5 = 5910 um.
Total number of vias = 183172.
Up-via summary (total 183172):

-------------------------
 FR_MASTERSLICE         0
            li1     64915
           met1     94381
           met2     18635
           met3      5135
           met4       106
-------------------------
               183172


[INFO DRT-0195] Start 1st optimization iteration.
    Completing 10% with 935 violations.
    elapsed time = 00:00:03, memory = 3457.07 (MB).
    Completing 20% with 935 violations.
    elapsed time = 00:00:05, memory = 3455.35 (MB).
    Completing 30% with 904 violations.
    elapsed time = 00:00:08, memory = 3420.02 (MB).
    Completing 40% with 904 violations.
    elapsed time = 00:00:10, memory = 3534.66 (MB).
    Completing 50% with 904 violations.
    elapsed time = 00:00:12, memory = 3421.38 (MB).
    Completing 60% with 809 violations.
    elapsed time = 00:00:15, memory = 3383.87 (MB).
    Completing 70% with 809 violations.
    elapsed time = 00:00:16, memory = 3454.91 (MB).
    Completing 80% with 532 violations.
    elapsed time = 00:00:20, memory = 3493.16 (MB).
    Completing 90% with 532 violations.
    elapsed time = 00:00:24, memory = 3419.01 (MB).
    Completing 100% with 339 violations.
    elapsed time = 00:00:27, memory = 3383.87 (MB).
[INFO DRT-0199]   Number of violations = 339.
Viol/Layer        met1   met2
Metal Spacing       45     33
Short              181     80
[INFO DRT-0267] cpu time = 00:03:48, elapsed time = 00:00:27, memory = 3383.87 (MB), peak = 3759.17 (MB)
Total wire length = 1505850 um.
Total wire length on LAYER li1 = 0 um.
Total wire length on LAYER met1 = 479003 um.
Total wire length on LAYER met2 = 548769 um.
Total wire length on LAYER met3 = 276165 um.
Total wire length on LAYER met4 = 196002 um.
Total wire length on LAYER met5 = 5910 um.
Total number of vias = 183157.
Up-via summary (total 183157):

-------------------------
 FR_MASTERSLICE         0
            li1     64918
           met1     94355
           met2     18639
           met3      5139
           met4       106
-------------------------
               183157


[INFO DRT-0195] Start 2nd optimization iteration.
    Completing 10% with 339 violations.
    elapsed time = 00:00:00, memory = 3383.87 (MB).
    Completing 20% with 339 violations.
    elapsed time = 00:00:01, memory = 3579.81 (MB).
    Completing 30% with 295 violations.
    elapsed time = 00:00:03, memory = 3425.57 (MB).
    Completing 40% with 295 violations.
    elapsed time = 00:00:03, memory = 3443.52 (MB).
    Completing 50% with 295 violations.
    elapsed time = 00:00:05, memory = 3533.03 (MB).
    Completing 60% with 269 violations.
    elapsed time = 00:00:07, memory = 3383.87 (MB).
    Completing 70% with 269 violations.
    elapsed time = 00:00:07, memory = 3395.82 (MB).
    Completing 80% with 264 violations.
    elapsed time = 00:00:09, memory = 3383.87 (MB).
    Completing 90% with 264 violations.
    elapsed time = 00:00:09, memory = 3383.87 (MB).
    Completing 100% with 260 violations.
    elapsed time = 00:00:12, memory = 3383.87 (MB).
[INFO DRT-0199]   Number of violations = 260.
Viol/Layer        met1   met2
Metal Spacing       18     32
Short              132     78
[INFO DRT-0267] cpu time = 00:01:10, elapsed time = 00:00:12, memory = 3383.87 (MB), peak = 3759.17 (MB)
Total wire length = 1505841 um.
Total wire length on LAYER li1 = 0 um.
Total wire length on LAYER met1 = 478977 um.
Total wire length on LAYER met2 = 548774 um.
Total wire length on LAYER met3 = 276165 um.
Total wire length on LAYER met4 = 196012 um.
Total wire length on LAYER met5 = 5910 um.
Total number of vias = 183169.
Up-via summary (total 183169):

-------------------------
 FR_MASTERSLICE         0
            li1     64918
           met1     94361
           met2     18645
           met3      5139
           met4       106
-------------------------
               183169


[INFO DRT-0195] Start 3rd optimization iteration.
    Completing 10% with 260 violations.
    elapsed time = 00:00:00, memory = 3383.87 (MB).
    Completing 20% with 260 violations.
    elapsed time = 00:00:00, memory = 3383.87 (MB).
    Completing 30% with 200 violations.
    elapsed time = 00:00:08, memory = 3383.87 (MB).
    Completing 40% with 200 violations.
    elapsed time = 00:00:08, memory = 3383.87 (MB).
    Completing 50% with 200 violations.
    elapsed time = 00:00:10, memory = 3494.86 (MB).
    Completing 60% with 107 violations.
    elapsed time = 00:00:10, memory = 3383.87 (MB).
    Completing 70% with 107 violations.
    elapsed time = 00:00:10, memory = 3383.87 (MB).
    Completing 80% with 76 violations.
    elapsed time = 00:00:14, memory = 3383.87 (MB).
    Completing 90% with 76 violations.
    elapsed time = 00:00:14, memory = 3383.87 (MB).
    Completing 100% with 5 violations.
    elapsed time = 00:00:16, memory = 3383.87 (MB).
[INFO DRT-0199]   Number of violations = 5.
Viol/Layer        met1
Metal Spacing        5
[INFO DRT-0267] cpu time = 00:01:02, elapsed time = 00:00:17, memory = 3383.87 (MB), peak = 3759.17 (MB)
Total wire length = 1505797 um.
Total wire length on LAYER li1 = 0 um.
Total wire length on LAYER met1 = 478615 um.
Total wire length on LAYER met2 = 548327 um.
Total wire length on LAYER met3 = 276546 um.
Total wire length on LAYER met4 = 196398 um.
Total wire length on LAYER met5 = 5910 um.
Total number of vias = 183285.
Up-via summary (total 183285):

-------------------------
 FR_MASTERSLICE         0
            li1     64919
           met1     94383
           met2     18716
           met3      5161
           met4       106
-------------------------
               183285


[INFO DRT-0195] Start 4th guides tiles iteration.
    Completing 50% with 5 violations.
    elapsed time = 00:00:00, memory = 3383.87 (MB).
    Completing 100% with 0 violations.
    elapsed time = 00:00:00, memory = 3383.87 (MB).
[INFO DRT-0199]   Number of violations = 0.
[INFO DRT-0267] cpu time = 00:00:00, elapsed time = 00:00:00, memory = 3383.87 (MB), peak = 3759.17 (MB)
Total wire length = 1505797 um.
Total wire length on LAYER li1 = 0 um.
Total wire length on LAYER met1 = 478614 um.
Total wire length on LAYER met2 = 548327 um.
Total wire length on LAYER met3 = 276546 um.
Total wire length on LAYER met4 = 196398 um.
Total wire length on LAYER met5 = 5910 um.
Total number of vias = 183283.
Up-via summary (total 183283):

-------------------------
 FR_MASTERSLICE         0
            li1     64919
           met1     94381
           met2     18716
           met3      5161
           met4       106
-------------------------
               183283


[INFO DRT-0198] Complete detail routing.
Total wire length = 1505797 um.
Total wire length on LAYER li1 = 0 um.
Total wire length on LAYER met1 = 478614 um.
Total wire length on LAYER met2 = 548327 um.
Total wire length on LAYER met3 = 276546 um.
Total wire length on LAYER met4 = 196398 um.
Total wire length on LAYER met5 = 5910 um.
Total number of vias = 183283.
Up-via summary (total 183283):

-------------------------
 FR_MASTERSLICE         0
            li1     64919
           met1     94381
           met2     18716
           met3      5161
           met4       106
-------------------------
               183283


[INFO DRT-0267] cpu time = 00:10:05, elapsed time = 00:01:22, memory = 3383.87 (MB), peak = 3759.17 (MB)

[INFO DRT-0180] Post processing.
[INFO DRT-0501] Runtime: 144.64s
[INFO ANT-0002] Found 1 net violations.
[INFO ANT-0001] Found 1 pin violations.
[INFO GRT-0012] Found 1 antenna violations.
[INFO DPL-0006] Core area: 464820.80 um^2
[INFO DPL-0007] Movable instances area: 0.00 um^2
[INFO DPL-0008] Fixed instances area within core: 237944.46 um^2
[INFO DPL-0009] Utilization: 51.2%
[INFO DPL-0005] Diamond search max displacement: +/- 500 sites horizontally, +/- 100 rows vertically.
[INFO DPL-1102] Legalizing using negotiation legalizer.
[INFO DPL-1103] Negotiation base search window: +/-20 sites horizontally, +/-5 rows vertically 
	Automatic search window extension enabled.
	Search window extendable up to the max displacement cap of +/-500 sites, +/-100 rows near walls.
[INFO DPL-1104] NegotiationLegalizer DRC penalty: 5.
[INFO DPL-0392] Negotiation cell height distribution (1 unique row-count(s)):
[INFO DPL-0393]   height 1 row(s): 24855 cells
[INFO DPL-0500] Runtime: 0.20s
[INFO GRT-0015] Inserted 1 diodes.
[WARNING DRT-0120] Large net net1421 has 168 pins which may impact routing performance. Consider optimization.
[WARNING DRT-0120] Large net net1423 has 183 pins which may impact routing performance. Consider optimization.
[WARNING DRT-0120] Large net net1357 has 142 pins which may impact routing performance. Consider optimization.
[WARNING DRT-0120] Large net net1373 has 131 pins which may impact routing performance. Consider optimization.
[WARNING DRT-0120] Large net net1328 has 133 pins which may impact routing performance. Consider optimization.
[WARNING DRT-0120] Large net net1340 has 153 pins which may impact routing performance. Consider optimization.
[WARNING DRT-0120] Large net net1347 has 140 pins which may impact routing performance. Consider optimization.
[WARNING DRT-0120] Large net net1440 has 175 pins which may impact routing performance. Consider optimization.
[WARNING DRT-0120] Large net net1353 has 137 pins which may impact routing performance. Consider optimization.
[WARNING DRT-0120] Large net net1324 has 101 pins which may impact routing performance. Consider optimization.
[WARNING DRT-0120] Large net net1312 has 132 pins which may impact routing performance. Consider optimization.
[WARNING DRT-0120] Large net net1309 has 138 pins which may impact routing performance. Consider optimization.
[WARNING DRT-0120] Large net net1302 has 137 pins which may impact routing performance. Consider optimization.
[WARNING DRT-0120] Large net net71 has 179 pins which may impact routing performance. Consider optimization.
[INFO DRT-0024]   Complete FR_MASTERSLICE.
[INFO DRT-0024]   Complete Fr_VIA.
[INFO DRT-0024]   Complete li1.
[INFO DRT-0024]   Complete mcon.
[INFO DRT-0024]   Complete met1.
[INFO DRT-0024]   Complete via.
[INFO DRT-0024]   Complete met2.
[INFO DRT-0024]   Complete via2.
[INFO DRT-0024]   Complete met3.
[INFO DRT-0024]   Complete via3.
[INFO DRT-0024]   Complete met4.
[INFO DRT-0024]   Complete via4.
[INFO DRT-0024]   Complete met5.
[INFO DRT-0165] Start pin access.
[INFO DRT-0076]   Complete 1000 pins.
[INFO DRT-0078]   Complete 1079 pins.
[INFO DRT-0079]   Complete 100 unique inst patterns.
[INFO DRT-0081]   Complete 143 unique inst patterns.
[INFO DRT-0082]   Complete 10000 groups.
[INFO DRT-0084]   Complete 13760 groups.
#scanned instances     = 24855
#unique  instances     = 143
#stdCellGenAp          = 4089
#stdCellValidPlanarAp  = 74
#stdCellValidViaAp     = 3031
#stdCellPinNoAp        = 0
#stdCellPinCnt         = 67398
#instTermValidViaApCnt = 0
#macroGenAp            = 0
#macroValidPlanarAp    = 0
#macroValidViaAp       = 0
#macroNoAp             = 0
[INFO DRT-0166] Complete pin access.
[INFO DRT-0267] cpu time = 00:08:13, elapsed time = 00:00:50, memory = 3383.85 (MB), peak = 3759.17 (MB)
[INFO DRT-0156] guideIn read 100000 guides.

[INFO DRT-0157] Number of guides:     179565

[INFO DRT-0169] Post process guides.
[INFO DRT-0176] GCELLGRID X 0 DO 99 STEP 6900 ;
[INFO DRT-0177] GCELLGRID Y 0 DO 99 STEP 6900 ;
[INFO DRT-0026]   Complete 100000 origin guides.
[INFO DRT-0028]   Complete FR_MASTERSLICE.
[INFO DRT-0028]   Complete Fr_VIA.
[INFO DRT-0028]   Complete li1.
[INFO DRT-0028]   Complete mcon.
[INFO DRT-0028]   Complete met1.
[INFO DRT-0028]   Complete via.
[INFO DRT-0028]   Complete met2.
[INFO DRT-0028]   Complete via2.
[INFO DRT-0028]   Complete met3.
[INFO DRT-0028]   Complete via3.
[INFO DRT-0028]   Complete met4.
[INFO DRT-0028]   Complete via4.
[INFO DRT-0028]   Complete met5.
[INFO DRT-0178] Init guide query.
[INFO DRT-0035]   Complete FR_MASTERSLICE (guide).
[INFO DRT-0035]   Complete Fr_VIA (guide).
[INFO DRT-0035]   Complete li1 (guide).
[INFO DRT-0035]   Complete mcon (guide).
[INFO DRT-0035]   Complete met1 (guide).
[INFO DRT-0035]   Complete via (guide).
[INFO DRT-0035]   Complete met2 (guide).
[INFO DRT-0035]   Complete via2 (guide).
[INFO DRT-0035]   Complete met3 (guide).
[INFO DRT-0035]   Complete via3 (guide).
[INFO DRT-0035]   Complete met4 (guide).
[INFO DRT-0035]   Complete via4 (guide).
[INFO DRT-0035]   Complete met5 (guide).
[INFO DRT-0036] FR_MASTERSLICE guide region query size = 0.
[INFO DRT-0036] FR_VIA guide region query size = 0.
[INFO DRT-0036] li1 guide region query size = 54637.
[INFO DRT-0036] mcon guide region query size = 0.
[INFO DRT-0036] met1 guide region query size = 52072.
[INFO DRT-0036] via guide region query size = 0.
[INFO DRT-0036] met2 guide region query size = 28862.
[INFO DRT-0036] via2 guide region query size = 0.
[INFO DRT-0036] met3 guide region query size = 3807.
[INFO DRT-0036] via3 guide region query size = 0.
[INFO DRT-0036] met4 guide region query size = 1809.
[INFO DRT-0036] via4 guide region query size = 0.
[INFO DRT-0036] met5 guide region query size = 72.
[INFO DRT-0179] Init gr pin query.
[INFO DRT-0267] cpu time = 00:00:01, elapsed time = 00:00:00, memory = 3383.85 (MB), peak = 3759.17 (MB)
[INFO DRT-0245] skipped writing guide updates to database.
[INFO DRT-0181] Start track assignment.
[INFO DRT-0184] Done with 85308 vertical wires in 2 frboxes and 55951 horizontal wires in 2 frboxes.
[INFO DRT-0186] Done with 13935 vertical wires in 2 frboxes and 23752 horizontal wires in 2 frboxes.
[INFO DRT-0182] Complete track assignment.
[INFO DRT-0267] cpu time = 00:00:16, elapsed time = 00:00:09, memory = 3383.85 (MB), peak = 3759.17 (MB)
[INFO DRT-0187] Start routing data preparation.
[INFO DRT-0267] cpu time = 00:00:00, elapsed time = 00:00:00, memory = 3383.85 (MB), peak = 3759.17 (MB)
[INFO DRT-0194] Start detail routing.
[INFO DRT-0195] Start 0th optimization iteration.
    Completing 10% with 0 violations.
    elapsed time = 00:00:02, memory = 3457.74 (MB).
    Completing 20% with 0 violations.
    elapsed time = 00:00:05, memory = 3424.09 (MB).
    Completing 30% with 45 violations.
    elapsed time = 00:00:08, memory = 3497.82 (MB).
    Completing 40% with 45 violations.
    elapsed time = 00:00:10, memory = 3461.53 (MB).
    Completing 50% with 45 violations.
    elapsed time = 00:00:12, memory = 3477.68 (MB).
    Completing 60% with 67 violations.
    elapsed time = 00:00:15, memory = 3476.15 (MB).
    Completing 70% with 67 violations.
    elapsed time = 00:00:17, memory = 3441.84 (MB).
    Completing 80% with 92 violations.
    elapsed time = 00:00:21, memory = 3514.28 (MB).
    Completing 90% with 92 violations.
    elapsed time = 00:00:23, memory = 3484.73 (MB).
    Completing 100% with 99 violations.
    elapsed time = 00:00:26, memory = 3406.76 (MB).
[INFO DRT-0199]   Number of violations = 105.
Viol/Layer        met1   met2
Metal Spacing        5     11
Recheck              3      3
Short               50     33
[INFO DRT-0267] cpu time = 00:03:36, elapsed time = 00:00:26, memory = 3406.76 (MB), peak = 3759.17 (MB)
Total wire length = 1505849 um.
Total wire length on LAYER li1 = 0 um.
Total wire length on LAYER met1 = 478689 um.
Total wire length on LAYER met2 = 548496 um.
Total wire length on LAYER met3 = 276497 um.
Total wire length on LAYER met4 = 196256 um.
Total wire length on LAYER met5 = 5910 um.
Total number of vias = 183295.
Up-via summary (total 183295):

-------------------------
 FR_MASTERSLICE         0
            li1     64920
           met1     94399
           met2     18714
           met3      5156
           met4       106
-------------------------
               183295


[INFO DRT-0195] Start 1st optimization iteration.
    Completing 10% with 105 violations.
    elapsed time = 00:00:03, memory = 3443.60 (MB).
    Completing 20% with 105 violations.
    elapsed time = 00:00:05, memory = 3477.71 (MB).
    Completing 30% with 91 violations.
    elapsed time = 00:00:07, memory = 3413.00 (MB).
    Completing 40% with 91 violations.
    elapsed time = 00:00:10, memory = 3523.04 (MB).
    Completing 50% with 91 violations.
    elapsed time = 00:00:12, memory = 3445.68 (MB).
    Completing 60% with 62 violations.
    elapsed time = 00:00:14, memory = 3440.31 (MB).
    Completing 70% with 62 violations.
    elapsed time = 00:00:16, memory = 3474.81 (MB).
    Completing 80% with 53 violations.
    elapsed time = 00:00:19, memory = 3518.76 (MB).
    Completing 90% with 53 violations.
    elapsed time = 00:00:21, memory = 3442.59 (MB).
    Completing 100% with 30 violations.
    elapsed time = 00:00:25, memory = 3407.45 (MB).
[INFO DRT-0199]   Number of violations = 30.
Viol/Layer        met1   met2
Metal Spacing        3      2
Short               10     15
[INFO DRT-0267] cpu time = 00:03:29, elapsed time = 00:00:26, memory = 3407.45 (MB), peak = 3759.17 (MB)
Total wire length = 1505841 um.
Total wire length on LAYER li1 = 0 um.
Total wire length on LAYER met1 = 478673 um.
Total wire length on LAYER met2 = 548491 um.
Total wire length on LAYER met3 = 276509 um.
Total wire length on LAYER met4 = 196256 um.
Total wire length on LAYER met5 = 5910 um.
Total number of vias = 183302.
Up-via summary (total 183302):

-------------------------
 FR_MASTERSLICE         0
            li1     64920
           met1     94405
           met2     18715
           met3      5156
           met4       106
-------------------------
               183302


[INFO DRT-0195] Start 2nd optimization iteration.
    Completing 10% with 30 violations.
    elapsed time = 00:00:00, memory = 3407.45 (MB).
    Completing 20% with 30 violations.
    elapsed time = 00:00:00, memory = 3407.45 (MB).
    Completing 30% with 29 violations.
    elapsed time = 00:00:02, memory = 3407.45 (MB).
    Completing 40% with 29 violations.
    elapsed time = 00:00:02, memory = 3407.45 (MB).
    Completing 50% with 29 violations.
    elapsed time = 00:00:02, memory = 3407.45 (MB).
    Completing 60% with 22 violations.
    elapsed time = 00:00:04, memory = 3407.45 (MB).
    Completing 70% with 22 violations.
    elapsed time = 00:00:04, memory = 3407.45 (MB).
    Completing 80% with 19 violations.
    elapsed time = 00:00:05, memory = 3407.45 (MB).
    Completing 90% with 19 violations.
    elapsed time = 00:00:05, memory = 3407.45 (MB).
    Completing 100% with 17 violations.
    elapsed time = 00:00:06, memory = 3407.45 (MB).
[INFO DRT-0199]   Number of violations = 17.
Viol/Layer        met1   met2
Short                4     13
[INFO DRT-0267] cpu time = 00:00:15, elapsed time = 00:00:06, memory = 3407.45 (MB), peak = 3759.17 (MB)
Total wire length = 1505834 um.
Total wire length on LAYER li1 = 0 um.
Total wire length on LAYER met1 = 478662 um.
Total wire length on LAYER met2 = 548453 um.
Total wire length on LAYER met3 = 276514 um.
Total wire length on LAYER met4 = 196292 um.
Total wire length on LAYER met5 = 5910 um.
Total number of vias = 183304.
Up-via summary (total 183304):

-------------------------
 FR_MASTERSLICE         0
            li1     64920
           met1     94405
           met2     18715
           met3      5158
           met4       106
-------------------------
               183304


[INFO DRT-0195] Start 3rd guides tiles iteration.
    Completing 10% with 17 violations.
    elapsed time = 00:00:00, memory = 3492.60 (MB).
    Completing 20% with 17 violations.
    elapsed time = 00:00:00, memory = 3492.60 (MB).
    Completing 30% with 17 violations.
    elapsed time = 00:00:00, memory = 3492.60 (MB).
    Completing 40% with 17 violations.
    elapsed time = 00:00:03, memory = 3407.45 (MB).
    Completing 50% with 3 violations.
    elapsed time = 00:00:04, memory = 3407.45 (MB).
    Completing 60% with 3 violations.
    elapsed time = 00:00:04, memory = 3407.45 (MB).
    Completing 70% with 3 violations.
    elapsed time = 00:00:04, memory = 3407.45 (MB).
    Completing 80% with 3 violations.
    elapsed time = 00:00:04, memory = 3407.45 (MB).
    Completing 90% with 0 violations.
    elapsed time = 00:00:04, memory = 3407.45 (MB).
    Completing 100% with 0 violations.
    elapsed time = 00:00:04, memory = 3407.45 (MB).
[INFO DRT-0199]   Number of violations = 0.
[INFO DRT-0267] cpu time = 00:00:06, elapsed time = 00:00:04, memory = 3407.45 (MB), peak = 3759.17 (MB)
Total wire length = 1505838 um.
Total wire length on LAYER li1 = 0 um.
Total wire length on LAYER met1 = 478604 um.
Total wire length on LAYER met2 = 548283 um.
Total wire length on LAYER met3 = 276567 um.
Total wire length on LAYER met4 = 196472 um.
Total wire length on LAYER met5 = 5910 um.
Total number of vias = 183309.
Up-via summary (total 183309):

-------------------------
 FR_MASTERSLICE         0
            li1     64920
           met1     94390
           met2     18726
           met3      5167
           met4       106
-------------------------
               183309


[INFO DRT-0198] Complete detail routing.
Total wire length = 1505838 um.
Total wire length on LAYER li1 = 0 um.
Total wire length on LAYER met1 = 478604 um.
Total wire length on LAYER met2 = 548283 um.
Total wire length on LAYER met3 = 276567 um.
Total wire length on LAYER met4 = 196472 um.
Total wire length on LAYER met5 = 5910 um.
Total number of vias = 183309.
Up-via summary (total 183309):

-------------------------
 FR_MASTERSLICE         0
            li1     64920
           met1     94390
           met2     18726
           met3      5167
           met4       106
-------------------------
               183309


[INFO DRT-0267] cpu time = 00:07:27, elapsed time = 00:01:04, memory = 3407.45 (MB), peak = 3759.17 (MB)

[INFO DRT-0180] Post processing.
[INFO DRT-0501] Runtime: 122.52s
[INFO ANT-0002] Found 0 net violations.
[INFO ANT-0001] Found 0 pin violations.
[INFO ANT-0002] Found 0 net violations.
[INFO ANT-0001] Found 0 pin violations.
Design area 237944 um^2 51% utilization.
write_db /root/cac_runs/keccak_r1_7ns/results/sky130hd/cac_keccak_r1_7ns/base/5_2_route.odb
Elapsed time: 1:02:43.93[h:]min:sec. CPU time: user 22752.39 sys 46.97 (605%). Peak memory: 3849392KB.
Log                       Ext     Elapsed/s Peak Memory/MB sha1sum result [0:20)
5_2_route                 .odb         3763           3759 32e8e4786120d5b15145
