layout,mode,corner,vdd_v,temperature_c,signed_input_mv,finest_step_ps,run_id,numerically_qualified,deadline_ns,decision,outcome,decision_time_ns,core_energy_fj,reset_ok,qp_at_deadline_v,qn_at_deadline_v
control,c,tt,1.62,-40,-10,5,35e15c6c3d97c4836c515b038dbe2e6b29a1a4e5158c8487c8948a1b144d8358,True,1.0,-1,correct,0.5662963954233603,244.3889097216058,True,0.05037540228355976,1.6186194599251633
control,c,tt,1.62,-40,-10,5,35e15c6c3d97c4836c515b038dbe2e6b29a1a4e5158c8487c8948a1b144d8358,True,2.0,-1,correct,0.5662963954233603,244.3889097216058,True,0.0005843730166019331,1.6199752241875152
candidate,c,tt,1.62,-40,-10,5,6d849c669272b510ea19c99ae2b093aa4fed4f5bfbf08117b6236c89bec983c5,True,1.0,-1,correct,0.5453449257483607,239.39155170930007,True,0.04666714129366521,1.6186484797632383
candidate,c,tt,1.62,-40,-10,5,6d849c669272b510ea19c99ae2b093aa4fed4f5bfbf08117b6236c89bec983c5,True,2.0,-1,correct,0.5453449257483607,239.39155170930007,True,0.0005055572141529129,1.6199782790308308
control,c,tt,1.62,-40,-3,5,758bc095db61d21856473ed1169a52847733839732dc9a01862276f590f1b539,True,1.0,-1,correct,0.7497791597308385,250.12819850989138,True,0.06352623403026199,1.615886931393205
control,c,tt,1.62,-40,-3,5,758bc095db61d21856473ed1169a52847733839732dc9a01862276f590f1b539,True,2.0,-1,correct,0.7497791597308385,250.12819850989138,True,0.0008473284671717656,1.6199651782766196
candidate,c,tt,1.62,-40,-3,5,c521c373084f4b27923596723b9d56dc54023aa653bf225fae2e9688136edeed,True,1.0,-1,correct,0.7254124377728096,244.8770324952381,True,0.05791350309301793,1.6171421416399745
candidate,c,tt,1.62,-40,-3,5,c521c373084f4b27923596723b9d56dc54023aa653bf225fae2e9688136edeed,True,2.0,-1,correct,0.7254124377728096,244.8770324952381,True,0.0007287902483871228,1.6199696211438137
control,c,tt,1.62,-40,3,5,3221060aaedfe8f3fccc5baa50ad60aeeb5cb2dc71a049080daec2c2c668fc80,True,1.0,1,correct,0.7371420779716501,249.87931332394237,True,1.6164260959169967,0.062489650652178465
control,c,tt,1.62,-40,3,5,3221060aaedfe8f3fccc5baa50ad60aeeb5cb2dc71a049080daec2c2c668fc80,True,2.0,1,correct,0.7371420779716501,249.87931332394237,True,1.6199655172222123,0.0008375826955425844
candidate,c,tt,1.62,-40,3,5,07b46888ccc9098730399fb8415e42cdfabdede1a2df25d7f147aec39c3b2812,True,1.0,1,correct,0.71521528843054,244.63953225674413,True,1.617433805165449,0.05714049668618576
candidate,c,tt,1.62,-40,3,5,07b46888ccc9098730399fb8415e42cdfabdede1a2df25d7f147aec39c3b2812,True,2.0,1,correct,0.71521528843054,244.63953225674413,True,1.619969932843035,0.0007206017004566497
control,c,tt,1.62,-40,10,5,8d46fb834fedd40e19fcffc756c5a9f2785bf141c7cbcfce4cf682bc015ca6e9,True,1.0,1,correct,0.56111596610661,244.28138045605994,True,1.6186224257776163,0.05020211437863039
control,c,tt,1.62,-40,10,5,8d46fb834fedd40e19fcffc756c5a9f2785bf141c7cbcfce4cf682bc015ca6e9,True,2.0,1,correct,0.56111596610661,244.28138045605994,True,1.6199753245081505,0.0005813440344216065
candidate,c,tt,1.62,-40,10,5,68363bae6c9c2f61f96f6b9ddcb8feee42ee2857a9b86086eb9d32528f2ddb87,True,1.0,1,correct,0.5453745861988086,239.28840013601246,True,1.6186507141724467,0.046501465991038556
candidate,c,tt,1.62,-40,10,5,68363bae6c9c2f61f96f6b9ddcb8feee42ee2857a9b86086eb9d32528f2ddb87,True,2.0,1,correct,0.5453745861988086,239.28840013601246,True,1.619978367639964,0.0005029410065869403
control,c,tt,1.62,27,-10,5,4d0c7e342df5ebd0425b6d35f595e75f4dad7297191778d658a354f05094e804,True,1.0,-1,correct,0.5476716472158802,265.0016363569024,True,0.04189198710520274,1.6187870712176018
control,c,tt,1.62,27,-10,5,4d0c7e342df5ebd0425b6d35f595e75f4dad7297191778d658a354f05094e804,True,2.0,-1,correct,0.5476716472158802,265.0016363569024,True,0.0007315131602524172,1.6199729544954844
candidate,c,tt,1.62,27,-10,5,71b3b7e052c94c46ccd83a5fdd21ff8d077b19c69da0a3e299854dfd98ddab78,True,1.0,-1,correct,0.5306935132968587,259.8271666228351,True,0.03907328764066123,1.6188339825615177
candidate,c,tt,1.62,27,-10,5,71b3b7e052c94c46ccd83a5fdd21ff8d077b19c69da0a3e299854dfd98ddab78,True,2.0,-1,correct,0.5306935132968587,259.8271666228351,True,0.0006514655548567553,1.619975593364633
control,c,tt,1.62,27,-3,5,a145597ed833fca186f247af34f9b9b56b9828576cbde6ddcff097c189b5f58e,True,1.0,-1,correct,0.7026810926900882,270.6667650375517,True,0.05056236941226206,1.6178224536286068
control,c,tt,1.62,27,-3,5,a145597ed833fca186f247af34f9b9b56b9828576cbde6ddcff097c189b5f58e,True,2.0,-1,correct,0.7026810926900882,270.6667650375517,True,0.0009486097731620283,1.6199656234375082
candidate,c,tt,1.62,27,-3,5,10322cc196f07a6f3587f73f4be9b035572691bb46fef17e3bf3f24bb24bfcdc,True,1.0,-1,correct,0.6819825966492999,265.27337107226214,True,0.04657635899182732,1.6182480609997338
candidate,c,tt,1.62,27,-3,5,10322cc196f07a6f3587f73f4be9b035572691bb46fef17e3bf3f24bb24bfcdc,True,2.0,-1,correct,0.6819825966492999,265.27337107226214,True,0.0008392658108931181,1.6199691531292966
control,c,tt,1.62,27,3,5,d516d07e76367878150dac768bb12f47c8f3ff976f6ffffa0c388be6c13d2046,True,1.0,1,correct,0.6926820751258199,270.3881150085339,True,1.6179863061293707,0.04983624773377685
control,c,tt,1.62,27,3,5,d516d07e76367878150dac768bb12f47c8f3ff976f6ffffa0c388be6c13d2046,True,2.0,1,correct,0.6926820751258199,270.3881150085339,True,1.6199660048560935,0.0009369980061372295
candidate,c,tt,1.62,27,3,5,d71002244cb1b593ec61bbbbf68d25426bce88a5c6b94e9a4c75d4a6a7e2e6b2,True,1.0,1,correct,0.6681321031222798,265.0115463115168,True,1.6183426583192382,0.04598953628457705
candidate,c,tt,1.62,27,3,5,d71002244cb1b593ec61bbbbf68d25426bce88a5c6b94e9a4c75d4a6a7e2e6b2,True,2.0,1,correct,0.6681321031222798,265.0115463115168,True,1.6199694769168547,0.0008293266270572352
control,c,tt,1.62,27,10,5,905786719868aa2341c67977269644fcb928e56dfe8968a2a31829a3a4b71988,True,1.0,1,correct,0.5426726875061683,264.88487061206837,True,1.618789832680819,0.04178423524954122
control,c,tt,1.62,27,10,5,905786719868aa2341c67977269644fcb928e56dfe8968a2a31829a3a4b71988,True,2.0,1,correct,0.5426726875061683,264.88487061206837,True,1.6199730118317768,0.0007290970859787555
candidate,c,tt,1.62,27,10,5,4a9dd2431cff8bc51b1a08dbb3adf93db5fd8fb4a1761d1eb5bdb721572508b1,True,1.0,1,correct,0.528133642393029,259.72329937154456,True,1.6188360731825882,0.038973260064811596
candidate,c,tt,1.62,27,10,5,4a9dd2431cff8bc51b1a08dbb3adf93db5fd8fb4a1761d1eb5bdb721572508b1,True,2.0,1,correct,0.528133642393029,259.72329937154456,True,1.619975624167085,0.0006493106276252974
control,c,tt,1.62,125,-10,5,b4c44a4b6f715441acd50fe85ab994ad2fede39a53e1718fbce43b2ea085d127,True,1.0,-1,correct,0.5494976386123512,293.42949990973636,True,0.049951163749636464,1.6188070659557623
control,c,tt,1.62,125,-10,5,b4c44a4b6f715441acd50fe85ab994ad2fede39a53e1718fbce43b2ea085d127,True,2.0,-1,correct,0.5494976386123512,293.42949990973636,True,0.00195331593087027,1.6199475827862986
candidate,c,tt,1.62,125,-10,5,2ed5972c260408d25f5b49dc043780c383c89dfefbbde6753de94561773c8715,True,1.0,-1,correct,0.5339398749180598,288.060723607823,True,0.047293022047803446,1.6188514356328898
candidate,c,tt,1.62,125,-10,5,2ed5972c260408d25f5b49dc043780c383c89dfefbbde6753de94561773c8715,True,2.0,-1,correct,0.5339398749180598,288.060723607823,True,0.001800082288886427,1.6199513610311422
control,c,tt,1.62,125,-3,5,e25383b4170e108e151d4117ed4c7edd209125e2702f8a56a54ecf475e6d0a28,True,1.0,-1,correct,0.6637001840960884,300.12049044859646,True,0.057286415745746576,1.618323560536887
control,c,tt,1.62,125,-3,5,e25383b4170e108e151d4117ed4c7edd209125e2702f8a56a54ecf475e6d0a28,True,2.0,-1,correct,0.6637001840960884,300.12049044859646,True,0.0023062745519838663,1.6199381626991205
candidate,c,tt,1.62,125,-3,5,64d4091b2bb2a85f1428d1840458e5c8750ab063248ffcc150600c3b8f0bca21,True,1.0,-1,correct,0.6446881683143205,294.5022421318582,True,0.053739324755745554,1.6185219651388012
candidate,c,tt,1.62,125,-3,5,64d4091b2bb2a85f1428d1840458e5c8750ab063248ffcc150600c3b8f0bca21,True,2.0,-1,correct,0.6446881683143205,294.5022421318582,True,0.0021136452257339297,1.6199428719161444
control,c,tt,1.62,125,3,5,ea4fb9565e6cd8d570956d7ac719fb45c25994816b92c55516dd48cfaf18e1e4,True,1.0,1,correct,0.6587023483344882,299.6901022397342,True,1.6183853319493227,0.056694141212536756
control,c,tt,1.62,125,3,5,ea4fb9565e6cd8d570956d7ac719fb45c25994816b92c55516dd48cfaf18e1e4,True,2.0,1,correct,0.6587023483344882,299.6901022397342,True,1.6199386722545948,0.0022861489961961507
candidate,c,tt,1.62,125,3,5,dc1f5966ecd9a1d87097ebc1302ff0736c887a07dbbfdc8a6b64d019b330e9dd,True,1.0,1,correct,0.6361400150057394,294.09444787223526,True,1.6185624524531743,0.05324208092276127
candidate,c,tt,1.62,125,3,5,dc1f5966ecd9a1d87097ebc1302ff0736c887a07dbbfdc8a6b64d019b330e9dd,True,2.0,1,correct,0.6361400150057394,294.09444787223526,True,1.6199433583405707,0.0020959659653889766
control,c,tt,1.62,125,10,5,30b99a19796a515b94d12cbdbb29b84031d3996fa0c57dac1c250d9040d09da0,True,1.0,1,correct,0.5495691192477699,293.2998064375801,True,1.6188102465745964,0.04983029732508646
control,c,tt,1.62,125,10,5,30b99a19796a515b94d12cbdbb29b84031d3996fa0c57dac1c250d9040d09da0,True,2.0,1,correct,0.5495691192477699,293.2998064375801,True,1.6199476746621342,0.001948102079616717
candidate,c,tt,1.62,125,10,5,d356cc77bae7c36a412e4452319bc6795e43a70906af147eb544c64d57852fb8,True,1.0,1,correct,0.5340443309382582,287.92844079041936,True,1.6188538862128619,0.047181178578771334
candidate,c,tt,1.62,125,10,5,d356cc77bae7c36a412e4452319bc6795e43a70906af147eb544c64d57852fb8,True,2.0,1,correct,0.5340443309382582,287.92844079041936,True,1.6199514552242185,0.001795350884507753
control,c,tt,1.8,-40,-10,5,6ff69f82a6b5b636dcb8f6c4016f8562c53150472c416306ba51d40b74ba6243,True,1.0,-1,correct,0.38163593044791067,323.59210782439425,True,0.0030494300751969356,1.799818452265412
control,c,tt,1.8,-40,-10,5,6ff69f82a6b5b636dcb8f6c4016f8562c53150472c416306ba51d40b74ba6243,True,2.0,-1,correct,0.38163593044791067,323.59210782439425,True,1.946639645364856e-06,1.7999998700754063
candidate,c,tt,1.8,-40,-10,5,1937a8815c188228107cdf1185ee0f836ba4b1c560404aea43c66cf6d35a0736,True,1.0,-1,correct,0.37143349258823805,317.1048219079619,True,0.0027214150819888008,1.7998358247579915
candidate,c,tt,1.8,-40,-10,5,1937a8815c188228107cdf1185ee0f836ba4b1c560404aea43c66cf6d35a0736,True,2.0,-1,correct,0.37143349258823805,317.1048219079619,True,1.6461386107174349e-06,1.79999988324081
control,c,tt,1.8,-40,-3,5,ce32116037d764e170cb7d40fbc70242e0815d7d5dc2163add9477b16c32d369,True,1.0,-1,correct,0.5124698916637308,329.7922488274212,True,0.004092741805536916,1.7997607225971757
control,c,tt,1.8,-40,-3,5,ce32116037d764e170cb7d40fbc70242e0815d7d5dc2163add9477b16c32d369,True,2.0,-1,correct,0.5124698916637308,329.7922488274212,True,2.7875612993648862e-06,1.7999998315377388
candidate,c,tt,1.8,-40,-3,5,bb9a08eb51173a3d9644f78a8a63be860ec0fae5f4f43c7c2309be8b6d447f53,True,1.0,-1,correct,0.49333873960911045,323.06849449750916,True,0.0036080525580385906,1.7997863232001592
candidate,c,tt,1.8,-40,-3,5,bb9a08eb51173a3d9644f78a8a63be860ec0fae5f4f43c7c2309be8b6d447f53,True,2.0,-1,correct,0.49333873960911045,323.06849449750916,True,2.3462108518572013e-06,1.7999998676969122
control,c,tt,1.8,-40,3,5,ba8d0ce6066918d8b6b5f73118249bcee836d56e05328b652e0185f447713cb2,True,1.0,1,correct,0.49711428580377026,329.3857894572365,True,1.799766889264035,0.003982126255134333
control,c,tt,1.8,-40,3,5,ba8d0ce6066918d8b6b5f73118249bcee836d56e05328b652e0185f447713cb2,True,2.0,1,correct,0.49711428580377026,329.3857894572365,True,1.7999998316344572,2.7113802202176204e-06
candidate,c,tt,1.8,-40,3,5,404a4b4530c1ffba743a77fb6db6b770e5c5fe08e69870d7fbf3e7cfc60115e4,True,1.0,1,correct,0.4831880988089299,322.67242474619593,True,1.7997916076240839,0.00351455357790888
candidate,c,tt,1.8,-40,3,5,404a4b4530c1ffba743a77fb6db6b770e5c5fe08e69870d7fbf3e7cfc60115e4,True,2.0,1,correct,0.4831880988089299,322.67242474619593,True,1.799999869131003,2.286690289966595e-06
control,c,tt,1.8,-40,10,5,2f13bcc60138351f9c016a6153ded5e31104b8ca23f6eb64c1ef25855e592287,True,1.0,1,correct,0.376873828415828,323.4124091985966,True,1.7998190129181888,0.003036142238553275
control,c,tt,1.8,-40,10,5,2f13bcc60138351f9c016a6153ded5e31104b8ca23f6eb64c1ef25855e592287,True,2.0,1,correct,0.376873828415828,323.4124091985966,True,1.799999873069841,1.9408776514308923e-06
candidate,c,tt,1.8,-40,10,5,738d4154982988410d6ac27816f2d57bf582fe953be2dd9ae093b5b4e7be046d,True,1.0,1,correct,0.366255767571549,316.93030837892593,True,1.7998363440711918,0.002709664876088032
candidate,c,tt,1.8,-40,10,5,738d4154982988410d6ac27816f2d57bf582fe953be2dd9ae093b5b4e7be046d,True,2.0,1,correct,0.366255767571549,316.93030837892593,True,1.7999998813786326,1.636415848681222e-06
control,c,tt,1.8,27,-10,5,d3f3824d718d5e6394100dc1e75f36e4e9cf94fde266e3ce8588b07e1b03f2fb,True,1.0,-1,correct,0.401001302441748,346.1202082052266,True,0.0073667218585882896,1.7996623120670108
control,c,tt,1.8,27,-10,5,d3f3824d718d5e6394100dc1e75f36e4e9cf94fde266e3ce8588b07e1b03f2fb,True,2.0,-1,correct,0.401001302441748,346.1202082052266,True,2.15939691336792e-05,1.7999990182815908
candidate,c,tt,1.8,27,-10,5,beee0ed6139993fb18fafd3172b5c703866f4709810853c65283037ee56899b5,True,1.0,-1,correct,0.39221245164807816,339.47716806351764,True,0.0067394843631739905,1.7996862771800464
candidate,c,tt,1.8,27,-10,5,beee0ed6139993fb18fafd3172b5c703866f4709810853c65283037ee56899b5,True,2.0,-1,correct,0.39221245164807816,339.47716806351764,True,1.9131679593388637e-05,1.7999991396559465
control,c,tt,1.8,27,-3,5,76cc8f17537bc4cda4e2f3cc55ff9658451cdb1724455f0369a89a7dfba00cee,True,1.0,-1,correct,0.5013388683631999,352.7828790680715,True,0.00903985748332916,1.7995920599393038
control,c,tt,1.8,27,-3,5,76cc8f17537bc4cda4e2f3cc55ff9658451cdb1724455f0369a89a7dfba00cee,True,2.0,-1,correct,0.5013388683631999,352.7828790680715,True,2.72029126614859e-05,1.7999987727373556
candidate,c,tt,1.8,27,-3,5,77269ba192bf730ed18bb3eddb78cc9cf1a3b906520cd5ded5e73ce8978ca5e8,True,1.0,-1,correct,0.48655899733822017,345.8898695989189,True,0.00820036359625809,1.7996242166472292
candidate,c,tt,1.8,27,-3,5,77269ba192bf730ed18bb3eddb78cc9cf1a3b906520cd5ded5e73ce8978ca5e8,True,2.0,-1,correct,0.48655899733822017,345.8898695989189,True,2.3854182794789636e-05,1.7999989186319996
control,c,tt,1.8,27,3,5,8177dc302512d55b456ea7500ad9e81cb917f4ee61c8485c6fc101b02b4d2f5f,True,1.0,1,correct,0.4915071693727912,352.2454050075992,True,1.7995989082396535,0.008876000986720306
control,c,tt,1.8,27,3,5,8177dc302512d55b456ea7500ad9e81cb917f4ee61c8485c6fc101b02b4d2f5f,True,2.0,1,correct,0.4915071693727912,352.2454050075992,True,1.7999987944259914,2.675363996407647e-05
candidate,c,tt,1.8,27,3,5,eb90006fe56ee082bf7a83137cf66a1f2680402f359aeafdcb543819f3d25a16,True,1.0,1,correct,0.4769219475075483,345.35971221686054,True,1.7996302972131204,0.008058140015787807
candidate,c,tt,1.8,27,3,5,eb90006fe56ee082bf7a83137cf66a1f2680402f359aeafdcb543819f3d25a16,True,2.0,1,correct,0.4769219475075483,345.35971221686054,True,1.7999989510723027,2.3495122500242942e-05
control,c,tt,1.8,27,10,5,edfd01c2c2b43116be75785d36eea0c5ee0c3cc81c7cbeade35346cd5ba4f568,True,1.0,1,correct,0.4008183198971395,345.9279446917989,True,1.7996632841302365,0.007335637116938561
control,c,tt,1.8,27,10,5,edfd01c2c2b43116be75785d36eea0c5ee0c3cc81c7cbeade35346cd5ba4f568,True,2.0,1,correct,0.4008183198971395,345.9279446917989,True,1.799999019071472,2.1504856862141116e-05
candidate,c,tt,1.8,27,10,5,d34ed8b834a1f7b3cbdf355f503f6f47e3ab875522c140913a4174b7c662c46f,True,1.0,1,correct,0.38709019194059835,339.2901010918889,True,1.7996872184587929,0.006711640186284185
candidate,c,tt,1.8,27,10,5,d34ed8b834a1f7b3cbdf355f503f6f47e3ab875522c140913a4174b7c662c46f,True,2.0,1,correct,0.38709019194059835,339.2901010918889,True,1.7999991409319376,1.9055694994874672e-05
control,c,tt,1.8,125,-10,5,1c5be72e8b9fcacb8347fa6ffa21ee053683a62832ed8d7f0e7876a596317b10,True,1.0,-1,correct,0.43364304838357853,378.2497776354279,True,0.018977163246067526,1.7993815849238253
control,c,tt,1.8,125,-10,5,1c5be72e8b9fcacb8347fa6ffa21ee053683a62832ed8d7f0e7876a596317b10,True,2.0,-1,correct,0.43364304838357853,378.2497776354279,True,0.00037378867110537603,1.7999925662570055
candidate,c,tt,1.8,125,-10,5,32f82e87207252797ebf9775f9cb4f88b9c3a67af6c38c85fe7a512455f05d78,True,1.0,-1,correct,0.4201668228087808,371.3608969456868,True,0.017750519145511064,1.7994112350635592
candidate,c,tt,1.8,125,-10,5,32f82e87207252797ebf9775f9cb4f88b9c3a67af6c38c85fe7a512455f05d78,True,2.0,-1,correct,0.4201668228087808,371.3608969456868,True,0.00035372886527288637,1.7999931514405614
control,c,tt,1.8,125,-3,5,4477c0d94077d362f60cdbdc57f14a7a9887be3f0767a0f77c5af87998da1981,True,1.0,-1,correct,0.5140571019280493,387.5569169707582,True,0.021909718038153017,1.7992957582854807
control,c,tt,1.8,125,-3,5,4477c0d94077d362f60cdbdc57f14a7a9887be3f0767a0f77c5af87998da1981,True,2.0,-1,correct,0.5140571019280493,387.5569169707582,True,0.0004149567478695978,1.7999912639933355
candidate,c,tt,1.8,125,-3,5,8304072205d99488ec98fd16a51447fe43b59ff52a2ce8e3e91036468b121cba,True,1.0,-1,correct,0.49468859622339983,380.3470501613279,True,0.020387936432440606,1.7993335000509967
candidate,c,tt,1.8,125,-3,5,8304072205d99488ec98fd16a51447fe43b59ff52a2ce8e3e91036468b121cba,True,2.0,-1,correct,0.49468859622339983,380.3470501613279,True,0.00038995302255357247,1.7999920193446146
control,c,tt,1.8,125,3,5,15fcb8ca7a67020d3f30df986b74f78c671d8a2d7703c2562c7dc588504a617d,True,1.0,1,correct,0.5062578909481187,386.67062280153306,True,1.7993040496357595,0.02162419651112561
control,c,tt,1.8,125,3,5,15fcb8ca7a67020d3f30df986b74f78c671d8a2d7703c2562c7dc588504a617d,True,2.0,1,correct,0.5062578909481187,386.67062280153306,True,1.799991365043641,0.0004116396208399395
candidate,c,tt,1.8,125,3,5,7db7ec01d610ed9a27440d0693d0be1c4be807dcda54ebc9502da744c8991f08,True,1.0,1,correct,0.49039516449450965,379.49034915001636,True,1.7993409482958242,0.02013391478869106
candidate,c,tt,1.8,125,3,5,7db7ec01d610ed9a27440d0693d0be1c4be807dcda54ebc9502da744c8991f08,True,2.0,1,correct,0.49039516449450965,379.49034915001636,True,1.7999921093885272,0.0003870845078339773
control,c,tt,1.8,125,10,5,8899893dd63020b1cd4ceb0f92084b5382742bf3a61fa0d91fb7b548f19cc315,True,1.0,1,correct,0.4278751623050508,377.99042651689666,True,1.7993829485866362,0.01890956491876604
control,c,tt,1.8,125,10,5,8899893dd63020b1cd4ceb0f92084b5382742bf3a61fa0d91fb7b548f19cc315,True,2.0,1,correct,0.4278751623050508,377.99042651689666,True,1.799992584190955,0.000372982635851583
candidate,c,tt,1.8,125,10,5,7b85b9375cc8cda8d2bd52364978e4828fd618d7a4b2bf7403a33e1ace0b1774,True,1.0,1,correct,0.4151372519670709,371.11496566716886,True,1.7994126199089555,0.01768802676832048
candidate,c,tt,1.8,125,10,5,7b85b9375cc8cda8d2bd52364978e4828fd618d7a4b2bf7403a33e1ace0b1774,True,2.0,1,correct,0.4151372519670709,371.11496566716886,True,1.799993170947913,0.0003530192958039688
control,c,tt,1.95,-40,-10,5,30e4483a13bcc53219b0e6bd394b9a9eca2a6b1b51bb73166376ebd7edb792a6,True,1.0,-1,correct,0.3223123328649311,397.3677707003753,True,0.0004180412148219942,1.949969447296595
control,c,tt,1.95,-40,-10,5,30e4483a13bcc53219b0e6bd394b9a9eca2a6b1b51bb73166376ebd7edb792a6,True,2.0,-1,correct,0.3223123328649311,397.3677707003753,True,5.391490701227395e-08,1.9499999919814333
candidate,c,tt,1.95,-40,-10,5,0be00449503b1f9354aa14b3e3c60d57758532b993f06835dd4e7f8224c0e522,True,1.0,-1,correct,0.31327163813366954,389.5184189022812,True,0.0003693142240134484,1.949972775736674
candidate,c,tt,1.95,-40,-10,5,0be00449503b1f9354aa14b3e3c60d57758532b993f06835dd4e7f8224c0e522,True,2.0,-1,correct,0.31327163813366954,389.5184189022812,True,5.660664751688927e-08,1.9500000012060534
control,c,tt,1.95,-40,-3,5,ba1be8340b55143948e96122706d01321426b705bd886f84422141799c2007d1,True,1.0,-1,correct,0.4080373197564311,404.134392520293,True,0.0005611259808694438,1.9499594005753806
control,c,tt,1.95,-40,-3,5,ba1be8340b55143948e96122706d01321426b705bd886f84422141799c2007d1,True,2.0,-1,correct,0.4080373197564311,404.134392520293,True,8.079218173831289e-08,1.9500000002340878
candidate,c,tt,1.95,-40,-3,5,b4f5bb28081651f0959656cf03e7369352c86b4511074d4dbd8e8f0b9de221e4,True,1.0,-1,correct,0.3999621215464103,396.03100214010817,True,0.000488658600031846,1.9499643916385907
candidate,c,tt,1.95,-40,-3,5,b4f5bb28081651f0959656cf03e7369352c86b4511074d4dbd8e8f0b9de221e4,True,2.0,-1,correct,0.3999621215464103,396.03100214010817,True,9.843239347817282e-08,1.9500000188145947
control,c,tt,1.95,-40,3,5,1a9096aa5d81600cead9744851c589131448c46c424d32b4cedf22701cc6326b,True,1.0,1,correct,0.39821670127164055,403.4723684990416,True,1.9499607077314691,0.0005424942977983024
control,c,tt,1.95,-40,3,5,1a9096aa5d81600cead9744851c589131448c46c424d32b4cedf22701cc6326b,True,2.0,1,correct,0.39821670127164055,403.4723684990416,True,1.950000002664608,8.160502855024329e-08
candidate,c,tt,1.95,-40,3,5,3cba5b7abc4691c165c870042567ee2986ecee9ecf0b868c8661e15e91098cfa,True,1.0,1,correct,0.3895957422008894,395.3854096912614,True,1.949965467596526,0.0004732512816153188
candidate,c,tt,1.95,-40,3,5,3cba5b7abc4691c165c870042567ee2986ecee9ecf0b868c8661e15e91098cfa,True,2.0,1,correct,0.3895957422008894,395.3854096912614,True,1.9500000117361929,9.151878273580993e-08
control,c,tt,1.95,-40,10,5,8c2e835ea42ea6c30e88d57eaf54272c487bf2b35d6335394f9ff4f0415d6224,True,1.0,1,correct,0.32244159601581807,397.1101745284524,True,1.949969616007661,0.0004152144793054178
control,c,tt,1.95,-40,10,5,8c2e835ea42ea6c30e88d57eaf54272c487bf2b35d6335394f9ff4f0415d6224,True,2.0,1,correct,0.32244159601581807,397.1101745284524,True,1.9499999936710422,5.553889344344596e-08
candidate,c,tt,1.95,-40,10,5,a7373f777745ae38f2d597267b0a62b76ffd1e5cbc502a5461de95a6c4e2c95d,True,1.0,1,correct,0.3096167079578309,389.25788682870206,True,1.9499728460660732,0.00036674879932636196
candidate,c,tt,1.95,-40,10,5,a7373f777745ae38f2d597267b0a62b76ffd1e5cbc502a5461de95a6c4e2c95d,True,2.0,1,correct,0.3096167079578309,389.25788682870206,True,1.9499999517771496,2.4352903143094492e-08
control,c,tt,1.95,27,-10,5,9b66c39943aab54aac9c0a2bd93406cb7ee9e1a90ddb5781328c54defa93f285,True,1.0,-1,correct,0.34032540401110095,421.74602730475794,True,0.0020842684309346935,1.949887265701261
control,c,tt,1.95,27,-10,5,9b66c39943aab54aac9c0a2bd93406cb7ee9e1a90ddb5781328c54defa93f285,True,2.0,-1,correct,0.34032540401110095,421.74602730475794,True,3.0689874940851754e-06,1.9499998862650405
candidate,c,tt,1.95,27,-10,5,5c3bbbcefe4e895e9685381b06a11b8ee4d816ce180e5b0fff5c8daf5a7f7642,True,1.0,-1,correct,0.3338533988087287,413.75355052094216,True,0.001892902700716879,1.949896347581649
candidate,c,tt,1.95,27,-10,5,5c3bbbcefe4e895e9685381b06a11b8ee4d816ce180e5b0fff5c8daf5a7f7642,True,2.0,-1,correct,0.3338533988087287,413.75355052094216,True,2.851720534080025e-06,1.9499999003067527
control,c,tt,1.95,27,-3,5,7a1ce6af88b41ce2166fa1339f12d30d0f3f4f3488e17de309254e06616c93fe,True,1.0,-1,correct,0.40926534478124965,430.35696170423375,True,0.00254976527001877,1.9498632119305173
control,c,tt,1.95,27,-3,5,7a1ce6af88b41ce2166fa1339f12d30d0f3f4f3488e17de309254e06616c93fe,True,2.0,-1,correct,0.40926534478124965,430.35696170423375,True,3.49123478253138e-06,1.9499998642788356
candidate,c,tt,1.95,27,-3,5,43f3a44bceea00a9f279f85aa87dd9b2979c4cbafcebf5842ca893652153f3cb,True,1.0,-1,correct,0.3992004222864991,422.0446882379861,True,0.002295216132427164,1.9498753475059565
candidate,c,tt,1.95,27,-3,5,43f3a44bceea00a9f279f85aa87dd9b2979c4cbafcebf5842ca893652153f3cb,True,2.0,-1,correct,0.3992004222864991,422.0446882379861,True,3.2007384443768338e-06,1.9499998769502294
control,c,tt,1.95,27,3,5,237df88ab0b996dd2954b5d5e0dcaa448db5ceffba4ec967621ed7cb60eeeacc,True,1.0,1,correct,0.4005274151457792,429.35185722766636,True,1.949866209498156,0.0024907205575070415
control,c,tt,1.95,27,3,5,237df88ab0b996dd2954b5d5e0dcaa448db5ceffba4ec967621ed7cb60eeeacc,True,2.0,1,correct,0.4005274151457792,429.35185722766636,True,1.9499998628742572,3.44355556346421e-06
candidate,c,tt,1.95,27,3,5,7426cfae07f5c3c2f41b8929c1a76d4053f9fa9c54758179ee01301cd8b502c1,True,1.0,1,correct,0.3894593245248995,421.0755606974757,True,1.9498779702864475,0.002244412990577932
candidate,c,tt,1.95,27,3,5,7426cfae07f5c3c2f41b8929c1a76d4053f9fa9c54758179ee01301cd8b502c1,True,2.0,1,correct,0.3894593245248995,421.0755606974757,True,1.9499998753874408,3.1596561446783173e-06
control,c,tt,1.95,27,10,5,b32c8a4543d847b9b7c8ff457c041d76a7dbc21704155dd9e16a78060d5149e5,True,1.0,1,correct,0.3388667914696382,421.45678007605017,True,1.9498877408497857,0.0020727942148968245
control,c,tt,1.95,27,10,5,b32c8a4543d847b9b7c8ff457c041d76a7dbc21704155dd9e16a78060d5149e5,True,2.0,1,correct,0.3388667914696382,421.45678007605017,True,1.949999893084505,3.066597658971029e-06
candidate,c,tt,1.95,27,10,5,c1fe326ee41811dacb7d0fd6c5863e1294d8e101f6f1d813129bc419b5563366,True,1.0,1,correct,0.32683807648658036,413.45180721314165,True,1.949896846706785,0.0018827124562051296
candidate,c,tt,1.95,27,10,5,c1fe326ee41811dacb7d0fd6c5863e1294d8e101f6f1d813129bc419b5563366,True,2.0,1,correct,0.32683807648658036,413.45180721314165,True,1.949999926726005,2.873381571742376e-06
control,c,tt,1.95,125,-10,5,d8805ffb698a3937bee9ce80e3aea674c9c55cac1dccff0621178ab5fe7fda22,True,1.0,-1,correct,0.37626962400175995,458.0617237960512,True,0.00909689242077543,1.9496614955017861
control,c,tt,1.95,125,-10,5,d8805ffb698a3937bee9ce80e3aea674c9c55cac1dccff0621178ab5fe7fda22,True,2.0,-1,correct,0.37626962400175995,458.0617237960512,True,0.00021315030249466008,1.9499981789731136
candidate,c,tt,1.95,125,-10,5,32c4f2108825257ceacb7b6bf4381110e555816912eb41efcc14d2708914243e,True,1.0,-1,correct,0.36476619349430905,449.74864369479684,True,0.008465325850398275,1.9496806307507102
candidate,c,tt,1.95,125,-10,5,32c4f2108825257ceacb7b6bf4381110e555816912eb41efcc14d2708914243e,True,2.0,-1,correct,0.36476619349430905,449.74864369479684,True,0.00020850601402310994,1.949998310825103
control,c,tt,1.95,125,-3,5,d4ba3586aec763ebf5272c42a57fbdda3e86642df0a583028d371bec7104bd06,True,1.0,-1,correct,0.4418164725413799,470.43460912071686,True,0.010573457098773933,1.9496092147689588
control,c,tt,1.95,125,-3,5,d4ba3586aec763ebf5272c42a57fbdda3e86642df0a583028d371bec7104bd06,True,2.0,-1,correct,0.4418164725413799,470.43460912071686,True,0.00022235719680165466,1.9499978497910495
candidate,c,tt,1.95,125,-3,5,cfbb806e82b7401b0d149b9d10321e6b7532c9995128f682d65a43c0616bdcee,True,1.0,-1,correct,0.4272527786420996,461.7094913924173,True,0.009780347491296687,1.9496334251054552
candidate,c,tt,1.95,125,-3,5,cfbb806e82b7401b0d149b9d10321e6b7532c9995128f682d65a43c0616bdcee,True,2.0,-1,correct,0.4272527786420996,461.7094913924173,True,0.0002166153369596263,1.9499980441421054
control,c,tt,1.95,125,3,5,2c7f5cd2d8657c0f154121d627601490c8579ba865b828dcfaad2281615ea6d5,True,1.0,1,correct,0.4318310671402081,468.9271550099033,True,1.9496155369487205,0.010389086515626617
control,c,tt,1.95,125,3,5,2c7f5cd2d8657c0f154121d627601490c8579ba865b828dcfaad2281615ea6d5,True,2.0,1,correct,0.4318310671402081,468.9271550099033,True,1.9499978828113504,0.00022143624002257315
candidate,c,tt,1.95,125,3,5,98f7c6546874816c0e7bca8ce39a19196c050c60a701c6c99dc3f2f4d9ed9dfc,True,1.0,1,correct,0.4222232097454884,460.2388670740007,True,1.949639159216223,0.009617385908175015
candidate,c,tt,1.95,125,3,5,98f7c6546874816c0e7bca8ce39a19196c050c60a701c6c99dc3f2f4d9ed9dfc,True,2.0,1,correct,0.4222232097454884,460.2388670740007,True,1.9499980727645587,0.00021582698465075526
control,c,tt,1.95,125,10,5,727636b7d18c69343bd61fc978d635098cad46da62eb07c8f5d21dd28b8076ef,True,1.0,1,correct,0.37227409284455815,457.6244417638947,True,1.949662569809993,0.009054719789159971
control,c,tt,1.95,125,10,5,727636b7d18c69343bd61fc978d635098cad46da62eb07c8f5d21dd28b8076ef,True,2.0,1,correct,0.37227409284455815,457.6244417638947,True,1.9499981689236037,0.00021293430776195496
candidate,c,tt,1.95,125,10,5,10db77d99a573305178a9dc518fec4b4dd2ed5095711e091166b871cfc6ea793,True,1.0,1,correct,0.3631254634763595,449.3206779745954,True,1.9496817281823677,0.00842695236938785
candidate,c,tt,1.95,125,10,5,10db77d99a573305178a9dc518fec4b4dd2ed5095711e091166b871cfc6ea793,True,2.0,1,correct,0.3631254634763595,449.3206779745954,True,1.9499983226709885,0.00020834311736875398
control,c,ss,1.62,-40,-10,5,05864fe8f48e90075815cbcdda8a700d7a9a35851868305e8153f59b05b314e0,True,1.0,-1,correct,0.9918584904529687,239.06432094381387,True,0.31193065106884443,1.4568850307024537
control,c,ss,1.62,-40,-10,5,05864fe8f48e90075815cbcdda8a700d7a9a35851868305e8153f59b05b314e0,True,2.0,-1,correct,0.9918584904529687,239.06432094381387,True,0.03234740363554731,1.6187796338350187
candidate,c,ss,1.62,-40,-10,5,5b3c8281cdfd5863df06afba095965493c7870475c74395b139cb22062822c3c,True,1.0,-1,correct,0.9623342944027811,234.1703958052124,True,0.2786592877531483,1.4855986461513406
candidate,c,ss,1.62,-40,-10,5,5b3c8281cdfd5863df06afba095965493c7870475c74395b139cb22062822c3c,True,2.0,-1,correct,0.9623342944027811,234.1703958052124,True,0.02888627503500237,1.6188633900690426
control,c,ss,1.62,-40,-3,5,3e03111d3feee03cb377f06dd35916d58e54963754adc81f55b32d6b5776996d,True,1.0,0,unresolved,,244.99347389754942,True,0.6626600903790388,1.192496893825827
control,c,ss,1.62,-40,-3,5,3e03111d3feee03cb377f06dd35916d58e54963754adc81f55b32d6b5776996d,True,2.0,-1,correct,1.2417944132248009,244.99347389754942,True,0.046370668210016765,1.6184664336255459
candidate,c,ss,1.62,-40,-3,5,65133cfbc0dbc53add4bf2191efd044ca650bd46148abdf8b4040560e7b83e8c,True,1.0,0,unresolved,,239.8347086163813,True,0.622567333889416,1.1880158011290574
candidate,c,ss,1.62,-40,-3,5,65133cfbc0dbc53add4bf2191efd044ca650bd46148abdf8b4040560e7b83e8c,True,2.0,-1,correct,1.2076527552911411,239.8347086163813,True,0.04157265873268544,1.618560444956361
control,c,ss,1.62,-40,3,5,723052c09aa35a566379c5440321c770abde0249c405c55a95db29952949512a,True,1.0,0,unresolved,,244.79588731578397,True,1.1978970006630842,0.6512848068488171
control,c,ss,1.62,-40,3,5,723052c09aa35a566379c5440321c770abde0249c405c55a95db29952949512a,True,2.0,1,correct,1.2268065564223085,244.79588731578397,True,1.6184788148647882,0.046038023125082934
candidate,c,ss,1.62,-40,3,5,3e6dac548e601071728dae49c5fdbaea8da2bd176f9635bbbd8ed08a6cea99c7,True,1.0,0,unresolved,,239.65378211097178,True,1.1938060809455027,0.6102748888518215
candidate,c,ss,1.62,-40,3,5,3e6dac548e601071728dae49c5fdbaea8da2bd176f9635bbbd8ed08a6cea99c7,True,2.0,1,correct,1.1921123475765794,239.65378211097178,True,1.6185695573741958,0.041270249721346484
control,c,ss,1.62,-40,10,5,83ba03e8db2816aee85d4b807eabb910538b303e5550b53f8530b067afe8af5d,True,1.0,1,correct,0.9918417702841807,238.9774711309338,True,1.4610360841131358,0.3094347047012752
control,c,ss,1.62,-40,10,5,83ba03e8db2816aee85d4b807eabb910538b303e5550b53f8530b067afe8af5d,True,2.0,1,correct,0.9918417702841807,238.9774711309338,True,1.6187827640551142,0.03219271503396284
candidate,c,ss,1.62,-40,10,5,118e621abd57dfc61caeb688d5e69e0f10307832ecad13391333a006aa7123b3,True,1.0,1,correct,0.9621255202003504,234.08933884936397,True,1.4893638004134415,0.27685412850248725
candidate,c,ss,1.62,-40,10,5,118e621abd57dfc61caeb688d5e69e0f10307832ecad13391333a006aa7123b3,True,2.0,1,correct,0.9621255202003504,234.08933884936397,True,1.6188667208236818,0.0287453450644375
control,c,ss,1.62,27,-10,5,f8c2356ce34e61bed6ebc1bf36ffd4d0e4d6b901593564195971cdc1e15605a0,True,1.0,-1,correct,0.8457571880756705,259.8700515455384,True,0.16225326015100305,1.5892281754761304
control,c,ss,1.62,27,-10,5,f8c2356ce34e61bed6ebc1bf36ffd4d0e4d6b901593564195971cdc1e15605a0,True,2.0,-1,correct,0.8457571880756705,259.8700515455384,True,0.014334993765108408,1.6194825159395254
candidate,c,ss,1.62,27,-10,5,7013961350f6c2fe60cf6019bd3ebd0692a36c30be26d7bd000c5ec48fda5f8c,True,1.0,-1,correct,0.8206668642743895,254.84648367190132,True,0.14604355380823766,1.598023416441833
candidate,c,ss,1.62,27,-10,5,7013961350f6c2fe60cf6019bd3ebd0692a36c30be26d7bd000c5ec48fda5f8c,True,2.0,-1,correct,0.8206668642743895,254.84648367190132,True,0.012951288252139922,1.6195223571045432
control,c,ss,1.62,27,-3,5,922f7cde35ce6023ac73da86af519dc038d37b5144193c53efa78df003c336da,True,1.0,0,unresolved,,265.8864071703435,True,0.5085603829408905,1.2073034074830657
control,c,ss,1.62,27,-3,5,922f7cde35ce6023ac73da86af519dc038d37b5144193c53efa78df003c336da,True,2.0,-1,correct,1.0855229834081108,265.8864071703435,True,0.018246358222487533,1.6193669095971752
candidate,c,ss,1.62,27,-3,5,86e4460e7218126f5e8456613d337eedb5e93f80c85a5cab79e8813de4de1ef5,True,1.0,0,unresolved,,260.62701390635226,True,0.44802608329307625,1.2489102638646825
candidate,c,ss,1.62,27,-3,5,86e4460e7218126f5e8456613d337eedb5e93f80c85a5cab79e8813de4de1ef5,True,2.0,-1,correct,1.0550639676749587,260.62701390635226,True,0.016421134146333356,1.6194171365197658
control,c,ss,1.62,27,3,5,73a0745955d75580f9ab53500f0db8973e0d6e7a70ce1e1ca44f52e5d42627b4,True,1.0,0,unresolved,,265.6661825614317,True,1.2285917885957713,0.4828799059182072
control,c,ss,1.62,27,3,5,73a0745955d75580f9ab53500f0db8973e0d6e7a70ce1e1ca44f52e5d42627b4,True,2.0,1,correct,1.0737517537907302,265.6661825614317,True,1.6193718609777021,0.01808191215689898
candidate,c,ss,1.62,27,3,5,76eba12e7c8d2e3b49153cfd5e923379107e99a646d44b32e933c16a7400c828,True,1.0,0,unresolved,,260.40676507465264,True,1.276127381575434,0.4171461862116541
candidate,c,ss,1.62,27,3,5,76eba12e7c8d2e3b49153cfd5e923379107e99a646d44b32e933c16a7400c828,True,2.0,1,correct,1.040643232873211,260.40676507465264,True,1.6194216205348149,0.016276862548474387
control,c,ss,1.62,27,10,5,03cf0f1162f2c59e0d868a59e682af1c183199d75b8e47971a492b720c778612,True,1.0,1,correct,0.8407443665072108,259.7714202176317,True,1.5902601667693528,0.16090587735225456
control,c,ss,1.62,27,10,5,03cf0f1162f2c59e0d868a59e682af1c183199d75b8e47971a492b720c778612,True,2.0,1,correct,0.8407443665072108,259.7714202176317,True,1.619483671495582,0.014286227605705849
candidate,c,ss,1.62,27,10,5,9a005e503864ab20326a614c8691e37b8d4c99ef1c4f6286722f4bc0137f7508,True,1.0,1,correct,0.8156231658490886,254.74913323663344,True,1.5987199712064446,0.14491203937064864
candidate,c,ss,1.62,27,10,5,9a005e503864ab20326a614c8691e37b8d4c99ef1c4f6286722f4bc0137f7508,True,2.0,1,correct,0.8156231658490886,254.74913323663344,True,1.6195235267477233,0.012906746679405931
control,c,ss,1.62,125,-10,5,0a991eee8e0194cba32f390df8e7f243766464d9405b5188aa3011da3b1643d1,True,1.0,-1,correct,0.7952671771119296,288.3276879303091,True,0.13206341498701513,1.6110500696538854
control,c,ss,1.62,125,-10,5,0a991eee8e0194cba32f390df8e7f243766464d9405b5188aa3011da3b1643d1,True,2.0,-1,correct,0.7952671771119296,288.3276879303091,True,0.014024064338946783,1.6196244454200852
candidate,c,ss,1.62,125,-10,5,dcbb4970936c0367fa2003edbf3eb53e9af93de904ffe63778b7d343e56b66c7,True,1.0,-1,correct,0.7740315813510883,283.1121559624105,True,0.12163545909717159,1.6132002450360947
candidate,c,ss,1.62,125,-10,5,dcbb4970936c0367fa2003edbf3eb53e9af93de904ffe63778b7d343e56b66c7,True,2.0,-1,correct,0.7740315813510883,283.1121559624105,True,0.012963371814663654,1.6196462062165229
control,c,ss,1.62,125,-3,5,705678a408e2a0d5fb42a7a736ae8a24f971689bf1df92035bf38bc68fa6fa6a,True,1.0,-1,correct,0.9702679831480387,294.4704837195133,True,0.26416101029382083,1.5244401229036395
control,c,ss,1.62,125,-3,5,705678a408e2a0d5fb42a7a736ae8a24f971689bf1df92035bf38bc68fa6fa6a,True,2.0,-1,correct,0.9702679831480387,294.4704837195133,True,0.016581186759333722,1.619565897215716
candidate,c,ss,1.62,125,-3,5,b9d9b224bcec37daad02ecb1bb63b1247394ecce7a8ce5ed940dc04c88298d4c,True,1.0,-1,correct,0.9438110170303395,289.0329293766134,True,0.22447328021866697,1.5555856872788134
candidate,c,ss,1.62,125,-3,5,b9d9b224bcec37daad02ecb1bb63b1247394ecce7a8ce5ed940dc04c88298d4c,True,2.0,-1,correct,0.9438110170303395,289.0329293766134,True,0.015262768214933569,1.6195925341918616
control,c,ss,1.62,125,3,5,61582eedc05dc97e848bf4f0fde77c88a8404795973855ab6abb5e2f9311b570,True,1.0,1,correct,0.9602694197681011,294.1716846190411,True,1.5368081160595757,0.24995249885279627
control,c,ss,1.62,125,3,5,61582eedc05dc97e848bf4f0fde77c88a8404795973855ab6abb5e2f9311b570,True,2.0,1,correct,0.9602694197681011,294.1716846190411,True,1.6195687927604252,0.01645185921215012
candidate,c,ss,1.62,125,3,5,69851f7f6cc1cf3b1a4ccfc43fc09ada5dcd68da4a2b9672adab9149dccb7bc0,True,1.0,1,correct,0.9317323762282607,288.7461763930455,True,1.5641414172935437,0.213752744328898
candidate,c,ss,1.62,125,3,5,69851f7f6cc1cf3b1a4ccfc43fc09ada5dcd68da4a2b9672adab9149dccb7bc0,True,2.0,1,correct,0.9317323762282607,288.7461763930455,True,1.6195952095569965,0.015147893503126822
control,c,ss,1.62,125,10,5,36640922a9f46dcb3462077f84b8312cd5fe9f0f323d8f42360d5ac7e350b015,True,1.0,1,correct,0.7902673140731513,288.2168225259046,True,1.611300657327937,0.13106295452810565
control,c,ss,1.62,125,10,5,36640922a9f46dcb3462077f84b8312cd5fe9f0f323d8f42360d5ac7e350b015,True,2.0,1,correct,0.7902673140731513,288.2168225259046,True,1.6196250432363832,0.013988002431808082
candidate,c,ss,1.62,125,10,5,108bd63f8ba631251e082b01eb225b1d472c087614822a2f1e370238ad39272d,True,1.0,1,correct,0.7689019124856713,283.00506101309406,True,1.613372874647828,0.12084030767285613
candidate,c,ss,1.62,125,10,5,108bd63f8ba631251e082b01eb225b1d472c087614822a2f1e370238ad39272d,True,2.0,1,correct,0.7689019124856713,283.00506101309406,True,1.6196468466853715,0.012929897487333917
control,c,ss,1.8,-40,-10,5,6729c2e844682d35ab000b27cdd513850562cb4eacbe351e402ed3d4462d442a,True,1.0,-1,correct,0.5189652693814994,318.05174563579,True,0.027562747951326398,1.7980672766558434
control,c,ss,1.8,-40,-10,5,6729c2e844682d35ab000b27cdd513850562cb4eacbe351e402ed3d4462d442a,True,2.0,-1,correct,0.5189652693814994,318.05174563579,True,0.00014556181047253034,1.799988597720147
candidate,c,ss,1.8,-40,-10,5,e05cf8f497651a80470519f16dd46465150ac6447fce41d6c488b1e15ea1c4f4,True,1.0,-1,correct,0.5044053325762494,311.7021933539908,True,0.025023262473349715,1.7982365550345625
candidate,c,ss,1.8,-40,-10,5,e05cf8f497651a80470519f16dd46465150ac6447fce41d6c488b1e15ea1c4f4,True,2.0,-1,correct,0.5044053325762494,311.7021933539908,True,0.00012604015738443405,1.7999900270832838
control,c,ss,1.8,-40,-3,5,31650dcaa98889e7a32ba5f5fe790577bacf1e6df499cfede5c69a419bfe6c6d,True,1.0,-1,correct,0.719026268606469,324.87892472877985,True,0.03587209234101723,1.7942288524489047
control,c,ss,1.8,-40,-3,5,31650dcaa98889e7a32ba5f5fe790577bacf1e6df499cfede5c69a419bfe6c6d,True,2.0,-1,correct,0.719026268606469,324.87892472877985,True,0.00019973341620012507,1.7999846479771475
candidate,c,ss,1.8,-40,-3,5,4e0eb700e9f5b4fe8c707a687ff38d43192d8efdfd493fa90b11943cb435308b,True,1.0,-1,correct,0.6944091335570391,318.26439573683757,True,0.03215803288105611,1.7958869746351747
candidate,c,ss,1.8,-40,-3,5,4e0eb700e9f5b4fe8c707a687ff38d43192d8efdfd493fa90b11943cb435308b,True,2.0,-1,correct,0.6944091335570391,318.26439573683757,True,0.00017149314768613342,1.7999866863412184
control,c,ss,1.8,-40,3,5,d5ce82824c2a156b73e043107b2cbdfaf48003accab6c355f2be6152a4f799ee,True,1.0,1,correct,0.7040347733715692,324.5498583753284,True,1.7949529261660395,0.03507845027320498
control,c,ss,1.8,-40,3,5,d5ce82824c2a156b73e043107b2cbdfaf48003accab6c355f2be6152a4f799ee,True,2.0,1,correct,0.7040347733715692,324.5498583753284,True,1.7999849162415678,0.0001960976174551246
candidate,c,ss,1.8,-40,3,5,a5262fc2e4764b72b77af0a7443c1fc07d2303b886219195970823eb65498488,True,1.0,1,correct,0.6844098945383792,317.94423264429366,True,1.7963249790433706,0.03149431226694747
candidate,c,ss,1.8,-40,3,5,a5262fc2e4764b72b77af0a7443c1fc07d2303b886219195970823eb65498488,True,2.0,1,correct,0.6844098945383792,317.94423264429366,True,1.7999869133374506,0.0001684746594885935
control,c,ss,1.8,-40,10,5,a1468e386cffa084aea16734ae12148351249cdcf1dc7d51b0f7b582940eaa8e,True,1.0,1,correct,0.5137630390466913,317.90028497454966,True,1.7980757066739528,0.02747465707892585
control,c,ss,1.8,-40,10,5,a1468e386cffa084aea16734ae12148351249cdcf1dc7d51b0f7b582940eaa8e,True,2.0,1,correct,0.5137630390466913,317.90028497454966,True,1.7999886258277733,0.00014503660108231963
candidate,c,ss,1.8,-40,10,5,e9d5b3352dd60ce6c75fc757a800ebb53455a0d3840bd8a8b3c0de4f0fbb576e,True,1.0,1,correct,0.49941578385624047,311.5557205274237,True,1.7982427334363766,0.024942304354043106
candidate,c,ss,1.8,-40,10,5,e9d5b3352dd60ce6c75fc757a800ebb53455a0d3840bd8a8b3c0de4f0fbb576e,True,2.0,1,correct,0.49941578385624047,311.5557205274237,True,1.7999900569363219,0.00012558003154694965
control,c,ss,1.8,27,-10,5,9d053ebfb6fd4ad231e5b979da7c72fdc5d9bfd47d02b4025a89b3777244d3af,True,1.0,-1,correct,0.5449717918270289,341.0876271507957,True,0.03524753406921132,1.7982818427757457
control,c,ss,1.8,27,-10,5,9d053ebfb6fd4ad231e5b979da7c72fdc5d9bfd47d02b4025a89b3777244d3af,True,2.0,-1,correct,0.5449717918270289,341.0876271507957,True,0.0004870284568902114,1.799973708911777
candidate,c,ss,1.8,27,-10,5,71c0cf8a98fec60c4b710b1286689b6999eb70671fd11d512c750018c5415587,True,1.0,-1,correct,0.5302025703355303,334.6135716771182,True,0.032679873578408264,1.7983996245230638
candidate,c,ss,1.8,27,-10,5,71c0cf8a98fec60c4b710b1286689b6999eb70671fd11d512c750018c5415587,True,2.0,-1,correct,0.5302025703355303,334.6135716771182,True,0.00043521255289719665,1.7999761722304695
control,c,ss,1.8,27,-3,5,1e6e2ef0055a349b1874c60ab07b38757ab96dc580c20b751f6caa8e2edab17c,True,1.0,-1,correct,0.7004493942396406,347.84957599950593,True,0.04457092336703248,1.795875367343538
control,c,ss,1.8,27,-3,5,1e6e2ef0055a349b1874c60ab07b38757ab96dc580c20b751f6caa8e2edab17c,True,2.0,-1,correct,0.7004493942396406,347.84957599950593,True,0.0006258608904996397,1.7999666323420211
candidate,c,ss,1.8,27,-3,5,d47ac89f497f8846caf29fbe9cf5e37b6eae4028a1ba3e8de695b22e2e8d0374,True,1.0,-1,correct,0.6802051497522911,341.1244668488765,True,0.04065256761070836,1.7969118027536182
candidate,c,ss,1.8,27,-3,5,d47ac89f497f8846caf29fbe9cf5e37b6eae4028a1ba3e8de695b22e2e8d0374,True,2.0,-1,correct,0.6802051497522911,341.1244668488765,True,0.000554428146450081,1.7999700316873526
control,c,ss,1.8,27,3,5,121cb76fd224a61922a01ee901e8c7d4d9613c5c68cb9353e74f0f5a45937df4,True,1.0,1,correct,0.6904507252165791,347.4713548853677,True,1.7963210307279833,0.04362540871203251
control,c,ss,1.8,27,3,5,121cb76fd224a61922a01ee901e8c7d4d9613c5c68cb9353e74f0f5a45937df4,True,2.0,1,correct,0.6904507252165791,347.4713548853677,True,1.7999671541097544,0.0006157675957110759
candidate,c,ss,1.8,27,3,5,22689aa700f8c7b96009660c8eb349c6d58b7edecbc4beef6705e882d181199f,True,1.0,1,correct,0.6702058970603786,340.7568883375328,True,1.7971796060789729,0.03987598431445987
candidate,c,ss,1.8,27,3,5,22689aa700f8c7b96009660c8eb349c6d58b7edecbc4beef6705e882d181199f,True,2.0,1,correct,0.6702058970603786,340.7568883375328,True,1.7999704880952179,0.0005458363887291917
control,c,ss,1.8,27,10,5,ce4d05251a213f7c99f7e5efd8c2517dcc82848f8552614dbb38c3b25ded4b41,True,1.0,1,correct,0.5404174912159798,340.9230191393787,True,1.7982898955308708,0.03513167042675262
control,c,ss,1.8,27,10,5,ce4d05251a213f7c99f7e5efd8c2517dcc82848f8552614dbb38c3b25ded4b41,True,2.0,1,correct,0.5404174912159798,340.9230191393787,True,1.7999737799611757,0.00048531777128384265
candidate,c,ss,1.8,27,10,5,a883414174f5272d48fb0019353ca28c38f2a7b7ce2f62f7ee38a8bc0c4fea72,True,1.0,1,correct,0.5252033827532396,334.4568618621802,True,1.7984055447737801,0.03257454537330539
candidate,c,ss,1.8,27,10,5,a883414174f5272d48fb0019353ca28c38f2a7b7ce2f62f7ee38a8bc0c4fea72,True,2.0,1,correct,0.5252033827532396,334.4568618621802,True,1.7999762474012357,0.00043370049684606095
control,c,ss,1.8,125,-10,5,71456ad564fb18d2ce9522bc57f6fabe8bfb1488b0938c85deccac58c9b68b24,True,1.0,-1,correct,0.5752370095233101,372.50816833292424,True,0.054172611315457954,1.7983039925596391
control,c,ss,1.8,125,-10,5,71456ad564fb18d2ce9522bc57f6fabe8bfb1488b0938c85deccac58c9b68b24,True,2.0,-1,correct,0.5752370095233101,372.50816833292424,True,0.0020038543638870093,1.7999302237950332
candidate,c,ss,1.8,125,-10,5,59172833ada350b0b58fe798850b19e27948445487ef2f86758d05a7e7750feb,True,1.0,-1,correct,0.5588295057290484,365.85577179958455,True,0.051150864760865444,1.7983997779957426
candidate,c,ss,1.8,125,-10,5,59172833ada350b0b58fe798850b19e27948445487ef2f86758d05a7e7750feb,True,2.0,-1,correct,0.5588295057290484,365.85577179958455,True,0.00184005228804408,1.7999349354425793
control,c,ss,1.8,125,-3,5,8ef1660bdeb36efe6528c06a38278ba9b19fe13d94590a2127e826d57cd9660a,True,1.0,-1,correct,0.690080142892189,380.3526734477059,True,0.06318344439314667,1.797251021562859
control,c,ss,1.8,125,-3,5,8ef1660bdeb36efe6528c06a38278ba9b19fe13d94590a2127e826d57cd9660a,True,2.0,-1,correct,0.690080142892189,380.3526734477059,True,0.0023513402133553784,1.7999188292339456
candidate,c,ss,1.8,125,-3,5,55a82ccfa28cc9fc645cc7541acb29d8dda8bc5c7cdb63acc443b64b6ff26a1e,True,1.0,-1,correct,0.6693080948516492,373.4233999522941,True,0.058866971928676154,1.7976910169135045
candidate,c,ss,1.8,125,-3,5,55a82ccfa28cc9fc645cc7541acb29d8dda8bc5c7cdb63acc443b64b6ff26a1e,True,2.0,-1,correct,0.6693080948516492,373.4233999522941,True,0.0021479090910150335,1.7999246996874305
control,c,ss,1.8,125,3,5,df2e3c8d38c475c3ee2ec1f5fbd06d4c7119de97009378d6a8d626fed8d91dfe,True,1.0,1,correct,0.6800705024001286,379.7774306716629,True,1.797403535634236,0.062296169855316066
control,c,ss,1.8,125,3,5,df2e3c8d38c475c3ee2ec1f5fbd06d4c7119de97009378d6a8d626fed8d91dfe,True,2.0,1,correct,0.6800705024001286,379.7774306716629,True,1.7999196365720307,0.0023268953739347094
candidate,c,ss,1.8,125,3,5,c5ec77c5526efd1ef44c44a9c1c3e7e2890ab2dcaa6c2ce7ad9821e3a645f04c,True,1.0,1,correct,0.65931246123535,372.865512513771,True,1.7977906145152496,0.05813933030944073
candidate,c,ss,1.8,125,3,5,c5ec77c5526efd1ef44c44a9c1c3e7e2890ab2dcaa6c2ce7ad9821e3a645f04c,True,2.0,1,correct,0.65931246123535,372.865512513771,True,1.7999254405674232,0.002126414399943285
control,c,ss,1.8,125,10,5,9920700aa01f98a56a00e37b6aba528da593d1661da1ac2a980c123d4502c8ea,True,1.0,1,correct,0.5706272640579181,372.3212815734828,True,1.7983123587290089,0.054013108581675365
control,c,ss,1.8,125,10,5,9920700aa01f98a56a00e37b6aba528da593d1661da1ac2a980c123d4502c8ea,True,2.0,1,correct,0.5706272640579181,372.3212815734828,True,1.79993040615304,0.0019977227014230945
candidate,c,ss,1.8,125,10,5,1e467bb8e8b585ec8842e85ee7eb5db671319a631437fba6bbd59a86904b9597,True,1.0,1,correct,0.5539220417131081,365.67658172257427,True,1.7984059221814055,0.05100634512624992
candidate,c,ss,1.8,125,10,5,1e467bb8e8b585ec8842e85ee7eb5db671319a631437fba6bbd59a86904b9597,True,2.0,1,correct,0.5539220417131081,365.67658172257427,True,1.799935119339638,0.0018344321726281418
control,c,ss,1.95,-40,-10,5,ddc426955b6d3d55963be89b02195b61c2c10de54ea7b96730edff53a25052de,True,1.0,-1,correct,0.4180009307310397,392.32562574189,True,0.004123483872532657,1.9495813429517455
control,c,ss,1.95,-40,-10,5,ddc426955b6d3d55963be89b02195b61c2c10de54ea7b96730edff53a25052de,True,2.0,-1,correct,0.4180009307310397,392.32562574189,True,4.173875120253694e-06,1.9499995818660703
candidate,c,ss,1.95,-40,-10,5,790fb627d76f3d3383ffb9bed382cfbe77608635e2b6e7fed43e28fefd3369f9,True,1.0,-1,correct,0.40707654547801075,384.6076228448336,True,0.003698266378276072,1.9496224266229485
candidate,c,ss,1.95,-40,-10,5,790fb627d76f3d3383ffb9bed382cfbe77608635e2b6e7fed43e28fefd3369f9,True,2.0,-1,correct,0.40707654547801075,384.6076228448336,True,3.5626837832723e-06,1.9499996267101347
control,c,ss,1.95,-40,-3,5,a33d162a97cd0c1fe2ca84c05ac9fb224e97440cc18160e5678a0f91ec2a2e3a,True,1.0,-1,correct,0.5632801848263111,399.5439042868159,True,0.005797000478693593,1.9493516627583547
control,c,ss,1.95,-40,-3,5,a33d162a97cd0c1fe2ca84c05ac9fb224e97440cc18160e5678a0f91ec2a2e3a,True,2.0,-1,correct,0.5632801848263111,399.5439042868159,True,5.924294078094998e-06,1.94999941538097
candidate,c,ss,1.95,-40,-3,5,5a633f3c92847695c31d01e1318daa2e26aba96b85c98fbef45c3d573fa7a2d3,True,1.0,-1,correct,0.5483258724377984,391.561742129372,True,0.005112386656379945,1.949448889165911
candidate,c,ss,1.95,-40,-3,5,5a633f3c92847695c31d01e1318daa2e26aba96b85c98fbef45c3d573fa7a2d3,True,2.0,-1,correct,0.5483258724377984,391.561742129372,True,5.008495600850349e-06,1.9499995038305993
control,c,ss,1.95,-40,3,5,477ebb3bfd196beed255152e64107317343138ab9635e494a7484095bafd6984,True,1.0,1,correct,0.5532222873075403,399.0492497811488,True,1.949387060157834,0.005588800935360818
control,c,ss,1.95,-40,3,5,477ebb3bfd196beed255152e64107317343138ab9635e494a7484095bafd6984,True,2.0,1,correct,0.5532222873075403,399.0492497811488,True,1.9499994323195005,5.743457152613177e-06
candidate,c,ss,1.95,-40,3,5,d72f9dae76e75d3ca85411eb32391e365df523a249d0d1ae69883f69e4f078df,True,1.0,1,correct,0.5381922108928797,391.08096703472916,True,1.9494743078687387,0.004936668141801057
candidate,c,ss,1.95,-40,3,5,d72f9dae76e75d3ca85411eb32391e365df523a249d0d1ae69883f69e4f078df,True,2.0,1,correct,0.5381922108928797,391.08096703472916,True,1.949999516495743,4.860557122283848e-06
control,c,ss,1.95,-40,10,5,909a50d6e4dde17d80921e9385903dfa835b2dd0fadc03765bb50f792aa8ddf5,True,1.0,1,correct,0.41285699311581836,392.1012100839384,True,1.949583251960208,0.004101896117366955
control,c,ss,1.95,-40,10,5,909a50d6e4dde17d80921e9385903dfa835b2dd0fadc03765bb50f792aa8ddf5,True,2.0,1,correct,0.41285699311581836,392.1012100839384,True,1.9499995815871058,4.152564154665354e-06
candidate,c,ss,1.95,-40,10,5,390e50b7a612b1f64b2e2dfe8ba52a29cd08f3ee6d45a4dadea0ec1d29ad6a1f,True,1.0,1,correct,0.40187292914323075,384.3924104058738,True,1.9496241274705308,0.0036791807199083276
candidate,c,ss,1.95,-40,10,5,390e50b7a612b1f64b2e2dfe8ba52a29cd08f3ee6d45a4dadea0ec1d29ad6a1f,True,2.0,1,correct,0.40187292914323075,384.3924104058738,True,1.949999625596064,3.5431901603447946e-06
control,c,ss,1.95,27,-10,5,8b7d8f2e5152ffc87e25c413818100a3692709ad85e76fd3c7dd1f6639b8fd5f,True,1.0,-1,correct,0.4420872837299211,416.97933461625587,True,0.011060942387993006,1.9492881954830796
control,c,ss,1.95,27,-10,5,8b7d8f2e5152ffc87e25c413818100a3692709ad85e76fd3c7dd1f6639b8fd5f,True,2.0,-1,correct,0.4420872837299211,416.97933461625587,True,5.070346113426973e-05,1.949996671954868
candidate,c,ss,1.95,27,-10,5,e6f2d5fc6277212ceb353ea047e835afc91b60c09c874be97880db4c59a69381,True,1.0,-1,correct,0.4322184750155112,409.1541073022399,True,0.010156332112406675,1.9493385076235235
candidate,c,ss,1.95,27,-10,5,e6f2d5fc6277212ceb353ea047e835afc91b60c09c874be97880db4c59a69381,True,2.0,-1,correct,0.4322184750155112,409.1541073022399,True,4.494313200946044e-05,1.9499970099318482
control,c,ss,1.95,27,-3,5,319a6700c9d457c90be981a78bfea60a1b77fd9b27578c712fc197111a4b8a8a,True,1.0,-1,correct,0.5572517857995494,424.49526093434633,True,0.013828884673262746,1.9490763807784262
control,c,ss,1.95,27,-3,5,319a6700c9d457c90be981a78bfea60a1b77fd9b27578c712fc197111a4b8a8a,True,2.0,-1,correct,0.5572517857995494,424.49526093434633,True,6.377219491273725e-05,1.9499958515523383
candidate,c,ss,1.95,27,-3,5,3b7b468398afb5876c7bf93a2ca38d66ebb173da341efdd464ea1a25c5d6b25e,True,1.0,-1,correct,0.5388585195581382,416.41720741089495,True,0.012559240383241398,1.9491686630501783
candidate,c,ss,1.95,27,-3,5,3b7b468398afb5876c7bf93a2ca38d66ebb173da341efdd464ea1a25c5d6b25e,True,2.0,-1,correct,0.5388585195581382,416.41720741089495,True,5.605194291377129e-05,1.949996327554049
control,c,ss,1.95,27,3,5,5402898b8af60676365cb9bd5db35629a1921d373ef4c2c53f2cf704e19e9fe9,True,1.0,1,correct,0.5469693082977796,423.88399809443547,True,1.949104058613532,0.01352280888243636
control,c,ss,1.95,27,3,5,5402898b8af60676365cb9bd5db35629a1921d373ef4c2c53f2cf704e19e9fe9,True,2.0,1,correct,0.5469693082977796,423.88399809443547,True,1.9499959242508087,6.257504963411701e-05
candidate,c,ss,1.95,27,3,5,352ec28a7f02c382e6ad8d98ff471df9f111376c79b8635e004a9ac3f275bb85,True,1.0,1,correct,0.5289398683549384,415.8186453745228,True,1.9491899222549582,0.012292965991774053
candidate,c,ss,1.95,27,3,5,352ec28a7f02c382e6ad8d98ff471df9f111376c79b8635e004a9ac3f275bb85,True,2.0,1,correct,0.5289398683549384,415.8186453745228,True,1.9499963952977077,5.504135927952337e-05
control,c,ss,1.95,27,10,5,910c58c2009d860510ae2d846f20a5e0a415123cb2bcd8d1f41821d82fa1fe94,True,1.0,1,correct,0.4415276767305606,416.74796355469795,True,1.9492910868349644,0.011006683699972791
control,c,ss,1.95,27,10,5,910c58c2009d860510ae2d846f20a5e0a415123cb2bcd8d1f41821d82fa1fe94,True,2.0,1,correct,0.4415276767305606,416.74796355469795,True,1.9499966782769815,5.04727233075212e-05
candidate,c,ss,1.95,27,10,5,d61397adb89036106e60cc650e8cc43006b9e554680b8b246e9d463af4f5bcb4,True,1.0,1,correct,0.4284658978857597,408.9335518010545,True,1.9493412475269734,0.01010783102648773
candidate,c,ss,1.95,27,10,5,d61397adb89036106e60cc650e8cc43006b9e554680b8b246e9d463af4f5bcb4,True,2.0,1,correct,0.4284658978857597,408.9335518010545,True,1.9499970404832612,4.4766996551511333e-05
control,c,ss,1.95,125,-10,5,d32fb925836c0b952915859f877439fd520f1871758d2a0c8dedb1ddc01da915,True,1.0,-1,correct,0.4793165305258503,451.25155483453545,True,0.028055507522162883,1.9489163581818405
control,c,ss,1.95,125,-10,5,d32fb925836c0b952915859f877439fd520f1871758d2a0c8dedb1ddc01da915,True,2.0,-1,correct,0.4793165305258503,451.25155483453545,True,0.000515029386844233,1.9499796412559525
candidate,c,ss,1.95,125,-10,5,33104ee02648662a396282882c45f3714f82e65073daff98d95d818883680602,True,1.0,-1,correct,0.46690188987737097,443.209982415207,True,0.02631462071866446,1.948966943775646
candidate,c,ss,1.95,125,-10,5,33104ee02648662a396282882c45f3714f82e65073daff98d95d818883680602,True,2.0,-1,correct,0.46690188987737097,443.209982415207,True,0.0004714764739443679,1.9499810877116133
control,c,ss,1.95,125,-3,5,8d968bb03eb8a8d14e8c9eacece25d2df61de96b70cb600a51bdb1559d2e1db4,True,1.0,-1,correct,0.5677848040529399,461.45401757285595,True,0.032312176373623824,1.9487309162852597
control,c,ss,1.95,125,-3,5,8d968bb03eb8a8d14e8c9eacece25d2df61de96b70cb600a51bdb1559d2e1db4,True,2.0,-1,correct,0.5677848040529399,461.45401757285595,True,0.0005979721267859616,1.9499764000973716
candidate,c,ss,1.95,125,-3,5,632e0fe998edd4c16cd629da67489c9bf1cca50fe3f18faeac14ac091b9d87e5,True,1.0,-1,correct,0.5497660114310801,453.08088689371897,True,0.030119331599656,1.9488131740931358
candidate,c,ss,1.95,125,-3,5,632e0fe998edd4c16cd629da67489c9bf1cca50fe3f18faeac14ac091b9d87e5,True,2.0,-1,correct,0.5497660114310801,453.08088689371897,True,0.0005444434750797064,1.9499782444089677
control,c,ss,1.95,125,3,5,b6f7fc1187df63ea30fadfbce222474bf52e270fe083baa5dbaf913628857d0b,True,1.0,1,correct,0.5576372857734887,460.4367083444558,True,1.9487542342328106,0.03184843036486524
control,c,ss,1.95,125,3,5,b6f7fc1187df63ea30fadfbce222474bf52e270fe083baa5dbaf913628857d0b,True,2.0,1,correct,0.5576372857734887,460.4367083444558,True,1.9499767028976775,0.0005903518066482359
candidate,c,ss,1.95,125,3,5,a028fef56f1e52ba1b22e9f78184156e0519af28d1b4ca4803e914ef53025a08,True,1.0,1,correct,0.5395208535510108,452.0938337078139,True,1.9488316952499758,0.029708261551124226
candidate,c,ss,1.95,125,3,5,a028fef56f1e52ba1b22e9f78184156e0519af28d1b4ca4803e914ef53025a08,True,2.0,1,correct,0.5395208535510108,452.0938337078139,True,1.949978516560507,0.0005377852736672011
control,c,ss,1.95,125,10,5,61b962e500055817442fffb3f08e0ef231e6170042578e7fabacb5c5fd7ea50d,True,1.0,1,correct,0.4789915468353297,450.95282240502394,True,1.9489193506841,0.02795006081284221
control,c,ss,1.95,125,10,5,61b962e500055817442fffb3f08e0ef231e6170042578e7fabacb5c5fd7ea50d,True,2.0,1,correct,0.4789915468353297,450.95282240502394,True,1.9499797048661804,0.0005131955341302589
candidate,c,ss,1.95,125,10,5,4652d7581f7466327c4af2aa39bf8c2ec3d7ea772250440585e9871a02a66f4f,True,1.0,1,correct,0.46196412063622855,442.9209692527189,True,1.948969814843096,0.026218025766014043
candidate,c,ss,1.95,125,10,5,4652d7581f7466327c4af2aa39bf8c2ec3d7ea772250440585e9871a02a66f4f,True,2.0,1,correct,0.46196412063622855,442.9209692527189,True,1.9499811563324356,0.0004698213185373684
control,c,ff,1.62,-40,-10,5,9ae110a9c10bf80674d9937e74a8e87a28a997f3e384fe8c99998a552bed570b,True,1.0,-1,correct,0.3790314053270495,251.53551789190143,True,0.005634675651941822,1.6197691783157864
control,c,ff,1.62,-40,-10,5,9ae110a9c10bf80674d9937e74a8e87a28a997f3e384fe8c99998a552bed570b,True,2.0,-1,correct,0.3790314053270495,251.53551789190143,True,7.4031653423476515e-06,1.619999709385288
candidate,c,ff,1.62,-40,-10,5,ec2751972d8785ddba501d09a34ac494001119b653449f25c922c8a832241bfb,True,1.0,-1,correct,0.36683854535628074,246.340070422984,True,0.005051556643036372,1.6197895268138331
candidate,c,ff,1.62,-40,-10,5,ec2751972d8785ddba501d09a34ac494001119b653449f25c922c8a832241bfb,True,2.0,-1,correct,0.36683854535628074,246.340070422984,True,6.329679998357682e-06,1.6199997294693436
control,c,ff,1.62,-40,-3,5,d37026fba48bad45320452c16283be84ad87b221511b286272d1cb68b177a9ba,True,1.0,-1,correct,0.48814125007393044,256.70804026351254,True,0.0071853837660568335,1.61971474338642
control,c,ff,1.62,-40,-3,5,d37026fba48bad45320452c16283be84ad87b221511b286272d1cb68b177a9ba,True,2.0,-1,correct,0.48814125007393044,256.70804026351254,True,1.0351452568825763e-05,1.6199995857467604
candidate,c,ff,1.62,-40,-3,5,578f6db03d5026c1e5838eb41cc8f6ccdd7608e3658618112034b285c749cd08,True,1.0,-1,correct,0.47293853222776955,251.31765904157032,True,0.006401154255787448,1.619741215464571
candidate,c,ff,1.62,-40,-3,5,578f6db03d5026c1e5838eb41cc8f6ccdd7608e3658618112034b285c749cd08,True,2.0,-1,correct,0.47293853222776955,251.31765904157032,True,8.797189447225267e-06,1.6199996438935722
control,c,ff,1.62,-40,3,5,5fafc82e54d836ead06417d9eb486b9c0695238e06b4f9bf52a757ca4dde0f08,True,1.0,1,correct,0.48263063963645,256.39738195431227,True,1.619718539842892,0.007076350792105734
control,c,ff,1.62,-40,3,5,5fafc82e54d836ead06417d9eb486b9c0695238e06b4f9bf52a757ca4dde0f08,True,2.0,1,correct,0.48263063963645,256.39738195431227,True,1.6199995868016082,1.0188827883253494e-05
candidate,c,ff,1.62,-40,3,5,94e27c5314880bd3666ff0acff1d91c0b4467054b9aea3c94e1ba8059c67a1bf,True,1.0,1,correct,0.46316419769380884,251.00183307164548,True,1.6197445887786477,0.006307311573598554
candidate,c,ff,1.62,-40,3,5,94e27c5314880bd3666ff0acff1d91c0b4467054b9aea3c94e1ba8059c67a1bf,True,2.0,1,correct,0.46316419769380884,251.00183307164548,True,1.6199996509314973,8.67129121784685e-06
control,c,ff,1.62,-40,10,5,b617567baa05f39308a69a58ff4e546223e5bfef9bbe725e057d368e817a9176,True,1.0,1,correct,0.37902854473418934,251.40340206477822,True,1.6197697294316118,0.0056130400771315205
control,c,ff,1.62,-40,10,5,b617567baa05f39308a69a58ff4e546223e5bfef9bbe725e057d368e817a9176,True,2.0,1,correct,0.37902854473418934,251.40340206477822,True,1.6199997101500179,7.37298946551454e-06
candidate,c,ff,1.62,-40,10,5,3fb4b9b2937c8262c848ba88c2afe685707b9c4961e94a8b01e251074c1f4bfa,True,1.0,1,correct,0.3677758371131407,246.21239975017306,True,1.6197900862443744,0.0050321592623987855
candidate,c,ff,1.62,-40,10,5,3fb4b9b2937c8262c848ba88c2afe685707b9c4961e94a8b01e251074c1f4bfa,True,2.0,1,correct,0.3677758371131407,246.21239975017306,True,1.6199997404986222,6.3138674559858735e-06
control,c,ff,1.62,27,-10,5,23206418ab63ce71683f378cca3a27f33d004dd294255efafcd838dd806fb3b8,True,1.0,-1,correct,0.3878625789823787,271.56667569471693,True,0.008354353935424733,1.6197127746745563
control,c,ff,1.62,27,-10,5,23206418ab63ce71683f378cca3a27f33d004dd294255efafcd838dd806fb3b8,True,2.0,-1,correct,0.3878625789823787,271.56667569471693,True,4.519675682510977e-05,1.6199989654686089
candidate,c,ff,1.62,27,-10,5,b77cde7a16f0febd653331d13e86551cf889bd94ff140cd5e33cdd762bef73ca,True,1.0,-1,correct,0.3780706273262502,266.18388972603645,True,0.007659265009694654,1.619732138376178
candidate,c,ff,1.62,27,-10,5,b77cde7a16f0febd653331d13e86551cf889bd94ff140cd5e33cdd762bef73ca,True,2.0,-1,correct,0.3780706273262502,266.18388972603645,True,4.173742806340221e-05,1.6199990788127696
control,c,ff,1.62,27,-3,5,4765355c8855dbca8d868bab90bffa41563956c807ece39d964690d1df255b3b,True,1.0,-1,correct,0.4791987372427112,277.46777549861145,True,0.010107431766635882,1.6196607201281785
control,c,ff,1.62,27,-3,5,4765355c8855dbca8d868bab90bffa41563956c807ece39d964690d1df255b3b,True,2.0,-1,correct,0.4791987372427112,277.46777549861145,True,5.3685642330616815e-05,1.6199987005069154
candidate,c,ff,1.62,27,-3,5,75fdf9d4ffd0b2b59ca433afff785e46b24ed244517a94606b430d8e0de25452,True,1.0,-1,correct,0.46286778495080844,271.87688680270173,True,0.009213904797114179,1.6196850240195817
candidate,c,ff,1.62,27,-3,5,75fdf9d4ffd0b2b59ca433afff785e46b24ed244517a94606b430d8e0de25452,True,2.0,-1,correct,0.46286778495080844,271.87688680270173,True,4.9004434771105924e-05,1.619998838394708
control,c,ff,1.62,27,3,5,80f66ba2208455be1d6b73a25be105f4c3461316dc48979f9473ccccc576fef4,True,1.0,1,correct,0.4693112744846684,277.0168737253597,True,1.619664721551927,0.009969146714436064
control,c,ff,1.62,27,3,5,80f66ba2208455be1d6b73a25be105f4c3461316dc48979f9473ccccc576fef4,True,2.0,1,correct,0.4693112744846684,277.0168737253597,True,1.6199987176487562,5.31682118110987e-05
candidate,c,ff,1.62,27,3,5,591e4f7afaa6756b6348ed336c6c80fd3850d602f3467fd3293283e3e86e824e,True,1.0,1,correct,0.45785507881669035,271.4366390403533,True,1.6196886500333758,0.009092407118043277
candidate,c,ff,1.62,27,3,5,591e4f7afaa6756b6348ed336c6c80fd3850d602f3467fd3293283e3e86e824e,True,2.0,1,correct,0.45785507881669035,271.4366390403533,True,1.6199988524688886,4.856850845132967e-05
control,c,ff,1.62,27,10,5,6b12893b9ed38d0f68bdb8aeedb512e3b0c7cddb556145aa4040e5bdb4e63afe,True,1.0,1,correct,0.388069173671859,271.41883580105537,True,1.6197133573045908,0.008325049585784741
control,c,ff,1.62,27,10,5,6b12893b9ed38d0f68bdb8aeedb512e3b0c7cddb556145aa4040e5bdb4e63afe,True,2.0,1,correct,0.388069173671859,271.41883580105537,True,1.6199989694918737,4.508930093729183e-05
candidate,c,ff,1.62,27,10,5,afa67682c35b882dee423a69957e453e0ebbcd49d7306f0de768d7ec069e6292,True,1.0,1,correct,0.3728270177126605,266.0396055472017,True,1.6197327131359331,0.007632753216827508
candidate,c,ff,1.62,27,10,5,afa67682c35b882dee423a69957e453e0ebbcd49d7306f0de768d7ec069e6292,True,2.0,1,correct,0.3728270177126605,266.0396055472017,True,1.6199990790519458,4.1640939016165756e-05
control,c,ff,1.62,125,-10,5,9b0e34847a86edd16c5e8e6cfcf50e1f850e53ef9a8d65a4c18669f8ed41eb73,True,1.0,-1,correct,0.41356733010894975,303.2956133236771,True,0.01756300851080821,1.6195002948630468
control,c,ff,1.62,125,-10,5,9b0e34847a86edd16c5e8e6cfcf50e1f850e53ef9a8d65a4c18669f8ed41eb73,True,2.0,-1,correct,0.41356733010894975,303.2956133236771,True,0.0009555093138223159,1.619993858128967
candidate,c,ff,1.62,125,-10,5,df287a4365747ec0a4db71f2458c055e9958c7275080a0493504f2ff5630bfba,True,1.0,-1,correct,0.39954421559061803,297.68054113637197,True,0.016467371680269734,1.6195238179346017
candidate,c,ff,1.62,125,-10,5,df287a4365747ec0a4db71f2458c055e9958c7275080a0493504f2ff5630bfba,True,2.0,-1,correct,0.39954421559061803,297.68054113637197,True,0.0009380132663687861,1.6199943322712678
control,c,ff,1.62,125,-3,5,bac3e6dbdd4c21c4428e9ecc8e29c07d328f09934f4c3beea5a74dca1d172308,True,1.0,-1,correct,0.4913419175161904,311.6736878462477,True,0.020379014944026483,1.6194294138920478
control,c,ff,1.62,125,-3,5,bac3e6dbdd4c21c4428e9ecc8e29c07d328f09934f4c3beea5a74dca1d172308,True,2.0,-1,correct,0.4913419175161904,311.6736878462477,True,0.0010018153066394945,1.6199926818902126
candidate,c,ff,1.62,125,-3,5,9fc43a0569c58b2b91752d4d064ddb86d8dfb431b08c904f1cb8834ca8441c46,True,1.0,-1,correct,0.47798746666445957,305.76061626914674,True,0.01901879693137281,1.6194585790359857
candidate,c,ff,1.62,125,-3,5,9fc43a0569c58b2b91752d4d064ddb86d8dfb431b08c904f1cb8834ca8441c46,True,2.0,-1,correct,0.47798746666445957,305.76061626914674,True,0.0009794258887161147,1.619993289890945
control,c,ff,1.62,125,3,5,b8726122142a9205a6bc121405438512c1fcf9d4c5809a92c9890eeff09e86f6,True,1.0,1,correct,0.4864198202560385,310.9568858827933,True,1.6194351672488145,0.020142532383621802
control,c,ff,1.62,125,3,5,b8726122142a9205a6bc121405438512c1fcf9d4c5809a92c9890eeff09e86f6,True,2.0,1,correct,0.4864198202560385,310.9568858827933,True,1.6199927600218549,0.0009989885828672487
candidate,c,ff,1.62,125,3,5,b66957b7f441a33690fb555df931f5ffef52f0ae5db2b5fecea08d916721a04a,True,1.0,1,correct,0.472850555148731,305.07175166934627,True,1.619463861599604,0.01880640529471899
candidate,c,ff,1.62,125,3,5,b66957b7f441a33690fb555df931f5ffef52f0ae5db2b5fecea08d916721a04a,True,2.0,1,correct,0.472850555148731,305.07175166934627,True,1.6199933616659778,0.0009769814547553992
control,c,ff,1.62,125,10,5,2e78e8a44b552b6c8fd22588f8a77f84b6fcf5ca7ca49c42d0d0818ce2f49e80,True,1.0,1,correct,0.40852204553805005,303.08659502819654,True,1.619501220601573,0.017504463159351717
control,c,ff,1.62,125,10,5,2e78e8a44b552b6c8fd22588f8a77f84b6fcf5ca7ca49c42d0d0818ce2f49e80,True,2.0,1,correct,0.40852204553805005,303.08659502819654,True,1.6199938708096597,0.0009548197254852477
candidate,c,ff,1.62,125,10,5,610f5a993d1afdcd57111de7a2d52faa60408635969c3aa9f5570e52f3c5e0d0,True,1.0,1,correct,0.3994960444711307,297.47794644075685,True,1.6195247683423928,0.016413665383013764
candidate,c,ff,1.62,125,10,5,610f5a993d1afdcd57111de7a2d52faa60408635969c3aa9f5570e52f3c5e0d0,True,2.0,1,correct,0.3994960444711307,297.47794644075685,True,1.6199943437035902,0.0009374025250366781
control,c,ff,1.8,-40,-10,5,79929047d3e366928860f50b4c73ded0bd558c4fb7265b5890874cd5f36622bf,True,1.0,-1,correct,0.29428016460360074,330.8637968034325,True,0.00028210262327455957,1.7999846114257874
control,c,ff,1.8,-40,-10,5,79929047d3e366928860f50b4c73ded0bd558c4fb7265b5890874cd5f36622bf,True,2.0,-1,correct,0.29428016460360074,330.8637968034325,True,2.877699537415435e-07,1.7999999782560978
candidate,c,ff,1.8,-40,-10,5,70775cbcc9ef94262b9e7473ed79ddb673b9c12d558418063eed513eb1a29088,True,1.0,-1,correct,0.28241811599839906,324.1318429931911,True,0.00024899161559403083,1.7999863054581815
candidate,c,ff,1.8,-40,-10,5,70775cbcc9ef94262b9e7473ed79ddb673b9c12d558418063eed513eb1a29088,True,2.0,-1,correct,0.28241811599839906,324.1318429931911,True,3.0762972920129196e-07,1.7999999912946605
control,c,ff,1.8,-40,-3,5,11ff6d1324bc4d3d8e590d0f41940adaeca301a6bf6e47c95f61f785d4fafab4,True,1.0,-1,correct,0.3604743078982797,337.2489682002984,True,0.00036490247473510296,1.7999803494006619
control,c,ff,1.8,-40,-3,5,11ff6d1324bc4d3d8e590d0f41940adaeca301a6bf6e47c95f61f785d4fafab4,True,2.0,-1,correct,0.3604743078982797,337.2489682002984,True,2.951060506168515e-07,1.7999999758750407
candidate,c,ff,1.8,-40,-3,5,edb894b07aa5a198c9725754de35298e4778b1b3b1cedba41a3c5c839388fdb4,True,1.0,-1,correct,0.35170613411183926,330.3085858866273,True,0.0003187721757918809,1.7999826685928717
candidate,c,ff,1.8,-40,-3,5,edb894b07aa5a198c9725754de35298e4778b1b3b1cedba41a3c5c839388fdb4,True,2.0,-1,correct,0.35170613411183926,330.3085858866273,True,3.0385466653671877e-07,1.7999999863651728
control,c,ff,1.8,-40,3,5,859a20c9a5a8d9b7f70cbc5f532fe7cc8d015773657ecf4158add96332bce222,True,1.0,1,correct,0.3551553715499488,336.57766312582726,True,1.7999808968143562,0.0003556248515215059
control,c,ff,1.8,-40,3,5,859a20c9a5a8d9b7f70cbc5f532fe7cc8d015773657ecf4158add96332bce222,True,2.0,1,correct,0.3551553715499488,336.57766312582726,True,1.8000000154395623,3.3568777622829755e-07
candidate,c,ff,1.8,-40,3,5,be0d56b4211925393a071f94ce0d424396187ab043601ac86c4ac69385048ee7,True,1.0,1,correct,0.34238385317494896,329.64759169486894,True,1.7999830842363422,0.00031092887157384
candidate,c,ff,1.8,-40,3,5,be0d56b4211925393a071f94ce0d424396187ab043601ac86c4ac69385048ee7,True,2.0,1,correct,0.34238385317494896,329.64759169486894,True,1.7999999902682051,3.1065647503330616e-07
control,c,ff,1.8,-40,10,5,c639e1a3955349eab638e53708f711bc8cddca1dd2c057d3edd2861308f03499,True,1.0,1,correct,0.2892599518534895,330.6390109153519,True,1.7999847346911904,0.00028058770135265407
control,c,ff,1.8,-40,10,5,c639e1a3955349eab638e53708f711bc8cddca1dd2c057d3edd2861308f03499,True,2.0,1,correct,0.2892599518534895,330.6390109153519,True,1.8000000111143313,3.2164175940019945e-07
candidate,c,ff,1.8,-40,10,5,1e793fdbb1fbcd8070a47a7065373c6c862a936c0531eebead790b718084f428,True,1.0,1,correct,0.28254243437968063,323.9171728413334,True,1.7999863638719695,0.00024762562858297085
candidate,c,ff,1.8,-40,10,5,1e793fdbb1fbcd8070a47a7065373c6c862a936c0531eebead790b718084f428,True,2.0,1,correct,0.28254243437968063,323.9171728413334,True,1.799999992335806,3.081301811603743e-07
control,c,ff,1.8,27,-10,5,92a48bfc473a123ec64b9e287a09cb47c793530998cea6acfa9ce1ef822a6389,True,1.0,-1,correct,0.308811709566788,353.6000851905224,True,0.0013036066781550626,1.7999455304686618
control,c,ff,1.8,27,-10,5,92a48bfc473a123ec64b9e287a09cb47c793530998cea6acfa9ce1ef822a6389,True,2.0,-1,correct,0.308811709566788,353.6000851905224,True,1.8210519102685147e-05,1.7999999567679863
candidate,c,ff,1.8,27,-10,5,d85e67046d6868513660f7bb35b8cb744d634d80e762eced7a4227ae2bd89512,True,1.0,-1,correct,0.3018076106049682,346.6758542309188,True,0.0011829854950425548,1.7999500295954676
candidate,c,ff,1.8,27,-10,5,d85e67046d6868513660f7bb35b8cb744d634d80e762eced7a4227ae2bd89512,True,2.0,-1,correct,0.3018076106049682,346.6758542309188,True,1.813434296062626e-05,1.7999999763770784
control,c,ff,1.8,27,-3,5,692d9390d2f1ca2ed190161dee5fcd83b5279e2f21d050e21e8a90937f529248,True,1.0,-1,correct,0.3732886977880103,362.16001590030805,True,0.0015953941593485534,1.7999338573858172
control,c,ff,1.8,27,-3,5,692d9390d2f1ca2ed190161dee5fcd83b5279e2f21d050e21e8a90937f529248,True,2.0,-1,correct,0.3732886977880103,362.16001590030805,True,1.851087537793775e-05,1.7999999503654225
candidate,c,ff,1.8,27,-3,5,7010efd8204109dfd3de2ff26a1266dd5e6f7b9d0fedc5f9b0cd91822b21b45c,True,1.0,-1,correct,0.35951051907600823,354.951298144274,True,0.0014357204759968827,1.7999397505060912
candidate,c,ff,1.8,27,-3,5,7010efd8204109dfd3de2ff26a1266dd5e6f7b9d0fedc5f9b0cd91822b21b45c,True,2.0,-1,correct,0.35951051907600823,354.951298144274,True,1.8375375858349336e-05,1.7999999437320096
control,c,ff,1.8,27,3,5,da55bf761aa11747d990118f59ebc462fc19e15d7a79dd999dfcfd20e1a878bb,True,1.0,1,correct,0.36337523703173963,361.161927735528,True,1.7999351881445855,0.0015612476855744967
control,c,ff,1.8,27,3,5,da55bf761aa11747d990118f59ebc462fc19e15d7a79dd999dfcfd20e1a878bb,True,2.0,1,correct,0.36337523703173963,361.161927735528,True,1.799999950382577,1.8491524935438203e-05
candidate,c,ff,1.8,27,3,5,a085595c21b109a0df4d35881685bdddb2e5217162d52602e396939e104deb3f,True,1.0,1,correct,0.35464566015375043,353.9798506546984,True,1.7999409151012156,0.001406337175133702
candidate,c,ff,1.8,27,3,5,a085595c21b109a0df4d35881685bdddb2e5217162d52602e396939e104deb3f,True,2.0,1,correct,0.35464566015375043,353.9798506546984,True,1.7999999426723479,1.835932590439705e-05
control,c,ff,1.8,27,10,5,ada200f9e91ff73421be949518194fe46831b721083f3c75162d2689e183c461,True,1.0,1,correct,0.30878520200496073,353.3072606276593,True,1.7999457428322534,0.0012965838084815474
control,c,ff,1.8,27,10,5,ada200f9e91ff73421be949518194fe46831b721083f3c75162d2689e183c461,True,2.0,1,correct,0.30878520200496073,353.3072606276593,True,1.7999999559335862,1.8205607215562417e-05
candidate,c,ff,1.8,27,10,5,d79951c2eb4968abe664e42157c639ca6eb2a4e6d45bc5dd5bb2c5fd787d30a5,True,1.0,1,correct,0.29702696389079813,346.39136797192174,True,1.7999502233861597,0.0011768330644310726
candidate,c,ff,1.8,27,10,5,d79951c2eb4968abe664e42157c639ca6eb2a4e6d45bc5dd5bb2c5fd787d30a5,True,2.0,1,correct,0.29702696389079813,346.39136797192174,True,1.7999999743675843,1.8128728451988783e-05
control,c,ff,1.8,125,-10,5,32f50f39702a4f9da7791104eb5c944a54b4cca4f12670ac3ea06c98dc984853,True,1.0,-1,correct,0.3445581211346604,391.7511544866093,True,0.00645951744543298,1.7998043266283066
control,c,ff,1.8,125,-10,5,32f50f39702a4f9da7791104eb5c944a54b4cca4f12670ac3ea06c98dc984853,True,2.0,-1,correct,0.3445581211346604,391.7511544866093,True,0.0008433062683655527,1.7999989868271749
candidate,c,ff,1.8,125,-10,5,c01c2411a20b095624f5ac29d06f89230281e9c481e886a7be2d9d82419262a8,True,1.0,-1,correct,0.33293089493288003,384.50095834188477,True,0.006044460535624067,1.7998160879891816
candidate,c,ff,1.8,125,-10,5,c01c2411a20b095624f5ac29d06f89230281e9c481e886a7be2d9d82419262a8,True,2.0,-1,correct,0.33293089493288003,384.50095834188477,True,0.0008413232402484834,1.7999990520662548
control,c,ff,1.8,125,-3,5,90eedaae462769862b7aaadc7d872bf57fce0e1bdaff995fc7022f3e0eaaacee,True,1.0,-1,correct,0.4078527503113091,403.56906184236726,True,0.00748990881522868,1.7997709618815756
control,c,ff,1.8,125,-3,5,90eedaae462769862b7aaadc7d872bf57fce0e1bdaff995fc7022f3e0eaaacee,True,2.0,-1,correct,0.4078527503113091,403.56906184236726,True,0.0008517493403936225,1.7999988553294852
candidate,c,ff,1.8,125,-3,5,6da816edbb737fdd82ae44de34f80b76a872e6354b97fbae177a09946168cfb1,True,1.0,-1,correct,0.39613018537014044,395.8993862265564,True,0.00695903933441127,1.7997861560284238
candidate,c,ff,1.8,125,-3,5,6da816edbb737fdd82ae44de34f80b76a872e6354b97fbae177a09946168cfb1,True,2.0,-1,correct,0.39613018537014044,395.8993862265564,True,0.000849147953638928,1.7999989261387013
control,c,ff,1.8,125,3,5,eba753a16d266aa9704f897a1af72c260d93260f4110caa01863556ee1098717,True,1.0,1,correct,0.4033307203259501,402.1694565451372,True,1.799774716815709,0.007367983659781358
control,c,ff,1.8,125,3,5,eba753a16d266aa9704f897a1af72c260d93260f4110caa01863556ee1098717,True,2.0,1,correct,0.4033307203259501,402.1694565451372,True,1.7999988619390195,0.0008513364744067453
candidate,c,ff,1.8,125,3,5,f6e22fbe7c7cb5d224ce188d8fe4d4f8c3e93c200c2573b254eab7dbf213257b,True,1.0,1,correct,0.39074176551736856,394.53336280319905,True,1.7997896000560765,0.006851613903228663
candidate,c,ff,1.8,125,3,5,f6e22fbe7c7cb5d224ce188d8fe4d4f8c3e93c200c2573b254eab7dbf213257b,True,2.0,1,correct,0.39074176551736856,394.53336280319905,True,1.7999989362978057,0.0008487870254295496
control,c,ff,1.8,125,10,5,a9982b39f408e3e665815b85a79749df62dd6ed2069caabe19bd00bca7276a41,True,1.0,1,correct,0.34412397028888947,391.33885571746595,True,1.7998050022530663,0.006431062009997212
control,c,ff,1.8,125,10,5,a9982b39f408e3e665815b85a79749df62dd6ed2069caabe19bd00bca7276a41,True,2.0,1,correct,0.34412397028888947,391.33885571746595,True,1.7999989900167532,0.0008432134823430166
candidate,c,ff,1.8,125,10,5,52677b85c18e921e9d99eb7388cba1c6a174f055284f78e17272904a323e5593,True,1.0,1,correct,0.33252437203692875,384.1031692450118,True,1.7998167586239988,0.0060188006186082735
candidate,c,ff,1.8,125,10,5,52677b85c18e921e9d99eb7388cba1c6a174f055284f78e17272904a323e5593,True,2.0,1,correct,0.33252437203692875,384.1031692450118,True,1.7999990523137945,0.0008412311268168418
control,c,ff,1.95,-40,-10,5,744f50ed820ad6df5843026ce1670b3e90711832a2a7465f6cbd43e5ec354d93,True,1.0,-1,correct,0.25104075561674066,405.14321234637987,True,3.639957650057449e-05,1.9499977839447684
control,c,ff,1.95,-40,-10,5,744f50ed820ad6df5843026ce1670b3e90711832a2a7465f6cbd43e5ec354d93,True,2.0,-1,correct,0.25104075561674066,405.14321234637987,True,3.6734236036812676e-07,1.9500000122154262
candidate,c,ff,1.95,-40,-10,5,6924ae056894581d51aee04d178712324b7df047a1d1237015535a7ad591f81d,True,1.0,-1,correct,0.24542648787691887,397.0240941022587,True,3.178295563597174e-05,1.9499980651884288
candidate,c,ff,1.95,-40,-10,5,6924ae056894581d51aee04d178712324b7df047a1d1237015535a7ad591f81d,True,2.0,-1,correct,0.24542648787691887,397.0240941022587,True,3.714407778006604e-07,1.950000020055451
control,c,ff,1.95,-40,-3,5,e512d51c145b6834626da677058f5013d1595b6e715fc8f73c86ecfbb3f27980,True,1.0,-1,correct,0.30323545956019876,414.09177932019986,True,4.695877694776565e-05,1.9499971052632101
control,c,ff,1.95,-40,-3,5,e512d51c145b6834626da677058f5013d1595b6e715fc8f73c86ecfbb3f27980,True,2.0,-1,correct,0.30323545956019876,414.09177932019986,True,3.4447121179766814e-07,1.9499999906606087
candidate,c,ff,1.95,-40,-3,5,ad8e530f60c8b6a48e0c3d47327a360e9101a62c93ed3328064733226f928efc,True,1.0,-1,correct,0.2934933863574192,405.6701562140757,True,4.053250425224416e-05,1.9499974750698357
candidate,c,ff,1.95,-40,-3,5,ad8e530f60c8b6a48e0c3d47327a360e9101a62c93ed3328064733226f928efc,True,2.0,-1,correct,0.2934933863574192,405.6701562140757,True,3.41494510884021e-07,1.9499999866590163
control,c,ff,1.95,-40,3,5,43aa3e48d30072f0eda01a0bde887471520c5d4a5b39610ea6d956dd90df138b,True,1.0,1,correct,0.29844388292095836,412.7854394669232,True,1.9499971952946464,4.5368996778656356e-05
control,c,ff,1.95,-40,3,5,43aa3e48d30072f0eda01a0bde887471520c5d4a5b39610ea6d956dd90df138b,True,2.0,1,correct,0.29844388292095836,412.7854394669232,True,1.9499999888564266,3.4219672026953096e-07
candidate,c,ff,1.95,-40,3,5,01a9dfc3011fc7ab7127ba329aafcc33db16f54525b6c4ca44f30099dbf334be,True,1.0,1,correct,0.28882332747469,404.39099032385263,True,1.9499975519721322,3.922502663950662e-05
candidate,c,ff,1.95,-40,3,5,01a9dfc3011fc7ab7127ba329aafcc33db16f54525b6c4ca44f30099dbf334be,True,2.0,1,correct,0.28882332747469,404.39099032385263,True,1.9499999841694498,3.380392270502195e-07
control,c,ff,1.95,-40,10,5,107f409f7f22503d5ee166d84169440fd5af8531eaecd81f3dc8d12b829213fc,True,1.0,1,correct,0.251157360588441,404.76196736667583,True,1.9499977963849657,3.611183778689126e-05
control,c,ff,1.95,-40,10,5,107f409f7f22503d5ee166d84169440fd5af8531eaecd81f3dc8d12b829213fc,True,2.0,1,correct,0.251157360588441,404.76196736667583,True,1.9500000113106435,3.659801340832979e-07
candidate,c,ff,1.95,-40,10,5,9427a606fca35c05438f7aaaa9f9d32d36d277fc0862a2e8228269d20b12263e,True,1.0,1,correct,0.24060755395617833,396.6520175521881,True,1.9499980748513686,3.1543002472665145e-05
candidate,c,ff,1.95,-40,10,5,9427a606fca35c05438f7aaaa9f9d32d36d277fc0862a2e8228269d20b12263e,True,2.0,1,correct,0.24060755395617833,396.6520175521881,True,1.9500000184717237,3.698088260933153e-07
control,c,ff,1.95,27,-10,5,f90ac6bf35739fbb20ea027582daf70936bdcb766721c6840092f18a4b0dda43,True,1.0,-1,correct,0.2716458047758103,431.0811782923204,True,0.00036077395306374576,1.9499838064173347
control,c,ff,1.95,27,-10,5,f90ac6bf35739fbb20ea027582daf70936bdcb766721c6840092f18a4b0dda43,True,2.0,-1,correct,0.2716458047758103,431.0811782923204,True,2.0091617855974673e-05,1.9499999982401852
candidate,c,ff,1.95,27,-10,5,a8ff9a3cb424c6337bc69145835a0bdaf51c897215b2035bbedd3c8fdc8a9c64,True,1.0,-1,correct,0.2634994306744189,422.70572834910814,True,0.0003262031945722898,1.9499852444724326
candidate,c,ff,1.95,27,-10,5,a8ff9a3cb424c6337bc69145835a0bdaf51c897215b2035bbedd3c8fdc8a9c64,True,2.0,-1,correct,0.2634994306744189,422.70572834910814,True,2.006603815487492e-05,1.9499999766565566
control,c,ff,1.95,27,-3,5,83172c2ef458bcc7f8e4ae43356c0ef202109e89d1cc0e112eda622469435cff,True,1.0,-1,correct,0.3253598706580096,442.8486319322395,True,0.0004402406495164159,1.9499801145468547
control,c,ff,1.95,27,-3,5,83172c2ef458bcc7f8e4ae43356c0ef202109e89d1cc0e112eda622469435cff,True,2.0,-1,correct,0.3253598706580096,442.8486319322395,True,2.0178645404417886e-05,1.949999978731246
candidate,c,ff,1.95,27,-3,5,75dadb67551803a24cb248823ef5f7499f4e1b935f19635578fc90945b2e8ef9,True,1.0,-1,correct,0.3125144665059383,434.04393931929,True,0.00039423890400800614,1.9499821096004546
candidate,c,ff,1.95,27,-3,5,75dadb67551803a24cb248823ef5f7499f4e1b935f19635578fc90945b2e8ef9,True,2.0,-1,correct,0.3125144665059383,434.04393931929,True,2.0178930267492557e-05,1.9499999860859132
control,c,ff,1.95,27,3,5,e466efe9f206706107fe3ddf2fd77647634a6062535157f8b3134700c5127de9,True,1.0,1,correct,0.3150779884494897,441.049087773072,True,1.949980727399063,0.000427995776145889
control,c,ff,1.95,27,3,5,e466efe9f206706107fe3ddf2fd77647634a6062535157f8b3134700c5127de9,True,2.0,1,correct,0.3150779884494897,441.049087773072,True,1.9500000143861513,2.021817206272856e-05
candidate,c,ff,1.95,27,3,5,62dadf23a0293595c2e376fb3e757dcfa519ce8280c263f8d8e05ad4bd9015a9,True,1.0,1,correct,0.30769067828912033,432.31780710394116,True,1.9499825743576475,0.0003839559493380026
candidate,c,ff,1.95,27,3,5,62dadf23a0293595c2e376fb3e757dcfa519ce8280c263f8d8e05ad4bd9015a9,True,2.0,1,correct,0.30769067828912033,432.31780710394116,True,1.9499999850630356,2.017751214072031e-05
control,c,ff,1.95,27,10,5,d5ed676fc94f25793487bbe096aec6628baad771ee3c1e338c7994221583b4f3,True,1.0,1,correct,0.2716426277933208,430.5679031670238,True,1.9499838989966827,0.00035827256172547324
control,c,ff,1.95,27,10,5,d5ed676fc94f25793487bbe096aec6628baad771ee3c1e338c7994221583b4f3,True,2.0,1,correct,0.2716426277933208,430.5679031670238,True,1.9499999987266732,2.009119126662358e-05
candidate,c,ff,1.95,27,10,5,983416fc2dcb58f7e01f401448f9a24b22d62a5c9a862c72e294611989ea8a72,True,1.0,1,correct,0.2639998936758302,422.20363137569564,True,1.9499853181895803,0.00032401332461793995
candidate,c,ff,1.95,27,10,5,983416fc2dcb58f7e01f401448f9a24b22d62a5c9a862c72e294611989ea8a72,True,2.0,1,correct,0.2639998936758302,422.20363137569564,True,1.949999972038506,2.0063589607091606e-05
control,c,ff,1.95,125,-10,5,67111187fcf2d84214d38fa2bdadc8dda6f6c4b90390edbd17f4957cca3fb4ed,True,1.0,-1,correct,0.31274888845085985,475.596431081648,True,0.0034424261337016285,1.9499042393102552
control,c,ff,1.95,125,-10,5,67111187fcf2d84214d38fa2bdadc8dda6f6c4b90390edbd17f4957cca3fb4ed,True,2.0,-1,correct,0.31274888845085985,475.596431081648,True,0.0009221757978065459,1.949999506027785
candidate,c,ff,1.95,125,-10,5,7694c30a780679e49fbbd3ad582ec729480c50ed9f71b51ec940d99e0ddeef4b,True,1.0,-1,correct,0.3027911515469385,466.8033682332579,True,0.003242606103616045,1.9499106838820122
candidate,c,ff,1.95,125,-10,5,7694c30a780679e49fbbd3ad582ec729480c50ed9f71b51ec940d99e0ddeef4b,True,2.0,-1,correct,0.3027911515469385,466.8033682332579,True,0.0009217625184469167,1.9499995197664302
control,c,ff,1.95,125,-3,5,d832d85a779fa663b0e3f9a23c4582840b6cb5a28feec0857d0c00927cca2cbf,True,1.0,-1,correct,0.36855042295551976,491.1588668443498,True,0.0039263054992561015,1.9498867113673448
control,c,ff,1.95,125,-3,5,d832d85a779fa663b0e3f9a23c4582840b6cb5a28feec0857d0c00927cca2cbf,True,2.0,-1,correct,0.36855042295551976,491.1588668443498,True,0.0009265580644255555,1.9499994736280393
candidate,c,ff,1.95,125,-3,5,f798cd6455a653230a4574e5ff071f400306883fbc655ff4d819d107cc28543b,True,1.0,-1,correct,0.35763430633899923,481.77377823698475,True,0.00366766343724772,1.9498951068801542
candidate,c,ff,1.95,125,-3,5,f798cd6455a653230a4574e5ff071f400306883fbc655ff4d819d107cc28543b,True,2.0,-1,correct,0.35763430633899923,481.77377823698475,True,0.0009260416509842894,1.9499994963411778
control,c,ff,1.95,125,3,5,fe6533afa763bfadb159901f72f2a117a6ca5eeb72817574c2cb701d7dbbc257,True,1.0,1,correct,0.3592609795795384,488.772129655858,True,1.949889340191376,0.0038524056785361727
control,c,ff,1.95,125,3,5,fe6533afa763bfadb159901f72f2a117a6ca5eeb72817574c2cb701d7dbbc257,True,2.0,1,correct,0.3592609795795384,488.772129655858,True,1.9499994747643195,0.0009264431152468479
candidate,c,ff,1.95,125,3,5,f1da28526858c9f0eb3aace9ed16db12bb4b50b851ee743d4b13c66d0adb64d9,True,1.0,1,correct,0.3473864236125196,479.51446751880195,True,1.949897381394344,0.003604112259726525
candidate,c,ff,1.95,125,3,5,f1da28526858c9f0eb3aace9ed16db12bb4b50b851ee743d4b13c66d0adb64d9,True,2.0,1,correct,0.3473864236125196,479.51446751880195,True,1.949999500908268,0.0009259612723624684
control,c,ff,1.95,125,10,5,f195aca11edd61400e0e2c134c8bb30c909b48fc9cc406a5d3fca2051008c498,True,1.0,1,correct,0.3106806801300606,474.90175205172267,True,1.9499047612931184,0.003425395725028143
control,c,ff,1.95,125,10,5,f195aca11edd61400e0e2c134c8bb30c909b48fc9cc406a5d3fca2051008c498,True,2.0,1,correct,0.3106806801300606,474.90175205172267,True,1.9499995034105397,0.0009221309292166762
candidate,c,ff,1.95,125,10,5,3da02aec9db7401df14bbab3fb92d2229e5f334165b1d89ea0721692ed33f01a,True,1.0,1,correct,0.3020795078327905,466.14360593311875,True,1.9499110980644252,0.003227764308582004
candidate,c,ff,1.95,125,10,5,3da02aec9db7401df14bbab3fb92d2229e5f334165b1d89ea0721692ed33f01a,True,2.0,1,correct,0.3020795078327905,466.14360593311875,True,1.9499995240680714,0.0009217584192581173
control,c,sf,1.62,-40,-10,5,0ced5b4b4ee11f3a69c1ed0f5c043b4568a59760bed000895ec9ab1e2d5642f4,True,1.0,-1,correct,0.4783349141587003,258.20235350580606,True,0.002960808370874385,1.6194049740436427
control,c,sf,1.62,-40,-10,5,0ced5b4b4ee11f3a69c1ed0f5c043b4568a59760bed000895ec9ab1e2d5642f4,True,2.0,-1,correct,0.4783349141587003,258.20235350580606,True,2.1441605816024774e-06,1.619999650737691
candidate,c,sf,1.62,-40,-10,5,de48733f946a77bcf0393364c0c8611e7de6558e5746758bbcf5d83ddc075667,True,1.0,-1,correct,0.466126159115668,252.88055265120352,True,0.0026396566444616193,1.6195052730323725
candidate,c,sf,1.62,-40,-10,5,de48733f946a77bcf0393364c0c8611e7de6558e5746758bbcf5d83ddc075667,True,2.0,-1,correct,0.466126159115668,252.88055265120352,True,1.8240363414561258e-06,1.6199997109030353
control,c,sf,1.62,-40,-3,5,449043124bbf3064e5b64d0f8acc020a089c56a9777c181fa5ce864a72d56e11,True,1.0,-1,correct,0.6936011162800193,262.99796341788954,True,0.006079550049150765,1.6158116913587877
control,c,sf,1.62,-40,-3,5,449043124bbf3064e5b64d0f8acc020a089c56a9777c181fa5ce864a72d56e11,True,2.0,-1,correct,0.6936011162800193,262.99796341788954,True,4.655533463721872e-06,1.6199992562078345
candidate,c,sf,1.62,-40,-3,5,c2c32db720e89575a2e24f436f52a851fd26592d157b80f8ad15b68e95f28735,True,1.0,-1,correct,0.6711464354382308,257.49692177372356,True,0.005276614784303702,1.617141852295369
candidate,c,sf,1.62,-40,-3,5,c2c32db720e89575a2e24f436f52a851fd26592d157b80f8ad15b68e95f28735,True,2.0,-1,correct,0.6711464354382308,257.49692177372356,True,3.851374554486988e-06,1.6199993911142043
control,c,sf,1.62,-40,3,5,af971bf849447225052ab55d7b6bb1393a0bedd0bf000d02f963b08c6421025a,True,1.0,1,correct,0.6686195590885787,262.64627941556574,True,1.616814484875275,0.005526531930737925
control,c,sf,1.62,-40,3,5,af971bf849447225052ab55d7b6bb1393a0bedd0bf000d02f963b08c6421025a,True,2.0,1,correct,0.6686195590885787,262.64627941556574,True,1.619999319371333,4.2579924081172905e-06
candidate,c,sf,1.62,-40,3,5,2b1a01e61de3a3e6e6467014a5ca217668b8b8f0fddf1578e0e85e120e94aa80,True,1.0,1,correct,0.6510550951046589,257.1530816016832,True,1.6178062800745665,0.004806963474494474
candidate,c,sf,1.62,-40,3,5,2b1a01e61de3a3e6e6467014a5ca217668b8b8f0fddf1578e0e85e120e94aa80,True,2.0,1,correct,0.6510550951046589,257.1530816016832,True,1.6199994430925806,3.5301396277273016e-06
control,c,sf,1.62,-40,10,5,a1940bd75cf237fbdde006577ea26ee3fde4884ab15bbf85cc8a88786e885f58,True,1.0,1,correct,0.4732909745924498,258.04785134029737,True,1.6194167756218178,0.002932424764398981
control,c,sf,1.62,-40,10,5,a1940bd75cf237fbdde006577ea26ee3fde4884ab15bbf85cc8a88786e885f58,True,2.0,1,correct,0.4732909745924498,258.04785134029737,True,1.6199996527959648,2.1236515853820137e-06
candidate,c,sf,1.62,-40,10,5,2cfdf209a6445f484ec5e216f0c0c64147cd071bd79ada13c709f5506dc9d635,True,1.0,1,correct,0.46114381414467875,252.73001055211364,True,1.6195134262188515,0.0026149915582203446
candidate,c,sf,1.62,-40,10,5,2cfdf209a6445f484ec5e216f0c0c64147cd071bd79ada13c709f5506dc9d635,True,2.0,1,correct,0.46114381414467875,252.73001055211364,True,1.6199997128217614,1.807231805263408e-06
control,c,sf,1.62,27,-10,5,d9dbb6910af4b155e1ca26de03e2a511fb80260c39bc0282ee0f19808b5c0212,True,1.0,-1,correct,0.470285311206931,277.6460078402963,True,0.005764197890190833,1.6193696914232591
control,c,sf,1.62,27,-10,5,d9dbb6910af4b155e1ca26de03e2a511fb80260c39bc0282ee0f19808b5c0212,True,2.0,-1,correct,0.470285311206931,277.6460078402963,True,1.3773507585820875e-05,1.6199985680702662
candidate,c,sf,1.62,27,-10,5,f697f0c111a4755e2498894423e49052841367741d5188edfa0958ac720966c8,True,1.0,-1,correct,0.4590815072555607,272.1801994821928,True,0.005254934321670797,1.619438911584537
candidate,c,sf,1.62,27,-10,5,f697f0c111a4755e2498894423e49052841367741d5188edfa0958ac720966c8,True,2.0,-1,correct,0.4590815072555607,272.1801994821928,True,1.2056578310080875e-05,1.6199987386498995
control,c,sf,1.62,27,-3,5,0453e488f2643e77c44a31a63ab4d368f7333c6ba36d8b33b94b80a814ee24c7,True,1.0,-1,correct,0.6469670081578589,282.5378817101102,True,0.008873689496629289,1.6181844397120297
control,c,sf,1.62,27,-3,5,0453e488f2643e77c44a31a63ab4d368f7333c6ba36d8b33b94b80a814ee24c7,True,2.0,-1,correct,0.6469670081578589,282.5378817101102,True,2.1911023344496896e-05,1.619997725145942
candidate,c,sf,1.62,27,-3,5,838d8895dc134fae0fa3a00a67ccfaefc6db29950fec9c6291f482694f6a9c3b,True,1.0,-1,correct,0.6287461219385392,276.8637067430595,True,0.007922615970529102,1.6186616298257306
candidate,c,sf,1.62,27,-3,5,838d8895dc134fae0fa3a00a67ccfaefc6db29950fec9c6291f482694f6a9c3b,True,2.0,-1,correct,0.6287461219385392,276.8637067430595,True,1.883566149191668e-05,1.619998052815413
control,c,sf,1.62,27,3,5,14adc60f57db3e5a057b40acc9dd9f9734d7a2cccff448cae78e18ef9993e0ba,True,1.0,1,correct,0.6270398554438608,282.1149123772581,True,1.618469758823331,0.008409349227270754
control,c,sf,1.62,27,3,5,14adc60f57db3e5a057b40acc9dd9f9734d7a2cccff448cae78e18ef9993e0ba,True,2.0,1,correct,0.6270398554438608,282.1149123772581,True,1.619997832531985,2.0842800836866973e-05
candidate,c,sf,1.62,27,3,5,b04341de783b7b0185014f853e7af46fd8ea5e4c5a9b211376f8a36d7084b9b9,True,1.0,1,correct,0.6084074247957103,276.4569306499889,True,1.618843483151711,0.007526409576465083
candidate,c,sf,1.62,27,3,5,b04341de783b7b0185014f853e7af46fd8ea5e4c5a9b211376f8a36d7084b9b9,True,2.0,1,correct,0.6084074247957103,276.4569306499889,True,1.619998138532661,1.7949144220852763e-05
control,c,sf,1.62,27,10,5,263f6d64bd40430eeab0a8dea6b049056e2d6d103d2f7196cc7fb1cb861b51a1,True,1.0,1,correct,0.4651307367941697,277.48159483141995,True,1.619377108022629,0.005716971350642347
control,c,sf,1.62,27,10,5,263f6d64bd40430eeab0a8dea6b049056e2d6d103d2f7196cc7fb1cb861b51a1,True,2.0,1,correct,0.4651307367941697,277.48159483141995,True,1.6199985783742674,1.3665178149493355e-05
candidate,c,sf,1.62,27,10,5,f9df5cae271cb5473c87eb5792ea7dc651f3e1ad3e9ea2d4036df0a82fe0f9d9,True,1.0,1,correct,0.45287498945157845,272.00918897202257,True,1.6194443288675318,0.005213572240053668
candidate,c,sf,1.62,27,10,5,f9df5cae271cb5473c87eb5792ea7dc651f3e1ad3e9ea2d4036df0a82fe0f9d9,True,2.0,1,correct,0.45287498945157845,272.00918897202257,True,1.6199987351854859,1.195148535369519e-05
control,c,sf,1.62,125,-10,5,9e163fd72da645d055c9b9a10ba8d4e76fd873a1cc0c9497c995d256f48389aa,True,1.0,-1,correct,0.4488337814380501,304.34880267163106,True,0.013339930230455753,1.6191624872566213
control,c,sf,1.62,125,-10,5,9e163fd72da645d055c9b9a10ba8d4e76fd873a1cc0c9497c995d256f48389aa,True,2.0,-1,correct,0.4488337814380501,304.34880267163106,True,0.00011770308313959205,1.6199916896379594
candidate,c,sf,1.62,125,-10,5,b6f50d758ded9ad7c5563384c7b90fb7ce354dec521934f5892953149558cfba,True,1.0,-1,correct,0.4364049694145483,298.66506377451645,True,0.012427096011577184,1.6192167893845069
candidate,c,sf,1.62,125,-10,5,b6f50d758ded9ad7c5563384c7b90fb7ce354dec521934f5892953149558cfba,True,2.0,-1,correct,0.4364049694145483,298.66506377451645,True,0.00010645194522195809,1.6199923790065813
control,c,sf,1.62,125,-3,5,6b82cd5a4ba468f66f0298c64696456b9513481aa56093f615884fca9c820774,True,1.0,-1,correct,0.5655952945952796,310.6633633854214,True,0.01636851582916079,1.6188413871056384
control,c,sf,1.62,125,-3,5,6b82cd5a4ba468f66f0298c64696456b9513481aa56093f615884fca9c820774,True,2.0,-1,correct,0.5655952945952796,310.6633633854214,True,0.00014836429118350548,1.6199898458349673
candidate,c,sf,1.62,125,-3,5,fd3688405c6bed89528df91421b09bbc2748e207c0ca323008b5451d85057e5d,True,1.0,-1,correct,0.5535133938034807,304.78794501618415,True,0.015113225317192292,1.6189799393658333
candidate,c,sf,1.62,125,-3,5,fd3688405c6bed89528df91421b09bbc2748e207c0ca323008b5451d85057e5d,True,2.0,-1,correct,0.5535133938034807,304.78794501618415,True,0.00013296782666495733,1.6199907502711726
control,c,sf,1.62,125,3,5,b7d5338b99943b693867a0ea8381e361b0a71e31248dcbded5ed32503c9a69cd,True,1.0,1,correct,0.5561934496278893,310.0019452280286,True,1.6188959860017988,0.015999045043600998
control,c,sf,1.62,125,3,5,b7d5338b99943b693867a0ea8381e361b0a71e31248dcbded5ed32503c9a69cd,True,2.0,1,correct,0.5561934496278893,310.0019452280286,True,1.619990031444351,0.0001451674694828726
candidate,c,sf,1.62,125,3,5,4add6328fd86e172509e6c38f0da00c0abe6aa697b21ba74b1e3e0ccf29bef65,True,1.0,1,correct,0.5384339806124487,304.13817181879534,True,1.6190175863392877,0.014789299561163203
candidate,c,sf,1.62,125,3,5,4add6328fd86e172509e6c38f0da00c0abe6aa697b21ba74b1e3e0ccf29bef65,True,2.0,1,correct,0.5384339806124487,304.13817181879534,True,1.6199909127515613,0.00013023838704681278
control,c,sf,1.62,125,10,5,98ced5e832c5d2917a5cd9dbdc7f7d9c0cf1b09ff23852e9f5a813e07cbda3c7,True,1.0,1,correct,0.44378637491096873,304.1448874502176,True,1.6191666455271294,0.013270785480304614
control,c,sf,1.62,125,10,5,98ced5e832c5d2917a5cd9dbdc7f7d9c0cf1b09ff23852e9f5a813e07cbda3c7,True,2.0,1,correct,0.44378637491096873,304.1448874502176,True,1.6199917395317651,0.00011711818213742205
candidate,c,sf,1.62,125,10,5,6f61d9ceadd5fba9d7ecf5eae5390f06b994b9aec456c76fa027397bb7acfc37,True,1.0,1,correct,0.43124770031094073,298.4721442310642,True,1.619220128697825,0.012365352463907487
candidate,c,sf,1.62,125,10,5,6f61d9ceadd5fba9d7ecf5eae5390f06b994b9aec456c76fa027397bb7acfc37,True,2.0,1,correct,0.43124770031094073,298.4721442310642,True,1.6199924040845528,0.00010592959738334499
control,c,sf,1.8,-40,-10,5,aee2663f9e4770b5df4c9a141ad703078e9050560fa399c454805303309fcfb3,True,1.0,-1,correct,0.39822500275405837,338.42797929138914,True,0.00019892156852372665,1.7999496896815823
control,c,sf,1.8,-40,-10,5,aee2663f9e4770b5df4c9a141ad703078e9050560fa399c454805303309fcfb3,True,2.0,-1,correct,0.39822500275405837,338.42797929138914,True,4.322617125814759e-09,1.7999999852851876
candidate,c,sf,1.8,-40,-10,5,1417ecde4f6ac960703aa47065548cb34b36088fcce79cab7653124cef8fb946,True,1.0,-1,correct,0.38741136983015967,331.6029781496516,True,0.00017288542692598971,1.799958456617145
candidate,c,sf,1.8,-40,-10,5,1417ecde4f6ac960703aa47065548cb34b36088fcce79cab7653124cef8fb946,True,2.0,-1,correct,0.38741136983015967,331.6029781496516,True,1.5057722191461536e-08,1.7999999946394325
control,c,sf,1.8,-40,-3,5,4c17f982e807eb674883f1579e15646d0ff3cde0e83bae0e2e8a05d594148a7f,True,1.0,-1,correct,0.5271501111044582,343.5848326296621,True,0.0004323321248285698,1.799844817130336
control,c,sf,1.8,-40,-3,5,4c17f982e807eb674883f1579e15646d0ff3cde0e83bae0e2e8a05d594148a7f,True,2.0,-1,correct,0.5271501111044582,343.5848326296621,True,2.8475871439436198e-08,1.7999999831674514
candidate,c,sf,1.8,-40,-3,5,d0803213da9b1b14707f9fa4fd259dd8a403769be82005343ba59242c9385182,True,1.0,-1,correct,0.5143270273224891,336.5760704207412,True,0.0003627250705992428,1.7998874664120954
candidate,c,sf,1.8,-40,-3,5,d0803213da9b1b14707f9fa4fd259dd8a403769be82005343ba59242c9385182,True,2.0,-1,correct,0.5143270273224891,336.5760704207412,True,4.713554960677067e-09,1.7999999631306811
control,c,sf,1.8,-40,3,5,016843923acac1290c05f44e9d1180ffe3d27d20a3be52943d2efeddfccfd8b4,True,1.0,1,correct,0.5098309300735904,343.00301735330066,True,1.7998728524890002,0.00038026128177135203
control,c,sf,1.8,-40,3,5,016843923acac1290c05f44e9d1180ffe3d27d20a3be52943d2efeddfccfd8b4,True,2.0,1,correct,0.5098309300735904,343.00301735330066,True,1.7999999648280527,-8.228515927711138e-09
candidate,c,sf,1.8,-40,3,5,89b58938d3b19c596731b50bc5b867bd96c1adac76fab983ad30558b5e83b2bb,True,1.0,1,correct,0.49451006453361857,335.9908198061564,True,1.7999059578787435,0.0003205095719892041
candidate,c,sf,1.8,-40,3,5,89b58938d3b19c596731b50bc5b867bd96c1adac76fab983ad30558b5e83b2bb,True,2.0,1,correct,0.49451006453361857,335.9908198061564,True,1.799999961639321,1.0173902322742627e-09
control,c,sf,1.8,-40,10,5,e1a3491461a3a60e0b1f2a00cccbd5bffb62538e55442bebce96e40116bddaa9,True,1.0,1,correct,0.3931805725954801,338.18446824345796,True,1.7999509093233164,0.000194883973938081
control,c,sf,1.8,-40,10,5,e1a3491461a3a60e0b1f2a00cccbd5bffb62538e55442bebce96e40116bddaa9,True,2.0,1,correct,0.3931805725954801,338.18446824345796,True,1.7999999858170355,4.752170163084808e-09
candidate,c,sf,1.8,-40,10,5,37fd6ffd77d72a3759de479b3769165473643ae07e3807c4d9d441fec19aeedc,True,1.0,1,correct,0.3826280363087403,331.3660790270069,True,1.799959344457108,0.00016950465100334732
candidate,c,sf,1.8,-40,10,5,37fd6ffd77d72a3759de479b3769165473643ae07e3807c4d9d441fec19aeedc,True,2.0,1,correct,0.3826280363087403,331.3660790270069,True,1.7999999920615068,1.1997004844286201e-08
control,c,sf,1.8,27,-10,5,7b003f8cf7120560bebaf8a364f089c6d6b622cc74ff2da8db7b2f4da6ee71f4,True,1.0,-1,correct,0.39321971302342057,359.8210231634445,True,0.0009821651657272589,1.799871108966283
control,c,sf,1.8,27,-10,5,7b003f8cf7120560bebaf8a364f089c6d6b622cc74ff2da8db7b2f4da6ee71f4,True,2.0,-1,correct,0.39321971302342057,359.8210231634445,True,3.6763295957129096e-07,1.7999999286053996
candidate,c,sf,1.8,27,-10,5,a12e413732c84ee124eec91bbe04cdd249708f450ca4d759e4d86d86e0571183,True,1.0,-1,correct,0.37998775392638084,352.83299574052796,True,0.0008825844216362984,1.7998851444401922
candidate,c,sf,1.8,27,-10,5,a12e413732c84ee124eec91bbe04cdd249708f450ca4d759e4d86d86e0571183,True,2.0,-1,correct,0.37998775392638084,352.83299574052796,True,3.5853893526451413e-07,1.7999999708206513
control,c,sf,1.8,27,-3,5,b134ae85f45f813e18ba0d4642bb4d8b23f5af8b0868a9b18c22c6bcf738687f,True,1.0,-1,correct,0.4956541964843589,365.9099932904262,True,0.001417989796241619,1.7998011733221069
control,c,sf,1.8,27,-3,5,b134ae85f45f813e18ba0d4642bb4d8b23f5af8b0868a9b18c22c6bcf738687f,True,2.0,-1,correct,0.4956541964843589,365.9099932904262,True,5.296319700434493e-07,1.799999897083329
candidate,c,sf,1.8,27,-3,5,224952045bada1d791c35c4b04562e6ab9c1ba453c84aa87570a156bd5d4098a,True,1.0,-1,correct,0.4796312524882394,358.7195395335677,True,0.0012517256870453446,1.799830749599286
candidate,c,sf,1.8,27,-3,5,224952045bada1d791c35c4b04562e6ab9c1ba453c84aa87570a156bd5d4098a,True,2.0,-1,correct,0.4796312524882394,358.7195395335677,True,4.3791477377668383e-07,1.7999999032147238
control,c,sf,1.8,27,3,5,c27574e8d0766f1545be7aece00b17371938d4f357c379698dbdad528c0ba739,True,1.0,1,correct,0.4821287324690694,365.0787527242395,True,1.799815269966619,0.0013392862740301186
control,c,sf,1.8,27,3,5,c27574e8d0766f1545be7aece00b17371938d4f357c379698dbdad528c0ba739,True,2.0,1,correct,0.4821287324690694,365.0787527242395,True,1.799999922641155,5.265360908522997e-07
candidate,c,sf,1.8,27,3,5,e2d076eddb04ebb1ec15aa01d743ac433c4d840e04330c4baa22697ae226cd1f,True,1.0,1,correct,0.4645036957275296,357.88687702131716,True,1.7998413869521095,0.0011844974253037526
candidate,c,sf,1.8,27,3,5,e2d076eddb04ebb1ec15aa01d743ac433c4d840e04330c4baa22697ae226cd1f,True,2.0,1,correct,0.4645036957275296,357.88687702131716,True,1.799999906414087,4.1523698829208225e-07
control,c,sf,1.8,27,10,5,9919fd257ac3facdd1b32fc7433d3cc68ae1cf0a42014717517705ac83e6a4e1,True,1.0,1,correct,0.38808064397601083,359.5481339508842,True,1.7998725301706966,0.0009706916598979242
control,c,sf,1.8,27,10,5,9919fd257ac3facdd1b32fc7433d3cc68ae1cf0a42014717517705ac83e6a4e1,True,2.0,1,correct,0.38808064397601083,359.5481339508842,True,1.7999999306874643,3.6540480235251455e-07
candidate,c,sf,1.8,27,10,5,4256d4cdf83ab62cf4b1b0816e785387cdbdd125177fb08caf8a75b6e4ddcb73,True,1.0,1,correct,0.3748924727683198,352.5697877113532,True,1.7998863202477098,0.000872606861632829
candidate,c,sf,1.8,27,10,5,4256d4cdf83ab62cf4b1b0816e785387cdbdd125177fb08caf8a75b6e4ddcb73,True,2.0,1,correct,0.3748924727683198,352.5697877113532,True,1.7999999692125883,3.530175874717764e-07
control,c,sf,1.8,125,-10,5,4bde9420117cd416ebabe529f598264a6633aead3c1bb3ef862ffb5cf55d006d,True,1.0,-1,correct,0.37643530147786836,390.25451697299377,True,0.0045551106727419865,1.7996598092392337
control,c,sf,1.8,125,-10,5,4bde9420117cd416ebabe529f598264a6633aead3c1bb3ef862ffb5cf55d006d,True,2.0,-1,correct,0.37643530147786836,390.25451697299377,True,1.4051745352247965e-05,1.799998217596881
candidate,c,sf,1.8,125,-10,5,adc6d6bf54b7d7f5a0774f4c17c4a732ec322bd6d110bf15266bcc3f31d6b648,True,1.0,-1,correct,0.36831012709228095,383.0114388693133,True,0.0042075565602509735,1.7996835300422487
candidate,c,sf,1.8,125,-10,5,adc6d6bf54b7d7f5a0774f4c17c4a732ec322bd6d110bf15266bcc3f31d6b648,True,2.0,-1,correct,0.36831012709228095,383.0114388693133,True,1.2685463561312696e-05,1.7999982917126935
control,c,sf,1.8,125,-3,5,0411f9634d4aab836ed028c7cbf8df87c51649f7f6dc99245a1c5715757de3d8,True,1.0,-1,correct,0.46067120772126885,399.36620452963103,True,0.005555141113965462,1.7995839968861562
control,c,sf,1.8,125,-3,5,0411f9634d4aab836ed028c7cbf8df87c51649f7f6dc99245a1c5715757de3d8,True,2.0,-1,correct,0.46067120772126885,399.36620452963103,True,1.698443229835691e-05,1.7999979728615174
candidate,c,sf,1.8,125,-3,5,fb75fc0e70adfefd749ffb4ffa2696c2bd4d66589de7467eee4c6fc920c86d10,True,1.0,-1,correct,0.44612287180483806,391.82662816884044,True,0.005086329916243507,1.7996184202264893
candidate,c,sf,1.8,125,-3,5,fb75fc0e70adfefd749ffb4ffa2696c2bd4d66589de7467eee4c6fc920c86d10,True,2.0,-1,correct,0.44612287180483806,391.82662816884044,True,1.525758491214052e-05,1.7999981339341633
control,c,sf,1.8,125,3,5,1c8182e9b9cbf4a8630430e1f74f502cbc8c818197cd5e695f1c48e4b75b3714,True,1.0,1,correct,0.45053235221226895,398.0071755238849,True,1.7995965369823588,0.005393807018851658
control,c,sf,1.8,125,3,5,1c8182e9b9cbf4a8630430e1f74f502cbc8c818197cd5e695f1c48e4b75b3714,True,2.0,1,correct,0.45053235221226895,398.0071755238849,True,1.7999980011346186,1.6559832916793494e-05
candidate,c,sf,1.8,125,3,5,8d9f14d2b526f35efde424803eba8ec17402de87603a155d1ed3e1514e4260a2,True,1.0,1,correct,0.43729283344934095,390.4959761111453,True,1.7996289784091217,0.004945584326004848
candidate,c,sf,1.8,125,3,5,8d9f14d2b526f35efde424803eba8ec17402de87603a155d1ed3e1514e4260a2,True,2.0,1,correct,0.43729283344934095,390.4959761111453,True,1.7999981451662534,1.4881602471718151e-05
control,c,sf,1.8,125,10,5,32fc035620871010c896dc7b77b660610c4a9e144c9049fbfc846e47d9183d4d,True,1.0,1,correct,0.37609343253074984,389.8659493940242,True,1.7996616932731262,0.004523060201530457
control,c,sf,1.8,125,10,5,32fc035620871010c896dc7b77b660610c4a9e144c9049fbfc846e47d9183d4d,True,2.0,1,correct,0.37609343253074984,389.8659493940242,True,1.7999982255781748,1.3972549948520435e-05
candidate,c,sf,1.8,125,10,5,229650054f31e0c362abfe0b4e725d7bad37ba8565b3c20542c962c66e98f8a1,True,1.0,1,correct,0.3637299077748996,382.6412125905173,True,1.7996852176106766,0.0041790667709445195
candidate,c,sf,1.8,125,10,5,229650054f31e0c362abfe0b4e725d7bad37ba8565b3c20542c962c66e98f8a1,True,2.0,1,correct,0.3637299077748996,382.6412125905173,True,1.7999982913131074,1.260621372517689e-05
control,c,sf,1.95,-40,-10,5,61d991c9852d5aa43860ab612d41d5d75103ac401416190480cc87f77bd23a31,True,1.0,-1,correct,0.3507395008553401,412.7878350174066,True,2.952076073364916e-05,1.9499908814156466
control,c,sf,1.95,-40,-10,5,61d991c9852d5aa43860ab612d41d5d75103ac401416190480cc87f77bd23a31,True,2.0,-1,correct,0.3507395008553401,412.7878350174066,True,-1.6389193611329646e-08,1.9499999735601055
candidate,c,sf,1.95,-40,-10,5,237d6917b13f78613cc52a910d536284aaf51c76ffd555b27c2c8afb7bef4d47,True,1.0,-1,correct,0.33902383575332845,404.57686575362595,True,2.528110358816008e-05,1.9499927143049194
candidate,c,sf,1.95,-40,-10,5,237d6917b13f78613cc52a910d536284aaf51c76ffd555b27c2c8afb7bef4d47,True,2.0,-1,correct,0.33902383575332845,404.57686575362595,True,3.082362659225324e-08,1.9500000150431969
control,c,sf,1.95,-40,-3,5,3c0f2407500b450fa0f93bbe2aefc96b250f1051ac0d8c80003b202b1bcf4cb5,True,1.0,-1,correct,0.43474655761596903,418.9307041830147,True,5.5996813947117806e-05,1.9499806409237506
control,c,sf,1.95,-40,-3,5,3c0f2407500b450fa0f93bbe2aefc96b250f1051ac0d8c80003b202b1bcf4cb5,True,2.0,-1,correct,0.43474655761596903,418.9307041830147,True,3.952892831407465e-08,1.9500000244111413
candidate,c,sf,1.95,-40,-3,5,3a23ce3a5bd43922116ab6308e00929e7d56ab14f83eb01d7e80ee018af0a037,True,1.0,-1,correct,0.42355841650850923,410.5006954328054,True,4.624560397681438e-05,1.9499853997923988
candidate,c,sf,1.95,-40,-3,5,3a23ce3a5bd43922116ab6308e00929e7d56ab14f83eb01d7e80ee018af0a037,True,2.0,-1,correct,0.42355841650850923,410.5006954328054,True,2.4091431613821777e-08,1.9500000094012204
control,c,sf,1.95,-40,3,5,69dc4b8c10a67dfe2969390ed4b408103ee19ab8f38bf0bd5ca98a85c9fccc77,True,1.0,1,correct,0.42074961007075906,417.8965646475045,True,1.9499833380336424,4.953807163986789e-05
control,c,sf,1.95,-40,3,5,69dc4b8c10a67dfe2969390ed4b408103ee19ab8f38bf0bd5ca98a85c9fccc77,True,2.0,1,correct,0.42074961007075906,417.8965646475045,True,1.9500000182225943,3.2993595598383094e-08
candidate,c,sf,1.95,-40,3,5,b4561af0617749359da0babd62630ec3837d0d6116c6ce16ebacbdba15948a59,True,1.0,1,correct,0.4084828838939095,409.4835920699335,True,1.9499871892793132,4.102559698148029e-05
candidate,c,sf,1.95,-40,3,5,b4561af0617749359da0babd62630ec3837d0d6116c6ce16ebacbdba15948a59,True,2.0,1,correct,0.4084828838939095,409.4835920699335,True,1.9499999830063766,-5.87175513235659e-09
control,c,sf,1.95,-40,10,5,88aaa09927cb0393024b9549bea7bc5033bc836d37ba0b1ad1a50fc2061c4695,True,1.0,1,correct,0.341860295433451,412.4506130668219,True,1.9499911664044107,2.8822334468325675e-05
control,c,sf,1.95,-40,10,5,88aaa09927cb0393024b9549bea7bc5033bc836d37ba0b1ad1a50fc2061c4695,True,2.0,1,correct,0.341860295433451,412.4506130668219,True,1.949999988808558,-6.440452037072351e-11
candidate,c,sf,1.95,-40,10,5,4fc2e1fa6082975768e30fdf639811b7931b59604cd3c014be4b764911457a75,True,1.0,1,correct,0.3332980985325099,404.2445199795147,True,1.9499928586150388,2.4649076569042282e-05
candidate,c,sf,1.95,-40,10,5,4fc2e1fa6082975768e30fdf639811b7931b59604cd3c014be4b764911457a75,True,2.0,1,correct,0.3332980985325099,404.2445199795147,True,1.9500000057730953,2.0127052981955732e-08
control,c,sf,1.95,27,-10,5,134dcd4b671e1ced848b15adcebd2b9035934159c0111bb8fdec3bd006e1548d,True,1.0,-1,correct,0.3445237004857299,436.45729799348254,True,0.00027055970904381186,1.949958854550659
control,c,sf,1.95,27,-10,5,134dcd4b671e1ced848b15adcebd2b9035934159c0111bb8fdec3bd006e1548d,True,2.0,-1,correct,0.3445237004857299,436.45729799348254,True,1.6076410695542332e-08,1.9499999622351856
candidate,c,sf,1.95,27,-10,5,790f8a979f785b72058eb604a1488dbf6143ba4e39f7f22a58e10e31b246f290,True,1.0,-1,correct,0.33402541389529067,428.05427126562654,True,0.0002411087312251043,1.9499636861009362
candidate,c,sf,1.95,27,-10,5,790f8a979f785b72058eb604a1488dbf6143ba4e39f7f22a58e10e31b246f290,True,2.0,-1,correct,0.33402541389529067,428.05427126562654,True,5.3719638188868585e-08,1.9500000007994212
control,c,sf,1.95,27,-3,5,ae2400e63a127efa10f600f00d1f3cb9cdcf6382c8f45f7030e6396b2bd37449,True,1.0,-1,correct,0.41809455088517955,444.961009056399,True,0.00037616960753170375,1.9499419534951703
control,c,sf,1.95,27,-3,5,ae2400e63a127efa10f600f00d1f3cb9cdcf6382c8f45f7030e6396b2bd37449,True,2.0,-1,correct,0.41809455088517955,444.961009056399,True,3.907832426552736e-08,1.9499999708723386
candidate,c,sf,1.95,27,-3,5,3161d33c371932fe4bc4746971ce4b6533100f1d056bcbeabd2bdbb8efb9ee38,True,1.0,-1,correct,0.40616882792168807,436.25290446450384,True,0.00032940117442828865,1.9499500177250944
candidate,c,sf,1.95,27,-3,5,3161d33c371932fe4bc4746971ce4b6533100f1d056bcbeabd2bdbb8efb9ee38,True,2.0,-1,correct,0.40616882792168807,436.25290446450384,True,6.043208507286188e-08,1.9499999969169624
control,c,sf,1.95,27,3,5,c7a1046b6fa6c38c67eaa144b196bdc1ae84963672be1c9571b66db3712d2d20,True,1.0,1,correct,0.40318501477409074,443.38058008959183,True,1.9499457349296219,0.00035303577386717837
control,c,sf,1.95,27,3,5,c7a1046b6fa6c38c67eaa144b196bdc1ae84963672be1c9571b66db3712d2d20,True,2.0,1,correct,0.40318501477409074,443.38058008959183,True,1.949999970293453,3.585691284747603e-08
candidate,c,sf,1.95,27,3,5,4165e59d68f3e60729b251f0ed3d37dee95645c1c0c1cbe089e967ae5de13f7a,True,1.0,1,correct,0.3911503583749199,434.71254373645684,True,1.9499530397081057,0.0003100826168303351
candidate,c,sf,1.95,27,3,5,4165e59d68f3e60729b251f0ed3d37dee95645c1c0c1cbe089e967ae5de13f7a,True,2.0,1,correct,0.3911503583749199,434.71254373645684,True,1.949999997297874,5.913834025577309e-08
control,c,sf,1.95,27,10,5,9862b0573c9dc3ab095cf08c1d5e2fbdb4982bd557ace53249e6c665c1aae6fc,True,1.0,1,correct,0.3393840790897201,436.00765154705283,True,1.9499593609452133,0.00026683578745467096
control,c,sf,1.95,27,10,5,9862b0573c9dc3ab095cf08c1d5e2fbdb4982bd557ace53249e6c665c1aae6fc,True,2.0,1,correct,0.3393840790897201,436.00765154705283,True,1.9499999635653145,1.7395281479933065e-08
candidate,c,sf,1.95,27,10,5,7f8704ca1a9d97e0dc7ecd05a4dd5b6424ac197d67ec4ab610a958aac0749bec,True,1.0,1,correct,0.3291895490154988,427.61583510817627,True,1.9499641147804807,0.0002379302711402451
candidate,c,sf,1.95,27,10,5,7f8704ca1a9d97e0dc7ecd05a4dd5b6424ac197d67ec4ab610a958aac0749bec,True,2.0,1,correct,0.3291895490154988,427.61583510817627,True,1.9500000029364102,5.601629170876924e-08
control,c,sf,1.95,125,-10,5,da558f7ffbeb6b98c2ca770ee2f0793781fc3a6b5e5a8ee798544fe5cc30d215,True,1.0,-1,correct,0.3392213873745091,471.0940332612667,True,0.0020697523327379975,1.9498258171872238
control,c,sf,1.95,125,-10,5,da558f7ffbeb6b98c2ca770ee2f0793781fc3a6b5e5a8ee798544fe5cc30d215,True,2.0,-1,correct,0.3392213873745091,471.0940332612667,True,4.1602492004544045e-06,1.9499988644177833
candidate,c,sf,1.95,125,-10,5,e6b9fb79c6154034a393081a67ccf5ea52a62ae4cc456755aea61fa498288324,True,1.0,-1,correct,0.32855363832745915,462.3733012597178,True,0.0019011599554136422,1.949839141908177
candidate,c,sf,1.95,125,-10,5,e6b9fb79c6154034a393081a67ccf5ea52a62ae4cc456755aea61fa498288324,True,2.0,-1,correct,0.32855363832745915,462.3733012597178,True,3.9244783317836585e-06,1.9499989161354208
control,c,sf,1.95,125,-3,5,bff46710bfb11659f41fa35a9516407dbfdd2711b7931de5c91f55fc5b36bcdc,True,1.0,-1,correct,0.40878940420177934,483.4445885298554,True,0.002522402048963735,1.9497883245179708
control,c,sf,1.95,125,-3,5,bff46710bfb11659f41fa35a9516407dbfdd2711b7931de5c91f55fc5b36bcdc,True,2.0,-1,correct,0.40878940420177934,483.4445885298554,True,4.752846222077986e-06,1.9499988511859663
candidate,c,sf,1.95,125,-3,5,0c85db1c9de10ebd8e1257d9a65607d9bd180358a90c16aa476a74f4dd4fa09e,True,1.0,-1,correct,0.3948353415102293,474.32716981889024,True,0.0022961811052323,1.9498064963747639
candidate,c,sf,1.95,125,-3,5,0c85db1c9de10ebd8e1257d9a65607d9bd180358a90c16aa476a74f4dd4fa09e,True,2.0,-1,correct,0.3948353415102293,474.32716981889024,True,4.412598267478404e-06,1.9499988940166981
control,c,sf,1.95,125,3,5,90f0c2399059af109ecbeecbc6034a3902ee823dc8d1c5c0b082611ad4552819,True,1.0,1,correct,0.3945224220677605,481.1362423284313,True,1.949795792093666,0.0024319677956639927
control,c,sf,1.95,125,3,5,90f0c2399059af109ecbeecbc6034a3902ee823dc8d1c5c0b082611ad4552819,True,2.0,1,correct,0.3945224220677605,481.1362423284313,True,1.9499988656281668,4.662922017166205e-06
candidate,c,sf,1.95,125,3,5,45db950f17f64cd0f906441a77ab6fc5acc615ac8575cd2ae93fdd711fa7e250,True,1.0,1,correct,0.38622085104153886,472.0630623378769,True,1.9498129020275559,0.0022178294599740555
candidate,c,sf,1.95,125,3,5,45db950f17f64cd0f906441a77ab6fc5acc615ac8575cd2ae93fdd711fa7e250,True,2.0,1,correct,0.38622085104153886,472.0630623378769,True,1.9499988886697432,4.3122613338202485e-06
control,c,sf,1.95,125,10,5,491c3e6dbe4b737d6f32287c76e7e8ca75109a700184c32d3de23083169f0a22,True,1.0,1,correct,0.3350440799464207,470.42793483529186,True,1.9498271137905658,0.0020514470593163067
control,c,sf,1.95,125,10,5,491c3e6dbe4b737d6f32287c76e7e8ca75109a700184c32d3de23083169f0a22,True,2.0,1,correct,0.3350440799464207,470.42793483529186,True,1.949998904664745,4.201214314284102e-06
candidate,c,sf,1.95,125,10,5,83f4cf2c8e05d37c49e6b3525c63bdf3191752a43d548c80489c7620df420a07,True,1.0,1,correct,0.32469619273317896,461.7324665892121,True,1.9498403050323116,0.001884816231691117
candidate,c,sf,1.95,125,10,5,83f4cf2c8e05d37c49e6b3525c63bdf3191752a43d548c80489c7620df420a07,True,2.0,1,correct,0.32469619273317896,461.7324665892121,True,1.9499989293072468,3.926531692089788e-06
control,c,fs,1.62,-40,-10,5,08654f69b7408357c1d6e651a009c05744e4f796294906f33c8e24e762b24da4,True,1.0,0,unresolved,,233.40236734743945,True,0.6336709404948427,1.4924463833861725
control,c,fs,1.62,-40,-10,5,08654f69b7408357c1d6e651a009c05744e4f796294906f33c8e24e762b24da4,True,2.0,-1,correct,1.2390774184628104,233.40236734743945,True,0.08252277582905154,1.6194292170889653
candidate,c,fs,1.62,-40,-10,5,c5de0111697b1f960836e7c2c59bfc5fcbb4fed7d66b4b22419444aa9532d283,True,1.0,0,unresolved,,228.74014773059125,True,0.5701497766420598,1.5176597817002393
candidate,c,fs,1.62,-40,-10,5,c5de0111697b1f960836e7c2c59bfc5fcbb4fed7d66b4b22419444aa9532d283,True,2.0,-1,correct,1.19840327909658,228.74014773059125,True,0.07700018547178664,1.6194004695271893
control,c,fs,1.62,-40,-3,5,c3f492b46459b70696aabe76a15430bf23d7bdf4bd480112836e27cdcdf2c6ab,True,1.0,0,unresolved,,238.93555418416014,True,0.9326692797500233,1.2700788049352585
control,c,fs,1.62,-40,-3,5,c3f492b46459b70696aabe76a15430bf23d7bdf4bd480112836e27cdcdf2c6ab,True,2.0,-1,correct,1.3890349446317702,238.93555418416014,True,0.10006767256534765,1.6193694829438803
candidate,c,fs,1.62,-40,-3,5,7118443b44709f256daa17352c25778e8ed6d0e364458811da7308dc97a2b665,True,1.0,0,unresolved,,234.0426492380258,True,0.8961106994685132,1.2665051679865322
candidate,c,fs,1.62,-40,-3,5,7118443b44709f256daa17352c25778e8ed6d0e364458811da7308dc97a2b665,True,2.0,-1,correct,1.3464320610705889,234.0426492380258,True,0.0944117708196921,1.6194354277794771
control,c,fs,1.62,-40,3,5,04e3f9107cd36b68c4d4e16c12389e7dddc01d2b24907387ec7a6e77be072e9d,True,1.0,0,unresolved,,238.78227817785455,True,1.2747907956120532,0.9262010283891404
control,c,fs,1.62,-40,3,5,04e3f9107cd36b68c4d4e16c12389e7dddc01d2b24907387ec7a6e77be072e9d,True,2.0,1,correct,1.3871396448330893,238.78227817785455,True,1.619380293955336,0.09960789212722673
candidate,c,fs,1.62,-40,3,5,054ae8c110c1784276aac2d0e64c422b711aa2d11b93208d9e1b6f60ae4780c2,True,1.0,0,unresolved,,233.88451658451646,True,1.2715873450522315,0.8890063425384509
candidate,c,fs,1.62,-40,3,5,054ae8c110c1784276aac2d0e64c422b711aa2d11b93208d9e1b6f60ae4780c2,True,2.0,1,correct,1.3414413698826486,233.88451658451646,True,1.6194407668387503,0.09401933439788725
control,c,fs,1.62,-40,10,5,0938a20f02199c55abfd4a82fdf7fed1339b69bd6fe9cd112a4520ad4626776a,True,1.0,0,unresolved,,233.34354597781143,True,1.4954501509764202,0.6295169565820206
control,c,fs,1.62,-40,10,5,0938a20f02199c55abfd4a82fdf7fed1339b69bd6fe9cd112a4520ad4626776a,True,2.0,1,correct,1.2358990208688796,233.34354597781143,True,1.6194279087610701,0.0823174905275457
candidate,c,fs,1.62,-40,10,5,1ffc56075930dbd4e204bddf50add8fc694ac088a327113127756d0c9c4ce7d1,True,1.0,0,unresolved,,228.68367043053914,True,1.5205920162865831,0.5658172935078781
candidate,c,fs,1.62,-40,10,5,1ffc56075930dbd4e204bddf50add8fc694ac088a327113127756d0c9c4ce7d1,True,2.0,1,correct,1.1940350493152294,228.68367043053914,True,1.619399314097126,0.07678770289434471
control,c,fs,1.62,27,-10,5,5c5f0aed9137e9707175b90dde31fe7faa6cbbfe6ba6394b5b59a8457eda4aff,True,1.0,-1,correct,0.9552052178826292,254.75378076424536,True,0.27437450171231836,1.6091322564716133
control,c,fs,1.62,27,-10,5,5c5f0aed9137e9707175b90dde31fe7faa6cbbfe6ba6394b5b59a8457eda4aff,True,2.0,-1,correct,0.9552052178826292,254.75378076424536,True,0.03136543227242604,1.61959607696921
candidate,c,fs,1.62,27,-10,5,f8d4a1645bc5d35edf678645e39b0be45d780e0bb5ff0b95fd00eb183bd3978f,True,1.0,-1,correct,0.9244398597877909,249.89347361860666,True,0.24644043419933745,1.6119022423962004
candidate,c,fs,1.62,27,-10,5,f8d4a1645bc5d35edf678645e39b0be45d780e0bb5ff0b95fd00eb183bd3978f,True,2.0,-1,correct,0.9244398597877909,249.89347361860666,True,0.028508044708326647,1.6196212420170848
control,c,fs,1.62,27,-3,5,a0ad85febf37cc8d3d828c3953f03e1a9fa007fe9f9de4a395bc93a59e963204,True,1.0,0,unresolved,,260.76984503780346,True,0.5362543258723675,1.431468595918448
control,c,fs,1.62,27,-3,5,a0ad85febf37cc8d3d828c3953f03e1a9fa007fe9f9de4a395bc93a59e963204,True,2.0,-1,correct,1.0902048197428302,260.76984503780346,True,0.03881569511818314,1.6195312897881347
candidate,c,fs,1.62,27,-3,5,a397569a84a074a0dc1be6ce64c8b6b19d5079f8acde8aa1a80690986f85f531,True,1.0,0,unresolved,,255.660730677034,True,0.44149284271895506,1.49310409915743
candidate,c,fs,1.62,27,-3,5,a397569a84a074a0dc1be6ce64c8b6b19d5079f8acde8aa1a80690986f85f531,True,2.0,-1,correct,1.0594365553250504,255.660730677034,True,0.03530130912849666,1.6195579452051356
control,c,fs,1.62,27,3,5,de43f6bf6efb26dad438c2aa8622f4cfe6cfc4a3831ea578eed02ba64ebe9806,True,1.0,0,unresolved,,260.57240245137666,True,1.4469862653516599,0.5157113325904589
control,c,fs,1.62,27,3,5,de43f6bf6efb26dad438c2aa8622f4cfe6cfc4a3831ea578eed02ba64ebe9806,True,2.0,1,correct,1.0852075108700907,260.57240245137666,True,1.6195324986872972,0.03864924525754931
candidate,c,fs,1.62,27,3,5,67587f78512010eaf5c45b5ec6492fc29ba1b9772d51bbc9c1ea6ef0da4481c1,True,1.0,0,unresolved,,255.46860894505022,True,1.5062977697185678,0.4232116090013452
candidate,c,fs,1.62,27,3,5,67587f78512010eaf5c45b5ec6492fc29ba1b9772d51bbc9c1ea6ef0da4481c1,True,2.0,1,correct,1.0494399195174204,255.46860894505022,True,1.6195591947836268,0.03514864723101352
control,c,fs,1.62,27,10,5,4a315e792c90e35fa5f65c511c68ffb2137b80feffa22c24304a7b0d9fe1567f,True,1.0,1,correct,0.9502075583555311,254.6737869972544,True,1.6093532670634159,0.2730132448889257
control,c,fs,1.62,27,10,5,4a315e792c90e35fa5f65c511c68ffb2137b80feffa22c24304a7b0d9fe1567f,True,2.0,1,correct,0.9502075583555311,254.6737869972544,True,1.6195967952720356,0.03126525221458121
candidate,c,fs,1.62,27,10,5,d6e9e653a3819f0aceea97d358d7aaaacd6108b92ac374494b769b21b39002e4,True,1.0,1,correct,0.9244430897900398,249.81594810169767,True,1.6120168971657276,0.2452058273882396
candidate,c,fs,1.62,27,10,5,d6e9e653a3819f0aceea97d358d7aaaacd6108b92ac374494b769b21b39002e4,True,2.0,1,correct,0.9244430897900398,249.81594810169767,True,1.6196220195531317,0.02841522441071398
control,c,fs,1.62,125,-10,5,67d560fd7bd1d6da49cd4b54d5fbf646dfa929fc4533a62ab1542b559cf25026,True,1.0,-1,correct,0.8406538042141208,290.7013031611879,True,0.16983106458673547,1.6151002223906836
control,c,fs,1.62,125,-10,5,67d560fd7bd1d6da49cd4b54d5fbf646dfa929fc4533a62ab1542b559cf25026,True,2.0,-1,correct,0.8406538042141208,290.7013031611879,True,0.026649174373920205,1.6196861800647993
candidate,c,fs,1.62,125,-10,5,ce0680c75e9ae17d47bf6dfee9dc4946b445f4afdea3336cb81aef959fa5fb4f,True,1.0,-1,correct,0.8156474026720305,285.63854381525454,True,0.15487879074746136,1.6160076846499463
candidate,c,fs,1.62,125,-10,5,ce0680c75e9ae17d47bf6dfee9dc4946b445f4afdea3336cb81aef959fa5fb4f,True,2.0,-1,correct,0.8156474026720305,285.63854381525454,True,0.024954139668466983,1.6197023986801604
control,c,fs,1.62,125,-3,5,331311028572d43ab67f71721bde51a7b1bdf9218a2bf0718efd88f41ec4c9b0,True,1.0,-1,correct,0.96065380811847,297.88678999622107,True,0.2660144159810562,1.5990342523831154
control,c,fs,1.62,125,-3,5,331311028572d43ab67f71721bde51a7b1bdf9218a2bf0718efd88f41ec4c9b0,True,2.0,-1,correct,0.96065380811847,297.88678999622107,True,0.030537336006533945,1.6196448008435802
candidate,c,fs,1.62,125,-3,5,3ce99afdc5330d723f183d82b646da92ecbf020354a595df45e941cef973ab1d,True,1.0,-1,correct,0.9306477389624787,292.55770585663504,True,0.23363772158605814,1.6062563460519366
candidate,c,fs,1.62,125,-3,5,3ce99afdc5330d723f183d82b646da92ecbf020354a595df45e941cef973ab1d,True,2.0,-1,correct,0.9306477389624787,292.55770585663504,True,0.0285155189742603,1.6196632965921771
control,c,fs,1.62,125,3,5,9cbe3c264f5d89c5a34ddb00067401f28d8f6c50a6c0f4561a92cfdcd734d4bf,True,1.0,1,correct,0.9556537716506684,297.5719413433328,True,1.6008673396036293,0.25942798769986997
control,c,fs,1.62,125,3,5,9cbe3c264f5d89c5a34ddb00067401f28d8f6c50a6c0f4561a92cfdcd734d4bf,True,2.0,1,correct,0.9556537716506684,297.5719413433328,True,1.619646188865408,0.03039503376717512
candidate,c,fs,1.62,125,3,5,9ece1a74dada68eb341939a4b9ec018c01ff3897969f1fe5bf8654c3dd9131fb,True,1.0,1,correct,0.9256479071170683,292.2526778755525,True,1.607304890736389,0.22827172951079547
candidate,c,fs,1.62,125,3,5,9ece1a74dada68eb341939a4b9ec018c01ff3897969f1fe5bf8654c3dd9131fb,True,2.0,1,correct,0.9256479071170683,292.2526778755525,True,1.6196646690282779,0.02838566360580266
control,c,fs,1.62,125,10,5,fce2c6ddecc1b60c10901a43fc76e0e24d681a12905376cb646aac16f632ae70,True,1.0,1,correct,0.8356537922060797,290.6027327003422,True,1.6151590846462494,0.1689051833169432
control,c,fs,1.62,125,10,5,fce2c6ddecc1b60c10901a43fc76e0e24d681a12905376cb646aac16f632ae70,True,2.0,1,correct,0.8356537922060797,290.6027327003422,True,1.6196865603663293,0.026595769202929654
candidate,c,fs,1.62,125,10,5,b70f29fc225b983c5ae438a9fee3736fa7239d25135e2fc68d4cbc4a7f098445,True,1.0,1,correct,0.8106476716940597,285.54315716941,True,1.6160523131112405,0.15411576622428702
candidate,c,fs,1.62,125,10,5,b70f29fc225b983c5ae438a9fee3736fa7239d25135e2fc68d4cbc4a7f098445,True,2.0,1,correct,0.8106476716940597,285.54315716941,True,1.6197028386123997,0.02490401864788804
control,c,fs,1.8,-40,-10,5,572f7e4e564813c0d91dc228d485b2a70b08c0909de86d743abf6983291c4599,True,1.0,-1,correct,0.5418831113026586,311.1039356672206,True,0.046742404817129,1.7990913359706517
control,c,fs,1.8,-40,-10,5,572f7e4e564813c0d91dc228d485b2a70b08c0909de86d743abf6983291c4599,True,2.0,-1,correct,0.5418831113026586,311.1039356672206,True,0.0004052340368217381,1.7999900736248424
candidate,c,fs,1.8,-40,-10,5,96e1b411537bbc4552f0713dff3206b701d65c7df43e9d76ba4692aaeedcbc3d,True,1.0,-1,correct,0.5223039258579295,304.9748535987471,True,0.04277482800212017,1.7991281946793904
candidate,c,fs,1.8,-40,-10,5,96e1b411537bbc4552f0713dff3206b701d65c7df43e9d76ba4692aaeedcbc3d,True,2.0,-1,correct,0.5223039258579295,304.9748535987471,True,0.0003512821165936337,1.799991239014519
control,c,fs,1.8,-40,-3,5,54c646cd5e01b799abf848193b87d688ba52585d17879b4d41bd582e5774ab24,True,1.0,-1,correct,0.641924716535338,318.05068267498706,True,0.05426616997621478,1.7989840369040744
control,c,fs,1.8,-40,-3,5,54c646cd5e01b799abf848193b87d688ba52585d17879b4d41bd582e5774ab24,True,2.0,-1,correct,0.641924716535338,318.05068267498706,True,0.00052268309065457,1.7999874340037512
candidate,c,fs,1.8,-40,-3,5,21593200e9215f8b78b079d5e7597417a7265e5920502a13128741ca584ef07e,True,1.0,-1,correct,0.6223035995634286,311.6367907938768,True,0.04963603136260017,1.7990360547887467
candidate,c,fs,1.8,-40,-3,5,21593200e9215f8b78b079d5e7597417a7265e5920502a13128741ca584ef07e,True,2.0,-1,correct,0.6223035995634286,311.6367907938768,True,0.00045153322807361186,1.7999889459323772
control,c,fs,1.8,-40,3,5,5f7ecb2596bb9216711625dfd8b016517114293afd9d7def86d0d0039662b40f,True,1.0,1,correct,0.636913953422459,317.76937195306226,True,1.798991272762871,0.05399053869157244
control,c,fs,1.8,-40,3,5,5f7ecb2596bb9216711625dfd8b016517114293afd9d7def86d0d0039662b40f,True,2.0,1,correct,0.636913953422459,317.76937195306226,True,1.7999874986240714,0.000519697966865907
candidate,c,fs,1.8,-40,3,5,491798bcd4bbde79e0f620895c4ff45c2dffe7aa2f7569ed91d6eb46a4b21ed6,True,1.0,1,correct,0.617302779728621,311.3631597297373,True,1.799041104490941,0.04939555283766517
candidate,c,fs,1.8,-40,3,5,491798bcd4bbde79e0f620895c4ff45c2dffe7aa2f7569ed91d6eb46a4b21ed6,True,2.0,1,correct,0.617302779728621,311.3631597297373,True,1.7999890042500437,0.000448990905421113
control,c,fs,1.8,-40,10,5,a1828e3f96fedd984849e815bf8f5bbb613b08bffd13b951791989e7d7bb65ed,True,1.0,1,correct,0.5368730694135387,310.98104140003994,True,1.7990922006969745,0.046602068121334994
control,c,fs,1.8,-40,10,5,a1828e3f96fedd984849e815bf8f5bbb613b08bffd13b951791989e7d7bb65ed,True,2.0,1,correct,0.5368730694135387,310.98104140003994,True,1.7999901070223598,0.0004036341708728675
candidate,c,fs,1.8,-40,10,5,60130ea579fb4d966ef5152a5a48fa0f534f82c17ffd3725b1e9f3489500c17b,True,1.0,1,correct,0.5223030886964896,304.85604781190403,True,1.7991293152597507,0.04264289762795088
candidate,c,fs,1.8,-40,10,5,60130ea579fb4d966ef5152a5a48fa0f534f82c17ffd3725b1e9f3489500c17b,True,2.0,1,correct,0.5223030886964896,304.85604781190403,True,1.7999912710733939,0.00034987444291667986
control,c,fs,1.8,27,-10,5,8f1f445f3c5e1771ef7271a58c6828d27d6fc4b930b0550da484d57a6e6b8235,True,1.0,-1,correct,0.53998342054108,335.08609143927606,True,0.04934375048703225,1.7991659617760103
control,c,fs,1.8,27,-10,5,8f1f445f3c5e1771ef7271a58c6828d27d6fc4b930b0550da484d57a6e6b8235,True,2.0,-1,correct,0.53998342054108,335.08609143927606,True,0.0010579384594490073,1.7999802917332728
candidate,c,fs,1.8,27,-10,5,ba146d7cb40dd84ba5257aaada2928935204374de65e2f1e706e1d07da8c6a24,True,1.0,-1,correct,0.5254924064390696,328.770565213958,True,0.04600665591584673,1.7991941416391364
candidate,c,fs,1.8,27,-10,5,ba146d7cb40dd84ba5257aaada2928935204374de65e2f1e706e1d07da8c6a24,True,2.0,-1,correct,0.5254924064390696,328.770565213958,True,0.0009575637019979366,1.799982004426841
control,c,fs,1.8,27,-3,5,5a508d0fe766609298d74a175cba956cbc531656143f57d38bbf5acd813cafc0,True,1.0,-1,correct,0.6349861159637712,342.5012826704906,True,0.05569138769425583,1.7990583147159331
control,c,fs,1.8,27,-3,5,5a508d0fe766609298d74a175cba956cbc531656143f57d38bbf5acd813cafc0,True,2.0,-1,correct,0.6349861159637712,342.5012826704906,True,0.001248384364471672,1.7999767217762666
candidate,c,fs,1.8,27,-3,5,59a2d79869598f0ebbeb3710efa2e61255bd3313d3e6e0fcb3d6474b24eca73b,True,1.0,-1,correct,0.6154939881244702,335.9086624197378,True,0.051747966393030795,1.799108190846821
candidate,c,fs,1.8,27,-3,5,59a2d79869598f0ebbeb3710efa2e61255bd3313d3e6e0fcb3d6474b24eca73b,True,2.0,-1,correct,0.6154939881244702,335.9086624197378,True,0.001124528491297647,1.799978827294493
control,c,fs,1.8,27,3,5,d04593731399bd1bcc9afe9ed8e349d9bfabd96359d35f80e8f92f97fb8cc04e,True,1.0,1,correct,0.6299868010488804,342.1197525624885,True,1.7990669743033474,0.05532956839516422
control,c,fs,1.8,27,3,5,d04593731399bd1bcc9afe9ed8e349d9bfabd96359d35f80e8f92f97fb8cc04e,True,2.0,1,correct,0.6299868010488804,342.1197525624885,True,1.7999768716932942,0.001240527471799561
candidate,c,fs,1.8,27,3,5,fee19672c6f8efeeac8b0b748de5b1dbf01dca095eb6e4ca0719a8517aadbbb1,True,1.0,1,correct,0.6104976228852586,335.54333845153,True,1.7991145455663462,0.05142853729091768
candidate,c,fs,1.8,27,3,5,fee19672c6f8efeeac8b0b748de5b1dbf01dca095eb6e4ca0719a8517aadbbb1,True,2.0,1,correct,0.6104976228852586,335.54333845153,True,1.7999789655723364,0.0011176405186628573
control,c,fs,1.8,27,10,5,49aa80ccfc45195b57503fbd5c1af4b78788ce0bea28d6ddd1d63186dcf7c7eb,True,1.0,1,correct,0.5399840118416911,334.95038402794347,True,1.7991665250057716,0.04924215335153491
control,c,fs,1.8,27,10,5,49aa80ccfc45195b57503fbd5c1af4b78788ce0bea28d6ddd1d63186dcf7c7eb,True,2.0,1,correct,0.5399840118416911,334.95038402794347,True,1.7999803349504333,0.0010553994802785422
candidate,c,fs,1.8,27,10,5,8a867521f25020bc5f1fa18b98b692bd2a60347f5aa6092d4ec4e50b0315d093,True,1.0,1,correct,0.5254927258134313,328.63885324173395,True,1.7991947860815725,0.045910996217401405
candidate,c,fs,1.8,27,10,5,8a867521f25020bc5f1fa18b98b692bd2a60347f5aa6092d4ec4e50b0315d093,True,2.0,1,correct,0.5254927258134313,328.63885324173395,True,1.799982050235004,0.0009552344721927022
control,c,fs,1.8,125,-10,5,657f3504445328266e0dd6899fccca22cf91eda32c033a0471fd9c82caf798c4,True,1.0,-1,correct,0.5725048366038197,379.7563139944924,True,0.06958409849287064,1.799038650793399
control,c,fs,1.8,125,-10,5,657f3504445328266e0dd6899fccca22cf91eda32c033a0471fd9c82caf798c4,True,2.0,-1,correct,0.5725048366038197,379.7563139944924,True,0.0067017290901771,1.7999442772245806
candidate,c,fs,1.8,125,-10,5,5b5f78233851b16debc01f7b5dda5a8476527271ba6ddcfba5929be7840ab9d2,True,1.0,-1,correct,0.5579996762913086,373.2241875855091,True,0.0661843786565767,1.7990688637338037
candidate,c,fs,1.8,125,-10,5,5b5f78233851b16debc01f7b5dda5a8476527271ba6ddcfba5929be7840ab9d2,True,2.0,-1,correct,0.5579996762913086,373.2241875855091,True,0.006449179390988315,1.7999477580796113
control,c,fs,1.8,125,-3,5,371955e16f977f36fe67f79a324af932eb8150d4a26c2ade83aa9c20f80ed9b2,True,1.0,-1,correct,0.6671602525656405,389.79800938432714,True,0.07835270144720613,1.7987989461621134
control,c,fs,1.8,125,-3,5,371955e16f977f36fe67f79a324af932eb8150d4a26c2ade83aa9c20f80ed9b2,True,2.0,-1,correct,0.6671602525656405,389.79800938432714,True,0.007266043500870702,1.7999354737966275
candidate,c,fs,1.8,125,-3,5,33a16ee9b71ce43c7ab1d993debf923cdea13f3d7198d77700fb475e4b4979da,True,1.0,-1,correct,0.64617770110779,382.89150043392806,True,0.07395939333167184,1.7988940059307368
candidate,c,fs,1.8,125,-3,5,33a16ee9b71ce43c7ab1d993debf923cdea13f3d7198d77700fb475e4b4979da,True,2.0,-1,correct,0.64617770110779,382.89150043392806,True,0.00695731538798056,1.7999397450342889
control,c,fs,1.8,125,3,5,108435e5914103badb8159aa6f5398cc587dea3869f75992c319cc35330266b8,True,1.0,1,correct,0.6621603103442404,389.1740008164033,True,1.7988229031389704,0.07772400531167165
control,c,fs,1.8,125,3,5,108435e5914103badb8159aa6f5398cc587dea3869f75992c319cc35330266b8,True,2.0,1,correct,0.6621603103442404,389.1740008164033,True,1.799935949951888,0.0072371387727789525
candidate,c,fs,1.8,125,3,5,810fa60708d41a15c294a30cf03dd647f4d8bd917853e9ff20534a33b63f0566,True,1.0,1,correct,0.6401468183811889,382.292086590371,True,1.7989109132624626,0.07342361291626459
candidate,c,fs,1.8,125,3,5,810fa60708d41a15c294a30cf03dd647f4d8bd917853e9ff20534a33b63f0566,True,2.0,1,correct,0.6401468183811889,382.292086590371,True,1.7999401802779929,0.006931537023432009
control,c,fs,1.8,125,10,5,807d6db9eae67bffd4c4919ae5d3ea77497e18747af9ce7584eaeb454802d7b6,True,1.0,1,correct,0.5721662641587391,379.5799505964515,True,1.7990403861194642,0.06943474061313054
control,c,fs,1.8,125,10,5,807d6db9eae67bffd4c4919ae5d3ea77497e18747af9ce7584eaeb454802d7b6,True,2.0,1,correct,0.5721662641587391,379.5799505964515,True,1.7999444003312641,0.0066931649777112615
candidate,c,fs,1.8,125,10,5,4419e538da1697d5fd17fb3454c86fe119054d1d2ef776ca6bd51bb1c986b589,True,1.0,1,correct,0.5529785995286806,373.0469954774394,True,1.7990702650293542,0.066046322196001
candidate,c,fs,1.8,125,10,5,4419e538da1697d5fd17fb3454c86fe119054d1d2ef776ca6bd51bb1c986b589,True,2.0,1,correct,0.5529785995286806,373.0469954774394,True,1.7999478933250546,0.00644127413658736
control,c,fs,1.95,-40,-10,5,86b0bbbbd30e6ee2e8b37fd61cc944f27037dfbbd595d7af44289e0ab4a9d535,True,1.0,-1,correct,0.3900846894342808,384.52633506944886,True,0.0063796874792315566,1.9498023094536894
control,c,fs,1.95,-40,-10,5,86b0bbbbd30e6ee2e8b37fd61cc944f27037dfbbd595d7af44289e0ab4a9d535,True,2.0,-1,correct,0.3900846894342808,384.52633506944886,True,1.2346601129512875e-05,1.9499996709205019
candidate,c,fs,1.95,-40,-10,5,99f8ae737a027a32097cb821a13b0c49e955e985d0eec21bbb89002e0c611421,True,1.0,-1,correct,0.375279432154421,377.0370272537594,True,0.005737047499084608,1.949818797602433
candidate,c,fs,1.95,-40,-10,5,99f8ae737a027a32097cb821a13b0c49e955e985d0eec21bbb89002e0c611421,True,2.0,-1,correct,0.375279432154421,377.0370272537594,True,1.1020432829932512e-05,1.9499997152451332
control,c,fs,1.95,-40,-3,5,725e09f008f57bb98a32faadf1121500a41a5bd3d54ffc0a995ba1184f12dd59,True,1.0,-1,correct,0.4629108867222708,392.2573479606216,True,0.007457733049224188,1.9497722559985498
control,c,fs,1.95,-40,-3,5,725e09f008f57bb98a32faadf1121500a41a5bd3d54ffc0a995ba1184f12dd59,True,2.0,-1,correct,0.4629108867222708,392.2573479606216,True,1.453286292909687e-05,1.9499996456023005
candidate,c,fs,1.95,-40,-3,5,c058771929b489dec57f7fceb16b6b565b1000a32013f961c93e33b3807b904c,True,1.0,-1,correct,0.4470648042723595,384.46600635581285,True,0.006673803229840959,1.9497922488584016
candidate,c,fs,1.95,-40,-3,5,c058771929b489dec57f7fceb16b6b565b1000a32013f961c93e33b3807b904c,True,2.0,-1,correct,0.4470648042723595,384.46600635581285,True,1.2864045370891984e-05,1.949999690429114
control,c,fs,1.95,-40,3,5,9346f4b147b1f5c70fd50ad35a209b8e028c5198f7988084837b8f30b7a8b435,True,1.0,1,correct,0.4578100021530408,391.78152418885674,True,1.9497742483491445,0.007386393088135451
control,c,fs,1.95,-40,3,5,9346f4b147b1f5c70fd50ad35a209b8e028c5198f7988084837b8f30b7a8b435,True,2.0,1,correct,0.4578100021530408,391.78152418885674,True,1.9499996474095147,1.443199464813948e-05
candidate,c,fs,1.95,-40,3,5,32e638c01b650fff8a509a7db482051483ea4296a830485ee3e3f368b5a8190a,True,1.0,1,correct,0.4431428401023301,384.0141707829118,True,1.9497940682555004,0.006611858084591702
candidate,c,fs,1.95,-40,3,5,32e638c01b650fff8a509a7db482051483ea4296a830485ee3e3f368b5a8190a,True,2.0,1,correct,0.4431428401023301,384.0141707829118,True,1.9499996967522712,1.2785560634146048e-05
control,c,fs,1.95,-40,10,5,d9e2bb43bc03b4c2df838fad7b5b2b86da82f9e6d113ad7656b5c5cfc55f59b3,True,1.0,1,correct,0.3848674523640406,384.36165221411386,True,1.9498027018684454,0.006361975049155515
control,c,fs,1.95,-40,10,5,d9e2bb43bc03b4c2df838fad7b5b2b86da82f9e6d113ad7656b5c5cfc55f59b3,True,2.0,1,correct,0.3848674523640406,384.36165221411386,True,1.9499996725589743,1.2322038365855899e-05
candidate,c,fs,1.95,-40,10,5,cb5a9d582c7fa7fd48148f12fdfb3d7736cb7600ce378effd4bf454b8c3b4ea2,True,1.0,1,correct,0.3760909508064295,376.858532941867,True,1.9498192644428671,0.005721410461987749
candidate,c,fs,1.95,-40,10,5,cb5a9d582c7fa7fd48148f12fdfb3d7736cb7600ce378effd4bf454b8c3b4ea2,True,2.0,1,correct,0.3760909508064295,376.858532941867,True,1.9499997554445694,1.1044611704591128e-05
control,c,fs,1.95,27,-10,5,b7b628da1d4cda77b2030a4ac23d846a1a72f57b3a1a3f831a86add515e3bc7c,True,1.0,-1,correct,0.41863031399696954,410.6347904371019,True,0.014770964424206577,1.949643893287021
control,c,fs,1.95,27,-10,5,b7b628da1d4cda77b2030a4ac23d846a1a72f57b3a1a3f831a86add515e3bc7c,True,2.0,-1,correct,0.41863031399696954,410.6347904371019,True,0.00020319709288541798,1.949997768232074
candidate,c,fs,1.95,27,-10,5,8e2d2e5a511065a9a9c90bb9be9959a0830539fcaf4af88bbc3e8072ba790e71,True,1.0,-1,correct,0.40399456148045854,402.97688010540475,True,0.01361781976384583,1.9496650963792492
candidate,c,fs,1.95,27,-10,5,8e2d2e5a511065a9a9c90bb9be9959a0830539fcaf4af88bbc3e8072ba790e71,True,2.0,-1,correct,0.40399456148045854,402.97688010540475,True,0.00019331627675197528,1.9499979839045802
control,c,fs,1.95,27,-3,5,05dcf4a9bdb3c5d9d9eaeabc497012814a96a68bfc8a6d44feef564927cd60a1,True,1.0,-1,correct,0.48868690724030833,420.11017858900107,True,0.017059786997693345,1.9495944475092264
control,c,fs,1.95,27,-3,5,05dcf4a9bdb3c5d9d9eaeabc497012814a96a68bfc8a6d44feef564927cd60a1,True,2.0,-1,correct,0.48868690724030833,420.11017858900107,True,0.00022094140968259988,1.9499973721966588
candidate,c,fs,1.95,27,-3,5,b03ccb43b1ba3ce4d25327ed95b86ae7236ab7f7d46f01004daf28f72c4becb1,True,1.0,-1,correct,0.47399978246366986,412.1105920028008,True,0.01565219035888164,1.9496202965291476
candidate,c,fs,1.95,27,-3,5,b03ccb43b1ba3ce4d25327ed95b86ae7236ab7f7d46f01004daf28f72c4becb1,True,2.0,-1,correct,0.47399978246366986,412.1105920028008,True,0.00020877396456213043,1.9499976328762487
control,c,fs,1.95,27,3,5,55b3c669cf016d696238121b5256b61c019ed82d17a71ea7e12b29e0aa1dbe43,True,1.0,1,correct,0.48367233561408857,419.40375605841973,True,1.949598177769923,0.016883290653613537
control,c,fs,1.95,27,3,5,55b3c669cf016d696238121b5256b61c019ed82d17a71ea7e12b29e0aa1dbe43,True,2.0,1,correct,0.48367233561408857,419.40375605841973,True,1.9499973968151603,0.00021991206531863476
candidate,c,fs,1.95,27,3,5,92c59ac8ea6a1ca342f85d560c70057032c1ccc5955dd84bdf190624e2927b3e,True,1.0,1,correct,0.46900019279868055,411.42521911307483,True,1.9496237545277029,0.015496030712209959
candidate,c,fs,1.95,27,3,5,92c59ac8ea6a1ca342f85d560c70057032c1ccc5955dd84bdf190624e2927b3e,True,2.0,1,correct,0.46900019279868055,411.42521911307483,True,1.9499976564402537,0.00020788953310948077
control,c,fs,1.95,27,10,5,25dc4e97bd261fc5183efc8f642cdc8dcc56ea114dacd2d60ab7c6d5b56fa68b,True,1.0,1,correct,0.41868242889592017,410.41823819876936,True,1.9496445833492582,0.014727903462116448
control,c,fs,1.95,27,10,5,25dc4e97bd261fc5183efc8f642cdc8dcc56ea114dacd2d60ab7c6d5b56fa68b,True,2.0,1,correct,0.41868242889592017,410.41823819876936,True,1.9499977743488939,0.0002029384842487935
candidate,c,fs,1.95,27,10,5,89495381292611fe259c967a59f16104336cf49ecff803b81a8a103c84cc6f3d,True,1.0,1,correct,0.4039973820887909,402.7667046981886,True,1.9496658360601027,0.01357837167077094
candidate,c,fs,1.95,27,10,5,89495381292611fe259c967a59f16104336cf49ecff803b81a8a103c84cc6f3d,True,2.0,1,correct,0.4039973820887909,402.7667046981886,True,1.949997990308451,0.00019308617630049992
control,c,fs,1.95,125,-10,5,410dbb7a0a5270038ea3f99eacee2a260502099c3b5e5130b0ce99673703103c,True,1.0,-1,correct,0.4696739545321802,464.6353632277944,True,0.03812169302620643,1.9493440219933378
control,c,fs,1.95,125,-10,5,410dbb7a0a5270038ea3f99eacee2a260502099c3b5e5130b0ce99673703103c,True,2.0,-1,correct,0.4696739545321802,464.6353632277944,True,0.0045904738806999456,1.9499844651536695
candidate,c,fs,1.95,125,-10,5,9fc8a6de7a3f28edf932a8722d469d36f85e90bdb68a936e2955830da859710f,True,1.0,-1,correct,0.4561085226359206,456.69723575851486,True,0.03606747749565929,1.9493690855115848
candidate,c,fs,1.95,125,-10,5,9fc8a6de7a3f28edf932a8722d469d36f85e90bdb68a936e2955830da859710f,True,2.0,-1,correct,0.4561085226359206,456.69723575851486,True,0.004525887544581674,1.9499854646695507
control,c,fs,1.95,125,-3,5,e0cccffd64f9920b0ad59adcde7a5534e31e2638ed334f1fc8fde0e9b049a19e,True,1.0,-1,correct,0.5476253840650892,477.69583678663054,True,0.042968084965696506,1.9492633858638726
control,c,fs,1.95,125,-3,5,e0cccffd64f9920b0ad59adcde7a5534e31e2638ed334f1fc8fde0e9b049a19e,True,2.0,-1,correct,0.5476253840650892,477.69583678663054,True,0.0047389565921599945,1.9499819875395537
candidate,c,fs,1.95,125,-3,5,20ffa667d05130099f60d59d3596a0ce72f30267e1c407149e44936ffe252dd8,True,1.0,-1,correct,0.5335555872371993,469.31484875778557,True,0.04047051883367292,1.9492958396360913
candidate,c,fs,1.95,125,-3,5,20ffa667d05130099f60d59d3596a0ce72f30267e1c407149e44936ffe252dd8,True,2.0,-1,correct,0.5335555872371993,469.31484875778557,True,0.004660136690728837,1.9499832621886046
control,c,fs,1.95,125,3,5,402f4fcea3311ea786342d7596f026d6176eb8add483c67f7d6220b04670f7a7,True,1.0,1,correct,0.54307177809277,476.63389455176065,True,1.9492701022052032,0.04256391522877424
control,c,fs,1.95,125,3,5,402f4fcea3311ea786342d7596f026d6176eb8add483c67f7d6220b04670f7a7,True,2.0,1,correct,0.54307177809277,476.63389455176065,True,1.9499821681076879,0.004729910873775542
candidate,c,fs,1.95,125,3,5,58118f9c2462c5aae915eb12c9b48edbfa358fcfe653a8777e9e5d26e667c0e7,True,1.0,1,correct,0.5236889519242482,468.28577267648024,True,1.9493019304251007,0.040106067189444886
candidate,c,fs,1.95,125,3,5,58118f9c2462c5aae915eb12c9b48edbfa358fcfe653a8777e9e5d26e667c0e7,True,2.0,1,correct,0.5236889519242482,468.28577267648024,True,1.9499834312044066,0.004652155727325059
control,c,fs,1.95,125,10,5,5f78eb9b6a679e1e70993c0d5f4722ed10524ff0e47c237ead31a7ec5fdd05f5,True,1.0,1,correct,0.46967435091678894,464.32704825184646,True,1.9493451835746953,0.03801482477580666
control,c,fs,1.95,125,10,5,5f78eb9b6a679e1e70993c0d5f4722ed10524ff0e47c237ead31a7ec5fdd05f5,True,2.0,1,correct,0.46967435091678894,464.32704825184646,True,1.9499845146766157,0.004588003146280222
candidate,c,fs,1.95,125,10,5,e2d2d67b7b9e7bba5d6b1b648a3d68eacdf02912345b35294163ee76c06c0953,True,1.0,1,correct,0.4546869346641096,456.410755008918,True,1.9493703627457222,0.035969767742402285
candidate,c,fs,1.95,125,10,5,e2d2d67b7b9e7bba5d6b1b648a3d68eacdf02912345b35294163ee76c06c0953,True,2.0,1,correct,0.4546869346641096,456.410755008918,True,1.9499855219800564,0.004523660349480833
control,rc,tt,1.62,-40,-10,5,9c742e4391fbc43ddb531fad9393b09dd47b507ef7310d3dd83e03d23d4ac578,True,1.0,-1,correct,0.7536930586464001,293.562003550007,True,0.1059282220829996,1.6108853885371306
control,rc,tt,1.62,-40,-10,5,9c742e4391fbc43ddb531fad9393b09dd47b507ef7310d3dd83e03d23d4ac578,True,2.0,-1,correct,0.7536930586464001,293.562003550007,True,0.004807596340999763,1.6198132745879388
candidate,rc,tt,1.62,-40,-10,5,fe12408670067aac2abd9af6db111ce05bc4d904ec56224ac17b61d3ab3f9ec4,True,1.0,-1,correct,0.7341882916979693,287.56590790744815,True,0.09830085233275211,1.6132941119666557
candidate,rc,tt,1.62,-40,-10,5,fe12408670067aac2abd9af6db111ce05bc4d904ec56224ac17b61d3ab3f9ec4,True,2.0,-1,correct,0.7341882916979693,287.56590790744815,True,0.004261989772639651,1.6198315971202801
control,rc,tt,1.62,-40,-3,5,a0d1c52dfc31f038a0d43dbd26549e81505281f7492e4b0bfd735c5d6e80a772,True,1.0,-1,correct,0.9487085603961511,300.6251711862555,True,0.2089025941488076,1.4334586944239018
control,rc,tt,1.62,-40,-3,5,a0d1c52dfc31f038a0d43dbd26549e81505281f7492e4b0bfd735c5d6e80a772,True,2.0,-1,correct,0.9487085603961511,300.6251711862555,True,0.006649906693302004,1.6197509043593563
candidate,rc,tt,1.62,-40,-3,5,bbbee4b1a88f16652feba078990a2bc05f191107c01956c968fb994988913a7e,True,1.0,-1,correct,0.9242099104306793,294.38323808150494,True,0.18156063606656367,1.4855017447964487
candidate,rc,tt,1.62,-40,-3,5,bbbee4b1a88f16652feba078990a2bc05f191107c01956c968fb994988913a7e,True,2.0,-1,correct,0.9242099104306793,294.38323808150494,True,0.005872580031662313,1.6197758714181438
control,rc,tt,1.62,-40,3,5,c03111d7c6a0f5fb6760cf6e673ea53b560175dbffe30aad7669c1dfcb1b2ebe,True,1.0,1,correct,0.9187105146140498,299.9344893750837,True,1.4858229401326575,0.18551160705340827
control,rc,tt,1.62,-40,3,5,c03111d7c6a0f5fb6760cf6e673ea53b560175dbffe30aad7669c1dfcb1b2ebe,True,2.0,1,correct,0.9187105146140498,299.9344893750837,True,1.6197553815515933,0.006515884980963762
candidate,rc,tt,1.62,-40,3,5,3e9cbf147e8e6dc25be4af037c962d614cdf1ff7b069f4086b9370db399df051,True,1.0,1,correct,0.8992125899066183,293.7086191240728,True,1.5262347113391308,0.16406104147266498
candidate,rc,tt,1.62,-40,3,5,3e9cbf147e8e6dc25be4af037c962d614cdf1ff7b069f4086b9370db399df051,True,2.0,1,correct,0.8992125899066183,293.7086191240728,True,1.619779891960291,0.005755475350345916
control,rc,tt,1.62,-40,10,5,dc9f093427647e8c26168d13e11bbde9699753d9422b8caa93272fee90bf7275,True,1.0,1,correct,0.7486950296807799,293.2074904345341,True,1.6114042230774515,0.10461821409241606
control,rc,tt,1.62,-40,10,5,dc9f093427647e8c26168d13e11bbde9699753d9422b8caa93272fee90bf7275,True,2.0,1,correct,0.7486950296807799,293.2074904345341,True,1.6198153836908624,0.0047434339721086904
candidate,rc,tt,1.62,-40,10,5,62cf2a71ba5294894f49b53094b96989580ad0dd278a23ea90ecc6a28b356fe5,True,1.0,1,correct,0.7291910268930686,287.2189359472,True,1.6136483475614272,0.09723637720609428
candidate,rc,tt,1.62,-40,10,5,62cf2a71ba5294894f49b53094b96989580ad0dd278a23ea90ecc6a28b356fe5,True,2.0,1,correct,0.7291910268930686,287.2189359472,True,1.619833526271785,0.00420521279421355
control,rc,tt,1.62,27,-10,5,7a88b073b637307017f9567cb40e434e89c3c9bc921b7c5531c5e714e00bdfce,True,1.0,-1,correct,0.7159198611155303,316.90090303117586,True,0.08959929840930314,1.615521989302422
control,rc,tt,1.62,27,-10,5,7a88b073b637307017f9567cb40e434e89c3c9bc921b7c5531c5e714e00bdfce,True,2.0,-1,correct,0.7159198611155303,316.90090303117586,True,0.004474510679647753,1.6198457549127843
candidate,rc,tt,1.62,27,-10,5,b640e4d572c2b299292474b9909c93e37c3161ebde260e39d8cf4920e3e07232,True,1.0,-1,correct,0.6951390725735003,310.64358771023683,True,0.08462146970295246,1.6164923974134724
candidate,rc,tt,1.62,27,-10,5,b640e4d572c2b299292474b9909c93e37c3161ebde260e39d8cf4920e3e07232,True,2.0,-1,correct,0.6951390725735003,310.64358771023683,True,0.0040556040187730074,1.6198579343682362
control,rc,tt,1.62,27,-3,5,0174900139e368c297fa2c52f6912a8830a592f9b9857e42ed4f834ee4e713f2,True,1.0,-1,correct,0.8959256284508206,323.91505461558774,True,0.1549018548105458,1.5527100885260758
control,rc,tt,1.62,27,-3,5,0174900139e368c297fa2c52f6912a8830a592f9b9857e42ed4f834ee4e713f2,True,2.0,-1,correct,0.8959256284508206,323.91505461558774,True,0.0055549340243191475,1.6198124876731634
candidate,rc,tt,1.62,27,-3,5,a8b95679b720f96d39e8fb908e895316d10f75c5e74254f8014a149608996cc6,True,1.0,-1,correct,0.8751472377132091,317.427559622012,True,0.13593746766258832,1.574334207023497
candidate,rc,tt,1.62,27,-3,5,a8b95679b720f96d39e8fb908e895316d10f75c5e74254f8014a149608996cc6,True,2.0,-1,correct,0.8751472377132091,317.427559622012,True,0.0050160795277412835,1.619827861199295
control,rc,tt,1.62,27,3,5,fb963011a848ad12c2e46d1eeed44c7f8d89cea7a82bd3dd714902d8a4310068,True,1.0,1,correct,0.8709259982619293,323.11224310580997,True,1.5742412234007654,0.13882839931872049
control,rc,tt,1.62,27,3,5,fb963011a848ad12c2e46d1eeed44c7f8d89cea7a82bd3dd714902d8a4310068,True,2.0,1,correct,0.8709259982619293,323.11224310580997,True,1.6198164506423418,0.005427675198659597
candidate,rc,tt,1.62,27,3,5,cfe6cfac5109d87098a9b7f6e4bc48ab4d4ef4d3a054899a8618d9a509981b2b,True,1.0,1,correct,0.8501482403389898,316.6431147053491,True,1.5890298619561096,0.12321696823754616
candidate,rc,tt,1.62,27,3,5,cfe6cfac5109d87098a9b7f6e4bc48ab4d4ef4d3a054899a8618d9a509981b2b,True,2.0,1,correct,0.8501482403389898,316.6431147053491,True,1.6198314419901265,0.004903739083981971
control,rc,tt,1.62,27,10,5,7b8cb5bfaa03a599ac0e7ef81288041b6961dbe5c13ee3f3f55056cfab45d5d2,True,1.0,1,correct,0.7109202808011793,316.49567914526773,True,1.6157865689431277,0.08866497207299208
control,rc,tt,1.62,27,10,5,7b8cb5bfaa03a599ac0e7ef81288041b6961dbe5c13ee3f3f55056cfab45d5d2,True,2.0,1,correct,0.7109202808011793,316.49567914526773,True,1.619846888128971,0.004433876049363824
candidate,rc,tt,1.62,27,10,5,942650590ab61013e1c3a5f8204b756f5bfb51695bf7aede38b008346002c85f,True,1.0,1,correct,0.6901403737946105,310.24705550698894,True,1.6166760581936614,0.08385116587650078
candidate,rc,tt,1.62,27,10,5,942650590ab61013e1c3a5f8204b756f5bfb51695bf7aede38b008346002c85f,True,2.0,1,correct,0.6901403737946105,310.24705550698894,True,1.6198590026107775,0.004018894788941463
control,rc,tt,1.62,125,-10,5,0d7fc85480ea220c90eb2b680ae324fffee51c57080d4375f00cb0375e9b4d5c,True,1.0,-1,correct,0.710229362321501,348.75981302460764,True,0.09548235501196967,1.6162470413538768
control,rc,tt,1.62,125,-10,5,0d7fc85480ea220c90eb2b680ae324fffee51c57080d4375f00cb0375e9b4d5c,True,2.0,-1,correct,0.710229362321501,348.75981302460764,True,0.007431554886833512,1.619798695261253
candidate,rc,tt,1.62,125,-10,5,b30d32e8e9b2f7dd669833bc88dec4f0da0ce7580056ecccfc33f77f656f4492,True,1.0,-1,correct,0.6960625203457481,342.2040416930869,True,0.0904480720164302,1.6168985948957333
candidate,rc,tt,1.62,125,-10,5,b30d32e8e9b2f7dd669833bc88dec4f0da0ce7580056ecccfc33f77f656f4492,True,2.0,-1,correct,0.6960625203457481,342.2040416930869,True,0.006897640114296424,1.6198104795716946
control,rc,tt,1.62,125,-3,5,8fd3a527600e5696504ea41350c892f87f759c1c25fa5e7fab4630ebef4e023d,True,1.0,-1,correct,0.8502303013330909,356.71180951546955,True,0.1358311699075011,1.5997759899523867
control,rc,tt,1.62,125,-3,5,8fd3a527600e5696504ea41350c892f87f759c1c25fa5e7fab4630ebef4e023d,True,2.0,-1,correct,0.8502303013330909,356.71180951546955,True,0.008694131357020329,1.6197672151490712
candidate,rc,tt,1.62,125,-3,5,e5460fca9da2fad67b7cb6a6d0c26fcddcd33cb81e0ebfbc4c087a43f7ed44ae,True,1.0,-1,correct,0.8260753189034091,349.9257966461882,True,0.12264969487950396,1.605592729970679
candidate,rc,tt,1.62,125,-3,5,e5460fca9da2fad67b7cb6a6d0c26fcddcd33cb81e0ebfbc4c087a43f7ed44ae,True,2.0,-1,correct,0.8260753189034091,349.9257966461882,True,0.008042480467121933,1.6197814599722056
control,rc,tt,1.62,125,3,5,3f9c9b2d071cc4fab77ea2feb910cee32101d0cf80a4b1011bc762011227bf4a,True,1.0,1,correct,0.8302306446086384,355.5073391410073,True,1.6048227466540153,0.1261482409506281
control,rc,tt,1.62,125,3,5,3f9c9b2d071cc4fab77ea2feb910cee32101d0cf80a4b1011bc762011227bf4a,True,2.0,1,correct,0.8302306446086384,355.5073391410073,True,1.6197716645028253,0.00851680368413172
candidate,rc,tt,1.62,125,3,5,6a876199e918b91a151765578c8b1f45270d3664dffe0b844a662ed30b2709c6,True,1.0,1,correct,0.8060755418504487,348.74593844437754,True,1.6090267610912112,0.11493179719493882
candidate,rc,tt,1.62,125,3,5,6a876199e918b91a151765578c8b1f45270d3664dffe0b844a662ed30b2709c6,True,2.0,1,correct,0.8060755418504487,348.74593844437754,True,1.6197855867172422,0.007882319244092478
control,rc,tt,1.62,125,10,5,1a963f60311288e039f5f9010b38cbe9996fe38d416361d06c663be94530355e,True,1.0,1,correct,0.7052296903280194,348.2857044236339,True,1.616437073397784,0.09446051481896439
control,rc,tt,1.62,125,10,5,1a963f60311288e039f5f9010b38cbe9996fe38d416361d06c663be94530355e,True,2.0,1,correct,0.7052296903280194,348.2857044236339,True,1.6197999395096854,0.0073753473263742705
candidate,rc,tt,1.62,125,10,5,3e24781a191ae20d1e61d0b1b7bfb529214e77486bccaa0d0c37d5e108d32d7f,True,1.0,1,correct,0.6860631457819213,341.7399684620984,True,1.6170372830154784,0.08959425249065307
candidate,rc,tt,1.62,125,10,5,3e24781a191ae20d1e61d0b1b7bfb529214e77486bccaa0d0c37d5e108d32d7f,True,2.0,1,correct,0.6860631457819213,341.7399684620984,True,1.6198116842389876,0.006845946583327033
control,rc,tt,1.8,-40,-10,5,0005fa847ed7d41264d299bcd26fa5014b8a748fa55d57dbf7ef88104e7338a2,True,1.0,-1,correct,0.5040729199495293,387.76374438579523,True,0.020347780611829805,1.7989902308887906
control,rc,tt,1.8,-40,-10,5,0005fa847ed7d41264d299bcd26fa5014b8a748fa55d57dbf7ef88104e7338a2,True,2.0,-1,correct,0.5040729199495293,387.76374438579523,True,7.413649880295677e-05,1.7999959224184734
candidate,rc,tt,1.8,-40,-10,5,99b6c363839d8ef66c8e6695aa4978a1358ad6c33b6ba8e1de7f1470c805d149,True,1.0,-1,correct,0.490450872594189,380.00630127646133,True,0.018585999241885136,1.7990594472900172
candidate,rc,tt,1.8,-40,-10,5,99b6c363839d8ef66c8e6695aa4978a1358ad6c33b6ba8e1de7f1470c805d149,True,2.0,-1,correct,0.490450872594189,380.00630127646133,True,6.482879380574601e-05,1.7999963918591493
control,rc,tt,1.8,-40,-3,5,96631718ac4c6260fe18fc1f4fc27e601812c4b2a77b0ecd00a1e0077493014f,True,1.0,-1,correct,0.6593602084645509,395.7293279809792,True,0.02543782793752701,1.7985031041943218
control,rc,tt,1.8,-40,-3,5,96631718ac4c6260fe18fc1f4fc27e601812c4b2a77b0ecd00a1e0077493014f,True,2.0,-1,correct,0.6593602084645509,395.7293279809792,True,9.649568625349953e-05,1.7999947532142309
candidate,rc,tt,1.8,-40,-3,5,a4816ffea1f5c2685730e15944b2b0aa9359abb0a5568d471952695c5f3e5697,True,1.0,-1,correct,0.6404606255888412,387.6997247835309,True,0.023070322346485896,1.7987121095087801
candidate,rc,tt,1.8,-40,-3,5,a4816ffea1f5c2685730e15944b2b0aa9359abb0a5568d471952695c5f3e5697,True,2.0,-1,correct,0.6404606255888412,387.6997247835309,True,8.382924687077292e-05,1.7999953873372783
control,rc,tt,1.8,-40,3,5,070f2577c7cefa1bce754911c3ada130030726166771e4b2dbf342d8b53ec901,True,1.0,1,correct,0.6293633661623691,394.5570950685071,True,1.7986707281537242,0.024304885808953257
control,rc,tt,1.8,-40,3,5,070f2577c7cefa1bce754911c3ada130030726166771e4b2dbf342d8b53ec901,True,2.0,1,correct,0.6293633661623691,394.5570950685071,True,1.799994967916848,9.23649053582291e-05
candidate,rc,tt,1.8,-40,3,5,cb6d963a0fb55612171fbdd74499b28ec928335cc77e36af99997eb2f39beb11,True,1.0,1,correct,0.6154100131415186,386.55549044180793,True,1.7988232499897299,0.022081782221370787
candidate,rc,tt,1.8,-40,3,5,cb6d963a0fb55612171fbdd74499b28ec928335cc77e36af99997eb2f39beb11,True,2.0,1,correct,0.6154100131415186,386.55549044180793,True,1.799995571188894,8.034399278902381e-05
control,rc,tt,1.8,-40,10,5,35bb9fbca6266de7e0eea323f04634119c171872bb98e37311723667fe9b03d2,True,1.0,1,correct,0.4990348188469806,387.1630074136828,True,1.7989983007754542,0.02015511384264776
control,rc,tt,1.8,-40,10,5,35bb9fbca6266de7e0eea323f04634119c171872bb98e37311723667fe9b03d2,True,2.0,1,correct,0.4990348188469806,387.1630074136828,True,1.7999959614720016,7.327045469755234e-05
candidate,rc,tt,1.8,-40,10,5,34ead822b0fd300b8eedc24cdedddc759138e95dfd97db038a7dafc97c8aa155,True,1.0,1,correct,0.48545381687042116,379.4207290498375,True,1.79906667197477,0.018410846086045554
candidate,rc,tt,1.8,-40,10,5,34ead822b0fd300b8eedc24cdedddc759138e95dfd97db038a7dafc97c8aa155,True,2.0,1,correct,0.48545381687042116,379.4207290498375,True,1.7999964268100108,6.407690237440259e-05
control,rc,tt,1.8,27,-10,5,cbf5b3a70aa1ded6778b4fa021fc39e75ea0d889667f5035f8730c87f7d7d5b9,True,1.0,-1,correct,0.5279623217929892,413.3601006639843,True,0.030245418263084384,1.7988128808566708
control,rc,tt,1.8,27,-10,5,cbf5b3a70aa1ded6778b4fa021fc39e75ea0d889667f5035f8730c87f7d7d5b9,True,2.0,-1,correct,0.5279623217929892,413.3601006639843,True,0.00030969297655844373,1.7999864599595576
candidate,rc,tt,1.8,27,-10,5,53b414fad5781b54db3422e260cd3f9d4d1d499bd31d395318c9a29334d4155c,True,1.0,-1,correct,0.5173569597775307,405.32843786591906,True,0.028159963219841735,1.7988765237276494
candidate,rc,tt,1.8,27,-10,5,53b414fad5781b54db3422e260cd3f9d4d1d499bd31d395318c9a29334d4155c,True,2.0,-1,correct,0.5173569597775307,405.32843786591906,True,0.000278459077257853,1.7999876709976728
control,rc,tt,1.8,27,-3,5,bbb6d4a068d92a61aea89d4b314d38aa085c87cf0f98a281401cb1b37bd3a391,True,1.0,-1,correct,0.647971429449669,421.5969677086919,True,0.036131720868191906,1.7983023958814168
control,rc,tt,1.8,27,-3,5,bbb6d4a068d92a61aea89d4b314d38aa085c87cf0f98a281401cb1b37bd3a391,True,2.0,-1,correct,0.647971429449669,421.5969677086919,True,0.0003790339755371983,1.79998355820457
candidate,rc,tt,1.8,27,-3,5,ceaa316f149564389ee77dfdfa4facd871449850b60a9136ee3fd12ae929fda7,True,1.0,-1,correct,0.6325421509476994,413.31226286379433,True,0.033400202747845865,1.7985132486364148
candidate,rc,tt,1.8,27,-3,5,ceaa316f149564389ee77dfdfa4facd871449850b60a9136ee3fd12ae929fda7,True,2.0,-1,correct,0.6325421509476994,413.31226286379433,True,0.00033889665214753404,1.7999851110145049
control,rc,tt,1.8,27,3,5,2f670f5430bb4594e83b551a4030f1262043fb51d05227a5392c0d1b7b95251f,True,1.0,1,correct,0.6279724459338607,420.1245870452033,True,1.798472946412761,0.034810038002955866
control,rc,tt,1.8,27,3,5,2f670f5430bb4594e83b551a4030f1262043fb51d05227a5392c0d1b7b95251f,True,2.0,1,correct,0.6279724459338607,420.1245870452033,True,1.7999841008505975,0.00036598473685825456
candidate,rc,tt,1.8,27,3,5,6c2ed012e6458d7ded8e5f540c34d82b079651541a2d9dbb3b7df85c3dd0125d,True,1.0,1,correct,0.612798708353701,411.8705197460693,True,1.798628282561836,0.032238201607457974
candidate,rc,tt,1.8,27,3,5,6c2ed012e6458d7ded8e5f540c34d82b079651541a2d9dbb3b7df85c3dd0125d,True,2.0,1,correct,0.612798708353701,411.8705197460693,True,1.7999855903831568,0.00032758310310521165
control,rc,tt,1.8,27,10,5,132cd8ca2b6a58bddeff684d18b852ba8fe8866f0b04cb8ff4f4348f9f80a4c5,True,1.0,1,correct,0.5228120675331994,412.7098213729031,True,1.7988238932706984,0.029964572059186283
control,rc,tt,1.8,27,10,5,132cd8ca2b6a58bddeff684d18b852ba8fe8866f0b04cb8ff4f4348f9f80a4c5,True,2.0,1,correct,0.5228120675331994,412.7098213729031,True,1.7999865829385435,0.0003063423386441818
candidate,rc,tt,1.8,27,10,5,2a976fd3fb3eb69d8cede822cde2c82b670349ba762f7d598973f1998323953a,True,1.0,1,correct,0.5076123490257384,404.69266592062166,True,1.7988859675352402,0.027902487278624523
candidate,rc,tt,1.8,27,10,5,2a976fd3fb3eb69d8cede822cde2c82b670349ba762f7d598973f1998323953a,True,2.0,1,correct,0.5076123490257384,404.69266592062166,True,1.7999877846058123,0.0002754881427905739
control,rc,tt,1.8,125,-10,5,dc563462814ab4a0a59a6715c9fdaae8d830766b4d6d2a45bcd7cb7567bc37d5,True,1.0,-1,correct,0.5629164338385788,449.0778255144255,True,0.05037609306811334,1.7985376902072818
control,rc,tt,1.8,125,-10,5,dc563462814ab4a0a59a6715c9fdaae8d830766b4d6d2a45bcd7cb7567bc37d5,True,2.0,-1,correct,0.5629164338385788,449.0778255144255,True,0.0016186998205572258,1.7999524772675208
candidate,rc,tt,1.8,125,-10,5,8dcae6926119a1abcbec0e836ad3f29ec292a2d91b5c3ff8abf1ebb2cd4b860d,True,1.0,-1,correct,0.5477493485040783,440.7286753739147,True,0.04771049636400619,1.7986043276551331
candidate,rc,tt,1.8,125,-10,5,8dcae6926119a1abcbec0e836ad3f29ec292a2d91b5c3ff8abf1ebb2cd4b860d,True,2.0,-1,correct,0.5477493485040783,440.7286753739147,True,0.0015048764192475614,1.7999556258650222
control,rc,tt,1.8,125,-3,5,efa0717bc78c871e32139ca19e994a774d6519283adf41f2fab7c42034e3e054,True,1.0,-1,correct,0.6627903241447387,460.2081813048003,True,0.05805220159485301,1.7979160333043318
control,rc,tt,1.8,125,-3,5,efa0717bc78c871e32139ca19e994a774d6519283adf41f2fab7c42034e3e054,True,2.0,-1,correct,0.6627903241447387,460.2081813048003,True,0.0018650124817352362,1.7999447600606773
candidate,rc,tt,1.8,125,-3,5,b49a8912d52deb1da3ad3872e4cf0c6cfeeb0917b24058d48c0b97c32eb176e2,True,1.0,-1,correct,0.6478813145451807,451.5512454895718,True,0.05457154746296147,1.7981540183341376
candidate,rc,tt,1.8,125,-3,5,b49a8912d52deb1da3ad3872e4cf0c6cfeeb0917b24058d48c0b97c32eb176e2,True,2.0,-1,correct,0.6478813145451807,451.5512454895718,True,0.001725699808143538,1.7999486188991054
control,rc,tt,1.8,125,3,5,e5763a6a1323e9a11ccbe63533da636f50216c8d4082d52e4ff1a2ada8922e21,True,1.0,1,correct,0.6378767816599492,457.78777736775737,True,1.7981268870501212,0.05615462149298234
control,rc,tt,1.8,125,3,5,e5763a6a1323e9a11ccbe63533da636f50216c8d4082d52e4ff1a2ada8922e21,True,2.0,1,correct,0.6378767816599492,457.78777736775737,True,1.7999463378151577,0.0018146999466513692
candidate,rc,tt,1.8,125,3,5,13364761ec058358a7df40ff4f1822f12f2b3922b5fed7c199564a393566959f,True,1.0,1,correct,0.6227039107530286,449.18245981514076,True,1.7983029761129,0.05290677139858468
candidate,rc,tt,1.8,125,3,5,13364761ec058358a7df40ff4f1822f12f2b3922b5fed7c199564a393566959f,True,2.0,1,correct,0.6227039107530286,449.18245981514076,True,1.7999500577971617,0.0016807702323447774
control,rc,tt,1.8,125,10,5,bef98c97b729f4e5a9321266d1c8fc253a5aac933bbc171eef56a29ab335e420,True,1.0,1,correct,0.5528855719363112,448.2587359715953,True,1.7985550440345701,0.049943945014125204
control,rc,tt,1.8,125,10,5,bef98c97b729f4e5a9321266d1c8fc253a5aac933bbc171eef56a29ab335e420,True,2.0,1,correct,0.5528855719363112,448.2587359715953,True,1.7999528737321147,0.0016045756599425839
candidate,rc,tt,1.8,125,10,5,9679ce3dc08201ee9cf80fe5cdfcc123eda3914e49a64ef22324cd8120f0c981,True,1.0,1,correct,0.5381551867341913,439.9242660326559,True,1.798618376358411,0.047311370013505924
candidate,rc,tt,1.8,125,10,5,9679ce3dc08201ee9cf80fe5cdfcc123eda3914e49a64ef22324cd8120f0c981,True,2.0,1,correct,0.5381551867341913,439.9242660326559,True,1.7999560016633467,0.0014920628686422395
control,rc,tt,1.95,-40,-10,5,33154bbe96ef2ec9cfbe894538dea5939afef33f750ea0430c52b0dbfcd52a22,True,1.0,-1,correct,0.4231129917817583,475.80245340054216,True,0.005404166037224992,1.9496584827302987
control,rc,tt,1.95,-40,-10,5,33154bbe96ef2ec9cfbe894538dea5939afef33f750ea0430c52b0dbfcd52a22,True,2.0,-1,correct,0.4231129917817583,475.80245340054216,True,5.646805705261597e-06,1.9499996359180352
candidate,rc,tt,1.95,-40,-10,5,04c8446e22df504affd2cea0b7abb2b8bf93e817eb174b68ee69dabe44b3018a,True,1.0,-1,correct,0.41624011264332067,466.3970492483172,True,0.004895797264764164,1.9496866739723913
candidate,rc,tt,1.95,-40,-10,5,04c8446e22df504affd2cea0b7abb2b8bf93e817eb174b68ee69dabe44b3018a,True,2.0,-1,correct,0.41624011264332067,466.3970492483172,True,4.890995586889387e-06,1.9499996822898915
control,rc,tt,1.95,-40,-3,5,90737104ad556ca1b8c0b1e2f77245d447d11323db360f55dc84d8181ff4d853,True,1.0,-1,correct,0.5385854570280012,484.4737954436902,True,0.0068759008737852775,1.949563628857384
control,rc,tt,1.95,-40,-3,5,90737104ad556ca1b8c0b1e2f77245d447d11323db360f55dc84d8181ff4d853,True,2.0,-1,correct,0.5385854570280012,484.4737954436902,True,7.284185705511411e-06,1.9499995342387422
candidate,rc,tt,1.95,-40,-3,5,48ceac5ce0abb01053617e97953b8fb7adb712973165486ae6146e6f44ed715b,True,1.0,-1,correct,0.5262923652953609,474.7774087483569,True,0.00617387148950821,1.949605225198145
candidate,rc,tt,1.95,-40,-3,5,48ceac5ce0abb01053617e97953b8fb7adb712973165486ae6146e6f44ed715b,True,2.0,-1,correct,0.5262923652953609,474.7774087483569,True,6.255084158455853e-06,1.9499995959059357
control,rc,tt,1.95,-40,3,5,150d67155651b6217b9096dd3b9c26436844278ef526306987666337f6091e4e,True,1.0,1,correct,0.5136251401339382,482.66806373477436,True,1.9495908678743128,0.006468249188624272
control,rc,tt,1.95,-40,3,5,150d67155651b6217b9096dd3b9c26436844278ef526306987666337f6091e4e,True,2.0,1,correct,0.5136251401339382,482.66806373477436,True,1.94999955983831,6.874254876318077e-06
candidate,rc,tt,1.95,-40,3,5,b69c02f42f3e2100e3053ff69c475f7b29b10bac33d22f3fe012868c178e99aa,True,1.0,1,correct,0.5012112527325193,473.0120392537267,True,1.94962831755096,0.005820384507122996
candidate,rc,tt,1.95,-40,3,5,b69c02f42f3e2100e3053ff69c475f7b29b10bac33d22f3fe012868c178e99aa,True,2.0,1,correct,0.5012112527325193,473.0120392537267,True,1.9499996174477547,5.914538342831898e-06
control,rc,tt,1.95,-40,10,5,f35c19912508250d77d2955615cc3e1c8573f1b1bd3925adb0b5415159fceaef,True,1.0,1,correct,0.41785117598748917,474.9542460048936,True,1.949662499772157,0.005328630543471545
control,rc,tt,1.95,-40,10,5,f35c19912508250d77d2955615cc3e1c8573f1b1bd3925adb0b5415159fceaef,True,2.0,1,correct,0.41785117598748917,474.9542460048936,True,1.9499996402488866,5.558951133944579e-06
candidate,rc,tt,1.95,-40,10,5,6d294cd8350bbbd050f72d396aefea9f2540bf94dc8e8a07ea0826132b2254d7,True,1.0,1,correct,0.4059225519338306,465.5631139009526,True,1.949690325830931,0.004828620174273701
candidate,rc,tt,1.95,-40,10,5,6d294cd8350bbbd050f72d396aefea9f2540bf94dc8e8a07ea0826132b2254d7,True,2.0,1,correct,0.4059225519338306,465.5631139009526,True,1.9499996871529408,4.817114327727549e-06
control,rc,tt,1.95,27,-10,5,cb34c710bfa175cddf13fc36b0f79632b49c5487670bb4aa424ee98ed3dca304,True,1.0,-1,correct,0.45318655963775917,503.3439998789551,True,0.012960150747378718,1.9493775951909342
control,rc,tt,1.95,27,-10,5,cb34c710bfa175cddf13fc36b0f79632b49c5487670bb4aa424ee98ed3dca304,True,2.0,-1,correct,0.45318655963775917,503.3439998789551,True,5.5200948610601474e-05,1.949997326770928
candidate,rc,tt,1.95,27,-10,5,72b1a47489e1287e4a3002065b9d109fed2034699d293a0bad0e1db0f37d6d7b,True,1.0,-1,correct,0.4420087667447001,493.6689738528166,True,0.011981107404290283,1.949415929159158
candidate,rc,tt,1.95,27,-10,5,72b1a47489e1287e4a3002065b9d109fed2034699d293a0bad0e1db0f37d6d7b,True,2.0,-1,correct,0.4420087667447001,493.6689738528166,True,4.9424649987072994e-05,1.9499975860115033
control,rc,tt,1.95,27,-3,5,4b6f3b6b47ca5328cb22b018a4f7806ff86829204969805bba1370746441a165,True,1.0,-1,correct,0.5402797766311584,513.7477389224418,True,0.015518976550914028,1.94925140641485
control,rc,tt,1.95,27,-3,5,4b6f3b6b47ca5328cb22b018a4f7806ff86829204969805bba1370746441a165,True,2.0,-1,correct,0.5402797766311584,513.7477389224418,True,6.650383662184382e-05,1.9499967780446412
candidate,rc,tt,1.95,27,-3,5,7e65e99043499d937391964e4168427a394d6edc6ef1ab0f651b721e649de572,True,1.0,-1,correct,0.5279131477492691,503.78291844130086,True,0.014256957618949555,1.9493059341444599
candidate,rc,tt,1.95,27,-3,5,7e65e99043499d937391964e4168427a394d6edc6ef1ab0f651b721e649de572,True,2.0,-1,correct,0.5279131477492691,503.78291844130086,True,5.917435720110749e-05,1.9499971089993322
control,rc,tt,1.95,27,3,5,4e4fcee56292e46e3177f12b23e6fefcf38c14f8abfd2bb65fd947391e3d747e,True,1.0,1,correct,0.5197086942697283,511.1344375887479,True,1.9492889479284314,0.014796236855936005
control,rc,tt,1.95,27,3,5,4e4fcee56292e46e3177f12b23e6fefcf38c14f8abfd2bb65fd947391e3d747e,True,2.0,1,correct,0.5197086942697283,511.1344375887479,True,1.9499969152732264,6.36254087366347e-05
candidate,rc,tt,1.95,27,3,5,7d247871641b546b56d46189e598fd6d77f2363f1151efa46f9f5014bac1d8ec,True,1.0,1,correct,0.5086932847918589,501.2073476940688,True,1.949338164690143,0.013614656825128349
candidate,rc,tt,1.95,27,3,5,7d247871641b546b56d46189e598fd6d77f2363f1151efa46f9f5014bac1d8ec,True,2.0,1,correct,0.5086932847918589,501.2073476940688,True,1.9499972282926121,5.669778078355581e-05
control,rc,tt,1.95,27,10,5,f8a163d29bf7dd35c2117964ea193818482a72db7e76de1282d59542d6a3327a,True,1.0,1,correct,0.44450018255741897,502.40026321834944,True,1.9493841827434593,0.012797816780714434
control,rc,tt,1.95,27,10,5,f8a163d29bf7dd35c2117964ea193818482a72db7e76de1282d59542d6a3327a,True,2.0,1,correct,0.44450018255741897,502.40026321834944,True,1.949997356040075,5.4476715409762286e-05
candidate,rc,tt,1.95,27,10,5,d00bf056838ff80e1f8ad2fe2ea9eefd4dcbaa909f53802df27a15a2007dd1c8,True,1.0,1,correct,0.431692458250209,492.73504601543146,True,1.9494220219308454,0.01183439466380543
candidate,rc,tt,1.95,27,10,5,d00bf056838ff80e1f8ad2fe2ea9eefd4dcbaa909f53802df27a15a2007dd1c8,True,2.0,1,correct,0.431692458250209,492.73504601543146,True,1.9499976132960453,4.879226885372486e-05
control,rc,tt,1.95,125,-10,5,b02c38956ac8a6fac520e1f6d948efed55a80a66a1399a771554d6e4aadfd89c,True,1.0,-1,correct,0.48983069548972863,543.3717672569105,True,0.03080518372783657,1.9489547768960278
control,rc,tt,1.95,125,-10,5,b02c38956ac8a6fac520e1f6d948efed55a80a66a1399a771554d6e4aadfd89c,True,2.0,-1,correct,0.48983069548972863,543.3717672569105,True,0.0006635313280876345,1.9499827373511296
candidate,rc,tt,1.95,125,-10,5,c49ca11541d1d7b98e38b073cb662b478734ffd617093369a33cd95f759bd4d9,True,1.0,-1,correct,0.47986234537929956,533.3226671119744,True,0.029014296552776264,1.948999575001259
candidate,rc,tt,1.95,125,-10,5,c49ca11541d1d7b98e38b073cb662b478734ffd617093369a33cd95f759bd4d9,True,2.0,-1,correct,0.47986234537929956,533.3226671119744,True,0.000624342145699587,1.9499839725971437
control,rc,tt,1.95,125,-3,5,f870f77b6018f693a5e7c2190150d095771968ee1f83aca26105535642b6795c,True,1.0,-1,correct,0.5757040181320501,558.3712718574733,True,0.03563872725419367,1.9487664734086911
control,rc,tt,1.95,125,-3,5,f870f77b6018f693a5e7c2190150d095771968ee1f83aca26105535642b6795c,True,2.0,-1,correct,0.5757040181320501,558.3712718574733,True,0.0007446524082327658,1.9499798890857092
candidate,rc,tt,1.95,125,-3,5,4a3fc9ab158a647578659dd4b6ad57ecd31b6c4a0a47cbd2a48616e40cacc3bd,True,1.0,-1,correct,0.561119987513579,547.9143055831571,True,0.033408603538206426,1.9488388548571498
candidate,rc,tt,1.95,125,-3,5,4a3fc9ab158a647578659dd4b6ad57ecd31b6c4a0a47cbd2a48616e40cacc3bd,True,2.0,-1,correct,0.561119987513579,547.9143055831571,True,0.0006965579412795569,1.9499814077576092
control,rc,tt,1.95,125,3,5,bf1184a987a78a7de73fa5af74b35c6ee7f9ed7cd9fb1e77a663c5ddf4ee4605,True,1.0,1,correct,0.5511438730839009,554.191212049226,True,1.948829019275682,0.034214664358160604
control,rc,tt,1.95,125,3,5,bf1184a987a78a7de73fa5af74b35c6ee7f9ed7cd9fb1e77a663c5ddf4ee4605,True,2.0,1,correct,0.5511438730839009,554.191212049226,True,1.9499806474135841,0.0007231405604626463
candidate,rc,tt,1.95,125,3,5,f16f687d962faca99a03d9794f2720c24e5f592b1da798912e5468823b2ee0c3,True,1.0,1,correct,0.5365269345604595,543.8231830724055,True,1.948890783469808,0.032117173320947046
candidate,rc,tt,1.95,125,3,5,f16f687d962faca99a03d9794f2720c24e5f592b1da798912e5468823b2ee0c3,True,2.0,1,correct,0.5365269345604595,543.8231830724055,True,1.9499820940637094,0.0006774697194143737
control,rc,tt,1.95,125,10,5,d938fca67d77c5920a4b9dc4fe67fcb827500db8960279ffa3a48f90b8c2a38a,True,1.0,1,correct,0.4844563363030689,542.052943511659,True,1.9489652642085882,0.030453739354699798
control,rc,tt,1.95,125,10,5,d938fca67d77c5920a4b9dc4fe67fcb827500db8960279ffa3a48f90b8c2a38a,True,2.0,1,correct,0.4844563363030689,542.052943511659,True,1.9499829218375155,0.000657804472955677
candidate,rc,tt,1.95,125,10,5,e041f0dc3448279e4c328d4045520b27778e5acdfe2fa1e014c09c3f509b2950,True,1.0,1,correct,0.4702404552611085,532.0159990559221,True,1.9490093028353295,0.028689444830499417
candidate,rc,tt,1.95,125,10,5,e041f0dc3448279e4c328d4045520b27778e5acdfe2fa1e014c09c3f509b2950,True,2.0,1,correct,0.4702404552611085,532.0159990559221,True,1.9499841448694808,0.00061918700262866
control,rc,ss,1.62,-40,-10,5,928b3dbec314c5108d7c2a9d8679b2c99490d9bf162bcdbfe899a3025f048d14,True,1.0,0,unresolved,,285.52464366305696,True,0.7533365031197334,1.4397778195328075
control,rc,ss,1.62,-40,-10,5,928b3dbec314c5108d7c2a9d8679b2c99490d9bf162bcdbfe899a3025f048d14,True,2.0,-1,correct,1.3098833058783697,285.52464366305696,True,0.08369930643025275,1.6180850511417508
candidate,rc,ss,1.62,-40,-10,5,06e852984f1060db241cf6f06f5d8efd46ae64c48edc5c5537bd3b094fb4ef64,True,1.0,0,unresolved,,279.7402016961073,True,0.7089802944630464,1.4324227789854542
candidate,rc,ss,1.62,-40,-10,5,06e852984f1060db241cf6f06f5d8efd46ae64c48edc5c5537bd3b094fb4ef64,True,2.0,-1,correct,1.270660757830418,279.7402016961073,True,0.07874916707575869,1.6182238047455764
control,rc,ss,1.62,-40,-3,5,b7a4e0dc0651afe4620fb2261dd800206bacefcb8d39921a2094e4bc97174395,True,1.0,0,unresolved,,292.33720761088557,True,1.0095365858286869,1.2748207850120445
control,rc,ss,1.62,-40,-3,5,b7a4e0dc0651afe4620fb2261dd800206bacefcb8d39921a2094e4bc97174395,True,2.0,-1,correct,1.5649135821162394,292.33720761088557,True,0.10802860738069013,1.6115320852006538
candidate,rc,ss,1.62,-40,-3,5,4bd6dd7c16a658e715793687fa3bb75fa365037735ffaeff6e6b6ae6776e2201,True,1.0,0,unresolved,,286.33827294591185,True,0.9781979026255206,1.266733282786203
candidate,rc,ss,1.62,-40,-3,5,4bd6dd7c16a658e715793687fa3bb75fa365037735ffaeff6e6b6ae6776e2201,True,2.0,-1,correct,1.525708675861928,286.33827294591185,True,0.1002131311549708,1.614280054947856
control,rc,ss,1.62,-40,3,5,57034a433fde4e6ec1a06bf4a37311034ce6c513ff9d21b340268277df76d2d3,True,1.0,0,unresolved,,291.8145035135114,True,1.2834192476880206,0.9982661905222
control,rc,ss,1.62,-40,3,5,57034a433fde4e6ec1a06bf4a37311034ce6c513ff9d21b340268277df76d2d3,True,2.0,1,correct,1.5399192343939812,291.8145035135114,True,1.612943761498015,0.10542220188001251
candidate,rc,ss,1.62,-40,3,5,990b90d900d28102ac9eb1dd158ad3ae95318b8cabc19ec03b575db34f509c57,True,1.0,0,unresolved,,285.82693802182337,True,1.2757852903114415,0.9658995111935694
candidate,rc,ss,1.62,-40,3,5,990b90d900d28102ac9eb1dd158ad3ae95318b8cabc19ec03b575db34f509c57,True,2.0,1,correct,1.50071626792701,285.82693802182337,True,1.6151431426318799,0.09817495629620947
control,rc,ss,1.62,-40,10,5,8118b154e345f250c99e39184cfbe9c797d7b24435a7a6c57449f1a38b283fe5,True,1.0,0,unresolved,,285.2476794468429,True,1.4429914602009504,0.7458993405941313
control,rc,ss,1.62,-40,10,5,8118b154e345f250c99e39184cfbe9c797d7b24435a7a6c57449f1a38b283fe5,True,2.0,1,correct,1.304889178703059,285.2476794468429,True,1.618101708692017,0.08317851899633241
candidate,rc,ss,1.62,-40,10,5,fbe14a7a791378c30d00b737944928b16e0cc7be4936b704ad142d584803807d,True,1.0,0,unresolved,,279.4682833082555,True,1.43561712684294,0.7012113136700587
candidate,rc,ss,1.62,-40,10,5,fbe14a7a791378c30d00b737944928b16e0cc7be4936b704ad142d584803807d,True,2.0,1,correct,1.2656695861531388,279.4682833082555,True,1.6182314780036418,0.07822558041317007
control,rc,ss,1.62,27,-10,5,9681fb47b255ae78e1e45e883c58f6f4f2abe098b7c0e72feaf5efe0de456b2b,True,1.0,0,unresolved,,309.0268606005682,True,0.49754339497365463,1.3923048800679654
control,rc,ss,1.62,27,-10,5,9681fb47b255ae78e1e45e883c58f6f4f2abe098b7c0e72feaf5efe0de456b2b,True,2.0,-1,correct,1.0974884766282484,309.0268606005682,True,0.04378791483359133,1.6187659460469668
candidate,rc,ss,1.62,27,-10,5,9013df810c0ad57a30c93cc3838b8cabda8ec664dfc03030d7d3ad0f5de9845f,True,1.0,0,unresolved,,303.0059578314621,True,0.44222839909993183,1.4122655586281005
candidate,rc,ss,1.62,27,-10,5,9013df810c0ad57a30c93cc3838b8cabda8ec664dfc03030d7d3ad0f5de9845f,True,2.0,-1,correct,1.0666896872551594,303.0059578314621,True,0.04042512554278066,1.6188161133378014
control,rc,ss,1.62,27,-3,5,13af6779a6d8ad12050c31b1124683847079d980e34eef335933861611fc0014,True,1.0,0,unresolved,,316.2671397130948,True,0.8339290736453105,1.1596325693554745
control,rc,ss,1.62,27,-3,5,13af6779a6d8ad12050c31b1124683847079d980e34eef335933861611fc0014,True,2.0,-1,correct,1.3575049831377006,316.2671397130948,True,0.053285057857724284,1.6184013210031538
candidate,rc,ss,1.62,27,-3,5,ed0c158c1814154ec5561258ec3b37ca49ff1fb6c0ed12867740be94501ea793,True,1.0,0,unresolved,,310.009285676305,True,0.8034895122502315,1.1549861604108818
candidate,rc,ss,1.62,27,-3,5,ed0c158c1814154ec5561258ec3b37ca49ff1fb6c0ed12867740be94501ea793,True,2.0,-1,correct,1.3217083115612303,310.009285676305,True,0.049102706873486404,1.6185430454002137
control,rc,ss,1.62,27,3,5,4066a299823ef67e801c9611ba0a97964c4bd0c34d6bc546124ab02b5b529af7,True,1.0,0,unresolved,,315.64523309194414,True,1.1721014589432188,0.814897172126542
control,rc,ss,1.62,27,3,5,4066a299823ef67e801c9611ba0a97964c4bd0c34d6bc546124ab02b5b529af7,True,2.0,1,correct,1.327507127710799,315.64523309194414,True,1.6184739674233026,0.05243257855742954
candidate,rc,ss,1.62,27,3,5,f1be20222abbe03da34e95698dce4eada32432e5c7e993d60cf23bd06a170602,True,1.0,0,unresolved,,309.40176694212244,True,1.168038490482948,0.7826535283909938
candidate,rc,ss,1.62,27,3,5,f1be20222abbe03da34e95698dce4eada32432e5c7e993d60cf23bd06a170602,True,2.0,1,correct,1.2967098431473605,309.40176694212244,True,1.618591121841034,0.048348085691240474
control,rc,ss,1.62,27,10,5,07a7e75ecbf32fd316a787fedcb43f3b0d8a24e1de21343452f31c58db9c7bce,True,1.0,0,unresolved,,308.69895977345874,True,1.4014234701560848,0.48503688171855275
control,rc,ss,1.62,27,10,5,07a7e75ecbf32fd316a787fedcb43f3b0d8a24e1de21343452f31c58db9c7bce,True,2.0,1,correct,1.0924908748637383,308.69895977345874,True,1.6187711808853622,0.04344932702489757
candidate,rc,ss,1.62,27,10,5,1c4aeb8dd7053928665aef3f6b7be11cec34f93f84c37c22d4b03a1504986dc5,True,1.0,0,unresolved,,302.68489557917155,True,1.4219041361437472,0.4300021927926542
candidate,rc,ss,1.62,27,10,5,1c4aeb8dd7053928665aef3f6b7be11cec34f93f84c37c22d4b03a1504986dc5,True,2.0,1,correct,1.0617003584042106,302.68489557917155,True,1.6188215512384,0.04010868101399493
control,rc,ss,1.62,125,-10,5,546522605c38e509ed2f75633fbd7959f7f7549433df88ccc140547849afe0d8,True,1.0,0,unresolved,,340.7705415384346,True,0.33868076489538,1.5148279724596319
control,rc,ss,1.62,125,-10,5,546522605c38e509ed2f75633fbd7959f7f7549433df88ccc140547849afe0d8,True,2.0,-1,correct,1.0126044402554892,340.7705415384346,True,0.03596276817522661,1.6191605297335103
candidate,rc,ss,1.62,125,-10,5,a01f922cdb5a0cd87b0742bc24ea454c03bc3fd11d2068165a84395db599507e,True,1.0,-1,correct,0.9877563152360601,334.4623918878168,True,0.30096510326327663,1.5369732251082475
candidate,rc,ss,1.62,125,-10,5,a01f922cdb5a0cd87b0742bc24ea454c03bc3fd11d2068165a84395db599507e,True,2.0,-1,correct,0.9877563152360601,334.4623918878168,True,0.03366570792929063,1.6191946182207
control,rc,ss,1.62,125,-3,5,b9c9700ce7f10d77a0a97a13bc03220c8aaa011e8d1b61443b4f80a5ef5e5d67,True,1.0,0,unresolved,,348.10851982379734,True,0.751624509875777,1.168683461262644
control,rc,ss,1.62,125,-3,5,b9c9700ce7f10d77a0a97a13bc03220c8aaa011e8d1b61443b4f80a5ef5e5d67,True,2.0,-1,correct,1.2176079033897997,348.10851982379734,True,0.041623336100295144,1.6190398786114877
candidate,rc,ss,1.62,125,-3,5,86e256797733ca1671b0c3e33a634ea5e49b45c2aa35abc63188c5ab3e1c583b,True,1.0,0,unresolved,,341.578635198379,True,0.7140683726426603,1.1907898251084386
candidate,rc,ss,1.62,125,-3,5,86e256797733ca1671b0c3e33a634ea5e49b45c2aa35abc63188c5ab3e1c583b,True,2.0,-1,correct,1.1877598243271899,341.578635198379,True,0.03885662858274402,1.619087884418952
control,rc,ss,1.62,125,3,5,1e49953d468e7fc71a80a631945c3215497a7ff9a76df7cc9186a587ffd37f05,True,1.0,0,unresolved,,347.2956230361519,True,1.1981180252601515,0.7185391926587453
control,rc,ss,1.62,125,3,5,1e49953d468e7fc71a80a631945c3215497a7ff9a76df7cc9186a587ffd37f05,True,2.0,1,correct,1.1926084829950083,347.2956230361519,True,1.619057494969678,0.04096308677245378
candidate,rc,ss,1.62,125,3,5,a5ca3659f5532d62e38410e13616c493dd451ac9267dee308770ddad8f55958a,True,1.0,0,unresolved,,340.7836672448805,True,1.2249421978793753,0.6757763762510116
candidate,rc,ss,1.62,125,3,5,a5ca3659f5532d62e38410e13616c493dd451ac9267dee308770ddad8f55958a,True,2.0,1,correct,1.1627601697486103,340.7836672448805,True,1.6191026841680782,0.038258024270649366
control,rc,ss,1.62,125,10,5,c227c46144eb472f5a281d4c17e58fb515f2b9cd4163df0b62b77be59d312377,True,1.0,0,unresolved,,340.3868111058107,True,1.5223603580238827,0.32827193123713144
control,rc,ss,1.62,125,10,5,c227c46144eb472f5a281d4c17e58fb515f2b9cd4163df0b62b77be59d312377,True,2.0,1,correct,1.0076049052585985,340.3868111058107,True,1.6191640120105204,0.0357406833926289
candidate,rc,ss,1.62,125,10,5,5cfcdc7695dfa36f30c5060b33e0acb74a9725dab3a4015afe5505af4932c730,True,1.0,1,correct,0.9777567981013384,334.0868472987528,True,1.5430914635042339,0.2924027658577228
candidate,rc,ss,1.62,125,10,5,5cfcdc7695dfa36f30c5060b33e0acb74a9725dab3a4015afe5505af4932c730,True,2.0,1,correct,0.9777567981013384,334.0868472987528,True,1.6191981015939483,0.033457890411727025
control,rc,ss,1.8,-40,-10,5,e8b153cdc7b6855ab0b0af0fa48dc306aeaf650b6762dd207b787362a8c2e170,True,1.0,-1,correct,0.6865298624906403,379.00860941021585,True,0.08531649429127859,1.7901444362943895
control,rc,ss,1.8,-40,-10,5,e8b153cdc7b6855ab0b0af0fa48dc306aeaf650b6762dd207b787362a8c2e170,True,2.0,-1,correct,0.6865298624906403,379.00860941021585,True,0.0017041737671195292,1.799883978064529
candidate,rc,ss,1.8,-40,-10,5,9b99d03a3dcc5b579eab642ec909d1be6e5fb36d8c834c7331aad30773ee137c,True,1.0,-1,correct,0.6708284310478684,371.4958909389029,True,0.07994371702678184,1.7922325723636596
candidate,rc,ss,1.8,-40,-10,5,9b99d03a3dcc5b579eab642ec909d1be6e5fb36d8c834c7331aad30773ee137c,True,2.0,-1,correct,0.6708284310478684,371.4958909389029,True,0.0015110012570664203,1.7998957978917416
control,rc,ss,1.8,-40,-3,5,b704ee79dbc9a039bc746458b12bc0418918f47bfc565e9b42c27601d71f85be,True,1.0,-1,correct,0.9015357837627701,387.55371316677025,True,0.13593051148243288,1.6702921786195357
control,rc,ss,1.8,-40,-3,5,b704ee79dbc9a039bc746458b12bc0418918f47bfc565e9b42c27601d71f85be,True,2.0,-1,correct,0.9015357837627701,387.55371316677025,True,0.0021742294677765707,1.799854261188643
candidate,rc,ss,1.8,-40,-3,5,af9e6c12e26cd0250d5bae4311698919d3e179634d8e1e098ae09d8ad9e32322,True,1.0,-1,correct,0.8813735722645213,379.7462859699784,True,0.11944233066134426,1.7035749393868533
candidate,rc,ss,1.8,-40,-3,5,af9e6c12e26cd0250d5bae4311698919d3e179634d8e1e098ae09d8ad9e32322,True,2.0,-1,correct,0.8813735722645213,379.7462859699784,True,0.0019191765598858288,1.7998697256603742
control,rc,ss,1.8,-40,3,5,86add9740c6913ab7812bf9abe4189ae1889e3d509779d9dac29651332e03802,True,1.0,1,correct,0.8715369286437284,386.63340965072814,True,1.7073664315515804,0.12251811390720822
control,rc,ss,1.8,-40,3,5,86add9740c6913ab7812bf9abe4189ae1889e3d509779d9dac29651332e03802,True,2.0,1,correct,0.8715369286437284,386.63340965072814,True,1.7998580660074508,0.0021149387050363837
candidate,rc,ss,1.8,-40,3,5,d9b161bb560aa987e01b08c2ade988f7c8a9828e65a58594f65dda4f883bf257,True,1.0,1,correct,0.8513959302608287,378.84854349152215,True,1.731860221130696,0.10915861626114132
candidate,rc,ss,1.8,-40,3,5,d9b161bb560aa987e01b08c2ade988f7c8a9828e65a58594f65dda4f883bf257,True,2.0,1,correct,0.8513959302608287,378.84854349152215,True,1.799873062999992,0.0018679407124192306
control,rc,ss,1.8,-40,10,5,0aba89cf65442a24708874cfc6ddb0c6a263509946b971a1fd4976b5af56a9cd,True,1.0,1,correct,0.6815310046822411,378.52399619352843,True,1.7906873731028068,0.08458754881052041
control,rc,ss,1.8,-40,10,5,0aba89cf65442a24708874cfc6ddb0c6a263509946b971a1fd4976b5af56a9cd,True,2.0,1,correct,0.6815310046822411,378.52399619352843,True,1.7998849879317067,0.001686005043774425
candidate,rc,ss,1.8,-40,10,5,a90c5a54e9f74bdde46f722eaf720bad617a4e90a37c28dd3df01b7d0d2080fe,True,1.0,1,correct,0.6658710437998812,371.02292081608186,True,1.7926182239880375,0.07930099712424117
candidate,rc,ss,1.8,-40,10,5,a90c5a54e9f74bdde46f722eaf720bad617a4e90a37c28dd3df01b7d0d2080fe,True,2.0,1,correct,0.6658710437998812,371.02292081608186,True,1.7998967279238194,0.0014949372445570584
control,rc,ss,1.8,27,-10,5,f94e3b41dfbcad72cc902846d6adcb3cf82c04b2c047a08246feac954847aaff,True,1.0,-1,correct,0.7027689930653005,405.12435440030276,True,0.08859608984905709,1.7922018705720522
control,rc,ss,1.8,27,-10,5,f94e3b41dfbcad72cc902846d6adcb3cf82c04b2c047a08246feac954847aaff,True,2.0,-1,correct,0.7027689930653005,405.12435440030276,True,0.0032401190542852626,1.7998429882656082
candidate,rc,ss,1.8,27,-10,5,a64a24c41e8bb8b052f20861007b0907e3b23df57e3bb2d83dc156bee8ed9fc4,True,1.0,-1,correct,0.688612605674561,397.3513150405206,True,0.08315875501403565,1.7938038084526766
candidate,rc,ss,1.8,27,-10,5,a64a24c41e8bb8b052f20861007b0907e3b23df57e3bb2d83dc156bee8ed9fc4,True,2.0,-1,correct,0.688612605674561,397.3513150405206,True,0.002947174496326927,1.799855036743327
control,rc,ss,1.8,27,-3,5,852b66283d8389f068a1a6f76dcd2e90c55c479454932f58b07d082d73929e35,True,1.0,-1,correct,0.8877718791584296,413.5371777497358,True,0.15227458504730793,1.7058526375240972
control,rc,ss,1.8,27,-3,5,852b66283d8389f068a1a6f76dcd2e90c55c479454932f58b07d082d73929e35,True,2.0,-1,correct,0.8877718791584296,413.5371777497358,True,0.0039913490202106465,1.799808417177178
candidate,rc,ss,1.8,27,-3,5,5daa2b2f4b2489a198c1edd0f68ecc909551ba016b5b214c350ae714a35b0893,True,1.0,-1,correct,0.868618902606511,405.4934695702728,True,0.1327014122316086,1.7318415637728521
candidate,rc,ss,1.8,27,-3,5,5daa2b2f4b2489a198c1edd0f68ecc909551ba016b5b214c350ae714a35b0893,True,2.0,-1,correct,0.868618902606511,405.4934695702728,True,0.003610308739130232,1.7998241905107786
control,rc,ss,1.8,27,3,5,41118ff70d0d7d67e3ff7aa877a87d52e17f72cad727dde70cf1d4f79ceeec97,True,1.0,1,correct,0.8627722692867386,412.48057632956994,True,1.7351020136738557,0.13396498875507093
control,rc,ss,1.8,27,3,5,41118ff70d0d7d67e3ff7aa877a87d52e17f72cad727dde70cf1d4f79ceeec97,True,2.0,1,correct,0.8627722692867386,412.48057632956994,True,1.7998139386506498,0.0038739064058084883
candidate,rc,ss,1.8,27,3,5,401d9fa9dfa628219af0219908c95a23649fbfaf929570bef18e96a47304431e,True,1.0,1,correct,0.8436195516070509,404.4621820900866,True,1.7532423567667565,0.11859521701713871
candidate,rc,ss,1.8,27,3,5,401d9fa9dfa628219af0219908c95a23649fbfaf929570bef18e96a47304431e,True,2.0,1,correct,0.8436195516070509,404.4621820900866,True,1.7998291254225358,0.0035072585089990175
control,rc,ss,1.8,27,10,5,23d3d3679df33204e5c3c578231f4faada9d2d091dea149cf1450d4a09d26e8d,True,1.0,1,correct,0.6977689100233493,404.5904496525125,True,1.7927116835313908,0.08765238232937146
control,rc,ss,1.8,27,10,5,23d3d3679df33204e5c3c578231f4faada9d2d091dea149cf1450d4a09d26e8d,True,2.0,1,correct,0.6977689100233493,404.5904496525125,True,1.799844122944478,0.003212188705576846
candidate,rc,ss,1.8,27,10,5,65f801cfdc25bc6a97b2e07c98d50ae101bfcc5b6653b203d0bd3d125bb84748,True,1.0,1,correct,0.6786126016236708,396.82944365466665,True,1.7941664693916006,0.08236661914517325
candidate,rc,ss,1.8,27,10,5,65f801cfdc25bc6a97b2e07c98d50ae101bfcc5b6653b203d0bd3d125bb84748,True,2.0,1,correct,0.6786126016236708,396.82944365466665,True,1.79985612036992,0.0029218815127510277
control,rc,ss,1.8,125,-10,5,d62fde874c4a3f360c223717f19a4ce08beb1d846cef2a42b2cac4e733f76aa9,True,1.0,-1,correct,0.7352754829944204,440.2809232107019,True,0.11033573570163271,1.7933146160238713
control,rc,ss,1.8,125,-10,5,d62fde874c4a3f360c223717f19a4ce08beb1d846cef2a42b2cac4e733f76aa9,True,2.0,-1,correct,0.7352754829944204,440.2809232107019,True,0.007826465544432521,1.7997454588011859
candidate,rc,ss,1.8,125,-10,5,435d8d5ba6ad5d1e928fd60ba503c8e70f9e05eb1b06fd6c40a659627c0796fb,True,1.0,-1,correct,0.7204857952284601,432.20431632159784,True,0.10369551442482458,1.794566603961253
candidate,rc,ss,1.8,125,-10,5,435d8d5ba6ad5d1e928fd60ba503c8e70f9e05eb1b06fd6c40a659627c0796fb,True,2.0,-1,correct,0.7204857952284601,432.20431632159784,True,0.00727323022604227,1.7997596425703957
control,rc,ss,1.8,125,-3,5,553dba35fcdbafd17f9cb81cc35b41226456f58222cd3336468b322ee714444b,True,1.0,-1,correct,0.8753546967659803,449.6394516778501,True,0.16656765058601772,1.7629678280702108
control,rc,ss,1.8,125,-3,5,553dba35fcdbafd17f9cb81cc35b41226456f58222cd3336468b322ee714444b,True,2.0,-1,correct,0.8753546967659803,449.6394516778501,True,0.009067793460214165,1.7997075398936344
candidate,rc,ss,1.8,125,-3,5,57f53f654694b436887b64e9d79410266373cd70da06d479e6ccbdf8e903718b,True,1.0,-1,correct,0.8554721334650806,441.2900900308848,True,0.14849121631694065,1.7731368090010513
candidate,rc,ss,1.8,125,-3,5,57f53f654694b436887b64e9d79410266373cd70da06d479e6ccbdf8e903718b,True,2.0,-1,correct,0.8554721334650806,441.2900900308848,True,0.00839371907082076,1.7997249809632656
control,rc,ss,1.8,125,3,5,b05f384b40463b37db7fe16707a9683b04b230c025070485d70932ce00187153,True,1.0,1,correct,0.8553702230418296,448.10336255998095,True,1.7725639805496543,0.1518967114368405
control,rc,ss,1.8,125,3,5,b05f384b40463b37db7fe16707a9683b04b230c025070485d70932ce00187153,True,2.0,1,correct,0.8553702230418296,448.10336255998095,True,1.7997138798140078,0.008864021391074374
candidate,rc,ss,1.8,125,3,5,ae0d88eb99d478b4b2063df9c38eff12d41e9a04034d7e8a5b8905b90221eea5,True,1.0,1,correct,0.8304729986684213,439.7879857521667,True,1.7798970270163441,0.13682496343942793
candidate,rc,ss,1.8,125,3,5,ae0d88eb99d478b4b2063df9c38eff12d41e9a04034d7e8a5b8905b90221eea5,True,2.0,1,correct,0.8304729986684213,439.7879857521667,True,1.7997308288742229,0.008210429871950474
control,rc,ss,1.8,125,10,5,a8638db757e42269cb940a8c09394aed7a9ee48c7f595f1429f3973528d8154c,True,1.0,1,correct,0.7304055613758808,439.6687445765889,True,1.7937196822486041,0.10882973141312713
control,rc,ss,1.8,125,10,5,a8638db757e42269cb940a8c09394aed7a9ee48c7f595f1429f3973528d8154c,True,2.0,1,correct,0.7304055613758808,439.6687445765889,True,1.7997471626454213,0.007765412809754888
candidate,rc,ss,1.8,125,10,5,ce921881b02bc9e5049fa34f03cc21f5287d226542cdb726da2cf8cce367c77a,True,1.0,1,correct,0.7144961584910892,431.59915417882365,True,1.794863921437258,0.10244836143217485
candidate,rc,ss,1.8,125,10,5,ce921881b02bc9e5049fa34f03cc21f5287d226542cdb726da2cf8cce367c77a,True,2.0,1,correct,0.7144961584910892,431.59915417882365,True,1.7997613045412943,0.0072170881154613115
control,rc,ss,1.95,-40,-10,5,c9989b21d34378b4129271cd63138224b226f46eb69c0f837a029ec230a3ca76,True,1.0,-1,correct,0.5371332884601699,467.00135144307353,True,0.024932284794502803,1.9477168291080331
control,rc,ss,1.95,-40,-10,5,c9989b21d34378b4129271cd63138224b226f46eb69c0f837a029ec230a3ca76,True,2.0,-1,correct,0.5371332884601699,467.00135144307353,True,0.0001257793202872782,1.9499892495854003
candidate,rc,ss,1.95,-40,-10,5,a6c4c9407ea29e9a67ce939fbcff378b7a7c5b65b8cfdc9af2be429b450955c1,True,1.0,-1,correct,0.5223514203690206,457.8500144008884,True,0.02282255191514245,1.9479685602127
candidate,rc,ss,1.95,-40,-10,5,a6c4c9407ea29e9a67ce939fbcff378b7a7c5b65b8cfdc9af2be429b450955c1,True,2.0,-1,correct,0.5223514203690206,457.8500144008884,True,0.00011103970519840017,1.9499904104462473
control,rc,ss,1.95,-40,-3,5,cf045dc6e599cdc815b205ade7302601f31d22c35109eacd00fc02bd02df393f,True,1.0,-1,correct,0.7219760948557791,476.2278286954266,True,0.03318571514582235,1.941682739877498
control,rc,ss,1.95,-40,-3,5,cf045dc6e599cdc815b205ade7302601f31d22c35109eacd00fc02bd02df393f,True,2.0,-1,correct,0.7219760948557791,476.2278286954266,True,0.00016309875275490645,1.9499861472597884
candidate,rc,ss,1.95,-40,-3,5,043935d528b5bb274ce86b310fccddd7733b367f98f4275e451902bbebb10a8e,True,1.0,-1,correct,0.7023677738054698,466.7802126838936,True,0.029981080174015514,1.9438095118147802
candidate,rc,ss,1.95,-40,-3,5,043935d528b5bb274ce86b310fccddd7733b367f98f4275e451902bbebb10a8e,True,2.0,-1,correct,0.7023677738054698,466.7802126838936,True,0.00014293791072749135,1.9499877376186578
control,rc,ss,1.95,-40,3,5,69e147c25fd87e264141f1bdf8cbe78ecb2ab4c8094fc8c14cc878fefa9d0203,True,1.0,1,correct,0.6871902912107503,474.8466135951342,True,1.9439777503635256,0.031056872473071446
control,rc,ss,1.95,-40,3,5,69e147c25fd87e264141f1bdf8cbe78ecb2ab4c8094fc8c14cc878fefa9d0203,True,2.0,1,correct,0.6871902912107503,474.8466135951342,True,1.9499868030194722,0.00015522261313028024
candidate,rc,ss,1.95,-40,3,5,226cdfea76f5d7046d25605ea535c8d24b9c708dd7f9e99f64ad0fa6d8f83f6d,True,1.0,1,correct,0.6723713153290185,465.43220003118074,True,1.94538852634384,0.028150848906222235
candidate,rc,ss,1.95,-40,3,5,226cdfea76f5d7046d25605ea535c8d24b9c708dd7f9e99f64ad0fa6d8f83f6d,True,2.0,1,correct,0.6723713153290185,465.43220003118074,True,1.9499883030602658,0.00013623086262335666
control,rc,ss,1.95,-40,10,5,f1bfe23214ff5c88a78239a1db0d2ce6dbef4ee0addc13e8dc216c7769098fee,True,1.0,1,correct,0.52714302372774,466.2902452995982,True,1.9477701294069931,0.024672810428931585
control,rc,ss,1.95,-40,10,5,f1bfe23214ff5c88a78239a1db0d2ce6dbef4ee0addc13e8dc216c7769098fee,True,2.0,1,correct,0.52714302372774,466.2902452995982,True,1.9499893474468435,0.00012438132031661334
candidate,rc,ss,1.95,-40,10,5,6a55b9b85bef971b21df84be5b8ebca8d4ae9d497643ac5a1fbbd4a24ff6d9df,True,1.0,1,correct,0.5173551820072811,457.15557720816804,True,1.9480075684656073,0.022588906559803053
candidate,rc,ss,1.95,-40,10,5,6a55b9b85bef971b21df84be5b8ebca8d4ae9d497643ac5a1fbbd4a24ff6d9df,True,2.0,1,correct,0.5173551820072811,457.15557720816804,True,1.9499905001783244,0.00010981450026556636
control,rc,ss,1.95,27,-10,5,1cc1d20d3bb07f5f0263c2c87ee63f31a372dcb70fcf64713ddf1570106d3793,True,1.0,-1,correct,0.5769018931178103,494.9496215565348,True,0.04060732804696103,1.9475143420944683
control,rc,ss,1.95,27,-10,5,1cc1d20d3bb07f5f0263c2c87ee63f31a372dcb70fcf64713ddf1570106d3793,True,2.0,-1,correct,0.5769018931178103,494.9496215565348,True,0.0005956825602956853,1.9499654616035276
candidate,rc,ss,1.95,27,-10,5,7f384def6828f892d1a2a76911e5248300b41ced4ec5cc9aced92b59b9ab9715,True,1.0,-1,correct,0.5632182026317181,485.56326449912433,True,0.03785797837981853,1.9477536778656754
candidate,rc,ss,1.95,27,-10,5,7f384def6828f892d1a2a76911e5248300b41ced4ec5cc9aced92b59b9ab9715,True,2.0,-1,correct,0.5632182026317181,485.56326449912433,True,0.0005398139817872825,1.9499682637096385
control,rc,ss,1.95,27,-3,5,0d18a470fe70ff9a0dbf16260d3a83d245454c4be56607d7ff109b7fceebc4ed,True,1.0,-1,correct,0.7103391968218695,504.31596607269074,True,0.05097037517826877,1.9426337833133056
control,rc,ss,1.95,27,-3,5,0d18a470fe70ff9a0dbf16260d3a83d245454c4be56607d7ff109b7fceebc4ed,True,2.0,-1,correct,0.7103391968218695,504.31596607269074,True,0.0007238384621428421,1.949958203002547
candidate,rc,ss,1.95,27,-3,5,1f090541b572dadab6c853209b823a0353fb019cda28718ffde589085981482d,True,1.0,-1,correct,0.6932770279905187,494.63982140369166,True,0.046808200096572466,1.9444210844797234
candidate,rc,ss,1.95,27,-3,5,1f090541b572dadab6c853209b823a0353fb019cda28718ffde589085981482d,True,2.0,-1,correct,0.6932770279905187,494.63982140369166,True,0.0006519483713720494,1.949961848345599
control,rc,ss,1.95,27,3,5,e2b57c3527eec5b58c52b1991200eebb58efda059aaedeed3bb4d7af2e011163,True,1.0,1,correct,0.6853953037174898,502.66760869739727,True,1.9444387418780145,0.04830632208285104
control,rc,ss,1.95,27,3,5,e2b57c3527eec5b58c52b1991200eebb58efda059aaedeed3bb4d7af2e011163,True,2.0,1,correct,0.6853953037174898,502.66760869739727,True,1.949959694020144,0.000697731131147327
candidate,rc,ss,1.95,27,3,5,4cfdaa6e4a4c68975e981321489f98697a9f4b4f884e43eadb3cf62fca967611,True,1.0,1,correct,0.6681725310385299,493.0269315169039,True,1.945646863318273,0.04455431873427384
candidate,rc,ss,1.95,27,3,5,4cfdaa6e4a4c68975e981321489f98697a9f4b4f884e43eadb3cf62fca967611,True,2.0,1,correct,0.6681725310385299,493.0269315169039,True,1.949963174183275,0.0006291748439599507
control,rc,ss,1.95,27,10,5,ddaeb6669013603dad92b1d0224325850778fc42ecf81494976c3d5987489faf,True,1.0,1,correct,0.5693560714580397,494.20356673192424,True,1.9475807209880611,0.0401742026499548
control,rc,ss,1.95,27,10,5,ddaeb6669013603dad92b1d0224325850778fc42ecf81494976c3d5987489faf,True,2.0,1,correct,0.5693560714580397,494.20356673192424,True,1.94996578639058,0.0005893166805380167
candidate,rc,ss,1.95,27,10,5,362711fd1afead546255e3ec7a124e2430e2c2193c475e05ef43b761177fbdaf,True,1.0,1,correct,0.553058082875699,484.81536079611243,True,1.9478018112487185,0.03746820898672198
candidate,rc,ss,1.95,27,10,5,362711fd1afead546255e3ec7a124e2430e2c2193c475e05ef43b761177fbdaf,True,2.0,1,correct,0.553058082875699,484.81536079611243,True,1.949968568972505,0.0005341557352975953
control,rc,ss,1.95,125,-10,5,45dec2c139e45f90b12b285d060a78e292333cdc7d7460b0b72c6399dcfeccba,True,1.0,-1,correct,0.6173972266920587,533.092514999428,True,0.06825877888950417,1.947315275101854
control,rc,ss,1.95,125,-10,5,45dec2c139e45f90b12b285d060a78e292333cdc7d7460b0b72c6399dcfeccba,True,2.0,-1,correct,0.6173972266920587,533.092514999428,True,0.0027294016395835777,1.9498976007480697
candidate,rc,ss,1.95,125,-10,5,55837d2a0a3c7d421e07b8b1a57fea24f3e156ded623995a5bddbc6a27979bc6,True,1.0,-1,correct,0.6029328409589305,523.3792421515578,True,0.06460689218547373,1.9475514699480796
candidate,rc,ss,1.95,125,-10,5,55837d2a0a3c7d421e07b8b1a57fea24f3e156ded623995a5bddbc6a27979bc6,True,2.0,-1,correct,0.6029328409589305,523.3792421515578,True,0.002530098995480448,1.9499036211206926
control,rc,ss,1.95,125,-3,5,06efc1f0acb0dbc48236c8b45f88e889a88e10815506bb6b4d1efe86099d6826,True,1.0,-1,correct,0.7277491105700409,545.229537941872,True,0.08148525369457547,1.944178923266861
control,rc,ss,1.95,125,-3,5,06efc1f0acb0dbc48236c8b45f88e889a88e10815506bb6b4d1efe86099d6826,True,2.0,-1,correct,0.7277491105700409,545.229537941872,True,0.0031433888430324867,1.9498824656575369
candidate,rc,ss,1.95,125,-3,5,f2890ed8e1ced2cc66d2ecd1d89fcbb027936aadf21fddd1e9f231585cc941d6,True,1.0,-1,correct,0.7080405968236481,535.1789370773254,True,0.07587664507161648,1.9453339657646591
candidate,rc,ss,1.95,125,-3,5,f2890ed8e1ced2cc66d2ecd1d89fcbb027936aadf21fddd1e9f231585cc941d6,True,2.0,-1,correct,0.7080405968236481,535.1789370773254,True,0.0029021563480175717,1.9498898539655423
control,rc,ss,1.95,125,3,5,f2a96638f25e6cd123d457d8977384223fc2ed5733e55e64f90637f8c564f0bd,True,1.0,1,correct,0.7025008192661311,542.5583759615798,True,1.9452921811284731,0.07778235166518714
control,rc,ss,1.95,125,3,5,f2a96638f25e6cd123d457d8977384223fc2ed5733e55e64f90637f8c564f0bd,True,2.0,1,correct,0.7025008192661311,542.5583759615798,True,1.9498857866182946,0.003053984772067108
candidate,rc,ss,1.95,125,3,5,90b1ee6e0b5ddeaec01b9dee21fb560ee56475e3e007ba14c97f2f6b8d395ddd,True,1.0,1,correct,0.6875313842936984,532.5718439762029,True,1.9461153289900803,0.07279333923688612
candidate,rc,ss,1.95,125,3,5,90b1ee6e0b5ddeaec01b9dee21fb560ee56475e3e007ba14c97f2f6b8d395ddd,True,2.0,1,correct,0.6875313842936984,532.5718439762029,True,1.9498929070643987,0.0028219446328697564
control,rc,ss,1.95,125,10,5,02c9533ebab57858e0407e8c324d9fc944c5e32984d982de26acfa019f1c88d9,True,1.0,1,correct,0.6122975007998105,532.1744010479905,True,1.9473895680730857,0.06759754550512558
control,rc,ss,1.95,125,10,5,02c9533ebab57858e0407e8c324d9fc944c5e32984d982de26acfa019f1c88d9,True,2.0,1,correct,0.6122975007998105,532.1744010479905,True,1.9498984626121076,0.0027043080372022377
candidate,rc,ss,1.95,125,10,5,86b10c9800cc688703475281a2b95c68efc2d53bbfda5e1147698f85e3d00bb8,True,1.0,1,correct,0.5979582432341098,522.4766549630154,True,1.9476066992305598,0.06401397407291427
candidate,rc,ss,1.95,125,10,5,86b10c9800cc688703475281a2b95c68efc2d53bbfda5e1147698f85e3d00bb8,True,2.0,1,correct,0.5979582432341098,522.4766549630154,True,1.9499044551199634,0.0025071722549921556
control,rc,ff,1.62,-40,-10,5,efca4cec7af42922823d9e8c1165e7e131d4944839d48c7b7e8ab568103625db,True,1.0,-1,correct,0.5110321547323796,303.7625945403513,True,0.028641774552100673,1.6190563513210592
control,rc,ff,1.62,-40,-10,5,efca4cec7af42922823d9e8c1165e7e131d4944839d48c7b7e8ab568103625db,True,2.0,-1,correct,0.5110321547323796,303.7625945403513,True,0.00017079739145533322,1.619993103376474
candidate,rc,ff,1.62,-40,-10,5,fe7269fbe6d94f6b93e0ff4d1346dfb1f4fe6767f7a95d50432d463b675f5e77,True,1.0,-1,correct,0.4952739416041789,297.4772684855045,True,0.026369664391723675,1.6191005476447733
candidate,rc,ff,1.62,-40,-10,5,fe7269fbe6d94f6b93e0ff4d1346dfb1f4fe6767f7a95d50432d463b675f5e77,True,2.0,-1,correct,0.4952739416041789,297.4772684855045,True,0.00014985164060609337,1.619993872271805
control,rc,ff,1.62,-40,-3,5,ecf1d148479e118b19af4a7a9b82ab9f1d23807bee9eed56879c104eb50161bd,True,1.0,-1,correct,0.6410347362283189,310.37552549119954,True,0.03432415239723534,1.6188206750197405
control,rc,ff,1.62,-40,-3,5,ecf1d148479e118b19af4a7a9b82ab9f1d23807bee9eed56879c104eb50161bd,True,2.0,-1,correct,0.6410347362283189,310.37552549119954,True,0.00022444184438394233,1.619991096973714
candidate,rc,ff,1.62,-40,-3,5,177ae698e995a86ff211d5a7a5c8c9964f830a23c73431e426cb08a77ca279a3,True,1.0,-1,correct,0.6202780024510297,303.86524148691853,True,0.03152231688140546,1.6189211350917727
candidate,rc,ff,1.62,-40,-3,5,177ae698e995a86ff211d5a7a5c8c9964f830a23c73431e426cb08a77ca279a3,True,2.0,-1,correct,0.6202780024510297,303.86524148691853,True,0.00019599386988874515,1.6199921245912927
control,rc,ff,1.62,-40,3,5,03b40628dab56463ba71b20d31bb5acd0ee45d9ecd10c76d535fa5e4e2ddf4e8,True,1.0,1,correct,0.6160351852582006,309.4503789011341,True,1.6188864967924959,0.0334437633471342
control,rc,ff,1.62,-40,3,5,03b40628dab56463ba71b20d31bb5acd0ee45d9ecd10c76d535fa5e4e2ddf4e8,True,2.0,1,correct,0.6160351852582006,309.4503789011341,True,1.619991341424604,0.0002178532997833704
candidate,rc,ff,1.62,-40,3,5,e96dab13b0d46b11a1936f0ee9030b8a92e6485dbe79563079b8832b68bb43b7,True,1.0,1,correct,0.6002792602842101,302.96008920977545,True,1.618965664676215,0.03073842471316791
candidate,rc,ff,1.62,-40,3,5,e96dab13b0d46b11a1936f0ee9030b8a92e6485dbe79563079b8832b68bb43b7,True,2.0,1,correct,0.6002792602842101,302.96008920977545,True,1.6199923367373454,0.000190371506026439
control,rc,ff,1.62,-40,10,5,22e8b5665d03f9e773c838f6e4abb4fe79a9fcd739fc21ae45f29cabcbab2069,True,1.0,1,correct,0.5060329213158491,303.2972850052701,True,1.6190625844050242,0.028358994718270313
control,rc,ff,1.62,-40,10,5,22e8b5665d03f9e773c838f6e4abb4fe79a9fcd739fc21ae45f29cabcbab2069,True,2.0,1,correct,0.5060329213158491,303.2972850052701,True,1.6199931798554918,0.00016856308298423121
candidate,rc,ff,1.62,-40,10,5,ded70e506df649dfecb4546643e8e606e5a47227c1a056175c41421a049541e1,True,1.0,1,correct,0.4902748787901392,297.0223314639274,True,1.6191066274530377,0.026108221690392366
candidate,rc,ff,1.62,-40,10,5,ded70e506df649dfecb4546643e8e606e5a47227c1a056175c41421a049541e1,True,2.0,1,correct,0.4902748787901392,297.0223314639274,True,1.6199939405142052,0.00014790919427024033
control,rc,ff,1.62,27,-10,5,b3418f908e23d8225bc8985a38275256f00ddc5e464cdf442c3c3971ffea8241,True,1.0,-1,correct,0.5148076650883507,326.5176260385335,True,0.031247139207310176,1.6190893542606768
control,rc,ff,1.62,27,-10,5,b3418f908e23d8225bc8985a38275256f00ddc5e464cdf442c3c3971ffea8241,True,2.0,-1,correct,0.5148076650883507,326.5176260385335,True,0.00039349532908979827,1.6199870518715034
candidate,rc,ff,1.62,27,-10,5,2283f7e4089150aea337add7201e9f5e8aec4d94d0b1129473c51c0dcc65e17d,True,1.0,-1,correct,0.5006173224321401,319.9713670702714,True,0.02919857705574728,1.619126140637343
candidate,rc,ff,1.62,27,-10,5,2283f7e4089150aea337add7201e9f5e8aec4d94d0b1129473c51c0dcc65e17d,True,2.0,-1,correct,0.5006173224321401,319.9713670702714,True,0.0003557705719967712,1.6199882017220888
control,rc,ff,1.62,27,-3,5,0390eb6a69552db3fd2176beddbfe1bf20004b845b792f2751333c3be22b1bf9,True,1.0,-1,correct,0.6248162396989602,333.7131236422689,True,0.03643255179567206,1.6188874392102741
control,rc,ff,1.62,27,-3,5,0390eb6a69552db3fd2176beddbfe1bf20004b845b792f2751333c3be22b1bf9,True,2.0,-1,correct,0.6248162396989602,333.7131236422689,True,0.00048144517173440653,1.6199842217902893
candidate,rc,ff,1.62,27,-3,5,eef83387ce0cd8fdec448cecbe7c08bcab6fd24ecadc4f70b1340cb53a775ce8,True,1.0,-1,correct,0.6106133787023099,326.9504836022411,True,0.03391883516131841,1.6189697565595649
candidate,rc,ff,1.62,27,-3,5,eef83387ce0cd8fdec448cecbe7c08bcab6fd24ecadc4f70b1340cb53a775ce8,True,2.0,-1,correct,0.6106133787023099,326.9504836022411,True,0.0004330881050575392,1.6199856818870373
control,rc,ff,1.62,27,3,5,e2665261ac0fc0687e24e802ade5eb9cee811549c585bcbbb69a490bbdd40f73,True,1.0,1,correct,0.6048169299148882,332.4446340076124,True,1.6189446551984736,0.03544221609854745
control,rc,ff,1.62,27,3,5,e2665261ac0fc0687e24e802ade5eb9cee811549c585bcbbb69a490bbdd40f73,True,2.0,1,correct,0.6048169299148882,332.4446340076124,True,1.6199846633974797,0.0004676887121134404
candidate,rc,ff,1.62,27,3,5,fe783db3a818384254a8b1103cd8bd131ed1e45126d48422fa99119d9bfe405f,True,1.0,1,correct,0.5906203605779284,325.7066194775022,True,1.6190109655732876,0.033028903874926636
candidate,rc,ff,1.62,27,3,5,fe783db3a818384254a8b1103cd8bd131ed1e45126d48422fa99119d9bfe405f,True,2.0,1,correct,0.5906203605779284,325.7066194775022,True,1.6199860749288002,0.0004210698529469671
control,rc,ff,1.62,27,10,5,2dfff2a71140cf9cda1b5d08eccc122452e41a6055f439c1dac3d4501cd05c09,True,1.0,1,correct,0.5098087774014203,325.9999673015981,True,1.6190950604503045,0.03099262355357747
control,rc,ff,1.62,27,10,5,2dfff2a71140cf9cda1b5d08eccc122452e41a6055f439c1dac3d4501cd05c09,True,2.0,1,correct,0.5098087774014203,325.9999673015981,True,1.6199871634969345,0.0003895693460824053
candidate,rc,ff,1.62,27,10,5,e1acf02069ab11ea45c0903ce219ab1b55981df09f7b04f072cf6aa5e35275e9,True,1.0,1,correct,0.4956175626312097,319.4646764602605,True,1.6191314448666043,0.02896154403451189
candidate,rc,ff,1.62,27,10,5,e1acf02069ab11ea45c0903ce219ab1b55981df09f7b04f072cf6aa5e35275e9,True,2.0,1,correct,0.4956175626312097,319.4646764602605,True,1.6199883045817651,0.00035227497093149934
control,rc,ff,1.62,125,-10,5,3dc6d4746851c28ef3222e3539a91c8cfbc25e162bf79fb955818839e91ddafc,True,1.0,-1,correct,0.5381598810706211,361.4153169331112,True,0.04517009723111384,1.6188651182684304
control,rc,ff,1.62,125,-10,5,3dc6d4746851c28ef3222e3539a91c8cfbc25e162bf79fb955818839e91ddafc,True,2.0,-1,correct,0.5381598810706211,361.4153169331112,True,0.0021276296734381054,1.6199615079645764
candidate,rc,ff,1.62,125,-10,5,f1387a12b24dca590403075f0d7c0f365440dfc01c590a0307bfd731bb59cf8b,True,1.0,-1,correct,0.5241791145526095,354.5674498178794,True,0.042890051116750205,1.6189053230359374
candidate,rc,ff,1.62,125,-10,5,f1387a12b24dca590403075f0d7c0f365440dfc01c590a0307bfd731bb59cf8b,True,2.0,-1,correct,0.5241791145526095,354.5674498178794,True,0.0020280779374373154,1.6199641380378829
control,rc,ff,1.62,125,-3,5,243e5482cc7e4c8daa9e287de6773dc97ef701197efc5219f45cc18ea5e98017,True,1.0,-1,correct,0.6385419161155805,371.48173407296747,True,0.051887818831216674,1.6184965348374942
control,rc,ff,1.62,125,-3,5,243e5482cc7e4c8daa9e287de6773dc97ef701197efc5219f45cc18ea5e98017,True,2.0,-1,correct,0.6385419161155805,371.48173407296747,True,0.002376911772296868,1.6199545602294663
candidate,rc,ff,1.62,125,-3,5,4214bfb1083c91d368218c8c5ec30bb43d71ae9cc2d1d1754cf753286bcbd8b6,True,1.0,-1,correct,0.6236876467030202,364.35675494947475,True,0.0490078680801903,1.618633422709985
candidate,rc,ff,1.62,125,-3,5,4214bfb1083c91d368218c8c5ec30bb43d71ae9cc2d1d1754cf753286bcbd8b6,True,2.0,-1,correct,0.6236876467030202,364.35675494947475,True,0.0022525368397519514,1.619957816882051
control,rc,ff,1.62,125,3,5,d7d7f80535b2684760398ddb5db2ba011f6c213890ba705cc17fed36f8a0aa2c,True,1.0,1,correct,0.61853928813701,369.3782731932786,True,1.6186160038417843,0.050386703478402295
control,rc,ff,1.62,125,3,5,d7d7f80535b2684760398ddb5db2ba011f6c213890ba705cc17fed36f8a0aa2c,True,2.0,1,correct,0.61853928813701,369.3782731932786,True,1.619955851019136,0.002331615320036151
candidate,rc,ff,1.62,125,3,5,827b91e2267709896237aecef64c81e0cc6c8e71d4ec146f7490f160e33bd758,True,1.0,1,correct,0.6037402164282503,362.2957315269809,True,1.6187186666280131,0.047664039529820394
candidate,rc,ff,1.62,125,3,5,827b91e2267709896237aecef64c81e0cc6c8e71d4ec146f7490f160e33bd758,True,2.0,1,correct,0.6037402164282503,362.2957315269809,True,1.6199589944334656,0.0022120272122748965
control,rc,ff,1.62,125,10,5,87089a4556e65654194b6668294182814cbf8068efb0eec1da4179263dbacd78,True,1.0,1,correct,0.5282383724725109,360.71256091553016,True,1.618875534725183,0.04479693733387855
control,rc,ff,1.62,125,10,5,87089a4556e65654194b6668294182814cbf8068efb0eec1da4179263dbacd78,True,2.0,1,correct,0.5282383724725109,360.71256091553016,True,1.6199618306776884,0.0021149375795962012
candidate,rc,ff,1.62,125,10,5,e255a94f305b1a511ef1c6252f70a03f402f564739fe26bbdbd7fe5ad7775c54,True,1.0,1,correct,0.5141986323036505,353.87886336233026,True,1.6189141242256087,0.042540779507791324
candidate,rc,ff,1.62,125,10,5,e255a94f305b1a511ef1c6252f70a03f402f564739fe26bbdbd7fe5ad7775c54,True,2.0,1,correct,0.5141986323036505,353.87886336233026,True,1.6199644417978605,0.0020165695948290785
control,rc,ff,1.8,-40,-10,5,da431f23c16b8f54e3c46f566a4ec3a428db8f5ddc38a11f4713968104e0011f,True,1.0,-1,correct,0.3916001743520403,398.8802964194599,True,0.004002752676801504,1.799801087761635
control,rc,ff,1.8,-40,-10,5,da431f23c16b8f54e3c46f566a4ec3a428db8f5ddc38a11f4713968104e0011f,True,2.0,-1,correct,0.3916001743520403,398.8802964194599,True,3.676276838860234e-06,1.7999998317612718
candidate,rc,ff,1.8,-40,-10,5,b4f6611562fb2a6c69dbc4dd06312da11c3d24630028311fbd27a282f6e3e218,True,1.0,-1,correct,0.3822318178991603,390.7586213261045,True,0.0036204760113678165,1.799817647144205
candidate,rc,ff,1.8,-40,-10,5,b4f6611562fb2a6c69dbc4dd06312da11c3d24630028311fbd27a282f6e3e218,True,2.0,-1,correct,0.3822318178991603,390.7586213261045,True,3.2225217289609027e-06,1.7999998522760374
control,rc,ff,1.8,-40,-3,5,00732e19e102fd2f0a75b00d933845f27c0dd848e5b95bf29b7320dbdf1c4949,True,1.0,-1,correct,0.48167717042390934,406.8201016384242,True,0.004925245124015654,1.7997580764682113
control,rc,ff,1.8,-40,-3,5,00732e19e102fd2f0a75b00d933845f27c0dd848e5b95bf29b7320dbdf1c4949,True,2.0,-1,correct,0.48167717042390934,406.8201016384242,True,4.564790868752788e-06,1.7999997886263281
candidate,rc,ff,1.8,-40,-3,5,afec16c9e600933760b8291275580c1fcbf74aa03d494d7e50e1ec39451ecfbc,True,1.0,-1,correct,0.46772008559221084,398.45944140416975,True,0.004426996078453918,1.799779555537009
candidate,rc,ff,1.8,-40,-3,5,afec16c9e600933760b8291275580c1fcbf74aa03d494d7e50e1ec39451ecfbc,True,2.0,-1,correct,0.46772008559221084,398.45944140416975,True,3.965265354395538e-06,1.7999998154105543
control,rc,ff,1.8,-40,3,5,97db541d53ab5c83729da7607351b6738dabd2f0155e035582db3f698504cabb,True,1.0,1,correct,0.46142399871198,404.9904045585197,True,1.7997692238248526,0.004687053690284045
control,rc,ff,1.8,-40,3,5,97db541d53ab5c83729da7607351b6738dabd2f0155e035582db3f698504cabb,True,2.0,1,correct,0.46142399871198,404.9904045585197,True,1.7999997951160207,4.358705199135169e-06
candidate,rc,ff,1.8,-40,3,5,c0484c6178b807eec4e54fce42ee1eb5d972fc36b30a921b522a0f6033ba3032,True,1.0,1,correct,0.44751348292435894,396.6581849704339,True,1.7997894277356288,0.004219317815671567
candidate,rc,ff,1.8,-40,3,5,c0484c6178b807eec4e54fce42ee1eb5d972fc36b30a921b522a0f6033ba3032,True,2.0,1,correct,0.44751348292435894,396.6581849704339,True,1.799999823812009,3.796680929440947e-06
control,rc,ff,1.8,-40,10,5,dcf7bbabf5d165d782ec2c107e7655fa59e606b207295fe387b7528a0bde625c,True,1.0,1,correct,0.3859222859054687,398.13838652576476,True,1.7998031943343973,0.00395069665101818
control,rc,ff,1.8,-40,10,5,dcf7bbabf5d165d782ec2c107e7655fa59e606b207295fe387b7528a0bde625c,True,2.0,1,correct,0.3859222859054687,398.13838652576476,True,1.7999998293572728,3.622074223902009e-06
candidate,rc,ff,1.8,-40,10,5,ccdd651b9ac271f9660adba12a1aff7f1e3ae43d735040fb5aa05e3e98193096,True,1.0,1,correct,0.37692859330689893,390.0261728875194,True,1.799819574511913,0.003574366016823123
candidate,rc,ff,1.8,-40,10,5,ccdd651b9ac271f9660adba12a1aff7f1e3ae43d735040fb5aa05e3e98193096,True,2.0,1,correct,0.37692859330689893,390.0261728875194,True,1.7999998544998994,3.1806986455149113e-06
control,rc,ff,1.8,27,-10,5,866173fd7525ebdd9148d6b8214c634a6583f84663588da6f2bfe7a9fb3b1771,True,1.0,-1,correct,0.4154553408472195,424.3051926355565,True,0.009037470560246178,1.799644430940268
control,rc,ff,1.8,27,-10,5,866173fd7525ebdd9148d6b8214c634a6583f84663588da6f2bfe7a9fb3b1771,True,2.0,-1,correct,0.4154553408472195,424.3051926355565,True,4.914458138250595e-05,1.7999988635177782
candidate,rc,ff,1.8,27,-10,5,a6e7368feff91ce0d6c599b3e4a948e9c537d3f6d76c2a96a8dce0f5ee1b06fb,True,1.0,-1,correct,0.4011745760202698,415.93348281530314,True,0.008341642276508063,1.799666728545146
candidate,rc,ff,1.8,27,-10,5,a6e7368feff91ce0d6c599b3e4a948e9c537d3f6d76c2a96a8dce0f5ee1b06fb,True,2.0,-1,correct,0.4011745760202698,415.93348281530314,True,4.611388828976137e-05,1.7999989787347044
control,rc,ff,1.8,27,-3,5,52646c728d42ade2fcde2d642c8c3a39b432d604870915f0ea04ced500a022e7,True,1.0,-1,correct,0.4954481129578085,434.7195435221148,True,0.010826938796425427,1.7995789958507202
control,rc,ff,1.8,27,-3,5,52646c728d42ade2fcde2d642c8c3a39b432d604870915f0ea04ced500a022e7,True,2.0,-1,correct,0.4954481129578085,434.7195435221148,True,5.538879918485301e-05,1.7999986229480158
candidate,rc,ff,1.8,27,-3,5,2dc92905e315004c4526d9952635391d52d73718f0992e323c4c968a72996ffc,True,1.0,-1,correct,0.4815595858848701,426.0591292901538,True,0.009941380447009828,1.799607387379621
candidate,rc,ff,1.8,27,-3,5,2dc92905e315004c4526d9952635391d52d73718f0992e323c4c968a72996ffc,True,2.0,-1,correct,0.4815595858848701,426.0591292901538,True,5.151499615288114e-05,1.7999987693721602
control,rc,ff,1.8,27,3,5,ec44637f4a502a27085b78cc418c0413d6c078ccca02bce6bd3bec6d9cc34cc5,True,1.0,1,correct,0.4754064292710001,431.96602474011877,True,1.7995971825658763,0.01033281819892531
control,rc,ff,1.8,27,3,5,ec44637f4a502a27085b78cc418c0413d6c078ccca02bce6bd3bec6d9cc34cc5,True,2.0,1,correct,0.4754064292710001,431.96602474011877,True,1.799998681984096,5.386858716348594e-05
candidate,rc,ff,1.8,27,3,5,ceb3dcbfe2cb066444e195bba3488e83a22b7153afc4bec55a6f954e00bc70c1,True,1.0,1,correct,0.46156579235626055,423.35731745709097,True,1.7996238954280748,0.009500030789373958
candidate,rc,ff,1.8,27,3,5,ceb3dcbfe2cb066444e195bba3488e83a22b7153afc4bec55a6f954e00bc70c1,True,2.0,1,correct,0.46156579235626055,423.35731745709097,True,1.7999988209998958,5.0208699240697744e-05
control,rc,ff,1.8,27,10,5,d9298a5bada41baea49361af099e8a8f41f699ef70f423b4946ee83838a12dcf,True,1.0,1,correct,0.4052278205366107,423.3905043439668,True,1.7996481907243358,0.00892169422099292
control,rc,ff,1.8,27,10,5,d9298a5bada41baea49361af099e8a8f41f699ef70f423b4946ee83838a12dcf,True,2.0,1,correct,0.4052278205366107,423.3905043439668,True,1.799998876676307,4.876111997003341e-05
candidate,rc,ff,1.8,27,10,5,8558f0b3cfdb86cab995f5db3cf338f27c7201401e23f7a885b96950302e4459,True,1.0,1,correct,0.396309958906708,415.0284185314433,True,1.7996702502315691,0.008236783700395383
candidate,rc,ff,1.8,27,10,5,8558f0b3cfdb86cab995f5db3cf338f27c7201401e23f7a885b96950302e4459,True,2.0,1,correct,0.396309958906708,415.0284185314433,True,1.7999989909245366,4.578060958848057e-05
control,rc,ff,1.8,125,-10,5,b561af5af14fd69da85a32e608c56eb3305f416cfd204f157dafa73c71989201,True,1.0,-1,correct,0.44993359868523886,465.9502458423716,True,0.02263446032716514,1.7993058570640053
control,rc,ff,1.8,125,-10,5,b561af5af14fd69da85a32e608c56eb3305f416cfd204f157dafa73c71989201,True,2.0,-1,correct,0.44993359868523886,465.9502458423716,True,0.001220052248806349,1.7999908445305302
candidate,rc,ff,1.8,125,-10,5,9d5fe1a5fe23bcc4bc0c647a85c0fbde06da39f812e326add1b67bbc4b8e9a82,True,1.0,-1,correct,0.4409029262607784,457.1924805361078,True,0.02132025726856068,1.7993363277969563
candidate,rc,ff,1.8,125,-10,5,9d5fe1a5fe23bcc4bc0c647a85c0fbde06da39f812e326add1b67bbc4b8e9a82,True,2.0,-1,correct,0.4409029262607784,457.1924805361078,True,0.0011990692912146027,1.7999915715487385
control,rc,ff,1.8,125,-3,5,5d0b2066f273d4ebc42243465c9275442b8bf1cc54076758e949f98020d99ebc,True,1.0,-1,correct,0.5336631944081484,480.48986447993354,True,0.026375362715762126,1.7991932752671058
control,rc,ff,1.8,125,-3,5,5d0b2066f273d4ebc42243465c9275442b8bf1cc54076758e949f98020d99ebc,True,2.0,-1,correct,0.5336631944081484,480.48986447993354,True,0.0012710390360343854,1.7999893219558782
candidate,rc,ff,1.8,125,-3,5,7f3d2b15ed58f65a42a6bd9a199e61a9fff717a6f7d258f0fb8b959852373cec,True,1.0,-1,correct,0.5242223045310787,471.3237989601908,True,0.024732452394434837,1.7992341928894449
candidate,rc,ff,1.8,125,-3,5,7f3d2b15ed58f65a42a6bd9a199e61a9fff717a6f7d258f0fb8b959852373cec,True,2.0,-1,correct,0.5242223045310787,471.3237989601908,True,0.0012447604224313093,1.7999902036668234
control,rc,ff,1.8,125,3,5,359a1d8d3081e4a2784784f42e0e97899fb0d7977375310b96da31a60aedc8dd,True,1.0,1,correct,0.5129550419675294,476.30018705347385,True,1.7992279988681013,0.025274160547491747
control,rc,ff,1.8,125,3,5,359a1d8d3081e4a2784784f42e0e97899fb0d7977375310b96da31a60aedc8dd,True,2.0,1,correct,0.5129550419675294,476.30018705347385,True,1.799989730985906,0.0012586655980071759
candidate,rc,ff,1.8,125,3,5,f87e713c24b700ec131357afcfc5df4b63ec909669a202d74ea4be641d931afd,True,1.0,1,correct,0.49884126076970947,467.24687348116623,True,1.7992653009234842,0.02372958100598229
candidate,rc,ff,1.8,125,3,5,f87e713c24b700ec131357afcfc5df4b63ec909669a202d74ea4be641d931afd,True,2.0,1,correct,0.49884126076970947,467.24687348116623,True,1.7999905708512887,0.0012338504822596089
control,rc,ff,1.8,125,10,5,86fd4887a1905690d227b0ba81f0be7f141560e2132412a6577eb782cda161d4,True,1.0,1,correct,0.44483903579789863,464.6422908611901,True,1.7993130894251173,0.022357436630998772
control,rc,ff,1.8,125,10,5,86fd4887a1905690d227b0ba81f0be7f141560e2132412a6577eb782cda161d4,True,2.0,1,correct,0.44483903579789863,464.6422908611901,True,1.7999909418990883,0.0012169613233038758
candidate,rc,ff,1.8,125,10,5,a95f8caec659745d6903693572eb54c8d41a0ec097d788713ed4bd6ce74dcb03,True,1.0,1,correct,0.4308330823229787,455.9090120528222,True,1.7993432302237486,0.02106404508023985
candidate,rc,ff,1.8,125,10,5,a95f8caec659745d6903693572eb54c8d41a0ec097d788713ed4bd6ce74dcb03,True,2.0,1,correct,0.4308330823229787,455.9090120528222,True,1.7999916615710254,0.0011963205297272378
control,rc,ff,1.95,-40,-10,5,7b13bb41978103073546fe9c989bd6e3a63e26e3c8234f782de9adcd97502cfa,True,1.0,-1,correct,0.34415463062941876,487.75638917262813,True,0.0011259437977718819,1.9499367346863712
control,rc,ff,1.95,-40,-10,5,7b13bb41978103073546fe9c989bd6e3a63e26e3c8234f782de9adcd97502cfa,True,2.0,-1,correct,0.34415463062941876,487.75638917262813,True,7.486820597329724e-07,1.9499999782371373
candidate,rc,ff,1.95,-40,-10,5,0df91f9e3cb2d6cea8ec1d4f47002a5e5307a04be120cb2239a7fd555e07e372,True,1.0,-1,correct,0.33516895203297115,477.94760133084304,True,0.0010112963365094688,1.9499425509024895
candidate,rc,ff,1.95,-40,-10,5,0df91f9e3cb2d6cea8ec1d4f47002a5e5307a04be120cb2239a7fd555e07e372,True,2.0,-1,correct,0.33516895203297115,477.94760133084304,True,7.069232599933836e-07,1.9499999793194076
control,rc,ff,1.95,-40,-3,5,a2294b7da0fdf0251935c0dceb48dfaed6cec92bafd8beb652104700ca92ccf3,True,1.0,-1,correct,0.41095212448302987,498.69740229273333,True,0.0013984333099060816,1.9499218070110076
control,rc,ff,1.95,-40,-3,5,a2294b7da0fdf0251935c0dceb48dfaed6cec92bafd8beb652104700ca92ccf3,True,2.0,-1,correct,0.41095212448302987,498.69740229273333,True,8.219040743327988e-07,1.9499999746560392
candidate,rc,ff,1.95,-40,-3,5,37db10e91b22caf2f10cbd9a7499bbb1da6adfd69528b1c660a9fd4f968506a1,True,1.0,-1,correct,0.40094539790462963,488.61286851162396,True,0.0012470510631611797,1.949929500395459
candidate,rc,ff,1.95,-40,-3,5,37db10e91b22caf2f10cbd9a7499bbb1da6adfd69528b1c660a9fd4f968506a1,True,2.0,-1,correct,0.40094539790462963,488.61286851162396,True,7.681837799133615e-07,1.9499999773190049
control,rc,ff,1.95,-40,3,5,11bbfcb19668cf2044eba96dd4f7390275b4342e548c928f4a008e285c79658a,True,1.0,1,correct,0.39048322403256874,495.2156127324273,True,1.949926849936484,0.0013055575676384718
control,rc,ff,1.95,-40,3,5,11bbfcb19668cf2044eba96dd4f7390275b4342e548c928f4a008e285c79658a,True,2.0,1,correct,0.39048322403256874,495.2156127324273,True,1.949999974631639,7.985265161519651e-07
candidate,rc,ff,1.95,-40,3,5,309acd2e038ecce076f67dc29f74f349f270de1a20849a219711b8c0a327e781,True,1.0,1,correct,0.38168997276299066,485.1886739893878,True,1.9499339188880411,0.0011667907495983216
candidate,rc,ff,1.95,-40,3,5,309acd2e038ecce076f67dc29f74f349f270de1a20849a219711b8c0a327e781,True,2.0,1,correct,0.38168997276299066,485.1886739893878,True,1.949999979562703,7.513982226855397e-07
control,rc,ff,1.95,-40,10,5,1629275362786f7f4a84aac2f7366d3bec83ede2032f48be0e5fa1fbe1ebc71f,True,1.0,1,correct,0.334384395679988,486.58972069752303,True,1.949937703166486,0.0011059269975002139
control,rc,ff,1.95,-40,10,5,1629275362786f7f4a84aac2f7366d3bec83ede2032f48be0e5fa1fbe1ebc71f,True,2.0,1,correct,0.334384395679988,486.58972069752303,True,1.9499999778484225,7.432180701360202e-07
candidate,rc,ff,1.95,-40,10,5,88580298ba135fb1edc2927cb910350b125880bb4cd841f277d54dbcad88bbaf,True,1.0,1,correct,0.3254837733371994,476.8113394356906,True,1.949943418706402,0.0009937616891248545
candidate,rc,ff,1.95,-40,10,5,88580298ba135fb1edc2927cb910350b125880bb4cd841f277d54dbcad88bbaf,True,2.0,1,correct,0.3254837733371994,476.8113394356906,True,1.9499999795750595,7.031420017796407e-07
control,rc,ff,1.95,27,-10,5,bf4a2dce0b3a2a9ef3c832a2d41e59d355aa27eeae8f10dffe798c8784e6cee4,True,1.0,-1,correct,0.36586177526148994,516.5123021843052,True,0.0038773211127929546,1.9498282964108316
control,rc,ff,1.95,27,-10,5,bf4a2dce0b3a2a9ef3c832a2d41e59d355aa27eeae8f10dffe798c8784e6cee4,True,2.0,-1,correct,0.36586177526148994,516.5123021843052,True,3.059445260244966e-05,1.9499997563800797
candidate,rc,ff,1.95,27,-10,5,05703d494e95bfb0afd73aa8ce764a48367bba61297986d17ef2485e8641fab3,True,1.0,-1,correct,0.3575034579460991,506.4278744072013,True,0.0035590983582997164,1.9498404257197957
candidate,rc,ff,1.95,27,-10,5,05703d494e95bfb0afd73aa8ce764a48367bba61297986d17ef2485e8641fab3,True,2.0,-1,correct,0.3575034579460991,506.4278744072013,True,3.0019027000871694e-05,1.9499997808556968
control,rc,ff,1.95,27,-3,5,0371494ff7b9c2af9109530ebc68f8f74338d0c9a724e95dbf005462653b6f8f,True,1.0,-1,correct,0.43572927121037863,531.0609485180871,True,0.004704676191375271,1.9497926342731406
control,rc,ff,1.95,27,-3,5,0371494ff7b9c2af9109530ebc68f8f74338d0c9a724e95dbf005462653b6f8f,True,2.0,-1,correct,0.43572927121037863,531.0609485180871,True,3.1759062355049244e-05,1.9499997093929764
candidate,rc,ff,1.95,27,-3,5,7ad334720e679b69d6c0fed08ff09c89c319f158f87bfdcdc311cd7be78cd406,True,1.0,-1,correct,0.42519085336755913,520.5802794367734,True,0.004291510704185246,1.9498084479385243
candidate,rc,ff,1.95,27,-3,5,7ad334720e679b69d6c0fed08ff09c89c319f158f87bfdcdc311cd7be78cd406,True,2.0,-1,correct,0.42519085336755913,520.5802794367734,True,3.102527980418777e-05,1.9499997428996996
control,rc,ff,1.95,27,3,5,bee8f07aa6149917674cf3616c025059bfa21dfbaa28ee75935f673a027c4780,True,1.0,1,correct,0.41417000105036805,526.1479329011374,True,1.9498052018439758,0.004411348999431753
control,rc,ff,1.95,27,3,5,bee8f07aa6149917674cf3616c025059bfa21dfbaa28ee75935f673a027c4780,True,2.0,1,correct,0.41417000105036805,526.1479329011374,True,1.949999723541218,3.141018751272303e-05
candidate,rc,ff,1.95,27,3,5,00af1b1bcb7514302cc011cb8c6fe530508d05ad7e59a341e93a81d2cafef00e,True,1.0,1,correct,0.4005551238609084,515.7304202286268,True,1.949819800855541,0.004030684140948462
candidate,rc,ff,1.95,27,3,5,00af1b1bcb7514302cc011cb8c6fe530508d05ad7e59a341e93a81d2cafef00e,True,2.0,1,correct,0.4005551238609084,515.7304202286268,True,1.949999756102093,3.073011246371751e-05
control,rc,ff,1.95,27,10,5,c6841dbfd06ec5b1a4737083aadbccee7657d93bb9663fdc00da8370d29e14d2,True,1.0,1,correct,0.3576009236423596,514.9836678916868,True,1.9498308836116933,0.003810567725557739
control,rc,ff,1.95,27,10,5,c6841dbfd06ec5b1a4737083aadbccee7657d93bb9663fdc00da8370d29e14d2,True,2.0,1,correct,0.3576009236423596,514.9836678916868,True,1.949999756173007,3.0511754233003333e-05
candidate,rc,ff,1.95,27,10,5,77bd8eeeec038a2a18feff2987869f3d108590db21721a9cda87778627c1d1b8,True,1.0,1,correct,0.3531695040800413,504.910343963071,True,1.9498428397264203,0.0034986090429778615
candidate,rc,ff,1.95,27,10,5,77bd8eeeec038a2a18feff2987869f3d108590db21721a9cda87778627c1d1b8,True,2.0,1,correct,0.3531695040800413,504.910343963071,True,1.9499997848573045,2.9952034315597612e-05
control,rc,ff,1.95,125,-10,5,c8d8c3016187b45c579d4a6b51bb15de6511a8d1df14b54d871a1bcc36b82feb,True,1.0,-1,correct,0.4084646982974211,564.9130976776111,True,0.013920407156426924,1.9495404733812303
control,rc,ff,1.95,125,-10,5,c8d8c3016187b45c579d4a6b51bb15de6511a8d1df14b54d871a1bcc36b82feb,True,2.0,-1,correct,0.4084646982974211,564.9130976776111,True,0.0011936295069027724,1.949995951427409
candidate,rc,ff,1.95,125,-10,5,524df0383d98cb76763fe8681ba664d09658379d081343dd6e67753d945d3297,True,1.0,-1,correct,0.4010314271373291,554.3549893577186,True,0.013079521519851128,1.9495641472128262
candidate,rc,ff,1.95,125,-10,5,524df0383d98cb76763fe8681ba664d09658379d081343dd6e67753d945d3297,True,2.0,-1,correct,0.4010314271373291,554.3549893577186,True,0.0011864318648191405,1.949996329580143
control,rc,ff,1.95,125,-3,5,89f0f7e465a9935518ba709828e738e5e3b49d0c958bafb1c4a28a8a509fe948,True,1.0,-1,correct,0.4860826318040011,584.4410462256238,True,0.0163693479555984,1.9494575704579344
control,rc,ff,1.95,125,-3,5,89f0f7e465a9935518ba709828e738e5e3b49d0c958bafb1c4a28a8a509fe948,True,2.0,-1,correct,0.4860826318040011,584.4410462256238,True,0.0012123749678709932,1.9499954127490138
candidate,rc,ff,1.95,125,-3,5,84c82e2ccdff7ce55856e88cdf505c2c139ef9b8a623a65decd9f09df829fe14,True,1.0,-1,correct,0.47234216824285125,573.3643989118261,True,0.015293696756436923,1.9494881936331254
candidate,rc,ff,1.95,125,-3,5,84c82e2ccdff7ce55856e88cdf505c2c139ef9b8a623a65decd9f09df829fe14,True,2.0,-1,correct,0.47234216824285125,573.3643989118261,True,0.0012033248912318123,1.9499958535347979
control,rc,ff,1.95,125,3,5,f9f88caff35e6c7418675f4aa1718491170f64b31f971c7481e1baa3c9604947,True,1.0,1,correct,0.4610630555628105,577.4634547087577,True,1.9494882688432664,0.015463968431511028
control,rc,ff,1.95,125,3,5,f9f88caff35e6c7418675f4aa1718491170f64b31f971c7481e1baa3c9604947,True,2.0,1,correct,0.4610630555628105,577.4634547087577,True,1.949995599293473,0.0012074106143157655
candidate,rc,ff,1.95,125,3,5,aab728037f531ec3ad2b3a21166d18cf3d7090f6ad51cf212aa3ba3b4524a967,True,1.0,1,correct,0.44751778873980896,566.530152170436,True,1.9495163631467483,0.014474802857959936
candidate,rc,ff,1.95,125,3,5,aab728037f531ec3ad2b3a21166d18cf3d7090f6ad51cf212aa3ba3b4524a967,True,2.0,1,correct,0.44751778873980896,566.530152170436,True,1.9499960175585709,0.001199006872152129
control,rc,ff,1.95,125,10,5,8a59eb6e54dff6a8d0f7aba9f5e1fa1462e4d8408db09231bdc09ea3f1cd2ddf,True,1.0,1,correct,0.40374590626264883,562.8073987915704,True,1.9495472234696083,0.013702432521320874
control,rc,ff,1.95,125,10,5,8a59eb6e54dff6a8d0f7aba9f5e1fa1462e4d8408db09231bdc09ea3f1cd2ddf,True,2.0,1,correct,0.40374590626264883,562.8073987915704,True,1.949995991336296,0.0011926044710813502
candidate,rc,ff,1.95,125,10,5,9d19cc98afa899528ebd8105632180b58fd9ae547631314c82c48700dac2a6a9,True,1.0,1,correct,0.391394036990961,552.2772425576002,True,1.9495705102991698,0.012879877302075668
candidate,rc,ff,1.95,125,10,5,9d19cc98afa899528ebd8105632180b58fd9ae547631314c82c48700dac2a6a9,True,2.0,1,correct,0.391394036990961,552.2772425576002,True,1.9499963689182287,0.0011855513721947203
control,rc,sf,1.62,-40,-10,5,a4080d664381b4a093dc10fb6ed7a682c810f5b35782b5aa04d63204144778ae,True,1.0,-1,correct,0.5885926718561296,311.64230724644096,True,0.01760177885831256,1.6153177266379974
control,rc,sf,1.62,-40,-10,5,a4080d664381b4a093dc10fb6ed7a682c810f5b35782b5aa04d63204144778ae,True,2.0,-1,correct,0.5885926718561296,311.64230724644096,True,6.703163276439431e-05,1.6199909357799955
candidate,rc,sf,1.62,-40,-10,5,c05a0a7e3191a2015119ca99eb5ff66d4a0fcb2d204024993d71a916dba3d85f,True,1.0,-1,correct,0.5736988568193099,305.18053779547887,True,0.016105604960042375,1.6162033549078343
candidate,rc,sf,1.62,-40,-10,5,c05a0a7e3191a2015119ca99eb5ff66d4a0fcb2d204024993d71a916dba3d85f,True,2.0,-1,correct,0.5736988568193099,305.18053779547887,True,5.8758444806978145e-05,1.6199920464153919
control,rc,sf,1.62,-40,-3,5,d98c5bfb28092a96c46f6ef26bb9e70f8023ffcc69987b46989a8306eeb65275,True,1.0,-1,correct,0.843593975184721,317.87125385542686,True,0.03042367402467817,1.5592045547699311
control,rc,sf,1.62,-40,-3,5,d98c5bfb28092a96c46f6ef26bb9e70f8023ffcc69987b46989a8306eeb65275,True,2.0,-1,correct,0.843593975184721,317.87125385542686,True,0.00011503229131831362,1.6199845925743832
candidate,rc,sf,1.62,-40,-3,5,390ff7b738dcf8b013bca03bbc66beab408ceac9e84b58d4971a8a6fca85b457,True,1.0,-1,correct,0.8287013520917713,311.20058785334277,True,0.027430185688906716,1.5733780139650817
candidate,rc,sf,1.62,-40,-3,5,390ff7b738dcf8b013bca03bbc66beab408ceac9e84b58d4971a8a6fca85b457,True,2.0,-1,correct,0.8287013520917713,311.20058785334277,True,9.96489563088715e-05,1.6199866763341486
control,rc,sf,1.62,-40,3,5,4963660e8eb99a6b78944a2197a9266b1cb598e5880af56b478465c2f2dfdf8b,True,1.0,1,correct,0.7935945036861304,316.8335303569061,True,1.5859662078770853,0.026084951191194916
control,rc,sf,1.62,-40,3,5,4963660e8eb99a6b78944a2197a9266b1cb598e5880af56b478465c2f2dfdf8b,True,2.0,1,correct,0.7935945036861304,316.8335303569061,True,1.6199864453859045,0.00010120339247162723
candidate,rc,sf,1.62,-40,3,5,6de0ed2a34af87b374aab92d17c896df344bc2a27a1c94c4e7a2fc92abcf2456,True,1.0,1,correct,0.7737019344714783,310.1860642484457,True,1.59419985303988,0.02358348366364943
candidate,rc,sf,1.62,-40,3,5,6de0ed2a34af87b374aab92d17c896df344bc2a27a1c94c4e7a2fc92abcf2456,True,2.0,1,correct,0.7737019344714783,310.1860642484457,True,1.6199882418990192,8.7849237201347e-05
control,rc,sf,1.62,-40,10,5,5f1c952b3b3cd8b887b07317d5cf5a50ad905c624fdfe3248c9548d2fcbf7c0e,True,1.0,1,correct,0.5734932320943592,311.1181066298715,True,1.6156847698467758,0.017315541070221797
control,rc,sf,1.62,-40,10,5,5f1c952b3b3cd8b887b07317d5cf5a50ad905c624fdfe3248c9548d2fcbf7c0e,True,2.0,1,correct,0.5734932320943592,311.1181066298715,True,1.6199910606419519,6.58450871667247e-05
candidate,rc,sf,1.62,-40,10,5,75f51ad4a059b05c0b1c2570d7782b1fd8a81ba3ac90a733c224b55791dc0dfb,True,1.0,1,correct,0.5636997634916999,304.66837430114947,True,1.6164757926420479,0.015847613918982536
candidate,rc,sf,1.62,-40,10,5,75f51ad4a059b05c0b1c2570d7782b1fd8a81ba3ac90a733c224b55791dc0dfb,True,2.0,1,correct,0.5636997634916999,304.66837430114947,True,1.6199921555898738,5.7731322046190435e-05
control,rc,sf,1.62,27,-10,5,8d23e7a42ab40b676163e85f32f0970f6d18bc51c97d6303ea6e6092e6dc4547,True,1.0,-1,correct,0.5846294922248209,333.7183720280494,True,0.023641162134972683,1.61661456327957
control,rc,sf,1.62,27,-10,5,8d23e7a42ab40b676163e85f32f0970f6d18bc51c97d6303ea6e6092e6dc4547,True,2.0,-1,correct,0.5846294922248209,333.7183720280494,True,0.00020873620511499351,1.6199811730994405
candidate,rc,sf,1.62,27,-10,5,99ffbb7eacdfce1f74c5b446e7bb7fc5351203eba868cab1130d597149acbf19,True,1.0,-1,correct,0.5723917030738702,327.0232666721549,True,0.021975556793516447,1.6171804732182256
candidate,rc,sf,1.62,27,-10,5,99ffbb7eacdfce1f74c5b446e7bb7fc5351203eba868cab1130d597149acbf19,True,2.0,-1,correct,0.5723917030738702,327.0232666721549,True,0.000187397724912621,1.6199829935180956
control,rc,sf,1.62,27,-3,5,41f15ee205c532e4df70ca533f568258e41edfe958475fc023d63efc2c95b166,True,1.0,-1,correct,0.7996386301785112,339.93958164857565,True,0.0357714075849635,1.5904864892573551
control,rc,sf,1.62,27,-3,5,41f15ee205c532e4df70ca533f568258e41edfe958475fc023d63efc2c95b166,True,2.0,-1,correct,0.7996386301785112,339.93958164857565,True,0.00030359782329661243,1.619972908679437
candidate,rc,sf,1.62,27,-3,5,9a7264cca6557bcf160aa94e5df451c2d2458eaa72e41e05dc3c0cf063cbe06c,True,1.0,-1,correct,0.7828999841269292,333.044401228485,True,0.03245882259748514,1.598155028880469
candidate,rc,sf,1.62,27,-3,5,9a7264cca6557bcf160aa94e5df451c2d2458eaa72e41e05dc3c0cf063cbe06c,True,2.0,-1,correct,0.7828999841269292,333.044401228485,True,0.0002695673235116234,1.6199758002619846
control,rc,sf,1.62,27,3,5,4679808ec68510b28fe4ec841c9ca21238892242403e2e2f4ed604d98c29bc8b,True,1.0,1,correct,0.7544828110026301,338.7296382874144,True,1.6030060129893455,0.031605752747250304
control,rc,sf,1.62,27,3,5,4679808ec68510b28fe4ec841c9ca21238892242403e2e2f4ed604d98c29bc8b,True,2.0,1,correct,0.7544828110026301,338.7296382874144,True,1.6199751587026232,0.0002777907663456257
candidate,rc,sf,1.62,27,3,5,415e8588d19b489c9ec00f801ac6e461935205abde7056626281f47104873b73,True,1.0,1,correct,0.7379000509758201,331.8620692959247,True,1.6073648021506335,0.028916080833558747
candidate,rc,sf,1.62,27,3,5,415e8588d19b489c9ec00f801ac6e461935205abde7056626281f47104873b73,True,2.0,1,correct,0.7379000509758201,331.8620692959247,True,1.6199777563818087,0.0002472605368490771
control,rc,sf,1.62,27,10,5,644d716bbbd24a7dd63cff70ecce73c804cc2255c0010652fd8e9efbda129894,True,1.0,1,correct,0.5694716794222906,333.14955542954834,True,1.6168633643890098,0.023266807597567683
control,rc,sf,1.62,27,10,5,644d716bbbd24a7dd63cff70ecce73c804cc2255c0010652fd8e9efbda129894,True,2.0,1,correct,0.5694716794222906,333.14955542954834,True,1.619981427862698,0.00020528463787201093
candidate,rc,sf,1.62,27,10,5,ae99c7cf078f2353b51acc17a85cae5b240ba8ed6ff9c70059602c89b3d3630c,True,1.0,1,correct,0.5573930410118985,326.4677660448857,True,1.6173616321579352,0.021636965061917902
candidate,rc,sf,1.62,27,10,5,ae99c7cf078f2353b51acc17a85cae5b240ba8ed6ff9c70059602c89b3d3630c,True,2.0,1,correct,0.5573930410118985,326.4677660448857,True,1.619983221907468,0.00018435453623958642
control,rc,sf,1.62,125,-10,5,6f3420c7b11183706eea2636cc7451da7e8527bcb25c8cacfa180b9eacf34d44,True,1.0,-1,correct,0.5584285651152112,363.6969953804738,True,0.03772358364653697,1.6172882537523263
control,rc,sf,1.62,125,-10,5,6f3420c7b11183706eea2636cc7451da7e8527bcb25c8cacfa180b9eacf34d44,True,2.0,-1,correct,0.5584285651152112,363.6969953804738,True,0.0008562162442469791,1.6199493038655957
candidate,rc,sf,1.62,125,-10,5,5fe591597a74e699150bb999c78e3673375abf8b9beadf9291c071f28c4de552,True,1.0,-1,correct,0.5490453948522186,356.7201552825204,True,0.03561763698220728,1.61762523325858
candidate,rc,sf,1.62,125,-10,5,5fe591597a74e699150bb999c78e3673375abf8b9beadf9291c071f28c4de552,True,2.0,-1,correct,0.5490453948522186,356.7201552825204,True,0.0007864523391770173,1.6199529297002349
control,rc,sf,1.62,125,-3,5,9e5c056bfb5feeda9c818cb8d83936a5151b452ab1216ed9fad124d549c4ab07,True,1.0,-1,correct,0.7133245721384183,371.40452681363337,True,0.04723384121372255,1.6103649407436085
control,rc,sf,1.62,125,-3,5,9e5c056bfb5feeda9c818cb8d83936a5151b452ab1216ed9fad124d549c4ab07,True,2.0,-1,correct,0.7133245721384183,371.40452681363337,True,0.0010577780938334834,1.6199380627231075
candidate,rc,sf,1.62,125,-3,5,18b426734f3f4c77ce5ccc6e6166332fab96e6b0ee7f7605cd00ba918fe9ec89,True,1.0,-1,correct,0.6987797308949405,364.2112020922436,True,0.043859502531831615,1.6127214763261366
candidate,rc,sf,1.62,125,-3,5,18b426734f3f4c77ce5ccc6e6166332fab96e6b0ee7f7605cd00ba918fe9ec89,True,2.0,-1,correct,0.6987797308949405,364.2112020922436,True,0.0009654937482201091,1.6199428575895443
control,rc,sf,1.62,125,3,5,27d336815cb32507f2ca8ab8023f578fe5510f2c7e4624dce9543ca9d212ab8e,True,1.0,1,correct,0.6780263266153481,369.50408850400225,True,1.6133820707780218,0.04417313941763174
control,rc,sf,1.62,125,3,5,27d336815cb32507f2ca8ab8023f578fe5510f2c7e4624dce9543ca9d212ab8e,True,2.0,1,correct,0.6780263266153481,369.50408850400225,True,1.6199408734059957,0.0010071390303420056
candidate,rc,sf,1.62,125,3,5,ff1fe46713685b5c3e75059a745b9b028ea38fa526899d3d5b94ae9070ac3b4f,True,1.0,1,correct,0.6636961630885186,362.34870876954847,True,1.614860896631347,0.041267951270997597
candidate,rc,sf,1.62,125,3,5,ff1fe46713685b5c3e75059a745b9b028ea38fa526899d3d5b94ae9070ac3b4f,True,2.0,1,correct,0.6636961630885186,362.34870876954847,True,1.61994537367997,0.0009206988481282558
control,rc,sf,1.62,125,10,5,990316087cab3bcc0321c6dbd1b6c9222cf0ee8c979b30a1ee8f8e5fb27b942e,True,1.0,1,correct,0.5484831431699502,363.0253927080391,True,1.6174230208786557,0.037260633060935584
control,rc,sf,1.62,125,10,5,990316087cab3bcc0321c6dbd1b6c9222cf0ee8c979b30a1ee8f8e5fb27b942e,True,2.0,1,correct,0.5484831431699502,363.0253927080391,True,1.6199498303671234,0.0008451905356476582
candidate,rc,sf,1.62,125,10,5,b041b393cbf3549f864061bb64e36c3681bd59360a9f9af53cb1f576d23752a6,True,1.0,1,correct,0.5390303067636281,356.0627108175464,True,1.6177230256844373,0.03519675794102207
candidate,rc,sf,1.62,125,10,5,b041b393cbf3549f864061bb64e36c3681bd59360a9f9af53cb1f576d23752a6,True,2.0,1,correct,0.5390303067636281,356.0627108175464,True,1.6199534151509578,0.0007765300149351442
control,rc,sf,1.8,-40,-10,5,e3ecd4954bf863ad8793f9144a3e06f96ae527bb63ed0a540937371be657ad1f,True,1.0,-1,correct,0.4974583881233887,407.7105538181817,True,0.0030104001850702715,1.7992777266970374
control,rc,sf,1.8,-40,-10,5,e3ecd4954bf863ad8793f9144a3e06f96ae527bb63ed0a540937371be657ad1f,True,2.0,-1,correct,0.4974583881233887,407.7105538181817,True,1.820278096862012e-06,1.7999996878387232
candidate,rc,sf,1.8,-40,-10,5,0a17a3e6389ec654921dff335d5f48b3daed50d46fe1dc6f8d6e778e443923b8,True,1.0,-1,correct,0.4846921724496795,399.4280593554374,True,0.002707924803252804,1.7994013587559359
candidate,rc,sf,1.8,-40,-10,5,0a17a3e6389ec654921dff335d5f48b3daed50d46fe1dc6f8d6e778e443923b8,True,2.0,-1,correct,0.4846921724496795,399.4280593554374,True,1.5578420349695372e-06,1.799999728286299
control,rc,sf,1.8,-40,-3,5,dc104d8cce7987cbea9ba41a90712a7c6f31f863529b729d07d0d3e54dc940bc,True,1.0,-1,correct,0.6675959884857484,414.5381787984502,True,0.00553206411637351,1.7962609461798078
control,rc,sf,1.8,-40,-3,5,dc104d8cce7987cbea9ba41a90712a7c6f31f863529b729d07d0d3e54dc940bc,True,2.0,-1,correct,0.6675959884857484,414.5381787984502,True,3.2619119264763463e-06,1.7999994455721393
candidate,rc,sf,1.8,-40,-3,5,f64c58dc41b620c54b2becd2acf2aa3fa4955670682797c022478ed0af70359e,True,1.0,-1,correct,0.6519634781844793,406.0103965827599,True,0.004872279712893804,1.7972541378725382
candidate,rc,sf,1.8,-40,-3,5,f64c58dc41b620c54b2becd2acf2aa3fa4955670682797c022478ed0af70359e,True,2.0,-1,correct,0.6519634781844793,406.0103965827599,True,2.747993434348735e-06,1.799999534894632
control,rc,sf,1.8,-40,3,5,cd3f8e9c35acaa0491d99e6c280b8231a93ecefbdf62d5e19707b041ed3dca64,True,1.0,1,correct,0.6177973360343789,412.8217045653802,True,1.7978674268171047,0.004477674613476628
control,rc,sf,1.8,-40,3,5,cd3f8e9c35acaa0491d99e6c280b8231a93ecefbdf62d5e19707b041ed3dca64,True,2.0,1,correct,0.6177973360343789,412.8217045653802,True,1.7999995396167179,2.69377357811571e-06
candidate,rc,sf,1.8,-40,3,5,7948177a80f5098cd3ebf131f4862d4cc931ff6c10ae9dbd314f0dd0ebe3db52,True,1.0,1,correct,0.6070909546296788,404.332493957849,True,1.7983986950727504,0.003966886126707764
candidate,rc,sf,1.8,-40,3,5,7948177a80f5098cd3ebf131f4862d4cc931ff6c10ae9dbd314f0dd0ebe3db52,True,2.0,1,correct,0.6070909546296788,404.332493957849,True,1.7999996121585087,2.2811061392439205e-06
control,rc,sf,1.8,-40,10,5,d959cf620da42425bbb4f57db8217b127f508f5cfa1f2b81e773d253f554a4f4,True,1.0,1,correct,0.4826572472824594,406.8923701161457,True,1.7993286678279725,0.0029140464431155655
control,rc,sf,1.8,-40,10,5,d959cf620da42425bbb4f57db8217b127f508f5cfa1f2b81e773d253f554a4f4,True,2.0,1,correct,0.4826572472824594,406.8923701161457,True,1.7999996957587576,1.762353398317631e-06
candidate,rc,sf,1.8,-40,10,5,0e45872fe45afd4ebaa0438da8fae2b96caa609a3c642c065a4700b94917859a,True,1.0,1,correct,0.4715757077155185,398.60652004830416,True,1.7994383461457932,0.0026241751374271975
candidate,rc,sf,1.8,-40,10,5,0e45872fe45afd4ebaa0438da8fae2b96caa609a3c642c065a4700b94917859a,True,2.0,1,correct,0.4715757077155185,398.60652004830416,True,1.7999997404413324,1.5153443932521862e-06
control,rc,sf,1.8,27,-10,5,3b3fe16d0d3a2d5f2eaea3800cf318203c24eef2bb48ce27dcef59a7599ddccb,True,1.0,-1,correct,0.493768377619841,431.9310060571173,True,0.00738065419927319,1.7990884356229229
control,rc,sf,1.8,27,-10,5,3b3fe16d0d3a2d5f2eaea3800cf318203c24eef2bb48ce27dcef59a7599ddccb,True,2.0,-1,correct,0.493768377619841,431.9310060571173,True,1.758961206622783e-05,1.7999980970566607
candidate,rc,sf,1.8,27,-10,5,130d6cd2e7a31f08ce67e53bfd4965e2fbe26b620df0b608c90d3b929a74c088,True,1.0,-1,correct,0.4821770534473794,423.3645432010391,True,0.006781430503177821,1.7991963903247337
candidate,rc,sf,1.8,27,-10,5,130d6cd2e7a31f08ce67e53bfd4965e2fbe26b620df0b608c90d3b929a74c088,True,2.0,-1,correct,0.4821770534473794,423.3645432010391,True,1.556810531755912e-05,1.7999983087412155
control,rc,sf,1.8,27,-3,5,d7a1fadeae2d0cfb4f0684cc1ba75bc91023d9b3e5baf034629fdbb8d8174f10,True,1.0,-1,correct,0.6294774217285112,439.58983759210815,True,0.010266800668477124,1.7976987430785296
control,rc,sf,1.8,27,-3,5,d7a1fadeae2d0cfb4f0684cc1ba75bc91023d9b3e5baf034629fdbb8d8174f10,True,2.0,-1,correct,0.6294774217285112,439.58983759210815,True,2.431423374686033e-05,1.7999973882580702
candidate,rc,sf,1.8,27,-3,5,454febdb99f1903eea21ccefbb644703e1e2539770172d2877018774ad97afb7,True,1.0,-1,correct,0.6148259559054401,430.81106626641207,True,0.009302596462143771,1.798210260531365
candidate,rc,sf,1.8,27,-3,5,454febdb99f1903eea21ccefbb644703e1e2539770172d2877018774ad97afb7,True,2.0,-1,correct,0.6148259559054401,430.81106626641207,True,2.1269235013097337e-05,1.7999977038442954
control,rc,sf,1.8,27,3,5,2f67dbf2f515c2bdabf90d66fc46717104792ac509a34fe72aa2bd7e39548831,True,1.0,1,correct,0.5894845012802309,437.28822643864993,True,1.7983816881476404,0.009167235126595417
control,rc,sf,1.8,27,3,5,2f67dbf2f515c2bdabf90d66fc46717104792ac509a34fe72aa2bd7e39548831,True,2.0,1,correct,0.5894845012802309,437.28822643864993,True,1.799997634217055,2.1950412671846502e-05
candidate,rc,sf,1.8,27,3,5,687019e9048692cc1c4c98703cd646ce6b313ab054b240b15e88795307954eaa,True,1.0,1,correct,0.5744597253181506,428.5536545110915,True,1.7986906591669485,0.008343228130556721
candidate,rc,sf,1.8,27,3,5,687019e9048692cc1c4c98703cd646ce6b313ab054b240b15e88795307954eaa,True,2.0,1,correct,0.5744597253181506,428.5536545110915,True,1.7999979134620114,1.926694290727204e-05
control,rc,sf,1.8,27,10,5,c7707774b237de12f11f30a60a53549ee8bac9bb7ac2f5fffd6326821280610c,True,1.0,1,correct,0.48356948828027974,431.0368447214067,True,1.7991281579002523,0.0072088482504541924
control,rc,sf,1.8,27,10,5,c7707774b237de12f11f30a60a53549ee8bac9bb7ac2f5fffd6326821280610c,True,2.0,1,correct,0.48356948828027974,431.0368447214067,True,1.7999981347248875,1.7180949363561707e-05
candidate,rc,sf,1.8,27,10,5,2120b6289c982e8bc4c393893356c6dda798dd143236cc101eafedca46f4f659,True,1.0,1,correct,0.4723555009535093,422.4931079479538,True,1.7992262026923638,0.006628811603505878
candidate,rc,sf,1.8,27,10,5,2120b6289c982e8bc4c393893356c6dda798dd143236cc101eafedca46f4f659,True,2.0,1,correct,0.4723555009535093,422.4931079479538,True,1.7999983412069431,1.5216765385078666e-05
control,rc,sf,1.8,125,-10,5,122bfef18c81168a32b10eeea10f7fd801e1fbbf5e78df3c339163a7dcbb860b,True,1.0,-1,correct,0.47609404863462074,465.734921774821,True,0.01852911747304207,1.7987436382123232
control,rc,sf,1.8,125,-10,5,122bfef18c81168a32b10eeea10f7fd801e1fbbf5e78df3c339163a7dcbb860b,True,2.0,-1,correct,0.47609404863462074,465.734921774821,True,0.00017371815740969702,1.7999875858379009
candidate,rc,sf,1.8,125,-10,5,1236663fd686687108cf99e3d01878dc6c96b57f2fa3f24700b9c7f4cf75ff2d,True,1.0,-1,correct,0.4669030852482006,456.87780442334156,True,0.01736358477609967,1.7988340891586836
candidate,rc,sf,1.8,125,-10,5,1236663fd686687108cf99e3d01878dc6c96b57f2fa3f24700b9c7f4cf75ff2d,True,2.0,-1,correct,0.4669030852482006,456.87780442334156,True,0.000158371296628171,1.7999885194039449
control,rc,sf,1.8,125,-3,5,c61c638969d0aefb6c96ed78ba38dde074fd04120c9228c7b8c022f8c7ff78b5,True,1.0,-1,correct,0.589728913201189,477.03057623927293,True,0.022497197875775605,1.7980314698757454
control,rc,sf,1.8,125,-3,5,c61c638969d0aefb6c96ed78ba38dde074fd04120c9228c7b8c022f8c7ff78b5,True,2.0,-1,correct,0.589728913201189,477.03057623927293,True,0.00021178159905245233,1.7999851085893273
candidate,rc,sf,1.8,125,-3,5,7e4b9a39c71f25ed86d352747570f0554dae042a4ed4ca64ff3d7d248a3ff0fa,True,1.0,-1,correct,0.5782712266519288,467.85285381642547,True,0.020921386193966406,1.798309118232536
candidate,rc,sf,1.8,125,-3,5,7e4b9a39c71f25ed86d352747570f0554dae042a4ed4ca64ff3d7d248a3ff0fa,True,2.0,-1,correct,0.5782712266519288,467.85285381642547,True,0.00019181930007671838,1.7999863279810717
control,rc,sf,1.8,125,3,5,2289396978114ae829fd0b1608102e7a8722e3166d94b7bde63663838cdd917a,True,1.0,1,correct,0.5547743669992108,473.1891949379206,True,1.7983678627995783,0.021018453851671833
control,rc,sf,1.8,125,3,5,2289396978114ae829fd0b1608102e7a8722e3166d94b7bde63663838cdd917a,True,2.0,1,correct,0.5547743669992108,473.1891949379206,True,1.799985939809637,0.00019883999580168587
candidate,rc,sf,1.8,125,3,5,e2578a3cd8599ddbeb670514de9e0b025a2b32672d3586fb46629bc2483ab42e,True,1.0,1,correct,0.539923715631418,464.10811495426503,True,1.798552137027631,0.019600024420210225
candidate,rc,sf,1.8,125,3,5,e2578a3cd8599ddbeb670514de9e0b025a2b32672d3586fb46629bc2483ab42e,True,2.0,1,correct,0.539923715631418,464.10811495426503,True,1.79998706253946,0.00018047662752426234
control,rc,sf,1.8,125,10,5,ab5e00d8bf427489fdc306e6e82c5c8840d386b683efd7ec8ee61cce08edb97f,True,1.0,1,correct,0.4651818250969406,464.5352343753293,True,1.7987733720002248,0.018225737214502147
control,rc,sf,1.8,125,10,5,ab5e00d8bf427489fdc306e6e82c5c8840d386b683efd7ec8ee61cce08edb97f,True,2.0,1,correct,0.4651818250969406,464.5352343753293,True,1.7999877512361695,0.0001708251865435565
candidate,rc,sf,1.8,125,10,5,c2ad753d2ccde1cf9ee128862c93dabae0ffbb0626dc995244808ac77413cdd8,True,1.0,1,correct,0.4562555313834587,455.7013298245588,True,1.7988578740578534,0.017086952907971017
candidate,rc,sf,1.8,125,10,5,c2ad753d2ccde1cf9ee128862c93dabae0ffbb0626dc995244808ac77413cdd8,True,2.0,1,correct,0.4562555313834587,455.7013298245588,True,1.7999886692648523,0.00015579922068839465
control,rc,sf,1.95,-40,-10,5,7bd2b7653c119b8d92f3ac436554a6d4948abbc5c5727194e8e46ea13f80f6d9,True,1.0,-1,correct,0.4459801573707606,496.83923035663764,True,0.0009672896961376666,1.9497633052133998
control,rc,sf,1.95,-40,-10,5,7bd2b7653c119b8d92f3ac436554a6d4948abbc5c5727194e8e46ea13f80f6d9,True,2.0,-1,correct,0.4459801573707606,496.83923035663764,True,1.86265328435983e-07,1.9499999579732132
candidate,rc,sf,1.95,-40,-10,5,ee9d6e661bd1a57e349f14abaf5fdc0115bd019aeb005eb45c4bf9842a56880c,True,1.0,-1,correct,0.43184091770667854,486.841471729505,True,0.0008614189563316286,1.9498019108363553
candidate,rc,sf,1.95,-40,-10,5,ee9d6e661bd1a57e349f14abaf5fdc0115bd019aeb005eb45c4bf9842a56880c,True,2.0,-1,correct,0.43184091770667854,486.841471729505,True,1.5934106290080692e-07,1.9499999648620614
control,rc,sf,1.95,-40,-3,5,e97d4db4512e0cd9dc1e2f502264412059db161928c45e7c3162b30e23333095,True,1.0,-1,correct,0.5626753112464805,504.775609695026,True,0.001625334234096939,1.9493491602817317
control,rc,sf,1.95,-40,-3,5,e97d4db4512e0cd9dc1e2f502264412059db161928c45e7c3162b30e23333095,True,2.0,-1,correct,0.5626753112464805,504.775609695026,True,3.05183901431768e-07,1.949999937257798
candidate,rc,sf,1.95,-40,-3,5,e880197e7ed6d59caa37cac1ef86a47861ce27cb929b8804ab06c05522c22076,True,1.0,-1,correct,0.548582620917839,494.54660169995833,True,0.0014191879241531034,1.9495067874857026
candidate,rc,sf,1.95,-40,-3,5,e880197e7ed6d59caa37cac1ef86a47861ce27cb929b8804ab06c05522c22076,True,2.0,-1,correct,0.548582620917839,494.54660169995833,True,2.521635666742363e-07,1.9499999456446762
control,rc,sf,1.95,-40,3,5,56cbaef50e52de4826a78e1f95d3e56f542dae0d93fa86ca18cd0357996fae9f,True,1.0,1,correct,0.5202434986184402,501.9778374115738,True,1.9495703590749238,0.0013172476246024658
control,rc,sf,1.95,-40,3,5,56cbaef50e52de4826a78e1f95d3e56f542dae0d93fa86ca18cd0357996fae9f,True,2.0,1,correct,0.5202434986184402,501.9778374115738,True,1.949999943298386,2.4873147322441114e-07
candidate,rc,sf,1.95,-40,3,5,d76196282ab9ff2bd9647c195dbf953e70dc33f2a2558ca8d2498780adc04592,True,1.0,1,correct,0.5087773053613893,491.8316146838423,True,1.9496634136035935,0.0011578762829474207
candidate,rc,sf,1.95,-40,3,5,d76196282ab9ff2bd9647c195dbf953e70dc33f2a2558ca8d2498780adc04592,True,2.0,1,correct,0.5087773053613893,491.8316146838423,True,1.9499999531456023,2.0949835557823655e-07
control,rc,sf,1.95,-40,10,5,3a79295f472fbdff9956e73bafb6440e25c9f2639b05b40e033cb2fb87ec67c5,True,1.0,1,correct,0.43306189663653094,495.7295220016165,True,1.9497788891615415,0.0009264666238278703
control,rc,sf,1.95,-40,10,5,3a79295f472fbdff9956e73bafb6440e25c9f2639b05b40e033cb2fb87ec67c5,True,2.0,1,correct,0.43306189663653094,495.7295220016165,True,1.9499999623148139,1.819041396640155e-07
candidate,rc,sf,1.95,-40,10,5,bc299152632a4baacd71f4d510cf2803585ad0a42f8181af670e39d778883de1,True,1.0,1,correct,0.4221145867774109,485.7417142079502,True,1.9498134553196846,0.0008263362457093731
candidate,rc,sf,1.95,-40,10,5,bc299152632a4baacd71f4d510cf2803585ad0a42f8181af670e39d778883de1,True,2.0,1,correct,0.4221145867774109,485.7417142079502,True,1.9499999663292151,1.5378738963915574e-07
control,rc,sf,1.95,27,-10,5,9a08cbf5f3f96723120117c314395aed94925073209306920fe4969a7099638f,True,1.0,-1,correct,0.4429263846694803,523.3145133464806,True,0.0032912518988751347,1.949575051987734
control,rc,sf,1.95,27,-10,5,9a08cbf5f3f96723120117c314395aed94925073209306920fe4969a7099638f,True,2.0,-1,correct,0.4429263846694803,523.3145133464806,True,3.2720466860121608e-06,1.949999589822926
candidate,rc,sf,1.95,27,-10,5,f30a8af7b3711f2823183eda5873239faf46dcc86113b3fa9d92c604b0e7a10a,True,1.0,-1,correct,0.4328108316250609,513.0608946526594,True,0.003005348235554874,1.9496197058909401
candidate,rc,sf,1.95,27,-10,5,f30a8af7b3711f2823183eda5873239faf46dcc86113b3fa9d92c604b0e7a10a,True,2.0,-1,correct,0.4328108316250609,513.0608946526594,True,2.8651297319064323e-06,1.9499996377942348
control,rc,sf,1.95,27,-3,5,46b66f85357912105a7d3feab5b654305c3562fd29dac1fd1c1c7d7cb6f8a27a,True,1.0,-1,correct,0.54366678421448,533.8989419004704,True,0.004446014242336369,1.9492842217255248
control,rc,sf,1.95,27,-3,5,46b66f85357912105a7d3feab5b654305c3562fd29dac1fd1c1c7d7cb6f8a27a,True,2.0,-1,correct,0.54366678421448,533.8989419004704,True,4.389839614839917e-06,1.9499994576939539
candidate,rc,sf,1.95,27,-3,5,30b8fd938bf89324b7fe624fcfc023962296fbcb3ec4a0e11a7fa61117f6747b,True,1.0,-1,correct,0.5296547370897592,523.3786934278196,True,0.004012204435632025,1.9494014562836106
candidate,rc,sf,1.95,27,-3,5,30b8fd938bf89324b7fe624fcfc023962296fbcb3ec4a0e11a7fa61117f6747b,True,2.0,-1,correct,0.5296547370897592,523.3786934278196,True,3.8050520501921335e-06,1.9499995284998806
control,rc,sf,1.95,27,3,5,1e72a0168c85f4caa11c371caa7c958eae07093292d742043f6fb81cc2490cd9,True,1.0,1,correct,0.5029215312406309,529.6956150596169,True,1.949433527185044,0.003922035794244913
control,rc,sf,1.95,27,3,5,1e72a0168c85f4caa11c371caa7c958eae07093292d742043f6fb81cc2490cd9,True,2.0,1,correct,0.5029215312406309,529.6956150596169,True,1.949999513303184,3.908044229295488e-06
candidate,rc,sf,1.95,27,3,5,f0f2cbc113d63649b638b24a92b7d9da96a0fdeb0518287e4ed38c908ddb3917,True,1.0,1,correct,0.4947865952968399,519.2345170638092,True,1.9495122071565434,0.003553747649456999
candidate,rc,sf,1.95,27,3,5,f0f2cbc113d63649b638b24a92b7d9da96a0fdeb0518287e4ed38c908ddb3917,True,2.0,1,correct,0.4947865952968399,519.2345170638092,True,1.9499995763248303,3.4002995518086743e-06
control,rc,sf,1.95,27,10,5,45289562edf870b3e05217e4938f733024de530bd44f6523bdf52b7c0cdf9c08,True,1.0,1,correct,0.42860447877089075,521.963922050135,True,1.949590135472936,0.003199564084494247
control,rc,sf,1.95,27,10,5,45289562edf870b3e05217e4938f733024de530bd44f6523bdf52b7c0cdf9c08,True,2.0,1,correct,0.42860447877089075,521.963922050135,True,1.9499996000817905,3.182432607080484e-06
candidate,rc,sf,1.95,27,10,5,3cebe43753967ccfd58940245a1c3b5d33fd9b540ae86d01cb065921745b8bee,True,1.0,1,correct,0.41791821024909986,511.7420401745544,True,1.9496317534639573,0.002924166552414532
candidate,rc,sf,1.95,27,10,5,3cebe43753967ccfd58940245a1c3b5d33fd9b540ae86d01cb065921745b8bee,True,2.0,1,correct,0.41791821024909986,511.7420401745544,True,1.9499996460305513,2.788349620233042e-06
control,rc,sf,1.95,125,-10,5,8ca0a7eb960ef4508590f100837842869feb1f665cbd48482b533b9424a06b4d,True,1.0,-1,correct,0.4340961087999295,561.6013567716163,True,0.011098280762938425,1.9491802367697366
control,rc,sf,1.95,125,-10,5,8ca0a7eb960ef4508590f100837842869feb1f665cbd48482b533b9424a06b4d,True,2.0,-1,correct,0.4340961087999295,561.6013567716163,True,5.772908036135007e-05,1.949994893826608
candidate,rc,sf,1.95,125,-10,5,b3f33493361f27ae2a0410b5095ad331f61819d3b82eb6ed901c1b8117873475,True,1.0,-1,correct,0.4248387191796602,550.9756927765865,True,0.010349110706364887,1.9492346202081394
candidate,rc,sf,1.95,125,-10,5,b3f33493361f27ae2a0410b5095ad331f61819d3b82eb6ed901c1b8117873475,True,2.0,-1,correct,0.4248387191796602,550.9756927765865,True,5.240874201356049e-05,1.9499952557598244
control,rc,sf,1.95,125,-3,5,61de9715b62327d240e37f9672f77d639c23327aa1008adf60ffb2f45a360026,True,1.0,-1,correct,0.5279756615535091,577.3190981907857,True,0.013565762066265814,1.9489080529323182
control,rc,sf,1.95,125,-3,5,61de9715b62327d240e37f9672f77d639c23327aa1008adf60ffb2f45a360026,True,2.0,-1,correct,0.5279756615535091,577.3190981907857,True,7.014603741865018e-05,1.9499939963985489
candidate,rc,sf,1.95,125,-3,5,1962c84f85b3a6de492f8da3c9b84000dc7e72055f99b542f51cb08d7bda5286,True,1.0,-1,correct,0.514556672374961,566.2761626908054,True,0.012558232458908082,1.9490162023285518
candidate,rc,sf,1.95,125,-3,5,1962c84f85b3a6de492f8da3c9b84000dc7e72055f99b542f51cb08d7bda5286,True,2.0,-1,correct,0.514556672374961,566.2761626908054,True,6.323629306990095e-05,1.9499944692449747
control,rc,sf,1.95,125,3,5,a3d43b89409f3781d57ab570d0f1014214af5f36b146e6715a6bd1b0f3af57f6,True,1.0,1,correct,0.4927548617887583,570.7194062137269,True,1.949044247688569,0.012458319419627238
control,rc,sf,1.95,125,3,5,a3d43b89409f3781d57ab570d0f1014214af5f36b146e6715a6bd1b0f3af57f6,True,2.0,1,correct,0.4927548617887583,570.7194062137269,True,1.949994369702439,6.490301238983987e-05
candidate,rc,sf,1.95,125,3,5,28a82f74fe12d17e925e7f0c1deee187aa0c09dc42d0741e2304ee3e531e855a,True,1.0,1,correct,0.4768023646917705,559.7981614597081,True,1.949123170020973,0.011568189146633304
candidate,rc,sf,1.95,125,3,5,28a82f74fe12d17e925e7f0c1deee187aa0c09dc42d0741e2304ee3e531e855a,True,2.0,1,correct,0.4768023646917705,559.7981614597081,True,1.9499947955336872,5.867630085858449e-05
control,rc,sf,1.95,125,10,5,32dfdf82852c8dfa2e4cbb1a21dd7bda9b8f1cdf3b30e1e6b8a81c4cade1af45,True,1.0,1,correct,0.42376933170929904,559.6392669588363,True,1.9491985209265468,0.010865985690673796
control,rc,sf,1.95,125,10,5,32dfdf82852c8dfa2e4cbb1a21dd7bda9b8f1cdf3b30e1e6b8a81c4cade1af45,True,2.0,1,correct,0.42376933170929904,559.6392669588363,True,1.9499949686809448,5.6561350550525046e-05
candidate,rc,sf,1.95,125,10,5,679c4372398f6a04cec8f486e1e4acd6d3f356a8bd3c1596b0193b2041493218,True,1.0,1,correct,0.41048215637329,549.0348721561,True,1.9492503738919917,0.010138291256024468
candidate,rc,sf,1.95,125,10,5,679c4372398f6a04cec8f486e1e4acd6d3f356a8bd3c1596b0193b2041493218,True,2.0,1,correct,0.41048215637329,549.0348721561,True,1.9499953231907226,5.1379811764746484e-05
control,rc,fs,1.62,-40,-10,5,3a09b83bdfb5ecb998572209821ddfd5c588ee111706d54cc637e1f7dad67744,True,1.0,0,unresolved,,278.3241654830752,True,1.0771835513404102,1.509735399842337
control,rc,fs,1.62,-40,-10,5,3a09b83bdfb5ecb998572209821ddfd5c588ee111706d54cc637e1f7dad67744,True,2.0,-1,correct,1.6355829537524296,278.3241654830752,True,0.1616153189475634,1.6176420349434315
candidate,rc,fs,1.62,-40,-10,5,6821371779f9d66760c0be1415b1af6418a3fd541b4c9c70d83d618cbf53bc4c,True,1.0,0,unresolved,,272.92697135967853,True,1.0397775038074781,1.503303483304992
candidate,rc,fs,1.62,-40,-10,5,6821371779f9d66760c0be1415b1af6418a3fd541b4c9c70d83d618cbf53bc4c,True,2.0,-1,correct,1.590268972006199,272.92697135967853,True,0.14620846918403516,1.617970869995728
control,rc,fs,1.62,-40,-3,5,0965ce04e67b747b36a86366f1d9f858e63f050155c40cb56cf7997e2f443eb9,True,1.0,0,unresolved,,283.78498842733126,True,1.2371850208953794,1.3871658482330196
control,rc,fs,1.62,-40,-3,5,0965ce04e67b747b36a86366f1d9f858e63f050155c40cb56cf7997e2f443eb9,True,2.0,-1,correct,1.8106318075694012,283.78498842733126,True,0.23140171500680004,1.616267039378809
candidate,rc,fs,1.62,-40,-3,5,db46997667e80ad9e4c7b3e40d5c89682bd8b7236fb076f3abe58c201133f63b,True,1.0,0,unresolved,,278.3125668065138,True,1.2108996115768291,1.3750774195200484
candidate,rc,fs,1.62,-40,-3,5,db46997667e80ad9e4c7b3e40d5c89682bd8b7236fb076f3abe58c201133f63b,True,2.0,-1,correct,1.7602764829954507,278.3125668065138,True,0.20802077860062312,1.6167156351803784
control,rc,fs,1.62,-40,3,5,da024227272e30e28cde4c2931cf3b8b2279822a6c33a0ae91f8aebbe1e44d5d,True,1.0,0,unresolved,,283.37499834696996,True,1.3916360460449084,1.2320068416365724
control,rc,fs,1.62,-40,3,5,da024227272e30e28cde4c2931cf3b8b2279822a6c33a0ae91f8aebbe1e44d5d,True,2.0,1,correct,1.800631676242821,283.37499834696996,True,1.6163960289754404,0.22688287693041453
candidate,rc,fs,1.62,-40,3,5,890ce079d2b04da0eb5459b3d13ddcdfe0b369feea2b3b4bf108bb2f1b1b005b,True,1.0,0,unresolved,,277.9058924680978,True,1.3799391391904745,1.2051674126868799
candidate,rc,fs,1.62,-40,3,5,890ce079d2b04da0eb5459b3d13ddcdfe0b369feea2b3b4bf108bb2f1b1b005b,True,2.0,1,correct,1.7502771248761397,277.9058924680978,True,1.6168017937587942,0.20386639822117095
control,rc,fs,1.62,-40,10,5,728df14f60ae8bc7b5f87c5587da70d49dd409efceb4b1fc9bc89379bb7a05c9,True,1.0,0,unresolved,,278.0991296444513,True,1.5119281111296965,1.0727580824927652
control,rc,fs,1.62,-40,10,5,728df14f60ae8bc7b5f87c5587da70d49dd409efceb4b1fc9bc89379bb7a05c9,True,2.0,1,correct,1.6305832480376299,278.0991296444513,True,1.617672425464758,0.16006202508582001
candidate,rc,fs,1.62,-40,10,5,188253e0f716ccb82fe70f60ef54f820940fb63fb600dee0723ad207ff04e864,True,1.0,0,unresolved,,272.703369260802,True,1.5055455688973556,1.0350590718887978
candidate,rc,fs,1.62,-40,10,5,188253e0f716ccb82fe70f60ef54f820940fb63fb600dee0723ad207ff04e864,True,2.0,1,correct,1.5852693013874188,272.703369260802,True,1.6180018729819081,0.14488321018510072
control,rc,fs,1.62,27,-10,5,9913c21e8efaa03484cc721bef4f52e1b9e7648371d441d6b979c1c8a114108a,True,1.0,0,unresolved,,303.13958038904894,True,0.7572078079731646,1.4546183184914647
control,rc,fs,1.62,27,-10,5,9913c21e8efaa03484cc721bef4f52e1b9e7648371d441d6b979c1c8a114108a,True,2.0,-1,correct,1.2597116659324987,303.13958038904894,True,0.07603783860998126,1.6192983557050742
candidate,rc,fs,1.62,27,-10,5,c8cb4067273390f07553b1de9f3fa4f936257e4ba21bb0161dc5567f30367045,True,1.0,0,unresolved,,297.29683929105835,True,0.7016718828152243,1.470495952940171
candidate,rc,fs,1.62,27,-10,5,c8cb4067273390f07553b1de9f3fa4f936257e4ba21bb0161dc5567f30367045,True,2.0,-1,correct,1.22207980799278,297.29683929105835,True,0.07136117969154097,1.6192995699414938
control,rc,fs,1.62,27,-3,5,bb73f5efe9cc0951b30c7b982efb6d59d19f36e90dea2fde66a278091602dd32,True,1.0,0,unresolved,,310.1628278864873,True,1.0120911866380529,1.24141722308418
control,rc,fs,1.62,27,-3,5,bb73f5efe9cc0951b30c7b982efb6d59d19f36e90dea2fde66a278091602dd32,True,2.0,-1,correct,1.4097133143874008,310.1628278864873,True,0.08873792201884786,1.6191592843958673
candidate,rc,fs,1.62,27,-3,5,912492990fffb3f4a7ddb8c6c1655c363d8e3dd3f8647880a99ef3f664893fcf,True,1.0,0,unresolved,,304.095591115906,True,0.9814953332607789,1.2364693278988075
candidate,rc,fs,1.62,27,-3,5,912492990fffb3f4a7ddb8c6c1655c363d8e3dd3f8647880a99ef3f664893fcf,True,2.0,-1,correct,1.3720836399794596,304.095591115906,True,0.08324761368779779,1.6192139024443
control,rc,fs,1.62,27,3,5,24ad35b5d6edace241aa4e73f749b53b84df67be7b8ab872a077921e17e4f8a7,True,1.0,0,unresolved,,309.60339546023175,True,1.2508787659412044,1.0011772280949838
control,rc,fs,1.62,27,3,5,24ad35b5d6edace241aa4e73f749b53b84df67be7b8ab872a077921e17e4f8a7,True,2.0,1,correct,1.3947132541894702,309.60339546023175,True,1.6191852355558585,0.08783779810549693
candidate,rc,fs,1.62,27,3,5,5c687553c4a0280f029dbee642d2971596b952dbc74b52e75b4caab2ff0c6b7f,True,1.0,0,unresolved,,303.54798875945716,True,1.24704391136975,0.9692360037821883
candidate,rc,fs,1.62,27,3,5,5c687553c4a0280f029dbee642d2971596b952dbc74b52e75b4caab2ff0c6b7f,True,2.0,1,correct,1.3570836894180294,303.54798875945716,True,1.619231264528045,0.08247526241834317
control,rc,fs,1.62,27,10,5,a2f111ebd42c18e23bbb45f6f5aae10453de8fc6befa8ec58fb06ed5735f22d3,True,1.0,0,unresolved,,302.85100547852977,True,1.4606207013053192,0.7479700466180738
control,rc,fs,1.62,27,10,5,a2f111ebd42c18e23bbb45f6f5aae10453de8fc6befa8ec58fb06ed5735f22d3,True,2.0,1,correct,1.2547110474462702,302.85100547852977,True,1.6192989606600745,0.07560216142729528
candidate,rc,fs,1.62,27,10,5,397e9b8c22f3606aab603a6ec05583ab9c81a131b87dd8f314f0c31ada9fe67a,True,1.0,0,unresolved,,297.01359907611544,True,1.4766526775482238,0.6916910667985877
candidate,rc,fs,1.62,27,10,5,397e9b8c22f3606aab603a6ec05583ab9c81a131b87dd8f314f0c31ada9fe67a,True,2.0,1,correct,1.222079288524801,297.01359907611544,True,1.6193002122105153,0.07093504773125534
control,rc,fs,1.62,125,-10,5,a98756b4615599ef3b3c52aa83b85376bd5e32b4c2b4b7118ddfb109a73b57a4,True,1.0,0,unresolved,,341.61642307955697,True,0.4535336408067666,1.5528161161804783
control,rc,fs,1.62,125,-10,5,a98756b4615599ef3b3c52aa83b85376bd5e32b4c2b4b7118ddfb109a73b57a4,True,2.0,-1,correct,1.087953452630549,341.61642307955697,True,0.05693853773372162,1.6193627931603012
candidate,rc,fs,1.62,125,-10,5,11b1132dbd66b0b1791e67f5fcbc4e2ea83eab74388687f24c3df6c59652a09f,True,1.0,0,unresolved,,335.5073561715234,True,0.4038811912897587,1.5686097971447093
candidate,rc,fs,1.62,125,-10,5,11b1132dbd66b0b1791e67f5fcbc4e2ea83eab74388687f24c3df6c59652a09f,True,2.0,-1,correct,1.0582326113692897,335.5073561715234,True,0.053768151632136676,1.6193807411064751
control,rc,fs,1.62,125,-3,5,1e6f36d0cf4f9c03c5772f4fa09359a5c141bfb42dcacfa553c0944edf93ea23,True,1.0,0,unresolved,,349.9103782647039,True,0.8185204851026797,1.3225881917183298
control,rc,fs,1.62,125,-3,5,1e6f36d0cf4f9c03c5772f4fa09359a5c141bfb42dcacfa553c0944edf93ea23,True,2.0,-1,correct,1.22295472786087,349.9103782647039,True,0.06418266781908566,1.6193031767680828
candidate,rc,fs,1.62,125,-3,5,334097e49aaf82c741ff96dc10a1734d261e012a0918b1cab289e971d8c53587,True,1.0,0,unresolved,,343.56083182130925,True,0.762921939276428,1.3562143541558505
candidate,rc,fs,1.62,125,-3,5,334097e49aaf82c741ff96dc10a1734d261e012a0918b1cab289e971d8c53587,True,2.0,-1,correct,1.1932330335535404,343.56083182130925,True,0.06056366906105068,1.6193259476377315
control,rc,fs,1.62,125,3,5,44d85042bf8b306f5a7644595895846a92b5f3a4a49359f240c1ccc7c8277611,True,1.0,0,unresolved,,349.0513308293731,True,1.3461652053913198,0.7886733580990034
control,rc,fs,1.62,125,3,5,44d85042bf8b306f5a7644595895846a92b5f3a4a49359f240c1ccc7c8277611,True,2.0,1,correct,1.2129550324760285,349.0513308293731,True,1.6193103542422413,0.06352626138282305
candidate,rc,fs,1.62,125,3,5,8e2e05f06427f6fd5685eec851e1a04fad62cf7b148abe94366dc1f38e6cf8a4,True,1.0,0,unresolved,,342.7205968308844,True,1.380837393157139,0.7288562755359764
candidate,rc,fs,1.62,125,3,5,8e2e05f06427f6fd5685eec851e1a04fad62cf7b148abe94366dc1f38e6cf8a4,True,2.0,1,correct,1.1782333600496486,342.7205968308844,True,1.6193321462881032,0.05995424576183642
control,rc,fs,1.62,125,10,5,5d8b4b46b4af018a2f77aa70d6e89610d7e0e0b0a5850b8620441d252a2a9b3e,True,1.0,0,unresolved,,341.2626215785199,True,1.5564290648631838,0.44464016452901917
control,rc,fs,1.62,125,10,5,5d8b4b46b4af018a2f77aa70d6e89610d7e0e0b0a5850b8620441d252a2a9b3e,True,2.0,1,correct,1.082953749137391,341.2626215785199,True,1.619364647108599,0.056648559519940335
candidate,rc,fs,1.62,125,10,5,2fb75180cbe932da7e0081e717cac5409d09c0169234f5c3137be65bc89aeb68,True,1.0,0,unresolved,,335.16066585523345,True,1.5714170637078029,0.39650267959815333
candidate,rc,fs,1.62,125,10,5,2fb75180cbe932da7e0081e717cac5409d09c0169234f5c3137be65bc89aeb68,True,2.0,1,correct,1.0532329257142785,335.16066585523345,True,1.6193827243146877,0.0534927680605123
control,rc,fs,1.8,-40,-10,5,9555b4f32f8a602c702d0dd6b02e71352e04be8ee4f1f086ba522308784949b3,True,1.0,-1,correct,0.7384318060428208,371.6619779372585,True,0.1125175736066102,1.7976170906343185
control,rc,fs,1.8,-40,-10,5,9555b4f32f8a602c702d0dd6b02e71352e04be8ee4f1f086ba522308784949b3,True,2.0,-1,correct,0.7384318060428208,371.6619779372585,True,0.0038011104683824256,1.7999071195481693
candidate,rc,fs,1.8,-40,-10,5,1126a19948fc3c04c85dfaf5adda071ca6d370014a154996ae43108832e2fc7f,True,1.0,-1,correct,0.7183126106673681,364.34183943429554,True,0.10555600348523335,1.7980429337184458
candidate,rc,fs,1.8,-40,-10,5,1126a19948fc3c04c85dfaf5adda071ca6d370014a154996ae43108832e2fc7f,True,2.0,-1,correct,0.7183126106673681,364.34183943429554,True,0.003368897135294891,1.79991611305064
control,rc,fs,1.8,-40,-3,5,338e510e93be00f7e7bf5df66bf21ca88647f38f50b6d0a457d98573a7e7264e,True,1.0,-1,correct,0.8534421152306497,380.22823856209584,True,0.1569108518950404,1.7922295135301496
control,rc,fs,1.8,-40,-3,5,338e510e93be00f7e7bf5df66bf21ca88647f38f50b6d0a457d98573a7e7264e,True,2.0,-1,correct,0.8534421152306497,380.22823856209584,True,0.0047944890228061405,1.799885187698568
candidate,rc,fs,1.8,-40,-3,5,e2ec00a8edf68bf68886ddfb6c6fba07b5ec0436b0222e11bde58b525c8d7c15,True,1.0,-1,correct,0.8283353392827496,372.61094427240226,True,0.1400209062482371,1.79438853244814
candidate,rc,fs,1.8,-40,-3,5,e2ec00a8edf68bf68886ddfb6c6fba07b5ec0436b0222e11bde58b525c8d7c15,True,2.0,-1,correct,0.8283353392827496,372.61094427240226,True,0.004236378722236892,1.79989658190958
control,rc,fs,1.8,-40,3,5,8fdba035b0857bbe9423976085bce12c7227574012424751486178294cb7fbc2,True,1.0,1,correct,0.8384435966839981,379.40220400233017,True,1.7934870656587103,0.14956120393750003
control,rc,fs,1.8,-40,3,5,8fdba035b0857bbe9423976085bce12c7227574012424751486178294cb7fbc2,True,2.0,1,correct,0.8384435966839981,379.40220400233017,True,1.7998866197453636,0.0047300335864282166
candidate,rc,fs,1.8,-40,3,5,ea1bc50130060dca90683d03eb298937c11636c9bf4048523bc85d3547945094,True,1.0,1,correct,0.8183383291910498,371.80475831768996,True,1.7951706703378154,0.13425965180564645
candidate,rc,fs,1.8,-40,3,5,ea1bc50130060dca90683d03eb298937c11636c9bf4048523bc85d3547945094,True,2.0,1,correct,0.8183383291910498,371.80475831768996,True,1.7998978818053857,0.004179947554597229
control,rc,fs,1.8,-40,10,5,12ed33944ef9017251d90ed5ac4d36d418fb4c65bec7246b18b4d4775bcdca59,True,1.0,1,correct,0.7384332811685093,371.23306583375467,True,1.7976726888072114,0.11164415126315744
control,rc,fs,1.8,-40,10,5,12ed33944ef9017251d90ed5ac4d36d418fb4c65bec7246b18b4d4775bcdca59,True,2.0,1,correct,0.7384332811685093,371.23306583375467,True,1.7999080671146912,0.003758634310466901
candidate,rc,fs,1.8,-40,10,5,1c58001e5fb90ee77ed13afeb8ddbc83f2e2def31cb2b4ef0c60b0000bf794f3,True,1.0,1,correct,0.7183155918973307,363.9228736944589,True,1.7980847963134472,0.10483359470398135
candidate,rc,fs,1.8,-40,10,5,1c58001e5fb90ee77ed13afeb8ddbc83f2e2def31cb2b4ef0c60b0000bf794f3,True,2.0,1,correct,0.7183155918973307,363.9228736944589,True,1.7999169892494573,0.0033312742326725214
control,rc,fs,1.8,27,-10,5,55cff9688acc22d7d47ebdf45ff35efbc82adc038fa6755ed118ee873c7b82f9,True,1.0,-1,correct,0.7253784176039086,398.5701858621969,True,0.10778227342235235,1.7980040206718644
control,rc,fs,1.8,27,-10,5,55cff9688acc22d7d47ebdf45ff35efbc82adc038fa6755ed118ee873c7b82f9,True,2.0,-1,correct,0.7253784176039086,398.5701858621969,True,0.005692786463510851,1.7998847078446283
candidate,rc,fs,1.8,27,-10,5,a5c3c23cbeba9b5977b7df13d46d38b7e798166e4f7026d3a80f42735a8fccf9,True,1.0,-1,correct,0.7046462139140002,390.96667172466726,True,0.10173117619767709,1.7982687890350928
candidate,rc,fs,1.8,27,-10,5,a5c3c23cbeba9b5977b7df13d46d38b7e798166e4f7026d3a80f42735a8fccf9,True,2.0,-1,correct,0.7046462139140002,390.96667172466726,True,0.00518816870320142,1.7998931192199465
control,rc,fs,1.8,27,-3,5,67c7bac8ea48808f0783772448f2dc6d66b8447c136107244621cce1d122c265,True,1.0,-1,correct,0.835392609448411,407.48370434239126,True,0.1424161600361219,1.7940412830366554
control,rc,fs,1.8,27,-3,5,67c7bac8ea48808f0783772448f2dc6d66b8447c136107244621cce1d122c265,True,2.0,-1,correct,0.835392609448411,407.48370434239126,True,0.0066354120528427565,1.7998671615523243
candidate,rc,fs,1.8,27,-3,5,bf3655e0ebeb0e89587e47f90352e2d91b954b2fcfb46ef93247186f6e7434cb,True,1.0,-1,correct,0.8146469355182183,399.6016632532094,True,0.12862363595267842,1.7955091636353282
candidate,rc,fs,1.8,27,-3,5,bf3655e0ebeb0e89587e47f90352e2d91b954b2fcfb46ef93247186f6e7434cb,True,2.0,-1,correct,0.8146469355182183,399.6016632532094,True,0.006031391761047374,1.7998771426498765
control,rc,fs,1.8,27,3,5,b46096b3bf73e66dffab883bf7cd48b55ac172cfe2644731bebd55e350116479,True,1.0,1,correct,0.8253938641475808,406.42803676413456,True,1.7949555865837046,0.13599457498694173
control,rc,fs,1.8,27,3,5,b46096b3bf73e66dffab883bf7cd48b55ac172cfe2644731bebd55e350116479,True,2.0,1,correct,0.8253938641475808,406.42803676413456,True,1.7998690452685924,0.006538103935395912
candidate,rc,fs,1.8,27,3,5,d0886bb7c30050af592cd191bccd209402063abffd89b07bdbc049a47bd44071,True,1.0,1,correct,0.7996419055627108,398.56850578981465,True,1.79611479930601,0.12364618164767302
candidate,rc,fs,1.8,27,3,5,d0886bb7c30050af592cd191bccd209402063abffd89b07bdbc049a47bd44071,True,2.0,1,correct,0.7996419055627108,398.56850578981465,True,1.7998788893192326,0.0059444497738562535
control,rc,fs,1.8,27,10,5,8835716c6820ba3906d608cab82204c17b0d9617037d3fb6976b946fac6efb4c,True,1.0,1,correct,0.7203785247331097,398.086016738696,True,1.79805781503784,0.10693930323210595
control,rc,fs,1.8,27,10,5,8835716c6820ba3906d608cab82204c17b0d9617037d3fb6976b946fac6efb4c,True,2.0,1,correct,0.7203785247331097,398.086016738696,True,1.799885519122043,0.00564923097802343
candidate,rc,fs,1.8,27,10,5,a4ed2f7ffc0abb91042f8fe287e902287d051383adabb8e926460c33bb9c52f8,True,1.0,1,correct,0.6996411399993999,390.4932799137814,True,1.798309433029085,0.10102750228511038
candidate,rc,fs,1.8,27,10,5,a4ed2f7ffc0abb91042f8fe287e902287d051383adabb8e926460c33bb9c52f8,True,2.0,1,correct,0.6996411399993999,390.4932799137814,True,1.7998939037256345,0.0051485435302911515
control,rc,fs,1.8,125,-10,5,b97a6870a710bda255520a5759734e3242be1a9e6614c09ebc056ba3a69cc367,True,1.0,-1,correct,0.7508050798710597,445.9608339366599,True,0.12832504546873377,1.7972161038517351
control,rc,fs,1.8,125,-10,5,b97a6870a710bda255520a5759734e3242be1a9e6614c09ebc056ba3a69cc367,True,2.0,-1,correct,0.7508050798710597,445.9608339366599,True,0.015194602144659784,1.7997990732492934
candidate,rc,fs,1.8,125,-10,5,b949a2bf788bd9b824ed9efd372d2213d2bbcc6cb1757f28feba6e19a1b9271b,True,1.0,-1,correct,0.7291025166300797,438.06577194881714,True,0.12112047151127467,1.7976145921856694
candidate,rc,fs,1.8,125,-10,5,b949a2bf788bd9b824ed9efd372d2213d2bbcc6cb1757f28feba6e19a1b9271b,True,2.0,-1,correct,0.7291025166300797,438.06577194881714,True,0.014408011652422205,1.7998097648126712
control,rc,fs,1.8,125,-3,5,d89e0792204dafa767149b1424dffc2d6b07fc13577643a1d3f4f44a5a7bd2d1,True,1.0,-1,correct,0.8608234593405113,457.71271656289815,True,0.17373136638446582,1.7916639995448083
control,rc,fs,1.8,125,-3,5,d89e0792204dafa767149b1424dffc2d6b07fc13577643a1d3f4f44a5a7bd2d1,True,2.0,-1,correct,0.8608234593405113,457.71271656289815,True,0.016984714920399515,1.7997706607915254
candidate,rc,fs,1.8,125,-3,5,404ed7909c9e8d83555085cbb2b6617e4e31dc9b523372f269e0b599dc356692,True,1.0,-1,correct,0.8389078551669205,449.48168147564826,True,0.15764535244362526,1.7936741948753856
candidate,rc,fs,1.8,125,-3,5,404ed7909c9e8d83555085cbb2b6617e4e31dc9b523372f269e0b599dc356692,True,2.0,-1,correct,0.8389078551669205,449.48168147564826,True,0.016041529650444867,1.7997834154640466
control,rc,fs,1.8,125,3,5,6f31cce9208e9bcd185f8aa98493a8d00366241ad74dbf206928238ec9923743,True,1.0,1,correct,0.8458175073591905,455.99295667288834,True,1.7930847475327316,0.16432001898047266
control,rc,fs,1.8,125,3,5,6f31cce9208e9bcd185f8aa98493a8d00366241ad74dbf206928238ec9923743,True,2.0,1,correct,0.8458175073591905,455.99295667288834,True,1.7997745903008942,0.01674794132834465
candidate,rc,fs,1.8,125,3,5,6980b0c754b415a57b48a6e03ff3bdf8f5cf40c2e54be1ed984269ee3516f8d7,True,1.0,1,correct,0.82393268548275,447.8020180128455,True,1.7946430307857366,0.15008478667469616
candidate,rc,fs,1.8,125,3,5,6980b0c754b415a57b48a6e03ff3bdf8f5cf40c2e54be1ed984269ee3516f8d7,True,2.0,1,correct,0.82393268548275,447.8020180128455,True,1.7997871152233642,0.01582637817226169
control,rc,fs,1.8,125,10,5,139f76cb182fff5c17fe99190bf4fed8061ea129c3b3a3216219a6d910760b9a,True,1.0,1,correct,0.7457956872153197,445.34891523153647,True,1.7973107296650364,0.12700879320585873
control,rc,fs,1.8,125,10,5,139f76cb182fff5c17fe99190bf4fed8061ea129c3b3a3216219a6d910760b9a,True,2.0,1,correct,0.7457956872153197,445.34891523153647,True,1.7998003410519083,0.015113840450098927
candidate,rc,fs,1.8,125,10,5,576a3110ac04756cec7d2a6bcf1d43d29b59d03950cb3965104d68d88f9263c1,True,1.0,1,correct,0.7241911090910393,437.466627158564,True,1.7976883855435994,0.12002129645642651
candidate,rc,fs,1.8,125,10,5,576a3110ac04756cec7d2a6bcf1d43d29b59d03950cb3965104d68d88f9263c1,True,2.0,1,correct,0.7241911090910393,437.466627158564,True,1.7998110216242196,0.014333270048458906
control,rc,fs,1.95,-40,-10,5,e16e637f11111b9160a53a8738ec3b3e57f3366c70f62cb1aed4fb3bce4e2c81,True,1.0,-1,correct,0.5326363875564296,458.93752855193844,True,0.034765247723012066,1.9490337513395604
control,rc,fs,1.95,-40,-10,5,e16e637f11111b9160a53a8738ec3b3e57f3366c70f62cb1aed4fb3bce4e2c81,True,2.0,-1,correct,0.5326363875564296,458.93752855193844,True,0.00023599767189444101,1.9499928061601934
candidate,rc,fs,1.95,-40,-10,5,75d6a30de9cbdfb8e543ff5c943f5a1492784295f75fddba37de2596eb9ea323,True,1.0,-1,correct,0.51813127725595,450.00641343717353,True,0.03189825533728495,1.9490888899568846
candidate,rc,fs,1.95,-40,-10,5,75d6a30de9cbdfb8e543ff5c943f5a1492784295f75fddba37de2596eb9ea323,True,2.0,-1,correct,0.51813127725595,450.00641343717353,True,0.00020888500135652447,1.9499935325894593
control,rc,fs,1.95,-40,-3,5,50d9190069847697dbe7d8046c6368915b2eb8dd924d5cf4db25247daf55a66a,True,1.0,-1,correct,0.6226586440853207,468.5311840636313,True,0.03940930904488813,1.9489160258645577
control,rc,fs,1.95,-40,-3,5,50d9190069847697dbe7d8046c6368915b2eb8dd924d5cf4db25247daf55a66a,True,2.0,-1,correct,0.6226586440853207,468.5311840636313,True,0.00027661181361823275,1.9499916294058024
candidate,rc,fs,1.95,-40,-3,5,8add10351ad7d4052b5d3010578230d14e25199c688389bab2607cf63ca8d590,True,1.0,-1,correct,0.6081564081390385,459.2903088460157,True,0.036057125055433736,1.9489856331429856
candidate,rc,fs,1.95,-40,-3,5,8add10351ad7d4052b5d3010578230d14e25199c688389bab2607cf63ca8d590,True,2.0,-1,correct,0.6081564081390385,459.2903088460157,True,0.00024407492554361527,1.9499924961690405
control,rc,fs,1.95,-40,3,5,a7d3fb5819aa6f49d6689357d28e8a14a61811a4b618bccd0364269642fed030,True,1.0,1,correct,0.6076710503542084,467.20577623958053,True,1.9489378924750453,0.03866668149188044
control,rc,fs,1.95,-40,3,5,a7d3fb5819aa6f49d6689357d28e8a14a61811a4b618bccd0364269642fed030,True,2.0,1,correct,0.6076710503542084,467.20577623958053,True,1.949991780468501,0.00027152383999040744
candidate,rc,fs,1.95,-40,3,5,4220a7bfc6724d14f9ab1b72833e465efa5a1a8898a4488ff9d6701c75377baf,True,1.0,1,correct,0.5929960647109509,457.9955817319743,True,1.949004183523484,0.035397298752267194
candidate,rc,fs,1.95,-40,3,5,4220a7bfc6724d14f9ab1b72833e465efa5a1a8898a4488ff9d6701c75377baf,True,2.0,1,correct,0.5929960647109509,457.9955817319743,True,1.9499926310999338,0.00023967766953412374
control,rc,fs,1.95,-40,10,5,7cd4b61b7c1d6f57221a7214803b59c72c71cc2df47e2d456075068390447b1b,True,1.0,1,correct,0.5276489125075089,458.290875713992,True,1.9490388207441944,0.034508005018858645
control,rc,fs,1.95,-40,10,5,7cd4b61b7c1d6f57221a7214803b59c72c71cc2df47e2d456075068390447b1b,True,2.0,1,correct,0.5276489125075089,458.290875713992,True,1.9499928681860303,0.0002338305582464373
candidate,rc,fs,1.95,-40,10,5,c94efa17750dd3f7080d02048793541789eeb944e8bd3312b4d02ae26082d723,True,1.0,1,correct,0.5128804407096088,449.3746474580195,True,1.9490938841011947,0.03166170500387021
candidate,rc,fs,1.95,-40,10,5,c94efa17750dd3f7080d02048793541789eeb944e8bd3312b4d02ae26082d723,True,2.0,1,correct,0.5128804407096088,449.3746474580195,True,1.9499935903728478,0.00020697033873802155
control,rc,fs,1.95,27,-10,5,4c9acedc8f6bf32fbf443aba7d9cae553094837d8d3f63a1023afc0378bdbd6f,True,1.0,-1,correct,0.5628615821606212,488.02899482267276,True,0.05010193162962128,1.9489119884349368
control,rc,fs,1.95,27,-10,5,4c9acedc8f6bf32fbf443aba7d9cae553094837d8d3f63a1023afc0378bdbd6f,True,2.0,-1,correct,0.5628615821606212,488.02899482267276,True,0.0010524532647646348,1.9499769238750055
candidate,rc,fs,1.95,27,-10,5,e2bc7aeb718e09cff1f916d349874a8576657e9dd13fef418fa8620efa530e56,True,1.0,-1,correct,0.5480839236869401,478.8201368297306,True,0.046884314687645444,1.9489553500715693
candidate,rc,fs,1.95,27,-10,5,e2bc7aeb718e09cff1f916d349874a8576657e9dd13fef418fa8620efa530e56,True,2.0,-1,correct,0.5480839236869401,478.8201368297306,True,0.0009674392946496775,1.9499786678871232
control,rc,fs,1.95,27,-3,5,4222ec21de3ab4ae5ce4a48c82067069e6a889ee6fabe952d3129fe70fa5a4da,True,1.0,-1,correct,0.6528313706250911,499.27018739015426,True,0.056862733800290687,1.9487322946572252
control,rc,fs,1.95,27,-3,5,4222ec21de3ab4ae5ce4a48c82067069e6a889ee6fabe952d3129fe70fa5a4da,True,2.0,-1,correct,0.6528313706250911,499.27018739015426,True,0.0012001030571400396,1.9499734442883652
candidate,rc,fs,1.95,27,-3,5,ba7e2aa8bc7464e1421788e03ff48fc6d782ad9da7b3ef2c3ddb161f798d158b,True,1.0,-1,correct,0.6330944519808602,489.73455963815593,True,0.05299121061065115,1.9488095349768004
candidate,rc,fs,1.95,27,-3,5,ba7e2aa8bc7464e1421788e03ff48fc6d782ad9da7b3ef2c3ddb161f798d158b,True,2.0,-1,correct,0.6330944519808602,489.73455963815593,True,0.001098490572458213,1.949975529331795
control,rc,fs,1.95,27,3,5,fb0117305b9f9916b9e77650211f464736a5a62e3f4721311d8ec44c9ade91e8,True,1.0,1,correct,0.6378157166210906,497.3618969388175,True,1.9487746425790713,0.055588987941468035
control,rc,fs,1.95,27,3,5,fb0117305b9f9916b9e77650211f464736a5a62e3f4721311d8ec44c9ade91e8,True,2.0,1,correct,0.6378157166210906,497.3618969388175,True,1.949974007884824,0.0011771753554664106
candidate,rc,fs,1.95,27,3,5,6865154ef64ae1a73ac7acafb562d7e15201a25e2a7ce40cd83772db07d8dba3,True,1.0,1,correct,0.618094336465299,487.8737102172121,True,1.948842591917206,0.051852219331990836
candidate,rc,fs,1.95,27,3,5,6865154ef64ae1a73ac7acafb562d7e15201a25e2a7ce40cd83772db07d8dba3,True,2.0,1,correct,0.618094336465299,487.8737102172121,True,1.9499760467656158,0.0010781662698853786
control,rc,fs,1.95,27,10,5,7794eb9363d293d23f1518132c7d4f89fdda61b90b57dae2797c716084c3a5c0,True,1.0,1,correct,0.5578631743338794,487.30234184457885,True,1.948917964210606,0.04975838183245825
control,rc,fs,1.95,27,10,5,7794eb9363d293d23f1518132c7d4f89fdda61b90b57dae2797c716084c3a5c0,True,2.0,1,correct,0.5578631743338794,487.30234184457885,True,1.9499771047429513,0.0010448819657455993
candidate,rc,fs,1.95,27,10,5,216c0871a46a446b3045999ffe0483ae4b7fef5302c439ff553c9aeb966ef1a1,True,1.0,1,correct,0.5430837840659212,478.1149246409798,True,1.9489609331555278,0.04656407671308333
candidate,rc,fs,1.95,27,10,5,216c0871a46a446b3045999ffe0483ae4b7fef5302c439ff553c9aeb966ef1a1,True,2.0,1,correct,0.5430837840659212,478.1149246409798,True,1.9499788439698489,0.0009605611884442487
control,rc,fs,1.95,125,-10,5,d531a02cc631bedc4bebfcd49944f327329c90f10f6c8edc50a38d03ea1f9267,True,1.0,-1,correct,0.6169448722148101,544.7458373594399,True,0.082441494440567,1.9486037771007547
control,rc,fs,1.95,125,-10,5,d531a02cc631bedc4bebfcd49944f327329c90f10f6c8edc50a38d03ea1f9267,True,2.0,-1,correct,0.6169448722148101,544.7458373594399,True,0.00808121601984915,1.949920701502176
candidate,rc,fs,1.95,125,-10,5,eeaf742fb3c6f442bfa9a4911202473cea3b48093dc449dcd2045fb51ce6f4d1,True,1.0,-1,correct,0.602551800055909,535.2143929896448,True,0.07853469147525009,1.9486677888778707
candidate,rc,fs,1.95,125,-10,5,eeaf742fb3c6f442bfa9a4911202473cea3b48093dc449dcd2045fb51ce6f4d1,True,2.0,-1,correct,0.602551800055909,535.2143929896448,True,0.007809771693352125,1.94992529039638
control,rc,fs,1.95,125,-3,5,56815d84b5370a89b70854364b709318dfced73e075b713c0f307ef00c1415f3,True,1.0,-1,correct,0.7124167997519588,560.2197167239627,True,0.09480238154549235,1.9479906186012939
control,rc,fs,1.95,125,-3,5,56815d84b5370a89b70854364b709318dfced73e075b713c0f307ef00c1415f3,True,2.0,-1,correct,0.7124167997519588,560.2197167239627,True,0.008686421770860982,1.9499092643741558
candidate,rc,fs,1.95,125,-3,5,768b4b2d4fc94a3f72699c22b7c717aeccd3d7c257bbda51bb24e2451e9dd98c,True,1.0,-1,correct,0.6927614775364911,550.2533557695482,True,0.0893391851682788,1.948209629352819
candidate,rc,fs,1.95,125,-3,5,768b4b2d4fc94a3f72699c22b7c717aeccd3d7c257bbda51bb24e2451e9dd98c,True,2.0,-1,correct,0.6927614775364911,550.2533557695482,True,0.008359118710331135,1.949914779402727
control,rc,fs,1.95,125,3,5,018c4fe842c42c99dea73b56e1acffda08404efa403a7194e1c508944aa6d7f2,True,1.0,1,correct,0.6924073252868481,557.2665946636764,True,1.9481669799156613,0.09199907664860515
control,rc,fs,1.95,125,3,5,018c4fe842c42c99dea73b56e1acffda08404efa403a7194e1c508944aa6d7f2,True,2.0,1,correct,0.6924073252868481,557.2665946636764,True,1.9499113959599816,0.008581685722807021
candidate,rc,fs,1.95,125,3,5,9d6a311c6f1edfe2424100e95edc742c63b0894508cbc7c346a6a4b532f30924,True,1.0,1,correct,0.6777537348561506,547.3694371329307,True,1.9483399555964003,0.08695094473873113
candidate,rc,fs,1.95,125,3,5,9d6a311c6f1edfe2424100e95edc742c63b0894508cbc7c346a6a4b532f30924,True,2.0,1,correct,0.6777537348561506,547.3694371329307,True,1.949916768084909,0.00826464343413459
control,rc,fs,1.95,125,10,5,7dffd424f6716b0742c277461044437653263d804e473d998b95d0cf47197544,True,1.0,1,correct,0.6122712084994689,543.7702645161529,True,1.9486212746654075,0.08182175157468909
control,rc,fs,1.95,125,10,5,7dffd424f6716b0742c277461044437653263d804e473d998b95d0cf47197544,True,2.0,1,correct,0.6122712084994689,543.7702645161529,True,1.9499213408424123,0.008049336629219453
candidate,rc,fs,1.95,125,10,5,7a3dd9f8be63b95ddd37ceb8aef0c5af990df8737f0287c231af6b2d6a7e9d0b,True,1.0,1,correct,0.5974507869211794,534.2584135496613,True,1.948681814915224,0.0779664943726046
candidate,rc,fs,1.95,125,10,5,7a3dd9f8be63b95ddd37ceb8aef0c5af990df8737f0287c231af6b2d6a7e9d0b,True,2.0,1,correct,0.5974507869211794,534.2584135496613,True,1.9499259201764922,0.007780434181795291
