OpenROAD f552262465b0bfef8f097e258f94bc501d01e19d 
Features included (+) or not (-): +GPU +GUI +Python
This program is licensed under the BSD-3 license. See the LICENSE file for details.
Components of this program may be licensed under more restrictive licenses which must be honored.
[INFO ORD-0030] Using 12 thread(s).
read_liberty /opt/eda/orfs-6101364b/flow/platforms/sky130hd/lib/sky130_fd_sc_hd__tt_025C_1v80.lib
read_db /root/cac_runs/ntt_dp_30ns/results/sky130hd/cac_ntt_dp_30ns/base/5_1_grt.odb
read_sdc /root/cac_runs/ntt_dp_30ns/results/sky130hd/cac_ntt_dp_30ns/base/5_1_grt.sdc
source /opt/eda/orfs-6101364b/flow/platforms/sky130hd/setRC.tcl
detailed_route -output_drc /root/cac_runs/ntt_dp_30ns/reports/sky130hd/cac_ntt_dp_30ns/base/5_route_drc.rpt -output_maze /root/cac_runs/ntt_dp_30ns/results/sky130hd/cac_ntt_dp_30ns/base/maze.log -droute_end_iter 64 -verbose 1 -drc_report_iter_step 5
[INFO DRT-0149] Reading tech and libs.
[WARNING DRT-0349] LEF58_ENCLOSURE with no CUTCLASS is not supported. Skipping for layer mcon
[WARNING DRT-0349] LEF58_ENCLOSURE with no CUTCLASS is not supported. Skipping for layer mcon
[WARNING DRT-0349] LEF58_ENCLOSURE with no CUTCLASS is not supported. Skipping for layer via
[WARNING DRT-0349] LEF58_ENCLOSURE with no CUTCLASS is not supported. Skipping for layer via
[WARNING DRT-0349] LEF58_ENCLOSURE with no CUTCLASS is not supported. Skipping for layer via2
[WARNING DRT-0349] LEF58_ENCLOSURE with no CUTCLASS is not supported. Skipping for layer via2
[WARNING DRT-0349] LEF58_ENCLOSURE with no CUTCLASS is not supported. Skipping for layer via3
[WARNING DRT-0349] LEF58_ENCLOSURE with no CUTCLASS is not supported. Skipping for layer via3
[WARNING DRT-0349] LEF58_ENCLOSURE with no CUTCLASS is not supported. Skipping for layer via4
[WARNING DRT-0349] LEF58_ENCLOSURE with no CUTCLASS is not supported. Skipping for layer via4

Units:                1000
Number of layers:     13
Number of macros:     441
Number of vias:       29
Number of viarulegen: 25

[INFO DRT-0150] Reading design.
[WARNING DRT-0120] Large net net2253 has 101 pins which may impact routing performance. Consider optimization.
[WARNING DRT-0120] Large net net2132 has 110 pins which may impact routing performance. Consider optimization.
[WARNING DRT-0120] Large net net2108 has 117 pins which may impact routing performance. Consider optimization.
[WARNING DRT-0120] Large net net2473 has 113 pins which may impact routing performance. Consider optimization.
[WARNING DRT-0120] Large net net2472 has 125 pins which may impact routing performance. Consider optimization.
[WARNING DRT-0120] Large net net2459 has 113 pins which may impact routing performance. Consider optimization.
[WARNING DRT-0120] Large net net2384 has 128 pins which may impact routing performance. Consider optimization.
[WARNING DRT-0120] Large net net2379 has 107 pins which may impact routing performance. Consider optimization.
[WARNING DRT-0120] Large net net2369 has 106 pins which may impact routing performance. Consider optimization.
[WARNING DRT-0120] Large net net2368 has 121 pins which may impact routing performance. Consider optimization.
[WARNING DRT-0120] Large net net2363 has 125 pins which may impact routing performance. Consider optimization.
[WARNING DRT-0120] Large net net2322 has 116 pins which may impact routing performance. Consider optimization.
[WARNING DRT-0120] Large net net2242 has 120 pins which may impact routing performance. Consider optimization.
[WARNING DRT-0120] Large net net2243 has 110 pins which may impact routing performance. Consider optimization.
[WARNING DRT-0120] Large net net2143 has 104 pins which may impact routing performance. Consider optimization.

Design:                   kyber_ntt_engine
Die area:                 ( 0 0 ) ( 757760 757760 )
Number of track patterns: 12
Number of DEF vias:       0
Number of components:     36888
Number of terminals:      57
Number of snets:          2
Number of nets:           29596

[INFO DRT-0167] List of default vias:
  Layer via
    default via: M1M2_PR
  Layer via2
    default via: M2M3_PR
  Layer via3
    default via: M3M4_PR
  Layer via4
    default via: M4M5_PR
[INFO DRT-0162] Library cell analysis.
[INFO DRT-0163] Instance analysis.
[INFO DRT-0164] Number of unique instances = 247.
[INFO DRT-0168] Init region query.
[INFO DRT-0024]   Complete FR_MASTERSLICE.
[INFO DRT-0024]   Complete Fr_VIA.
[INFO DRT-0024]   Complete li1.
[INFO DRT-0024]   Complete mcon.
[INFO DRT-0024]   Complete met1.
[INFO DRT-0024]   Complete via.
[INFO DRT-0024]   Complete met2.
[INFO DRT-0024]   Complete via2.
[INFO DRT-0024]   Complete met3.
[INFO DRT-0024]   Complete via3.
[INFO DRT-0024]   Complete met4.
[INFO DRT-0024]   Complete via4.
[INFO DRT-0024]   Complete met5.
[INFO DRT-0033] FR_MASTERSLICE shape region query size = 0.
[INFO DRT-0033] FR_VIA shape region query size = 0.
[INFO DRT-0033] li1 shape region query size = 830054.
[INFO DRT-0033] mcon shape region query size = 489734.
[INFO DRT-0033] met1 shape region query size = 140419.
[INFO DRT-0033] via shape region query size = 38225.
[INFO DRT-0033] met2 shape region query size = 22935.
[INFO DRT-0033] via2 shape region query size = 30580.
[INFO DRT-0033] met3 shape region query size = 22990.
[INFO DRT-0033] via3 shape region query size = 30580.
[INFO DRT-0033] met4 shape region query size = 9213.
[INFO DRT-0033] via4 shape region query size = 1513.
[INFO DRT-0033] met5 shape region query size = 1623.
[INFO DRT-0165] Start pin access.
[INFO DRT-0076]   Complete 1000 pins.
[INFO DRT-0078]   Complete 1998 pins.
[INFO DRT-0079]   Complete 100 unique inst patterns.
[INFO DRT-0079]   Complete 200 unique inst patterns.
[INFO DRT-0081]   Complete 247 unique inst patterns.
[INFO DRT-0082]   Complete 10000 groups.
[INFO DRT-0084]   Complete 18469 groups.
#scanned instances     = 36888
#unique  instances     = 247
#stdCellGenAp          = 8645
#stdCellValidPlanarAp  = 115
#stdCellValidViaAp     = 5889
#stdCellPinNoAp        = 6
#stdCellPinCnt         = 107906
#instTermValidViaApCnt = 0
#macroGenAp            = 0
#macroValidPlanarAp    = 0
#macroValidViaAp       = 0
#macroNoAp             = 0
[INFO DRT-0166] Complete pin access.
[INFO DRT-0267] cpu time = 00:16:45, elapsed time = 00:02:09, memory = 521.52 (MB), peak = 536.67 (MB)
[INFO DRT-0156] guideIn read 100000 guides.
[INFO DRT-0156] guideIn read 200000 guides.

[INFO DRT-0157] Number of guides:     257768

[INFO DRT-0169] Post process guides.
[INFO DRT-0176] GCELLGRID X 0 DO 109 STEP 6900 ;
[INFO DRT-0177] GCELLGRID Y 0 DO 109 STEP 6900 ;
[INFO DRT-0026]   Complete 100000 origin guides.
[INFO DRT-0026]   Complete 200000 origin guides.
[INFO DRT-0028]   Complete FR_MASTERSLICE.
[INFO DRT-0028]   Complete Fr_VIA.
[INFO DRT-0028]   Complete li1.
[INFO DRT-0028]   Complete mcon.
[INFO DRT-0028]   Complete met1.
[INFO DRT-0028]   Complete via.
[INFO DRT-0028]   Complete met2.
[INFO DRT-0028]   Complete via2.
[INFO DRT-0028]   Complete met3.
[INFO DRT-0028]   Complete via3.
[INFO DRT-0028]   Complete met4.
[INFO DRT-0028]   Complete via4.
[INFO DRT-0028]   Complete met5.
[INFO DRT-0178] Init guide query.
[INFO DRT-0035]   Complete FR_MASTERSLICE (guide).
[INFO DRT-0035]   Complete Fr_VIA (guide).
[INFO DRT-0035]   Complete li1 (guide).
[INFO DRT-0035]   Complete mcon (guide).
[INFO DRT-0035]   Complete met1 (guide).
[INFO DRT-0035]   Complete via (guide).
[INFO DRT-0035]   Complete met2 (guide).
[INFO DRT-0035]   Complete via2 (guide).
[INFO DRT-0035]   Complete met3 (guide).
[INFO DRT-0035]   Complete via3 (guide).
[INFO DRT-0035]   Complete met4 (guide).
[INFO DRT-0035]   Complete via4 (guide).
[INFO DRT-0035]   Complete met5 (guide).
[INFO DRT-0036] FR_MASTERSLICE guide region query size = 0.
[INFO DRT-0036] FR_VIA guide region query size = 0.
[INFO DRT-0036] li1 guide region query size = 86279.
[INFO DRT-0036] mcon guide region query size = 0.
[INFO DRT-0036] met1 guide region query size = 74239.
[INFO DRT-0036] via guide region query size = 0.
[INFO DRT-0036] met2 guide region query size = 40074.
[INFO DRT-0036] via2 guide region query size = 0.
[INFO DRT-0036] met3 guide region query size = 4681.
[INFO DRT-0036] via3 guide region query size = 0.
[INFO DRT-0036] met4 guide region query size = 2377.
[INFO DRT-0036] via4 guide region query size = 0.
[INFO DRT-0036] met5 guide region query size = 138.
[INFO DRT-0179] Init gr pin query.
[INFO DRT-0267] cpu time = 00:00:02, elapsed time = 00:00:01, memory = 610.65 (MB), peak = 609.38 (MB)
[INFO DRT-0245] skipped writing guide updates to database.
[INFO DRT-0181] Start track assignment.
[INFO DRT-0184] Done with 128730 vertical wires in 3 frboxes and 79058 horizontal wires in 3 frboxes.
[INFO DRT-0186] Done with 18938 vertical wires in 3 frboxes and 32913 horizontal wires in 3 frboxes.
[INFO DRT-0182] Complete track assignment.
[INFO DRT-0267] cpu time = 00:00:26, elapsed time = 00:00:16, memory = 1278.07 (MB), peak = 1276.76 (MB)
[INFO DRT-0187] Start routing data preparation.
[INFO DRT-0267] cpu time = 00:00:00, elapsed time = 00:00:00, memory = 1278.07 (MB), peak = 1276.76 (MB)
[INFO DRT-0194] Start detail routing.
[INFO DRT-0195] Start 0th optimization iteration.
    Completing 10% with 0 violations.
    elapsed time = 00:01:16, memory = 1915.62 (MB).
    Completing 20% with 0 violations.
    elapsed time = 00:01:56, memory = 2290.13 (MB).
    Completing 30% with 12116 violations.
    elapsed time = 00:02:29, memory = 2481.38 (MB).
    Completing 40% with 12116 violations.
    elapsed time = 00:03:26, memory = 2410.09 (MB).
    Completing 50% with 12116 violations.
    elapsed time = 00:04:02, memory = 2169.57 (MB).
    Completing 60% with 23933 violations.
    elapsed time = 00:05:27, memory = 2555.34 (MB).
    Completing 70% with 23933 violations.
    elapsed time = 00:06:19, memory = 2602.81 (MB).
    Completing 80% with 36165 violations.
    elapsed time = 00:07:43, memory = 2778.34 (MB).
    Completing 90% with 36165 violations.
    elapsed time = 00:09:06, memory = 2771.91 (MB).
    Completing 100% with 47728 violations.
    elapsed time = 00:10:25, memory = 2356.20 (MB).
[INFO DRT-0199]   Number of violations = 51340.
Viol/Layer         li1   mcon   met1    via   met2   met3   via3   met4   met5
Cut Spacing          0     83      0      2      0      0      0      0      0
Metal Spacing        0      0   9462      0   1671    159      0     41     15
Min Hole             0      0     12      0      1      0      0      0      0
NS Metal             0      0      4      0      0      0      0      0      0
Recheck             18      0   2423      0   1005     94      0     64      8
Short                0      7  31833     28   4138    208      1     48     15
[INFO DRT-0267] cpu time = 01:12:06, elapsed time = 00:10:28, memory = 2537.84 (MB), peak = 2872.07 (MB)
Total wire length = 1280557 um.
Total wire length on LAYER li1 = 0 um.
Total wire length on LAYER met1 = 525041 um.
Total wire length on LAYER met2 = 506460 um.
Total wire length on LAYER met3 = 139022 um.
Total wire length on LAYER met4 = 107833 um.
Total wire length on LAYER met5 = 2199 um.
Total number of vias = 251203.
Up-via summary (total 251203):

-------------------------
 FR_MASTERSLICE         0
            li1    108000
           met1    127252
           met2     11597
           met3      4166
           met4       188
-------------------------
               251203


[INFO DRT-0195] Start 1st optimization iteration.
    Completing 10% with 51340 violations.
    elapsed time = 00:00:44, memory = 2947.28 (MB).
    Completing 20% with 51340 violations.
    elapsed time = 00:02:15, memory = 2974.61 (MB).
    Completing 30% with 48172 violations.
    elapsed time = 00:03:14, memory = 2927.16 (MB).
    Completing 40% with 48172 violations.
    elapsed time = 00:04:55, memory = 2929.23 (MB).
    Completing 50% with 48172 violations.
    elapsed time = 00:06:07, memory = 2570.25 (MB).
    Completing 60% with 45107 violations.
    elapsed time = 00:07:29, memory = 2981.09 (MB).
    Completing 70% with 45107 violations.
    elapsed time = 00:08:44, memory = 2948.58 (MB).
    Completing 80% with 41478 violations.
    elapsed time = 00:09:52, memory = 2995.88 (MB).
    Completing 90% with 41478 violations.
    elapsed time = 00:11:15, memory = 2978.95 (MB).
    Completing 100% with 37582 violations.
    elapsed time = 00:12:27, memory = 2583.32 (MB).
[INFO DRT-0199]   Number of violations = 37589.
Viol/Layer        mcon   met1    via   met2   met3   met4   met5
Cut Spacing        120      0      0      0      0      0      0
Metal Spacing        0   8565      0   1039    106      4      5
Min Hole             0      5      0      0      0      0      0
NS Metal             0      3      0      0      0      0      0
Recheck              0      7      0      0      0      0      0
Short                0  25530      7   2099     84     12      3
[INFO DRT-0267] cpu time = 01:15:39, elapsed time = 00:12:29, memory = 2558.71 (MB), peak = 3061.43 (MB)
Total wire length = 1268508 um.
Total wire length on LAYER li1 = 0 um.
Total wire length on LAYER met1 = 513117 um.
Total wire length on LAYER met2 = 502952 um.
Total wire length on LAYER met3 = 143586 um.
Total wire length on LAYER met4 = 106893 um.
Total wire length on LAYER met5 = 1959 um.
Total number of vias = 247305.
Up-via summary (total 247305):

-------------------------
 FR_MASTERSLICE         0
            li1    107971
           met1    123693
           met2     11496
           met3      3993
           met4       152
-------------------------
               247305


[INFO DRT-0195] Start 2nd optimization iteration.
    Completing 10% with 37589 violations.
    elapsed time = 00:01:19, memory = 3035.58 (MB).
    Completing 20% with 37589 violations.
    elapsed time = 00:02:23, memory = 2969.50 (MB).
    Completing 30% with 37409 violations.
    elapsed time = 00:03:38, memory = 2967.06 (MB).
    Completing 40% with 37409 violations.
    elapsed time = 00:04:56, memory = 2929.29 (MB).
    Completing 50% with 37409 violations.
    elapsed time = 00:05:31, memory = 2565.48 (MB).
    Completing 60% with 37228 violations.
    elapsed time = 00:07:14, memory = 3026.14 (MB).
    Completing 70% with 37228 violations.
    elapsed time = 00:08:20, memory = 2952.64 (MB).
    Completing 80% with 37043 violations.
    elapsed time = 00:09:24, memory = 3005.46 (MB).
    Completing 90% with 37043 violations.
    elapsed time = 00:10:47, memory = 2998.12 (MB).
    Completing 100% with 36661 violations.
    elapsed time = 00:11:41, memory = 2613.33 (MB).
[INFO DRT-0199]   Number of violations = 36670.
Viol/Layer        mcon   met1    via   met2   met3   met4
Cut Spacing        117      0      0      0      0      0
Metal Spacing        0   8486      0    939    101      5
Min Hole             0      2      0      0      0      0
Recheck              0      4      0      5      0      0
Short                0  25027      2   1917     50     15
[INFO DRT-0267] cpu time = 01:12:11, elapsed time = 00:11:44, memory = 2583.84 (MB), peak = 3126.45 (MB)
Total wire length = 1267457 um.
Total wire length on LAYER li1 = 0 um.
Total wire length on LAYER met1 = 512731 um.
Total wire length on LAYER met2 = 502316 um.
Total wire length on LAYER met3 = 143871 um.
Total wire length on LAYER met4 = 106673 um.
Total wire length on LAYER met5 = 1864 um.
Total number of vias = 246791.
Up-via summary (total 246791):

-------------------------
 FR_MASTERSLICE         0
            li1    107980
           met1    123339
           met2     11348
           met3      3976
           met4       148
-------------------------
               246791


[INFO DRT-0195] Start 3rd optimization iteration.
    Completing 10% with 36670 violations.
    elapsed time = 00:01:46, memory = 3156.16 (MB).
    Completing 20% with 36670 violations.
    elapsed time = 00:03:42, memory = 3123.56 (MB).
    Completing 30% with 29703 violations.
    elapsed time = 00:05:06, memory = 3047.45 (MB).
    Completing 40% with 29703 violations.
    elapsed time = 00:07:12, memory = 3066.28 (MB).
    Completing 50% with 29703 violations.
    elapsed time = 00:09:00, memory = 2680.25 (MB).
    Completing 60% with 23162 violations.
    elapsed time = 00:10:59, memory = 3120.66 (MB).
    Completing 70% with 23162 violations.
    elapsed time = 00:12:20, memory = 3201.73 (MB).
    Completing 80% with 16575 violations.
    elapsed time = 00:14:04, memory = 3308.80 (MB).
    Completing 90% with 16575 violations.
    elapsed time = 00:16:08, memory = 3160.42 (MB).
    Completing 100% with 10355 violations.
    elapsed time = 00:17:12, memory = 2753.75 (MB).
[INFO DRT-0199]   Number of violations = 10358.
Viol/Layer        mcon   met1    via   met2   met3   met4
Cut Spacing         31      0      2      0      0      0
Metal Spacing        0   3771      0    539     25      2
Min Hole             0      2      0      0      0      0
NS Metal             0      2      0      0      0      0
Recheck              0      3      0      0      0      0
Short                0   5512      2    431     36      0
[INFO DRT-0267] cpu time = 01:39:56, elapsed time = 00:17:13, memory = 2720.65 (MB), peak = 3347.26 (MB)
Total wire length = 1265054 um.
Total wire length on LAYER li1 = 0 um.
Total wire length on LAYER met1 = 443147 um.
Total wire length on LAYER met2 = 497341 um.
Total wire length on LAYER met3 = 210233 um.
Total wire length on LAYER met4 = 112516 um.
Total wire length on LAYER met5 = 1814 um.
Total number of vias = 256423.
Up-via summary (total 256423):

-------------------------
 FR_MASTERSLICE         0
            li1    107917
           met1    122971
           met2     20807
           met3      4600
           met4       128
-------------------------
               256423


[INFO DRT-0195] Start 4th optimization iteration.
    Completing 10% with 10358 violations.
    elapsed time = 00:00:18, memory = 3176.02 (MB).
    Completing 20% with 10358 violations.
    elapsed time = 00:00:55, memory = 3154.56 (MB).
    Completing 30% with 8535 violations.
    elapsed time = 00:01:36, memory = 3047.07 (MB).
    Completing 40% with 8535 violations.
    elapsed time = 00:02:36, memory = 3139.14 (MB).
    Completing 50% with 8535 violations.
    elapsed time = 00:03:09, memory = 2735.43 (MB).
    Completing 60% with 6902 violations.
    elapsed time = 00:03:56, memory = 3113.38 (MB).
    Completing 70% with 6902 violations.
    elapsed time = 00:04:22, memory = 3030.84 (MB).
    Completing 80% with 4774 violations.
    elapsed time = 00:05:06, memory = 3150.09 (MB).
    Completing 90% with 4774 violations.
    elapsed time = 00:05:48, memory = 3135.10 (MB).
    Completing 100% with 2713 violations.
    elapsed time = 00:06:54, memory = 2849.34 (MB).
[INFO DRT-0199]   Number of violations = 2713.
Viol/Layer        mcon   met1    via   met2   met3   met4
Cut Spacing         10      0      1      0      0      0
Metal Spacing        0   1176      0    105     15      2
Min Hole             0      2      0      0      0      0
NS Metal             0      1      0      0      0      0
Short                0   1336      0     65      0      0
[INFO DRT-0267] cpu time = 00:38:33, elapsed time = 00:06:56, memory = 2802.03 (MB), peak = 3347.26 (MB)
Total wire length = 1265334 um.
Total wire length on LAYER li1 = 0 um.
Total wire length on LAYER met1 = 436072 um.
Total wire length on LAYER met2 = 496385 um.
Total wire length on LAYER met3 = 216995 um.
Total wire length on LAYER met4 = 114067 um.
Total wire length on LAYER met5 = 1814 um.
Total number of vias = 257001.
Up-via summary (total 257001):

-------------------------
 FR_MASTERSLICE         0
            li1    107924
           met1    122662
           met2     21555
           met3      4732
           met4       128
-------------------------
               257001


[INFO DRT-0195] Start 5th optimization iteration.
    Completing 10% with 2713 violations.
    elapsed time = 00:00:17, memory = 3235.21 (MB).
    Completing 20% with 2713 violations.
    elapsed time = 00:00:47, memory = 3262.33 (MB).
    Completing 30% with 2277 violations.
    elapsed time = 00:01:11, memory = 2802.03 (MB).
    Completing 40% with 2277 violations.
    elapsed time = 00:01:31, memory = 3098.40 (MB).
    Completing 50% with 2277 violations.
    elapsed time = 00:01:43, memory = 2755.74 (MB).
    Completing 60% with 1943 violations.
    elapsed time = 00:01:57, memory = 3117.12 (MB).
    Completing 70% with 1943 violations.
    elapsed time = 00:02:14, memory = 3111.21 (MB).
    Completing 80% with 1539 violations.
    elapsed time = 00:02:36, memory = 3120.80 (MB).
    Completing 90% with 1539 violations.
    elapsed time = 00:03:07, memory = 3206.69 (MB).
    Completing 100% with 1107 violations.
    elapsed time = 00:04:03, memory = 2812.06 (MB).
[INFO DRT-0199]   Number of violations = 1107.
Viol/Layer        mcon   met1   met2   met3
Cut Spacing          7      0      0      0
Metal Spacing        0    534     47      5
Short                0    500     14      0
[INFO DRT-0267] cpu time = 00:22:14, elapsed time = 00:04:04, memory = 2812.18 (MB), peak = 3347.26 (MB)
Total wire length = 1265349 um.
Total wire length on LAYER li1 = 0 um.
Total wire length on LAYER met1 = 434229 um.
Total wire length on LAYER met2 = 495884 um.
Total wire length on LAYER met3 = 218804 um.
Total wire length on LAYER met4 = 114616 um.
Total wire length on LAYER met5 = 1814 um.
Total number of vias = 257121.
Up-via summary (total 257121):

-------------------------
 FR_MASTERSLICE         0
            li1    107928
           met1    122607
           met2     21712
           met3      4746
           met4       128
-------------------------
               257121


[INFO DRT-0195] Start 6th optimization iteration.
    Completing 10% with 1107 violations.
    elapsed time = 00:00:02, memory = 3099.28 (MB).
    Completing 20% with 1107 violations.
    elapsed time = 00:00:17, memory = 3178.77 (MB).
    Completing 30% with 962 violations.
    elapsed time = 00:01:05, memory = 2812.19 (MB).
    Completing 40% with 962 violations.
    elapsed time = 00:01:15, memory = 3150.89 (MB).
    Completing 50% with 962 violations.
    elapsed time = 00:01:30, memory = 2812.20 (MB).
    Completing 60% with 835 violations.
    elapsed time = 00:01:39, memory = 3200.64 (MB).
    Completing 70% with 835 violations.
    elapsed time = 00:01:43, memory = 3153.59 (MB).
    Completing 80% with 670 violations.
    elapsed time = 00:02:06, memory = 2812.20 (MB).
    Completing 90% with 670 violations.
    elapsed time = 00:02:25, memory = 3188.24 (MB).
    Completing 100% with 416 violations.
    elapsed time = 00:03:03, memory = 2814.71 (MB).
[INFO DRT-0199]   Number of violations = 416.
Viol/Layer        mcon   met1   met2
Cut Spacing          1      0      0
Metal Spacing        0    250     16
Min Hole             0      1      0
NS Metal             0      1      0
Short                0    145      2
[INFO DRT-0267] cpu time = 00:13:05, elapsed time = 00:03:03, memory = 2763.09 (MB), peak = 3347.26 (MB)
Total wire length = 1265267 um.
Total wire length on LAYER li1 = 0 um.
Total wire length on LAYER met1 = 433570 um.
Total wire length on LAYER met2 = 495564 um.
Total wire length on LAYER met3 = 219414 um.
Total wire length on LAYER met4 = 114904 um.
Total wire length on LAYER met5 = 1814 um.
Total number of vias = 257153.
Up-via summary (total 257153):

-------------------------
 FR_MASTERSLICE         0
            li1    107926
           met1    122568
           met2     21744
           met3      4787
           met4       128
-------------------------
               257153


[INFO DRT-0195] Start 7th optimization iteration.
    Completing 10% with 416 violations.
    elapsed time = 00:00:00, memory = 2763.09 (MB).
    Completing 20% with 416 violations.
    elapsed time = 00:00:03, memory = 3107.73 (MB).
    Completing 30% with 349 violations.
    elapsed time = 00:00:31, memory = 2763.09 (MB).
    Completing 40% with 349 violations.
    elapsed time = 00:00:34, memory = 3094.51 (MB).
    Completing 50% with 349 violations.
    elapsed time = 00:00:44, memory = 2969.15 (MB).
    Completing 60% with 290 violations.
    elapsed time = 00:01:14, memory = 3049.32 (MB).
    Completing 70% with 290 violations.
    elapsed time = 00:01:16, memory = 3103.23 (MB).
    Completing 80% with 243 violations.
    elapsed time = 00:01:41, memory = 2763.21 (MB).
    Completing 90% with 243 violations.
    elapsed time = 00:01:53, memory = 3176.13 (MB).
    Completing 100% with 200 violations.
    elapsed time = 00:02:14, memory = 2763.21 (MB).
[INFO DRT-0199]   Number of violations = 200.
Viol/Layer        mcon   met1   met2
Cut Spacing          1      0      0
Metal Spacing        0    131     11
Short                0     53      4
[INFO DRT-0267] cpu time = 00:09:48, elapsed time = 00:02:14, memory = 2763.21 (MB), peak = 3347.26 (MB)
Total wire length = 1265282 um.
Total wire length on LAYER li1 = 0 um.
Total wire length on LAYER met1 = 433274 um.
Total wire length on LAYER met2 = 495654 um.
Total wire length on LAYER met3 = 219589 um.
Total wire length on LAYER met4 = 114949 um.
Total wire length on LAYER met5 = 1814 um.
Total number of vias = 257179.
Up-via summary (total 257179):

-------------------------
 FR_MASTERSLICE         0
            li1    107926
           met1    122560
           met2     21774
           met3      4791
           met4       128
-------------------------
               257179


[INFO DRT-0195] Start 8th optimization iteration.
    Completing 10% with 200 violations.
    elapsed time = 00:00:00, memory = 2763.21 (MB).
    Completing 20% with 200 violations.
    elapsed time = 00:00:00, memory = 2763.21 (MB).
    Completing 30% with 193 violations.
    elapsed time = 00:00:21, memory = 2763.21 (MB).
    Completing 40% with 193 violations.
    elapsed time = 00:00:21, memory = 2763.21 (MB).
    Completing 50% with 193 violations.
    elapsed time = 00:00:21, memory = 2763.21 (MB).
    Completing 60% with 186 violations.
    elapsed time = 00:00:44, memory = 2763.21 (MB).
    Completing 70% with 186 violations.
    elapsed time = 00:00:44, memory = 2763.21 (MB).
    Completing 80% with 171 violations.
    elapsed time = 00:01:33, memory = 2763.21 (MB).
    Completing 90% with 171 violations.
    elapsed time = 00:01:33, memory = 2763.21 (MB).
    Completing 100% with 140 violations.
    elapsed time = 00:02:45, memory = 2763.21 (MB).
[INFO DRT-0199]   Number of violations = 140.
Viol/Layer        met1   met2
Metal Spacing       91      9
Short               39      1
[INFO DRT-0267] cpu time = 00:09:22, elapsed time = 00:02:45, memory = 2763.21 (MB), peak = 3691.60 (MB)
Total wire length = 1265243 um.
Total wire length on LAYER li1 = 0 um.
Total wire length on LAYER met1 = 433176 um.
Total wire length on LAYER met2 = 495680 um.
Total wire length on LAYER met3 = 219656 um.
Total wire length on LAYER met4 = 114915 um.
Total wire length on LAYER met5 = 1814 um.
Total number of vias = 257166.
Up-via summary (total 257166):

-------------------------
 FR_MASTERSLICE         0
            li1    107926
           met1    122558
           met2     21764
           met3      4790
           met4       128
-------------------------
               257166


[INFO DRT-0195] Start 9th optimization iteration.
    Completing 10% with 140 violations.
    elapsed time = 00:00:00, memory = 2763.21 (MB).
    Completing 20% with 140 violations.
    elapsed time = 00:00:00, memory = 2763.21 (MB).
    Completing 30% with 132 violations.
    elapsed time = 00:00:47, memory = 2763.21 (MB).
    Completing 40% with 132 violations.
    elapsed time = 00:00:47, memory = 2763.21 (MB).
    Completing 50% with 132 violations.
    elapsed time = 00:00:56, memory = 3515.00 (MB).
    Completing 60% with 127 violations.
    elapsed time = 00:02:11, memory = 2763.21 (MB).
    Completing 70% with 127 violations.
    elapsed time = 00:02:11, memory = 2763.21 (MB).
    Completing 80% with 113 violations.
    elapsed time = 00:04:30, memory = 2763.21 (MB).
    Completing 90% with 113 violations.
    elapsed time = 00:04:30, memory = 2763.21 (MB).
    Completing 100% with 102 violations.
    elapsed time = 00:05:55, memory = 2763.21 (MB).
[INFO DRT-0199]   Number of violations = 102.
Viol/Layer        met1   met2
Metal Spacing       72      4
Short               25      1
[INFO DRT-0267] cpu time = 00:15:27, elapsed time = 00:05:55, memory = 2763.21 (MB), peak = 4327.41 (MB)
Total wire length = 1265291 um.
Total wire length on LAYER li1 = 0 um.
Total wire length on LAYER met1 = 433115 um.
Total wire length on LAYER met2 = 495648 um.
Total wire length on LAYER met3 = 219805 um.
Total wire length on LAYER met4 = 114907 um.
Total wire length on LAYER met5 = 1814 um.
Total number of vias = 257139.
Up-via summary (total 257139):

-------------------------
 FR_MASTERSLICE         0
            li1    107929
           met1    122537
           met2     21756
           met3      4789
           met4       128
-------------------------
               257139


[INFO DRT-0195] Start 10th optimization iteration.
    Completing 10% with 102 violations.
    elapsed time = 00:00:00, memory = 2763.21 (MB).
    Completing 20% with 102 violations.
    elapsed time = 00:00:04, memory = 3483.38 (MB).
    Completing 30% with 77 violations.
    elapsed time = 00:00:22, memory = 2763.21 (MB).
    Completing 40% with 77 violations.
    elapsed time = 00:00:22, memory = 2763.21 (MB).
    Completing 50% with 77 violations.
    elapsed time = 00:00:49, memory = 2763.21 (MB).
    Completing 60% with 73 violations.
    elapsed time = 00:00:50, memory = 2763.21 (MB).
    Completing 70% with 73 violations.
    elapsed time = 00:00:56, memory = 3527.77 (MB).
    Completing 80% with 58 violations.
    elapsed time = 00:01:32, memory = 2763.21 (MB).
    Completing 90% with 58 violations.
    elapsed time = 00:01:32, memory = 2763.21 (MB).
    Completing 100% with 39 violations.
    elapsed time = 00:02:12, memory = 2763.21 (MB).
[INFO DRT-0199]   Number of violations = 39.
Viol/Layer        met1   met2
Metal Spacing       30      1
Short                8      0
[INFO DRT-0267] cpu time = 00:06:27, elapsed time = 00:02:12, memory = 2763.21 (MB), peak = 4327.41 (MB)
Total wire length = 1265305 um.
Total wire length on LAYER li1 = 0 um.
Total wire length on LAYER met1 = 433067 um.
Total wire length on LAYER met2 = 495623 um.
Total wire length on LAYER met3 = 219779 um.
Total wire length on LAYER met4 = 115021 um.
Total wire length on LAYER met5 = 1814 um.
Total number of vias = 257166.
Up-via summary (total 257166):

-------------------------
 FR_MASTERSLICE         0
            li1    107929
           met1    122547
           met2     21760
           met3      4802
           met4       128
-------------------------
               257166


[INFO DRT-0195] Start 11th guides tiles iteration.
    Completing 10% with 39 violations.
    elapsed time = 00:00:00, memory = 2763.21 (MB).
    Completing 20% with 39 violations.
    elapsed time = 00:00:00, memory = 2763.21 (MB).
    Completing 30% with 39 violations.
    elapsed time = 00:00:00, memory = 2763.21 (MB).
    Completing 40% with 39 violations.
    elapsed time = 00:00:00, memory = 2763.21 (MB).
    Completing 50% with 39 violations.
    elapsed time = 00:00:00, memory = 2763.21 (MB).
    Completing 60% with 13 violations.
    elapsed time = 00:00:06, memory = 2763.21 (MB).
    Completing 70% with 13 violations.
    elapsed time = 00:00:06, memory = 2763.21 (MB).
    Completing 80% with 13 violations.
    elapsed time = 00:00:06, memory = 2763.21 (MB).
    Completing 90% with 13 violations.
    elapsed time = 00:00:07, memory = 2763.21 (MB).
    Completing 100% with 8 violations.
    elapsed time = 00:00:09, memory = 2763.21 (MB).
[INFO DRT-0199]   Number of violations = 8.
Viol/Layer        met1
Metal Spacing        8
[INFO DRT-0267] cpu time = 00:00:15, elapsed time = 00:00:09, memory = 2763.23 (MB), peak = 4327.41 (MB)
Total wire length = 1265332 um.
Total wire length on LAYER li1 = 0 um.
Total wire length on LAYER met1 = 433062 um.
Total wire length on LAYER met2 = 495651 um.
Total wire length on LAYER met3 = 219802 um.
Total wire length on LAYER met4 = 115001 um.
Total wire length on LAYER met5 = 1814 um.
Total number of vias = 257184.
Up-via summary (total 257184):

-------------------------
 FR_MASTERSLICE         0
            li1    107929
           met1    122558
           met2     21769
           met3      4800
           met4       128
-------------------------
               257184


[INFO DRT-0195] Start 12th guides tiles iteration.
    Completing 10% with 8 violations.
    elapsed time = 00:00:00, memory = 2763.23 (MB).
    Completing 20% with 8 violations.
    elapsed time = 00:00:00, memory = 2763.23 (MB).
    Completing 40% with 8 violations.
    elapsed time = 00:00:00, memory = 2763.23 (MB).
    Completing 50% with 8 violations.
    elapsed time = 00:00:00, memory = 2763.23 (MB).
    Completing 70% with 6 violations.
    elapsed time = 00:00:00, memory = 2763.23 (MB).
    Completing 80% with 6 violations.
    elapsed time = 00:00:01, memory = 2763.23 (MB).
    Completing 100% with 6 violations.
    elapsed time = 00:00:01, memory = 2763.23 (MB).
[INFO DRT-0199]   Number of violations = 6.
Viol/Layer        met1
Metal Spacing        6
[INFO DRT-0267] cpu time = 00:00:03, elapsed time = 00:00:01, memory = 2763.23 (MB), peak = 4327.41 (MB)
Total wire length = 1265333 um.
Total wire length on LAYER li1 = 0 um.
Total wire length on LAYER met1 = 433055 um.
Total wire length on LAYER met2 = 495652 um.
Total wire length on LAYER met3 = 219809 um.
Total wire length on LAYER met4 = 115001 um.
Total wire length on LAYER met5 = 1814 um.
Total number of vias = 257188.
Up-via summary (total 257188):

-------------------------
 FR_MASTERSLICE         0
            li1    107929
           met1    122560
           met2     21771
           met3      4800
           met4       128
-------------------------
               257188


[INFO DRT-0195] Start 13th guides tiles iteration.
    Completing 20% with 6 violations.
    elapsed time = 00:00:00, memory = 2763.23 (MB).
    Completing 50% with 6 violations.
    elapsed time = 00:00:00, memory = 2763.23 (MB).
    Completing 70% with 6 violations.
    elapsed time = 00:00:01, memory = 2763.23 (MB).
    Completing 100% with 6 violations.
    elapsed time = 00:00:01, memory = 2763.23 (MB).
[INFO DRT-0199]   Number of violations = 6.
Viol/Layer        met1
Metal Spacing        6
[INFO DRT-0267] cpu time = 00:00:02, elapsed time = 00:00:01, memory = 2763.23 (MB), peak = 4327.41 (MB)
Total wire length = 1265333 um.
Total wire length on LAYER li1 = 0 um.
Total wire length on LAYER met1 = 433055 um.
Total wire length on LAYER met2 = 495652 um.
Total wire length on LAYER met3 = 219809 um.
Total wire length on LAYER met4 = 115001 um.
Total wire length on LAYER met5 = 1814 um.
Total number of vias = 257188.
Up-via summary (total 257188):

-------------------------
 FR_MASTERSLICE         0
            li1    107929
           met1    122560
           met2     21771
           met3      4800
           met4       128
-------------------------
               257188


[INFO DRT-0195] Start 14th stubborn tiles iteration.
    Completing 10% with 6 violations.
    elapsed time = 00:00:11, memory = 3161.81 (MB).
    Completing 20% with 6 violations.
    elapsed time = 00:00:24, memory = 3258.39 (MB).
    Completing 30% with 6 violations.
    elapsed time = 00:00:36, memory = 3281.77 (MB).
    Completing 40% with 6 violations.
    elapsed time = 00:00:56, memory = 3288.75 (MB).
    Completing 50% with 6 violations.
    elapsed time = 00:01:08, memory = 3459.55 (MB).
    Completing 60% with 6 violations.
    elapsed time = 00:01:13, memory = 3518.77 (MB).
    Completing 70% with 6 violations.
    elapsed time = 00:01:16, memory = 3636.46 (MB).
    Completing 80% with 6 violations.
    elapsed time = 00:01:18, memory = 3658.68 (MB).
    Completing 90% with 6 violations.
    elapsed time = 00:01:20, memory = 3709.50 (MB).
    Completing 100% with 0 violations.
    elapsed time = 00:01:43, memory = 3263.66 (MB).
[INFO DRT-0199]   Number of violations = 0.
[INFO DRT-0267] cpu time = 00:12:50, elapsed time = 00:01:44, memory = 3263.66 (MB), peak = 4327.41 (MB)
Total wire length = 1265345 um.
Total wire length on LAYER li1 = 0 um.
Total wire length on LAYER met1 = 433041 um.
Total wire length on LAYER met2 = 495652 um.
Total wire length on LAYER met3 = 219819 um.
Total wire length on LAYER met4 = 115016 um.
Total wire length on LAYER met5 = 1814 um.
Total number of vias = 257199.
Up-via summary (total 257199):

-------------------------
 FR_MASTERSLICE         0
            li1    107929
           met1    122563
           met2     21775
           met3      4804
           met4       128
-------------------------
               257199


[INFO DRT-0198] Complete detail routing.
Total wire length = 1265345 um.
Total wire length on LAYER li1 = 0 um.
Total wire length on LAYER met1 = 433041 um.
Total wire length on LAYER met2 = 495652 um.
Total wire length on LAYER met3 = 219819 um.
Total wire length on LAYER met4 = 115016 um.
Total wire length on LAYER met5 = 1814 um.
Total number of vias = 257199.
Up-via summary (total 257199):

-------------------------
 FR_MASTERSLICE         0
            li1    107929
           met1    122563
           met2     21775
           met3      4804
           met4       128
-------------------------
               257199


[INFO DRT-0267] cpu time = 07:28:04, elapsed time = 01:21:06, memory = 3263.66 (MB), peak = 4327.41 (MB)

[INFO DRT-0180] Post processing.
[INFO DRT-0501] Runtime: 4856.00s
Took 5016 seconds: detailed_route -output_drc /root/cac_runs/ntt_dp_30ns/reports/sky130hd/cac_ntt_dp_30ns/base/5_route_drc.rpt -output_maze /root/cac_runs/ntt_dp_30ns/results/sky130hd/cac_ntt_dp_30ns/base/maze.log -droute_end_iter 64 -verbose 1 -drc_report_iter_step 5
[INFO GRT-0012] Found 67 antenna violations.
[INFO DPL-0006] Core area: 569088.30 um^2
[INFO DPL-0007] Movable instances area: 2.50 um^2
[INFO DPL-0008] Fixed instances area within core: 281050.80 um^2
[INFO DPL-0009] Utilization: 49.4%
[INFO DPL-0005] Diamond search max displacement: +/- 500 sites horizontally, +/- 100 rows vertically.
[INFO DPL-1102] Legalizing using negotiation legalizer.
[INFO DPL-1103] Negotiation base search window: +/-20 sites horizontally, +/-5 rows vertically 
	Automatic search window extension enabled.
	Search window extendable up to the max displacement cap of +/-500 sites, +/-100 rows near walls.
[INFO DPL-1104] NegotiationLegalizer DRC penalty: 5.
[INFO DPL-0392] Negotiation cell height distribution (1 unique row-count(s)):
[INFO DPL-0393]   height 1 row(s): 36982 cells
          |      Total |  Illegal |  Illegal
Iteration | Violations |    Cells |    Sites
---------------------------------------------
        0 |          0 |         0 |         0
Negotiation phase 1 converged at iteration 0.
[INFO DPL-0500] Runtime: 0.27s
[INFO GRT-0015] Inserted 94 diodes.
[WARNING DRT-0120] Large net net2253 has 101 pins which may impact routing performance. Consider optimization.
[WARNING DRT-0120] Large net net2132 has 110 pins which may impact routing performance. Consider optimization.
[WARNING DRT-0120] Large net net2108 has 117 pins which may impact routing performance. Consider optimization.
[WARNING DRT-0120] Large net net2473 has 113 pins which may impact routing performance. Consider optimization.
[WARNING DRT-0120] Large net net2472 has 125 pins which may impact routing performance. Consider optimization.
[WARNING DRT-0120] Large net net2459 has 113 pins which may impact routing performance. Consider optimization.
[WARNING DRT-0120] Large net net2384 has 128 pins which may impact routing performance. Consider optimization.
[WARNING DRT-0120] Large net net2379 has 107 pins which may impact routing performance. Consider optimization.
[WARNING DRT-0120] Large net net2369 has 106 pins which may impact routing performance. Consider optimization.
[WARNING DRT-0120] Large net net2368 has 121 pins which may impact routing performance. Consider optimization.
[WARNING DRT-0120] Large net net2363 has 125 pins which may impact routing performance. Consider optimization.
[WARNING DRT-0120] Large net net2322 has 116 pins which may impact routing performance. Consider optimization.
[WARNING DRT-0120] Large net net2242 has 120 pins which may impact routing performance. Consider optimization.
[WARNING DRT-0120] Large net net2243 has 110 pins which may impact routing performance. Consider optimization.
[WARNING DRT-0120] Large net net2143 has 104 pins which may impact routing performance. Consider optimization.
[INFO DRT-0024]   Complete FR_MASTERSLICE.
[INFO DRT-0024]   Complete Fr_VIA.
[INFO DRT-0024]   Complete li1.
[INFO DRT-0024]   Complete mcon.
[INFO DRT-0024]   Complete met1.
[INFO DRT-0024]   Complete via.
[INFO DRT-0024]   Complete met2.
[INFO DRT-0024]   Complete via2.
[INFO DRT-0024]   Complete met3.
[INFO DRT-0024]   Complete via3.
[INFO DRT-0024]   Complete met4.
[INFO DRT-0024]   Complete via4.
[INFO DRT-0024]   Complete met5.
[INFO DRT-0165] Start pin access.
[INFO DRT-0076]   Complete 1000 pins.
[INFO DRT-0078]   Complete 1998 pins.
[INFO DRT-0079]   Complete 100 unique inst patterns.
[INFO DRT-0079]   Complete 200 unique inst patterns.
[INFO DRT-0081]   Complete 247 unique inst patterns.
[INFO DRT-0082]   Complete 10000 groups.
[INFO DRT-0084]   Complete 18475 groups.
#scanned instances     = 36982
#unique  instances     = 247
#stdCellGenAp          = 8645
#stdCellValidPlanarAp  = 115
#stdCellValidViaAp     = 5889
#stdCellPinNoAp        = 6
#stdCellPinCnt         = 107906
#instTermValidViaApCnt = 0
#macroGenAp            = 0
#macroValidPlanarAp    = 0
#macroValidViaAp       = 0
#macroNoAp             = 0
[INFO DRT-0166] Complete pin access.
[INFO DRT-0267] cpu time = 00:17:44, elapsed time = 00:01:56, memory = 2345.41 (MB), peak = 4327.41 (MB)
[INFO DRT-0156] guideIn read 100000 guides.
[INFO DRT-0156] guideIn read 200000 guides.

[INFO DRT-0157] Number of guides:     256474

[INFO DRT-0169] Post process guides.
[INFO DRT-0176] GCELLGRID X 0 DO 109 STEP 6900 ;
[INFO DRT-0177] GCELLGRID Y 0 DO 109 STEP 6900 ;
[INFO DRT-0026]   Complete 100000 origin guides.
[INFO DRT-0026]   Complete 200000 origin guides.
[INFO DRT-0028]   Complete FR_MASTERSLICE.
[INFO DRT-0028]   Complete Fr_VIA.
[INFO DRT-0028]   Complete li1.
[INFO DRT-0028]   Complete mcon.
[INFO DRT-0028]   Complete met1.
[INFO DRT-0028]   Complete via.
[INFO DRT-0028]   Complete met2.
[INFO DRT-0028]   Complete via2.
[INFO DRT-0028]   Complete met3.
[INFO DRT-0028]   Complete via3.
[INFO DRT-0028]   Complete met4.
[INFO DRT-0028]   Complete via4.
[INFO DRT-0028]   Complete met5.
[INFO DRT-0178] Init guide query.
[INFO DRT-0035]   Complete FR_MASTERSLICE (guide).
[INFO DRT-0035]   Complete Fr_VIA (guide).
[INFO DRT-0035]   Complete li1 (guide).
[INFO DRT-0035]   Complete mcon (guide).
[INFO DRT-0035]   Complete met1 (guide).
[INFO DRT-0035]   Complete via (guide).
[INFO DRT-0035]   Complete met2 (guide).
[INFO DRT-0035]   Complete via2 (guide).
[INFO DRT-0035]   Complete met3 (guide).
[INFO DRT-0035]   Complete via3 (guide).
[INFO DRT-0035]   Complete met4 (guide).
[INFO DRT-0035]   Complete via4 (guide).
[INFO DRT-0035]   Complete met5 (guide).
[INFO DRT-0036] FR_MASTERSLICE guide region query size = 0.
[INFO DRT-0036] FR_VIA guide region query size = 0.
[INFO DRT-0036] li1 guide region query size = 86313.
[INFO DRT-0036] mcon guide region query size = 0.
[INFO DRT-0036] met1 guide region query size = 74280.
[INFO DRT-0036] via guide region query size = 0.
[INFO DRT-0036] met2 guide region query size = 39952.
[INFO DRT-0036] via2 guide region query size = 0.
[INFO DRT-0036] met3 guide region query size = 4252.
[INFO DRT-0036] via3 guide region query size = 0.
[INFO DRT-0036] met4 guide region query size = 2039.
[INFO DRT-0036] via4 guide region query size = 0.
[INFO DRT-0036] met5 guide region query size = 57.
[INFO DRT-0179] Init gr pin query.
[INFO DRT-0267] cpu time = 00:00:01, elapsed time = 00:00:00, memory = 2345.41 (MB), peak = 4327.41 (MB)
[INFO DRT-0245] skipped writing guide updates to database.
[INFO DRT-0181] Start track assignment.
[INFO DRT-0184] Done with 128304 vertical wires in 3 frboxes and 78589 horizontal wires in 3 frboxes.
[INFO DRT-0186] Done with 19268 vertical wires in 3 frboxes and 33512 horizontal wires in 3 frboxes.
[INFO DRT-0182] Complete track assignment.
[INFO DRT-0267] cpu time = 00:00:14, elapsed time = 00:00:07, memory = 2345.41 (MB), peak = 4327.41 (MB)
[INFO DRT-0187] Start routing data preparation.
[INFO DRT-0267] cpu time = 00:00:00, elapsed time = 00:00:00, memory = 2345.41 (MB), peak = 4327.41 (MB)
[INFO DRT-0194] Start detail routing.
[INFO DRT-0195] Start 0th optimization iteration.
    Completing 10% with 0 violations.
    elapsed time = 00:00:15, memory = 2755.10 (MB).
    Completing 20% with 0 violations.
    elapsed time = 00:00:38, memory = 2963.22 (MB).
    Completing 30% with 4648 violations.
    elapsed time = 00:00:50, memory = 2882.30 (MB).
    Completing 40% with 4648 violations.
    elapsed time = 00:01:10, memory = 2965.75 (MB).
    Completing 50% with 4648 violations.
    elapsed time = 00:01:22, memory = 2662.05 (MB).
    Completing 60% with 9080 violations.
    elapsed time = 00:01:38, memory = 3211.16 (MB).
    Completing 70% with 9080 violations.
    elapsed time = 00:01:50, memory = 3166.52 (MB).
    Completing 80% with 13694 violations.
    elapsed time = 00:02:02, memory = 3180.64 (MB).
    Completing 90% with 13694 violations.
    elapsed time = 00:02:26, memory = 3307.98 (MB).
    Completing 100% with 17727 violations.
    elapsed time = 00:02:44, memory = 2748.91 (MB).
[INFO DRT-0199]   Number of violations = 18652.
Viol/Layer         li1   mcon   met1    via   met2   met3   met4   met5
Cut Spacing          0      2      0      1      0      0      0      0
Metal Spacing        0      0   1762      0    933     44      8      4
Min Hole             0      0      2      0      0      0      0      0
Recheck              1      0    520      0    351     40     10      3
Short                0      0   9853      6   4967    109     34      2
[INFO DRT-0267] cpu time = 00:23:02, elapsed time = 00:02:45, memory = 2929.93 (MB), peak = 4327.41 (MB)
Total wire length = 1270225 um.
Total wire length on LAYER li1 = 0 um.
Total wire length on LAYER met1 = 458711 um.
Total wire length on LAYER met2 = 511630 um.
Total wire length on LAYER met3 = 196422 um.
Total wire length on LAYER met4 = 101955 um.
Total wire length on LAYER met5 = 1505 um.
Total number of vias = 257302.
Up-via summary (total 257302):

-------------------------
 FR_MASTERSLICE         0
            li1    108072
           met1    124251
           met2     20492
           met3      4401
           met4        86
-------------------------
               257302


[INFO DRT-0195] Start 1st optimization iteration.
    Completing 10% with 18652 violations.
    elapsed time = 00:00:08, memory = 3408.29 (MB).
    Completing 20% with 18652 violations.
    elapsed time = 00:00:20, memory = 3475.77 (MB).
    Completing 30% with 17168 violations.
    elapsed time = 00:00:35, memory = 3384.55 (MB).
    Completing 40% with 17168 violations.
    elapsed time = 00:00:54, memory = 3472.07 (MB).
    Completing 50% with 17168 violations.
    elapsed time = 00:01:10, memory = 3068.19 (MB).
    Completing 60% with 16218 violations.
    elapsed time = 00:01:21, memory = 3545.51 (MB).
    Completing 70% with 16218 violations.
    elapsed time = 00:01:32, memory = 3512.53 (MB).
    Completing 80% with 14906 violations.
    elapsed time = 00:01:41, memory = 3507.88 (MB).
    Completing 90% with 14906 violations.
    elapsed time = 00:01:56, memory = 3458.94 (MB).
    Completing 100% with 13525 violations.
    elapsed time = 00:02:11, memory = 3006.30 (MB).
[INFO DRT-0199]   Number of violations = 13525.
Viol/Layer        mcon   met1    via   met2   via2   met3   met4   met5
Cut Spacing          3      0      0      0      1      0      0      0
Metal Spacing        0   1883      0    985      0     12      1      8
Short                0   8191      2   2422      0     15      0      2
[INFO DRT-0267] cpu time = 00:17:36, elapsed time = 00:02:11, memory = 3009.30 (MB), peak = 4327.41 (MB)
Total wire length = 1268106 um.
Total wire length on LAYER li1 = 0 um.
Total wire length on LAYER met1 = 456566 um.
Total wire length on LAYER met2 = 510240 um.
Total wire length on LAYER met3 = 197436 um.
Total wire length on LAYER met4 = 102359 um.
Total wire length on LAYER met5 = 1502 um.
Total number of vias = 256767.
Up-via summary (total 256767):

-------------------------
 FR_MASTERSLICE         0
            li1    108068
           met1    123692
           met2     20508
           met3      4413
           met4        86
-------------------------
               256767


[INFO DRT-0195] Start 2nd optimization iteration.
    Completing 10% with 13525 violations.
    elapsed time = 00:00:09, memory = 3486.65 (MB).
    Completing 20% with 13525 violations.
    elapsed time = 00:00:17, memory = 3493.51 (MB).
    Completing 30% with 13386 violations.
    elapsed time = 00:00:28, memory = 3449.98 (MB).
    Completing 40% with 13386 violations.
    elapsed time = 00:00:38, memory = 3486.21 (MB).
    Completing 50% with 13386 violations.
    elapsed time = 00:00:51, memory = 3009.48 (MB).
    Completing 60% with 13104 violations.
    elapsed time = 00:01:06, memory = 3491.52 (MB).
    Completing 70% with 13104 violations.
    elapsed time = 00:01:15, memory = 3531.67 (MB).
    Completing 80% with 12996 violations.
    elapsed time = 00:01:21, memory = 3512.76 (MB).
    Completing 90% with 12996 violations.
    elapsed time = 00:01:34, memory = 3485.10 (MB).
    Completing 100% with 12639 violations.
    elapsed time = 00:01:47, memory = 3055.43 (MB).
[INFO DRT-0199]   Number of violations = 12639.
Viol/Layer        mcon   met1   met2   met3
Cut Spacing          1      0      0      0
Metal Spacing        0   1845    933     13
Short                0   7474   2358     15
[INFO DRT-0267] cpu time = 00:15:12, elapsed time = 00:01:47, memory = 3055.43 (MB), peak = 4327.41 (MB)
Total wire length = 1267676 um.
Total wire length on LAYER li1 = 0 um.
Total wire length on LAYER met1 = 456103 um.
Total wire length on LAYER met2 = 509890 um.
Total wire length on LAYER met3 = 197709 um.
Total wire length on LAYER met4 = 102480 um.
Total wire length on LAYER met5 = 1492 um.
Total number of vias = 256690.
Up-via summary (total 256690):

-------------------------
 FR_MASTERSLICE         0
            li1    108071
           met1    123582
           met2     20533
           met3      4418
           met4        86
-------------------------
               256690


[INFO DRT-0195] Start 3rd optimization iteration.
    Completing 10% with 12639 violations.
    elapsed time = 00:00:18, memory = 3557.08 (MB).
    Completing 20% with 12639 violations.
    elapsed time = 00:00:43, memory = 3576.81 (MB).
    Completing 30% with 10622 violations.
    elapsed time = 00:01:15, memory = 3486.53 (MB).
    Completing 40% with 10622 violations.
    elapsed time = 00:01:50, memory = 3609.11 (MB).
    Completing 50% with 10622 violations.
    elapsed time = 00:02:38, memory = 3099.86 (MB).
    Completing 60% with 8267 violations.
    elapsed time = 00:03:17, memory = 3645.46 (MB).
    Completing 70% with 8267 violations.
    elapsed time = 00:03:39, memory = 3549.01 (MB).
    Completing 80% with 5875 violations.
    elapsed time = 00:04:07, memory = 3539.36 (MB).
    Completing 90% with 5875 violations.
    elapsed time = 00:04:28, memory = 3593.95 (MB).
    Completing 100% with 3373 violations.
    elapsed time = 00:04:48, memory = 3099.86 (MB).
[INFO DRT-0199]   Number of violations = 3373.
Viol/Layer        mcon   met1   met2   met3
Cut Spacing          5      0      0      0
Metal Spacing        0   1011    270     16
Min Hole             0      2      0      0
Short                0   1802    264      3
[INFO DRT-0267] cpu time = 00:37:49, elapsed time = 00:04:48, memory = 3102.86 (MB), peak = 4327.41 (MB)
Total wire length = 1267447 um.
Total wire length on LAYER li1 = 0 um.
Total wire length on LAYER met1 = 437554 um.
Total wire length on LAYER met2 = 502021 um.
Total wire length on LAYER met3 = 215768 um.
Total wire length on LAYER met4 = 110575 um.
Total wire length on LAYER met5 = 1527 um.
Total number of vias = 259690.
Up-via summary (total 259690):

-------------------------
 FR_MASTERSLICE         0
            li1    108092
           met1    123598
           met2     22887
           met3      5025
           met4        88
-------------------------
               259690


[INFO DRT-0195] Start 4th optimization iteration.
    Completing 10% with 3373 violations.
    elapsed time = 00:00:02, memory = 3531.27 (MB).
    Completing 20% with 3373 violations.
    elapsed time = 00:00:09, memory = 3560.22 (MB).
    Completing 30% with 2496 violations.
    elapsed time = 00:00:17, memory = 3130.86 (MB).
    Completing 40% with 2496 violations.
    elapsed time = 00:00:24, memory = 3581.80 (MB).
    Completing 50% with 2496 violations.
    elapsed time = 00:00:50, memory = 3104.02 (MB).
    Completing 60% with 1810 violations.
    elapsed time = 00:00:59, memory = 3577.79 (MB).
    Completing 70% with 1810 violations.
    elapsed time = 00:01:06, memory = 3547.29 (MB).
    Completing 80% with 1239 violations.
    elapsed time = 00:01:25, memory = 3516.68 (MB).
    Completing 90% with 1239 violations.
    elapsed time = 00:01:34, memory = 3581.97 (MB).
    Completing 100% with 846 violations.
    elapsed time = 00:01:55, memory = 3104.02 (MB).
[INFO DRT-0199]   Number of violations = 846.
Viol/Layer        mcon   met1   met2
Cut Spacing          2      0      0
Metal Spacing        0    298     48
Short                0    439     59
[INFO DRT-0267] cpu time = 00:12:30, elapsed time = 00:01:56, memory = 3104.02 (MB), peak = 4327.41 (MB)
Total wire length = 1267304 um.
Total wire length on LAYER li1 = 0 um.
Total wire length on LAYER met1 = 435597 um.
Total wire length on LAYER met2 = 501089 um.
Total wire length on LAYER met3 = 217680 um.
Total wire length on LAYER met4 = 111409 um.
Total wire length on LAYER met5 = 1527 um.
Total number of vias = 259745.
Up-via summary (total 259745):

-------------------------
 FR_MASTERSLICE         0
            li1    108091
           met1    123433
           met2     23049
           met3      5084
           met4        88
-------------------------
               259745


[INFO DRT-0195] Start 5th optimization iteration.
    Completing 10% with 846 violations.
    elapsed time = 00:00:00, memory = 3104.02 (MB).
    Completing 20% with 846 violations.
    elapsed time = 00:00:02, memory = 3543.52 (MB).
    Completing 30% with 762 violations.
    elapsed time = 00:00:36, memory = 3104.02 (MB).
    Completing 40% with 762 violations.
    elapsed time = 00:00:36, memory = 3104.02 (MB).
    Completing 50% with 762 violations.
    elapsed time = 00:01:09, memory = 3104.02 (MB).
    Completing 60% with 553 violations.
    elapsed time = 00:01:09, memory = 3104.02 (MB).
    Completing 70% with 553 violations.
    elapsed time = 00:01:12, memory = 3576.57 (MB).
    Completing 80% with 412 violations.
    elapsed time = 00:01:31, memory = 3104.02 (MB).
    Completing 90% with 412 violations.
    elapsed time = 00:01:33, memory = 3539.11 (MB).
    Completing 100% with 248 violations.
    elapsed time = 00:01:49, memory = 3104.02 (MB).
[INFO DRT-0199]   Number of violations = 248.
Viol/Layer        mcon   met1   met2
Cut Spacing          1      0      0
Metal Spacing        0    105      5
Short                0    130      7
[INFO DRT-0267] cpu time = 00:05:39, elapsed time = 00:01:49, memory = 3104.02 (MB), peak = 4327.41 (MB)
Total wire length = 1267288 um.
Total wire length on LAYER li1 = 0 um.
Total wire length on LAYER met1 = 435233 um.
Total wire length on LAYER met2 = 500913 um.
Total wire length on LAYER met3 = 217958 um.
Total wire length on LAYER met4 = 111655 um.
Total wire length on LAYER met5 = 1527 um.
Total number of vias = 259768.
Up-via summary (total 259768):

-------------------------
 FR_MASTERSLICE         0
            li1    108093
           met1    123429
           met2     23058
           met3      5100
           met4        88
-------------------------
               259768


[INFO DRT-0195] Start 6th optimization iteration.
    Completing 10% with 248 violations.
    elapsed time = 00:00:00, memory = 3104.02 (MB).
    Completing 20% with 248 violations.
    elapsed time = 00:00:00, memory = 3104.02 (MB).
    Completing 30% with 238 violations.
    elapsed time = 00:00:41, memory = 3104.02 (MB).
    Completing 40% with 238 violations.
    elapsed time = 00:00:41, memory = 3104.02 (MB).
    Completing 50% with 238 violations.
    elapsed time = 00:00:56, memory = 3104.02 (MB).
    Completing 60% with 216 violations.
    elapsed time = 00:00:56, memory = 3104.02 (MB).
    Completing 70% with 216 violations.
    elapsed time = 00:00:56, memory = 3104.02 (MB).
    Completing 80% with 194 violations.
    elapsed time = 00:01:31, memory = 3104.02 (MB).
    Completing 90% with 194 violations.
    elapsed time = 00:01:31, memory = 3104.02 (MB).
    Completing 100% with 138 violations.
    elapsed time = 00:01:51, memory = 3104.02 (MB).
[INFO DRT-0199]   Number of violations = 138.
Viol/Layer        mcon   met1   met2
Cut Spacing          1      0      0
Metal Spacing        0     63      4
Short                0     65      5
[INFO DRT-0267] cpu time = 00:03:22, elapsed time = 00:01:52, memory = 3104.02 (MB), peak = 4327.41 (MB)
Total wire length = 1267207 um.
Total wire length on LAYER li1 = 0 um.
Total wire length on LAYER met1 = 435059 um.
Total wire length on LAYER met2 = 500838 um.
Total wire length on LAYER met3 = 218059 um.
Total wire length on LAYER met4 = 111721 um.
Total wire length on LAYER met5 = 1527 um.
Total number of vias = 259753.
Up-via summary (total 259753):

-------------------------
 FR_MASTERSLICE         0
            li1    108095
           met1    123396
           met2     23069
           met3      5105
           met4        88
-------------------------
               259753


[INFO DRT-0195] Start 7th optimization iteration.
    Completing 10% with 138 violations.
    elapsed time = 00:00:00, memory = 3104.02 (MB).
    Completing 20% with 138 violations.
    elapsed time = 00:00:00, memory = 3104.02 (MB).
    Completing 30% with 115 violations.
    elapsed time = 00:00:30, memory = 3104.02 (MB).
    Completing 40% with 115 violations.
    elapsed time = 00:00:30, memory = 3104.02 (MB).
    Completing 50% with 115 violations.
    elapsed time = 00:00:30, memory = 3104.02 (MB).
    Completing 60% with 102 violations.
    elapsed time = 00:00:36, memory = 3104.02 (MB).
    Completing 70% with 102 violations.
    elapsed time = 00:00:36, memory = 3104.02 (MB).
    Completing 80% with 98 violations.
    elapsed time = 00:00:45, memory = 3104.02 (MB).
    Completing 90% with 98 violations.
    elapsed time = 00:00:45, memory = 3104.02 (MB).
    Completing 100% with 84 violations.
    elapsed time = 00:01:10, memory = 3104.02 (MB).
[INFO DRT-0199]   Number of violations = 84.
Viol/Layer        mcon   met1   met2
Cut Spacing          1      0      0
Metal Spacing        0     44      0
Short                0     37      2
[INFO DRT-0267] cpu time = 00:01:44, elapsed time = 00:01:11, memory = 3055.35 (MB), peak = 4327.41 (MB)
Total wire length = 1267136 um.
Total wire length on LAYER li1 = 0 um.
Total wire length on LAYER met1 = 434976 um.
Total wire length on LAYER met2 = 500776 um.
Total wire length on LAYER met3 = 218053 um.
Total wire length on LAYER met4 = 111803 um.
Total wire length on LAYER met5 = 1527 um.
Total number of vias = 259707.
Up-via summary (total 259707):

-------------------------
 FR_MASTERSLICE         0
            li1    108095
           met1    123366
           met2     23054
           met3      5104
           met4        88
-------------------------
               259707


[INFO DRT-0195] Start 8th guides tiles iteration.
    Completing 10% with 84 violations.
    elapsed time = 00:00:00, memory = 3103.20 (MB).
    Completing 20% with 84 violations.
    elapsed time = 00:00:00, memory = 3103.20 (MB).
    Completing 30% with 84 violations.
    elapsed time = 00:00:00, memory = 3103.20 (MB).
    Completing 40% with 84 violations.
    elapsed time = 00:00:00, memory = 3103.20 (MB).
    Completing 50% with 84 violations.
    elapsed time = 00:00:00, memory = 3103.20 (MB).
    Completing 60% with 84 violations.
    elapsed time = 00:00:01, memory = 3055.35 (MB).
    Completing 70% with 9 violations.
    elapsed time = 00:00:01, memory = 3055.35 (MB).
    Completing 80% with 9 violations.
    elapsed time = 00:00:01, memory = 3055.35 (MB).
    Completing 90% with 9 violations.
    elapsed time = 00:00:02, memory = 3055.35 (MB).
    Completing 100% with 0 violations.
    elapsed time = 00:00:02, memory = 3055.35 (MB).
[INFO DRT-0199]   Number of violations = 0.
[INFO DRT-0267] cpu time = 00:00:04, elapsed time = 00:00:02, memory = 3055.35 (MB), peak = 4327.41 (MB)
Total wire length = 1267145 um.
Total wire length on LAYER li1 = 0 um.
Total wire length on LAYER met1 = 434800 um.
Total wire length on LAYER met2 = 500772 um.
Total wire length on LAYER met3 = 218076 um.
Total wire length on LAYER met4 = 111813 um.
Total wire length on LAYER met5 = 1682 um.
Total number of vias = 259708.
Up-via summary (total 259708):

-------------------------
 FR_MASTERSLICE         0
            li1    108096
           met1    123360
           met2     23060
           met3      5104
           met4        88
-------------------------
               259708


[INFO DRT-0198] Complete detail routing.
Total wire length = 1267145 um.
Total wire length on LAYER li1 = 0 um.
Total wire length on LAYER met1 = 434800 um.
Total wire length on LAYER met2 = 500772 um.
Total wire length on LAYER met3 = 218076 um.
Total wire length on LAYER met4 = 111813 um.
Total wire length on LAYER met5 = 1682 um.
Total number of vias = 259708.
Up-via summary (total 259708):

-------------------------
 FR_MASTERSLICE         0
            li1    108096
           met1    123360
           met2     23060
           met3      5104
           met4        88
-------------------------
               259708


[INFO DRT-0267] cpu time = 01:57:03, elapsed time = 00:18:26, memory = 3055.35 (MB), peak = 4327.41 (MB)

[INFO DRT-0180] Post processing.
[INFO DRT-0501] Runtime: 1195.89s
[INFO ANT-0002] Found 17 net violations.
[INFO ANT-0001] Found 22 pin violations.
[INFO GRT-0012] Found 17 antenna violations.
[INFO DPL-0006] Core area: 569088.30 um^2
[INFO DPL-0007] Movable instances area: 0.00 um^2
[INFO DPL-0008] Fixed instances area within core: 281108.36 um^2
[INFO DPL-0009] Utilization: 49.4%
[INFO DPL-0005] Diamond search max displacement: +/- 500 sites horizontally, +/- 100 rows vertically.
[INFO DPL-1102] Legalizing using negotiation legalizer.
[INFO DPL-1103] Negotiation base search window: +/-20 sites horizontally, +/-5 rows vertically 
	Automatic search window extension enabled.
	Search window extendable up to the max displacement cap of +/-500 sites, +/-100 rows near walls.
[INFO DPL-1104] NegotiationLegalizer DRC penalty: 5.
[INFO DPL-0392] Negotiation cell height distribution (1 unique row-count(s)):
[INFO DPL-0393]   height 1 row(s): 37004 cells
[INFO DPL-0500] Runtime: 0.39s
[INFO GRT-0015] Inserted 22 diodes.
[WARNING DRT-0120] Large net net2253 has 101 pins which may impact routing performance. Consider optimization.
[WARNING DRT-0120] Large net net2132 has 110 pins which may impact routing performance. Consider optimization.
[WARNING DRT-0120] Large net net2108 has 117 pins which may impact routing performance. Consider optimization.
[WARNING DRT-0120] Large net net2473 has 113 pins which may impact routing performance. Consider optimization.
[WARNING DRT-0120] Large net net2472 has 125 pins which may impact routing performance. Consider optimization.
[WARNING DRT-0120] Large net net2459 has 113 pins which may impact routing performance. Consider optimization.
[WARNING DRT-0120] Large net net2384 has 128 pins which may impact routing performance. Consider optimization.
[WARNING DRT-0120] Large net net2379 has 107 pins which may impact routing performance. Consider optimization.
[WARNING DRT-0120] Large net net2369 has 106 pins which may impact routing performance. Consider optimization.
[WARNING DRT-0120] Large net net2368 has 121 pins which may impact routing performance. Consider optimization.
[WARNING DRT-0120] Large net net2363 has 125 pins which may impact routing performance. Consider optimization.
[WARNING DRT-0120] Large net net2322 has 116 pins which may impact routing performance. Consider optimization.
[WARNING DRT-0120] Large net net2242 has 120 pins which may impact routing performance. Consider optimization.
[WARNING DRT-0120] Large net net2243 has 110 pins which may impact routing performance. Consider optimization.
[WARNING DRT-0120] Large net net2143 has 104 pins which may impact routing performance. Consider optimization.
[INFO DRT-0024]   Complete FR_MASTERSLICE.
[INFO DRT-0024]   Complete Fr_VIA.
[INFO DRT-0024]   Complete li1.
[INFO DRT-0024]   Complete mcon.
[INFO DRT-0024]   Complete met1.
[INFO DRT-0024]   Complete via.
[INFO DRT-0024]   Complete met2.
[INFO DRT-0024]   Complete via2.
[INFO DRT-0024]   Complete met3.
[INFO DRT-0024]   Complete via3.
[INFO DRT-0024]   Complete met4.
[INFO DRT-0024]   Complete via4.
[INFO DRT-0024]   Complete met5.
[INFO DRT-0165] Start pin access.
[INFO DRT-0076]   Complete 1000 pins.
[INFO DRT-0078]   Complete 1998 pins.
[INFO DRT-0079]   Complete 100 unique inst patterns.
[INFO DRT-0079]   Complete 200 unique inst patterns.
[INFO DRT-0081]   Complete 247 unique inst patterns.
[INFO DRT-0082]   Complete 10000 groups.
[INFO DRT-0084]   Complete 18478 groups.
#scanned instances     = 37004
#unique  instances     = 247
#stdCellGenAp          = 8645
#stdCellValidPlanarAp  = 115
#stdCellValidViaAp     = 5889
#stdCellPinNoAp        = 6
#stdCellPinCnt         = 107906
#instTermValidViaApCnt = 0
#macroGenAp            = 0
#macroValidPlanarAp    = 0
#macroValidViaAp       = 0
#macroNoAp             = 0
[INFO DRT-0166] Complete pin access.
[INFO DRT-0267] cpu time = 00:18:25, elapsed time = 00:02:40, memory = 3072.33 (MB), peak = 4327.41 (MB)
[INFO DRT-0156] guideIn read 100000 guides.
[INFO DRT-0156] guideIn read 200000 guides.

[INFO DRT-0157] Number of guides:     256364

[INFO DRT-0169] Post process guides.
[INFO DRT-0176] GCELLGRID X 0 DO 109 STEP 6900 ;
[INFO DRT-0177] GCELLGRID Y 0 DO 109 STEP 6900 ;
[INFO DRT-0026]   Complete 100000 origin guides.
[INFO DRT-0026]   Complete 200000 origin guides.
[INFO DRT-0028]   Complete FR_MASTERSLICE.
[INFO DRT-0028]   Complete Fr_VIA.
[INFO DRT-0028]   Complete li1.
[INFO DRT-0028]   Complete mcon.
[INFO DRT-0028]   Complete met1.
[INFO DRT-0028]   Complete via.
[INFO DRT-0028]   Complete met2.
[INFO DRT-0028]   Complete via2.
[INFO DRT-0028]   Complete met3.
[INFO DRT-0028]   Complete via3.
[INFO DRT-0028]   Complete met4.
[INFO DRT-0028]   Complete via4.
[INFO DRT-0028]   Complete met5.
[INFO DRT-0178] Init guide query.
[INFO DRT-0035]   Complete FR_MASTERSLICE (guide).
[INFO DRT-0035]   Complete Fr_VIA (guide).
[INFO DRT-0035]   Complete li1 (guide).
[INFO DRT-0035]   Complete mcon (guide).
[INFO DRT-0035]   Complete met1 (guide).
[INFO DRT-0035]   Complete via (guide).
[INFO DRT-0035]   Complete met2 (guide).
[INFO DRT-0035]   Complete via2 (guide).
[INFO DRT-0035]   Complete met3 (guide).
[INFO DRT-0035]   Complete via3 (guide).
[INFO DRT-0035]   Complete met4 (guide).
[INFO DRT-0035]   Complete via4 (guide).
[INFO DRT-0035]   Complete met5 (guide).
[INFO DRT-0036] FR_MASTERSLICE guide region query size = 0.
[INFO DRT-0036] FR_VIA guide region query size = 0.
[INFO DRT-0036] li1 guide region query size = 86320.
[INFO DRT-0036] mcon guide region query size = 0.
[INFO DRT-0036] met1 guide region query size = 74286.
[INFO DRT-0036] via guide region query size = 0.
[INFO DRT-0036] met2 guide region query size = 39939.
[INFO DRT-0036] via2 guide region query size = 0.
[INFO DRT-0036] met3 guide region query size = 4209.
[INFO DRT-0036] via3 guide region query size = 0.
[INFO DRT-0036] met4 guide region query size = 2013.
[INFO DRT-0036] via4 guide region query size = 0.
[INFO DRT-0036] met5 guide region query size = 52.
[INFO DRT-0179] Init gr pin query.
[INFO DRT-0267] cpu time = 00:00:02, elapsed time = 00:00:01, memory = 3072.33 (MB), peak = 4327.41 (MB)
[INFO DRT-0245] skipped writing guide updates to database.
[INFO DRT-0181] Start track assignment.
[INFO DRT-0184] Done with 128272 vertical wires in 3 frboxes and 78547 horizontal wires in 3 frboxes.
[INFO DRT-0186] Done with 19409 vertical wires in 3 frboxes and 33592 horizontal wires in 3 frboxes.
[INFO DRT-0182] Complete track assignment.
[INFO DRT-0267] cpu time = 00:00:25, elapsed time = 00:00:16, memory = 3072.33 (MB), peak = 4327.41 (MB)
[INFO DRT-0187] Start routing data preparation.
[INFO DRT-0267] cpu time = 00:00:00, elapsed time = 00:00:00, memory = 3072.33 (MB), peak = 4327.41 (MB)
[INFO DRT-0194] Start detail routing.
[INFO DRT-0195] Start 0th optimization iteration.
    Completing 10% with 0 violations.
    elapsed time = 00:00:07, memory = 3448.53 (MB).
    Completing 20% with 0 violations.
    elapsed time = 00:00:17, memory = 3477.60 (MB).
    Completing 30% with 1527 violations.
    elapsed time = 00:00:29, memory = 3510.29 (MB).
    Completing 40% with 1527 violations.
    elapsed time = 00:00:36, memory = 3494.57 (MB).
    Completing 50% with 1527 violations.
    elapsed time = 00:00:44, memory = 3119.39 (MB).
    Completing 60% with 2797 violations.
    elapsed time = 00:00:58, memory = 3549.20 (MB).
    Completing 70% with 2797 violations.
    elapsed time = 00:01:07, memory = 3430.86 (MB).
    Completing 80% with 4262 violations.
    elapsed time = 00:01:25, memory = 3560.42 (MB).
    Completing 90% with 4262 violations.
    elapsed time = 00:01:30, memory = 3483.87 (MB).
    Completing 100% with 5418 violations.
    elapsed time = 00:01:40, memory = 3115.84 (MB).
[INFO DRT-0199]   Number of violations = 5683.
Viol/Layer        mcon   met1    via   met2   met3   met4
Cut Spacing          1      0      3      0      0      0
Metal Spacing        0    377      0    304      2      0
Recheck              0    150      0    109      4      2
Short                0   3206      2   1503     12      8
[INFO DRT-0267] cpu time = 00:09:05, elapsed time = 00:01:40, memory = 3115.84 (MB), peak = 4327.41 (MB)
Total wire length = 1268550 um.
Total wire length on LAYER li1 = 0 um.
Total wire length on LAYER met1 = 443257 um.
Total wire length on LAYER met2 = 504442 um.
Total wire length on LAYER met3 = 210571 um.
Total wire length on LAYER met4 = 108811 um.
Total wire length on LAYER met5 = 1467 um.
Total number of vias = 259252.
Up-via summary (total 259252):

-------------------------
 FR_MASTERSLICE         0
            li1    108134
           met1    123660
           met2     22448
           met3      4928
           met4        82
-------------------------
               259252


[INFO DRT-0195] Start 1st optimization iteration.
    Completing 10% with 5683 violations.
    elapsed time = 00:00:03, memory = 3542.71 (MB).
    Completing 20% with 5683 violations.
    elapsed time = 00:00:08, memory = 3578.80 (MB).
    Completing 30% with 5451 violations.
    elapsed time = 00:00:17, memory = 3580.09 (MB).
    Completing 40% with 5451 violations.
    elapsed time = 00:00:28, memory = 3536.82 (MB).
    Completing 50% with 5451 violations.
    elapsed time = 00:00:33, memory = 3125.77 (MB).
    Completing 60% with 5133 violations.
    elapsed time = 00:00:43, memory = 3548.82 (MB).
    Completing 70% with 5133 violations.
    elapsed time = 00:00:51, memory = 3433.14 (MB).
    Completing 80% with 4583 violations.
    elapsed time = 00:01:03, memory = 3535.65 (MB).
    Completing 90% with 4583 violations.
    elapsed time = 00:01:09, memory = 3442.46 (MB).
    Completing 100% with 4206 violations.
    elapsed time = 00:01:38, memory = 3128.94 (MB).
[INFO DRT-0199]   Number of violations = 4206.
Viol/Layer        mcon   met1    via   met2   met3
Cut Spacing          1      0      1      0      0
Metal Spacing        0    595      0    337      0
Short                0   2608      0    661      3
[INFO DRT-0267] cpu time = 00:07:41, elapsed time = 00:01:38, memory = 3128.94 (MB), peak = 4327.41 (MB)
Total wire length = 1267931 um.
Total wire length on LAYER li1 = 0 um.
Total wire length on LAYER met1 = 442340 um.
Total wire length on LAYER met2 = 503953 um.
Total wire length on LAYER met3 = 211186 um.
Total wire length on LAYER met4 = 108982 um.
Total wire length on LAYER met5 = 1467 um.
Total number of vias = 259128.
Up-via summary (total 259128):

-------------------------
 FR_MASTERSLICE         0
            li1    108128
           met1    123468
           met2     22516
           met3      4934
           met4        82
-------------------------
               259128


[INFO DRT-0195] Start 2nd optimization iteration.
    Completing 10% with 4206 violations.
    elapsed time = 00:00:02, memory = 3660.03 (MB).
    Completing 20% with 4206 violations.
    elapsed time = 00:00:05, memory = 3618.58 (MB).
    Completing 30% with 4119 violations.
    elapsed time = 00:00:09, memory = 3135.46 (MB).
    Completing 40% with 4119 violations.
    elapsed time = 00:00:18, memory = 3653.84 (MB).
    Completing 50% with 4119 violations.
    elapsed time = 00:00:28, memory = 3135.46 (MB).
    Completing 60% with 4112 violations.
    elapsed time = 00:00:37, memory = 3666.54 (MB).
    Completing 70% with 4112 violations.
    elapsed time = 00:00:41, memory = 3606.22 (MB).
    Completing 80% with 3898 violations.
    elapsed time = 00:00:53, memory = 3654.34 (MB).
    Completing 90% with 3898 violations.
    elapsed time = 00:00:55, memory = 3667.91 (MB).
    Completing 100% with 3812 violations.
    elapsed time = 00:01:10, memory = 3135.46 (MB).
[INFO DRT-0199]   Number of violations = 3812.
Viol/Layer        mcon   met1   met2   met3
Cut Spacing          1      0      0      0
Metal Spacing        0    508    300      1
Short                0   2311    691      0
[INFO DRT-0267] cpu time = 00:05:54, elapsed time = 00:01:11, memory = 3135.46 (MB), peak = 4327.41 (MB)
Total wire length = 1267843 um.
Total wire length on LAYER li1 = 0 um.
Total wire length on LAYER met1 = 442068 um.
Total wire length on LAYER met2 = 503924 um.
Total wire length on LAYER met3 = 211389 um.
Total wire length on LAYER met4 = 108993 um.
Total wire length on LAYER met5 = 1467 um.
Total number of vias = 259108.
Up-via summary (total 259108):

-------------------------
 FR_MASTERSLICE         0
            li1    108133
           met1    123450
           met2     22509
           met3      4934
           met4        82
-------------------------
               259108


[INFO DRT-0195] Start 3rd optimization iteration.
    Completing 10% with 3812 violations.
    elapsed time = 00:00:08, memory = 3666.12 (MB).
    Completing 20% with 3812 violations.
    elapsed time = 00:00:22, memory = 3693.09 (MB).
    Completing 30% with 3241 violations.
    elapsed time = 00:00:49, memory = 3135.46 (MB).
    Completing 40% with 3241 violations.
    elapsed time = 00:01:02, memory = 3590.80 (MB).
    Completing 50% with 3241 violations.
    elapsed time = 00:01:37, memory = 3135.46 (MB).
    Completing 60% with 2535 violations.
    elapsed time = 00:01:53, memory = 3671.64 (MB).
    Completing 70% with 2535 violations.
    elapsed time = 00:02:06, memory = 3679.31 (MB).
    Completing 80% with 1990 violations.
    elapsed time = 00:02:50, memory = 3600.29 (MB).
    Completing 90% with 1990 violations.
    elapsed time = 00:03:02, memory = 3702.02 (MB).
    Completing 100% with 1181 violations.
    elapsed time = 00:03:29, memory = 3135.46 (MB).
[INFO DRT-0199]   Number of violations = 1181.
Viol/Layer        mcon   met1   met2
Cut Spacing          1      0      0
Metal Spacing        0    267    109
Short                0    641    163
[INFO DRT-0267] cpu time = 00:16:38, elapsed time = 00:03:30, memory = 3135.46 (MB), peak = 4327.41 (MB)
Total wire length = 1267908 um.
Total wire length on LAYER li1 = 0 um.
Total wire length on LAYER met1 = 437144 um.
Total wire length on LAYER met2 = 501911 um.
Total wire length on LAYER met3 = 216081 um.
Total wire length on LAYER met4 = 111270 um.
Total wire length on LAYER met5 = 1500 um.
Total number of vias = 259952.
Up-via summary (total 259952):

-------------------------
 FR_MASTERSLICE         0
            li1    108135
           met1    123552
           met2     23064
           met3      5119
           met4        82
-------------------------
               259952


[INFO DRT-0195] Start 4th optimization iteration.
    Completing 10% with 1181 violations.
    elapsed time = 00:00:00, memory = 3135.47 (MB).
    Completing 20% with 1181 violations.
    elapsed time = 00:00:02, memory = 3613.52 (MB).
    Completing 30% with 1031 violations.
    elapsed time = 00:00:34, memory = 3135.47 (MB).
    Completing 40% with 1031 violations.
    elapsed time = 00:00:36, memory = 3601.25 (MB).
    Completing 50% with 1031 violations.
    elapsed time = 00:00:51, memory = 3135.47 (MB).
    Completing 60% with 786 violations.
    elapsed time = 00:00:51, memory = 3136.61 (MB).
    Completing 70% with 786 violations.
    elapsed time = 00:00:54, memory = 3512.57 (MB).
    Completing 80% with 582 violations.
    elapsed time = 00:01:21, memory = 3145.28 (MB).
    Completing 90% with 582 violations.
    elapsed time = 00:01:21, memory = 3256.40 (MB).
    Completing 100% with 354 violations.
    elapsed time = 00:02:28, memory = 3145.28 (MB).
[INFO DRT-0199]   Number of violations = 354.
Viol/Layer        met1    via   met2
Cut Spacing          0      2      0
Metal Spacing       95      0     42
Min Hole             0      0      1
Short              141      0     73
[INFO DRT-0267] cpu time = 00:06:35, elapsed time = 00:02:28, memory = 3145.28 (MB), peak = 4327.41 (MB)
Total wire length = 1267762 um.
Total wire length on LAYER li1 = 0 um.
Total wire length on LAYER met1 = 435599 um.
Total wire length on LAYER met2 = 501484 um.
Total wire length on LAYER met3 = 217371 um.
Total wire length on LAYER met4 = 111737 um.
Total wire length on LAYER met5 = 1570 um.
Total number of vias = 260105.
Up-via summary (total 260105):

-------------------------
 FR_MASTERSLICE         0
            li1    108134
           met1    123505
           met2     23220
           met3      5162
           met4        84
-------------------------
               260105


[INFO DRT-0195] Start 5th optimization iteration.
    Completing 10% with 354 violations.
    elapsed time = 00:00:00, memory = 3145.28 (MB).
    Completing 20% with 354 violations.
    elapsed time = 00:00:00, memory = 3145.28 (MB).
    Completing 30% with 322 violations.
    elapsed time = 00:00:38, memory = 3145.28 (MB).
    Completing 40% with 322 violations.
    elapsed time = 00:00:38, memory = 3145.28 (MB).
    Completing 50% with 322 violations.
    elapsed time = 00:00:45, memory = 3145.28 (MB).
    Completing 60% with 253 violations.
    elapsed time = 00:00:45, memory = 3145.28 (MB).
    Completing 70% with 253 violations.
    elapsed time = 00:00:45, memory = 3145.28 (MB).
    Completing 80% with 192 violations.
    elapsed time = 00:01:11, memory = 3146.64 (MB).
    Completing 90% with 192 violations.
    elapsed time = 00:01:11, memory = 3146.64 (MB).
    Completing 100% with 168 violations.
    elapsed time = 00:01:53, memory = 3146.64 (MB).
[INFO DRT-0199]   Number of violations = 168.
Viol/Layer        met1    via   met2
Cut Spacing          0      2      0
Metal Spacing       44      0     37
Min Hole             1      0      0
NS Metal             1      0      0
Short               41      0     42
[INFO DRT-0267] cpu time = 00:03:36, elapsed time = 00:01:53, memory = 3146.64 (MB), peak = 4327.41 (MB)
Total wire length = 1267802 um.
Total wire length on LAYER li1 = 0 um.
Total wire length on LAYER met1 = 435421 um.
Total wire length on LAYER met2 = 501399 um.
Total wire length on LAYER met3 = 217526 um.
Total wire length on LAYER met4 = 111886 um.
Total wire length on LAYER met5 = 1570 um.
Total number of vias = 260118.
Up-via summary (total 260118):

-------------------------
 FR_MASTERSLICE         0
            li1    108133
           met1    123499
           met2     23233
           met3      5169
           met4        84
-------------------------
               260118


[INFO DRT-0195] Start 6th optimization iteration.
    Completing 10% with 168 violations.
    elapsed time = 00:00:00, memory = 3146.64 (MB).
    Completing 20% with 168 violations.
    elapsed time = 00:00:00, memory = 3146.64 (MB).
    Completing 30% with 163 violations.
    elapsed time = 00:00:53, memory = 3146.64 (MB).
    Completing 40% with 163 violations.
    elapsed time = 00:00:53, memory = 3146.64 (MB).
    Completing 50% with 163 violations.
    elapsed time = 00:00:57, memory = 3146.64 (MB).
    Completing 60% with 158 violations.
    elapsed time = 00:00:57, memory = 3146.64 (MB).
    Completing 70% with 158 violations.
    elapsed time = 00:00:57, memory = 3146.64 (MB).
    Completing 80% with 157 violations.
    elapsed time = 00:01:06, memory = 3146.64 (MB).
    Completing 90% with 157 violations.
    elapsed time = 00:01:06, memory = 3146.64 (MB).
    Completing 100% with 131 violations.
    elapsed time = 00:01:29, memory = 3146.64 (MB).
[INFO DRT-0199]   Number of violations = 131.
Viol/Layer        met1    via   met2
Cut Spacing          0      1      0
Metal Spacing       44      0     13
Min Hole             1      0      0
NS Metal             1      0      0
Short               56      0     15
[INFO DRT-0267] cpu time = 00:02:29, elapsed time = 00:01:29, memory = 3146.64 (MB), peak = 4327.41 (MB)
Total wire length = 1267755 um.
Total wire length on LAYER li1 = 0 um.
Total wire length on LAYER met1 = 435367 um.
Total wire length on LAYER met2 = 501217 um.
Total wire length on LAYER met3 = 217567 um.
Total wire length on LAYER met4 = 112033 um.
Total wire length on LAYER met5 = 1570 um.
Total number of vias = 260064.
Up-via summary (total 260064):

-------------------------
 FR_MASTERSLICE         0
            li1    108134
           met1    123457
           met2     23210
           met3      5179
           met4        84
-------------------------
               260064


[INFO DRT-0195] Start 7th optimization iteration.
    Completing 10% with 131 violations.
    elapsed time = 00:00:00, memory = 3146.64 (MB).
    Completing 20% with 131 violations.
    elapsed time = 00:00:00, memory = 3146.64 (MB).
    Completing 30% with 102 violations.
    elapsed time = 00:00:23, memory = 3146.64 (MB).
    Completing 40% with 102 violations.
    elapsed time = 00:00:23, memory = 3146.64 (MB).
    Completing 50% with 102 violations.
    elapsed time = 00:00:23, memory = 3146.64 (MB).
    Completing 60% with 102 violations.
    elapsed time = 00:00:27, memory = 3146.64 (MB).
    Completing 70% with 102 violations.
    elapsed time = 00:00:27, memory = 3146.64 (MB).
    Completing 80% with 101 violations.
    elapsed time = 00:00:59, memory = 3146.64 (MB).
    Completing 90% with 101 violations.
    elapsed time = 00:00:59, memory = 3146.64 (MB).
    Completing 100% with 80 violations.
    elapsed time = 00:01:04, memory = 3146.64 (MB).
[INFO DRT-0199]   Number of violations = 80.
Viol/Layer        met1   met2
Metal Spacing       22      8
Short               42      8
[INFO DRT-0267] cpu time = 00:01:17, elapsed time = 00:01:04, memory = 3146.64 (MB), peak = 4327.41 (MB)
Total wire length = 1267754 um.
Total wire length on LAYER li1 = 0 um.
Total wire length on LAYER met1 = 435363 um.
Total wire length on LAYER met2 = 501183 um.
Total wire length on LAYER met3 = 217590 um.
Total wire length on LAYER met4 = 112046 um.
Total wire length on LAYER met5 = 1570 um.
Total number of vias = 260060.
Up-via summary (total 260060):

-------------------------
 FR_MASTERSLICE         0
            li1    108134
           met1    123456
           met2     23209
           met3      5177
           met4        84
-------------------------
               260060


[INFO DRT-0195] Start 8th guides tiles iteration.
    Completing 10% with 80 violations.
    elapsed time = 00:00:00, memory = 3186.52 (MB).
    Completing 20% with 80 violations.
    elapsed time = 00:00:00, memory = 3186.52 (MB).
    Completing 30% with 80 violations.
    elapsed time = 00:00:04, memory = 3146.64 (MB).
    Completing 50% with 72 violations.
    elapsed time = 00:00:04, memory = 3146.64 (MB).
    Completing 60% with 72 violations.
    elapsed time = 00:00:04, memory = 3146.64 (MB).
    Completing 70% with 72 violations.
    elapsed time = 00:00:07, memory = 3146.64 (MB).
    Completing 80% with 72 violations.
    elapsed time = 00:00:16, memory = 3146.64 (MB).
    Completing 100% with 36 violations.
    elapsed time = 00:00:25, memory = 3146.64 (MB).
[INFO DRT-0199]   Number of violations = 36.
Viol/Layer        met1   met2
Metal Spacing       17      3
Short               12      4
[INFO DRT-0267] cpu time = 00:00:27, elapsed time = 00:00:25, memory = 3146.64 (MB), peak = 4327.41 (MB)
Total wire length = 1267722 um.
Total wire length on LAYER li1 = 0 um.
Total wire length on LAYER met1 = 435225 um.
Total wire length on LAYER met2 = 501132 um.
Total wire length on LAYER met3 = 217596 um.
Total wire length on LAYER met4 = 112063 um.
Total wire length on LAYER met5 = 1704 um.
Total number of vias = 260063.
Up-via summary (total 260063):

-------------------------
 FR_MASTERSLICE         0
            li1    108133
           met1    123456
           met2     23207
           met3      5181
           met4        86
-------------------------
               260063


[INFO DRT-0195] Start 9th guides tiles iteration.
    Completing 20% with 36 violations.
    elapsed time = 00:00:08, memory = 3146.64 (MB).
    Completing 40% with 36 violations.
    elapsed time = 00:00:08, memory = 3146.64 (MB).
    Completing 60% with 36 violations.
    elapsed time = 00:00:10, memory = 3146.64 (MB).
    Completing 80% with 36 violations.
    elapsed time = 00:00:13, memory = 3146.64 (MB).
    Completing 100% with 25 violations.
    elapsed time = 00:00:13, memory = 3146.64 (MB).
[INFO DRT-0199]   Number of violations = 25.
Viol/Layer        met1   met2
Metal Spacing        6      3
Short               12      4
[INFO DRT-0267] cpu time = 00:00:14, elapsed time = 00:00:14, memory = 3146.64 (MB), peak = 4327.41 (MB)
Total wire length = 1267723 um.
Total wire length on LAYER li1 = 0 um.
Total wire length on LAYER met1 = 435225 um.
Total wire length on LAYER met2 = 501133 um.
Total wire length on LAYER met3 = 217596 um.
Total wire length on LAYER met4 = 112063 um.
Total wire length on LAYER met5 = 1704 um.
Total number of vias = 260063.
Up-via summary (total 260063):

-------------------------
 FR_MASTERSLICE         0
            li1    108133
           met1    123456
           met2     23207
           met3      5181
           met4        86
-------------------------
               260063


[INFO DRT-0195] Start 10th guides tiles iteration.
    Completing 20% with 25 violations.
    elapsed time = 00:00:02, memory = 3146.64 (MB).
    Completing 50% with 8 violations.
    elapsed time = 00:00:02, memory = 3146.64 (MB).
    Completing 70% with 8 violations.
    elapsed time = 00:00:02, memory = 3146.64 (MB).
    Completing 100% with 8 violations.
    elapsed time = 00:00:03, memory = 3146.64 (MB).
[INFO DRT-0199]   Number of violations = 8.
Viol/Layer        met1   met2
Metal Spacing        2      2
Short                0      4
[INFO DRT-0267] cpu time = 00:00:04, elapsed time = 00:00:03, memory = 3146.64 (MB), peak = 4327.41 (MB)
Total wire length = 1267748 um.
Total wire length on LAYER li1 = 0 um.
Total wire length on LAYER met1 = 435220 um.
Total wire length on LAYER met2 = 501134 um.
Total wire length on LAYER met3 = 217622 um.
Total wire length on LAYER met4 = 112066 um.
Total wire length on LAYER met5 = 1704 um.
Total number of vias = 260073.
Up-via summary (total 260073):

-------------------------
 FR_MASTERSLICE         0
            li1    108133
           met1    123458
           met2     23215
           met3      5181
           met4        86
-------------------------
               260073


[INFO DRT-0195] Start 11th guides tiles iteration.
    Completing 50% with 8 violations.
    elapsed time = 00:00:00, memory = 3146.64 (MB).
    Completing 100% with 0 violations.
    elapsed time = 00:00:00, memory = 3146.64 (MB).
[INFO DRT-0199]   Number of violations = 0.
[INFO DRT-0267] cpu time = 00:00:01, elapsed time = 00:00:00, memory = 3146.64 (MB), peak = 4327.41 (MB)
Total wire length = 1267760 um.
Total wire length on LAYER li1 = 0 um.
Total wire length on LAYER met1 = 435209 um.
Total wire length on LAYER met2 = 501139 um.
Total wire length on LAYER met3 = 217633 um.
Total wire length on LAYER met4 = 112072 um.
Total wire length on LAYER met5 = 1704 um.
Total number of vias = 260077.
Up-via summary (total 260077):

-------------------------
 FR_MASTERSLICE         0
            li1    108133
           met1    123458
           met2     23217
           met3      5183
           met4        86
-------------------------
               260077


[INFO DRT-0198] Complete detail routing.
Total wire length = 1267760 um.
Total wire length on LAYER li1 = 0 um.
Total wire length on LAYER met1 = 435209 um.
Total wire length on LAYER met2 = 501139 um.
Total wire length on LAYER met3 = 217633 um.
Total wire length on LAYER met4 = 112072 um.
Total wire length on LAYER met5 = 1704 um.
Total number of vias = 260077.
Up-via summary (total 260077):

-------------------------
 FR_MASTERSLICE         0
            li1    108133
           met1    123458
           met2     23217
           met3      5183
           met4        86
-------------------------
               260077


[INFO DRT-0267] cpu time = 00:54:07, elapsed time = 00:15:41, memory = 3146.64 (MB), peak = 4327.41 (MB)

[INFO DRT-0180] Post processing.
[INFO DRT-0501] Runtime: 1087.62s
[INFO ANT-0002] Found 4 net violations.
[INFO ANT-0001] Found 4 pin violations.
[INFO GRT-0012] Found 4 antenna violations.
[INFO DPL-0006] Core area: 569088.30 um^2
[INFO DPL-0007] Movable instances area: 0.00 um^2
[INFO DPL-0008] Fixed instances area within core: 281118.36 um^2
[INFO DPL-0009] Utilization: 49.4%
[INFO DPL-0005] Diamond search max displacement: +/- 500 sites horizontally, +/- 100 rows vertically.
[INFO DPL-1102] Legalizing using negotiation legalizer.
[INFO DPL-1103] Negotiation base search window: +/-20 sites horizontally, +/-5 rows vertically 
	Automatic search window extension enabled.
	Search window extendable up to the max displacement cap of +/-500 sites, +/-100 rows near walls.
[INFO DPL-1104] NegotiationLegalizer DRC penalty: 5.
[INFO DPL-0392] Negotiation cell height distribution (1 unique row-count(s)):
[INFO DPL-0393]   height 1 row(s): 37008 cells
[INFO DPL-0500] Runtime: 0.41s
[INFO GRT-0015] Inserted 4 diodes.
[WARNING DRT-0120] Large net net2253 has 101 pins which may impact routing performance. Consider optimization.
[WARNING DRT-0120] Large net net2132 has 110 pins which may impact routing performance. Consider optimization.
[WARNING DRT-0120] Large net net2108 has 117 pins which may impact routing performance. Consider optimization.
[WARNING DRT-0120] Large net net2473 has 113 pins which may impact routing performance. Consider optimization.
[WARNING DRT-0120] Large net net2472 has 125 pins which may impact routing performance. Consider optimization.
[WARNING DRT-0120] Large net net2459 has 113 pins which may impact routing performance. Consider optimization.
[WARNING DRT-0120] Large net net2384 has 128 pins which may impact routing performance. Consider optimization.
[WARNING DRT-0120] Large net net2379 has 107 pins which may impact routing performance. Consider optimization.
[WARNING DRT-0120] Large net net2369 has 106 pins which may impact routing performance. Consider optimization.
[WARNING DRT-0120] Large net net2368 has 121 pins which may impact routing performance. Consider optimization.
[WARNING DRT-0120] Large net net2363 has 125 pins which may impact routing performance. Consider optimization.
[WARNING DRT-0120] Large net net2322 has 116 pins which may impact routing performance. Consider optimization.
[WARNING DRT-0120] Large net net2242 has 120 pins which may impact routing performance. Consider optimization.
[WARNING DRT-0120] Large net net2243 has 110 pins which may impact routing performance. Consider optimization.
[WARNING DRT-0120] Large net net2143 has 104 pins which may impact routing performance. Consider optimization.
[INFO DRT-0024]   Complete FR_MASTERSLICE.
[INFO DRT-0024]   Complete Fr_VIA.
[INFO DRT-0024]   Complete li1.
[INFO DRT-0024]   Complete mcon.
[INFO DRT-0024]   Complete met1.
[INFO DRT-0024]   Complete via.
[INFO DRT-0024]   Complete met2.
[INFO DRT-0024]   Complete via2.
[INFO DRT-0024]   Complete met3.
[INFO DRT-0024]   Complete via3.
[INFO DRT-0024]   Complete met4.
[INFO DRT-0024]   Complete via4.
[INFO DRT-0024]   Complete met5.
[INFO DRT-0165] Start pin access.
[INFO DRT-0076]   Complete 1000 pins.
[INFO DRT-0078]   Complete 1998 pins.
[INFO DRT-0079]   Complete 100 unique inst patterns.
[INFO DRT-0079]   Complete 200 unique inst patterns.
[INFO DRT-0081]   Complete 247 unique inst patterns.
[INFO DRT-0082]   Complete 10000 groups.
[INFO DRT-0084]   Complete 18481 groups.
#scanned instances     = 37008
#unique  instances     = 247
#stdCellGenAp          = 8645
#stdCellValidPlanarAp  = 115
#stdCellValidViaAp     = 5889
#stdCellPinNoAp        = 6
#stdCellPinCnt         = 107906
#instTermValidViaApCnt = 0
#macroGenAp            = 0
#macroValidPlanarAp    = 0
#macroValidViaAp       = 0
#macroNoAp             = 0
[INFO DRT-0166] Complete pin access.
[INFO DRT-0267] cpu time = 00:18:14, elapsed time = 00:02:13, memory = 3169.51 (MB), peak = 4327.41 (MB)
[INFO DRT-0156] guideIn read 100000 guides.
[INFO DRT-0156] guideIn read 200000 guides.

[INFO DRT-0157] Number of guides:     256346

[INFO DRT-0169] Post process guides.
[INFO DRT-0176] GCELLGRID X 0 DO 109 STEP 6900 ;
[INFO DRT-0177] GCELLGRID Y 0 DO 109 STEP 6900 ;
[INFO DRT-0026]   Complete 100000 origin guides.
[INFO DRT-0026]   Complete 200000 origin guides.
[INFO DRT-0028]   Complete FR_MASTERSLICE.
[INFO DRT-0028]   Complete Fr_VIA.
[INFO DRT-0028]   Complete li1.
[INFO DRT-0028]   Complete mcon.
[INFO DRT-0028]   Complete met1.
[INFO DRT-0028]   Complete via.
[INFO DRT-0028]   Complete met2.
[INFO DRT-0028]   Complete via2.
[INFO DRT-0028]   Complete met3.
[INFO DRT-0028]   Complete via3.
[INFO DRT-0028]   Complete met4.
[INFO DRT-0028]   Complete via4.
[INFO DRT-0028]   Complete met5.
[INFO DRT-0178] Init guide query.
[INFO DRT-0035]   Complete FR_MASTERSLICE (guide).
[INFO DRT-0035]   Complete Fr_VIA (guide).
[INFO DRT-0035]   Complete li1 (guide).
[INFO DRT-0035]   Complete mcon (guide).
[INFO DRT-0035]   Complete met1 (guide).
[INFO DRT-0035]   Complete via (guide).
[INFO DRT-0035]   Complete met2 (guide).
[INFO DRT-0035]   Complete via2 (guide).
[INFO DRT-0035]   Complete met3 (guide).
[INFO DRT-0035]   Complete via3 (guide).
[INFO DRT-0035]   Complete met4 (guide).
[INFO DRT-0035]   Complete via4 (guide).
[INFO DRT-0035]   Complete met5 (guide).
[INFO DRT-0036] FR_MASTERSLICE guide region query size = 0.
[INFO DRT-0036] FR_VIA guide region query size = 0.
[INFO DRT-0036] li1 guide region query size = 86320.
[INFO DRT-0036] mcon guide region query size = 0.
[INFO DRT-0036] met1 guide region query size = 74286.
[INFO DRT-0036] via guide region query size = 0.
[INFO DRT-0036] met2 guide region query size = 39937.
[INFO DRT-0036] via2 guide region query size = 0.
[INFO DRT-0036] met3 guide region query size = 4203.
[INFO DRT-0036] via3 guide region query size = 0.
[INFO DRT-0036] met4 guide region query size = 2007.
[INFO DRT-0036] via4 guide region query size = 0.
[INFO DRT-0036] met5 guide region query size = 50.
[INFO DRT-0179] Init gr pin query.
[INFO DRT-0267] cpu time = 00:00:02, elapsed time = 00:00:00, memory = 3169.51 (MB), peak = 4327.41 (MB)
[INFO DRT-0245] skipped writing guide updates to database.
[INFO DRT-0181] Start track assignment.
[INFO DRT-0184] Done with 128264 vertical wires in 3 frboxes and 78539 horizontal wires in 3 frboxes.
[INFO DRT-0186] Done with 19526 vertical wires in 3 frboxes and 33583 horizontal wires in 3 frboxes.
[INFO DRT-0182] Complete track assignment.
[INFO DRT-0267] cpu time = 00:00:18, elapsed time = 00:00:10, memory = 3169.51 (MB), peak = 4327.41 (MB)
[INFO DRT-0187] Start routing data preparation.
[INFO DRT-0267] cpu time = 00:00:00, elapsed time = 00:00:00, memory = 3169.51 (MB), peak = 4327.41 (MB)
[INFO DRT-0194] Start detail routing.
[INFO DRT-0195] Start 0th optimization iteration.
    Completing 10% with 0 violations.
    elapsed time = 00:00:03, memory = 3558.30 (MB).
    Completing 20% with 0 violations.
    elapsed time = 00:00:07, memory = 3466.10 (MB).
    Completing 30% with 101 violations.
    elapsed time = 00:00:10, memory = 3496.18 (MB).
    Completing 40% with 101 violations.
    elapsed time = 00:00:13, memory = 3406.27 (MB).
    Completing 50% with 101 violations.
    elapsed time = 00:00:15, memory = 3169.54 (MB).
    Completing 60% with 252 violations.
    elapsed time = 00:00:20, memory = 3554.08 (MB).
    Completing 70% with 252 violations.
    elapsed time = 00:00:22, memory = 3339.33 (MB).
    Completing 80% with 390 violations.
    elapsed time = 00:00:25, memory = 3595.07 (MB).
    Completing 90% with 390 violations.
    elapsed time = 00:00:28, memory = 3448.72 (MB).
    Completing 100% with 534 violations.
    elapsed time = 00:00:30, memory = 3201.14 (MB).
[INFO DRT-0199]   Number of violations = 546.
Viol/Layer        met1    via   met2
Metal Spacing       46      0     44
Recheck              4      0      8
Short              233      1    210
[INFO DRT-0267] cpu time = 00:04:29, elapsed time = 00:00:30, memory = 3201.14 (MB), peak = 4327.41 (MB)
Total wire length = 1267858 um.
Total wire length on LAYER li1 = 0 um.
Total wire length on LAYER met1 = 435770 um.
Total wire length on LAYER met2 = 501588 um.
Total wire length on LAYER met3 = 217140 um.
Total wire length on LAYER met4 = 111675 um.
Total wire length on LAYER met5 = 1684 um.
Total number of vias = 260012.
Up-via summary (total 260012):

-------------------------
 FR_MASTERSLICE         0
            li1    108138
           met1    123445
           met2     23180
           met3      5165
           met4        84
-------------------------
               260012


[INFO DRT-0195] Start 1st optimization iteration.
    Completing 10% with 546 violations.
    elapsed time = 00:00:02, memory = 3613.77 (MB).
    Completing 20% with 546 violations.
    elapsed time = 00:00:04, memory = 3485.68 (MB).
    Completing 30% with 532 violations.
    elapsed time = 00:00:07, memory = 3555.53 (MB).
    Completing 40% with 532 violations.
    elapsed time = 00:00:10, memory = 3516.81 (MB).
    Completing 50% with 532 violations.
    elapsed time = 00:00:12, memory = 3201.14 (MB).
    Completing 60% with 531 violations.
    elapsed time = 00:00:15, memory = 3626.25 (MB).
    Completing 70% with 531 violations.
    elapsed time = 00:00:19, memory = 3459.87 (MB).
    Completing 80% with 558 violations.
    elapsed time = 00:00:24, memory = 3610.27 (MB).
    Completing 90% with 558 violations.
    elapsed time = 00:00:30, memory = 3594.08 (MB).
    Completing 100% with 624 violations.
    elapsed time = 00:00:33, memory = 3238.35 (MB).
[INFO DRT-0199]   Number of violations = 624.
Viol/Layer        met1   met2
Metal Spacing       59     74
Short              331    160
[INFO DRT-0267] cpu time = 00:04:26, elapsed time = 00:00:33, memory = 3238.35 (MB), peak = 4327.41 (MB)
Total wire length = 1267865 um.
Total wire length on LAYER li1 = 0 um.
Total wire length on LAYER met1 = 435772 um.
Total wire length on LAYER met2 = 501556 um.
Total wire length on LAYER met3 = 217152 um.
Total wire length on LAYER met4 = 111700 um.
Total wire length on LAYER met5 = 1684 um.
Total number of vias = 260013.
Up-via summary (total 260013):

-------------------------
 FR_MASTERSLICE         0
            li1    108138
           met1    123440
           met2     23184
           met3      5167
           met4        84
-------------------------
               260013


[INFO DRT-0195] Start 2nd optimization iteration.
    Completing 10% with 624 violations.
    elapsed time = 00:00:00, memory = 3238.35 (MB).
    Completing 20% with 624 violations.
    elapsed time = 00:00:00, memory = 3238.35 (MB).
    Completing 30% with 617 violations.
    elapsed time = 00:00:02, memory = 3238.35 (MB).
    Completing 40% with 617 violations.
    elapsed time = 00:00:02, memory = 3238.35 (MB).
    Completing 50% with 617 violations.
    elapsed time = 00:00:04, memory = 3238.35 (MB).
    Completing 60% with 627 violations.
    elapsed time = 00:00:04, memory = 3238.35 (MB).
    Completing 70% with 627 violations.
    elapsed time = 00:00:04, memory = 3238.35 (MB).
    Completing 80% with 630 violations.
    elapsed time = 00:00:07, memory = 3238.35 (MB).
    Completing 90% with 630 violations.
    elapsed time = 00:00:07, memory = 3238.75 (MB).
    Completing 100% with 606 violations.
    elapsed time = 00:00:10, memory = 3238.35 (MB).
[INFO DRT-0199]   Number of violations = 606.
Viol/Layer        met1   met2
Metal Spacing       83     57
Short              309    157
[INFO DRT-0267] cpu time = 00:00:54, elapsed time = 00:00:11, memory = 3238.35 (MB), peak = 4327.41 (MB)
Total wire length = 1267868 um.
Total wire length on LAYER li1 = 0 um.
Total wire length on LAYER met1 = 435773 um.
Total wire length on LAYER met2 = 501556 um.
Total wire length on LAYER met3 = 217154 um.
Total wire length on LAYER met4 = 111700 um.
Total wire length on LAYER met5 = 1684 um.
Total number of vias = 260014.
Up-via summary (total 260014):

-------------------------
 FR_MASTERSLICE         0
            li1    108138
           met1    123443
           met2     23182
           met3      5167
           met4        84
-------------------------
               260014


[INFO DRT-0195] Start 3rd optimization iteration.
    Completing 10% with 606 violations.
    elapsed time = 00:00:00, memory = 3238.35 (MB).
    Completing 20% with 606 violations.
    elapsed time = 00:00:00, memory = 3238.35 (MB).
    Completing 30% with 545 violations.
    elapsed time = 00:00:08, memory = 3238.35 (MB).
    Completing 40% with 545 violations.
    elapsed time = 00:00:08, memory = 3238.35 (MB).
    Completing 50% with 545 violations.
    elapsed time = 00:00:27, memory = 3238.35 (MB).
    Completing 60% with 421 violations.
    elapsed time = 00:00:27, memory = 3238.35 (MB).
    Completing 70% with 421 violations.
    elapsed time = 00:00:27, memory = 3238.35 (MB).
    Completing 80% with 376 violations.
    elapsed time = 00:00:57, memory = 3238.35 (MB).
    Completing 90% with 376 violations.
    elapsed time = 00:00:57, memory = 3238.35 (MB).
    Completing 100% with 276 violations.
    elapsed time = 00:01:23, memory = 3238.35 (MB).
[INFO DRT-0199]   Number of violations = 276.
Viol/Layer        met1   met2   met3
Metal Spacing       43     58      3
Short               53    119      0
[INFO DRT-0267] cpu time = 00:03:46, elapsed time = 00:01:23, memory = 3238.35 (MB), peak = 4327.41 (MB)
Total wire length = 1267938 um.
Total wire length on LAYER li1 = 0 um.
Total wire length on LAYER met1 = 435298 um.
Total wire length on LAYER met2 = 501416 um.
Total wire length on LAYER met3 = 217663 um.
Total wire length on LAYER met4 = 111889 um.
Total wire length on LAYER met5 = 1670 um.
Total number of vias = 260141.
Up-via summary (total 260141):

-------------------------
 FR_MASTERSLICE         0
            li1    108138
           met1    123484
           met2     23255
           met3      5182
           met4        82
-------------------------
               260141


[INFO DRT-0195] Start 4th optimization iteration.
    Completing 10% with 276 violations.
    elapsed time = 00:00:00, memory = 3238.35 (MB).
    Completing 20% with 276 violations.
    elapsed time = 00:00:00, memory = 3238.35 (MB).
    Completing 30% with 276 violations.
    elapsed time = 00:00:09, memory = 3238.35 (MB).
    Completing 40% with 276 violations.
    elapsed time = 00:00:09, memory = 3238.35 (MB).
    Completing 50% with 276 violations.
    elapsed time = 00:00:33, memory = 3238.35 (MB).
    Completing 60% with 259 violations.
    elapsed time = 00:00:33, memory = 3238.35 (MB).
    Completing 70% with 259 violations.
    elapsed time = 00:00:33, memory = 3238.35 (MB).
    Completing 80% with 134 violations.
    elapsed time = 00:00:45, memory = 3238.35 (MB).
    Completing 90% with 134 violations.
    elapsed time = 00:00:45, memory = 3238.35 (MB).
    Completing 100% with 90 violations.
    elapsed time = 00:00:54, memory = 3238.35 (MB).
[INFO DRT-0199]   Number of violations = 90.
Viol/Layer        met1   met2
Metal Spacing       24     20
Short                7     39
[INFO DRT-0267] cpu time = 00:01:43, elapsed time = 00:00:55, memory = 3238.35 (MB), peak = 4327.41 (MB)
Total wire length = 1267931 um.
Total wire length on LAYER li1 = 0 um.
Total wire length on LAYER met1 = 435129 um.
Total wire length on LAYER met2 = 501194 um.
Total wire length on LAYER met3 = 217825 um.
Total wire length on LAYER met4 = 112111 um.
Total wire length on LAYER met5 = 1670 um.
Total number of vias = 260164.
Up-via summary (total 260164):

-------------------------
 FR_MASTERSLICE         0
            li1    108138
           met1    123466
           met2     23270
           met3      5208
           met4        82
-------------------------
               260164


[INFO DRT-0195] Start 5th guides tiles iteration.
    Completing 10% with 90 violations.
    elapsed time = 00:00:00, memory = 3238.35 (MB).
    Completing 20% with 90 violations.
    elapsed time = 00:00:00, memory = 3238.35 (MB).
    Completing 30% with 90 violations.
    elapsed time = 00:00:00, memory = 3238.35 (MB).
    Completing 40% with 90 violations.
    elapsed time = 00:00:01, memory = 3238.35 (MB).
    Completing 50% with 90 violations.
    elapsed time = 00:00:08, memory = 3238.35 (MB).
    Completing 60% with 49 violations.
    elapsed time = 00:00:08, memory = 3238.35 (MB).
    Completing 70% with 49 violations.
    elapsed time = 00:00:08, memory = 3238.35 (MB).
    Completing 80% with 49 violations.
    elapsed time = 00:00:08, memory = 3281.32 (MB).
    Completing 90% with 29 violations.
    elapsed time = 00:00:13, memory = 3238.35 (MB).
    Completing 100% with 29 violations.
    elapsed time = 00:00:13, memory = 3238.35 (MB).
[INFO DRT-0199]   Number of violations = 29.
Viol/Layer        met1   met2
Metal Spacing        1     12
Short                0     16
[INFO DRT-0267] cpu time = 00:00:19, elapsed time = 00:00:13, memory = 3238.35 (MB), peak = 4327.41 (MB)
Total wire length = 1267915 um.
Total wire length on LAYER li1 = 0 um.
Total wire length on LAYER met1 = 435098 um.
Total wire length on LAYER met2 = 501126 um.
Total wire length on LAYER met3 = 217843 um.
Total wire length on LAYER met4 = 112177 um.
Total wire length on LAYER met5 = 1670 um.
Total number of vias = 260163.
Up-via summary (total 260163):

-------------------------
 FR_MASTERSLICE         0
            li1    108138
           met1    123470
           met2     23269
           met3      5204
           met4        82
-------------------------
               260163


[INFO DRT-0195] Start 6th guides tiles iteration.
    Completing 20% with 29 violations.
    elapsed time = 00:00:00, memory = 3238.35 (MB).
    Completing 40% with 29 violations.
    elapsed time = 00:00:03, memory = 3238.35 (MB).
    Completing 60% with 29 violations.
    elapsed time = 00:00:06, memory = 3238.35 (MB).
    Completing 80% with 29 violations.
    elapsed time = 00:00:06, memory = 3281.32 (MB).
    Completing 100% with 29 violations.
    elapsed time = 00:00:10, memory = 3238.35 (MB).
[INFO DRT-0199]   Number of violations = 29.
Viol/Layer        met1   met2
Metal Spacing        1     12
Short                0     16
[INFO DRT-0267] cpu time = 00:00:14, elapsed time = 00:00:10, memory = 3238.35 (MB), peak = 4327.41 (MB)
Total wire length = 1267915 um.
Total wire length on LAYER li1 = 0 um.
Total wire length on LAYER met1 = 435098 um.
Total wire length on LAYER met2 = 501126 um.
Total wire length on LAYER met3 = 217843 um.
Total wire length on LAYER met4 = 112177 um.
Total wire length on LAYER met5 = 1670 um.
Total number of vias = 260163.
Up-via summary (total 260163):

-------------------------
 FR_MASTERSLICE         0
            li1    108138
           met1    123470
           met2     23269
           met3      5204
           met4        82
-------------------------
               260163


[INFO DRT-0195] Start 7th stubborn tiles iteration.
    Completing 10% with 29 violations.
    elapsed time = 00:00:24, memory = 3427.82 (MB).
    Completing 20% with 29 violations.
    elapsed time = 00:00:46, memory = 3560.34 (MB).
    Completing 30% with 29 violations.
    elapsed time = 00:01:13, memory = 3613.29 (MB).
    Completing 40% with 29 violations.
    elapsed time = 00:01:28, memory = 3706.54 (MB).
    Completing 50% with 29 violations.
    elapsed time = 00:01:40, memory = 3780.86 (MB).
    Completing 60% with 29 violations.
    elapsed time = 00:01:47, memory = 3870.24 (MB).
    Completing 70% with 29 violations.
    elapsed time = 00:01:52, memory = 3519.95 (MB).
    Completing 80% with 15 violations.
    elapsed time = 00:02:44, memory = 4041.86 (MB).
    Completing 90% with 15 violations.
    elapsed time = 00:03:06, memory = 4131.05 (MB).
    Completing 100% with 0 violations.
    elapsed time = 00:04:02, memory = 3544.00 (MB).
[INFO DRT-0199]   Number of violations = 0.
[INFO DRT-0267] cpu time = 00:34:20, elapsed time = 00:04:02, memory = 3544.00 (MB), peak = 4327.41 (MB)
Total wire length = 1267932 um.
Total wire length on LAYER li1 = 0 um.
Total wire length on LAYER met1 = 435102 um.
Total wire length on LAYER met2 = 501097 um.
Total wire length on LAYER met3 = 217857 um.
Total wire length on LAYER met4 = 112204 um.
Total wire length on LAYER met5 = 1670 um.
Total number of vias = 260173.
Up-via summary (total 260173):

-------------------------
 FR_MASTERSLICE         0
            li1    108138
           met1    123476
           met2     23271
           met3      5206
           met4        82
-------------------------
               260173


[INFO DRT-0198] Complete detail routing.
Total wire length = 1267932 um.
Total wire length on LAYER li1 = 0 um.
Total wire length on LAYER met1 = 435102 um.
Total wire length on LAYER met2 = 501097 um.
Total wire length on LAYER met3 = 217857 um.
Total wire length on LAYER met4 = 112204 um.
Total wire length on LAYER met5 = 1670 um.
Total number of vias = 260173.
Up-via summary (total 260173):

-------------------------
 FR_MASTERSLICE         0
            li1    108138
           met1    123476
           met2     23271
           met3      5206
           met4        82
-------------------------
               260173


[INFO DRT-0267] cpu time = 00:50:16, elapsed time = 00:08:01, memory = 3544.00 (MB), peak = 4327.41 (MB)

[INFO DRT-0180] Post processing.
[INFO DRT-0501] Runtime: 608.99s
[INFO ANT-0002] Found 2 net violations.
[INFO ANT-0001] Found 4 pin violations.
[INFO GRT-0012] Found 2 antenna violations.
[INFO DPL-0006] Core area: 569088.30 um^2
[INFO DPL-0007] Movable instances area: 0.00 um^2
[INFO DPL-0008] Fixed instances area within core: 281128.37 um^2
[INFO DPL-0009] Utilization: 49.4%
[INFO DPL-0005] Diamond search max displacement: +/- 500 sites horizontally, +/- 100 rows vertically.
[INFO DPL-1102] Legalizing using negotiation legalizer.
[INFO DPL-1103] Negotiation base search window: +/-20 sites horizontally, +/-5 rows vertically 
	Automatic search window extension enabled.
	Search window extendable up to the max displacement cap of +/-500 sites, +/-100 rows near walls.
[INFO DPL-1104] NegotiationLegalizer DRC penalty: 5.
[INFO DPL-0392] Negotiation cell height distribution (1 unique row-count(s)):
[INFO DPL-0393]   height 1 row(s): 37012 cells
[INFO DPL-0500] Runtime: 0.23s
[INFO GRT-0015] Inserted 4 diodes.
[WARNING DRT-0120] Large net net2253 has 101 pins which may impact routing performance. Consider optimization.
[WARNING DRT-0120] Large net net2132 has 110 pins which may impact routing performance. Consider optimization.
[WARNING DRT-0120] Large net net2108 has 117 pins which may impact routing performance. Consider optimization.
[WARNING DRT-0120] Large net net2473 has 113 pins which may impact routing performance. Consider optimization.
[WARNING DRT-0120] Large net net2472 has 125 pins which may impact routing performance. Consider optimization.
[WARNING DRT-0120] Large net net2459 has 113 pins which may impact routing performance. Consider optimization.
[WARNING DRT-0120] Large net net2384 has 128 pins which may impact routing performance. Consider optimization.
[WARNING DRT-0120] Large net net2379 has 107 pins which may impact routing performance. Consider optimization.
[WARNING DRT-0120] Large net net2369 has 106 pins which may impact routing performance. Consider optimization.
[WARNING DRT-0120] Large net net2368 has 121 pins which may impact routing performance. Consider optimization.
[WARNING DRT-0120] Large net net2363 has 125 pins which may impact routing performance. Consider optimization.
[WARNING DRT-0120] Large net net2322 has 116 pins which may impact routing performance. Consider optimization.
[WARNING DRT-0120] Large net net2242 has 120 pins which may impact routing performance. Consider optimization.
[WARNING DRT-0120] Large net net2243 has 110 pins which may impact routing performance. Consider optimization.
[WARNING DRT-0120] Large net net2143 has 104 pins which may impact routing performance. Consider optimization.
[INFO DRT-0024]   Complete FR_MASTERSLICE.
[INFO DRT-0024]   Complete Fr_VIA.
[INFO DRT-0024]   Complete li1.
[INFO DRT-0024]   Complete mcon.
[INFO DRT-0024]   Complete met1.
[INFO DRT-0024]   Complete via.
[INFO DRT-0024]   Complete met2.
[INFO DRT-0024]   Complete via2.
[INFO DRT-0024]   Complete met3.
[INFO DRT-0024]   Complete via3.
[INFO DRT-0024]   Complete met4.
[INFO DRT-0024]   Complete via4.
[INFO DRT-0024]   Complete met5.
[INFO DRT-0165] Start pin access.
[INFO DRT-0076]   Complete 1000 pins.
[INFO DRT-0078]   Complete 1998 pins.
[INFO DRT-0079]   Complete 100 unique inst patterns.
[INFO DRT-0079]   Complete 200 unique inst patterns.
[INFO DRT-0081]   Complete 247 unique inst patterns.
[INFO DRT-0082]   Complete 10000 groups.
[INFO DRT-0084]   Complete 18481 groups.
#scanned instances     = 37012
#unique  instances     = 247
#stdCellGenAp          = 8645
#stdCellValidPlanarAp  = 115
#stdCellValidViaAp     = 5889
#stdCellPinNoAp        = 6
#stdCellPinCnt         = 107906
#instTermValidViaApCnt = 0
#macroGenAp            = 0
#macroValidPlanarAp    = 0
#macroValidViaAp       = 0
#macroNoAp             = 0
[INFO DRT-0166] Complete pin access.
[INFO DRT-0267] cpu time = 00:18:01, elapsed time = 00:01:49, memory = 3543.98 (MB), peak = 4327.41 (MB)
[INFO DRT-0156] guideIn read 100000 guides.
[INFO DRT-0156] guideIn read 200000 guides.

[INFO DRT-0157] Number of guides:     256333

[INFO DRT-0169] Post process guides.
[INFO DRT-0176] GCELLGRID X 0 DO 109 STEP 6900 ;
[INFO DRT-0177] GCELLGRID Y 0 DO 109 STEP 6900 ;
[INFO DRT-0026]   Complete 100000 origin guides.
[INFO DRT-0026]   Complete 200000 origin guides.
[INFO DRT-0028]   Complete FR_MASTERSLICE.
[INFO DRT-0028]   Complete Fr_VIA.
[INFO DRT-0028]   Complete li1.
[INFO DRT-0028]   Complete mcon.
[INFO DRT-0028]   Complete met1.
[INFO DRT-0028]   Complete via.
[INFO DRT-0028]   Complete met2.
[INFO DRT-0028]   Complete via2.
[INFO DRT-0028]   Complete met3.
[INFO DRT-0028]   Complete via3.
[INFO DRT-0028]   Complete met4.
[INFO DRT-0028]   Complete via4.
[INFO DRT-0028]   Complete met5.
[INFO DRT-0178] Init guide query.
[INFO DRT-0035]   Complete FR_MASTERSLICE (guide).
[INFO DRT-0035]   Complete Fr_VIA (guide).
[INFO DRT-0035]   Complete li1 (guide).
[INFO DRT-0035]   Complete mcon (guide).
[INFO DRT-0035]   Complete met1 (guide).
[INFO DRT-0035]   Complete via (guide).
[INFO DRT-0035]   Complete met2 (guide).
[INFO DRT-0035]   Complete via2 (guide).
[INFO DRT-0035]   Complete met3 (guide).
[INFO DRT-0035]   Complete via3 (guide).
[INFO DRT-0035]   Complete met4 (guide).
[INFO DRT-0035]   Complete via4 (guide).
[INFO DRT-0035]   Complete met5 (guide).
[INFO DRT-0036] FR_MASTERSLICE guide region query size = 0.
[INFO DRT-0036] FR_VIA guide region query size = 0.
[INFO DRT-0036] li1 guide region query size = 86320.
[INFO DRT-0036] mcon guide region query size = 0.
[INFO DRT-0036] met1 guide region query size = 74286.
[INFO DRT-0036] via guide region query size = 0.
[INFO DRT-0036] met2 guide region query size = 39935.
[INFO DRT-0036] via2 guide region query size = 0.
[INFO DRT-0036] met3 guide region query size = 4199.
[INFO DRT-0036] via3 guide region query size = 0.
[INFO DRT-0036] met4 guide region query size = 2004.
[INFO DRT-0036] via4 guide region query size = 0.
[INFO DRT-0036] met5 guide region query size = 49.
[INFO DRT-0179] Init gr pin query.
[INFO DRT-0267] cpu time = 00:00:02, elapsed time = 00:00:00, memory = 3543.98 (MB), peak = 4327.41 (MB)
[INFO DRT-0245] skipped writing guide updates to database.
[INFO DRT-0181] Start track assignment.
[INFO DRT-0184] Done with 128259 vertical wires in 3 frboxes and 78534 horizontal wires in 3 frboxes.
[INFO DRT-0186] Done with 19497 vertical wires in 3 frboxes and 33576 horizontal wires in 3 frboxes.
[INFO DRT-0182] Complete track assignment.
[INFO DRT-0267] cpu time = 00:00:18, elapsed time = 00:00:10, memory = 3543.98 (MB), peak = 4327.41 (MB)
[INFO DRT-0187] Start routing data preparation.
[INFO DRT-0267] cpu time = 00:00:00, elapsed time = 00:00:00, memory = 3543.98 (MB), peak = 4327.41 (MB)
[INFO DRT-0194] Start detail routing.
[INFO DRT-0195] Start 0th optimization iteration.
    Completing 10% with 0 violations.
    elapsed time = 00:00:02, memory = 3962.49 (MB).
    Completing 20% with 0 violations.
    elapsed time = 00:00:05, memory = 3950.12 (MB).
    Completing 30% with 64 violations.
    elapsed time = 00:00:07, memory = 3925.23 (MB).
    Completing 40% with 64 violations.
    elapsed time = 00:00:10, memory = 3865.31 (MB).
    Completing 50% with 64 violations.
    elapsed time = 00:00:13, memory = 3544.14 (MB).
    Completing 60% with 233 violations.
    elapsed time = 00:00:17, memory = 4014.79 (MB).
    Completing 70% with 233 violations.
    elapsed time = 00:00:19, memory = 3802.70 (MB).
    Completing 80% with 268 violations.
    elapsed time = 00:00:22, memory = 3971.12 (MB).
    Completing 90% with 268 violations.
    elapsed time = 00:00:25, memory = 3894.50 (MB).
    Completing 100% with 356 violations.
    elapsed time = 00:00:28, memory = 3553.00 (MB).
[INFO DRT-0199]   Number of violations = 385.
Viol/Layer        met1    via   met2   met3
Metal Spacing       27      0     15      2
Recheck             20      0      9      0
Short              209      2     96      5
[INFO DRT-0267] cpu time = 00:04:39, elapsed time = 00:00:28, memory = 3553.00 (MB), peak = 4327.41 (MB)
Total wire length = 1268168 um.
Total wire length on LAYER li1 = 0 um.
Total wire length on LAYER met1 = 435837 um.
Total wire length on LAYER met2 = 501251 um.
Total wire length on LAYER met3 = 217319 um.
Total wire length on LAYER met4 = 112090 um.
Total wire length on LAYER met5 = 1670 um.
Total number of vias = 260229.
Up-via summary (total 260229):

-------------------------
 FR_MASTERSLICE         0
            li1    108146
           met1    123542
           met2     23255
           met3      5204
           met4        82
-------------------------
               260229


[INFO DRT-0195] Start 1st optimization iteration.
    Completing 10% with 385 violations.
    elapsed time = 00:00:02, memory = 3894.80 (MB).
    Completing 20% with 385 violations.
    elapsed time = 00:00:06, memory = 3908.55 (MB).
    Completing 30% with 330 violations.
    elapsed time = 00:00:08, memory = 3870.25 (MB).
    Completing 40% with 330 violations.
    elapsed time = 00:00:11, memory = 3917.96 (MB).
    Completing 50% with 330 violations.
    elapsed time = 00:00:13, memory = 3553.00 (MB).
    Completing 60% with 288 violations.
    elapsed time = 00:00:16, memory = 4057.49 (MB).
    Completing 70% with 288 violations.
    elapsed time = 00:00:19, memory = 3778.00 (MB).
    Completing 80% with 233 violations.
    elapsed time = 00:00:21, memory = 3974.01 (MB).
    Completing 90% with 233 violations.
    elapsed time = 00:00:24, memory = 3911.82 (MB).
    Completing 100% with 194 violations.
    elapsed time = 00:00:26, memory = 3553.22 (MB).
[INFO DRT-0199]   Number of violations = 194.
Viol/Layer        met1   met2
Metal Spacing       19     34
Short               90     51
[INFO DRT-0267] cpu time = 00:04:25, elapsed time = 00:00:27, memory = 3553.22 (MB), peak = 4327.41 (MB)
Total wire length = 1268067 um.
Total wire length on LAYER li1 = 0 um.
Total wire length on LAYER met1 = 435682 um.
Total wire length on LAYER met2 = 501238 um.
Total wire length on LAYER met3 = 217386 um.
Total wire length on LAYER met4 = 112089 um.
Total wire length on LAYER met5 = 1670 um.
Total number of vias = 260196.
Up-via summary (total 260196):

-------------------------
 FR_MASTERSLICE         0
            li1    108145
           met1    123506
           met2     23261
           met3      5202
           met4        82
-------------------------
               260196


[INFO DRT-0195] Start 2nd optimization iteration.
    Completing 10% with 194 violations.
    elapsed time = 00:00:00, memory = 3553.22 (MB).
    Completing 20% with 194 violations.
    elapsed time = 00:00:00, memory = 3553.22 (MB).
    Completing 30% with 177 violations.
    elapsed time = 00:00:00, memory = 3553.22 (MB).
    Completing 40% with 177 violations.
    elapsed time = 00:00:00, memory = 3553.22 (MB).
    Completing 50% with 177 violations.
    elapsed time = 00:00:02, memory = 3553.22 (MB).
    Completing 60% with 158 violations.
    elapsed time = 00:00:03, memory = 3553.22 (MB).
    Completing 70% with 158 violations.
    elapsed time = 00:00:03, memory = 3553.22 (MB).
    Completing 80% with 158 violations.
    elapsed time = 00:00:03, memory = 3553.22 (MB).
    Completing 90% with 158 violations.
    elapsed time = 00:00:03, memory = 3553.22 (MB).
    Completing 100% with 161 violations.
    elapsed time = 00:00:05, memory = 3553.22 (MB).
[INFO DRT-0199]   Number of violations = 161.
Viol/Layer        met1   met2
Metal Spacing       14     23
Short               80     44
[INFO DRT-0267] cpu time = 00:00:31, elapsed time = 00:00:05, memory = 3553.22 (MB), peak = 4327.41 (MB)
Total wire length = 1268036 um.
Total wire length on LAYER li1 = 0 um.
Total wire length on LAYER met1 = 435630 um.
Total wire length on LAYER met2 = 501266 um.
Total wire length on LAYER met3 = 217379 um.
Total wire length on LAYER met4 = 112089 um.
Total wire length on LAYER met5 = 1670 um.
Total number of vias = 260198.
Up-via summary (total 260198):

-------------------------
 FR_MASTERSLICE         0
            li1    108146
           met1    123505
           met2     23263
           met3      5202
           met4        82
-------------------------
               260198


[INFO DRT-0195] Start 3rd optimization iteration.
    Completing 10% with 161 violations.
    elapsed time = 00:00:00, memory = 3553.22 (MB).
    Completing 20% with 161 violations.
    elapsed time = 00:00:00, memory = 3553.22 (MB).
    Completing 30% with 161 violations.
    elapsed time = 00:00:19, memory = 3553.22 (MB).
    Completing 40% with 161 violations.
    elapsed time = 00:00:19, memory = 3553.22 (MB).
    Completing 50% with 161 violations.
    elapsed time = 00:00:26, memory = 3553.22 (MB).
    Completing 60% with 102 violations.
    elapsed time = 00:00:27, memory = 3553.22 (MB).
    Completing 70% with 102 violations.
    elapsed time = 00:00:27, memory = 3553.22 (MB).
    Completing 80% with 102 violations.
    elapsed time = 00:00:27, memory = 3553.22 (MB).
    Completing 90% with 102 violations.
    elapsed time = 00:00:27, memory = 3553.22 (MB).
    Completing 100% with 58 violations.
    elapsed time = 00:00:31, memory = 3553.22 (MB).
[INFO DRT-0199]   Number of violations = 58.
Viol/Layer        met1    via   met2
Cut Spacing          0      1      0
Metal Spacing        5      0     18
Short               12      0     22
[INFO DRT-0267] cpu time = 00:01:09, elapsed time = 00:00:31, memory = 3553.22 (MB), peak = 4327.41 (MB)
Total wire length = 1268048 um.
Total wire length on LAYER li1 = 0 um.
Total wire length on LAYER met1 = 435306 um.
Total wire length on LAYER met2 = 501201 um.
Total wire length on LAYER met3 = 217730 um.
Total wire length on LAYER met4 = 112139 um.
Total wire length on LAYER met5 = 1670 um.
Total number of vias = 260261.
Up-via summary (total 260261):

-------------------------
 FR_MASTERSLICE         0
            li1    108146
           met1    123525
           met2     23299
           met3      5209
           met4        82
-------------------------
               260261


[INFO DRT-0195] Start 4th guides tiles iteration.
    Completing 10% with 58 violations.
    elapsed time = 00:00:13, memory = 3553.22 (MB).
    Completing 20% with 0 violations.
    elapsed time = 00:00:13, memory = 3553.22 (MB).
    Completing 30% with 0 violations.
    elapsed time = 00:00:13, memory = 3553.22 (MB).
    Completing 40% with 0 violations.
    elapsed time = 00:00:13, memory = 3553.22 (MB).
    Completing 50% with 0 violations.
    elapsed time = 00:00:13, memory = 3553.22 (MB).
    Completing 60% with 0 violations.
    elapsed time = 00:00:13, memory = 3553.22 (MB).
    Completing 70% with 0 violations.
    elapsed time = 00:00:13, memory = 3553.22 (MB).
    Completing 80% with 0 violations.
    elapsed time = 00:00:13, memory = 3553.22 (MB).
    Completing 90% with 0 violations.
    elapsed time = 00:00:13, memory = 3553.22 (MB).
    Completing 100% with 0 violations.
    elapsed time = 00:00:13, memory = 3553.22 (MB).
[INFO DRT-0199]   Number of violations = 0.
[INFO DRT-0267] cpu time = 00:00:13, elapsed time = 00:00:13, memory = 3553.22 (MB), peak = 4327.41 (MB)
Total wire length = 1268024 um.
Total wire length on LAYER li1 = 0 um.
Total wire length on LAYER met1 = 435295 um.
Total wire length on LAYER met2 = 501113 um.
Total wire length on LAYER met3 = 217744 um.
Total wire length on LAYER met4 = 112201 um.
Total wire length on LAYER met5 = 1670 um.
Total number of vias = 260253.
Up-via summary (total 260253):

-------------------------
 FR_MASTERSLICE         0
            li1    108147
           met1    123510
           met2     23302
           met3      5212
           met4        82
-------------------------
               260253


[INFO DRT-0198] Complete detail routing.
Total wire length = 1268024 um.
Total wire length on LAYER li1 = 0 um.
Total wire length on LAYER met1 = 435295 um.
Total wire length on LAYER met2 = 501113 um.
Total wire length on LAYER met3 = 217744 um.
Total wire length on LAYER met4 = 112201 um.
Total wire length on LAYER met5 = 1670 um.
Total number of vias = 260253.
Up-via summary (total 260253):

-------------------------
 FR_MASTERSLICE         0
            li1    108147
           met1    123510
           met2     23302
           met3      5212
           met4        82
-------------------------
               260253


[INFO DRT-0267] cpu time = 00:10:59, elapsed time = 00:01:46, memory = 3553.22 (MB), peak = 4327.41 (MB)

[INFO DRT-0180] Post processing.
[INFO DRT-0501] Runtime: 221.79s
[INFO ANT-0002] Found 0 net violations.
[INFO ANT-0001] Found 0 pin violations.
[INFO ANT-0002] Found 0 net violations.
[INFO ANT-0001] Found 0 pin violations.
Design area 281128 um^2 49% utilization.
write_db /root/cac_runs/ntt_dp_30ns/results/sky130hd/cac_ntt_dp_30ns/base/5_2_route.odb
Elapsed time: 2:14:38.43[h:]min:sec. CPU time: user 47057.98 sys 109.73 (583%). Peak memory: 4431272KB.
Log                       Ext     Elapsed/s Peak Memory/MB sha1sum result [0:20)
5_2_route                 .odb         8078           4327 2cc4da3969ebe6d0f331
