violation type: Vertical congestion
	srcs: net:net1470
	comment: capacity:0 usage:1 congestion:1
	bbox = (269.1000, 241.5000) - (276.0000, 248.4000) on Layer -
violation type: Vertical congestion
	srcs: net:net1461
	comment: capacity:0 usage:1 congestion:1
	bbox = (345.0000, 75.9000) - (351.9000, 82.8000) on Layer -
violation type: Vertical congestion
	srcs: net:net2219
	comment: capacity:0 usage:1 congestion:1
	bbox = (207.0000, 248.4000) - (213.9000, 255.3000) on Layer -
violation type: Vertical congestion
	srcs: net:sram_wdata\[23\]
	comment: capacity:0 usage:1 congestion:1
	bbox = (179.4000, 110.4000) - (186.3000, 117.3000) on Layer -
violation type: Vertical congestion
	srcs: net:net2309
	comment: capacity:0 usage:1 congestion:1
	bbox = (621.0000, 89.7000) - (627.9000, 96.6000) on Layer -
violation type: Vertical congestion
	srcs: net:net1466
	comment: capacity:0 usage:1 congestion:1
	bbox = (282.9000, 151.8000) - (289.8000, 158.7000) on Layer -
violation type: Vertical congestion
	srcs: net:net2207
	comment: capacity:0 usage:1 congestion:1
	bbox = (248.4000, 48.3000) - (255.3000, 55.2000) on Layer -
violation type: Vertical congestion
	srcs: net:net2213
	comment: capacity:0 usage:1 congestion:1
	bbox = (220.8000, 131.1000) - (227.7000, 138.0000) on Layer -
violation type: Vertical congestion
	srcs: net:net2312
	comment: capacity:0 usage:1 congestion:1
	bbox = (634.8000, 48.3000) - (641.7000, 55.2000) on Layer -
violation type: Vertical congestion
	srcs: net:net2309
	comment: capacity:0 usage:1 congestion:1
	bbox = (621.0000, 82.8000) - (627.9000, 89.7000) on Layer -
violation type: Vertical congestion
	srcs: net:net1460
	comment: capacity:0 usage:1 congestion:1
	bbox = (303.6000, 75.9000) - (310.5000, 82.8000) on Layer -
violation type: Vertical congestion
	srcs: net:net2207
	comment: capacity:0 usage:1 congestion:1
	bbox = (248.4000, 172.5000) - (255.3000, 179.4000) on Layer -
violation type: Vertical congestion
	srcs: net:net1465
	comment: capacity:0 usage:1 congestion:1
	bbox = (296.7000, 138.0000) - (303.6000, 144.9000) on Layer -
violation type: Vertical congestion
	srcs: net:net2309
	comment: capacity:0 usage:1 congestion:1
	bbox = (621.0000, 48.3000) - (627.9000, 55.2000) on Layer -
violation type: Vertical congestion
	srcs: net:net1467
	comment: capacity:0 usage:1 congestion:1
	bbox = (289.8000, 241.5000) - (296.7000, 248.4000) on Layer -
violation type: Vertical congestion
	srcs: net:net2207
	comment: capacity:0 usage:1 congestion:1
	bbox = (248.4000, 62.1000) - (255.3000, 69.0000) on Layer -
violation type: Vertical congestion
	srcs: net:net1471
	comment: capacity:0 usage:1 congestion:1
	bbox = (420.9000, 227.7000) - (427.8000, 234.6000) on Layer -
violation type: Vertical congestion
	srcs: net:net1472
	comment: capacity:0 usage:1 congestion:1
	bbox = (255.3000, 213.9000) - (262.2000, 220.8000) on Layer -
violation type: Vertical congestion
	srcs: net:s1_r\[11\]
	comment: capacity:0 usage:1 congestion:1
	bbox = (200.1000, 241.5000) - (207.0000, 248.4000) on Layer -
violation type: Vertical congestion
	srcs: net:net2312
	comment: capacity:0 usage:1 congestion:1
	bbox = (634.8000, 151.8000) - (641.7000, 158.7000) on Layer -
violation type: Vertical congestion
	srcs: net:net1471
	comment: capacity:0 usage:1 congestion:1
	bbox = (420.9000, 69.0000) - (427.8000, 75.9000) on Layer -
violation type: Vertical congestion
	srcs: net:net1472
	comment: capacity:0 usage:1 congestion:1
	bbox = (255.3000, 96.6000) - (262.2000, 103.5000) on Layer -
violation type: Vertical congestion
	srcs: net:s1_r\[11\]
	comment: capacity:0 usage:1 congestion:1
	bbox = (200.1000, 151.8000) - (207.0000, 158.7000) on Layer -
violation type: Vertical congestion
	srcs: net:net1470
	comment: capacity:0 usage:1 congestion:1
	bbox = (269.1000, 172.5000) - (276.0000, 179.4000) on Layer -
violation type: Vertical congestion
	srcs: net:net2213
	comment: capacity:0 usage:1 congestion:1
	bbox = (220.8000, 124.2000) - (227.7000, 131.1000) on Layer -
violation type: Vertical congestion
	srcs: net:net1462
	comment: capacity:0 usage:1 congestion:1
	bbox = (579.6000, 138.0000) - (586.5000, 144.9000) on Layer -
violation type: Vertical congestion
	srcs: net:net1466
	comment: capacity:0 usage:1 congestion:1
	bbox = (282.9000, 62.1000) - (289.8000, 69.0000) on Layer -
violation type: Vertical congestion
	srcs: net:s1_r\[11\]
	comment: capacity:0 usage:1 congestion:1
	bbox = (200.1000, 103.5000) - (207.0000, 110.4000) on Layer -
violation type: Vertical congestion
	srcs: net:net2196
	comment: capacity:0 usage:1 congestion:1
	bbox = (607.2000, 82.8000) - (614.1000, 89.7000) on Layer -
violation type: Vertical congestion
	srcs: net:sram_wdata\[23\]
	comment: capacity:0 usage:1 congestion:1
	bbox = (179.4000, 151.8000) - (186.3000, 158.7000) on Layer -
violation type: Vertical congestion
	srcs: net:net2200
	comment: capacity:0 usage:1 congestion:1
	bbox = (262.2000, 103.5000) - (269.1000, 110.4000) on Layer -
violation type: Vertical congestion
	srcs: net:net2309
	comment: capacity:0 usage:1 congestion:1
	bbox = (621.0000, 117.3000) - (627.9000, 124.2000) on Layer -
violation type: Vertical congestion
	srcs: net:net1467
	comment: capacity:0 usage:1 congestion:1
	bbox = (289.8000, 124.2000) - (296.7000, 131.1000) on Layer -
violation type: Vertical congestion
	srcs: net:net1462
	comment: capacity:0 usage:1 congestion:1
	bbox = (579.6000, 124.2000) - (586.5000, 131.1000) on Layer -
violation type: Vertical congestion
	srcs: net:net1461
	comment: capacity:0 usage:1 congestion:1
	bbox = (345.0000, 227.7000) - (351.9000, 234.6000) on Layer -
violation type: Vertical congestion
	srcs: net:net2200
	comment: capacity:0 usage:1 congestion:1
	bbox = (262.2000, 89.7000) - (269.1000, 96.6000) on Layer -
violation type: Vertical congestion
	srcs: net:net1472
	comment: capacity:0 usage:1 congestion:1
	bbox = (255.3000, 200.1000) - (262.2000, 207.0000) on Layer -
violation type: Vertical congestion
	srcs: net:net1465
	comment: capacity:0 usage:1 congestion:1
	bbox = (296.7000, 186.3000) - (303.6000, 193.2000) on Layer -
violation type: Vertical congestion
	srcs: net:net1466
	comment: capacity:0 usage:1 congestion:1
	bbox = (282.9000, 227.7000) - (289.8000, 234.6000) on Layer -
violation type: Vertical congestion
	srcs: net:net2312
	comment: capacity:0 usage:1 congestion:1
	bbox = (634.8000, 117.3000) - (641.7000, 124.2000) on Layer -
violation type: Vertical congestion
	srcs: net:net1471
	comment: capacity:0 usage:1 congestion:1
	bbox = (420.9000, 213.9000) - (427.8000, 220.8000) on Layer -
violation type: Vertical congestion
	srcs: net:net2312
	comment: capacity:0 usage:1 congestion:1
	bbox = (634.8000, 241.5000) - (641.7000, 248.4000) on Layer -
violation type: Vertical congestion
	srcs: net:net2309
	comment: capacity:0 usage:1 congestion:1
	bbox = (621.0000, 234.6000) - (627.9000, 241.5000) on Layer -
violation type: Vertical congestion
	srcs: net:net2312
	comment: capacity:0 usage:1 congestion:1
	bbox = (634.8000, 220.8000) - (641.7000, 227.7000) on Layer -
violation type: Vertical congestion
	srcs: net:net1468
	comment: capacity:0 usage:1 congestion:1
	bbox = (407.1000, 220.8000) - (414.0000, 227.7000) on Layer -
violation type: Vertical congestion
	srcs: net:net1466
	comment: capacity:0 usage:1 congestion:1
	bbox = (282.9000, 103.5000) - (289.8000, 110.4000) on Layer -
violation type: Vertical congestion
	srcs: net:net1467
	comment: capacity:0 usage:1 congestion:1
	bbox = (289.8000, 234.6000) - (296.7000, 241.5000) on Layer -
violation type: Vertical congestion
	srcs: net:net1467
	comment: capacity:0 usage:1 congestion:1
	bbox = (289.8000, 227.7000) - (296.7000, 234.6000) on Layer -
violation type: Vertical congestion
	srcs: net:net2200
	comment: capacity:0 usage:1 congestion:1
	bbox = (262.2000, 82.8000) - (269.1000, 89.7000) on Layer -
violation type: Vertical congestion
	srcs: net:net2200
	comment: capacity:0 usage:1 congestion:1
	bbox = (262.2000, 241.5000) - (269.1000, 248.4000) on Layer -
violation type: Vertical congestion
	srcs: net:s1_r\[11\]
	comment: capacity:0 usage:1 congestion:1
	bbox = (200.1000, 89.7000) - (207.0000, 96.6000) on Layer -
violation type: Vertical congestion
	srcs: net:net1471
	comment: capacity:0 usage:1 congestion:1
	bbox = (420.9000, 82.8000) - (427.8000, 89.7000) on Layer -
violation type: Vertical congestion
	srcs: net:net1466
	comment: capacity:0 usage:1 congestion:1
	bbox = (282.9000, 234.6000) - (289.8000, 241.5000) on Layer -
violation type: Vertical congestion
	srcs: net:net2213
	comment: capacity:0 usage:1 congestion:1
	bbox = (220.8000, 89.7000) - (227.7000, 96.6000) on Layer -
violation type: Vertical congestion
	srcs: net:net2213
	comment: capacity:0 usage:1 congestion:1
	bbox = (220.8000, 227.7000) - (227.7000, 234.6000) on Layer -
violation type: Vertical congestion
	srcs: net:s1_r\[11\]
	comment: capacity:0 usage:1 congestion:1
	bbox = (200.1000, 200.1000) - (207.0000, 207.0000) on Layer -
violation type: Vertical congestion
	srcs: net:net1461
	comment: capacity:0 usage:1 congestion:1
	bbox = (345.0000, 234.6000) - (351.9000, 241.5000) on Layer -
violation type: Vertical congestion
	srcs: net:net1467
	comment: capacity:0 usage:1 congestion:1
	bbox = (289.8000, 75.9000) - (296.7000, 82.8000) on Layer -
violation type: Vertical congestion
	srcs: net:net2196
	comment: capacity:0 usage:1 congestion:1
	bbox = (607.2000, 200.1000) - (614.1000, 207.0000) on Layer -
violation type: Vertical congestion
	srcs: net:s1_r\[11\]
	comment: capacity:0 usage:1 congestion:1
	bbox = (200.1000, 207.0000) - (207.0000, 213.9000) on Layer -
violation type: Vertical congestion
	srcs: net:sram_wdata\[23\]
	comment: capacity:0 usage:1 congestion:1
	bbox = (179.4000, 241.5000) - (186.3000, 248.4000) on Layer -
violation type: Vertical congestion
	srcs: net:sram_wdata\[23\]
	comment: capacity:0 usage:1 congestion:1
	bbox = (179.4000, 75.9000) - (186.3000, 82.8000) on Layer -
violation type: Vertical congestion
	srcs: net:net1467
	comment: capacity:0 usage:1 congestion:1
	bbox = (289.8000, 144.9000) - (296.7000, 151.8000) on Layer -
violation type: Vertical congestion
	srcs: net:net2196
	comment: capacity:0 usage:1 congestion:1
	bbox = (607.2000, 89.7000) - (614.1000, 96.6000) on Layer -
violation type: Vertical congestion
	srcs: net:net2309
	comment: capacity:0 usage:1 congestion:1
	bbox = (621.0000, 144.9000) - (627.9000, 151.8000) on Layer -
violation type: Vertical congestion
	srcs: net:net2309
	comment: capacity:0 usage:1 congestion:1
	bbox = (621.0000, 151.8000) - (627.9000, 158.7000) on Layer -
violation type: Vertical congestion
	srcs: net:net1471
	comment: capacity:0 usage:1 congestion:1
	bbox = (420.9000, 103.5000) - (427.8000, 110.4000) on Layer -
violation type: Vertical congestion
	srcs: net:net1471
	comment: capacity:0 usage:1 congestion:1
	bbox = (420.9000, 138.0000) - (427.8000, 144.9000) on Layer -
violation type: Vertical congestion
	srcs: net:net1469
	comment: capacity:0 usage:1 congestion:1
	bbox = (276.0000, 69.0000) - (282.9000, 75.9000) on Layer -
violation type: Vertical congestion
	srcs: net:net1462
	comment: capacity:0 usage:1 congestion:1
	bbox = (579.6000, 220.8000) - (586.5000, 227.7000) on Layer -
violation type: Vertical congestion
	srcs: net:net1467
	comment: capacity:0 usage:1 congestion:1
	bbox = (289.8000, 158.7000) - (296.7000, 165.6000) on Layer -
violation type: Vertical congestion
	srcs: net:net1468
	comment: capacity:0 usage:1 congestion:1
	bbox = (407.1000, 69.0000) - (414.0000, 75.9000) on Layer -
violation type: Vertical congestion
	srcs: net:net1460
	comment: capacity:0 usage:1 congestion:1
	bbox = (303.6000, 103.5000) - (310.5000, 110.4000) on Layer -
violation type: Vertical congestion
	srcs: net:net2196
	comment: capacity:0 usage:1 congestion:1
	bbox = (607.2000, 179.4000) - (614.1000, 186.3000) on Layer -
violation type: Vertical congestion
	srcs: net:net1471
	comment: capacity:0 usage:1 congestion:1
	bbox = (420.9000, 234.6000) - (427.8000, 241.5000) on Layer -
violation type: Vertical congestion
	srcs: net:net1472
	comment: capacity:0 usage:1 congestion:1
	bbox = (255.3000, 82.8000) - (262.2000, 89.7000) on Layer -
violation type: Vertical congestion
	srcs: net:net2315
	comment: capacity:0 usage:1 congestion:1
	bbox = (434.7000, 193.2000) - (441.6000, 200.1000) on Layer -
violation type: Vertical congestion
	srcs: net:net1469
	comment: capacity:0 usage:1 congestion:1
	bbox = (276.0000, 234.6000) - (282.9000, 241.5000) on Layer -
violation type: Vertical congestion
	srcs: net:net1460
	comment: capacity:0 usage:1 congestion:1
	bbox = (303.6000, 62.1000) - (310.5000, 69.0000) on Layer -
violation type: Vertical congestion
	srcs: net:sram_wdata\[23\]
	comment: capacity:0 usage:1 congestion:1
	bbox = (179.4000, 48.3000) - (186.3000, 55.2000) on Layer -
violation type: Vertical congestion
	srcs: net:net1462
	comment: capacity:0 usage:1 congestion:1
	bbox = (579.6000, 55.2000) - (586.5000, 62.1000) on Layer -
violation type: Vertical congestion
	srcs: net:net1467
	comment: capacity:0 usage:1 congestion:1
	bbox = (289.8000, 82.8000) - (296.7000, 89.7000) on Layer -
violation type: Vertical congestion
	srcs: net:net1462
	comment: capacity:0 usage:1 congestion:1
	bbox = (579.6000, 248.4000) - (586.5000, 255.3000) on Layer -
violation type: Vertical congestion
	srcs: net:s1_r\[11\]
	comment: capacity:0 usage:1 congestion:1
	bbox = (200.1000, 165.6000) - (207.0000, 172.5000) on Layer -
violation type: Vertical congestion
	srcs: net:net1471
	comment: capacity:0 usage:1 congestion:1
	bbox = (420.9000, 110.4000) - (427.8000, 117.3000) on Layer -
violation type: Vertical congestion
	srcs: net:net1468
	comment: capacity:0 usage:1 congestion:1
	bbox = (407.1000, 227.7000) - (414.0000, 234.6000) on Layer -
violation type: Vertical congestion
	srcs: net:net1460
	comment: capacity:0 usage:1 congestion:1
	bbox = (303.6000, 82.8000) - (310.5000, 89.7000) on Layer -
violation type: Vertical congestion
	srcs: net:net1462
	comment: capacity:0 usage:1 congestion:1
	bbox = (579.6000, 62.1000) - (586.5000, 69.0000) on Layer -
violation type: Vertical congestion
	srcs: net:net1472
	comment: capacity:0 usage:1 congestion:1
	bbox = (255.3000, 103.5000) - (262.2000, 110.4000) on Layer -
violation type: Vertical congestion
	srcs: net:net2315
	comment: capacity:0 usage:1 congestion:1
	bbox = (434.7000, 158.7000) - (441.6000, 165.6000) on Layer -
violation type: Vertical congestion
	srcs: net:net1466
	comment: capacity:0 usage:1 congestion:1
	bbox = (282.9000, 96.6000) - (289.8000, 103.5000) on Layer -
violation type: Vertical congestion
	srcs: net:net1465
	comment: capacity:0 usage:1 congestion:1
	bbox = (296.7000, 179.4000) - (303.6000, 186.3000) on Layer -
violation type: Vertical congestion
	srcs: net:net1461
	comment: capacity:0 usage:1 congestion:1
	bbox = (345.0000, 200.1000) - (351.9000, 207.0000) on Layer -
violation type: Vertical congestion
	srcs: net:net1469
	comment: capacity:0 usage:1 congestion:1
	bbox = (276.0000, 151.8000) - (282.9000, 158.7000) on Layer -
violation type: Vertical congestion
	srcs: net:net1462
	comment: capacity:0 usage:1 congestion:1
	bbox = (579.6000, 234.6000) - (586.5000, 241.5000) on Layer -
violation type: Vertical congestion
	srcs: net:net2200
	comment: capacity:0 usage:1 congestion:1
	bbox = (262.2000, 75.9000) - (269.1000, 82.8000) on Layer -
violation type: Vertical congestion
	srcs: net:sram_wdata\[23\]
	comment: capacity:0 usage:1 congestion:1
	bbox = (179.4000, 207.0000) - (186.3000, 213.9000) on Layer -
violation type: Vertical congestion
	srcs: net:net1468
	comment: capacity:0 usage:1 congestion:1
	bbox = (407.1000, 248.4000) - (414.0000, 255.3000) on Layer -
violation type: Vertical congestion
	srcs: net:net1471
	comment: capacity:0 usage:1 congestion:1
	bbox = (420.9000, 220.8000) - (427.8000, 227.7000) on Layer -
violation type: Vertical congestion
	srcs: net:net2200
	comment: capacity:0 usage:1 congestion:1
	bbox = (262.2000, 172.5000) - (269.1000, 179.4000) on Layer -
violation type: Vertical congestion
	srcs: net:net1468
	comment: capacity:0 usage:1 congestion:1
	bbox = (407.1000, 186.3000) - (414.0000, 193.2000) on Layer -
violation type: Vertical congestion
	srcs: net:net1468
	comment: capacity:0 usage:1 congestion:1
	bbox = (407.1000, 110.4000) - (414.0000, 117.3000) on Layer -
violation type: Vertical congestion
	srcs: net:net1470
	comment: capacity:0 usage:1 congestion:1
	bbox = (269.1000, 144.9000) - (276.0000, 151.8000) on Layer -
violation type: Vertical congestion
	srcs: net:net1460
	comment: capacity:0 usage:1 congestion:1
	bbox = (303.6000, 234.6000) - (310.5000, 241.5000) on Layer -
violation type: Vertical congestion
	srcs: net:net1467
	comment: capacity:0 usage:1 congestion:1
	bbox = (289.8000, 131.1000) - (296.7000, 138.0000) on Layer -
violation type: Vertical congestion
	srcs: net:net2200
	comment: capacity:0 usage:1 congestion:1
	bbox = (262.2000, 138.0000) - (269.1000, 144.9000) on Layer -
violation type: Vertical congestion
	srcs: net:net2315
	comment: capacity:0 usage:1 congestion:1
	bbox = (434.7000, 179.4000) - (441.6000, 186.3000) on Layer -
violation type: Vertical congestion
	srcs: net:sram_wdata\[23\]
	comment: capacity:0 usage:1 congestion:1
	bbox = (179.4000, 227.7000) - (186.3000, 234.6000) on Layer -
violation type: Vertical congestion
	srcs: net:net1469
	comment: capacity:0 usage:1 congestion:1
	bbox = (276.0000, 227.7000) - (282.9000, 234.6000) on Layer -
violation type: Vertical congestion
	srcs: net:net2312
	comment: capacity:0 usage:1 congestion:1
	bbox = (634.8000, 200.1000) - (641.7000, 207.0000) on Layer -
violation type: Vertical congestion
	srcs: net:sram_wdata\[23\]
	comment: capacity:0 usage:1 congestion:1
	bbox = (179.4000, 117.3000) - (186.3000, 124.2000) on Layer -
violation type: Vertical congestion
	srcs: net:net2200
	comment: capacity:0 usage:1 congestion:1
	bbox = (262.2000, 110.4000) - (269.1000, 117.3000) on Layer -
violation type: Vertical congestion
	srcs: net:net2315
	comment: capacity:0 usage:1 congestion:1
	bbox = (434.7000, 241.5000) - (441.6000, 248.4000) on Layer -
violation type: Vertical congestion
	srcs: net:net1466
	comment: capacity:0 usage:1 congestion:1
	bbox = (282.9000, 193.2000) - (289.8000, 200.1000) on Layer -
violation type: Vertical congestion
	srcs: net:net2315
	comment: capacity:0 usage:1 congestion:1
	bbox = (434.7000, 165.6000) - (441.6000, 172.5000) on Layer -
violation type: Vertical congestion
	srcs: net:sram_wdata\[23\]
	comment: capacity:0 usage:1 congestion:1
	bbox = (179.4000, 179.4000) - (186.3000, 186.3000) on Layer -
violation type: Vertical congestion
	srcs: net:net1471
	comment: capacity:0 usage:1 congestion:1
	bbox = (420.9000, 96.6000) - (427.8000, 103.5000) on Layer -
violation type: Vertical congestion
	srcs: net:net2196
	comment: capacity:0 usage:1 congestion:1
	bbox = (607.2000, 158.7000) - (614.1000, 165.6000) on Layer -
violation type: Vertical congestion
	srcs: net:net1466
	comment: capacity:0 usage:1 congestion:1
	bbox = (282.9000, 69.0000) - (289.8000, 75.9000) on Layer -
violation type: Vertical congestion
	srcs: net:net1465
	comment: capacity:0 usage:1 congestion:1
	bbox = (296.7000, 207.0000) - (303.6000, 213.9000) on Layer -
violation type: Vertical congestion
	srcs: net:net2219
	comment: capacity:0 usage:1 congestion:1
	bbox = (207.0000, 179.4000) - (213.9000, 186.3000) on Layer -
violation type: Vertical congestion
	srcs: net:net1472
	comment: capacity:0 usage:1 congestion:1
	bbox = (255.3000, 69.0000) - (262.2000, 75.9000) on Layer -
violation type: Vertical congestion
	srcs: net:net1468
	comment: capacity:0 usage:1 congestion:1
	bbox = (407.1000, 241.5000) - (414.0000, 248.4000) on Layer -
violation type: Vertical congestion
	srcs: net:net1470
	comment: capacity:0 usage:1 congestion:1
	bbox = (269.1000, 227.7000) - (276.0000, 234.6000) on Layer -
violation type: Vertical congestion
	srcs: net:net1461
	comment: capacity:0 usage:1 congestion:1
	bbox = (345.0000, 158.7000) - (351.9000, 165.6000) on Layer -
violation type: Vertical congestion
	srcs: net:net1466
	comment: capacity:0 usage:1 congestion:1
	bbox = (282.9000, 124.2000) - (289.8000, 131.1000) on Layer -
violation type: Vertical congestion
	srcs: net:sram_wdata\[23\]
	comment: capacity:0 usage:1 congestion:1
	bbox = (179.4000, 158.7000) - (186.3000, 165.6000) on Layer -
violation type: Vertical congestion
	srcs: net:net2315
	comment: capacity:0 usage:1 congestion:1
	bbox = (434.7000, 220.8000) - (441.6000, 227.7000) on Layer -
violation type: Vertical congestion
	srcs: net:net1460
	comment: capacity:0 usage:1 congestion:1
	bbox = (303.6000, 117.3000) - (310.5000, 124.2000) on Layer -
violation type: Vertical congestion
	srcs: net:net1470
	comment: capacity:0 usage:1 congestion:1
	bbox = (269.1000, 220.8000) - (276.0000, 227.7000) on Layer -
violation type: Vertical congestion
	srcs: net:net1468
	comment: capacity:0 usage:1 congestion:1
	bbox = (407.1000, 75.9000) - (414.0000, 82.8000) on Layer -
violation type: Vertical congestion
	srcs: net:sram_wdata\[23\]
	comment: capacity:0 usage:1 congestion:1
	bbox = (179.4000, 186.3000) - (186.3000, 193.2000) on Layer -
violation type: Vertical congestion
	srcs: net:net1465
	comment: capacity:0 usage:1 congestion:1
	bbox = (296.7000, 131.1000) - (303.6000, 138.0000) on Layer -
violation type: Vertical congestion
	srcs: net:s1_r\[11\]
	comment: capacity:0 usage:1 congestion:1
	bbox = (200.1000, 82.8000) - (207.0000, 89.7000) on Layer -
violation type: Vertical congestion
	srcs: net:s1_r\[11\]
	comment: capacity:0 usage:1 congestion:1
	bbox = (200.1000, 75.9000) - (207.0000, 82.8000) on Layer -
violation type: Vertical congestion
	srcs: net:sram_wdata\[23\]
	comment: capacity:0 usage:1 congestion:1
	bbox = (179.4000, 82.8000) - (186.3000, 89.7000) on Layer -
violation type: Vertical congestion
	srcs: net:net2309
	comment: capacity:0 usage:1 congestion:1
	bbox = (621.0000, 96.6000) - (627.9000, 103.5000) on Layer -
violation type: Vertical congestion
	srcs: net:net1468
	comment: capacity:0 usage:1 congestion:1
	bbox = (407.1000, 82.8000) - (414.0000, 89.7000) on Layer -
violation type: Vertical congestion
	srcs: net:net2207
	comment: capacity:0 usage:1 congestion:1
	bbox = (248.4000, 103.5000) - (255.3000, 110.4000) on Layer -
violation type: Vertical congestion
	srcs: net:net2219
	comment: capacity:0 usage:1 congestion:1
	bbox = (207.0000, 151.8000) - (213.9000, 158.7000) on Layer -
violation type: Vertical congestion
	srcs: net:net2309
	comment: capacity:0 usage:1 congestion:1
	bbox = (621.0000, 131.1000) - (627.9000, 138.0000) on Layer -
violation type: Vertical congestion
	srcs: net:net1462
	comment: capacity:0 usage:1 congestion:1
	bbox = (579.6000, 172.5000) - (586.5000, 179.4000) on Layer -
violation type: Vertical congestion
	srcs: net:net1468
	comment: capacity:0 usage:1 congestion:1
	bbox = (407.1000, 165.6000) - (414.0000, 172.5000) on Layer -
violation type: Vertical congestion
	srcs: net:net1461
	comment: capacity:0 usage:1 congestion:1
	bbox = (345.0000, 138.0000) - (351.9000, 144.9000) on Layer -
violation type: Vertical congestion
	srcs: net:net1469
	comment: capacity:0 usage:1 congestion:1
	bbox = (276.0000, 144.9000) - (282.9000, 151.8000) on Layer -
violation type: Vertical congestion
	srcs: net:net1469
	comment: capacity:0 usage:1 congestion:1
	bbox = (276.0000, 179.4000) - (282.9000, 186.3000) on Layer -
violation type: Vertical congestion
	srcs: net:net1470
	comment: capacity:0 usage:1 congestion:1
	bbox = (269.1000, 110.4000) - (276.0000, 117.3000) on Layer -
violation type: Vertical congestion
	srcs: net:net1465
	comment: capacity:0 usage:1 congestion:1
	bbox = (296.7000, 82.8000) - (303.6000, 89.7000) on Layer -
violation type: Vertical congestion
	srcs: net:net1471
	comment: capacity:0 usage:1 congestion:1
	bbox = (420.9000, 193.2000) - (427.8000, 200.1000) on Layer -
violation type: Vertical congestion
	srcs: net:net2207
	comment: capacity:0 usage:1 congestion:1
	bbox = (248.4000, 96.6000) - (255.3000, 103.5000) on Layer -
violation type: Vertical congestion
	srcs: net:net2207
	comment: capacity:0 usage:1 congestion:1
	bbox = (248.4000, 138.0000) - (255.3000, 144.9000) on Layer -
violation type: Vertical congestion
	srcs: net:net1468
	comment: capacity:0 usage:1 congestion:1
	bbox = (407.1000, 103.5000) - (414.0000, 110.4000) on Layer -
violation type: Vertical congestion
	srcs: net:net2207
	comment: capacity:0 usage:1 congestion:1
	bbox = (248.4000, 248.4000) - (255.3000, 255.3000) on Layer -
violation type: Vertical congestion
	srcs: net:net2219
	comment: capacity:0 usage:1 congestion:1
	bbox = (207.0000, 96.6000) - (213.9000, 103.5000) on Layer -
violation type: Vertical congestion
	srcs: net:net2200
	comment: capacity:0 usage:1 congestion:1
	bbox = (262.2000, 124.2000) - (269.1000, 131.1000) on Layer -
violation type: Vertical congestion
	srcs: net:net1471
	comment: capacity:0 usage:1 congestion:1
	bbox = (420.9000, 151.8000) - (427.8000, 158.7000) on Layer -
violation type: Vertical congestion
	srcs: net:net2312
	comment: capacity:0 usage:1 congestion:1
	bbox = (634.8000, 158.7000) - (641.7000, 165.6000) on Layer -
violation type: Vertical congestion
	srcs: net:net1462
	comment: capacity:0 usage:1 congestion:1
	bbox = (579.6000, 131.1000) - (586.5000, 138.0000) on Layer -
violation type: Vertical congestion
	srcs: net:net1462
	comment: capacity:0 usage:1 congestion:1
	bbox = (579.6000, 82.8000) - (586.5000, 89.7000) on Layer -
violation type: Vertical congestion
	srcs: net:net2213
	comment: capacity:0 usage:1 congestion:1
	bbox = (220.8000, 234.6000) - (227.7000, 241.5000) on Layer -
violation type: Vertical congestion
	srcs: net:net1470
	comment: capacity:0 usage:1 congestion:1
	bbox = (269.1000, 138.0000) - (276.0000, 144.9000) on Layer -
violation type: Vertical congestion
	srcs: net:net2219
	comment: capacity:0 usage:1 congestion:1
	bbox = (207.0000, 234.6000) - (213.9000, 241.5000) on Layer -
violation type: Vertical congestion
	srcs: net:net1469
	comment: capacity:0 usage:1 congestion:1
	bbox = (276.0000, 207.0000) - (282.9000, 213.9000) on Layer -
violation type: Vertical congestion
	srcs: net:net2219
	comment: capacity:0 usage:1 congestion:1
	bbox = (207.0000, 158.7000) - (213.9000, 165.6000) on Layer -
violation type: Vertical congestion
	srcs: net:net2200
	comment: capacity:0 usage:1 congestion:1
	bbox = (262.2000, 62.1000) - (269.1000, 69.0000) on Layer -
violation type: Vertical congestion
	srcs: net:net2315
	comment: capacity:0 usage:1 congestion:1
	bbox = (434.7000, 227.7000) - (441.6000, 234.6000) on Layer -
violation type: Vertical congestion
	srcs: net:net1461
	comment: capacity:0 usage:1 congestion:1
	bbox = (345.0000, 193.2000) - (351.9000, 200.1000) on Layer -
violation type: Vertical congestion
	srcs: net:net1465
	comment: capacity:0 usage:1 congestion:1
	bbox = (296.7000, 213.9000) - (303.6000, 220.8000) on Layer -
violation type: Vertical congestion
	srcs: net:net1470
	comment: capacity:0 usage:1 congestion:1
	bbox = (269.1000, 103.5000) - (276.0000, 110.4000) on Layer -
violation type: Vertical congestion
	srcs: net:net2213
	comment: capacity:0 usage:1 congestion:1
	bbox = (220.8000, 172.5000) - (227.7000, 179.4000) on Layer -
violation type: Vertical congestion
	srcs: net:net2315
	comment: capacity:0 usage:1 congestion:1
	bbox = (434.7000, 69.0000) - (441.6000, 75.9000) on Layer -
violation type: Vertical congestion
	srcs: net:net2309
	comment: capacity:0 usage:1 congestion:1
	bbox = (621.0000, 248.4000) - (627.9000, 255.3000) on Layer -
violation type: Vertical congestion
	srcs: net:net2219
	comment: capacity:0 usage:1 congestion:1
	bbox = (207.0000, 193.2000) - (213.9000, 200.1000) on Layer -
violation type: Vertical congestion
	srcs: net:net1469
	comment: capacity:0 usage:1 congestion:1
	bbox = (276.0000, 186.3000) - (282.9000, 193.2000) on Layer -
violation type: Vertical congestion
	srcs: net:net1465
	comment: capacity:0 usage:1 congestion:1
	bbox = (296.7000, 75.9000) - (303.6000, 82.8000) on Layer -
violation type: Vertical congestion
	srcs: net:net2219
	comment: capacity:0 usage:1 congestion:1
	bbox = (207.0000, 124.2000) - (213.9000, 131.1000) on Layer -
violation type: Vertical congestion
	srcs: net:net2213
	comment: capacity:0 usage:1 congestion:1
	bbox = (220.8000, 158.7000) - (227.7000, 165.6000) on Layer -
violation type: Vertical congestion
	srcs: net:net1467
	comment: capacity:0 usage:1 congestion:1
	bbox = (289.8000, 207.0000) - (296.7000, 213.9000) on Layer -
violation type: Vertical congestion
	srcs: net:net1472
	comment: capacity:0 usage:1 congestion:1
	bbox = (255.3000, 75.9000) - (262.2000, 82.8000) on Layer -
violation type: Vertical congestion
	srcs: net:net1460
	comment: capacity:0 usage:1 congestion:1
	bbox = (303.6000, 213.9000) - (310.5000, 220.8000) on Layer -
violation type: Vertical congestion
	srcs: net:net2219
	comment: capacity:0 usage:1 congestion:1
	bbox = (207.0000, 89.7000) - (213.9000, 96.6000) on Layer -
violation type: Vertical congestion
	srcs: net:net1472
	comment: capacity:0 usage:1 congestion:1
	bbox = (255.3000, 234.6000) - (262.2000, 241.5000) on Layer -
violation type: Vertical congestion
	srcs: net:net1472
	comment: capacity:0 usage:1 congestion:1
	bbox = (255.3000, 207.0000) - (262.2000, 213.9000) on Layer -
violation type: Vertical congestion
	srcs: net:net1466
	comment: capacity:0 usage:1 congestion:1
	bbox = (282.9000, 82.8000) - (289.8000, 89.7000) on Layer -
violation type: Vertical congestion
	srcs: net:net1466
	comment: capacity:0 usage:1 congestion:1
	bbox = (282.9000, 241.5000) - (289.8000, 248.4000) on Layer -
violation type: Vertical congestion
	srcs: net:net1470
	comment: capacity:0 usage:1 congestion:1
	bbox = (269.1000, 186.3000) - (276.0000, 193.2000) on Layer -
violation type: Vertical congestion
	srcs: net:net1466
	comment: capacity:0 usage:1 congestion:1
	bbox = (282.9000, 110.4000) - (289.8000, 117.3000) on Layer -
violation type: Vertical congestion
	srcs: net:net2213
	comment: capacity:0 usage:1 congestion:1
	bbox = (220.8000, 213.9000) - (227.7000, 220.8000) on Layer -
violation type: Vertical congestion
	srcs: net:net2219
	comment: capacity:0 usage:1 congestion:1
	bbox = (207.0000, 75.9000) - (213.9000, 82.8000) on Layer -
violation type: Vertical congestion
	srcs: net:net2309
	comment: capacity:0 usage:1 congestion:1
	bbox = (621.0000, 172.5000) - (627.9000, 179.4000) on Layer -
violation type: Vertical congestion
	srcs: net:net1465
	comment: capacity:0 usage:1 congestion:1
	bbox = (296.7000, 69.0000) - (303.6000, 75.9000) on Layer -
violation type: Vertical congestion
	srcs: net:net2213
	comment: capacity:0 usage:1 congestion:1
	bbox = (220.8000, 110.4000) - (227.7000, 117.3000) on Layer -
violation type: Vertical congestion
	srcs: net:net2213
	comment: capacity:0 usage:1 congestion:1
	bbox = (220.8000, 144.9000) - (227.7000, 151.8000) on Layer -
violation type: Vertical congestion
	srcs: net:net1468
	comment: capacity:0 usage:1 congestion:1
	bbox = (407.1000, 48.3000) - (414.0000, 55.2000) on Layer -
violation type: Vertical congestion
	srcs: net:net1461
	comment: capacity:0 usage:1 congestion:1
	bbox = (345.0000, 48.3000) - (351.9000, 55.2000) on Layer -
violation type: Vertical congestion
	srcs: net:net2196
	comment: capacity:0 usage:1 congestion:1
	bbox = (607.2000, 55.2000) - (614.1000, 62.1000) on Layer -
violation type: Vertical congestion
	srcs: net:net1472
	comment: capacity:0 usage:1 congestion:1
	bbox = (255.3000, 131.1000) - (262.2000, 138.0000) on Layer -
violation type: Vertical congestion
	srcs: net:net2312
	comment: capacity:0 usage:1 congestion:1
	bbox = (634.8000, 144.9000) - (641.7000, 151.8000) on Layer -
violation type: Vertical congestion
	srcs: net:net2196
	comment: capacity:0 usage:1 congestion:1
	bbox = (607.2000, 144.9000) - (614.1000, 151.8000) on Layer -
violation type: Vertical congestion
	srcs: net:net2219
	comment: capacity:0 usage:1 congestion:1
	bbox = (207.0000, 103.5000) - (213.9000, 110.4000) on Layer -
violation type: Vertical congestion
	srcs: net:net1466
	comment: capacity:0 usage:1 congestion:1
	bbox = (282.9000, 144.9000) - (289.8000, 151.8000) on Layer -
violation type: Vertical congestion
	srcs: net:net1466
	comment: capacity:0 usage:1 congestion:1
	bbox = (282.9000, 158.7000) - (289.8000, 165.6000) on Layer -
violation type: Vertical congestion
	srcs: net:net1461
	comment: capacity:0 usage:1 congestion:1
	bbox = (345.0000, 165.6000) - (351.9000, 172.5000) on Layer -
violation type: Vertical congestion
	srcs: net:net1462
	comment: capacity:0 usage:1 congestion:1
	bbox = (579.6000, 165.6000) - (586.5000, 172.5000) on Layer -
violation type: Vertical congestion
	srcs: net:net1460
	comment: capacity:0 usage:1 congestion:1
	bbox = (303.6000, 241.5000) - (310.5000, 248.4000) on Layer -
violation type: Vertical congestion
	srcs: net:net2228 net:sram_wdata\[15\] net:sram_wdata\[21\] net:sram_wdata\[22\]
	comment: capacity:3 usage:4 congestion:1
	bbox = (55.2000, 69.0000) - (62.1000, 75.9000) on Layer -
violation type: Vertical congestion
	srcs: net:net1470
	comment: capacity:0 usage:1 congestion:1
	bbox = (269.1000, 207.0000) - (276.0000, 213.9000) on Layer -
violation type: Vertical congestion
	srcs: net:net2312
	comment: capacity:0 usage:1 congestion:1
	bbox = (634.8000, 165.6000) - (641.7000, 172.5000) on Layer -
violation type: Vertical congestion
	srcs: net:net1469
	comment: capacity:0 usage:1 congestion:1
	bbox = (276.0000, 62.1000) - (282.9000, 69.0000) on Layer -
violation type: Vertical congestion
	srcs: net:net1470
	comment: capacity:0 usage:1 congestion:1
	bbox = (269.1000, 89.7000) - (276.0000, 96.6000) on Layer -
violation type: Vertical congestion
	srcs: net:net1462
	comment: capacity:0 usage:1 congestion:1
	bbox = (579.6000, 75.9000) - (586.5000, 82.8000) on Layer -
violation type: Vertical congestion
	srcs: net:net1461
	comment: capacity:0 usage:1 congestion:1
	bbox = (345.0000, 207.0000) - (351.9000, 213.9000) on Layer -
violation type: Vertical congestion
	srcs: net:net1462
	comment: capacity:0 usage:1 congestion:1
	bbox = (579.6000, 241.5000) - (586.5000, 248.4000) on Layer -
violation type: Vertical congestion
	srcs: net:net2213
	comment: capacity:0 usage:1 congestion:1
	bbox = (220.8000, 103.5000) - (227.7000, 110.4000) on Layer -
violation type: Vertical congestion
	srcs: net:net2312
	comment: capacity:0 usage:1 congestion:1
	bbox = (634.8000, 96.6000) - (641.7000, 103.5000) on Layer -
violation type: Vertical congestion
	srcs: net:net1466
	comment: capacity:0 usage:1 congestion:1
	bbox = (282.9000, 138.0000) - (289.8000, 144.9000) on Layer -
violation type: Vertical congestion
	srcs: net:net2312
	comment: capacity:0 usage:1 congestion:1
	bbox = (634.8000, 103.5000) - (641.7000, 110.4000) on Layer -
violation type: Vertical congestion
	srcs: net:net1460
	comment: capacity:0 usage:1 congestion:1
	bbox = (303.6000, 48.3000) - (310.5000, 55.2000) on Layer -
violation type: Vertical congestion
	srcs: net:net2228 net:sram_wdata\[15\] net:sram_wdata\[21\] net:sram_wdata\[22\]
	comment: capacity:3 usage:4 congestion:1
	bbox = (55.2000, 55.2000) - (62.1000, 62.1000) on Layer -
violation type: Vertical congestion
	srcs: net:net1469
	comment: capacity:0 usage:1 congestion:1
	bbox = (276.0000, 165.6000) - (282.9000, 172.5000) on Layer -
violation type: Vertical congestion
	srcs: net:net2309
	comment: capacity:0 usage:1 congestion:1
	bbox = (621.0000, 62.1000) - (627.9000, 69.0000) on Layer -
violation type: Vertical congestion
	srcs: net:net2315
	comment: capacity:0 usage:1 congestion:1
	bbox = (434.7000, 213.9000) - (441.6000, 220.8000) on Layer -
violation type: Vertical congestion
	srcs: net:sram_wdata\[23\]
	comment: capacity:0 usage:1 congestion:1
	bbox = (179.4000, 165.6000) - (186.3000, 172.5000) on Layer -
violation type: Vertical congestion
	srcs: net:net1469
	comment: capacity:0 usage:1 congestion:1
	bbox = (276.0000, 55.2000) - (282.9000, 62.1000) on Layer -
violation type: Vertical congestion
	srcs: net:net1460
	comment: capacity:0 usage:1 congestion:1
	bbox = (303.6000, 138.0000) - (310.5000, 144.9000) on Layer -
violation type: Vertical congestion
	srcs: net:net2207
	comment: capacity:0 usage:1 congestion:1
	bbox = (248.4000, 89.7000) - (255.3000, 96.6000) on Layer -
violation type: Vertical congestion
	srcs: net:net2309
	comment: capacity:0 usage:1 congestion:1
	bbox = (621.0000, 207.0000) - (627.9000, 213.9000) on Layer -
violation type: Vertical congestion
	srcs: net:net2207
	comment: capacity:0 usage:1 congestion:1
	bbox = (248.4000, 234.6000) - (255.3000, 241.5000) on Layer -
violation type: Vertical congestion
	srcs: net:net1462
	comment: capacity:0 usage:1 congestion:1
	bbox = (579.6000, 158.7000) - (586.5000, 165.6000) on Layer -
violation type: Vertical congestion
	srcs: net:net1467
	comment: capacity:0 usage:1 congestion:1
	bbox = (289.8000, 186.3000) - (296.7000, 193.2000) on Layer -
violation type: Vertical congestion
	srcs: net:net1462
	comment: capacity:0 usage:1 congestion:1
	bbox = (579.6000, 151.8000) - (586.5000, 158.7000) on Layer -
violation type: Vertical congestion
	srcs: net:net1467
	comment: capacity:0 usage:1 congestion:1
	bbox = (289.8000, 193.2000) - (296.7000, 200.1000) on Layer -
violation type: Vertical congestion
	srcs: net:sram_wdata\[23\]
	comment: capacity:0 usage:1 congestion:1
	bbox = (179.4000, 144.9000) - (186.3000, 151.8000) on Layer -
violation type: Vertical congestion
	srcs: net:net1471
	comment: capacity:0 usage:1 congestion:1
	bbox = (420.9000, 165.6000) - (427.8000, 172.5000) on Layer -
violation type: Vertical congestion
	srcs: net:net2207
	comment: capacity:0 usage:1 congestion:1
	bbox = (248.4000, 220.8000) - (255.3000, 227.7000) on Layer -
violation type: Vertical congestion
	srcs: net:net1465
	comment: capacity:0 usage:1 congestion:1
	bbox = (296.7000, 96.6000) - (303.6000, 103.5000) on Layer -
violation type: Vertical congestion
	srcs: net:net1461
	comment: capacity:0 usage:1 congestion:1
	bbox = (345.0000, 103.5000) - (351.9000, 110.4000) on Layer -
violation type: Vertical congestion
	srcs: net:net1466
	comment: capacity:0 usage:1 congestion:1
	bbox = (282.9000, 186.3000) - (289.8000, 193.2000) on Layer -
violation type: Vertical congestion
	srcs: net:net1471
	comment: capacity:0 usage:1 congestion:1
	bbox = (420.9000, 158.7000) - (427.8000, 165.6000) on Layer -
violation type: Vertical congestion
	srcs: net:net1468
	comment: capacity:0 usage:1 congestion:1
	bbox = (407.1000, 89.7000) - (414.0000, 96.6000) on Layer -
violation type: Vertical congestion
	srcs: net:net1470
	comment: capacity:0 usage:1 congestion:1
	bbox = (269.1000, 55.2000) - (276.0000, 62.1000) on Layer -
violation type: Vertical congestion
	srcs: net:net2200
	comment: capacity:0 usage:1 congestion:1
	bbox = (262.2000, 179.4000) - (269.1000, 186.3000) on Layer -
violation type: Vertical congestion
	srcs: net:net1472
	comment: capacity:0 usage:1 congestion:1
	bbox = (255.3000, 193.2000) - (262.2000, 200.1000) on Layer -
violation type: Vertical congestion
	srcs: net:net1472
	comment: capacity:0 usage:1 congestion:1
	bbox = (255.3000, 151.8000) - (262.2000, 158.7000) on Layer -
violation type: Vertical congestion
	srcs: net:net1461
	comment: capacity:0 usage:1 congestion:1
	bbox = (345.0000, 213.9000) - (351.9000, 220.8000) on Layer -
violation type: Vertical congestion
	srcs: net:net1469
	comment: capacity:0 usage:1 congestion:1
	bbox = (276.0000, 193.2000) - (282.9000, 200.1000) on Layer -
violation type: Vertical congestion
	srcs: net:net2219
	comment: capacity:0 usage:1 congestion:1
	bbox = (207.0000, 172.5000) - (213.9000, 179.4000) on Layer -
violation type: Vertical congestion
	srcs: net:net1469
	comment: capacity:0 usage:1 congestion:1
	bbox = (276.0000, 172.5000) - (282.9000, 179.4000) on Layer -
violation type: Vertical congestion
	srcs: net:net1472
	comment: capacity:0 usage:1 congestion:1
	bbox = (255.3000, 62.1000) - (262.2000, 69.0000) on Layer -
violation type: Vertical congestion
	srcs: net:net1470
	comment: capacity:0 usage:1 congestion:1
	bbox = (269.1000, 82.8000) - (276.0000, 89.7000) on Layer -
violation type: Vertical congestion
	srcs: net:net1468
	comment: capacity:0 usage:1 congestion:1
	bbox = (407.1000, 207.0000) - (414.0000, 213.9000) on Layer -
violation type: Vertical congestion
	srcs: net:net2207
	comment: capacity:0 usage:1 congestion:1
	bbox = (248.4000, 151.8000) - (255.3000, 158.7000) on Layer -
violation type: Vertical congestion
	srcs: net:net1470
	comment: capacity:0 usage:1 congestion:1
	bbox = (269.1000, 124.2000) - (276.0000, 131.1000) on Layer -
violation type: Vertical congestion
	srcs: net:net1461
	comment: capacity:0 usage:1 congestion:1
	bbox = (345.0000, 62.1000) - (351.9000, 69.0000) on Layer -
violation type: Vertical congestion
	srcs: net:net1465
	comment: capacity:0 usage:1 congestion:1
	bbox = (296.7000, 200.1000) - (303.6000, 207.0000) on Layer -
violation type: Vertical congestion
	srcs: net:net1468
	comment: capacity:0 usage:1 congestion:1
	bbox = (407.1000, 62.1000) - (414.0000, 69.0000) on Layer -
violation type: Vertical congestion
	srcs: net:net1460
	comment: capacity:0 usage:1 congestion:1
	bbox = (303.6000, 131.1000) - (310.5000, 138.0000) on Layer -
violation type: Vertical congestion
	srcs: net:net2196
	comment: capacity:0 usage:1 congestion:1
	bbox = (607.2000, 110.4000) - (614.1000, 117.3000) on Layer -
violation type: Vertical congestion
	srcs: net:net2207
	comment: capacity:0 usage:1 congestion:1
	bbox = (248.4000, 131.1000) - (255.3000, 138.0000) on Layer -
violation type: Vertical congestion
	srcs: net:net1460
	comment: capacity:0 usage:1 congestion:1
	bbox = (303.6000, 158.7000) - (310.5000, 165.6000) on Layer -
violation type: Vertical congestion
	srcs: net:net2312
	comment: capacity:0 usage:1 congestion:1
	bbox = (634.8000, 186.3000) - (641.7000, 193.2000) on Layer -
violation type: Vertical congestion
	srcs: net:net1460
	comment: capacity:0 usage:1 congestion:1
	bbox = (303.6000, 89.7000) - (310.5000, 96.6000) on Layer -
violation type: Vertical congestion
	srcs: net:net1461
	comment: capacity:0 usage:1 congestion:1
	bbox = (345.0000, 55.2000) - (351.9000, 62.1000) on Layer -
violation type: Vertical congestion
	srcs: net:net1462
	comment: capacity:0 usage:1 congestion:1
	bbox = (579.6000, 96.6000) - (586.5000, 103.5000) on Layer -
violation type: Vertical congestion
	srcs: net:net1465
	comment: capacity:0 usage:1 congestion:1
	bbox = (296.7000, 151.8000) - (303.6000, 158.7000) on Layer -
violation type: Vertical congestion
	srcs: net:s1_r\[11\]
	comment: capacity:0 usage:1 congestion:1
	bbox = (200.1000, 220.8000) - (207.0000, 227.7000) on Layer -
violation type: Vertical congestion
	srcs: net:net2219
	comment: capacity:0 usage:1 congestion:1
	bbox = (207.0000, 69.0000) - (213.9000, 75.9000) on Layer -
violation type: Vertical congestion
	srcs: net:net1468
	comment: capacity:0 usage:1 congestion:1
	bbox = (407.1000, 96.6000) - (414.0000, 103.5000) on Layer -
violation type: Vertical congestion
	srcs: net:net1470
	comment: capacity:0 usage:1 congestion:1
	bbox = (269.1000, 193.2000) - (276.0000, 200.1000) on Layer -
violation type: Vertical congestion
	srcs: net:net1460
	comment: capacity:0 usage:1 congestion:1
	bbox = (303.6000, 151.8000) - (310.5000, 158.7000) on Layer -
violation type: Vertical congestion
	srcs: net:net1460
	comment: capacity:0 usage:1 congestion:1
	bbox = (303.6000, 186.3000) - (310.5000, 193.2000) on Layer -
violation type: Vertical congestion
	srcs: net:net1466
	comment: capacity:0 usage:1 congestion:1
	bbox = (282.9000, 220.8000) - (289.8000, 227.7000) on Layer -
violation type: Vertical congestion
	srcs: net:sram_wdata\[23\]
	comment: capacity:0 usage:1 congestion:1
	bbox = (179.4000, 220.8000) - (186.3000, 227.7000) on Layer -
violation type: Vertical congestion
	srcs: net:net2200
	comment: capacity:0 usage:1 congestion:1
	bbox = (262.2000, 158.7000) - (269.1000, 165.6000) on Layer -
violation type: Vertical congestion
	srcs: net:net1465
	comment: capacity:0 usage:1 congestion:1
	bbox = (296.7000, 55.2000) - (303.6000, 62.1000) on Layer -
violation type: Vertical congestion
	srcs: net:net2200
	comment: capacity:0 usage:1 congestion:1
	bbox = (262.2000, 55.2000) - (269.1000, 62.1000) on Layer -
violation type: Vertical congestion
	srcs: net:s1_r\[11\]
	comment: capacity:0 usage:1 congestion:1
	bbox = (200.1000, 69.0000) - (207.0000, 75.9000) on Layer -
violation type: Vertical congestion
	srcs: net:net1470
	comment: capacity:0 usage:1 congestion:1
	bbox = (269.1000, 165.6000) - (276.0000, 172.5000) on Layer -
violation type: Vertical congestion
	srcs: net:net1469
	comment: capacity:0 usage:1 congestion:1
	bbox = (276.0000, 158.7000) - (282.9000, 165.6000) on Layer -
violation type: Vertical congestion
	srcs: net:net2312
	comment: capacity:0 usage:1 congestion:1
	bbox = (634.8000, 213.9000) - (641.7000, 220.8000) on Layer -
violation type: Vertical congestion
	srcs: net:net2213
	comment: capacity:0 usage:1 congestion:1
	bbox = (220.8000, 138.0000) - (227.7000, 144.9000) on Layer -
violation type: Vertical congestion
	srcs: net:net2196
	comment: capacity:0 usage:1 congestion:1
	bbox = (607.2000, 207.0000) - (614.1000, 213.9000) on Layer -
violation type: Vertical congestion
	srcs: net:net2315
	comment: capacity:0 usage:1 congestion:1
	bbox = (434.7000, 103.5000) - (441.6000, 110.4000) on Layer -
violation type: Vertical congestion
	srcs: net:net2309
	comment: capacity:0 usage:1 congestion:1
	bbox = (621.0000, 124.2000) - (627.9000, 131.1000) on Layer -
violation type: Vertical congestion
	srcs: net:s1_r\[11\]
	comment: capacity:0 usage:1 congestion:1
	bbox = (200.1000, 144.9000) - (207.0000, 151.8000) on Layer -
violation type: Vertical congestion
	srcs: net:net1471
	comment: capacity:0 usage:1 congestion:1
	bbox = (420.9000, 117.3000) - (427.8000, 124.2000) on Layer -
violation type: Vertical congestion
	srcs: net:net2200
	comment: capacity:0 usage:1 congestion:1
	bbox = (262.2000, 48.3000) - (269.1000, 55.2000) on Layer -
violation type: Vertical congestion
	srcs: net:net2213
	comment: capacity:0 usage:1 congestion:1
	bbox = (220.8000, 82.8000) - (227.7000, 89.7000) on Layer -
violation type: Vertical congestion
	srcs: net:net2219
	comment: capacity:0 usage:1 congestion:1
	bbox = (207.0000, 48.3000) - (213.9000, 55.2000) on Layer -
violation type: Vertical congestion
	srcs: net:net1470
	comment: capacity:0 usage:1 congestion:1
	bbox = (269.1000, 179.4000) - (276.0000, 186.3000) on Layer -
violation type: Vertical congestion
	srcs: net:net2207
	comment: capacity:0 usage:1 congestion:1
	bbox = (248.4000, 213.9000) - (255.3000, 220.8000) on Layer -
violation type: Vertical congestion
	srcs: net:net2200
	comment: capacity:0 usage:1 congestion:1
	bbox = (262.2000, 200.1000) - (269.1000, 207.0000) on Layer -
violation type: Vertical congestion
	srcs: net:net2309
	comment: capacity:0 usage:1 congestion:1
	bbox = (621.0000, 213.9000) - (627.9000, 220.8000) on Layer -
violation type: Vertical congestion
	srcs: net:s1_r\[11\]
	comment: capacity:0 usage:1 congestion:1
	bbox = (200.1000, 248.4000) - (207.0000, 255.3000) on Layer -
violation type: Vertical congestion
	srcs: net:net2200
	comment: capacity:0 usage:1 congestion:1
	bbox = (262.2000, 144.9000) - (269.1000, 151.8000) on Layer -
violation type: Vertical congestion
	srcs: net:net2213
	comment: capacity:0 usage:1 congestion:1
	bbox = (220.8000, 55.2000) - (227.7000, 62.1000) on Layer -
violation type: Vertical congestion
	srcs: net:net1467
	comment: capacity:0 usage:1 congestion:1
	bbox = (289.8000, 213.9000) - (296.7000, 220.8000) on Layer -
violation type: Vertical congestion
	srcs: net:net1471
	comment: capacity:0 usage:1 congestion:1
	bbox = (420.9000, 179.4000) - (427.8000, 186.3000) on Layer -
violation type: Vertical congestion
	srcs: net:net1468
	comment: capacity:0 usage:1 congestion:1
	bbox = (407.1000, 193.2000) - (414.0000, 200.1000) on Layer -
violation type: Vertical congestion
	srcs: net:net2200
	comment: capacity:0 usage:1 congestion:1
	bbox = (262.2000, 207.0000) - (269.1000, 213.9000) on Layer -
violation type: Vertical congestion
	srcs: net:s1_r\[11\]
	comment: capacity:0 usage:1 congestion:1
	bbox = (200.1000, 193.2000) - (207.0000, 200.1000) on Layer -
violation type: Vertical congestion
	srcs: net:net2207
	comment: capacity:0 usage:1 congestion:1
	bbox = (248.4000, 241.5000) - (255.3000, 248.4000) on Layer -
violation type: Vertical congestion
	srcs: net:net2315
	comment: capacity:0 usage:1 congestion:1
	bbox = (434.7000, 62.1000) - (441.6000, 69.0000) on Layer -
violation type: Vertical congestion
	srcs: net:s1_r\[11\]
	comment: capacity:0 usage:1 congestion:1
	bbox = (200.1000, 117.3000) - (207.0000, 124.2000) on Layer -
violation type: Vertical congestion
	srcs: net:net1469
	comment: capacity:0 usage:1 congestion:1
	bbox = (276.0000, 110.4000) - (282.9000, 117.3000) on Layer -
violation type: Vertical congestion
	srcs: net:net1467
	comment: capacity:0 usage:1 congestion:1
	bbox = (289.8000, 151.8000) - (296.7000, 158.7000) on Layer -
violation type: Vertical congestion
	srcs: net:net2309
	comment: capacity:0 usage:1 congestion:1
	bbox = (621.0000, 158.7000) - (627.9000, 165.6000) on Layer -
violation type: Vertical congestion
	srcs: net:net1469
	comment: capacity:0 usage:1 congestion:1
	bbox = (276.0000, 89.7000) - (282.9000, 96.6000) on Layer -
violation type: Vertical congestion
	srcs: net:net1472
	comment: capacity:0 usage:1 congestion:1
	bbox = (255.3000, 117.3000) - (262.2000, 124.2000) on Layer -
violation type: Vertical congestion
	srcs: net:net2213
	comment: capacity:0 usage:1 congestion:1
	bbox = (220.8000, 241.5000) - (227.7000, 248.4000) on Layer -
violation type: Vertical congestion
	srcs: net:net2309
	comment: capacity:0 usage:1 congestion:1
	bbox = (621.0000, 186.3000) - (627.9000, 193.2000) on Layer -
violation type: Vertical congestion
	srcs: net:net1467
	comment: capacity:0 usage:1 congestion:1
	bbox = (289.8000, 55.2000) - (296.7000, 62.1000) on Layer -
violation type: Vertical congestion
	srcs: net:net2200
	comment: capacity:0 usage:1 congestion:1
	bbox = (262.2000, 131.1000) - (269.1000, 138.0000) on Layer -
violation type: Vertical congestion
	srcs: net:net2207
	comment: capacity:0 usage:1 congestion:1
	bbox = (248.4000, 200.1000) - (255.3000, 207.0000) on Layer -
violation type: Vertical congestion
	srcs: net:net1465
	comment: capacity:0 usage:1 congestion:1
	bbox = (296.7000, 48.3000) - (303.6000, 55.2000) on Layer -
violation type: Vertical congestion
	srcs: net:net1465
	comment: capacity:0 usage:1 congestion:1
	bbox = (296.7000, 220.8000) - (303.6000, 227.7000) on Layer -
violation type: Vertical congestion
	srcs: net:net1462
	comment: capacity:0 usage:1 congestion:1
	bbox = (579.6000, 227.7000) - (586.5000, 234.6000) on Layer -
violation type: Vertical congestion
	srcs: net:net2219
	comment: capacity:0 usage:1 congestion:1
	bbox = (207.0000, 131.1000) - (213.9000, 138.0000) on Layer -
violation type: Vertical congestion
	srcs: net:net2219
	comment: capacity:0 usage:1 congestion:1
	bbox = (207.0000, 117.3000) - (213.9000, 124.2000) on Layer -
violation type: Vertical congestion
	srcs: net:net2213
	comment: capacity:0 usage:1 congestion:1
	bbox = (220.8000, 207.0000) - (227.7000, 213.9000) on Layer -
violation type: Vertical congestion
	srcs: net:net1470
	comment: capacity:0 usage:1 congestion:1
	bbox = (269.1000, 248.4000) - (276.0000, 255.3000) on Layer -
violation type: Vertical congestion
	srcs: net:net2309
	comment: capacity:0 usage:1 congestion:1
	bbox = (621.0000, 55.2000) - (627.9000, 62.1000) on Layer -
violation type: Vertical congestion
	srcs: net:net2196
	comment: capacity:0 usage:1 congestion:1
	bbox = (607.2000, 172.5000) - (614.1000, 179.4000) on Layer -
violation type: Vertical congestion
	srcs: net:net2312
	comment: capacity:0 usage:1 congestion:1
	bbox = (634.8000, 207.0000) - (641.7000, 213.9000) on Layer -
violation type: Vertical congestion
	srcs: net:net2219
	comment: capacity:0 usage:1 congestion:1
	bbox = (207.0000, 138.0000) - (213.9000, 144.9000) on Layer -
violation type: Vertical congestion
	srcs: net:net1472
	comment: capacity:0 usage:1 congestion:1
	bbox = (255.3000, 220.8000) - (262.2000, 227.7000) on Layer -
violation type: Vertical congestion
	srcs: net:net1467
	comment: capacity:0 usage:1 congestion:1
	bbox = (289.8000, 165.6000) - (296.7000, 172.5000) on Layer -
violation type: Vertical congestion
	srcs: net:net2207
	comment: capacity:0 usage:1 congestion:1
	bbox = (248.4000, 193.2000) - (255.3000, 200.1000) on Layer -
violation type: Vertical congestion
	srcs: net:net1472
	comment: capacity:0 usage:1 congestion:1
	bbox = (255.3000, 89.7000) - (262.2000, 96.6000) on Layer -
violation type: Vertical congestion
	srcs: net:net1472
	comment: capacity:0 usage:1 congestion:1
	bbox = (255.3000, 186.3000) - (262.2000, 193.2000) on Layer -
violation type: Vertical congestion
	srcs: net:net2312
	comment: capacity:0 usage:1 congestion:1
	bbox = (634.8000, 124.2000) - (641.7000, 131.1000) on Layer -
violation type: Vertical congestion
	srcs: net:net1470
	comment: capacity:0 usage:1 congestion:1
	bbox = (269.1000, 117.3000) - (276.0000, 124.2000) on Layer -
violation type: Vertical congestion
	srcs: net:net1465
	comment: capacity:0 usage:1 congestion:1
	bbox = (296.7000, 241.5000) - (303.6000, 248.4000) on Layer -
violation type: Vertical congestion
	srcs: net:net2200
	comment: capacity:0 usage:1 congestion:1
	bbox = (262.2000, 227.7000) - (269.1000, 234.6000) on Layer -
violation type: Vertical congestion
	srcs: net:net1466
	comment: capacity:0 usage:1 congestion:1
	bbox = (282.9000, 248.4000) - (289.8000, 255.3000) on Layer -
violation type: Vertical congestion
	srcs: net:net2196
	comment: capacity:0 usage:1 congestion:1
	bbox = (607.2000, 117.3000) - (614.1000, 124.2000) on Layer -
violation type: Vertical congestion
	srcs: net:net2219
	comment: capacity:0 usage:1 congestion:1
	bbox = (207.0000, 241.5000) - (213.9000, 248.4000) on Layer -
violation type: Vertical congestion
	srcs: net:net1468
	comment: capacity:0 usage:1 congestion:1
	bbox = (407.1000, 138.0000) - (414.0000, 144.9000) on Layer -
violation type: Vertical congestion
	srcs: net:net1468
	comment: capacity:0 usage:1 congestion:1
	bbox = (407.1000, 172.5000) - (414.0000, 179.4000) on Layer -
violation type: Vertical congestion
	srcs: net:net1460
	comment: capacity:0 usage:1 congestion:1
	bbox = (303.6000, 227.7000) - (310.5000, 234.6000) on Layer -
violation type: Vertical congestion
	srcs: net:net1471
	comment: capacity:0 usage:1 congestion:1
	bbox = (420.9000, 207.0000) - (427.8000, 213.9000) on Layer -
violation type: Vertical congestion
	srcs: net:net1467
	comment: capacity:0 usage:1 congestion:1
	bbox = (289.8000, 248.4000) - (296.7000, 255.3000) on Layer -
violation type: Vertical congestion
	srcs: net:net1462
	comment: capacity:0 usage:1 congestion:1
	bbox = (579.6000, 144.9000) - (586.5000, 151.8000) on Layer -
violation type: Vertical congestion
	srcs: net:net2219
	comment: capacity:0 usage:1 congestion:1
	bbox = (207.0000, 227.7000) - (213.9000, 234.6000) on Layer -
violation type: Vertical congestion
	srcs: net:net2312
	comment: capacity:0 usage:1 congestion:1
	bbox = (634.8000, 110.4000) - (641.7000, 117.3000) on Layer -
violation type: Vertical congestion
	srcs: net:net2315
	comment: capacity:0 usage:1 congestion:1
	bbox = (434.7000, 48.3000) - (441.6000, 55.2000) on Layer -
violation type: Vertical congestion
	srcs: net:net2213
	comment: capacity:0 usage:1 congestion:1
	bbox = (220.8000, 69.0000) - (227.7000, 75.9000) on Layer -
violation type: Vertical congestion
	srcs: net:s1_r\[11\]
	comment: capacity:0 usage:1 congestion:1
	bbox = (200.1000, 158.7000) - (207.0000, 165.6000) on Layer -
violation type: Vertical congestion
	srcs: net:net1468
	comment: capacity:0 usage:1 congestion:1
	bbox = (407.1000, 55.2000) - (414.0000, 62.1000) on Layer -
violation type: Vertical congestion
	srcs: net:net1461
	comment: capacity:0 usage:1 congestion:1
	bbox = (345.0000, 186.3000) - (351.9000, 193.2000) on Layer -
violation type: Vertical congestion
	srcs: net:net1471
	comment: capacity:0 usage:1 congestion:1
	bbox = (420.9000, 48.3000) - (427.8000, 55.2000) on Layer -
violation type: Vertical congestion
	srcs: net:net2196
	comment: capacity:0 usage:1 congestion:1
	bbox = (607.2000, 124.2000) - (614.1000, 131.1000) on Layer -
violation type: Vertical congestion
	srcs: net:net1460
	comment: capacity:0 usage:1 congestion:1
	bbox = (303.6000, 193.2000) - (310.5000, 200.1000) on Layer -
violation type: Vertical congestion
	srcs: net:net2315
	comment: capacity:0 usage:1 congestion:1
	bbox = (434.7000, 151.8000) - (441.6000, 158.7000) on Layer -
violation type: Vertical congestion
	srcs: net:net1465
	comment: capacity:0 usage:1 congestion:1
	bbox = (296.7000, 89.7000) - (303.6000, 96.6000) on Layer -
violation type: Vertical congestion
	srcs: net:net2219
	comment: capacity:0 usage:1 congestion:1
	bbox = (207.0000, 220.8000) - (213.9000, 227.7000) on Layer -
violation type: Vertical congestion
	srcs: net:net1460
	comment: capacity:0 usage:1 congestion:1
	bbox = (303.6000, 55.2000) - (310.5000, 62.1000) on Layer -
violation type: Vertical congestion
	srcs: net:net1462
	comment: capacity:0 usage:1 congestion:1
	bbox = (579.6000, 179.4000) - (586.5000, 186.3000) on Layer -
violation type: Vertical congestion
	srcs: net:net2207
	comment: capacity:0 usage:1 congestion:1
	bbox = (248.4000, 82.8000) - (255.3000, 89.7000) on Layer -
violation type: Vertical congestion
	srcs: net:net1471
	comment: capacity:0 usage:1 congestion:1
	bbox = (420.9000, 124.2000) - (427.8000, 131.1000) on Layer -
violation type: Vertical congestion
	srcs: net:net1469
	comment: capacity:0 usage:1 congestion:1
	bbox = (276.0000, 103.5000) - (282.9000, 110.4000) on Layer -
violation type: Vertical congestion
	srcs: net:net2200
	comment: capacity:0 usage:1 congestion:1
	bbox = (262.2000, 165.6000) - (269.1000, 172.5000) on Layer -
violation type: Vertical congestion
	srcs: net:net1468
	comment: capacity:0 usage:1 congestion:1
	bbox = (407.1000, 151.8000) - (414.0000, 158.7000) on Layer -
violation type: Vertical congestion
	srcs: net:net2219
	comment: capacity:0 usage:1 congestion:1
	bbox = (207.0000, 144.9000) - (213.9000, 151.8000) on Layer -
violation type: Vertical congestion
	srcs: net:net2213
	comment: capacity:0 usage:1 congestion:1
	bbox = (220.8000, 200.1000) - (227.7000, 207.0000) on Layer -
violation type: Vertical congestion
	srcs: net:s1_r\[11\]
	comment: capacity:0 usage:1 congestion:1
	bbox = (200.1000, 227.7000) - (207.0000, 234.6000) on Layer -
violation type: Vertical congestion
	srcs: net:net1465
	comment: capacity:0 usage:1 congestion:1
	bbox = (296.7000, 124.2000) - (303.6000, 131.1000) on Layer -
violation type: Vertical congestion
	srcs: net:net2219
	comment: capacity:0 usage:1 congestion:1
	bbox = (207.0000, 213.9000) - (213.9000, 220.8000) on Layer -
violation type: Vertical congestion
	srcs: net:net2196
	comment: capacity:0 usage:1 congestion:1
	bbox = (607.2000, 241.5000) - (614.1000, 248.4000) on Layer -
violation type: Vertical congestion
	srcs: net:net1462
	comment: capacity:0 usage:1 congestion:1
	bbox = (579.6000, 193.2000) - (586.5000, 200.1000) on Layer -
violation type: Vertical congestion
	srcs: net:net1471
	comment: capacity:0 usage:1 congestion:1
	bbox = (420.9000, 144.9000) - (427.8000, 151.8000) on Layer -
violation type: Vertical congestion
	srcs: net:net1461
	comment: capacity:0 usage:1 congestion:1
	bbox = (345.0000, 124.2000) - (351.9000, 131.1000) on Layer -
violation type: Vertical congestion
	srcs: net:net2196
	comment: capacity:0 usage:1 congestion:1
	bbox = (607.2000, 69.0000) - (614.1000, 75.9000) on Layer -
violation type: Vertical congestion
	srcs: net:net2312
	comment: capacity:0 usage:1 congestion:1
	bbox = (634.8000, 82.8000) - (641.7000, 89.7000) on Layer -
violation type: Vertical congestion
	srcs: net:net1472
	comment: capacity:0 usage:1 congestion:1
	bbox = (255.3000, 55.2000) - (262.2000, 62.1000) on Layer -
violation type: Vertical congestion
	srcs: net:net2315
	comment: capacity:0 usage:1 congestion:1
	bbox = (434.7000, 248.4000) - (441.6000, 255.3000) on Layer -
violation type: Vertical congestion
	srcs: net:net1468
	comment: capacity:0 usage:1 congestion:1
	bbox = (407.1000, 131.1000) - (414.0000, 138.0000) on Layer -
violation type: Vertical congestion
	srcs: net:net2312
	comment: capacity:0 usage:1 congestion:1
	bbox = (634.8000, 172.5000) - (641.7000, 179.4000) on Layer -
violation type: Vertical congestion
	srcs: net:net2315
	comment: capacity:0 usage:1 congestion:1
	bbox = (434.7000, 124.2000) - (441.6000, 131.1000) on Layer -
violation type: Vertical congestion
	srcs: net:net2312
	comment: capacity:0 usage:1 congestion:1
	bbox = (634.8000, 227.7000) - (641.7000, 234.6000) on Layer -
violation type: Vertical congestion
	srcs: net:net1467
	comment: capacity:0 usage:1 congestion:1
	bbox = (289.8000, 200.1000) - (296.7000, 207.0000) on Layer -
violation type: Vertical congestion
	srcs: net:net2196
	comment: capacity:0 usage:1 congestion:1
	bbox = (607.2000, 131.1000) - (614.1000, 138.0000) on Layer -
violation type: Vertical congestion
	srcs: net:net1467
	comment: capacity:0 usage:1 congestion:1
	bbox = (289.8000, 103.5000) - (296.7000, 110.4000) on Layer -
violation type: Vertical congestion
	srcs: net:net2312
	comment: capacity:0 usage:1 congestion:1
	bbox = (634.8000, 62.1000) - (641.7000, 69.0000) on Layer -
violation type: Vertical congestion
	srcs: net:net1472
	comment: capacity:0 usage:1 congestion:1
	bbox = (255.3000, 110.4000) - (262.2000, 117.3000) on Layer -
violation type: Vertical congestion
	srcs: net:net1469
	comment: capacity:0 usage:1 congestion:1
	bbox = (276.0000, 82.8000) - (282.9000, 89.7000) on Layer -
violation type: Vertical congestion
	srcs: net:net2312
	comment: capacity:0 usage:1 congestion:1
	bbox = (634.8000, 131.1000) - (641.7000, 138.0000) on Layer -
violation type: Vertical congestion
	srcs: net:net1461
	comment: capacity:0 usage:1 congestion:1
	bbox = (345.0000, 248.4000) - (351.9000, 255.3000) on Layer -
violation type: Vertical congestion
	srcs: net:net1461
	comment: capacity:0 usage:1 congestion:1
	bbox = (345.0000, 117.3000) - (351.9000, 124.2000) on Layer -
violation type: Vertical congestion
	srcs: net:net1471
	comment: capacity:0 usage:1 congestion:1
	bbox = (420.9000, 248.4000) - (427.8000, 255.3000) on Layer -
violation type: Vertical congestion
	srcs: net:net2213
	comment: capacity:0 usage:1 congestion:1
	bbox = (220.8000, 248.4000) - (227.7000, 255.3000) on Layer -
violation type: Vertical congestion
	srcs: net:net2315
	comment: capacity:0 usage:1 congestion:1
	bbox = (434.7000, 172.5000) - (441.6000, 179.4000) on Layer -
violation type: Vertical congestion
	srcs: net:net1461
	comment: capacity:0 usage:1 congestion:1
	bbox = (345.0000, 110.4000) - (351.9000, 117.3000) on Layer -
violation type: Vertical congestion
	srcs: net:net1468
	comment: capacity:0 usage:1 congestion:1
	bbox = (407.1000, 144.9000) - (414.0000, 151.8000) on Layer -
violation type: Vertical congestion
	srcs: net:net1461
	comment: capacity:0 usage:1 congestion:1
	bbox = (345.0000, 220.8000) - (351.9000, 227.7000) on Layer -
violation type: Vertical congestion
	srcs: net:net2207
	comment: capacity:0 usage:1 congestion:1
	bbox = (248.4000, 69.0000) - (255.3000, 75.9000) on Layer -
violation type: Vertical congestion
	srcs: net:net2196
	comment: capacity:0 usage:1 congestion:1
	bbox = (607.2000, 193.2000) - (614.1000, 200.1000) on Layer -
violation type: Vertical congestion
	srcs: net:net1465
	comment: capacity:0 usage:1 congestion:1
	bbox = (296.7000, 158.7000) - (303.6000, 165.6000) on Layer -
violation type: Vertical congestion
	srcs: net:net1465
	comment: capacity:0 usage:1 congestion:1
	bbox = (296.7000, 193.2000) - (303.6000, 200.1000) on Layer -
violation type: Vertical congestion
	srcs: net:net1472
	comment: capacity:0 usage:1 congestion:1
	bbox = (255.3000, 124.2000) - (262.2000, 131.1000) on Layer -
violation type: Vertical congestion
	srcs: net:net2219
	comment: capacity:0 usage:1 congestion:1
	bbox = (207.0000, 110.4000) - (213.9000, 117.3000) on Layer -
violation type: Vertical congestion
	srcs: net:net1471
	comment: capacity:0 usage:1 congestion:1
	bbox = (420.9000, 186.3000) - (427.8000, 193.2000) on Layer -
violation type: Vertical congestion
	srcs: net:net1468
	comment: capacity:0 usage:1 congestion:1
	bbox = (407.1000, 234.6000) - (414.0000, 241.5000) on Layer -
violation type: Vertical congestion
	srcs: net:net1472
	comment: capacity:0 usage:1 congestion:1
	bbox = (255.3000, 248.4000) - (262.2000, 255.3000) on Layer -
violation type: Vertical congestion
	srcs: net:net1465
	comment: capacity:0 usage:1 congestion:1
	bbox = (296.7000, 165.6000) - (303.6000, 172.5000) on Layer -
violation type: Vertical congestion
	srcs: net:s1_r\[11\]
	comment: capacity:0 usage:1 congestion:1
	bbox = (200.1000, 96.6000) - (207.0000, 103.5000) on Layer -
violation type: Vertical congestion
	srcs: net:net1471
	comment: capacity:0 usage:1 congestion:1
	bbox = (420.9000, 62.1000) - (427.8000, 69.0000) on Layer -
violation type: Vertical congestion
	srcs: net:net1461
	comment: capacity:0 usage:1 congestion:1
	bbox = (345.0000, 179.4000) - (351.9000, 186.3000) on Layer -
violation type: Vertical congestion
	srcs: net:net1467
	comment: capacity:0 usage:1 congestion:1
	bbox = (289.8000, 220.8000) - (296.7000, 227.7000) on Layer -
violation type: Vertical congestion
	srcs: net:net1469
	comment: capacity:0 usage:1 congestion:1
	bbox = (276.0000, 117.3000) - (282.9000, 124.2000) on Layer -
violation type: Vertical congestion
	srcs: net:net1462
	comment: capacity:0 usage:1 congestion:1
	bbox = (579.6000, 110.4000) - (586.5000, 117.3000) on Layer -
violation type: Vertical congestion
	srcs: net:net1465
	comment: capacity:0 usage:1 congestion:1
	bbox = (296.7000, 234.6000) - (303.6000, 241.5000) on Layer -
violation type: Vertical congestion
	srcs: net:net2219
	comment: capacity:0 usage:1 congestion:1
	bbox = (207.0000, 55.2000) - (213.9000, 62.1000) on Layer -
violation type: Vertical congestion
	srcs: net:net1466
	comment: capacity:0 usage:1 congestion:1
	bbox = (282.9000, 131.1000) - (289.8000, 138.0000) on Layer -
violation type: Vertical congestion
	srcs: net:net2213
	comment: capacity:0 usage:1 congestion:1
	bbox = (220.8000, 220.8000) - (227.7000, 227.7000) on Layer -
violation type: Vertical congestion
	srcs: net:net1469
	comment: capacity:0 usage:1 congestion:1
	bbox = (276.0000, 75.9000) - (282.9000, 82.8000) on Layer -
violation type: Vertical congestion
	srcs: net:sram_wdata\[23\]
	comment: capacity:0 usage:1 congestion:1
	bbox = (179.4000, 234.6000) - (186.3000, 241.5000) on Layer -
violation type: Vertical congestion
	srcs: net:net1460
	comment: capacity:0 usage:1 congestion:1
	bbox = (303.6000, 248.4000) - (310.5000, 255.3000) on Layer -
violation type: Vertical congestion
	srcs: net:net2196
	comment: capacity:0 usage:1 congestion:1
	bbox = (607.2000, 75.9000) - (614.1000, 82.8000) on Layer -
violation type: Vertical congestion
	srcs: net:net2219
	comment: capacity:0 usage:1 congestion:1
	bbox = (207.0000, 186.3000) - (213.9000, 193.2000) on Layer -
violation type: Vertical congestion
	srcs: net:net2196
	comment: capacity:0 usage:1 congestion:1
	bbox = (607.2000, 186.3000) - (614.1000, 193.2000) on Layer -
violation type: Vertical congestion
	srcs: net:net1470
	comment: capacity:0 usage:1 congestion:1
	bbox = (269.1000, 131.1000) - (276.0000, 138.0000) on Layer -
violation type: Vertical congestion
	srcs: net:net1471
	comment: capacity:0 usage:1 congestion:1
	bbox = (420.9000, 131.1000) - (427.8000, 138.0000) on Layer -
violation type: Vertical congestion
	srcs: net:net1469
	comment: capacity:0 usage:1 congestion:1
	bbox = (276.0000, 124.2000) - (282.9000, 131.1000) on Layer -
violation type: Vertical congestion
	srcs: net:net1468
	comment: capacity:0 usage:1 congestion:1
	bbox = (407.1000, 200.1000) - (414.0000, 207.0000) on Layer -
violation type: Vertical congestion
	srcs: net:s1_r\[11\]
	comment: capacity:0 usage:1 congestion:1
	bbox = (200.1000, 213.9000) - (207.0000, 220.8000) on Layer -
violation type: Vertical congestion
	srcs: net:net1460
	comment: capacity:0 usage:1 congestion:1
	bbox = (303.6000, 200.1000) - (310.5000, 207.0000) on Layer -
violation type: Vertical congestion
	srcs: net:net1462
	comment: capacity:0 usage:1 congestion:1
	bbox = (579.6000, 89.7000) - (586.5000, 96.6000) on Layer -
violation type: Vertical congestion
	srcs: net:net1470
	comment: capacity:0 usage:1 congestion:1
	bbox = (269.1000, 69.0000) - (276.0000, 75.9000) on Layer -
violation type: Vertical congestion
	srcs: net:net1470
	comment: capacity:0 usage:1 congestion:1
	bbox = (269.1000, 234.6000) - (276.0000, 241.5000) on Layer -
violation type: Vertical congestion
	srcs: net:net2207
	comment: capacity:0 usage:1 congestion:1
	bbox = (248.4000, 117.3000) - (255.3000, 124.2000) on Layer -
violation type: Vertical congestion
	srcs: net:net2200
	comment: capacity:0 usage:1 congestion:1
	bbox = (262.2000, 186.3000) - (269.1000, 193.2000) on Layer -
violation type: Vertical congestion
	srcs: net:net1466
	comment: capacity:0 usage:1 congestion:1
	bbox = (282.9000, 48.3000) - (289.8000, 55.2000) on Layer -
violation type: Vertical congestion
	srcs: net:net1460
	comment: capacity:0 usage:1 congestion:1
	bbox = (303.6000, 207.0000) - (310.5000, 213.9000) on Layer -
violation type: Vertical congestion
	srcs: net:net2309
	comment: capacity:0 usage:1 congestion:1
	bbox = (621.0000, 200.1000) - (627.9000, 207.0000) on Layer -
violation type: Vertical congestion
	srcs: net:net2219
	comment: capacity:0 usage:1 congestion:1
	bbox = (207.0000, 200.1000) - (213.9000, 207.0000) on Layer -
violation type: Vertical congestion
	srcs: net:s1_r\[11\]
	comment: capacity:0 usage:1 congestion:1
	bbox = (200.1000, 131.1000) - (207.0000, 138.0000) on Layer -
violation type: Vertical congestion
	srcs: net:net2200
	comment: capacity:0 usage:1 congestion:1
	bbox = (262.2000, 96.6000) - (269.1000, 103.5000) on Layer -
violation type: Vertical congestion
	srcs: net:sram_wdata\[23\]
	comment: capacity:0 usage:1 congestion:1
	bbox = (179.4000, 89.7000) - (186.3000, 96.6000) on Layer -
violation type: Vertical congestion
	srcs: net:s1_r\[11\]
	comment: capacity:0 usage:1 congestion:1
	bbox = (200.1000, 138.0000) - (207.0000, 144.9000) on Layer -
violation type: Vertical congestion
	srcs: net:net2200
	comment: capacity:0 usage:1 congestion:1
	bbox = (262.2000, 69.0000) - (269.1000, 75.9000) on Layer -
violation type: Vertical congestion
	srcs: net:net1467
	comment: capacity:0 usage:1 congestion:1
	bbox = (289.8000, 110.4000) - (296.7000, 117.3000) on Layer -
violation type: Vertical congestion
	srcs: net:net1470
	comment: capacity:0 usage:1 congestion:1
	bbox = (269.1000, 158.7000) - (276.0000, 165.6000) on Layer -
violation type: Vertical congestion
	srcs: net:sram_wdata\[23\]
	comment: capacity:0 usage:1 congestion:1
	bbox = (179.4000, 131.1000) - (186.3000, 138.0000) on Layer -
violation type: Vertical congestion
	srcs: net:net1470
	comment: capacity:0 usage:1 congestion:1
	bbox = (269.1000, 75.9000) - (276.0000, 82.8000) on Layer -
violation type: Vertical congestion
	srcs: net:net2213
	comment: capacity:0 usage:1 congestion:1
	bbox = (220.8000, 179.4000) - (227.7000, 186.3000) on Layer -
violation type: Vertical congestion
	srcs: net:net2315
	comment: capacity:0 usage:1 congestion:1
	bbox = (434.7000, 55.2000) - (441.6000, 62.1000) on Layer -
violation type: Vertical congestion
	srcs: net:net2213
	comment: capacity:0 usage:1 congestion:1
	bbox = (220.8000, 117.3000) - (227.7000, 124.2000) on Layer -
violation type: Vertical congestion
	srcs: net:net1469
	comment: capacity:0 usage:1 congestion:1
	bbox = (276.0000, 96.6000) - (282.9000, 103.5000) on Layer -
violation type: Vertical congestion
	srcs: net:net1467
	comment: capacity:0 usage:1 congestion:1
	bbox = (289.8000, 179.4000) - (296.7000, 186.3000) on Layer -
violation type: Vertical congestion
	srcs: net:net2309
	comment: capacity:0 usage:1 congestion:1
	bbox = (621.0000, 69.0000) - (627.9000, 75.9000) on Layer -
violation type: Vertical congestion
	srcs: net:net1460
	comment: capacity:0 usage:1 congestion:1
	bbox = (303.6000, 172.5000) - (310.5000, 179.4000) on Layer -
violation type: Vertical congestion
	srcs: net:net1467
	comment: capacity:0 usage:1 congestion:1
	bbox = (289.8000, 172.5000) - (296.7000, 179.4000) on Layer -
violation type: Vertical congestion
	srcs: net:net2312
	comment: capacity:0 usage:1 congestion:1
	bbox = (634.8000, 89.7000) - (641.7000, 96.6000) on Layer -
violation type: Vertical congestion
	srcs: net:net2196
	comment: capacity:0 usage:1 congestion:1
	bbox = (607.2000, 151.8000) - (614.1000, 158.7000) on Layer -
violation type: Vertical congestion
	srcs: net:net1472
	comment: capacity:0 usage:1 congestion:1
	bbox = (255.3000, 179.4000) - (262.2000, 186.3000) on Layer -
violation type: Vertical congestion
	srcs: net:net2309
	comment: capacity:0 usage:1 congestion:1
	bbox = (621.0000, 138.0000) - (627.9000, 144.9000) on Layer -
violation type: Vertical congestion
	srcs: net:net2196
	comment: capacity:0 usage:1 congestion:1
	bbox = (607.2000, 227.7000) - (614.1000, 234.6000) on Layer -
violation type: Vertical congestion
	srcs: net:net1461
	comment: capacity:0 usage:1 congestion:1
	bbox = (345.0000, 131.1000) - (351.9000, 138.0000) on Layer -
violation type: Vertical congestion
	srcs: net:net2207
	comment: capacity:0 usage:1 congestion:1
	bbox = (248.4000, 55.2000) - (255.3000, 62.1000) on Layer -
violation type: Vertical congestion
	srcs: net:net1466
	comment: capacity:0 usage:1 congestion:1
	bbox = (282.9000, 172.5000) - (289.8000, 179.4000) on Layer -
violation type: Vertical congestion
	srcs: net:net2196
	comment: capacity:0 usage:1 congestion:1
	bbox = (607.2000, 96.6000) - (614.1000, 103.5000) on Layer -
violation type: Vertical congestion
	srcs: net:net2196
	comment: capacity:0 usage:1 congestion:1
	bbox = (607.2000, 103.5000) - (614.1000, 110.4000) on Layer -
violation type: Vertical congestion
	srcs: net:net1467
	comment: capacity:0 usage:1 congestion:1
	bbox = (289.8000, 69.0000) - (296.7000, 75.9000) on Layer -
violation type: Vertical congestion
	srcs: net:net2207
	comment: capacity:0 usage:1 congestion:1
	bbox = (248.4000, 227.7000) - (255.3000, 234.6000) on Layer -
violation type: Vertical congestion
	srcs: net:net1471
	comment: capacity:0 usage:1 congestion:1
	bbox = (420.9000, 200.1000) - (427.8000, 207.0000) on Layer -
violation type: Vertical congestion
	srcs: net:net2207
	comment: capacity:0 usage:1 congestion:1
	bbox = (248.4000, 186.3000) - (255.3000, 193.2000) on Layer -
violation type: Vertical congestion
	srcs: net:net2309
	comment: capacity:0 usage:1 congestion:1
	bbox = (621.0000, 193.2000) - (627.9000, 200.1000) on Layer -
violation type: Vertical congestion
	srcs: net:sram_wdata\[23\]
	comment: capacity:0 usage:1 congestion:1
	bbox = (179.4000, 213.9000) - (186.3000, 220.8000) on Layer -
violation type: Vertical congestion
	srcs: net:s1_r\[11\]
	comment: capacity:0 usage:1 congestion:1
	bbox = (200.1000, 110.4000) - (207.0000, 117.3000) on Layer -
violation type: Vertical congestion
	srcs: net:net1472
	comment: capacity:0 usage:1 congestion:1
	bbox = (255.3000, 48.3000) - (262.2000, 55.2000) on Layer -
violation type: Vertical congestion
	srcs: net:net2200
	comment: capacity:0 usage:1 congestion:1
	bbox = (262.2000, 234.6000) - (269.1000, 241.5000) on Layer -
violation type: Vertical congestion
	srcs: net:net1462
	comment: capacity:0 usage:1 congestion:1
	bbox = (579.6000, 207.0000) - (586.5000, 213.9000) on Layer -
violation type: Vertical congestion
	srcs: net:net1461
	comment: capacity:0 usage:1 congestion:1
	bbox = (345.0000, 96.6000) - (351.9000, 103.5000) on Layer -
violation type: Vertical congestion
	srcs: net:net1461
	comment: capacity:0 usage:1 congestion:1
	bbox = (345.0000, 144.9000) - (351.9000, 151.8000) on Layer -
violation type: Vertical congestion
	srcs: net:net1462
	comment: capacity:0 usage:1 congestion:1
	bbox = (579.6000, 48.3000) - (586.5000, 55.2000) on Layer -
violation type: Vertical congestion
	srcs: net:s1_r\[11\]
	comment: capacity:0 usage:1 congestion:1
	bbox = (200.1000, 186.3000) - (207.0000, 193.2000) on Layer -
violation type: Vertical congestion
	srcs: net:net1467
	comment: capacity:0 usage:1 congestion:1
	bbox = (289.8000, 89.7000) - (296.7000, 96.6000) on Layer -
violation type: Vertical congestion
	srcs: net:net1462
	comment: capacity:0 usage:1 congestion:1
	bbox = (579.6000, 103.5000) - (586.5000, 110.4000) on Layer -
violation type: Vertical congestion
	srcs: net:net1468
	comment: capacity:0 usage:1 congestion:1
	bbox = (407.1000, 179.4000) - (414.0000, 186.3000) on Layer -
violation type: Vertical congestion
	srcs: net:s1_r\[11\]
	comment: capacity:0 usage:1 congestion:1
	bbox = (200.1000, 48.3000) - (207.0000, 55.2000) on Layer -
violation type: Vertical congestion
	srcs: net:net1466
	comment: capacity:0 usage:1 congestion:1
	bbox = (282.9000, 165.6000) - (289.8000, 172.5000) on Layer -
violation type: Vertical congestion
	srcs: net:net2309
	comment: capacity:0 usage:1 congestion:1
	bbox = (621.0000, 241.5000) - (627.9000, 248.4000) on Layer -
violation type: Vertical congestion
	srcs: net:net2315
	comment: capacity:0 usage:1 congestion:1
	bbox = (434.7000, 110.4000) - (441.6000, 117.3000) on Layer -
violation type: Vertical congestion
	srcs: net:net1465
	comment: capacity:0 usage:1 congestion:1
	bbox = (296.7000, 172.5000) - (303.6000, 179.4000) on Layer -
violation type: Vertical congestion
	srcs: net:net1465
	comment: capacity:0 usage:1 congestion:1
	bbox = (296.7000, 117.3000) - (303.6000, 124.2000) on Layer -
violation type: Vertical congestion
	srcs: net:net1465
	comment: capacity:0 usage:1 congestion:1
	bbox = (296.7000, 110.4000) - (303.6000, 117.3000) on Layer -
violation type: Vertical congestion
	srcs: net:net2315
	comment: capacity:0 usage:1 congestion:1
	bbox = (434.7000, 96.6000) - (441.6000, 103.5000) on Layer -
violation type: Vertical congestion
	srcs: net:net1461
	comment: capacity:0 usage:1 congestion:1
	bbox = (345.0000, 69.0000) - (351.9000, 75.9000) on Layer -
violation type: Vertical congestion
	srcs: net:sram_wdata\[23\]
	comment: capacity:0 usage:1 congestion:1
	bbox = (179.4000, 55.2000) - (186.3000, 62.1000) on Layer -
violation type: Vertical congestion
	srcs: net:net2228 net:sram_wdata\[15\] net:sram_wdata\[21\] net:sram_wdata\[22\]
	comment: capacity:3 usage:4 congestion:1
	bbox = (55.2000, 62.1000) - (62.1000, 69.0000) on Layer -
violation type: Vertical congestion
	srcs: net:net2207
	comment: capacity:0 usage:1 congestion:1
	bbox = (248.4000, 179.4000) - (255.3000, 186.3000) on Layer -
violation type: Vertical congestion
	srcs: net:net2312
	comment: capacity:0 usage:1 congestion:1
	bbox = (634.8000, 75.9000) - (641.7000, 82.8000) on Layer -
violation type: Vertical congestion
	srcs: net:net2200
	comment: capacity:0 usage:1 congestion:1
	bbox = (262.2000, 117.3000) - (269.1000, 124.2000) on Layer -
violation type: Vertical congestion
	srcs: net:net1462
	comment: capacity:0 usage:1 congestion:1
	bbox = (579.6000, 117.3000) - (586.5000, 124.2000) on Layer -
violation type: Vertical congestion
	srcs: net:net2200
	comment: capacity:0 usage:1 congestion:1
	bbox = (262.2000, 220.8000) - (269.1000, 227.7000) on Layer -
violation type: Vertical congestion
	srcs: net:net2315
	comment: capacity:0 usage:1 congestion:1
	bbox = (434.7000, 200.1000) - (441.6000, 207.0000) on Layer -
violation type: Vertical congestion
	srcs: net:net2196
	comment: capacity:0 usage:1 congestion:1
	bbox = (607.2000, 213.9000) - (614.1000, 220.8000) on Layer -
violation type: Vertical congestion
	srcs: net:net2309
	comment: capacity:0 usage:1 congestion:1
	bbox = (621.0000, 75.9000) - (627.9000, 82.8000) on Layer -
violation type: Vertical congestion
	srcs: net:net2309
	comment: capacity:0 usage:1 congestion:1
	bbox = (621.0000, 165.6000) - (627.9000, 172.5000) on Layer -
violation type: Vertical congestion
	srcs: net:net1461
	comment: capacity:0 usage:1 congestion:1
	bbox = (345.0000, 89.7000) - (351.9000, 96.6000) on Layer -
violation type: Vertical congestion
	srcs: net:net2207
	comment: capacity:0 usage:1 congestion:1
	bbox = (248.4000, 207.0000) - (255.3000, 213.9000) on Layer -
violation type: Vertical congestion
	srcs: net:net2219
	comment: capacity:0 usage:1 congestion:1
	bbox = (207.0000, 82.8000) - (213.9000, 89.7000) on Layer -
violation type: Vertical congestion
	srcs: net:net2315
	comment: capacity:0 usage:1 congestion:1
	bbox = (434.7000, 234.6000) - (441.6000, 241.5000) on Layer -
violation type: Vertical congestion
	srcs: net:net1469
	comment: capacity:0 usage:1 congestion:1
	bbox = (276.0000, 248.4000) - (282.9000, 255.3000) on Layer -
violation type: Vertical congestion
	srcs: net:net1467
	comment: capacity:0 usage:1 congestion:1
	bbox = (289.8000, 62.1000) - (296.7000, 69.0000) on Layer -
violation type: Vertical congestion
	srcs: net:net2207
	comment: capacity:0 usage:1 congestion:1
	bbox = (248.4000, 165.6000) - (255.3000, 172.5000) on Layer -
violation type: Vertical congestion
	srcs: net:net2315
	comment: capacity:0 usage:1 congestion:1
	bbox = (434.7000, 82.8000) - (441.6000, 89.7000) on Layer -
violation type: Vertical congestion
	srcs: net:net1472
	comment: capacity:0 usage:1 congestion:1
	bbox = (255.3000, 227.7000) - (262.2000, 234.6000) on Layer -
violation type: Vertical congestion
	srcs: net:net1466
	comment: capacity:0 usage:1 congestion:1
	bbox = (282.9000, 213.9000) - (289.8000, 220.8000) on Layer -
violation type: Vertical congestion
	srcs: net:net1461
	comment: capacity:0 usage:1 congestion:1
	bbox = (345.0000, 241.5000) - (351.9000, 248.4000) on Layer -
violation type: Vertical congestion
	srcs: net:net1466
	comment: capacity:0 usage:1 congestion:1
	bbox = (282.9000, 55.2000) - (289.8000, 62.1000) on Layer -
violation type: Vertical congestion
	srcs: net:net2207
	comment: capacity:0 usage:1 congestion:1
	bbox = (248.4000, 144.9000) - (255.3000, 151.8000) on Layer -
violation type: Vertical congestion
	srcs: net:net1460
	comment: capacity:0 usage:1 congestion:1
	bbox = (303.6000, 179.4000) - (310.5000, 186.3000) on Layer -
violation type: Vertical congestion
	srcs: net:net2200
	comment: capacity:0 usage:1 congestion:1
	bbox = (262.2000, 151.8000) - (269.1000, 158.7000) on Layer -
violation type: Vertical congestion
	srcs: net:net1468
	comment: capacity:0 usage:1 congestion:1
	bbox = (407.1000, 117.3000) - (414.0000, 124.2000) on Layer -
violation type: Vertical congestion
	srcs: net:net1472
	comment: capacity:0 usage:1 congestion:1
	bbox = (255.3000, 138.0000) - (262.2000, 144.9000) on Layer -
violation type: Vertical congestion
	srcs: net:net2315
	comment: capacity:0 usage:1 congestion:1
	bbox = (434.7000, 131.1000) - (441.6000, 138.0000) on Layer -
violation type: Vertical congestion
	srcs: net:sram_wdata\[23\]
	comment: capacity:0 usage:1 congestion:1
	bbox = (179.4000, 172.5000) - (186.3000, 179.4000) on Layer -
violation type: Vertical congestion
	srcs: net:net1469
	comment: capacity:0 usage:1 congestion:1
	bbox = (276.0000, 220.8000) - (282.9000, 227.7000) on Layer -
violation type: Vertical congestion
	srcs: net:net2213
	comment: capacity:0 usage:1 congestion:1
	bbox = (220.8000, 96.6000) - (227.7000, 103.5000) on Layer -
violation type: Vertical congestion
	srcs: net:net1466
	comment: capacity:0 usage:1 congestion:1
	bbox = (282.9000, 200.1000) - (289.8000, 207.0000) on Layer -
violation type: Vertical congestion
	srcs: net:s1_r\[11\]
	comment: capacity:0 usage:1 congestion:1
	bbox = (200.1000, 124.2000) - (207.0000, 131.1000) on Layer -
violation type: Vertical congestion
	srcs: net:net2196
	comment: capacity:0 usage:1 congestion:1
	bbox = (607.2000, 165.6000) - (614.1000, 172.5000) on Layer -
violation type: Vertical congestion
	srcs: net:net1471
	comment: capacity:0 usage:1 congestion:1
	bbox = (420.9000, 241.5000) - (427.8000, 248.4000) on Layer -
violation type: Vertical congestion
	srcs: net:net2196
	comment: capacity:0 usage:1 congestion:1
	bbox = (607.2000, 138.0000) - (614.1000, 144.9000) on Layer -
violation type: Vertical congestion
	srcs: net:net2309
	comment: capacity:0 usage:1 congestion:1
	bbox = (621.0000, 220.8000) - (627.9000, 227.7000) on Layer -
violation type: Vertical congestion
	srcs: net:net2315
	comment: capacity:0 usage:1 congestion:1
	bbox = (434.7000, 75.9000) - (441.6000, 82.8000) on Layer -
violation type: Vertical congestion
	srcs: net:net1471
	comment: capacity:0 usage:1 congestion:1
	bbox = (420.9000, 172.5000) - (427.8000, 179.4000) on Layer -
violation type: Vertical congestion
	srcs: net:net2200
	comment: capacity:0 usage:1 congestion:1
	bbox = (262.2000, 213.9000) - (269.1000, 220.8000) on Layer -
violation type: Vertical congestion
	srcs: net:net2315
	comment: capacity:0 usage:1 congestion:1
	bbox = (434.7000, 138.0000) - (441.6000, 144.9000) on Layer -
violation type: Vertical congestion
	srcs: net:net1470
	comment: capacity:0 usage:1 congestion:1
	bbox = (269.1000, 213.9000) - (276.0000, 220.8000) on Layer -
violation type: Vertical congestion
	srcs: net:net1461
	comment: capacity:0 usage:1 congestion:1
	bbox = (345.0000, 172.5000) - (351.9000, 179.4000) on Layer -
violation type: Vertical congestion
	srcs: net:net1468
	comment: capacity:0 usage:1 congestion:1
	bbox = (407.1000, 213.9000) - (414.0000, 220.8000) on Layer -
violation type: Vertical congestion
	srcs: net:net1462
	comment: capacity:0 usage:1 congestion:1
	bbox = (579.6000, 69.0000) - (586.5000, 75.9000) on Layer -
violation type: Vertical congestion
	srcs: net:sram_wdata\[23\]
	comment: capacity:0 usage:1 congestion:1
	bbox = (179.4000, 124.2000) - (186.3000, 131.1000) on Layer -
violation type: Vertical congestion
	srcs: net:net2196
	comment: capacity:0 usage:1 congestion:1
	bbox = (607.2000, 48.3000) - (614.1000, 55.2000) on Layer -
violation type: Vertical congestion
	srcs: net:net1467
	comment: capacity:0 usage:1 congestion:1
	bbox = (289.8000, 48.3000) - (296.7000, 55.2000) on Layer -
violation type: Vertical congestion
	srcs: net:net1466
	comment: capacity:0 usage:1 congestion:1
	bbox = (282.9000, 179.4000) - (289.8000, 186.3000) on Layer -
violation type: Vertical congestion
	srcs: net:net2213
	comment: capacity:0 usage:1 congestion:1
	bbox = (220.8000, 165.6000) - (227.7000, 172.5000) on Layer -
violation type: Vertical congestion
	srcs: net:net1466
	comment: capacity:0 usage:1 congestion:1
	bbox = (282.9000, 89.7000) - (289.8000, 96.6000) on Layer -
violation type: Vertical congestion
	srcs: net:net1470
	comment: capacity:0 usage:1 congestion:1
	bbox = (269.1000, 151.8000) - (276.0000, 158.7000) on Layer -
violation type: Vertical congestion
	srcs: net:net1472
	comment: capacity:0 usage:1 congestion:1
	bbox = (255.3000, 144.9000) - (262.2000, 151.8000) on Layer -
violation type: Vertical congestion
	srcs: net:net1461
	comment: capacity:0 usage:1 congestion:1
	bbox = (345.0000, 151.8000) - (351.9000, 158.7000) on Layer -
violation type: Vertical congestion
	srcs: net:net2309
	comment: capacity:0 usage:1 congestion:1
	bbox = (621.0000, 103.5000) - (627.9000, 110.4000) on Layer -
violation type: Vertical congestion
	srcs: net:net2213
	comment: capacity:0 usage:1 congestion:1
	bbox = (220.8000, 75.9000) - (227.7000, 82.8000) on Layer -
violation type: Vertical congestion
	srcs: net:net2207
	comment: capacity:0 usage:1 congestion:1
	bbox = (248.4000, 158.7000) - (255.3000, 165.6000) on Layer -
violation type: Vertical congestion
	srcs: net:net2200
	comment: capacity:0 usage:1 congestion:1
	bbox = (262.2000, 248.4000) - (269.1000, 255.3000) on Layer -
violation type: Vertical congestion
	srcs: net:net2315
	comment: capacity:0 usage:1 congestion:1
	bbox = (434.7000, 144.9000) - (441.6000, 151.8000) on Layer -
violation type: Vertical congestion
	srcs: net:net2213
	comment: capacity:0 usage:1 congestion:1
	bbox = (220.8000, 48.3000) - (227.7000, 55.2000) on Layer -
violation type: Vertical congestion
	srcs: net:sram_wdata\[23\]
	comment: capacity:0 usage:1 congestion:1
	bbox = (179.4000, 138.0000) - (186.3000, 144.9000) on Layer -
violation type: Vertical congestion
	srcs: net:net2309
	comment: capacity:0 usage:1 congestion:1
	bbox = (621.0000, 110.4000) - (627.9000, 117.3000) on Layer -
violation type: Vertical congestion
	srcs: net:net1469
	comment: capacity:0 usage:1 congestion:1
	bbox = (276.0000, 241.5000) - (282.9000, 248.4000) on Layer -
violation type: Vertical congestion
	srcs: net:net1465
	comment: capacity:0 usage:1 congestion:1
	bbox = (296.7000, 62.1000) - (303.6000, 69.0000) on Layer -
violation type: Vertical congestion
	srcs: net:net2219
	comment: capacity:0 usage:1 congestion:1
	bbox = (207.0000, 62.1000) - (213.9000, 69.0000) on Layer -
violation type: Vertical congestion
	srcs: net:net1460
	comment: capacity:0 usage:1 congestion:1
	bbox = (303.6000, 144.9000) - (310.5000, 151.8000) on Layer -
violation type: Vertical congestion
	srcs: net:net1469
	comment: capacity:0 usage:1 congestion:1
	bbox = (276.0000, 48.3000) - (282.9000, 55.2000) on Layer -
violation type: Vertical congestion
	srcs: net:net2207
	comment: capacity:0 usage:1 congestion:1
	bbox = (248.4000, 110.4000) - (255.3000, 117.3000) on Layer -
violation type: Vertical congestion
	srcs: net:net1460
	comment: capacity:0 usage:1 congestion:1
	bbox = (303.6000, 165.6000) - (310.5000, 172.5000) on Layer -
violation type: Vertical congestion
	srcs: net:net2312
	comment: capacity:0 usage:1 congestion:1
	bbox = (634.8000, 69.0000) - (641.7000, 75.9000) on Layer -
violation type: Vertical congestion
	srcs: net:s1_r\[11\]
	comment: capacity:0 usage:1 congestion:1
	bbox = (200.1000, 179.4000) - (207.0000, 186.3000) on Layer -
violation type: Vertical congestion
	srcs: net:sram_wdata\[23\]
	comment: capacity:0 usage:1 congestion:1
	bbox = (179.4000, 69.0000) - (186.3000, 75.9000) on Layer -
violation type: Vertical congestion
	srcs: net:net1472
	comment: capacity:0 usage:1 congestion:1
	bbox = (255.3000, 158.7000) - (262.2000, 165.6000) on Layer -
violation type: Vertical congestion
	srcs: net:net1470
	comment: capacity:0 usage:1 congestion:1
	bbox = (269.1000, 62.1000) - (276.0000, 69.0000) on Layer -
violation type: Vertical congestion
	srcs: net:net1471
	comment: capacity:0 usage:1 congestion:1
	bbox = (420.9000, 55.2000) - (427.8000, 62.1000) on Layer -
violation type: Vertical congestion
	srcs: net:net1467
	comment: capacity:0 usage:1 congestion:1
	bbox = (289.8000, 138.0000) - (296.7000, 144.9000) on Layer -
violation type: Vertical congestion
	srcs: net:net2196
	comment: capacity:0 usage:1 congestion:1
	bbox = (607.2000, 62.1000) - (614.1000, 69.0000) on Layer -
violation type: Vertical congestion
	srcs: net:net1462
	comment: capacity:0 usage:1 congestion:1
	bbox = (579.6000, 186.3000) - (586.5000, 193.2000) on Layer -
violation type: Vertical congestion
	srcs: net:net1462
	comment: capacity:0 usage:1 congestion:1
	bbox = (579.6000, 213.9000) - (586.5000, 220.8000) on Layer -
violation type: Vertical congestion
	srcs: net:sram_wdata\[23\]
	comment: capacity:0 usage:1 congestion:1
	bbox = (179.4000, 62.1000) - (186.3000, 69.0000) on Layer -
violation type: Vertical congestion
	srcs: net:s1_r\[11\]
	comment: capacity:0 usage:1 congestion:1
	bbox = (200.1000, 62.1000) - (207.0000, 69.0000) on Layer -
violation type: Vertical congestion
	srcs: net:net1469
	comment: capacity:0 usage:1 congestion:1
	bbox = (276.0000, 131.1000) - (282.9000, 138.0000) on Layer -
violation type: Vertical congestion
	srcs: net:net2312
	comment: capacity:0 usage:1 congestion:1
	bbox = (634.8000, 179.4000) - (641.7000, 186.3000) on Layer -
violation type: Vertical congestion
	srcs: net:net1460
	comment: capacity:0 usage:1 congestion:1
	bbox = (303.6000, 220.8000) - (310.5000, 227.7000) on Layer -
violation type: Vertical congestion
	srcs: net:net1465
	comment: capacity:0 usage:1 congestion:1
	bbox = (296.7000, 144.9000) - (303.6000, 151.8000) on Layer -
violation type: Vertical congestion
	srcs: net:net2315
	comment: capacity:0 usage:1 congestion:1
	bbox = (434.7000, 117.3000) - (441.6000, 124.2000) on Layer -
violation type: Vertical congestion
	srcs: net:sram_wdata\[23\]
	comment: capacity:0 usage:1 congestion:1
	bbox = (179.4000, 193.2000) - (186.3000, 200.1000) on Layer -
violation type: Vertical congestion
	srcs: net:net1469
	comment: capacity:0 usage:1 congestion:1
	bbox = (276.0000, 213.9000) - (282.9000, 220.8000) on Layer -
violation type: Vertical congestion
	srcs: net:net1465
	comment: capacity:0 usage:1 congestion:1
	bbox = (296.7000, 103.5000) - (303.6000, 110.4000) on Layer -
violation type: Vertical congestion
	srcs: net:net2196
	comment: capacity:0 usage:1 congestion:1
	bbox = (607.2000, 220.8000) - (614.1000, 227.7000) on Layer -
violation type: Vertical congestion
	srcs: net:net1466
	comment: capacity:0 usage:1 congestion:1
	bbox = (282.9000, 207.0000) - (289.8000, 213.9000) on Layer -
violation type: Vertical congestion
	srcs: net:net1470
	comment: capacity:0 usage:1 congestion:1
	bbox = (269.1000, 96.6000) - (276.0000, 103.5000) on Layer -
violation type: Vertical congestion
	srcs: net:net2213
	comment: capacity:0 usage:1 congestion:1
	bbox = (220.8000, 193.2000) - (227.7000, 200.1000) on Layer -
violation type: Vertical congestion
	srcs: net:net1465
	comment: capacity:0 usage:1 congestion:1
	bbox = (296.7000, 227.7000) - (303.6000, 234.6000) on Layer -
violation type: Vertical congestion
	srcs: net:net1471
	comment: capacity:0 usage:1 congestion:1
	bbox = (420.9000, 75.9000) - (427.8000, 82.8000) on Layer -
violation type: Vertical congestion
	srcs: net:s1_r\[11\]
	comment: capacity:0 usage:1 congestion:1
	bbox = (200.1000, 172.5000) - (207.0000, 179.4000) on Layer -
violation type: Vertical congestion
	srcs: net:net1469
	comment: capacity:0 usage:1 congestion:1
	bbox = (276.0000, 200.1000) - (282.9000, 207.0000) on Layer -
violation type: Vertical congestion
	srcs: net:net2207
	comment: capacity:0 usage:1 congestion:1
	bbox = (248.4000, 124.2000) - (255.3000, 131.1000) on Layer -
violation type: Vertical congestion
	srcs: net:net1470
	comment: capacity:0 usage:1 congestion:1
	bbox = (269.1000, 48.3000) - (276.0000, 55.2000) on Layer -
violation type: Vertical congestion
	srcs: net:net2196
	comment: capacity:0 usage:1 congestion:1
	bbox = (607.2000, 248.4000) - (614.1000, 255.3000) on Layer -
violation type: Vertical congestion
	srcs: net:net1472
	comment: capacity:0 usage:1 congestion:1
	bbox = (255.3000, 165.6000) - (262.2000, 172.5000) on Layer -
violation type: Vertical congestion
	srcs: net:sram_wdata\[23\]
	comment: capacity:0 usage:1 congestion:1
	bbox = (179.4000, 200.1000) - (186.3000, 207.0000) on Layer -
violation type: Vertical congestion
	srcs: net:net2219
	comment: capacity:0 usage:1 congestion:1
	bbox = (207.0000, 165.6000) - (213.9000, 172.5000) on Layer -
violation type: Vertical congestion
	srcs: net:net2312
	comment: capacity:0 usage:1 congestion:1
	bbox = (634.8000, 248.4000) - (641.7000, 255.3000) on Layer -
violation type: Vertical congestion
	srcs: net:net1465
	comment: capacity:0 usage:1 congestion:1
	bbox = (296.7000, 248.4000) - (303.6000, 255.3000) on Layer -
violation type: Vertical congestion
	srcs: net:net1467
	comment: capacity:0 usage:1 congestion:1
	bbox = (289.8000, 96.6000) - (296.7000, 103.5000) on Layer -
violation type: Vertical congestion
	srcs: net:net1472
	comment: capacity:0 usage:1 congestion:1
	bbox = (255.3000, 172.5000) - (262.2000, 179.4000) on Layer -
violation type: Vertical congestion
	srcs: net:sram_wdata\[23\]
	comment: capacity:0 usage:1 congestion:1
	bbox = (179.4000, 103.5000) - (186.3000, 110.4000) on Layer -
violation type: Vertical congestion
	srcs: net:net1469
	comment: capacity:0 usage:1 congestion:1
	bbox = (276.0000, 138.0000) - (282.9000, 144.9000) on Layer -
violation type: Vertical congestion
	srcs: net:sram_wdata\[15\] net:sram_wdata\[21\] net:sram_wdata\[22\] net:clknet_1_0__leaf_clk
	comment: capacity:3 usage:4 congestion:1
	bbox = (55.2000, 110.4000) - (62.1000, 117.3000) on Layer -
violation type: Vertical congestion
	srcs: net:net1467
	comment: capacity:0 usage:1 congestion:1
	bbox = (289.8000, 117.3000) - (296.7000, 124.2000) on Layer -
violation type: Vertical congestion
	srcs: net:net1460
	comment: capacity:0 usage:1 congestion:1
	bbox = (303.6000, 69.0000) - (310.5000, 75.9000) on Layer -
violation type: Vertical congestion
	srcs: net:net1472
	comment: capacity:0 usage:1 congestion:1
	bbox = (255.3000, 241.5000) - (262.2000, 248.4000) on Layer -
violation type: Vertical congestion
	srcs: net:net2312
	comment: capacity:0 usage:1 congestion:1
	bbox = (634.8000, 138.0000) - (641.7000, 144.9000) on Layer -
violation type: Vertical congestion
	srcs: net:net2312
	comment: capacity:0 usage:1 congestion:1
	bbox = (634.8000, 55.2000) - (641.7000, 62.1000) on Layer -
violation type: Vertical congestion
	srcs: net:net2312
	comment: capacity:0 usage:1 congestion:1
	bbox = (634.8000, 234.6000) - (641.7000, 241.5000) on Layer -
violation type: Vertical congestion
	srcs: net:net2213
	comment: capacity:0 usage:1 congestion:1
	bbox = (220.8000, 151.8000) - (227.7000, 158.7000) on Layer -
violation type: Vertical congestion
	srcs: net:net2228 net:sram_wdata\[15\] net:sram_wdata\[21\] net:sram_wdata\[22\]
	comment: capacity:3 usage:4 congestion:1
	bbox = (55.2000, 48.3000) - (62.1000, 55.2000) on Layer -
violation type: Vertical congestion
	srcs: net:net2207
	comment: capacity:0 usage:1 congestion:1
	bbox = (248.4000, 75.9000) - (255.3000, 82.8000) on Layer -
violation type: Vertical congestion
	srcs: net:net2196
	comment: capacity:0 usage:1 congestion:1
	bbox = (607.2000, 234.6000) - (614.1000, 241.5000) on Layer -
violation type: Vertical congestion
	srcs: net:net2315
	comment: capacity:0 usage:1 congestion:1
	bbox = (434.7000, 207.0000) - (441.6000, 213.9000) on Layer -
violation type: Vertical congestion
	srcs: net:net1468
	comment: capacity:0 usage:1 congestion:1
	bbox = (407.1000, 158.7000) - (414.0000, 165.6000) on Layer -
violation type: Vertical congestion
	srcs: net:net2309
	comment: capacity:0 usage:1 congestion:1
	bbox = (621.0000, 179.4000) - (627.9000, 186.3000) on Layer -
violation type: Vertical congestion
	srcs: net:sram_wdata\[23\]
	comment: capacity:0 usage:1 congestion:1
	bbox = (179.4000, 248.4000) - (186.3000, 255.3000) on Layer -
violation type: Vertical congestion
	srcs: net:sram_wdata\[23\]
	comment: capacity:0 usage:1 congestion:1
	bbox = (179.4000, 96.6000) - (186.3000, 103.5000) on Layer -
violation type: Vertical congestion
	srcs: net:net1461
	comment: capacity:0 usage:1 congestion:1
	bbox = (345.0000, 82.8000) - (351.9000, 89.7000) on Layer -
violation type: Vertical congestion
	srcs: net:net1468
	comment: capacity:0 usage:1 congestion:1
	bbox = (407.1000, 124.2000) - (414.0000, 131.1000) on Layer -
violation type: Vertical congestion
	srcs: net:net2219
	comment: capacity:0 usage:1 congestion:1
	bbox = (207.0000, 207.0000) - (213.9000, 213.9000) on Layer -
violation type: Vertical congestion
	srcs: net:net1460
	comment: capacity:0 usage:1 congestion:1
	bbox = (303.6000, 96.6000) - (310.5000, 103.5000) on Layer -
violation type: Vertical congestion
	srcs: net:net2200
	comment: capacity:0 usage:1 congestion:1
	bbox = (262.2000, 193.2000) - (269.1000, 200.1000) on Layer -
violation type: Vertical congestion
	srcs: net:net1462
	comment: capacity:0 usage:1 congestion:1
	bbox = (579.6000, 200.1000) - (586.5000, 207.0000) on Layer -
violation type: Vertical congestion
	srcs: net:net1466
	comment: capacity:0 usage:1 congestion:1
	bbox = (282.9000, 117.3000) - (289.8000, 124.2000) on Layer -
violation type: Vertical congestion
	srcs: net:s1_r\[11\]
	comment: capacity:0 usage:1 congestion:1
	bbox = (200.1000, 55.2000) - (207.0000, 62.1000) on Layer -
violation type: Vertical congestion
	srcs: net:s1_r\[11\]
	comment: capacity:0 usage:1 congestion:1
	bbox = (200.1000, 234.6000) - (207.0000, 241.5000) on Layer -
violation type: Vertical congestion
	srcs: net:net2312
	comment: capacity:0 usage:1 congestion:1
	bbox = (634.8000, 193.2000) - (641.7000, 200.1000) on Layer -
violation type: Vertical congestion
	srcs: net:net1466
	comment: capacity:0 usage:1 congestion:1
	bbox = (282.9000, 75.9000) - (289.8000, 82.8000) on Layer -
violation type: Vertical congestion
	srcs: net:net2213
	comment: capacity:0 usage:1 congestion:1
	bbox = (220.8000, 62.1000) - (227.7000, 69.0000) on Layer -
violation type: Vertical congestion
	srcs: net:net1460
	comment: capacity:0 usage:1 congestion:1
	bbox = (303.6000, 110.4000) - (310.5000, 117.3000) on Layer -
violation type: Vertical congestion
	srcs: net:net1460
	comment: capacity:0 usage:1 congestion:1
	bbox = (303.6000, 124.2000) - (310.5000, 131.1000) on Layer -
violation type: Vertical congestion
	srcs: net:net2315
	comment: capacity:0 usage:1 congestion:1
	bbox = (434.7000, 89.7000) - (441.6000, 96.6000) on Layer -
violation type: Vertical congestion
	srcs: net:net1471
	comment: capacity:0 usage:1 congestion:1
	bbox = (420.9000, 89.7000) - (427.8000, 96.6000) on Layer -
violation type: Vertical congestion
	srcs: net:net2213
	comment: capacity:0 usage:1 congestion:1
	bbox = (220.8000, 186.3000) - (227.7000, 193.2000) on Layer -
violation type: Vertical congestion
	srcs: net:net2309
	comment: capacity:0 usage:1 congestion:1
	bbox = (621.0000, 227.7000) - (627.9000, 234.6000) on Layer -
violation type: Vertical congestion
	srcs: net:net2315
	comment: capacity:0 usage:1 congestion:1
	bbox = (434.7000, 186.3000) - (441.6000, 193.2000) on Layer -
violation type: Vertical congestion
	srcs: net:net1470
	comment: capacity:0 usage:1 congestion:1
	bbox = (269.1000, 200.1000) - (276.0000, 207.0000) on Layer -
