corner,vdd_v,temperature_c,differential_v,common_mode_ratio,pair_skew,trim_code,load_ff,max_step_ps,design_name,source_resistance_ohm,sample_cap_ff,previous_differential_v,deadline_ns,coarse_max_step_ps,fine_max_step_ps,coarse_run_id,fine_run_id,coarse_outcome,fine_outcome,energy_difference_percent,latency_difference_ns,passed
ff,1.62,-40.0,0.01,0.5,0.04,-1,5.0,10.0,baseline,0.0,0.0,,0.25,10.0,5.0,a680101ea0cdabece71beac6,2fdfe0e56389df01b8cd6180,unresolved,unresolved,0.01565604873810341,,True
ff,1.62,-40.0,0.01,0.5,0.04,-1,5.0,10.0,baseline,0.0,0.0,,0.35,10.0,5.0,a680101ea0cdabece71beac6,2fdfe0e56389df01b8cd6180,unresolved,unresolved,0.01565604873810341,,True
ff,1.62,-40.0,0.01,0.5,0.04,-1,5.0,10.0,baseline,0.0,0.0,,0.5,10.0,5.0,a680101ea0cdabece71beac6,2fdfe0e56389df01b8cd6180,unresolved,unresolved,0.01565604873810341,,True
ff,1.62,-40.0,0.01,0.5,0.04,-1,5.0,10.0,baseline,0.0,0.0,,0.75,10.0,5.0,a680101ea0cdabece71beac6,2fdfe0e56389df01b8cd6180,correct,correct,0.01565604873810341,0.005564136762350125,True
ff,1.62,-40.0,0.01,0.5,0.04,-1,5.0,10.0,baseline,0.0,0.0,,1.0,10.0,5.0,a680101ea0cdabece71beac6,2fdfe0e56389df01b8cd6180,correct,correct,0.01565604873810341,0.005564136762350125,True
ff,1.62,-40.0,0.01,0.5,0.04,-1,5.0,10.0,baseline,0.0,0.0,,2.0,10.0,5.0,a680101ea0cdabece71beac6,2fdfe0e56389df01b8cd6180,correct,correct,0.01565604873810341,0.005564136762350125,True
ff,1.62,27.0,-0.03,0.5,0.04,-2,5.0,10.0,baseline,0.0,0.0,,0.25,10.0,5.0,d344f88dcc5cae148319081c,a16f83d8d1d0b9ee87b9d221,unresolved,unresolved,0.01564892441113683,,True
ff,1.62,27.0,-0.03,0.5,0.04,-2,5.0,10.0,baseline,0.0,0.0,,0.35,10.0,5.0,d344f88dcc5cae148319081c,a16f83d8d1d0b9ee87b9d221,unresolved,unresolved,0.01564892441113683,,True
ff,1.62,27.0,-0.03,0.5,0.04,-2,5.0,10.0,baseline,0.0,0.0,,0.5,10.0,5.0,d344f88dcc5cae148319081c,a16f83d8d1d0b9ee87b9d221,correct,correct,0.01564892441113683,0.0008896555967800035,True
ff,1.62,27.0,-0.03,0.5,0.04,-2,5.0,10.0,baseline,0.0,0.0,,0.75,10.0,5.0,d344f88dcc5cae148319081c,a16f83d8d1d0b9ee87b9d221,correct,correct,0.01564892441113683,0.0008896555967800035,True
ff,1.62,27.0,-0.03,0.5,0.04,-2,5.0,10.0,baseline,0.0,0.0,,1.0,10.0,5.0,d344f88dcc5cae148319081c,a16f83d8d1d0b9ee87b9d221,correct,correct,0.01564892441113683,0.0008896555967800035,True
ff,1.62,27.0,-0.03,0.5,0.04,-2,5.0,10.0,baseline,0.0,0.0,,2.0,10.0,5.0,d344f88dcc5cae148319081c,a16f83d8d1d0b9ee87b9d221,correct,correct,0.01564892441113683,0.0008896555967800035,True
ff,1.62,27.0,0.03,0.5,0.04,0,5.0,10.0,baseline,0.0,0.0,,0.25,10.0,5.0,b502e4ae010fe3651d83dc61,4fb20c4753e585e5c8778867,unresolved,unresolved,0.02034450242475556,,True
ff,1.62,27.0,0.03,0.5,0.04,0,5.0,10.0,baseline,0.0,0.0,,0.35,10.0,5.0,b502e4ae010fe3651d83dc61,4fb20c4753e585e5c8778867,correct,correct,0.02034450242475556,0.0,True
ff,1.62,27.0,0.03,0.5,0.04,0,5.0,10.0,baseline,0.0,0.0,,0.5,10.0,5.0,b502e4ae010fe3651d83dc61,4fb20c4753e585e5c8778867,correct,correct,0.02034450242475556,0.008397319593008656,True
ff,1.62,27.0,0.03,0.5,0.04,0,5.0,10.0,baseline,0.0,0.0,,0.75,10.0,5.0,b502e4ae010fe3651d83dc61,4fb20c4753e585e5c8778867,correct,correct,0.02034450242475556,0.008397319593008656,True
ff,1.62,27.0,0.03,0.5,0.04,0,5.0,10.0,baseline,0.0,0.0,,1.0,10.0,5.0,b502e4ae010fe3651d83dc61,4fb20c4753e585e5c8778867,correct,correct,0.02034450242475556,0.008397319593008656,True
ff,1.62,27.0,0.03,0.5,0.04,0,5.0,10.0,baseline,0.0,0.0,,2.0,10.0,5.0,b502e4ae010fe3651d83dc61,4fb20c4753e585e5c8778867,correct,correct,0.02034450242475556,0.008397319593008656,True
ff,1.62,125.0,-0.001,0.5,0.04,-2,5.0,1.25,baseline,0.0,0.0,,0.25,1.25,0.625,6f4ed96017e571a6e54db63a,676321da9ff3301153af7b7b,unresolved,unresolved,0.006685046602548863,,True
ff,1.62,125.0,-0.001,0.5,0.04,-2,5.0,1.25,baseline,0.0,0.0,,0.35,1.25,0.625,6f4ed96017e571a6e54db63a,676321da9ff3301153af7b7b,unresolved,unresolved,0.006685046602548863,,True
ff,1.62,125.0,-0.001,0.5,0.04,-2,5.0,1.25,baseline,0.0,0.0,,0.5,1.25,0.625,6f4ed96017e571a6e54db63a,676321da9ff3301153af7b7b,unresolved,unresolved,0.006685046602548863,,True
ff,1.62,125.0,-0.001,0.5,0.04,-2,5.0,1.25,baseline,0.0,0.0,,0.75,1.25,0.625,6f4ed96017e571a6e54db63a,676321da9ff3301153af7b7b,wrong,wrong,0.006685046602548863,0.0005490646510102337,True
ff,1.62,125.0,-0.001,0.5,0.04,-2,5.0,1.25,baseline,0.0,0.0,,1.0,1.25,0.625,6f4ed96017e571a6e54db63a,676321da9ff3301153af7b7b,wrong,wrong,0.006685046602548863,0.0005490646510102337,True
ff,1.62,125.0,-0.001,0.5,0.04,-2,5.0,1.25,baseline,0.0,0.0,,2.0,1.25,0.625,6f4ed96017e571a6e54db63a,676321da9ff3301153af7b7b,wrong,wrong,0.006685046602548863,0.0005490646510102337,True
ff,1.8,-40.0,0.003,0.5,0.04,0,5.0,10.0,baseline,0.0,0.0,,0.25,10.0,5.0,6d1471f5e02b0d2c0c7cc8fc,14941f96780934257b20719c,correct,correct,0.020517848298276995,0.0,True
ff,1.8,-40.0,0.003,0.5,0.04,0,5.0,10.0,baseline,0.0,0.0,,0.35,10.0,5.0,6d1471f5e02b0d2c0c7cc8fc,14941f96780934257b20719c,correct,correct,0.020517848298276995,0.0022443820245984236,True
ff,1.8,-40.0,0.003,0.5,0.04,0,5.0,10.0,baseline,0.0,0.0,,0.5,10.0,5.0,6d1471f5e02b0d2c0c7cc8fc,14941f96780934257b20719c,correct,correct,0.020517848298276995,0.0022443820245984236,True
ff,1.8,-40.0,0.003,0.5,0.04,0,5.0,10.0,baseline,0.0,0.0,,0.75,10.0,5.0,6d1471f5e02b0d2c0c7cc8fc,14941f96780934257b20719c,correct,correct,0.020517848298276995,0.0022443820245984236,True
ff,1.8,-40.0,0.003,0.5,0.04,0,5.0,10.0,baseline,0.0,0.0,,1.0,10.0,5.0,6d1471f5e02b0d2c0c7cc8fc,14941f96780934257b20719c,correct,correct,0.020517848298276995,0.0022443820245984236,True
ff,1.8,-40.0,0.003,0.5,0.04,0,5.0,10.0,baseline,0.0,0.0,,2.0,10.0,5.0,6d1471f5e02b0d2c0c7cc8fc,14941f96780934257b20719c,correct,correct,0.020517848298276995,0.0022443820245984236,True
ff,1.8,27.0,-0.01,0.5,0.04,-2,5.0,10.0,baseline,0.0,0.0,,0.25,10.0,5.0,034dc0c88ed14eccb3e95b3e,aba017658e4f36b1d397cbbc,unresolved,unresolved,0.0025873885344796697,,True
ff,1.8,27.0,-0.01,0.5,0.04,-2,5.0,10.0,baseline,0.0,0.0,,0.35,10.0,5.0,034dc0c88ed14eccb3e95b3e,aba017658e4f36b1d397cbbc,correct,correct,0.0025873885344796697,0.006797578568861706,True
ff,1.8,27.0,-0.01,0.5,0.04,-2,5.0,10.0,baseline,0.0,0.0,,0.5,10.0,5.0,034dc0c88ed14eccb3e95b3e,aba017658e4f36b1d397cbbc,correct,correct,0.0025873885344796697,0.006797578568861706,True
ff,1.8,27.0,-0.01,0.5,0.04,-2,5.0,10.0,baseline,0.0,0.0,,0.75,10.0,5.0,034dc0c88ed14eccb3e95b3e,aba017658e4f36b1d397cbbc,correct,correct,0.0025873885344796697,0.006797578568861706,True
ff,1.8,27.0,-0.01,0.5,0.04,-2,5.0,10.0,baseline,0.0,0.0,,1.0,10.0,5.0,034dc0c88ed14eccb3e95b3e,aba017658e4f36b1d397cbbc,correct,correct,0.0025873885344796697,0.006797578568861706,True
ff,1.8,27.0,-0.01,0.5,0.04,-2,5.0,10.0,baseline,0.0,0.0,,2.0,10.0,5.0,034dc0c88ed14eccb3e95b3e,aba017658e4f36b1d397cbbc,correct,correct,0.0025873885344796697,0.006797578568861706,True
ff,1.8,27.0,-0.0005,0.5,0.04,0,5.0,10.0,baseline,0.0,0.0,,0.25,10.0,5.0,09761309d8d95d0016b6bb6b,02cbdefac7a5e4cc14a457df,unresolved,unresolved,0.014586847976230723,,True
ff,1.8,27.0,-0.0005,0.5,0.04,0,5.0,10.0,baseline,0.0,0.0,,0.35,10.0,5.0,09761309d8d95d0016b6bb6b,02cbdefac7a5e4cc14a457df,wrong,wrong,0.014586847976230723,0.0030186836632700165,True
ff,1.8,27.0,-0.0005,0.5,0.04,0,5.0,10.0,baseline,0.0,0.0,,0.5,10.0,5.0,09761309d8d95d0016b6bb6b,02cbdefac7a5e4cc14a457df,wrong,wrong,0.014586847976230723,0.0030186836632700165,True
ff,1.8,27.0,-0.0005,0.5,0.04,0,5.0,10.0,baseline,0.0,0.0,,0.75,10.0,5.0,09761309d8d95d0016b6bb6b,02cbdefac7a5e4cc14a457df,wrong,wrong,0.014586847976230723,0.0030186836632700165,True
ff,1.8,27.0,-0.0005,0.5,0.04,0,5.0,10.0,baseline,0.0,0.0,,1.0,10.0,5.0,09761309d8d95d0016b6bb6b,02cbdefac7a5e4cc14a457df,wrong,wrong,0.014586847976230723,0.0030186836632700165,True
ff,1.8,27.0,-0.0005,0.5,0.04,0,5.0,10.0,baseline,0.0,0.0,,2.0,10.0,5.0,09761309d8d95d0016b6bb6b,02cbdefac7a5e4cc14a457df,wrong,wrong,0.014586847976230723,0.0030186836632700165,True
ff,1.8,27.0,-0.00025,0.5,0.04,0,5.0,10.0,baseline,0.0,0.0,,0.25,10.0,5.0,43608cc6e5d63528a23495f7,d714c48b9ee760697f089e8c,unresolved,unresolved,0.02149983376915463,,True
ff,1.8,27.0,-0.00025,0.5,0.04,0,5.0,10.0,baseline,0.0,0.0,,0.35,10.0,5.0,43608cc6e5d63528a23495f7,d714c48b9ee760697f089e8c,wrong,wrong,0.02149983376915463,0.002054785361569833,True
ff,1.8,27.0,-0.00025,0.5,0.04,0,5.0,10.0,baseline,0.0,0.0,,0.5,10.0,5.0,43608cc6e5d63528a23495f7,d714c48b9ee760697f089e8c,wrong,wrong,0.02149983376915463,0.002054785361569833,True
ff,1.8,27.0,-0.00025,0.5,0.04,0,5.0,10.0,baseline,0.0,0.0,,0.75,10.0,5.0,43608cc6e5d63528a23495f7,d714c48b9ee760697f089e8c,wrong,wrong,0.02149983376915463,0.002054785361569833,True
ff,1.8,27.0,-0.00025,0.5,0.04,0,5.0,10.0,baseline,0.0,0.0,,1.0,10.0,5.0,43608cc6e5d63528a23495f7,d714c48b9ee760697f089e8c,wrong,wrong,0.02149983376915463,0.002054785361569833,True
ff,1.8,27.0,-0.00025,0.5,0.04,0,5.0,10.0,baseline,0.0,0.0,,2.0,10.0,5.0,43608cc6e5d63528a23495f7,d714c48b9ee760697f089e8c,wrong,wrong,0.02149983376915463,0.002054785361569833,True
ff,1.8,27.0,0.00025,0.5,0.04,0,5.0,10.0,baseline,0.0,0.0,,0.25,10.0,5.0,8e3674d54e3fc045019feed8,89ea87589e26af71c22d625f,correct,correct,0.020744363459247038,0.0,True
ff,1.8,27.0,0.00025,0.5,0.04,0,5.0,10.0,baseline,0.0,0.0,,0.35,10.0,5.0,8e3674d54e3fc045019feed8,89ea87589e26af71c22d625f,correct,correct,0.020744363459247038,0.0029268021522212972,True
ff,1.8,27.0,0.00025,0.5,0.04,0,5.0,10.0,baseline,0.0,0.0,,0.5,10.0,5.0,8e3674d54e3fc045019feed8,89ea87589e26af71c22d625f,correct,correct,0.020744363459247038,0.0029268021522212972,True
ff,1.8,27.0,0.00025,0.5,0.04,0,5.0,10.0,baseline,0.0,0.0,,0.75,10.0,5.0,8e3674d54e3fc045019feed8,89ea87589e26af71c22d625f,correct,correct,0.020744363459247038,0.0029268021522212972,True
ff,1.8,27.0,0.00025,0.5,0.04,0,5.0,10.0,baseline,0.0,0.0,,1.0,10.0,5.0,8e3674d54e3fc045019feed8,89ea87589e26af71c22d625f,correct,correct,0.020744363459247038,0.0029268021522212972,True
ff,1.8,27.0,0.00025,0.5,0.04,0,5.0,10.0,baseline,0.0,0.0,,2.0,10.0,5.0,8e3674d54e3fc045019feed8,89ea87589e26af71c22d625f,correct,correct,0.020744363459247038,0.0029268021522212972,True
ff,1.8,125.0,0.003,0.5,0.04,0,5.0,10.0,baseline,0.0,0.0,,0.25,10.0,5.0,ae4e10cce799999601258857,124159891ea14516d739c622,correct,correct,0.00016753121709801107,0.0,True
ff,1.8,125.0,0.003,0.5,0.04,0,5.0,10.0,baseline,0.0,0.0,,0.35,10.0,5.0,ae4e10cce799999601258857,124159891ea14516d739c622,correct,correct,0.00016753121709801107,0.00439714169742067,True
ff,1.8,125.0,0.003,0.5,0.04,0,5.0,10.0,baseline,0.0,0.0,,0.5,10.0,5.0,ae4e10cce799999601258857,124159891ea14516d739c622,correct,correct,0.00016753121709801107,0.00439714169742067,True
ff,1.8,125.0,0.003,0.5,0.04,0,5.0,10.0,baseline,0.0,0.0,,0.75,10.0,5.0,ae4e10cce799999601258857,124159891ea14516d739c622,correct,correct,0.00016753121709801107,0.00439714169742067,True
ff,1.8,125.0,0.003,0.5,0.04,0,5.0,10.0,baseline,0.0,0.0,,1.0,10.0,5.0,ae4e10cce799999601258857,124159891ea14516d739c622,correct,correct,0.00016753121709801107,0.00439714169742067,True
ff,1.8,125.0,0.003,0.5,0.04,0,5.0,10.0,baseline,0.0,0.0,,2.0,10.0,5.0,ae4e10cce799999601258857,124159891ea14516d739c622,correct,correct,0.00016753121709801107,0.00439714169742067,True
ff,1.95,-40.0,-0.001,0.5,0.04,-2,5.0,10.0,baseline,0.0,0.0,,0.25,10.0,5.0,c0b1e80b7fef17f7afaa023a,255b90a6e965d89916fa8536,wrong,wrong,0.052890260131290875,0.0006229039117685853,True
ff,1.95,-40.0,-0.001,0.5,0.04,-2,5.0,10.0,baseline,0.0,0.0,,0.35,10.0,5.0,c0b1e80b7fef17f7afaa023a,255b90a6e965d89916fa8536,wrong,wrong,0.052890260131290875,0.0006229039117685853,True
ff,1.95,-40.0,-0.001,0.5,0.04,-2,5.0,10.0,baseline,0.0,0.0,,0.5,10.0,5.0,c0b1e80b7fef17f7afaa023a,255b90a6e965d89916fa8536,wrong,wrong,0.052890260131290875,0.0006229039117685853,True
ff,1.95,-40.0,-0.001,0.5,0.04,-2,5.0,10.0,baseline,0.0,0.0,,0.75,10.0,5.0,c0b1e80b7fef17f7afaa023a,255b90a6e965d89916fa8536,wrong,wrong,0.052890260131290875,0.0006229039117685853,True
ff,1.95,-40.0,-0.001,0.5,0.04,-2,5.0,10.0,baseline,0.0,0.0,,1.0,10.0,5.0,c0b1e80b7fef17f7afaa023a,255b90a6e965d89916fa8536,wrong,wrong,0.052890260131290875,0.0006229039117685853,True
ff,1.95,-40.0,-0.001,0.5,0.04,-2,5.0,10.0,baseline,0.0,0.0,,2.0,10.0,5.0,c0b1e80b7fef17f7afaa023a,255b90a6e965d89916fa8536,wrong,wrong,0.052890260131290875,0.0006229039117685853,True
ff,1.95,-40.0,0.001,0.5,0.04,-2,5.0,10.0,baseline,0.0,0.0,,0.25,10.0,5.0,4840de42506815458bd7f67c,1c3733b5c694618aee292a65,correct,correct,0.05839374815805859,0.002486131830978733,True
ff,1.95,-40.0,0.001,0.5,0.04,-2,5.0,10.0,baseline,0.0,0.0,,0.35,10.0,5.0,4840de42506815458bd7f67c,1c3733b5c694618aee292a65,correct,correct,0.05839374815805859,0.002486131830978733,True
ff,1.95,-40.0,0.001,0.5,0.04,-2,5.0,10.0,baseline,0.0,0.0,,0.5,10.0,5.0,4840de42506815458bd7f67c,1c3733b5c694618aee292a65,correct,correct,0.05839374815805859,0.002486131830978733,True
ff,1.95,-40.0,0.001,0.5,0.04,-2,5.0,10.0,baseline,0.0,0.0,,0.75,10.0,5.0,4840de42506815458bd7f67c,1c3733b5c694618aee292a65,correct,correct,0.05839374815805859,0.002486131830978733,True
ff,1.95,-40.0,0.001,0.5,0.04,-2,5.0,10.0,baseline,0.0,0.0,,1.0,10.0,5.0,4840de42506815458bd7f67c,1c3733b5c694618aee292a65,correct,correct,0.05839374815805859,0.002486131830978733,True
ff,1.95,-40.0,0.001,0.5,0.04,-2,5.0,10.0,baseline,0.0,0.0,,2.0,10.0,5.0,4840de42506815458bd7f67c,1c3733b5c694618aee292a65,correct,correct,0.05839374815805859,0.002486131830978733,True
ff,1.95,27.0,0.0005,0.5,0.04,-3,5.0,10.0,baseline,0.0,0.0,,0.25,10.0,5.0,5621f6e16da6ab38f5e24004,076197ec65cecbe4736d39a7,unresolved,unresolved,0.1678706365485296,,True
ff,1.95,27.0,0.0005,0.5,0.04,-3,5.0,10.0,baseline,0.0,0.0,,0.35,10.0,5.0,5621f6e16da6ab38f5e24004,076197ec65cecbe4736d39a7,wrong,wrong,0.1678706365485296,0.0009299915421794869,True
ff,1.95,27.0,0.0005,0.5,0.04,-3,5.0,10.0,baseline,0.0,0.0,,0.5,10.0,5.0,5621f6e16da6ab38f5e24004,076197ec65cecbe4736d39a7,wrong,wrong,0.1678706365485296,0.0009299915421794869,True
ff,1.95,27.0,0.0005,0.5,0.04,-3,5.0,10.0,baseline,0.0,0.0,,0.75,10.0,5.0,5621f6e16da6ab38f5e24004,076197ec65cecbe4736d39a7,wrong,wrong,0.1678706365485296,0.0009299915421794869,True
ff,1.95,27.0,0.0005,0.5,0.04,-3,5.0,10.0,baseline,0.0,0.0,,1.0,10.0,5.0,5621f6e16da6ab38f5e24004,076197ec65cecbe4736d39a7,wrong,wrong,0.1678706365485296,0.0009299915421794869,True
ff,1.95,27.0,0.0005,0.5,0.04,-3,5.0,10.0,baseline,0.0,0.0,,2.0,10.0,5.0,5621f6e16da6ab38f5e24004,076197ec65cecbe4736d39a7,wrong,wrong,0.1678706365485296,0.0009299915421794869,True
ff,1.95,125.0,-0.001,0.5,0.04,-4,5.0,10.0,baseline,0.0,0.0,,0.25,10.0,5.0,9153a070a9b29b11fe463790,faf34b0c20674ef479bb9b3a,unresolved,unresolved,0.4912359122365293,,True
ff,1.95,125.0,-0.001,0.5,0.04,-4,5.0,10.0,baseline,0.0,0.0,,0.35,10.0,5.0,9153a070a9b29b11fe463790,faf34b0c20674ef479bb9b3a,wrong,wrong,0.4912359122365293,0.004450765947418667,True
ff,1.95,125.0,-0.001,0.5,0.04,-4,5.0,10.0,baseline,0.0,0.0,,0.5,10.0,5.0,9153a070a9b29b11fe463790,faf34b0c20674ef479bb9b3a,wrong,wrong,0.4912359122365293,0.004450765947418667,True
ff,1.95,125.0,-0.001,0.5,0.04,-4,5.0,10.0,baseline,0.0,0.0,,0.75,10.0,5.0,9153a070a9b29b11fe463790,faf34b0c20674ef479bb9b3a,wrong,wrong,0.4912359122365293,0.004450765947418667,True
ff,1.95,125.0,-0.001,0.5,0.04,-4,5.0,10.0,baseline,0.0,0.0,,1.0,10.0,5.0,9153a070a9b29b11fe463790,faf34b0c20674ef479bb9b3a,wrong,wrong,0.4912359122365293,0.004450765947418667,True
ff,1.95,125.0,-0.001,0.5,0.04,-4,5.0,10.0,baseline,0.0,0.0,,2.0,10.0,5.0,9153a070a9b29b11fe463790,faf34b0c20674ef479bb9b3a,wrong,wrong,0.4912359122365293,0.004450765947418667,True
ff,1.95,125.0,0.001,0.5,0.04,-4,5.0,10.0,baseline,0.0,0.0,,0.25,10.0,5.0,a73ac87e5feff61934bca030,5108c07b05ccd0ae3d783a85,correct,correct,0.11409990078913342,0.0,True
ff,1.95,125.0,0.001,0.5,0.04,-4,5.0,10.0,baseline,0.0,0.0,,0.35,10.0,5.0,a73ac87e5feff61934bca030,5108c07b05ccd0ae3d783a85,correct,correct,0.11409990078913342,0.0032175915430311397,True
ff,1.95,125.0,0.001,0.5,0.04,-4,5.0,10.0,baseline,0.0,0.0,,0.5,10.0,5.0,a73ac87e5feff61934bca030,5108c07b05ccd0ae3d783a85,correct,correct,0.11409990078913342,0.0032175915430311397,True
ff,1.95,125.0,0.001,0.5,0.04,-4,5.0,10.0,baseline,0.0,0.0,,0.75,10.0,5.0,a73ac87e5feff61934bca030,5108c07b05ccd0ae3d783a85,correct,correct,0.11409990078913342,0.0032175915430311397,True
ff,1.95,125.0,0.001,0.5,0.04,-4,5.0,10.0,baseline,0.0,0.0,,1.0,10.0,5.0,a73ac87e5feff61934bca030,5108c07b05ccd0ae3d783a85,correct,correct,0.11409990078913342,0.0032175915430311397,True
ff,1.95,125.0,0.001,0.5,0.04,-4,5.0,10.0,baseline,0.0,0.0,,2.0,10.0,5.0,a73ac87e5feff61934bca030,5108c07b05ccd0ae3d783a85,correct,correct,0.11409990078913342,0.0032175915430311397,True
fs,1.62,27.0,-0.0005,0.5,0.04,-2,5.0,10.0,baseline,0.0,0.0,,0.25,10.0,5.0,80757b4319592f89326559d3,d53ca96942afb4cb663cc135,unresolved,unresolved,0.011357950742157058,,True
fs,1.62,27.0,-0.0005,0.5,0.04,-2,5.0,10.0,baseline,0.0,0.0,,0.35,10.0,5.0,80757b4319592f89326559d3,d53ca96942afb4cb663cc135,unresolved,unresolved,0.011357950742157058,,True
fs,1.62,27.0,-0.0005,0.5,0.04,-2,5.0,10.0,baseline,0.0,0.0,,0.5,10.0,5.0,80757b4319592f89326559d3,d53ca96942afb4cb663cc135,unresolved,unresolved,0.011357950742157058,,True
fs,1.62,27.0,-0.0005,0.5,0.04,-2,5.0,10.0,baseline,0.0,0.0,,0.75,10.0,5.0,80757b4319592f89326559d3,d53ca96942afb4cb663cc135,unresolved,unresolved,0.011357950742157058,,True
fs,1.62,27.0,-0.0005,0.5,0.04,-2,5.0,10.0,baseline,0.0,0.0,,1.0,10.0,5.0,80757b4319592f89326559d3,d53ca96942afb4cb663cc135,unresolved,unresolved,0.011357950742157058,,True
fs,1.62,27.0,-0.0005,0.5,0.04,-2,5.0,10.0,baseline,0.0,0.0,,2.0,10.0,5.0,80757b4319592f89326559d3,d53ca96942afb4cb663cc135,correct,correct,0.011357950742157058,0.0003658565296893457,True
fs,1.62,27.0,-0.00025,0.5,0.04,-2,5.0,10.0,baseline,0.0,0.0,,0.25,10.0,5.0,366f7a142b6dca4ea4509519,962c03aba1d53f10737d5ee2,unresolved,unresolved,0.0113597841555886,,True
fs,1.62,27.0,-0.00025,0.5,0.04,-2,5.0,10.0,baseline,0.0,0.0,,0.35,10.0,5.0,366f7a142b6dca4ea4509519,962c03aba1d53f10737d5ee2,unresolved,unresolved,0.0113597841555886,,True
fs,1.62,27.0,-0.00025,0.5,0.04,-2,5.0,10.0,baseline,0.0,0.0,,0.5,10.0,5.0,366f7a142b6dca4ea4509519,962c03aba1d53f10737d5ee2,unresolved,unresolved,0.0113597841555886,,True
fs,1.62,27.0,-0.00025,0.5,0.04,-2,5.0,10.0,baseline,0.0,0.0,,0.75,10.0,5.0,366f7a142b6dca4ea4509519,962c03aba1d53f10737d5ee2,unresolved,unresolved,0.0113597841555886,,True
fs,1.62,27.0,-0.00025,0.5,0.04,-2,5.0,10.0,baseline,0.0,0.0,,1.0,10.0,5.0,366f7a142b6dca4ea4509519,962c03aba1d53f10737d5ee2,unresolved,unresolved,0.0113597841555886,,True
fs,1.62,27.0,-0.00025,0.5,0.04,-2,5.0,10.0,baseline,0.0,0.0,,2.0,10.0,5.0,366f7a142b6dca4ea4509519,962c03aba1d53f10737d5ee2,unresolved,unresolved,0.0113597841555886,,True
fs,1.62,27.0,0.01,0.5,0.04,-1,5.0,10.0,baseline,0.0,0.0,,0.25,10.0,5.0,d508b83032dc3162c38bc762,ddfe1f05b1a07c9cb72bb641,unresolved,unresolved,0.016491518018998372,,True
fs,1.62,27.0,0.01,0.5,0.04,-1,5.0,10.0,baseline,0.0,0.0,,0.35,10.0,5.0,d508b83032dc3162c38bc762,ddfe1f05b1a07c9cb72bb641,unresolved,unresolved,0.016491518018998372,,True
fs,1.62,27.0,0.01,0.5,0.04,-1,5.0,10.0,baseline,0.0,0.0,,0.5,10.0,5.0,d508b83032dc3162c38bc762,ddfe1f05b1a07c9cb72bb641,unresolved,unresolved,0.016491518018998372,,True
fs,1.62,27.0,0.01,0.5,0.04,-1,5.0,10.0,baseline,0.0,0.0,,0.75,10.0,5.0,d508b83032dc3162c38bc762,ddfe1f05b1a07c9cb72bb641,unresolved,unresolved,0.016491518018998372,,True
fs,1.62,27.0,0.01,0.5,0.04,-1,5.0,10.0,baseline,0.0,0.0,,1.0,10.0,5.0,d508b83032dc3162c38bc762,ddfe1f05b1a07c9cb72bb641,unresolved,unresolved,0.016491518018998372,,True
fs,1.62,27.0,0.01,0.5,0.04,-1,5.0,10.0,baseline,0.0,0.0,,2.0,10.0,5.0,d508b83032dc3162c38bc762,ddfe1f05b1a07c9cb72bb641,correct,correct,0.016491518018998372,0.006930025770483184,True
fs,1.62,125.0,-0.03,0.5,0.04,-2,5.0,10.0,baseline,0.0,0.0,,0.25,10.0,5.0,c6d1f8938fd88ccca9f70f8f,75fd5c06aa0884ed8adfe280,unresolved,unresolved,0.00026820073666939683,,True
fs,1.62,125.0,-0.03,0.5,0.04,-2,5.0,10.0,baseline,0.0,0.0,,0.35,10.0,5.0,c6d1f8938fd88ccca9f70f8f,75fd5c06aa0884ed8adfe280,unresolved,unresolved,0.00026820073666939683,,True
fs,1.62,125.0,-0.03,0.5,0.04,-2,5.0,10.0,baseline,0.0,0.0,,0.5,10.0,5.0,c6d1f8938fd88ccca9f70f8f,75fd5c06aa0884ed8adfe280,unresolved,unresolved,0.00026820073666939683,,True
fs,1.62,125.0,-0.03,0.5,0.04,-2,5.0,10.0,baseline,0.0,0.0,,0.75,10.0,5.0,c6d1f8938fd88ccca9f70f8f,75fd5c06aa0884ed8adfe280,unresolved,unresolved,0.00026820073666939683,,True
fs,1.62,125.0,-0.03,0.5,0.04,-2,5.0,10.0,baseline,0.0,0.0,,1.0,10.0,5.0,c6d1f8938fd88ccca9f70f8f,75fd5c06aa0884ed8adfe280,correct,correct,0.00026820073666939683,0.0,True
fs,1.62,125.0,-0.03,0.5,0.04,-2,5.0,10.0,baseline,0.0,0.0,,2.0,10.0,5.0,c6d1f8938fd88ccca9f70f8f,75fd5c06aa0884ed8adfe280,correct,correct,0.00026820073666939683,0.0021828106551229354,True
fs,1.8,27.0,-0.01,0.5,0.04,-2,5.0,10.0,baseline,0.0,0.0,,0.25,10.0,5.0,4c2f28c3fe72881050736649,53fa175d455f6d0231e9c132,unresolved,unresolved,0.010241425486895142,,True
fs,1.8,27.0,-0.01,0.5,0.04,-2,5.0,10.0,baseline,0.0,0.0,,0.35,10.0,5.0,4c2f28c3fe72881050736649,53fa175d455f6d0231e9c132,unresolved,unresolved,0.010241425486895142,,True
fs,1.8,27.0,-0.01,0.5,0.04,-2,5.0,10.0,baseline,0.0,0.0,,0.5,10.0,5.0,4c2f28c3fe72881050736649,53fa175d455f6d0231e9c132,unresolved,unresolved,0.010241425486895142,,True
fs,1.8,27.0,-0.01,0.5,0.04,-2,5.0,10.0,baseline,0.0,0.0,,0.75,10.0,5.0,4c2f28c3fe72881050736649,53fa175d455f6d0231e9c132,unresolved,unresolved,0.010241425486895142,,True
fs,1.8,27.0,-0.01,0.5,0.04,-2,5.0,10.0,baseline,0.0,0.0,,1.0,10.0,5.0,4c2f28c3fe72881050736649,53fa175d455f6d0231e9c132,correct,correct,0.010241425486895142,0.0028661036841288734,True
fs,1.8,27.0,-0.01,0.5,0.04,-2,5.0,10.0,baseline,0.0,0.0,,2.0,10.0,5.0,4c2f28c3fe72881050736649,53fa175d455f6d0231e9c132,correct,correct,0.010241425486895142,0.0028661036841288734,True
fs,1.8,27.0,0.01,0.5,0.04,0,5.0,10.0,baseline,0.0,0.0,,0.25,10.0,5.0,73839a424b27f91448fb4727,9f09484d6a6fbb2b57beddc1,unresolved,unresolved,0.012334105712017443,,True
fs,1.8,27.0,0.01,0.5,0.04,0,5.0,10.0,baseline,0.0,0.0,,0.35,10.0,5.0,73839a424b27f91448fb4727,9f09484d6a6fbb2b57beddc1,unresolved,unresolved,0.012334105712017443,,True
fs,1.8,27.0,0.01,0.5,0.04,0,5.0,10.0,baseline,0.0,0.0,,0.5,10.0,5.0,73839a424b27f91448fb4727,9f09484d6a6fbb2b57beddc1,unresolved,unresolved,0.012334105712017443,,True
fs,1.8,27.0,0.01,0.5,0.04,0,5.0,10.0,baseline,0.0,0.0,,0.75,10.0,5.0,73839a424b27f91448fb4727,9f09484d6a6fbb2b57beddc1,unresolved,unresolved,0.012334105712017443,,True
fs,1.8,27.0,0.01,0.5,0.04,0,5.0,10.0,baseline,0.0,0.0,,1.0,10.0,5.0,73839a424b27f91448fb4727,9f09484d6a6fbb2b57beddc1,correct,correct,0.012334105712017443,0.002832032879499069,True
fs,1.8,27.0,0.01,0.5,0.04,0,5.0,10.0,baseline,0.0,0.0,,2.0,10.0,5.0,73839a424b27f91448fb4727,9f09484d6a6fbb2b57beddc1,correct,correct,0.012334105712017443,0.002832032879499069,True
fs,1.95,-40.0,-0.01,0.5,0.04,-2,5.0,10.0,baseline,0.0,0.0,,0.25,10.0,5.0,86717487b50ff3de2e0009bd,d7b1cc4e5b428c3c6b4c7fc0,unresolved,unresolved,0.01826922099841945,,True
fs,1.95,-40.0,-0.01,0.5,0.04,-2,5.0,10.0,baseline,0.0,0.0,,0.35,10.0,5.0,86717487b50ff3de2e0009bd,d7b1cc4e5b428c3c6b4c7fc0,unresolved,unresolved,0.01826922099841945,,True
fs,1.95,-40.0,-0.01,0.5,0.04,-2,5.0,10.0,baseline,0.0,0.0,,0.5,10.0,5.0,86717487b50ff3de2e0009bd,d7b1cc4e5b428c3c6b4c7fc0,correct,correct,0.01826922099841945,0.0,True
fs,1.95,-40.0,-0.01,0.5,0.04,-2,5.0,10.0,baseline,0.0,0.0,,0.75,10.0,5.0,86717487b50ff3de2e0009bd,d7b1cc4e5b428c3c6b4c7fc0,correct,correct,0.01826922099841945,0.0033072381044408905,True
fs,1.95,-40.0,-0.01,0.5,0.04,-2,5.0,10.0,baseline,0.0,0.0,,1.0,10.0,5.0,86717487b50ff3de2e0009bd,d7b1cc4e5b428c3c6b4c7fc0,correct,correct,0.01826922099841945,0.0033072381044408905,True
fs,1.95,-40.0,-0.01,0.5,0.04,-2,5.0,10.0,baseline,0.0,0.0,,2.0,10.0,5.0,86717487b50ff3de2e0009bd,d7b1cc4e5b428c3c6b4c7fc0,correct,correct,0.01826922099841945,0.0033072381044408905,True
fs,1.95,-40.0,0.01,0.5,0.04,0,5.0,10.0,baseline,0.0,0.0,,0.25,10.0,5.0,ee5b8b38af0f3b2c284ae652,098ef756a835488a98f68565,unresolved,unresolved,0.019982635042391714,,True
fs,1.95,-40.0,0.01,0.5,0.04,0,5.0,10.0,baseline,0.0,0.0,,0.35,10.0,5.0,ee5b8b38af0f3b2c284ae652,098ef756a835488a98f68565,unresolved,unresolved,0.019982635042391714,,True
fs,1.95,-40.0,0.01,0.5,0.04,0,5.0,10.0,baseline,0.0,0.0,,0.5,10.0,5.0,ee5b8b38af0f3b2c284ae652,098ef756a835488a98f68565,unresolved,unresolved,0.019982635042391714,,True
fs,1.95,-40.0,0.01,0.5,0.04,0,5.0,10.0,baseline,0.0,0.0,,0.75,10.0,5.0,ee5b8b38af0f3b2c284ae652,098ef756a835488a98f68565,correct,correct,0.019982635042391714,0.0017554652123092929,True
fs,1.95,-40.0,0.01,0.5,0.04,0,5.0,10.0,baseline,0.0,0.0,,1.0,10.0,5.0,ee5b8b38af0f3b2c284ae652,098ef756a835488a98f68565,correct,correct,0.019982635042391714,0.0017554652123092929,True
fs,1.95,-40.0,0.01,0.5,0.04,0,5.0,10.0,baseline,0.0,0.0,,2.0,10.0,5.0,ee5b8b38af0f3b2c284ae652,098ef756a835488a98f68565,correct,correct,0.019982635042391714,0.0017554652123092929,True
fs,1.95,27.0,-0.01,0.5,0.04,0,5.0,10.0,baseline,0.0,0.0,,0.25,10.0,5.0,a9d61446df4f69bd2936ea33,97d6a12c82394e7a311d9452,unresolved,unresolved,0.000564223185291461,,True
fs,1.95,27.0,-0.01,0.5,0.04,0,5.0,10.0,baseline,0.0,0.0,,0.35,10.0,5.0,a9d61446df4f69bd2936ea33,97d6a12c82394e7a311d9452,unresolved,unresolved,0.000564223185291461,,True
fs,1.95,27.0,-0.01,0.5,0.04,0,5.0,10.0,baseline,0.0,0.0,,0.5,10.0,5.0,a9d61446df4f69bd2936ea33,97d6a12c82394e7a311d9452,unresolved,unresolved,0.000564223185291461,,True
fs,1.95,27.0,-0.01,0.5,0.04,0,5.0,10.0,baseline,0.0,0.0,,0.75,10.0,5.0,a9d61446df4f69bd2936ea33,97d6a12c82394e7a311d9452,wrong,wrong,0.000564223185291461,0.006642408924279475,True
fs,1.95,27.0,-0.01,0.5,0.04,0,5.0,10.0,baseline,0.0,0.0,,1.0,10.0,5.0,a9d61446df4f69bd2936ea33,97d6a12c82394e7a311d9452,wrong,wrong,0.000564223185291461,0.006642408924279475,True
fs,1.95,27.0,-0.01,0.5,0.04,0,5.0,10.0,baseline,0.0,0.0,,2.0,10.0,5.0,a9d61446df4f69bd2936ea33,97d6a12c82394e7a311d9452,wrong,wrong,0.000564223185291461,0.006642408924279475,True
fs,1.95,125.0,0.001,0.5,0.04,-3,5.0,1.25,baseline,0.0,0.0,,0.25,1.25,0.625,11a1ab8cb4d2e8e9f042e9f9,1e5762b2bf8e5509045382ca,unresolved,unresolved,0.0017001253953066126,,True
fs,1.95,125.0,0.001,0.5,0.04,-3,5.0,1.25,baseline,0.0,0.0,,0.35,1.25,0.625,11a1ab8cb4d2e8e9f042e9f9,1e5762b2bf8e5509045382ca,unresolved,unresolved,0.0017001253953066126,,True
fs,1.95,125.0,0.001,0.5,0.04,-3,5.0,1.25,baseline,0.0,0.0,,0.5,1.25,0.625,11a1ab8cb4d2e8e9f042e9f9,1e5762b2bf8e5509045382ca,unresolved,unresolved,0.0017001253953066126,,True
fs,1.95,125.0,0.001,0.5,0.04,-3,5.0,1.25,baseline,0.0,0.0,,0.75,1.25,0.625,11a1ab8cb4d2e8e9f042e9f9,1e5762b2bf8e5509045382ca,correct,correct,0.0017001253953066126,0.0004589152791201201,True
fs,1.95,125.0,0.001,0.5,0.04,-3,5.0,1.25,baseline,0.0,0.0,,1.0,1.25,0.625,11a1ab8cb4d2e8e9f042e9f9,1e5762b2bf8e5509045382ca,correct,correct,0.0017001253953066126,0.0004589152791201201,True
fs,1.95,125.0,0.001,0.5,0.04,-3,5.0,1.25,baseline,0.0,0.0,,2.0,1.25,0.625,11a1ab8cb4d2e8e9f042e9f9,1e5762b2bf8e5509045382ca,correct,correct,0.0017001253953066126,0.0004589152791201201,True
sf,1.62,-40.0,-0.03,0.5,0.04,-1,5.0,10.0,baseline,0.0,0.0,,0.25,10.0,5.0,5c9f112bc875e85393b11ab3,1b6ffd35c830fbb94247f15c,unresolved,unresolved,0.025658970394359357,,True
sf,1.62,-40.0,-0.03,0.5,0.04,-1,5.0,10.0,baseline,0.0,0.0,,0.35,10.0,5.0,5c9f112bc875e85393b11ab3,1b6ffd35c830fbb94247f15c,correct,correct,0.025658970394359357,0.0,True
sf,1.62,-40.0,-0.03,0.5,0.04,-1,5.0,10.0,baseline,0.0,0.0,,0.5,10.0,5.0,5c9f112bc875e85393b11ab3,1b6ffd35c830fbb94247f15c,correct,correct,0.025658970394359357,0.002180980822162004,True
sf,1.62,-40.0,-0.03,0.5,0.04,-1,5.0,10.0,baseline,0.0,0.0,,0.75,10.0,5.0,5c9f112bc875e85393b11ab3,1b6ffd35c830fbb94247f15c,correct,correct,0.025658970394359357,0.002180980822162004,True
sf,1.62,-40.0,-0.03,0.5,0.04,-1,5.0,10.0,baseline,0.0,0.0,,1.0,10.0,5.0,5c9f112bc875e85393b11ab3,1b6ffd35c830fbb94247f15c,correct,correct,0.025658970394359357,0.002180980822162004,True
sf,1.62,-40.0,-0.03,0.5,0.04,-1,5.0,10.0,baseline,0.0,0.0,,2.0,10.0,5.0,5c9f112bc875e85393b11ab3,1b6ffd35c830fbb94247f15c,correct,correct,0.025658970394359357,0.002180980822162004,True
sf,1.62,-40.0,0.03,0.5,0.04,0,5.0,10.0,baseline,0.0,0.0,,0.25,10.0,5.0,21d3271a5be73c4a9873d046,7346a605777e5f642e972ae0,unresolved,unresolved,0.013000396056040734,,True
sf,1.62,-40.0,0.03,0.5,0.04,0,5.0,10.0,baseline,0.0,0.0,,0.35,10.0,5.0,21d3271a5be73c4a9873d046,7346a605777e5f642e972ae0,correct,correct,0.013000396056040734,0.0017597522638189145,True
sf,1.62,-40.0,0.03,0.5,0.04,0,5.0,10.0,baseline,0.0,0.0,,0.5,10.0,5.0,21d3271a5be73c4a9873d046,7346a605777e5f642e972ae0,correct,correct,0.013000396056040734,0.003296459691369935,True
sf,1.62,-40.0,0.03,0.5,0.04,0,5.0,10.0,baseline,0.0,0.0,,0.75,10.0,5.0,21d3271a5be73c4a9873d046,7346a605777e5f642e972ae0,correct,correct,0.013000396056040734,0.003296459691369935,True
sf,1.62,-40.0,0.03,0.5,0.04,0,5.0,10.0,baseline,0.0,0.0,,1.0,10.0,5.0,21d3271a5be73c4a9873d046,7346a605777e5f642e972ae0,correct,correct,0.013000396056040734,0.003296459691369935,True
sf,1.62,-40.0,0.03,0.5,0.04,0,5.0,10.0,baseline,0.0,0.0,,2.0,10.0,5.0,21d3271a5be73c4a9873d046,7346a605777e5f642e972ae0,correct,correct,0.013000396056040734,0.003296459691369935,True
sf,1.8,-40.0,0.01,0.5,0.04,0,5.0,10.0,baseline,0.0,0.0,,0.25,10.0,5.0,af68ab7909a40e115849d170,53e91d008d96383c8f9bd3b3,unresolved,unresolved,0.017720345006458194,,True
sf,1.8,-40.0,0.01,0.5,0.04,0,5.0,10.0,baseline,0.0,0.0,,0.35,10.0,5.0,af68ab7909a40e115849d170,53e91d008d96383c8f9bd3b3,correct,correct,0.017720345006458194,0.0027789191663710744,True
sf,1.8,-40.0,0.01,0.5,0.04,0,5.0,10.0,baseline,0.0,0.0,,0.5,10.0,5.0,af68ab7909a40e115849d170,53e91d008d96383c8f9bd3b3,correct,correct,0.017720345006458194,0.0027789191663710744,True
sf,1.8,-40.0,0.01,0.5,0.04,0,5.0,10.0,baseline,0.0,0.0,,0.75,10.0,5.0,af68ab7909a40e115849d170,53e91d008d96383c8f9bd3b3,correct,correct,0.017720345006458194,0.0027789191663710744,True
sf,1.8,-40.0,0.01,0.5,0.04,0,5.0,10.0,baseline,0.0,0.0,,1.0,10.0,5.0,af68ab7909a40e115849d170,53e91d008d96383c8f9bd3b3,correct,correct,0.017720345006458194,0.0027789191663710744,True
sf,1.8,-40.0,0.01,0.5,0.04,0,5.0,10.0,baseline,0.0,0.0,,2.0,10.0,5.0,af68ab7909a40e115849d170,53e91d008d96383c8f9bd3b3,correct,correct,0.017720345006458194,0.0027789191663710744,True
sf,1.8,125.0,0.001,0.5,0.04,0,5.0,10.0,baseline,0.0,0.0,,0.25,10.0,5.0,354d54e1936dff44a2297c6d,6aa34952fdd9be941199572b,unresolved,unresolved,0.004525928819676023,,True
sf,1.8,125.0,0.001,0.5,0.04,0,5.0,10.0,baseline,0.0,0.0,,0.35,10.0,5.0,354d54e1936dff44a2297c6d,6aa34952fdd9be941199572b,correct,correct,0.004525928819676023,0.0022547809595603874,True
sf,1.8,125.0,0.001,0.5,0.04,0,5.0,10.0,baseline,0.0,0.0,,0.5,10.0,5.0,354d54e1936dff44a2297c6d,6aa34952fdd9be941199572b,correct,correct,0.004525928819676023,0.0022547809595603874,True
sf,1.8,125.0,0.001,0.5,0.04,0,5.0,10.0,baseline,0.0,0.0,,0.75,10.0,5.0,354d54e1936dff44a2297c6d,6aa34952fdd9be941199572b,correct,correct,0.004525928819676023,0.0022547809595603874,True
sf,1.8,125.0,0.001,0.5,0.04,0,5.0,10.0,baseline,0.0,0.0,,1.0,10.0,5.0,354d54e1936dff44a2297c6d,6aa34952fdd9be941199572b,correct,correct,0.004525928819676023,0.0022547809595603874,True
sf,1.8,125.0,0.001,0.5,0.04,0,5.0,10.0,baseline,0.0,0.0,,2.0,10.0,5.0,354d54e1936dff44a2297c6d,6aa34952fdd9be941199572b,correct,correct,0.004525928819676023,0.0022547809595603874,True
ss,1.62,-40.0,-0.001,0.5,0.04,-1,5.0,10.0,baseline,0.0,0.0,,0.25,10.0,5.0,d209d1530e71bb5f499832a3,a5c0ae1ba291dbe2ca797a03,unresolved,unresolved,0.0169188963576158,,True
ss,1.62,-40.0,-0.001,0.5,0.04,-1,5.0,10.0,baseline,0.0,0.0,,0.35,10.0,5.0,d209d1530e71bb5f499832a3,a5c0ae1ba291dbe2ca797a03,unresolved,unresolved,0.0169188963576158,,True
ss,1.62,-40.0,-0.001,0.5,0.04,-1,5.0,10.0,baseline,0.0,0.0,,0.5,10.0,5.0,d209d1530e71bb5f499832a3,a5c0ae1ba291dbe2ca797a03,unresolved,unresolved,0.0169188963576158,,True
ss,1.62,-40.0,-0.001,0.5,0.04,-1,5.0,10.0,baseline,0.0,0.0,,0.75,10.0,5.0,d209d1530e71bb5f499832a3,a5c0ae1ba291dbe2ca797a03,unresolved,unresolved,0.0169188963576158,,True
ss,1.62,-40.0,-0.001,0.5,0.04,-1,5.0,10.0,baseline,0.0,0.0,,1.0,10.0,5.0,d209d1530e71bb5f499832a3,a5c0ae1ba291dbe2ca797a03,unresolved,unresolved,0.0169188963576158,,True
ss,1.62,-40.0,-0.001,0.5,0.04,-1,5.0,10.0,baseline,0.0,0.0,,2.0,10.0,5.0,d209d1530e71bb5f499832a3,a5c0ae1ba291dbe2ca797a03,unresolved,unresolved,0.0169188963576158,,True
ss,1.62,-40.0,0.001,0.5,0.04,-1,5.0,10.0,baseline,0.0,0.0,,0.25,10.0,5.0,a44f0f794d571ad9aab6c011,1c8f85326eb94c0ac38b2da5,unresolved,unresolved,0.020119880148901866,,True
ss,1.62,-40.0,0.001,0.5,0.04,-1,5.0,10.0,baseline,0.0,0.0,,0.35,10.0,5.0,a44f0f794d571ad9aab6c011,1c8f85326eb94c0ac38b2da5,unresolved,unresolved,0.020119880148901866,,True
ss,1.62,-40.0,0.001,0.5,0.04,-1,5.0,10.0,baseline,0.0,0.0,,0.5,10.0,5.0,a44f0f794d571ad9aab6c011,1c8f85326eb94c0ac38b2da5,unresolved,unresolved,0.020119880148901866,,True
ss,1.62,-40.0,0.001,0.5,0.04,-1,5.0,10.0,baseline,0.0,0.0,,0.75,10.0,5.0,a44f0f794d571ad9aab6c011,1c8f85326eb94c0ac38b2da5,unresolved,unresolved,0.020119880148901866,,True
ss,1.62,-40.0,0.001,0.5,0.04,-1,5.0,10.0,baseline,0.0,0.0,,1.0,10.0,5.0,a44f0f794d571ad9aab6c011,1c8f85326eb94c0ac38b2da5,unresolved,unresolved,0.020119880148901866,,True
ss,1.62,-40.0,0.001,0.5,0.04,-1,5.0,10.0,baseline,0.0,0.0,,2.0,10.0,5.0,a44f0f794d571ad9aab6c011,1c8f85326eb94c0ac38b2da5,unresolved,unresolved,0.020119880148901866,,True
ss,1.62,125.0,-0.001,0.5,0.04,-2,5.0,10.0,baseline,0.0,0.0,,0.25,10.0,5.0,160857d69e859f07e4f9a402,e7e1c86e58d6ca2692a278cf,unresolved,unresolved,0.006385404389100977,,True
ss,1.62,125.0,-0.001,0.5,0.04,-2,5.0,10.0,baseline,0.0,0.0,,0.35,10.0,5.0,160857d69e859f07e4f9a402,e7e1c86e58d6ca2692a278cf,unresolved,unresolved,0.006385404389100977,,True
ss,1.62,125.0,-0.001,0.5,0.04,-2,5.0,10.0,baseline,0.0,0.0,,0.5,10.0,5.0,160857d69e859f07e4f9a402,e7e1c86e58d6ca2692a278cf,unresolved,unresolved,0.006385404389100977,,True
ss,1.62,125.0,-0.001,0.5,0.04,-2,5.0,10.0,baseline,0.0,0.0,,0.75,10.0,5.0,160857d69e859f07e4f9a402,e7e1c86e58d6ca2692a278cf,unresolved,unresolved,0.006385404389100977,,True
ss,1.62,125.0,-0.001,0.5,0.04,-2,5.0,10.0,baseline,0.0,0.0,,1.0,10.0,5.0,160857d69e859f07e4f9a402,e7e1c86e58d6ca2692a278cf,unresolved,unresolved,0.006385404389100977,,True
ss,1.62,125.0,-0.001,0.5,0.04,-2,5.0,10.0,baseline,0.0,0.0,,2.0,10.0,5.0,160857d69e859f07e4f9a402,e7e1c86e58d6ca2692a278cf,correct,correct,0.006385404389100977,0.00020646465457030416,True
ss,1.62,125.0,0.001,0.5,0.04,-2,5.0,10.0,baseline,0.0,0.0,,0.25,10.0,5.0,e93888331032a3067c4c8b54,e882bd17f3215519dd939e90,unresolved,unresolved,0.006015382175414703,,True
ss,1.62,125.0,0.001,0.5,0.04,-2,5.0,10.0,baseline,0.0,0.0,,0.35,10.0,5.0,e93888331032a3067c4c8b54,e882bd17f3215519dd939e90,unresolved,unresolved,0.006015382175414703,,True
ss,1.62,125.0,0.001,0.5,0.04,-2,5.0,10.0,baseline,0.0,0.0,,0.5,10.0,5.0,e93888331032a3067c4c8b54,e882bd17f3215519dd939e90,unresolved,unresolved,0.006015382175414703,,True
ss,1.62,125.0,0.001,0.5,0.04,-2,5.0,10.0,baseline,0.0,0.0,,0.75,10.0,5.0,e93888331032a3067c4c8b54,e882bd17f3215519dd939e90,unresolved,unresolved,0.006015382175414703,,True
ss,1.62,125.0,0.001,0.5,0.04,-2,5.0,10.0,baseline,0.0,0.0,,1.0,10.0,5.0,e93888331032a3067c4c8b54,e882bd17f3215519dd939e90,unresolved,unresolved,0.006015382175414703,,True
ss,1.62,125.0,0.001,0.5,0.04,-2,5.0,10.0,baseline,0.0,0.0,,2.0,10.0,5.0,e93888331032a3067c4c8b54,e882bd17f3215519dd939e90,wrong,wrong,0.006015382175414703,0.004676478579757948,True
ss,1.8,-40.0,0.03,0.5,0.04,-2,5.0,10.0,baseline,0.0,0.0,,0.25,10.0,5.0,92ecde76467b8c2ce2003c5d,48b507f040dd4aa934f788c6,unresolved,unresolved,0.018131856716165465,,True
ss,1.8,-40.0,0.03,0.5,0.04,-2,5.0,10.0,baseline,0.0,0.0,,0.35,10.0,5.0,92ecde76467b8c2ce2003c5d,48b507f040dd4aa934f788c6,unresolved,unresolved,0.018131856716165465,,True
ss,1.8,-40.0,0.03,0.5,0.04,-2,5.0,10.0,baseline,0.0,0.0,,0.5,10.0,5.0,92ecde76467b8c2ce2003c5d,48b507f040dd4aa934f788c6,unresolved,unresolved,0.018131856716165465,,True
ss,1.8,-40.0,0.03,0.5,0.04,-2,5.0,10.0,baseline,0.0,0.0,,0.75,10.0,5.0,92ecde76467b8c2ce2003c5d,48b507f040dd4aa934f788c6,unresolved,unresolved,0.018131856716165465,,True
ss,1.8,-40.0,0.03,0.5,0.04,-2,5.0,10.0,baseline,0.0,0.0,,1.0,10.0,5.0,92ecde76467b8c2ce2003c5d,48b507f040dd4aa934f788c6,correct,correct,0.018131856716165465,0.0008500048277995109,True
ss,1.8,-40.0,0.03,0.5,0.04,-2,5.0,10.0,baseline,0.0,0.0,,2.0,10.0,5.0,92ecde76467b8c2ce2003c5d,48b507f040dd4aa934f788c6,correct,correct,0.018131856716165465,0.0008500048277995109,True
ss,1.8,-40.0,0.00025,0.5,0.04,-1,5.0,10.0,baseline,0.0,0.0,,0.25,10.0,5.0,640c90cf40b3b4837cd27c30,dd435c784b31bc8d6b8fab0f,unresolved,unresolved,0.016384248910530058,,True
ss,1.8,-40.0,0.00025,0.5,0.04,-1,5.0,10.0,baseline,0.0,0.0,,0.35,10.0,5.0,640c90cf40b3b4837cd27c30,dd435c784b31bc8d6b8fab0f,unresolved,unresolved,0.016384248910530058,,True
ss,1.8,-40.0,0.00025,0.5,0.04,-1,5.0,10.0,baseline,0.0,0.0,,0.5,10.0,5.0,640c90cf40b3b4837cd27c30,dd435c784b31bc8d6b8fab0f,unresolved,unresolved,0.016384248910530058,,True
ss,1.8,-40.0,0.00025,0.5,0.04,-1,5.0,10.0,baseline,0.0,0.0,,0.75,10.0,5.0,640c90cf40b3b4837cd27c30,dd435c784b31bc8d6b8fab0f,unresolved,unresolved,0.016384248910530058,,True
ss,1.8,-40.0,0.00025,0.5,0.04,-1,5.0,10.0,baseline,0.0,0.0,,1.0,10.0,5.0,640c90cf40b3b4837cd27c30,dd435c784b31bc8d6b8fab0f,unresolved,unresolved,0.016384248910530058,,True
ss,1.8,-40.0,0.00025,0.5,0.04,-1,5.0,10.0,baseline,0.0,0.0,,2.0,10.0,5.0,640c90cf40b3b4837cd27c30,dd435c784b31bc8d6b8fab0f,correct,correct,0.016384248910530058,6.837976449736161e-06,True
ss,1.8,-40.0,0.0005,0.5,0.04,-1,5.0,10.0,baseline,0.0,0.0,,0.25,10.0,5.0,6d1620a82753f58a437ac6eb,177ca3f6d0477080f70114a8,unresolved,unresolved,0.01626127800445493,,True
ss,1.8,-40.0,0.0005,0.5,0.04,-1,5.0,10.0,baseline,0.0,0.0,,0.35,10.0,5.0,6d1620a82753f58a437ac6eb,177ca3f6d0477080f70114a8,unresolved,unresolved,0.01626127800445493,,True
ss,1.8,-40.0,0.0005,0.5,0.04,-1,5.0,10.0,baseline,0.0,0.0,,0.5,10.0,5.0,6d1620a82753f58a437ac6eb,177ca3f6d0477080f70114a8,unresolved,unresolved,0.01626127800445493,,True
ss,1.8,-40.0,0.0005,0.5,0.04,-1,5.0,10.0,baseline,0.0,0.0,,0.75,10.0,5.0,6d1620a82753f58a437ac6eb,177ca3f6d0477080f70114a8,unresolved,unresolved,0.01626127800445493,,True
ss,1.8,-40.0,0.0005,0.5,0.04,-1,5.0,10.0,baseline,0.0,0.0,,1.0,10.0,5.0,6d1620a82753f58a437ac6eb,177ca3f6d0477080f70114a8,correct,correct,0.01626127800445493,0.0,True
ss,1.8,-40.0,0.0005,0.5,0.04,-1,5.0,10.0,baseline,0.0,0.0,,2.0,10.0,5.0,6d1620a82753f58a437ac6eb,177ca3f6d0477080f70114a8,correct,correct,0.01626127800445493,0.005062273588411603,True
ss,1.8,125.0,-0.03,0.5,0.04,-2,5.0,10.0,baseline,0.0,0.0,,0.25,10.0,5.0,de96048b24f5e7b3c358fd68,5e7e4b3243291dedc95b1895,unresolved,unresolved,0.0051840886520587,,True
ss,1.8,125.0,-0.03,0.5,0.04,-2,5.0,10.0,baseline,0.0,0.0,,0.35,10.0,5.0,de96048b24f5e7b3c358fd68,5e7e4b3243291dedc95b1895,unresolved,unresolved,0.0051840886520587,,True
ss,1.8,125.0,-0.03,0.5,0.04,-2,5.0,10.0,baseline,0.0,0.0,,0.5,10.0,5.0,de96048b24f5e7b3c358fd68,5e7e4b3243291dedc95b1895,unresolved,unresolved,0.0051840886520587,,True
ss,1.8,125.0,-0.03,0.5,0.04,-2,5.0,10.0,baseline,0.0,0.0,,0.75,10.0,5.0,de96048b24f5e7b3c358fd68,5e7e4b3243291dedc95b1895,correct,correct,0.0051840886520587,0.00471725201519968,True
ss,1.8,125.0,-0.03,0.5,0.04,-2,5.0,10.0,baseline,0.0,0.0,,1.0,10.0,5.0,de96048b24f5e7b3c358fd68,5e7e4b3243291dedc95b1895,correct,correct,0.0051840886520587,0.00471725201519968,True
ss,1.8,125.0,-0.03,0.5,0.04,-2,5.0,10.0,baseline,0.0,0.0,,2.0,10.0,5.0,de96048b24f5e7b3c358fd68,5e7e4b3243291dedc95b1895,correct,correct,0.0051840886520587,0.00471725201519968,True
ss,1.8,125.0,0.03,0.5,0.04,-2,5.0,10.0,baseline,0.0,0.0,,0.25,10.0,5.0,8bc45ea7388f50ed93fd7ec8,e9cc9bc5cc79f1d3cb53c0c3,unresolved,unresolved,0.00690475315967383,,True
ss,1.8,125.0,0.03,0.5,0.04,-2,5.0,10.0,baseline,0.0,0.0,,0.35,10.0,5.0,8bc45ea7388f50ed93fd7ec8,e9cc9bc5cc79f1d3cb53c0c3,unresolved,unresolved,0.00690475315967383,,True
ss,1.8,125.0,0.03,0.5,0.04,-2,5.0,10.0,baseline,0.0,0.0,,0.5,10.0,5.0,8bc45ea7388f50ed93fd7ec8,e9cc9bc5cc79f1d3cb53c0c3,correct,correct,0.00690475315967383,0.0,True
ss,1.8,125.0,0.03,0.5,0.04,-2,5.0,10.0,baseline,0.0,0.0,,0.75,10.0,5.0,8bc45ea7388f50ed93fd7ec8,e9cc9bc5cc79f1d3cb53c0c3,correct,correct,0.00690475315967383,0.0023494349243309287,True
ss,1.8,125.0,0.03,0.5,0.04,-2,5.0,10.0,baseline,0.0,0.0,,1.0,10.0,5.0,8bc45ea7388f50ed93fd7ec8,e9cc9bc5cc79f1d3cb53c0c3,correct,correct,0.00690475315967383,0.0023494349243309287,True
ss,1.8,125.0,0.03,0.5,0.04,-2,5.0,10.0,baseline,0.0,0.0,,2.0,10.0,5.0,8bc45ea7388f50ed93fd7ec8,e9cc9bc5cc79f1d3cb53c0c3,correct,correct,0.00690475315967383,0.0023494349243309287,True
ss,1.95,125.0,0.03,0.5,0.04,0,5.0,10.0,baseline,0.0,0.0,,0.25,10.0,5.0,57d47a202d21f4dc251258fa,e1102152c6fba3b0b32f22de,unresolved,unresolved,0.007708428506255705,,True
ss,1.95,125.0,0.03,0.5,0.04,0,5.0,10.0,baseline,0.0,0.0,,0.35,10.0,5.0,57d47a202d21f4dc251258fa,e1102152c6fba3b0b32f22de,correct,correct,0.007708428506255705,0.0,True
ss,1.95,125.0,0.03,0.5,0.04,0,5.0,10.0,baseline,0.0,0.0,,0.5,10.0,5.0,57d47a202d21f4dc251258fa,e1102152c6fba3b0b32f22de,correct,correct,0.007708428506255705,0.0014490317406294362,True
ss,1.95,125.0,0.03,0.5,0.04,0,5.0,10.0,baseline,0.0,0.0,,0.75,10.0,5.0,57d47a202d21f4dc251258fa,e1102152c6fba3b0b32f22de,correct,correct,0.007708428506255705,0.0014490317406294362,True
ss,1.95,125.0,0.03,0.5,0.04,0,5.0,10.0,baseline,0.0,0.0,,1.0,10.0,5.0,57d47a202d21f4dc251258fa,e1102152c6fba3b0b32f22de,correct,correct,0.007708428506255705,0.0014490317406294362,True
ss,1.95,125.0,0.03,0.5,0.04,0,5.0,10.0,baseline,0.0,0.0,,2.0,10.0,5.0,57d47a202d21f4dc251258fa,e1102152c6fba3b0b32f22de,correct,correct,0.007708428506255705,0.0014490317406294362,True
tt,1.62,27.0,-0.001,0.5,0.04,-1,5.0,10.0,baseline,0.0,0.0,,0.25,10.0,5.0,a9622e680c256350f80099a9,7892f46d7688135c18cce2c1,unresolved,unresolved,0.003996872347137796,,True
tt,1.62,27.0,-0.001,0.5,0.04,-1,5.0,10.0,baseline,0.0,0.0,,0.35,10.0,5.0,a9622e680c256350f80099a9,7892f46d7688135c18cce2c1,unresolved,unresolved,0.003996872347137796,,True
tt,1.62,27.0,-0.001,0.5,0.04,-1,5.0,10.0,baseline,0.0,0.0,,0.5,10.0,5.0,a9622e680c256350f80099a9,7892f46d7688135c18cce2c1,unresolved,unresolved,0.003996872347137796,,True
tt,1.62,27.0,-0.001,0.5,0.04,-1,5.0,10.0,baseline,0.0,0.0,,0.75,10.0,5.0,a9622e680c256350f80099a9,7892f46d7688135c18cce2c1,unresolved,unresolved,0.003996872347137796,,True
tt,1.62,27.0,-0.001,0.5,0.04,-1,5.0,10.0,baseline,0.0,0.0,,1.0,10.0,5.0,a9622e680c256350f80099a9,7892f46d7688135c18cce2c1,unresolved,unresolved,0.003996872347137796,,True
tt,1.62,27.0,-0.001,0.5,0.04,-1,5.0,10.0,baseline,0.0,0.0,,2.0,10.0,5.0,a9622e680c256350f80099a9,7892f46d7688135c18cce2c1,wrong,wrong,0.003996872347137796,0.0011328140204074355,True
tt,1.62,27.0,0.01,0.5,0.04,0,5.0,10.0,baseline,0.0,0.0,,0.25,10.0,5.0,9a7a57e68142ae1ea97748b1,22c8086ac7b516f371e76724,unresolved,unresolved,0.004290356934223532,,True
tt,1.62,27.0,0.01,0.5,0.04,0,5.0,10.0,baseline,0.0,0.0,,0.35,10.0,5.0,9a7a57e68142ae1ea97748b1,22c8086ac7b516f371e76724,unresolved,unresolved,0.004290356934223532,,True
tt,1.62,27.0,0.01,0.5,0.04,0,5.0,10.0,baseline,0.0,0.0,,0.5,10.0,5.0,9a7a57e68142ae1ea97748b1,22c8086ac7b516f371e76724,unresolved,unresolved,0.004290356934223532,,True
tt,1.62,27.0,0.01,0.5,0.04,0,5.0,10.0,baseline,0.0,0.0,,0.75,10.0,5.0,9a7a57e68142ae1ea97748b1,22c8086ac7b516f371e76724,correct,correct,0.004290356934223532,0.0,True
tt,1.62,27.0,0.01,0.5,0.04,0,5.0,10.0,baseline,0.0,0.0,,1.0,10.0,5.0,9a7a57e68142ae1ea97748b1,22c8086ac7b516f371e76724,correct,correct,0.004290356934223532,0.0004544317742996018,True
tt,1.62,27.0,0.01,0.5,0.04,0,5.0,10.0,baseline,0.0,0.0,,2.0,10.0,5.0,9a7a57e68142ae1ea97748b1,22c8086ac7b516f371e76724,correct,correct,0.004290356934223532,0.0004544317742996018,True
tt,1.8,27.0,-0.01,0.5,-0.08,0,5.0,10.0,baseline,0.0,0.0,,0.25,10.0,5.0,8108c812f534e2af4622c664,bedf46ded75104cbd842c8e6,unresolved,unresolved,0.02325893914497754,,True
tt,1.8,27.0,-0.01,0.5,-0.08,0,5.0,10.0,baseline,0.0,0.0,,0.35,10.0,5.0,8108c812f534e2af4622c664,bedf46ded75104cbd842c8e6,unresolved,unresolved,0.02325893914497754,,True
tt,1.8,27.0,-0.01,0.5,-0.08,0,5.0,10.0,baseline,0.0,0.0,,0.5,10.0,5.0,8108c812f534e2af4622c664,bedf46ded75104cbd842c8e6,correct,correct,0.02325893914497754,0.0004381795691888457,True
tt,1.8,27.0,-0.01,0.5,-0.08,0,5.0,10.0,baseline,0.0,0.0,,0.75,10.0,5.0,8108c812f534e2af4622c664,bedf46ded75104cbd842c8e6,correct,correct,0.02325893914497754,0.0004381795691888457,True
tt,1.8,27.0,-0.01,0.5,-0.08,0,5.0,10.0,baseline,0.0,0.0,,1.0,10.0,5.0,8108c812f534e2af4622c664,bedf46ded75104cbd842c8e6,correct,correct,0.02325893914497754,0.0004381795691888457,True
tt,1.8,27.0,-0.01,0.5,-0.08,0,5.0,10.0,baseline,0.0,0.0,,2.0,10.0,5.0,8108c812f534e2af4622c664,bedf46ded75104cbd842c8e6,correct,correct,0.02325893914497754,0.0004381795691888457,True
tt,1.8,27.0,-0.001,0.5,0.0,0,5.0,1.25,baseline,0.0,0.0,,0.25,1.25,0.625,4b0d08984e8811bcbd3fe379,10ab23bf62a4b1c344601d2e,unresolved,unresolved,0.0025276651837302416,,True
tt,1.8,27.0,-0.001,0.5,0.0,0,5.0,1.25,baseline,0.0,0.0,,0.35,1.25,0.625,4b0d08984e8811bcbd3fe379,10ab23bf62a4b1c344601d2e,unresolved,unresolved,0.0025276651837302416,,True
tt,1.8,27.0,-0.001,0.5,0.0,0,5.0,1.25,baseline,0.0,0.0,,0.5,1.25,0.625,4b0d08984e8811bcbd3fe379,10ab23bf62a4b1c344601d2e,correct,correct,0.0025276651837302416,0.0,True
tt,1.8,27.0,-0.001,0.5,0.0,0,5.0,1.25,baseline,0.0,0.0,,0.75,1.25,0.625,4b0d08984e8811bcbd3fe379,10ab23bf62a4b1c344601d2e,correct,correct,0.0025276651837302416,0.00010603712617940353,True
tt,1.8,27.0,-0.001,0.5,0.0,0,5.0,1.25,baseline,0.0,0.0,,1.0,1.25,0.625,4b0d08984e8811bcbd3fe379,10ab23bf62a4b1c344601d2e,correct,correct,0.0025276651837302416,0.00010603712617940353,True
tt,1.8,27.0,-0.001,0.5,0.0,0,5.0,1.25,baseline,0.0,0.0,,2.0,1.25,0.625,4b0d08984e8811bcbd3fe379,10ab23bf62a4b1c344601d2e,correct,correct,0.0025276651837302416,0.00010603712617940353,True
tt,1.8,27.0,0.001,0.5,0.0,0,5.0,1.25,baseline,0.0,0.0,,0.25,1.25,0.625,98c6f0b3e833d977da287a64,596597aa3bde2b2c115e5312,unresolved,unresolved,0.00252767969458791,,True
tt,1.8,27.0,0.001,0.5,0.0,0,5.0,1.25,baseline,0.0,0.0,,0.35,1.25,0.625,98c6f0b3e833d977da287a64,596597aa3bde2b2c115e5312,unresolved,unresolved,0.00252767969458791,,True
tt,1.8,27.0,0.001,0.5,0.0,0,5.0,1.25,baseline,0.0,0.0,,0.5,1.25,0.625,98c6f0b3e833d977da287a64,596597aa3bde2b2c115e5312,correct,correct,0.00252767969458791,0.0,True
tt,1.8,27.0,0.001,0.5,0.0,0,5.0,1.25,baseline,0.0,0.0,,0.75,1.25,0.625,98c6f0b3e833d977da287a64,596597aa3bde2b2c115e5312,correct,correct,0.00252767969458791,0.0001060371262091575,True
tt,1.8,27.0,0.001,0.5,0.0,0,5.0,1.25,baseline,0.0,0.0,,1.0,1.25,0.625,98c6f0b3e833d977da287a64,596597aa3bde2b2c115e5312,correct,correct,0.00252767969458791,0.0001060371262091575,True
tt,1.8,27.0,0.001,0.5,0.0,0,5.0,1.25,baseline,0.0,0.0,,2.0,1.25,0.625,98c6f0b3e833d977da287a64,596597aa3bde2b2c115e5312,correct,correct,0.00252767969458791,0.0001060371262091575,True
tt,1.8,27.0,-0.001,0.5,0.04,-2,5.0,10.0,baseline,0.0,0.0,,0.25,10.0,5.0,1ffeee183c55e77759a384a5,76de068c8897e828bac4b475,unresolved,unresolved,0.006252511737250333,,True
tt,1.8,27.0,-0.001,0.5,0.04,-2,5.0,10.0,baseline,0.0,0.0,,0.35,10.0,5.0,1ffeee183c55e77759a384a5,76de068c8897e828bac4b475,unresolved,unresolved,0.006252511737250333,,True
tt,1.8,27.0,-0.001,0.5,0.04,-2,5.0,10.0,baseline,0.0,0.0,,0.5,10.0,5.0,1ffeee183c55e77759a384a5,76de068c8897e828bac4b475,correct,correct,0.006252511737250333,0.004177740826313114,True
tt,1.8,27.0,-0.001,0.5,0.04,-2,5.0,10.0,baseline,0.0,0.0,,0.75,10.0,5.0,1ffeee183c55e77759a384a5,76de068c8897e828bac4b475,correct,correct,0.006252511737250333,0.0055014906751914006,True
tt,1.8,27.0,-0.001,0.5,0.04,-2,5.0,10.0,baseline,0.0,0.0,,1.0,10.0,5.0,1ffeee183c55e77759a384a5,76de068c8897e828bac4b475,correct,correct,0.006252511737250333,0.0055014906751914006,True
tt,1.8,27.0,-0.001,0.5,0.04,-2,5.0,10.0,baseline,0.0,0.0,,2.0,10.0,5.0,1ffeee183c55e77759a384a5,76de068c8897e828bac4b475,correct,correct,0.006252511737250333,0.0055014906751914006,True
tt,1.8,27.0,0.001,0.5,0.04,-2,5.0,10.0,baseline,0.0,0.0,,0.25,10.0,5.0,98b6f3a9aa8abd8e10e9a06a,62bd7c617d3d0b2b5200a015,unresolved,unresolved,0.0032050589859167057,,True
tt,1.8,27.0,0.001,0.5,0.04,-2,5.0,10.0,baseline,0.0,0.0,,0.35,10.0,5.0,98b6f3a9aa8abd8e10e9a06a,62bd7c617d3d0b2b5200a015,unresolved,unresolved,0.0032050589859167057,,True
tt,1.8,27.0,0.001,0.5,0.04,-2,5.0,10.0,baseline,0.0,0.0,,0.5,10.0,5.0,98b6f3a9aa8abd8e10e9a06a,62bd7c617d3d0b2b5200a015,correct,correct,0.0032050589859167057,0.0075998572949602106,True
tt,1.8,27.0,0.001,0.5,0.04,-2,5.0,10.0,baseline,0.0,0.0,,0.75,10.0,5.0,98b6f3a9aa8abd8e10e9a06a,62bd7c617d3d0b2b5200a015,correct,correct,0.0032050589859167057,0.0075998572949602106,True
tt,1.8,27.0,0.001,0.5,0.04,-2,5.0,10.0,baseline,0.0,0.0,,1.0,10.0,5.0,98b6f3a9aa8abd8e10e9a06a,62bd7c617d3d0b2b5200a015,correct,correct,0.0032050589859167057,0.0075998572949602106,True
tt,1.8,27.0,0.001,0.5,0.04,-2,5.0,10.0,baseline,0.0,0.0,,2.0,10.0,5.0,98b6f3a9aa8abd8e10e9a06a,62bd7c617d3d0b2b5200a015,correct,correct,0.0032050589859167057,0.0075998572949602106,True
tt,1.8,27.0,0.01,0.5,0.08,0,5.0,10.0,baseline,0.0,0.0,,0.25,10.0,5.0,a3228b2cfd7b2821eee7a231,583b0bb0a118dd796189ac00,unresolved,unresolved,0.023258939144701223,,True
tt,1.8,27.0,0.01,0.5,0.08,0,5.0,10.0,baseline,0.0,0.0,,0.35,10.0,5.0,a3228b2cfd7b2821eee7a231,583b0bb0a118dd796189ac00,unresolved,unresolved,0.023258939144701223,,True
tt,1.8,27.0,0.01,0.5,0.08,0,5.0,10.0,baseline,0.0,0.0,,0.5,10.0,5.0,a3228b2cfd7b2821eee7a231,583b0bb0a118dd796189ac00,correct,correct,0.023258939144701223,0.00043817956867930885,True
tt,1.8,27.0,0.01,0.5,0.08,0,5.0,10.0,baseline,0.0,0.0,,0.75,10.0,5.0,a3228b2cfd7b2821eee7a231,583b0bb0a118dd796189ac00,correct,correct,0.023258939144701223,0.00043817956867930885,True
tt,1.8,27.0,0.01,0.5,0.08,0,5.0,10.0,baseline,0.0,0.0,,1.0,10.0,5.0,a3228b2cfd7b2821eee7a231,583b0bb0a118dd796189ac00,correct,correct,0.023258939144701223,0.00043817956867930885,True
tt,1.8,27.0,0.01,0.5,0.08,0,5.0,10.0,baseline,0.0,0.0,,2.0,10.0,5.0,a3228b2cfd7b2821eee7a231,583b0bb0a118dd796189ac00,correct,correct,0.023258939144701223,0.00043817956867930885,True
tt,1.8,125.0,-0.01,0.5,0.04,-3,5.0,10.0,baseline,0.0,0.0,,0.25,10.0,5.0,84806c8bc7255975d85222be,0a56533fed6b56dafa47c932,unresolved,unresolved,0.0007305522758698969,,True
tt,1.8,125.0,-0.01,0.5,0.04,-3,5.0,10.0,baseline,0.0,0.0,,0.35,10.0,5.0,84806c8bc7255975d85222be,0a56533fed6b56dafa47c932,unresolved,unresolved,0.0007305522758698969,,True
tt,1.8,125.0,-0.01,0.5,0.04,-3,5.0,10.0,baseline,0.0,0.0,,0.5,10.0,5.0,84806c8bc7255975d85222be,0a56533fed6b56dafa47c932,correct,correct,0.0007305522758698969,0.005358593253720956,True
tt,1.8,125.0,-0.01,0.5,0.04,-3,5.0,10.0,baseline,0.0,0.0,,0.75,10.0,5.0,84806c8bc7255975d85222be,0a56533fed6b56dafa47c932,correct,correct,0.0007305522758698969,0.005358593253720956,True
tt,1.8,125.0,-0.01,0.5,0.04,-3,5.0,10.0,baseline,0.0,0.0,,1.0,10.0,5.0,84806c8bc7255975d85222be,0a56533fed6b56dafa47c932,correct,correct,0.0007305522758698969,0.005358593253720956,True
tt,1.8,125.0,-0.01,0.5,0.04,-3,5.0,10.0,baseline,0.0,0.0,,2.0,10.0,5.0,84806c8bc7255975d85222be,0a56533fed6b56dafa47c932,correct,correct,0.0007305522758698969,0.005358593253720956,True
tt,1.95,125.0,0.03,0.5,0.04,-3,5.0,10.0,baseline,0.0,0.0,,0.25,10.0,5.0,705932973f99d70405850f29,01577d2ae63b2b78f016b014,correct,correct,0.01068619269777079,0.0,True
tt,1.95,125.0,0.03,0.5,0.04,-3,5.0,10.0,baseline,0.0,0.0,,0.35,10.0,5.0,705932973f99d70405850f29,01577d2ae63b2b78f016b014,correct,correct,0.01068619269777079,0.005815590025549433,True
tt,1.95,125.0,0.03,0.5,0.04,-3,5.0,10.0,baseline,0.0,0.0,,0.5,10.0,5.0,705932973f99d70405850f29,01577d2ae63b2b78f016b014,correct,correct,0.01068619269777079,0.005815590025549433,True
tt,1.95,125.0,0.03,0.5,0.04,-3,5.0,10.0,baseline,0.0,0.0,,0.75,10.0,5.0,705932973f99d70405850f29,01577d2ae63b2b78f016b014,correct,correct,0.01068619269777079,0.005815590025549433,True
tt,1.95,125.0,0.03,0.5,0.04,-3,5.0,10.0,baseline,0.0,0.0,,1.0,10.0,5.0,705932973f99d70405850f29,01577d2ae63b2b78f016b014,correct,correct,0.01068619269777079,0.005815590025549433,True
tt,1.95,125.0,0.03,0.5,0.04,-3,5.0,10.0,baseline,0.0,0.0,,2.0,10.0,5.0,705932973f99d70405850f29,01577d2ae63b2b78f016b014,correct,correct,0.01068619269777079,0.005815590025549433,True
ff,1.62,-40.0,-0.001,0.5,0.04,-3,5.0,10.0,lvt_balanced_4b,0.0,0.0,,0.25,10.0,5.0,edb5b3169a0a451003634f58,7cad9ec91beea1e314df1c53,unresolved,unresolved,0.0012278489398409957,,True
ff,1.62,-40.0,-0.001,0.5,0.04,-3,5.0,10.0,lvt_balanced_4b,0.0,0.0,,0.35,10.0,5.0,edb5b3169a0a451003634f58,7cad9ec91beea1e314df1c53,correct,correct,0.0012278489398409957,0.0016905112691492086,True
ff,1.62,-40.0,-0.001,0.5,0.04,-3,5.0,10.0,lvt_balanced_4b,0.0,0.0,,0.5,10.0,5.0,edb5b3169a0a451003634f58,7cad9ec91beea1e314df1c53,correct,correct,0.0012278489398409957,0.0016905112691492086,True
ff,1.62,-40.0,-0.001,0.5,0.04,-3,5.0,10.0,lvt_balanced_4b,0.0,0.0,,0.75,10.0,5.0,edb5b3169a0a451003634f58,7cad9ec91beea1e314df1c53,correct,correct,0.0012278489398409957,0.0016905112691492086,True
ff,1.62,-40.0,-0.001,0.5,0.04,-3,5.0,10.0,lvt_balanced_4b,0.0,0.0,,1.0,10.0,5.0,edb5b3169a0a451003634f58,7cad9ec91beea1e314df1c53,correct,correct,0.0012278489398409957,0.0016905112691492086,True
ff,1.62,-40.0,-0.001,0.5,0.04,-3,5.0,10.0,lvt_balanced_4b,0.0,0.0,,2.0,10.0,5.0,edb5b3169a0a451003634f58,7cad9ec91beea1e314df1c53,correct,correct,0.0012278489398409957,0.0016905112691492086,True
ff,1.62,-40.0,0.001,0.5,0.04,-3,5.0,10.0,lvt_balanced_4b,0.0,0.0,,0.25,10.0,5.0,921a3a43dc53b139326b70fa,096278ea68f737d86bc9428d,unresolved,unresolved,0.03499189601647084,,True
ff,1.62,-40.0,0.001,0.5,0.04,-3,5.0,10.0,lvt_balanced_4b,0.0,0.0,,0.35,10.0,5.0,921a3a43dc53b139326b70fa,096278ea68f737d86bc9428d,unresolved,unresolved,0.03499189601647084,,True
ff,1.62,-40.0,0.001,0.5,0.04,-3,5.0,10.0,lvt_balanced_4b,0.0,0.0,,0.5,10.0,5.0,921a3a43dc53b139326b70fa,096278ea68f737d86bc9428d,correct,correct,0.03499189601647084,0.0010210581409614283,True
ff,1.62,-40.0,0.001,0.5,0.04,-3,5.0,10.0,lvt_balanced_4b,0.0,0.0,,0.75,10.0,5.0,921a3a43dc53b139326b70fa,096278ea68f737d86bc9428d,correct,correct,0.03499189601647084,0.0010210581409614283,True
ff,1.62,-40.0,0.001,0.5,0.04,-3,5.0,10.0,lvt_balanced_4b,0.0,0.0,,1.0,10.0,5.0,921a3a43dc53b139326b70fa,096278ea68f737d86bc9428d,correct,correct,0.03499189601647084,0.0010210581409614283,True
ff,1.62,-40.0,0.001,0.5,0.04,-3,5.0,10.0,lvt_balanced_4b,0.0,0.0,,2.0,10.0,5.0,921a3a43dc53b139326b70fa,096278ea68f737d86bc9428d,correct,correct,0.03499189601647084,0.0010210581409614283,True
ff,1.62,27.0,-0.001,0.5,0.04,-4,5.0,10.0,lvt_balanced_4b,0.0,0.0,,0.25,10.0,5.0,0515be34ca38650a96a4f30e,369644c49767451327c4c0f5,unresolved,unresolved,0.009623489192228905,,True
ff,1.62,27.0,-0.001,0.5,0.04,-4,5.0,10.0,lvt_balanced_4b,0.0,0.0,,0.35,10.0,5.0,0515be34ca38650a96a4f30e,369644c49767451327c4c0f5,correct,correct,0.009623489192228905,0.001902874471190752,True
ff,1.62,27.0,-0.001,0.5,0.04,-4,5.0,10.0,lvt_balanced_4b,0.0,0.0,,0.5,10.0,5.0,0515be34ca38650a96a4f30e,369644c49767451327c4c0f5,correct,correct,0.009623489192228905,0.001902874471190752,True
ff,1.62,27.0,-0.001,0.5,0.04,-4,5.0,10.0,lvt_balanced_4b,0.0,0.0,,0.75,10.0,5.0,0515be34ca38650a96a4f30e,369644c49767451327c4c0f5,correct,correct,0.009623489192228905,0.001902874471190752,True
ff,1.62,27.0,-0.001,0.5,0.04,-4,5.0,10.0,lvt_balanced_4b,0.0,0.0,,1.0,10.0,5.0,0515be34ca38650a96a4f30e,369644c49767451327c4c0f5,correct,correct,0.009623489192228905,0.001902874471190752,True
ff,1.62,27.0,-0.001,0.5,0.04,-4,5.0,10.0,lvt_balanced_4b,0.0,0.0,,2.0,10.0,5.0,0515be34ca38650a96a4f30e,369644c49767451327c4c0f5,correct,correct,0.009623489192228905,0.001902874471190752,True
ff,1.62,27.0,0.001,0.5,0.04,-4,5.0,10.0,lvt_balanced_4b,0.0,0.0,,0.25,10.0,5.0,597d211e02377bcd8ac7d746,9a8954f79dc0d324e055f814,unresolved,unresolved,0.00046711356367177073,,True
ff,1.62,27.0,0.001,0.5,0.04,-4,5.0,10.0,lvt_balanced_4b,0.0,0.0,,0.35,10.0,5.0,597d211e02377bcd8ac7d746,9a8954f79dc0d324e055f814,correct,correct,0.00046711356367177073,0.000929295539838948,True
ff,1.62,27.0,0.001,0.5,0.04,-4,5.0,10.0,lvt_balanced_4b,0.0,0.0,,0.5,10.0,5.0,597d211e02377bcd8ac7d746,9a8954f79dc0d324e055f814,correct,correct,0.00046711356367177073,0.000929295539838948,True
ff,1.62,27.0,0.001,0.5,0.04,-4,5.0,10.0,lvt_balanced_4b,0.0,0.0,,0.75,10.0,5.0,597d211e02377bcd8ac7d746,9a8954f79dc0d324e055f814,correct,correct,0.00046711356367177073,0.000929295539838948,True
ff,1.62,27.0,0.001,0.5,0.04,-4,5.0,10.0,lvt_balanced_4b,0.0,0.0,,1.0,10.0,5.0,597d211e02377bcd8ac7d746,9a8954f79dc0d324e055f814,correct,correct,0.00046711356367177073,0.000929295539838948,True
ff,1.62,27.0,0.001,0.5,0.04,-4,5.0,10.0,lvt_balanced_4b,0.0,0.0,,2.0,10.0,5.0,597d211e02377bcd8ac7d746,9a8954f79dc0d324e055f814,correct,correct,0.00046711356367177073,0.000929295539838948,True
ff,1.62,125.0,-0.001,0.5,0.04,-5,5.0,10.0,lvt_balanced_4b,0.0,0.0,,0.25,10.0,5.0,a31e5bef19f13cb3b22ac0e6,44133780e3966fdc53a52f44,unresolved,unresolved,0.06427007612040515,,True
ff,1.62,125.0,-0.001,0.5,0.04,-5,5.0,10.0,lvt_balanced_4b,0.0,0.0,,0.35,10.0,5.0,a31e5bef19f13cb3b22ac0e6,44133780e3966fdc53a52f44,correct,correct,0.06427007612040515,0.0007164453303910023,True
ff,1.62,125.0,-0.001,0.5,0.04,-5,5.0,10.0,lvt_balanced_4b,0.0,0.0,,0.5,10.0,5.0,a31e5bef19f13cb3b22ac0e6,44133780e3966fdc53a52f44,correct,correct,0.06427007612040515,0.0007164453303910023,True
ff,1.62,125.0,-0.001,0.5,0.04,-5,5.0,10.0,lvt_balanced_4b,0.0,0.0,,0.75,10.0,5.0,a31e5bef19f13cb3b22ac0e6,44133780e3966fdc53a52f44,correct,correct,0.06427007612040515,0.0007164453303910023,True
ff,1.62,125.0,-0.001,0.5,0.04,-5,5.0,10.0,lvt_balanced_4b,0.0,0.0,,1.0,10.0,5.0,a31e5bef19f13cb3b22ac0e6,44133780e3966fdc53a52f44,correct,correct,0.06427007612040515,0.0007164453303910023,True
ff,1.62,125.0,-0.001,0.5,0.04,-5,5.0,10.0,lvt_balanced_4b,0.0,0.0,,2.0,10.0,5.0,a31e5bef19f13cb3b22ac0e6,44133780e3966fdc53a52f44,correct,correct,0.06427007612040515,0.0007164453303910023,True
ff,1.62,125.0,0.001,0.5,0.04,-5,5.0,10.0,lvt_balanced_4b,0.0,0.0,,0.25,10.0,5.0,ae2e29ce112081f73f10b19b,c2cb3c049a4358bca0eb2f66,unresolved,unresolved,0.27801063726095593,,True
ff,1.62,125.0,0.001,0.5,0.04,-5,5.0,10.0,lvt_balanced_4b,0.0,0.0,,0.35,10.0,5.0,ae2e29ce112081f73f10b19b,c2cb3c049a4358bca0eb2f66,correct,correct,0.27801063726095593,0.0054580093057581824,True
ff,1.62,125.0,0.001,0.5,0.04,-5,5.0,10.0,lvt_balanced_4b,0.0,0.0,,0.5,10.0,5.0,ae2e29ce112081f73f10b19b,c2cb3c049a4358bca0eb2f66,correct,correct,0.27801063726095593,0.0054580093057581824,True
ff,1.62,125.0,0.001,0.5,0.04,-5,5.0,10.0,lvt_balanced_4b,0.0,0.0,,0.75,10.0,5.0,ae2e29ce112081f73f10b19b,c2cb3c049a4358bca0eb2f66,correct,correct,0.27801063726095593,0.0054580093057581824,True
ff,1.62,125.0,0.001,0.5,0.04,-5,5.0,10.0,lvt_balanced_4b,0.0,0.0,,1.0,10.0,5.0,ae2e29ce112081f73f10b19b,c2cb3c049a4358bca0eb2f66,correct,correct,0.27801063726095593,0.0054580093057581824,True
ff,1.62,125.0,0.001,0.5,0.04,-5,5.0,10.0,lvt_balanced_4b,0.0,0.0,,2.0,10.0,5.0,ae2e29ce112081f73f10b19b,c2cb3c049a4358bca0eb2f66,correct,correct,0.27801063726095593,0.0054580093057581824,True
ff,1.62,125.0,0.003,0.5,0.04,-4,5.0,10.0,lvt_balanced_4b,0.0,0.0,,0.25,10.0,5.0,634a1cac424f2282ed0187dd,961a64cf63789533abf8e9b8,correct,correct,0.0066192861533624055,0.0,True
ff,1.62,125.0,0.003,0.5,0.04,-4,5.0,10.0,lvt_balanced_4b,0.0,0.0,,0.35,10.0,5.0,634a1cac424f2282ed0187dd,961a64cf63789533abf8e9b8,correct,correct,0.0066192861533624055,0.004244245052931028,True
ff,1.62,125.0,0.003,0.5,0.04,-4,5.0,10.0,lvt_balanced_4b,0.0,0.0,,0.5,10.0,5.0,634a1cac424f2282ed0187dd,961a64cf63789533abf8e9b8,correct,correct,0.0066192861533624055,0.004244245052931028,True
ff,1.62,125.0,0.003,0.5,0.04,-4,5.0,10.0,lvt_balanced_4b,0.0,0.0,,0.75,10.0,5.0,634a1cac424f2282ed0187dd,961a64cf63789533abf8e9b8,correct,correct,0.0066192861533624055,0.004244245052931028,True
ff,1.62,125.0,0.003,0.5,0.04,-4,5.0,10.0,lvt_balanced_4b,0.0,0.0,,1.0,10.0,5.0,634a1cac424f2282ed0187dd,961a64cf63789533abf8e9b8,correct,correct,0.0066192861533624055,0.004244245052931028,True
ff,1.62,125.0,0.003,0.5,0.04,-4,5.0,10.0,lvt_balanced_4b,0.0,0.0,,2.0,10.0,5.0,634a1cac424f2282ed0187dd,961a64cf63789533abf8e9b8,correct,correct,0.0066192861533624055,0.004244245052931028,True
ff,1.8,-40.0,-0.001,0.5,0.04,-4,5.0,10.0,lvt_balanced_4b,0.0,0.0,,0.25,10.0,5.0,d7ba3a987c5c8c84eaa811da,588238401cf73492c98d6a34,wrong,wrong,0.03507063333258362,0.0010420344567490247,True
ff,1.8,-40.0,-0.001,0.5,0.04,-4,5.0,10.0,lvt_balanced_4b,0.0,0.0,,0.35,10.0,5.0,d7ba3a987c5c8c84eaa811da,588238401cf73492c98d6a34,wrong,wrong,0.03507063333258362,0.0010420344567490247,True
ff,1.8,-40.0,-0.001,0.5,0.04,-4,5.0,10.0,lvt_balanced_4b,0.0,0.0,,0.5,10.0,5.0,d7ba3a987c5c8c84eaa811da,588238401cf73492c98d6a34,wrong,wrong,0.03507063333258362,0.0010420344567490247,True
ff,1.8,-40.0,-0.001,0.5,0.04,-4,5.0,10.0,lvt_balanced_4b,0.0,0.0,,0.75,10.0,5.0,d7ba3a987c5c8c84eaa811da,588238401cf73492c98d6a34,wrong,wrong,0.03507063333258362,0.0010420344567490247,True
ff,1.8,-40.0,-0.001,0.5,0.04,-4,5.0,10.0,lvt_balanced_4b,0.0,0.0,,1.0,10.0,5.0,d7ba3a987c5c8c84eaa811da,588238401cf73492c98d6a34,wrong,wrong,0.03507063333258362,0.0010420344567490247,True
ff,1.8,-40.0,-0.001,0.5,0.04,-4,5.0,10.0,lvt_balanced_4b,0.0,0.0,,2.0,10.0,5.0,d7ba3a987c5c8c84eaa811da,588238401cf73492c98d6a34,wrong,wrong,0.03507063333258362,0.0010420344567490247,True
ff,1.8,-40.0,0.001,0.5,0.04,-4,5.0,10.0,lvt_balanced_4b,0.0,0.0,,0.25,10.0,5.0,ebaf06ef14db72266aeb3ec8,24908450ebdbf4b328045bf8,correct,correct,0.004821489538907659,0.000683560841792108,True
ff,1.8,-40.0,0.001,0.5,0.04,-4,5.0,10.0,lvt_balanced_4b,0.0,0.0,,0.35,10.0,5.0,ebaf06ef14db72266aeb3ec8,24908450ebdbf4b328045bf8,correct,correct,0.004821489538907659,0.000683560841792108,True
ff,1.8,-40.0,0.001,0.5,0.04,-4,5.0,10.0,lvt_balanced_4b,0.0,0.0,,0.5,10.0,5.0,ebaf06ef14db72266aeb3ec8,24908450ebdbf4b328045bf8,correct,correct,0.004821489538907659,0.000683560841792108,True
ff,1.8,-40.0,0.001,0.5,0.04,-4,5.0,10.0,lvt_balanced_4b,0.0,0.0,,0.75,10.0,5.0,ebaf06ef14db72266aeb3ec8,24908450ebdbf4b328045bf8,correct,correct,0.004821489538907659,0.000683560841792108,True
ff,1.8,-40.0,0.001,0.5,0.04,-4,5.0,10.0,lvt_balanced_4b,0.0,0.0,,1.0,10.0,5.0,ebaf06ef14db72266aeb3ec8,24908450ebdbf4b328045bf8,correct,correct,0.004821489538907659,0.000683560841792108,True
ff,1.8,-40.0,0.001,0.5,0.04,-4,5.0,10.0,lvt_balanced_4b,0.0,0.0,,2.0,10.0,5.0,ebaf06ef14db72266aeb3ec8,24908450ebdbf4b328045bf8,correct,correct,0.004821489538907659,0.000683560841792108,True
ff,1.8,27.0,-0.001,0.5,0.04,-6,5.0,10.0,lvt_balanced_4b,0.0,0.0,,0.25,10.0,5.0,0272a443e5d977337d7972f9,249f9f645947abdd484d895d,unresolved,unresolved,0.08355411759437158,,True
ff,1.8,27.0,-0.001,0.5,0.04,-6,5.0,10.0,lvt_balanced_4b,0.0,0.0,,0.35,10.0,5.0,0272a443e5d977337d7972f9,249f9f645947abdd484d895d,wrong,wrong,0.08355411759437158,0.004323106635467533,True
ff,1.8,27.0,-0.001,0.5,0.04,-6,5.0,10.0,lvt_balanced_4b,0.0,0.0,,0.5,10.0,5.0,0272a443e5d977337d7972f9,249f9f645947abdd484d895d,wrong,wrong,0.08355411759437158,0.004323106635467533,True
ff,1.8,27.0,-0.001,0.5,0.04,-6,5.0,10.0,lvt_balanced_4b,0.0,0.0,,0.75,10.0,5.0,0272a443e5d977337d7972f9,249f9f645947abdd484d895d,wrong,wrong,0.08355411759437158,0.004323106635467533,True
ff,1.8,27.0,-0.001,0.5,0.04,-6,5.0,10.0,lvt_balanced_4b,0.0,0.0,,1.0,10.0,5.0,0272a443e5d977337d7972f9,249f9f645947abdd484d895d,wrong,wrong,0.08355411759437158,0.004323106635467533,True
ff,1.8,27.0,-0.001,0.5,0.04,-6,5.0,10.0,lvt_balanced_4b,0.0,0.0,,2.0,10.0,5.0,0272a443e5d977337d7972f9,249f9f645947abdd484d895d,wrong,wrong,0.08355411759437158,0.004323106635467533,True
ff,1.8,27.0,0.001,0.5,0.04,-6,5.0,10.0,lvt_balanced_4b,0.0,0.0,,0.25,10.0,5.0,e6aae2e03ff0f750bb09690f,471e09fd1cce54d7b48208b3,correct,correct,0.005799242102953615,0.005267863669142309,True
ff,1.8,27.0,0.001,0.5,0.04,-6,5.0,10.0,lvt_balanced_4b,0.0,0.0,,0.35,10.0,5.0,e6aae2e03ff0f750bb09690f,471e09fd1cce54d7b48208b3,correct,correct,0.005799242102953615,0.005267863669142309,True
ff,1.8,27.0,0.001,0.5,0.04,-6,5.0,10.0,lvt_balanced_4b,0.0,0.0,,0.5,10.0,5.0,e6aae2e03ff0f750bb09690f,471e09fd1cce54d7b48208b3,correct,correct,0.005799242102953615,0.005267863669142309,True
ff,1.8,27.0,0.001,0.5,0.04,-6,5.0,10.0,lvt_balanced_4b,0.0,0.0,,0.75,10.0,5.0,e6aae2e03ff0f750bb09690f,471e09fd1cce54d7b48208b3,correct,correct,0.005799242102953615,0.005267863669142309,True
ff,1.8,27.0,0.001,0.5,0.04,-6,5.0,10.0,lvt_balanced_4b,0.0,0.0,,1.0,10.0,5.0,e6aae2e03ff0f750bb09690f,471e09fd1cce54d7b48208b3,correct,correct,0.005799242102953615,0.005267863669142309,True
ff,1.8,27.0,0.001,0.5,0.04,-6,5.0,10.0,lvt_balanced_4b,0.0,0.0,,2.0,10.0,5.0,e6aae2e03ff0f750bb09690f,471e09fd1cce54d7b48208b3,correct,correct,0.005799242102953615,0.005267863669142309,True
ff,1.8,125.0,-0.001,0.5,0.04,-9,5.0,10.0,lvt_balanced_4b,0.0,0.0,,0.25,10.0,5.0,654eea34d312f835d27bb55e,1c95d8f9ce5823b5c8b5902f,correct,correct,0.026851929496276947,0.003401963496121735,True
ff,1.8,125.0,-0.001,0.5,0.04,-9,5.0,10.0,lvt_balanced_4b,0.0,0.0,,0.35,10.0,5.0,654eea34d312f835d27bb55e,1c95d8f9ce5823b5c8b5902f,correct,correct,0.026851929496276947,0.003401963496121735,True
ff,1.8,125.0,-0.001,0.5,0.04,-9,5.0,10.0,lvt_balanced_4b,0.0,0.0,,0.5,10.0,5.0,654eea34d312f835d27bb55e,1c95d8f9ce5823b5c8b5902f,correct,correct,0.026851929496276947,0.003401963496121735,True
ff,1.8,125.0,-0.001,0.5,0.04,-9,5.0,10.0,lvt_balanced_4b,0.0,0.0,,0.75,10.0,5.0,654eea34d312f835d27bb55e,1c95d8f9ce5823b5c8b5902f,correct,correct,0.026851929496276947,0.003401963496121735,True
ff,1.8,125.0,-0.001,0.5,0.04,-9,5.0,10.0,lvt_balanced_4b,0.0,0.0,,1.0,10.0,5.0,654eea34d312f835d27bb55e,1c95d8f9ce5823b5c8b5902f,correct,correct,0.026851929496276947,0.003401963496121735,True
ff,1.8,125.0,-0.001,0.5,0.04,-9,5.0,10.0,lvt_balanced_4b,0.0,0.0,,2.0,10.0,5.0,654eea34d312f835d27bb55e,1c95d8f9ce5823b5c8b5902f,correct,correct,0.026851929496276947,0.003401963496121735,True
ff,1.8,125.0,0.001,0.5,0.04,-9,5.0,10.0,lvt_balanced_4b,0.0,0.0,,0.25,10.0,5.0,ed889a15db114f8d4dfd5a79,d9dd4366b014cd101a15a2da,unresolved,unresolved,0.08735758962719124,,True
ff,1.8,125.0,0.001,0.5,0.04,-9,5.0,10.0,lvt_balanced_4b,0.0,0.0,,0.35,10.0,5.0,ed889a15db114f8d4dfd5a79,d9dd4366b014cd101a15a2da,wrong,wrong,0.08735758962719124,0.0025660542827787847,True
ff,1.8,125.0,0.001,0.5,0.04,-9,5.0,10.0,lvt_balanced_4b,0.0,0.0,,0.5,10.0,5.0,ed889a15db114f8d4dfd5a79,d9dd4366b014cd101a15a2da,wrong,wrong,0.08735758962719124,0.0025660542827787847,True
ff,1.8,125.0,0.001,0.5,0.04,-9,5.0,10.0,lvt_balanced_4b,0.0,0.0,,0.75,10.0,5.0,ed889a15db114f8d4dfd5a79,d9dd4366b014cd101a15a2da,wrong,wrong,0.08735758962719124,0.0025660542827787847,True
ff,1.8,125.0,0.001,0.5,0.04,-9,5.0,10.0,lvt_balanced_4b,0.0,0.0,,1.0,10.0,5.0,ed889a15db114f8d4dfd5a79,d9dd4366b014cd101a15a2da,wrong,wrong,0.08735758962719124,0.0025660542827787847,True
ff,1.8,125.0,0.001,0.5,0.04,-9,5.0,10.0,lvt_balanced_4b,0.0,0.0,,2.0,10.0,5.0,ed889a15db114f8d4dfd5a79,d9dd4366b014cd101a15a2da,wrong,wrong,0.08735758962719124,0.0025660542827787847,True
ff,1.95,-40.0,-0.001,0.5,0.04,-6,5.0,10.0,lvt_balanced_4b,0.0,0.0,,0.25,10.0,5.0,ace2bc252e6a34d9c7e4b3a8,207ce3592635c930e5294ac6,correct,correct,0.004585240188613259,0.0022954369875701486,True
ff,1.95,-40.0,-0.001,0.5,0.04,-6,5.0,10.0,lvt_balanced_4b,0.0,0.0,,0.35,10.0,5.0,ace2bc252e6a34d9c7e4b3a8,207ce3592635c930e5294ac6,correct,correct,0.004585240188613259,0.0022954369875701486,True
ff,1.95,-40.0,-0.001,0.5,0.04,-6,5.0,10.0,lvt_balanced_4b,0.0,0.0,,0.5,10.0,5.0,ace2bc252e6a34d9c7e4b3a8,207ce3592635c930e5294ac6,correct,correct,0.004585240188613259,0.0022954369875701486,True
ff,1.95,-40.0,-0.001,0.5,0.04,-6,5.0,10.0,lvt_balanced_4b,0.0,0.0,,0.75,10.0,5.0,ace2bc252e6a34d9c7e4b3a8,207ce3592635c930e5294ac6,correct,correct,0.004585240188613259,0.0022954369875701486,True
ff,1.95,-40.0,-0.001,0.5,0.04,-6,5.0,10.0,lvt_balanced_4b,0.0,0.0,,1.0,10.0,5.0,ace2bc252e6a34d9c7e4b3a8,207ce3592635c930e5294ac6,correct,correct,0.004585240188613259,0.0022954369875701486,True
ff,1.95,-40.0,-0.001,0.5,0.04,-6,5.0,10.0,lvt_balanced_4b,0.0,0.0,,2.0,10.0,5.0,ace2bc252e6a34d9c7e4b3a8,207ce3592635c930e5294ac6,correct,correct,0.004585240188613259,0.0022954369875701486,True
ff,1.95,-40.0,0.001,0.5,0.04,-6,5.0,10.0,lvt_balanced_4b,0.0,0.0,,0.25,10.0,5.0,7f120d0c704eaa3d97f99f21,4bf16f11e9e29799a3cec51b,correct,correct,0.09319481017808384,0.0011656157373206022,True
ff,1.95,-40.0,0.001,0.5,0.04,-6,5.0,10.0,lvt_balanced_4b,0.0,0.0,,0.35,10.0,5.0,7f120d0c704eaa3d97f99f21,4bf16f11e9e29799a3cec51b,correct,correct,0.09319481017808384,0.0011656157373206022,True
ff,1.95,-40.0,0.001,0.5,0.04,-6,5.0,10.0,lvt_balanced_4b,0.0,0.0,,0.5,10.0,5.0,7f120d0c704eaa3d97f99f21,4bf16f11e9e29799a3cec51b,correct,correct,0.09319481017808384,0.0011656157373206022,True
ff,1.95,-40.0,0.001,0.5,0.04,-6,5.0,10.0,lvt_balanced_4b,0.0,0.0,,0.75,10.0,5.0,7f120d0c704eaa3d97f99f21,4bf16f11e9e29799a3cec51b,correct,correct,0.09319481017808384,0.0011656157373206022,True
ff,1.95,-40.0,0.001,0.5,0.04,-6,5.0,10.0,lvt_balanced_4b,0.0,0.0,,1.0,10.0,5.0,7f120d0c704eaa3d97f99f21,4bf16f11e9e29799a3cec51b,correct,correct,0.09319481017808384,0.0011656157373206022,True
ff,1.95,-40.0,0.001,0.5,0.04,-6,5.0,10.0,lvt_balanced_4b,0.0,0.0,,2.0,10.0,5.0,7f120d0c704eaa3d97f99f21,4bf16f11e9e29799a3cec51b,correct,correct,0.09319481017808384,0.0011656157373206022,True
ff,1.95,27.0,-0.001,0.5,0.04,-8,5.0,10.0,lvt_balanced_4b,0.0,0.0,,0.25,10.0,5.0,90391239344ef9d2b2848b55,ab45fede52139d1251de7f2a,correct,correct,0.0572798357152249,0.0004591232999795747,True
ff,1.95,27.0,-0.001,0.5,0.04,-8,5.0,10.0,lvt_balanced_4b,0.0,0.0,,0.35,10.0,5.0,90391239344ef9d2b2848b55,ab45fede52139d1251de7f2a,correct,correct,0.0572798357152249,0.0004591232999795747,True
ff,1.95,27.0,-0.001,0.5,0.04,-8,5.0,10.0,lvt_balanced_4b,0.0,0.0,,0.5,10.0,5.0,90391239344ef9d2b2848b55,ab45fede52139d1251de7f2a,correct,correct,0.0572798357152249,0.0004591232999795747,True
ff,1.95,27.0,-0.001,0.5,0.04,-8,5.0,10.0,lvt_balanced_4b,0.0,0.0,,0.75,10.0,5.0,90391239344ef9d2b2848b55,ab45fede52139d1251de7f2a,correct,correct,0.0572798357152249,0.0004591232999795747,True
ff,1.95,27.0,-0.001,0.5,0.04,-8,5.0,10.0,lvt_balanced_4b,0.0,0.0,,1.0,10.0,5.0,90391239344ef9d2b2848b55,ab45fede52139d1251de7f2a,correct,correct,0.0572798357152249,0.0004591232999795747,True
ff,1.95,27.0,-0.001,0.5,0.04,-8,5.0,10.0,lvt_balanced_4b,0.0,0.0,,2.0,10.0,5.0,90391239344ef9d2b2848b55,ab45fede52139d1251de7f2a,correct,correct,0.0572798357152249,0.0004591232999795747,True
ff,1.95,27.0,0.001,0.5,0.04,-8,5.0,10.0,lvt_balanced_4b,0.0,0.0,,0.25,10.0,5.0,b59a2b6c182cfa472a24c88f,81addcc53dc199037669cce3,correct,correct,0.013104746148196744,0.004868504820118885,True
ff,1.95,27.0,0.001,0.5,0.04,-8,5.0,10.0,lvt_balanced_4b,0.0,0.0,,0.35,10.0,5.0,b59a2b6c182cfa472a24c88f,81addcc53dc199037669cce3,correct,correct,0.013104746148196744,0.004868504820118885,True
ff,1.95,27.0,0.001,0.5,0.04,-8,5.0,10.0,lvt_balanced_4b,0.0,0.0,,0.5,10.0,5.0,b59a2b6c182cfa472a24c88f,81addcc53dc199037669cce3,correct,correct,0.013104746148196744,0.004868504820118885,True
ff,1.95,27.0,0.001,0.5,0.04,-8,5.0,10.0,lvt_balanced_4b,0.0,0.0,,0.75,10.0,5.0,b59a2b6c182cfa472a24c88f,81addcc53dc199037669cce3,correct,correct,0.013104746148196744,0.004868504820118885,True
ff,1.95,27.0,0.001,0.5,0.04,-8,5.0,10.0,lvt_balanced_4b,0.0,0.0,,1.0,10.0,5.0,b59a2b6c182cfa472a24c88f,81addcc53dc199037669cce3,correct,correct,0.013104746148196744,0.004868504820118885,True
ff,1.95,27.0,0.001,0.5,0.04,-8,5.0,10.0,lvt_balanced_4b,0.0,0.0,,2.0,10.0,5.0,b59a2b6c182cfa472a24c88f,81addcc53dc199037669cce3,correct,correct,0.013104746148196744,0.004868504820118885,True
ff,1.95,125.0,-0.001,0.5,0.04,-12,5.0,10.0,lvt_balanced_4b,0.0,0.0,,0.25,10.0,5.0,c86c0c4fcd03920206037c4c,69664446678f7564039a95b4,correct,correct,0.0909318780072781,0.0005695939277692852,True
ff,1.95,125.0,-0.001,0.5,0.04,-12,5.0,10.0,lvt_balanced_4b,0.0,0.0,,0.35,10.0,5.0,c86c0c4fcd03920206037c4c,69664446678f7564039a95b4,correct,correct,0.0909318780072781,0.0005695939277692852,True
ff,1.95,125.0,-0.001,0.5,0.04,-12,5.0,10.0,lvt_balanced_4b,0.0,0.0,,0.5,10.0,5.0,c86c0c4fcd03920206037c4c,69664446678f7564039a95b4,correct,correct,0.0909318780072781,0.0005695939277692852,True
ff,1.95,125.0,-0.001,0.5,0.04,-12,5.0,10.0,lvt_balanced_4b,0.0,0.0,,0.75,10.0,5.0,c86c0c4fcd03920206037c4c,69664446678f7564039a95b4,correct,correct,0.0909318780072781,0.0005695939277692852,True
ff,1.95,125.0,-0.001,0.5,0.04,-12,5.0,10.0,lvt_balanced_4b,0.0,0.0,,1.0,10.0,5.0,c86c0c4fcd03920206037c4c,69664446678f7564039a95b4,correct,correct,0.0909318780072781,0.0005695939277692852,True
ff,1.95,125.0,-0.001,0.5,0.04,-12,5.0,10.0,lvt_balanced_4b,0.0,0.0,,2.0,10.0,5.0,c86c0c4fcd03920206037c4c,69664446678f7564039a95b4,correct,correct,0.0909318780072781,0.0005695939277692852,True
ff,1.95,125.0,0.001,0.5,0.04,-12,5.0,10.0,lvt_balanced_4b,0.0,0.0,,0.25,10.0,5.0,33e151a50ae679d84d5d2eb9,2253a65e00d2d5e7e239491f,correct,correct,0.058887112255759565,0.003391839609830749,True
ff,1.95,125.0,0.001,0.5,0.04,-12,5.0,10.0,lvt_balanced_4b,0.0,0.0,,0.35,10.0,5.0,33e151a50ae679d84d5d2eb9,2253a65e00d2d5e7e239491f,correct,correct,0.058887112255759565,0.003391839609830749,True
ff,1.95,125.0,0.001,0.5,0.04,-12,5.0,10.0,lvt_balanced_4b,0.0,0.0,,0.5,10.0,5.0,33e151a50ae679d84d5d2eb9,2253a65e00d2d5e7e239491f,correct,correct,0.058887112255759565,0.003391839609830749,True
ff,1.95,125.0,0.001,0.5,0.04,-12,5.0,10.0,lvt_balanced_4b,0.0,0.0,,0.75,10.0,5.0,33e151a50ae679d84d5d2eb9,2253a65e00d2d5e7e239491f,correct,correct,0.058887112255759565,0.003391839609830749,True
ff,1.95,125.0,0.001,0.5,0.04,-12,5.0,10.0,lvt_balanced_4b,0.0,0.0,,1.0,10.0,5.0,33e151a50ae679d84d5d2eb9,2253a65e00d2d5e7e239491f,correct,correct,0.058887112255759565,0.003391839609830749,True
ff,1.95,125.0,0.001,0.5,0.04,-12,5.0,10.0,lvt_balanced_4b,0.0,0.0,,2.0,10.0,5.0,33e151a50ae679d84d5d2eb9,2253a65e00d2d5e7e239491f,correct,correct,0.058887112255759565,0.003391839609830749,True
fs,1.62,-40.0,-0.001,0.5,0.04,-1,5.0,10.0,lvt_balanced_4b,0.0,0.0,,0.25,10.0,5.0,076edd7080e153ce7bf11cea,7d2ea8834a37ba88c2208ba1,unresolved,unresolved,0.008208816600892404,,True
fs,1.62,-40.0,-0.001,0.5,0.04,-1,5.0,10.0,lvt_balanced_4b,0.0,0.0,,0.35,10.0,5.0,076edd7080e153ce7bf11cea,7d2ea8834a37ba88c2208ba1,unresolved,unresolved,0.008208816600892404,,True
fs,1.62,-40.0,-0.001,0.5,0.04,-1,5.0,10.0,lvt_balanced_4b,0.0,0.0,,0.5,10.0,5.0,076edd7080e153ce7bf11cea,7d2ea8834a37ba88c2208ba1,unresolved,unresolved,0.008208816600892404,,True
fs,1.62,-40.0,-0.001,0.5,0.04,-1,5.0,10.0,lvt_balanced_4b,0.0,0.0,,0.75,10.0,5.0,076edd7080e153ce7bf11cea,7d2ea8834a37ba88c2208ba1,unresolved,unresolved,0.008208816600892404,,True
fs,1.62,-40.0,-0.001,0.5,0.04,-1,5.0,10.0,lvt_balanced_4b,0.0,0.0,,1.0,10.0,5.0,076edd7080e153ce7bf11cea,7d2ea8834a37ba88c2208ba1,wrong,wrong,0.008208816600892404,0.00519813164702132,True
fs,1.62,-40.0,-0.001,0.5,0.04,-1,5.0,10.0,lvt_balanced_4b,0.0,0.0,,2.0,10.0,5.0,076edd7080e153ce7bf11cea,7d2ea8834a37ba88c2208ba1,wrong,wrong,0.008208816600892404,0.00519813164702132,True
fs,1.62,-40.0,0.001,0.5,0.04,-1,5.0,10.0,lvt_balanced_4b,0.0,0.0,,0.25,10.0,5.0,896e279c74004e2411d8963d,53b13477e59f8a717fa70d86,unresolved,unresolved,0.015182012024306756,,True
fs,1.62,-40.0,0.001,0.5,0.04,-1,5.0,10.0,lvt_balanced_4b,0.0,0.0,,0.35,10.0,5.0,896e279c74004e2411d8963d,53b13477e59f8a717fa70d86,unresolved,unresolved,0.015182012024306756,,True
fs,1.62,-40.0,0.001,0.5,0.04,-1,5.0,10.0,lvt_balanced_4b,0.0,0.0,,0.5,10.0,5.0,896e279c74004e2411d8963d,53b13477e59f8a717fa70d86,unresolved,unresolved,0.015182012024306756,,True
fs,1.62,-40.0,0.001,0.5,0.04,-1,5.0,10.0,lvt_balanced_4b,0.0,0.0,,0.75,10.0,5.0,896e279c74004e2411d8963d,53b13477e59f8a717fa70d86,correct,correct,0.015182012024306756,0.003339570989679852,True
fs,1.62,-40.0,0.001,0.5,0.04,-1,5.0,10.0,lvt_balanced_4b,0.0,0.0,,1.0,10.0,5.0,896e279c74004e2411d8963d,53b13477e59f8a717fa70d86,correct,correct,0.015182012024306756,0.003339570989679852,True
fs,1.62,-40.0,0.001,0.5,0.04,-1,5.0,10.0,lvt_balanced_4b,0.0,0.0,,2.0,10.0,5.0,896e279c74004e2411d8963d,53b13477e59f8a717fa70d86,correct,correct,0.015182012024306756,0.003339570989679852,True
fs,1.62,-40.0,-0.003,0.5,0.04,0,5.0,10.0,lvt_balanced_4b,0.0,0.0,,0.25,10.0,5.0,2748ebfd549fc366a49bae69,39a63473c1a1930b73a84618,unresolved,unresolved,0.0035707164155640387,,True
fs,1.62,-40.0,-0.003,0.5,0.04,0,5.0,10.0,lvt_balanced_4b,0.0,0.0,,0.35,10.0,5.0,2748ebfd549fc366a49bae69,39a63473c1a1930b73a84618,unresolved,unresolved,0.0035707164155640387,,True
fs,1.62,-40.0,-0.003,0.5,0.04,0,5.0,10.0,lvt_balanced_4b,0.0,0.0,,0.5,10.0,5.0,2748ebfd549fc366a49bae69,39a63473c1a1930b73a84618,unresolved,unresolved,0.0035707164155640387,,True
fs,1.62,-40.0,-0.003,0.5,0.04,0,5.0,10.0,lvt_balanced_4b,0.0,0.0,,0.75,10.0,5.0,2748ebfd549fc366a49bae69,39a63473c1a1930b73a84618,unresolved,unresolved,0.0035707164155640387,,True
fs,1.62,-40.0,-0.003,0.5,0.04,0,5.0,10.0,lvt_balanced_4b,0.0,0.0,,1.0,10.0,5.0,2748ebfd549fc366a49bae69,39a63473c1a1930b73a84618,wrong,wrong,0.0035707164155640387,0.004576775085729956,True
fs,1.62,-40.0,-0.003,0.5,0.04,0,5.0,10.0,lvt_balanced_4b,0.0,0.0,,2.0,10.0,5.0,2748ebfd549fc366a49bae69,39a63473c1a1930b73a84618,wrong,wrong,0.0035707164155640387,0.004576775085729956,True
fs,1.62,27.0,-0.01,0.5,0.04,-2,5.0,10.0,lvt_balanced_4b,0.0,0.0,,0.25,10.0,5.0,dbb778d0f380ec591b3d2c1c,4860620d230eeaa4145468da,unresolved,unresolved,0.008988193509679165,,True
fs,1.62,27.0,-0.01,0.5,0.04,-2,5.0,10.0,lvt_balanced_4b,0.0,0.0,,0.35,10.0,5.0,dbb778d0f380ec591b3d2c1c,4860620d230eeaa4145468da,unresolved,unresolved,0.008988193509679165,,True
fs,1.62,27.0,-0.01,0.5,0.04,-2,5.0,10.0,lvt_balanced_4b,0.0,0.0,,0.5,10.0,5.0,dbb778d0f380ec591b3d2c1c,4860620d230eeaa4145468da,correct,correct,0.008988193509679165,0.0,True
fs,1.62,27.0,-0.01,0.5,0.04,-2,5.0,10.0,lvt_balanced_4b,0.0,0.0,,0.75,10.0,5.0,dbb778d0f380ec591b3d2c1c,4860620d230eeaa4145468da,correct,correct,0.008988193509679165,0.007442348894899142,True
fs,1.62,27.0,-0.01,0.5,0.04,-2,5.0,10.0,lvt_balanced_4b,0.0,0.0,,1.0,10.0,5.0,dbb778d0f380ec591b3d2c1c,4860620d230eeaa4145468da,correct,correct,0.008988193509679165,0.007442348894899142,True
fs,1.62,27.0,-0.01,0.5,0.04,-2,5.0,10.0,lvt_balanced_4b,0.0,0.0,,2.0,10.0,5.0,dbb778d0f380ec591b3d2c1c,4860620d230eeaa4145468da,correct,correct,0.008988193509679165,0.007442348894899142,True
fs,1.62,27.0,-0.001,0.5,0.04,-2,5.0,10.0,lvt_balanced_4b,0.0,0.0,,0.25,10.0,5.0,ec30d163758062647583b380,5fb1cf95e630b25ed9928d83,unresolved,unresolved,0.0018534549821300282,,True
fs,1.62,27.0,-0.001,0.5,0.04,-2,5.0,10.0,lvt_balanced_4b,0.0,0.0,,0.35,10.0,5.0,ec30d163758062647583b380,5fb1cf95e630b25ed9928d83,unresolved,unresolved,0.0018534549821300282,,True
fs,1.62,27.0,-0.001,0.5,0.04,-2,5.0,10.0,lvt_balanced_4b,0.0,0.0,,0.5,10.0,5.0,ec30d163758062647583b380,5fb1cf95e630b25ed9928d83,unresolved,unresolved,0.0018534549821300282,,True
fs,1.62,27.0,-0.001,0.5,0.04,-2,5.0,10.0,lvt_balanced_4b,0.0,0.0,,0.75,10.0,5.0,ec30d163758062647583b380,5fb1cf95e630b25ed9928d83,correct,correct,0.0018534549821300282,0.005309946237490593,True
fs,1.62,27.0,-0.001,0.5,0.04,-2,5.0,10.0,lvt_balanced_4b,0.0,0.0,,1.0,10.0,5.0,ec30d163758062647583b380,5fb1cf95e630b25ed9928d83,correct,correct,0.0018534549821300282,0.005309946237490593,True
fs,1.62,27.0,-0.001,0.5,0.04,-2,5.0,10.0,lvt_balanced_4b,0.0,0.0,,2.0,10.0,5.0,ec30d163758062647583b380,5fb1cf95e630b25ed9928d83,correct,correct,0.0018534549821300282,0.005309946237490593,True
fs,1.62,27.0,0.001,0.5,0.04,-2,5.0,10.0,lvt_balanced_4b,0.0,0.0,,0.25,10.0,5.0,f3804ea62ca0f30b57042150,f7c0b2a2572cddef2cad6493,unresolved,unresolved,0.0001642270859792969,,True
fs,1.62,27.0,0.001,0.5,0.04,-2,5.0,10.0,lvt_balanced_4b,0.0,0.0,,0.35,10.0,5.0,f3804ea62ca0f30b57042150,f7c0b2a2572cddef2cad6493,unresolved,unresolved,0.0001642270859792969,,True
fs,1.62,27.0,0.001,0.5,0.04,-2,5.0,10.0,lvt_balanced_4b,0.0,0.0,,0.5,10.0,5.0,f3804ea62ca0f30b57042150,f7c0b2a2572cddef2cad6493,unresolved,unresolved,0.0001642270859792969,,True
fs,1.62,27.0,0.001,0.5,0.04,-2,5.0,10.0,lvt_balanced_4b,0.0,0.0,,0.75,10.0,5.0,f3804ea62ca0f30b57042150,f7c0b2a2572cddef2cad6493,wrong,wrong,0.0001642270859792969,0.0005787491547223356,True
fs,1.62,27.0,0.001,0.5,0.04,-2,5.0,10.0,lvt_balanced_4b,0.0,0.0,,1.0,10.0,5.0,f3804ea62ca0f30b57042150,f7c0b2a2572cddef2cad6493,wrong,wrong,0.0001642270859792969,0.0005787491547223356,True
fs,1.62,27.0,0.001,0.5,0.04,-2,5.0,10.0,lvt_balanced_4b,0.0,0.0,,2.0,10.0,5.0,f3804ea62ca0f30b57042150,f7c0b2a2572cddef2cad6493,wrong,wrong,0.0001642270859792969,0.0005787491547223356,True
fs,1.62,27.0,0.01,0.5,0.04,0,5.0,10.0,lvt_balanced_4b,0.0,0.0,,0.25,10.0,5.0,b437fd726f5e004700953443,a04d2c1e0079fde1d027eba7,unresolved,unresolved,0.007699086989549188,,True
fs,1.62,27.0,0.01,0.5,0.04,0,5.0,10.0,lvt_balanced_4b,0.0,0.0,,0.35,10.0,5.0,b437fd726f5e004700953443,a04d2c1e0079fde1d027eba7,unresolved,unresolved,0.007699086989549188,,True
fs,1.62,27.0,0.01,0.5,0.04,0,5.0,10.0,lvt_balanced_4b,0.0,0.0,,0.5,10.0,5.0,b437fd726f5e004700953443,a04d2c1e0079fde1d027eba7,correct,correct,0.007699086989549188,0.0,True
fs,1.62,27.0,0.01,0.5,0.04,0,5.0,10.0,lvt_balanced_4b,0.0,0.0,,0.75,10.0,5.0,b437fd726f5e004700953443,a04d2c1e0079fde1d027eba7,correct,correct,0.007699086989549188,0.0004672506960502476,True
fs,1.62,27.0,0.01,0.5,0.04,0,5.0,10.0,lvt_balanced_4b,0.0,0.0,,1.0,10.0,5.0,b437fd726f5e004700953443,a04d2c1e0079fde1d027eba7,correct,correct,0.007699086989549188,0.0004672506960502476,True
fs,1.62,27.0,0.01,0.5,0.04,0,5.0,10.0,lvt_balanced_4b,0.0,0.0,,2.0,10.0,5.0,b437fd726f5e004700953443,a04d2c1e0079fde1d027eba7,correct,correct,0.007699086989549188,0.0004672506960502476,True
fs,1.62,125.0,-0.001,0.5,0.04,-2,5.0,10.0,lvt_balanced_4b,0.0,0.0,,0.25,10.0,5.0,e9f9f84af0f5618c28d74dcd,56ca1c8bdff96b26c55e2db2,unresolved,unresolved,0.0054173586814537595,,True
fs,1.62,125.0,-0.001,0.5,0.04,-2,5.0,10.0,lvt_balanced_4b,0.0,0.0,,0.35,10.0,5.0,e9f9f84af0f5618c28d74dcd,56ca1c8bdff96b26c55e2db2,unresolved,unresolved,0.0054173586814537595,,True
fs,1.62,125.0,-0.001,0.5,0.04,-2,5.0,10.0,lvt_balanced_4b,0.0,0.0,,0.5,10.0,5.0,e9f9f84af0f5618c28d74dcd,56ca1c8bdff96b26c55e2db2,unresolved,unresolved,0.0054173586814537595,,True
fs,1.62,125.0,-0.001,0.5,0.04,-2,5.0,10.0,lvt_balanced_4b,0.0,0.0,,0.75,10.0,5.0,e9f9f84af0f5618c28d74dcd,56ca1c8bdff96b26c55e2db2,correct,correct,0.0054173586814537595,0.004688467141369168,True
fs,1.62,125.0,-0.001,0.5,0.04,-2,5.0,10.0,lvt_balanced_4b,0.0,0.0,,1.0,10.0,5.0,e9f9f84af0f5618c28d74dcd,56ca1c8bdff96b26c55e2db2,correct,correct,0.0054173586814537595,0.004688467141369168,True
fs,1.62,125.0,-0.001,0.5,0.04,-2,5.0,10.0,lvt_balanced_4b,0.0,0.0,,2.0,10.0,5.0,e9f9f84af0f5618c28d74dcd,56ca1c8bdff96b26c55e2db2,correct,correct,0.0054173586814537595,0.004688467141369168,True
fs,1.62,125.0,0.001,0.5,0.04,-2,5.0,10.0,lvt_balanced_4b,0.0,0.0,,0.25,10.0,5.0,e0d3b498938c0b334326d0e3,8d1ef6b00249cdc65e4184f5,unresolved,unresolved,0.004260749336633821,,True
fs,1.62,125.0,0.001,0.5,0.04,-2,5.0,10.0,lvt_balanced_4b,0.0,0.0,,0.35,10.0,5.0,e0d3b498938c0b334326d0e3,8d1ef6b00249cdc65e4184f5,unresolved,unresolved,0.004260749336633821,,True
fs,1.62,125.0,0.001,0.5,0.04,-2,5.0,10.0,lvt_balanced_4b,0.0,0.0,,0.5,10.0,5.0,e0d3b498938c0b334326d0e3,8d1ef6b00249cdc65e4184f5,unresolved,unresolved,0.004260749336633821,,True
fs,1.62,125.0,0.001,0.5,0.04,-2,5.0,10.0,lvt_balanced_4b,0.0,0.0,,0.75,10.0,5.0,e0d3b498938c0b334326d0e3,8d1ef6b00249cdc65e4184f5,correct,correct,0.004260749336633821,0.004915481188268678,True
fs,1.62,125.0,0.001,0.5,0.04,-2,5.0,10.0,lvt_balanced_4b,0.0,0.0,,1.0,10.0,5.0,e0d3b498938c0b334326d0e3,8d1ef6b00249cdc65e4184f5,correct,correct,0.004260749336633821,0.004915481188268678,True
fs,1.62,125.0,0.001,0.5,0.04,-2,5.0,10.0,lvt_balanced_4b,0.0,0.0,,2.0,10.0,5.0,e0d3b498938c0b334326d0e3,8d1ef6b00249cdc65e4184f5,correct,correct,0.004260749336633821,0.004915481188268678,True
fs,1.62,125.0,-0.001,0.5,0.04,0,5.0,10.0,lvt_balanced_4b,0.0,0.0,,0.25,10.0,5.0,f68bac059623b79517f53d2c,82881f974a514723598b33aa,unresolved,unresolved,0.0013038285194451344,,True
fs,1.62,125.0,-0.001,0.5,0.04,0,5.0,10.0,lvt_balanced_4b,0.0,0.0,,0.35,10.0,5.0,f68bac059623b79517f53d2c,82881f974a514723598b33aa,unresolved,unresolved,0.0013038285194451344,,True
fs,1.62,125.0,-0.001,0.5,0.04,0,5.0,10.0,lvt_balanced_4b,0.0,0.0,,0.5,10.0,5.0,f68bac059623b79517f53d2c,82881f974a514723598b33aa,unresolved,unresolved,0.0013038285194451344,,True
fs,1.62,125.0,-0.001,0.5,0.04,0,5.0,10.0,lvt_balanced_4b,0.0,0.0,,0.75,10.0,5.0,f68bac059623b79517f53d2c,82881f974a514723598b33aa,wrong,wrong,0.0013038285194451344,0.0015719024661990932,True
fs,1.62,125.0,-0.001,0.5,0.04,0,5.0,10.0,lvt_balanced_4b,0.0,0.0,,1.0,10.0,5.0,f68bac059623b79517f53d2c,82881f974a514723598b33aa,wrong,wrong,0.0013038285194451344,0.0015719024661990932,True
fs,1.62,125.0,-0.001,0.5,0.04,0,5.0,10.0,lvt_balanced_4b,0.0,0.0,,2.0,10.0,5.0,f68bac059623b79517f53d2c,82881f974a514723598b33aa,wrong,wrong,0.0013038285194451344,0.0015719024661990932,True
fs,1.8,-40.0,-0.001,0.5,0.04,-2,5.0,10.0,lvt_balanced_4b,0.0,0.0,,0.25,10.0,5.0,2279eea56bc7e9178cd61054,c5e849d5645ef7bdc813f149,unresolved,unresolved,0.0071618870747333216,,True
fs,1.8,-40.0,-0.001,0.5,0.04,-2,5.0,10.0,lvt_balanced_4b,0.0,0.0,,0.35,10.0,5.0,2279eea56bc7e9178cd61054,c5e849d5645ef7bdc813f149,unresolved,unresolved,0.0071618870747333216,,True
fs,1.8,-40.0,-0.001,0.5,0.04,-2,5.0,10.0,lvt_balanced_4b,0.0,0.0,,0.5,10.0,5.0,2279eea56bc7e9178cd61054,c5e849d5645ef7bdc813f149,correct,correct,0.0071618870747333216,0.0017024430813298852,True
fs,1.8,-40.0,-0.001,0.5,0.04,-2,5.0,10.0,lvt_balanced_4b,0.0,0.0,,0.75,10.0,5.0,2279eea56bc7e9178cd61054,c5e849d5645ef7bdc813f149,correct,correct,0.0071618870747333216,0.0017024430813298852,True
fs,1.8,-40.0,-0.001,0.5,0.04,-2,5.0,10.0,lvt_balanced_4b,0.0,0.0,,1.0,10.0,5.0,2279eea56bc7e9178cd61054,c5e849d5645ef7bdc813f149,correct,correct,0.0071618870747333216,0.0017024430813298852,True
fs,1.8,-40.0,-0.001,0.5,0.04,-2,5.0,10.0,lvt_balanced_4b,0.0,0.0,,2.0,10.0,5.0,2279eea56bc7e9178cd61054,c5e849d5645ef7bdc813f149,correct,correct,0.0071618870747333216,0.0017024430813298852,True
fs,1.8,-40.0,0.001,0.5,0.04,-2,5.0,10.0,lvt_balanced_4b,0.0,0.0,,0.25,10.0,5.0,774e21a1368d01e9b991a85c,54cf39ca7bd0324f87fb3484,unresolved,unresolved,0.013048161400022653,,True
fs,1.8,-40.0,0.001,0.5,0.04,-2,5.0,10.0,lvt_balanced_4b,0.0,0.0,,0.35,10.0,5.0,774e21a1368d01e9b991a85c,54cf39ca7bd0324f87fb3484,unresolved,unresolved,0.013048161400022653,,True
fs,1.8,-40.0,0.001,0.5,0.04,-2,5.0,10.0,lvt_balanced_4b,0.0,0.0,,0.5,10.0,5.0,774e21a1368d01e9b991a85c,54cf39ca7bd0324f87fb3484,correct,correct,0.013048161400022653,0.0005856348675501999,True
fs,1.8,-40.0,0.001,0.5,0.04,-2,5.0,10.0,lvt_balanced_4b,0.0,0.0,,0.75,10.0,5.0,774e21a1368d01e9b991a85c,54cf39ca7bd0324f87fb3484,correct,correct,0.013048161400022653,0.0005856348675501999,True
fs,1.8,-40.0,0.001,0.5,0.04,-2,5.0,10.0,lvt_balanced_4b,0.0,0.0,,1.0,10.0,5.0,774e21a1368d01e9b991a85c,54cf39ca7bd0324f87fb3484,correct,correct,0.013048161400022653,0.0005856348675501999,True
fs,1.8,-40.0,0.001,0.5,0.04,-2,5.0,10.0,lvt_balanced_4b,0.0,0.0,,2.0,10.0,5.0,774e21a1368d01e9b991a85c,54cf39ca7bd0324f87fb3484,correct,correct,0.013048161400022653,0.0005856348675501999,True
fs,1.8,27.0,-0.001,0.5,0.04,-3,5.0,10.0,lvt_balanced_4b,0.0,0.0,,0.25,10.0,5.0,534c3d419dc4c31b1990e2da,3e3da35040c2a01802896c8f,unresolved,unresolved,0.005102981006704278,,True
fs,1.8,27.0,-0.001,0.5,0.04,-3,5.0,10.0,lvt_balanced_4b,0.0,0.0,,0.35,10.0,5.0,534c3d419dc4c31b1990e2da,3e3da35040c2a01802896c8f,unresolved,unresolved,0.005102981006704278,,True
fs,1.8,27.0,-0.001,0.5,0.04,-3,5.0,10.0,lvt_balanced_4b,0.0,0.0,,0.5,10.0,5.0,534c3d419dc4c31b1990e2da,3e3da35040c2a01802896c8f,correct,correct,0.005102981006704278,0.006765837406790931,True
fs,1.8,27.0,-0.001,0.5,0.04,-3,5.0,10.0,lvt_balanced_4b,0.0,0.0,,0.75,10.0,5.0,534c3d419dc4c31b1990e2da,3e3da35040c2a01802896c8f,correct,correct,0.005102981006704278,0.006765837406790931,True
fs,1.8,27.0,-0.001,0.5,0.04,-3,5.0,10.0,lvt_balanced_4b,0.0,0.0,,1.0,10.0,5.0,534c3d419dc4c31b1990e2da,3e3da35040c2a01802896c8f,correct,correct,0.005102981006704278,0.006765837406790931,True
fs,1.8,27.0,-0.001,0.5,0.04,-3,5.0,10.0,lvt_balanced_4b,0.0,0.0,,2.0,10.0,5.0,534c3d419dc4c31b1990e2da,3e3da35040c2a01802896c8f,correct,correct,0.005102981006704278,0.006765837406790931,True
fs,1.8,27.0,0.001,0.5,0.04,-3,5.0,10.0,lvt_balanced_4b,0.0,0.0,,0.25,10.0,5.0,a73c3da07179a65ce6cf3500,f72e120b66a0bf31ef392a9d,unresolved,unresolved,0.006286331380571347,,True
fs,1.8,27.0,0.001,0.5,0.04,-3,5.0,10.0,lvt_balanced_4b,0.0,0.0,,0.35,10.0,5.0,a73c3da07179a65ce6cf3500,f72e120b66a0bf31ef392a9d,unresolved,unresolved,0.006286331380571347,,True
fs,1.8,27.0,0.001,0.5,0.04,-3,5.0,10.0,lvt_balanced_4b,0.0,0.0,,0.5,10.0,5.0,a73c3da07179a65ce6cf3500,f72e120b66a0bf31ef392a9d,correct,correct,0.006286331380571347,0.0030487841768115365,True
fs,1.8,27.0,0.001,0.5,0.04,-3,5.0,10.0,lvt_balanced_4b,0.0,0.0,,0.75,10.0,5.0,a73c3da07179a65ce6cf3500,f72e120b66a0bf31ef392a9d,correct,correct,0.006286331380571347,0.0030487841768115365,True
fs,1.8,27.0,0.001,0.5,0.04,-3,5.0,10.0,lvt_balanced_4b,0.0,0.0,,1.0,10.0,5.0,a73c3da07179a65ce6cf3500,f72e120b66a0bf31ef392a9d,correct,correct,0.006286331380571347,0.0030487841768115365,True
fs,1.8,27.0,0.001,0.5,0.04,-3,5.0,10.0,lvt_balanced_4b,0.0,0.0,,2.0,10.0,5.0,a73c3da07179a65ce6cf3500,f72e120b66a0bf31ef392a9d,correct,correct,0.006286331380571347,0.0030487841768115365,True
fs,1.8,27.0,0.003,0.5,0.04,-3,5.0,10.0,lvt_balanced_4b,0.0,0.0,,0.25,10.0,5.0,5e5d89e649edbf36bfe55021,c92c138707e616e18c60eca7,unresolved,unresolved,0.004461647942208501,,True
fs,1.8,27.0,0.003,0.5,0.04,-3,5.0,10.0,lvt_balanced_4b,0.0,0.0,,0.35,10.0,5.0,5e5d89e649edbf36bfe55021,c92c138707e616e18c60eca7,correct,correct,0.004461647942208501,0.0,True
fs,1.8,27.0,0.003,0.5,0.04,-3,5.0,10.0,lvt_balanced_4b,0.0,0.0,,0.5,10.0,5.0,5e5d89e649edbf36bfe55021,c92c138707e616e18c60eca7,correct,correct,0.004461647942208501,0.003596592752509842,True
fs,1.8,27.0,0.003,0.5,0.04,-3,5.0,10.0,lvt_balanced_4b,0.0,0.0,,0.75,10.0,5.0,5e5d89e649edbf36bfe55021,c92c138707e616e18c60eca7,correct,correct,0.004461647942208501,0.003596592752509842,True
fs,1.8,27.0,0.003,0.5,0.04,-3,5.0,10.0,lvt_balanced_4b,0.0,0.0,,1.0,10.0,5.0,5e5d89e649edbf36bfe55021,c92c138707e616e18c60eca7,correct,correct,0.004461647942208501,0.003596592752509842,True
fs,1.8,27.0,0.003,0.5,0.04,-3,5.0,10.0,lvt_balanced_4b,0.0,0.0,,2.0,10.0,5.0,5e5d89e649edbf36bfe55021,c92c138707e616e18c60eca7,correct,correct,0.004461647942208501,0.003596592752509842,True
fs,1.8,125.0,-0.001,0.5,0.04,-3,5.0,10.0,lvt_balanced_4b,0.0,0.0,,0.25,10.0,5.0,49044ddcbc44eea417ca527b,bd003a58a8abcd8aa756c227,unresolved,unresolved,0.005980214298612541,,True
fs,1.8,125.0,-0.001,0.5,0.04,-3,5.0,10.0,lvt_balanced_4b,0.0,0.0,,0.35,10.0,5.0,49044ddcbc44eea417ca527b,bd003a58a8abcd8aa756c227,unresolved,unresolved,0.005980214298612541,,True
fs,1.8,125.0,-0.001,0.5,0.04,-3,5.0,10.0,lvt_balanced_4b,0.0,0.0,,0.5,10.0,5.0,49044ddcbc44eea417ca527b,bd003a58a8abcd8aa756c227,wrong,wrong,0.005980214298612541,0.0013949959788811528,True
fs,1.8,125.0,-0.001,0.5,0.04,-3,5.0,10.0,lvt_balanced_4b,0.0,0.0,,0.75,10.0,5.0,49044ddcbc44eea417ca527b,bd003a58a8abcd8aa756c227,wrong,wrong,0.005980214298612541,0.0013949959788811528,True
fs,1.8,125.0,-0.001,0.5,0.04,-3,5.0,10.0,lvt_balanced_4b,0.0,0.0,,1.0,10.0,5.0,49044ddcbc44eea417ca527b,bd003a58a8abcd8aa756c227,wrong,wrong,0.005980214298612541,0.0013949959788811528,True
fs,1.8,125.0,-0.001,0.5,0.04,-3,5.0,10.0,lvt_balanced_4b,0.0,0.0,,2.0,10.0,5.0,49044ddcbc44eea417ca527b,bd003a58a8abcd8aa756c227,wrong,wrong,0.005980214298612541,0.0013949959788811528,True
fs,1.8,125.0,0.001,0.5,0.04,-3,5.0,10.0,lvt_balanced_4b,0.0,0.0,,0.25,10.0,5.0,cf4a6b338cd74b4740ff5b76,db8db13be033dba65c3b02d4,unresolved,unresolved,0.006006384012965186,,True
fs,1.8,125.0,0.001,0.5,0.04,-3,5.0,10.0,lvt_balanced_4b,0.0,0.0,,0.35,10.0,5.0,cf4a6b338cd74b4740ff5b76,db8db13be033dba65c3b02d4,unresolved,unresolved,0.006006384012965186,,True
fs,1.8,125.0,0.001,0.5,0.04,-3,5.0,10.0,lvt_balanced_4b,0.0,0.0,,0.5,10.0,5.0,cf4a6b338cd74b4740ff5b76,db8db13be033dba65c3b02d4,correct,correct,0.006006384012965186,0.0010082929114216266,True
fs,1.8,125.0,0.001,0.5,0.04,-3,5.0,10.0,lvt_balanced_4b,0.0,0.0,,0.75,10.0,5.0,cf4a6b338cd74b4740ff5b76,db8db13be033dba65c3b02d4,correct,correct,0.006006384012965186,0.0010082929114216266,True
fs,1.8,125.0,0.001,0.5,0.04,-3,5.0,10.0,lvt_balanced_4b,0.0,0.0,,1.0,10.0,5.0,cf4a6b338cd74b4740ff5b76,db8db13be033dba65c3b02d4,correct,correct,0.006006384012965186,0.0010082929114216266,True
fs,1.8,125.0,0.001,0.5,0.04,-3,5.0,10.0,lvt_balanced_4b,0.0,0.0,,2.0,10.0,5.0,cf4a6b338cd74b4740ff5b76,db8db13be033dba65c3b02d4,correct,correct,0.006006384012965186,0.0010082929114216266,True
fs,1.95,-40.0,0.003,0.5,0.04,-4,5.0,10.0,lvt_balanced_4b,0.0,0.0,,0.25,10.0,5.0,009e6a5308454be0075c3937,624975b7301ffd70d2b2890a,wrong,wrong,0.017589036318079607,0.0,True
fs,1.95,-40.0,0.003,0.5,0.04,-4,5.0,10.0,lvt_balanced_4b,0.0,0.0,,0.35,10.0,5.0,009e6a5308454be0075c3937,624975b7301ffd70d2b2890a,wrong,wrong,0.017589036318079607,0.0019067094549199415,True
fs,1.95,-40.0,0.003,0.5,0.04,-4,5.0,10.0,lvt_balanced_4b,0.0,0.0,,0.5,10.0,5.0,009e6a5308454be0075c3937,624975b7301ffd70d2b2890a,wrong,wrong,0.017589036318079607,0.0019067094549199415,True
fs,1.95,-40.0,0.003,0.5,0.04,-4,5.0,10.0,lvt_balanced_4b,0.0,0.0,,0.75,10.0,5.0,009e6a5308454be0075c3937,624975b7301ffd70d2b2890a,wrong,wrong,0.017589036318079607,0.0019067094549199415,True
fs,1.95,-40.0,0.003,0.5,0.04,-4,5.0,10.0,lvt_balanced_4b,0.0,0.0,,1.0,10.0,5.0,009e6a5308454be0075c3937,624975b7301ffd70d2b2890a,wrong,wrong,0.017589036318079607,0.0019067094549199415,True
fs,1.95,-40.0,0.003,0.5,0.04,-4,5.0,10.0,lvt_balanced_4b,0.0,0.0,,2.0,10.0,5.0,009e6a5308454be0075c3937,624975b7301ffd70d2b2890a,wrong,wrong,0.017589036318079607,0.0019067094549199415,True
fs,1.95,-40.0,-0.001,0.5,0.04,-3,5.0,10.0,lvt_balanced_4b,0.0,0.0,,0.25,10.0,5.0,8fe952edcd3fcc1a18d8ea2d,2e4a5bdfdd6e65268c0dcd76,unresolved,unresolved,0.010159618124711183,,True
fs,1.95,-40.0,-0.001,0.5,0.04,-3,5.0,10.0,lvt_balanced_4b,0.0,0.0,,0.35,10.0,5.0,8fe952edcd3fcc1a18d8ea2d,2e4a5bdfdd6e65268c0dcd76,correct,correct,0.010159618124711183,0.0005732882433009401,True
fs,1.95,-40.0,-0.001,0.5,0.04,-3,5.0,10.0,lvt_balanced_4b,0.0,0.0,,0.5,10.0,5.0,8fe952edcd3fcc1a18d8ea2d,2e4a5bdfdd6e65268c0dcd76,correct,correct,0.010159618124711183,0.0005732882433009401,True
fs,1.95,-40.0,-0.001,0.5,0.04,-3,5.0,10.0,lvt_balanced_4b,0.0,0.0,,0.75,10.0,5.0,8fe952edcd3fcc1a18d8ea2d,2e4a5bdfdd6e65268c0dcd76,correct,correct,0.010159618124711183,0.0005732882433009401,True
fs,1.95,-40.0,-0.001,0.5,0.04,-3,5.0,10.0,lvt_balanced_4b,0.0,0.0,,1.0,10.0,5.0,8fe952edcd3fcc1a18d8ea2d,2e4a5bdfdd6e65268c0dcd76,correct,correct,0.010159618124711183,0.0005732882433009401,True
fs,1.95,-40.0,-0.001,0.5,0.04,-3,5.0,10.0,lvt_balanced_4b,0.0,0.0,,2.0,10.0,5.0,8fe952edcd3fcc1a18d8ea2d,2e4a5bdfdd6e65268c0dcd76,correct,correct,0.010159618124711183,0.0005732882433009401,True
fs,1.95,-40.0,0.001,0.5,0.04,-3,5.0,10.0,lvt_balanced_4b,0.0,0.0,,0.25,10.0,5.0,5f005b72552bc97586965f56,a5bad91508865a36553ac665,unresolved,unresolved,0.0006174143034913405,,True
fs,1.95,-40.0,0.001,0.5,0.04,-3,5.0,10.0,lvt_balanced_4b,0.0,0.0,,0.35,10.0,5.0,5f005b72552bc97586965f56,a5bad91508865a36553ac665,correct,correct,0.0006174143034913405,0.0008309254126809829,True
fs,1.95,-40.0,0.001,0.5,0.04,-3,5.0,10.0,lvt_balanced_4b,0.0,0.0,,0.5,10.0,5.0,5f005b72552bc97586965f56,a5bad91508865a36553ac665,correct,correct,0.0006174143034913405,0.0008309254126809829,True
fs,1.95,-40.0,0.001,0.5,0.04,-3,5.0,10.0,lvt_balanced_4b,0.0,0.0,,0.75,10.0,5.0,5f005b72552bc97586965f56,a5bad91508865a36553ac665,correct,correct,0.0006174143034913405,0.0008309254126809829,True
fs,1.95,-40.0,0.001,0.5,0.04,-3,5.0,10.0,lvt_balanced_4b,0.0,0.0,,1.0,10.0,5.0,5f005b72552bc97586965f56,a5bad91508865a36553ac665,correct,correct,0.0006174143034913405,0.0008309254126809829,True
fs,1.95,-40.0,0.001,0.5,0.04,-3,5.0,10.0,lvt_balanced_4b,0.0,0.0,,2.0,10.0,5.0,5f005b72552bc97586965f56,a5bad91508865a36553ac665,correct,correct,0.0006174143034913405,0.0008309254126809829,True
fs,1.95,27.0,-0.001,0.5,0.04,-3,5.0,10.0,lvt_balanced_4b,0.0,0.0,,0.25,10.0,5.0,558d27fbe192c55ba80f17ff,8317a5c9b6569f41270208ba,unresolved,unresolved,0.005586652951380031,,True
fs,1.95,27.0,-0.001,0.5,0.04,-3,5.0,10.0,lvt_balanced_4b,0.0,0.0,,0.35,10.0,5.0,558d27fbe192c55ba80f17ff,8317a5c9b6569f41270208ba,wrong,wrong,0.005586652951380031,3.027314298909012e-06,True
fs,1.95,27.0,-0.001,0.5,0.04,-3,5.0,10.0,lvt_balanced_4b,0.0,0.0,,0.5,10.0,5.0,558d27fbe192c55ba80f17ff,8317a5c9b6569f41270208ba,wrong,wrong,0.005586652951380031,3.027314298909012e-06,True
fs,1.95,27.0,-0.001,0.5,0.04,-3,5.0,10.0,lvt_balanced_4b,0.0,0.0,,0.75,10.0,5.0,558d27fbe192c55ba80f17ff,8317a5c9b6569f41270208ba,wrong,wrong,0.005586652951380031,3.027314298909012e-06,True
fs,1.95,27.0,-0.001,0.5,0.04,-3,5.0,10.0,lvt_balanced_4b,0.0,0.0,,1.0,10.0,5.0,558d27fbe192c55ba80f17ff,8317a5c9b6569f41270208ba,wrong,wrong,0.005586652951380031,3.027314298909012e-06,True
fs,1.95,27.0,-0.001,0.5,0.04,-3,5.0,10.0,lvt_balanced_4b,0.0,0.0,,2.0,10.0,5.0,558d27fbe192c55ba80f17ff,8317a5c9b6569f41270208ba,wrong,wrong,0.005586652951380031,3.027314298909012e-06,True
fs,1.95,27.0,0.001,0.5,0.04,-3,5.0,10.0,lvt_balanced_4b,0.0,0.0,,0.25,10.0,5.0,e22ce5e0c41e3a3565af50ee,cb814f2109a6a2f4dbf622ac,unresolved,unresolved,0.0007635828278460438,,True
fs,1.95,27.0,0.001,0.5,0.04,-3,5.0,10.0,lvt_balanced_4b,0.0,0.0,,0.35,10.0,5.0,e22ce5e0c41e3a3565af50ee,cb814f2109a6a2f4dbf622ac,correct,correct,0.0007635828278460438,0.001722210742329644,True
fs,1.95,27.0,0.001,0.5,0.04,-3,5.0,10.0,lvt_balanced_4b,0.0,0.0,,0.5,10.0,5.0,e22ce5e0c41e3a3565af50ee,cb814f2109a6a2f4dbf622ac,correct,correct,0.0007635828278460438,0.001722210742329644,True
fs,1.95,27.0,0.001,0.5,0.04,-3,5.0,10.0,lvt_balanced_4b,0.0,0.0,,0.75,10.0,5.0,e22ce5e0c41e3a3565af50ee,cb814f2109a6a2f4dbf622ac,correct,correct,0.0007635828278460438,0.001722210742329644,True
fs,1.95,27.0,0.001,0.5,0.04,-3,5.0,10.0,lvt_balanced_4b,0.0,0.0,,1.0,10.0,5.0,e22ce5e0c41e3a3565af50ee,cb814f2109a6a2f4dbf622ac,correct,correct,0.0007635828278460438,0.001722210742329644,True
fs,1.95,27.0,0.001,0.5,0.04,-3,5.0,10.0,lvt_balanced_4b,0.0,0.0,,2.0,10.0,5.0,e22ce5e0c41e3a3565af50ee,cb814f2109a6a2f4dbf622ac,correct,correct,0.0007635828278460438,0.001722210742329644,True
fs,1.95,125.0,-0.001,0.5,0.04,-4,5.0,10.0,lvt_balanced_4b,0.0,0.0,,0.25,10.0,5.0,5256a4506136796f01fc771d,d3130dc3b3958b62e7e8975d,unresolved,unresolved,0.07129270288644976,,True
fs,1.95,125.0,-0.001,0.5,0.04,-4,5.0,10.0,lvt_balanced_4b,0.0,0.0,,0.35,10.0,5.0,5256a4506136796f01fc771d,d3130dc3b3958b62e7e8975d,correct,correct,0.07129270288644976,0.001609004676680681,True
fs,1.95,125.0,-0.001,0.5,0.04,-4,5.0,10.0,lvt_balanced_4b,0.0,0.0,,0.5,10.0,5.0,5256a4506136796f01fc771d,d3130dc3b3958b62e7e8975d,correct,correct,0.07129270288644976,0.007259372368271122,True
fs,1.95,125.0,-0.001,0.5,0.04,-4,5.0,10.0,lvt_balanced_4b,0.0,0.0,,0.75,10.0,5.0,5256a4506136796f01fc771d,d3130dc3b3958b62e7e8975d,correct,correct,0.07129270288644976,0.007259372368271122,True
fs,1.95,125.0,-0.001,0.5,0.04,-4,5.0,10.0,lvt_balanced_4b,0.0,0.0,,1.0,10.0,5.0,5256a4506136796f01fc771d,d3130dc3b3958b62e7e8975d,correct,correct,0.07129270288644976,0.007259372368271122,True
fs,1.95,125.0,-0.001,0.5,0.04,-4,5.0,10.0,lvt_balanced_4b,0.0,0.0,,2.0,10.0,5.0,5256a4506136796f01fc771d,d3130dc3b3958b62e7e8975d,correct,correct,0.07129270288644976,0.007259372368271122,True
fs,1.95,125.0,0.001,0.5,0.04,-4,5.0,10.0,lvt_balanced_4b,0.0,0.0,,0.25,10.0,5.0,759449ab112c2aa429dbb6ec,fab476cf52f6c456e85a525d,unresolved,unresolved,0.023284361880438736,,True
fs,1.95,125.0,0.001,0.5,0.04,-4,5.0,10.0,lvt_balanced_4b,0.0,0.0,,0.35,10.0,5.0,759449ab112c2aa429dbb6ec,fab476cf52f6c456e85a525d,correct,correct,0.023284361880438736,0.006756602963030267,True
fs,1.95,125.0,0.001,0.5,0.04,-4,5.0,10.0,lvt_balanced_4b,0.0,0.0,,0.5,10.0,5.0,759449ab112c2aa429dbb6ec,fab476cf52f6c456e85a525d,correct,correct,0.023284361880438736,0.006756602963030267,True
fs,1.95,125.0,0.001,0.5,0.04,-4,5.0,10.0,lvt_balanced_4b,0.0,0.0,,0.75,10.0,5.0,759449ab112c2aa429dbb6ec,fab476cf52f6c456e85a525d,correct,correct,0.023284361880438736,0.006756602963030267,True
fs,1.95,125.0,0.001,0.5,0.04,-4,5.0,10.0,lvt_balanced_4b,0.0,0.0,,1.0,10.0,5.0,759449ab112c2aa429dbb6ec,fab476cf52f6c456e85a525d,correct,correct,0.023284361880438736,0.006756602963030267,True
fs,1.95,125.0,0.001,0.5,0.04,-4,5.0,10.0,lvt_balanced_4b,0.0,0.0,,2.0,10.0,5.0,759449ab112c2aa429dbb6ec,fab476cf52f6c456e85a525d,correct,correct,0.023284361880438736,0.006756602963030267,True
sf,1.62,-40.0,-0.001,0.5,0.04,-3,5.0,10.0,lvt_balanced_4b,0.0,0.0,,0.25,10.0,5.0,83a7214433cac3aa323b53a3,df48ce797964b8095b8788ea,unresolved,unresolved,0.010875166285192446,,True
sf,1.62,-40.0,-0.001,0.5,0.04,-3,5.0,10.0,lvt_balanced_4b,0.0,0.0,,0.35,10.0,5.0,83a7214433cac3aa323b53a3,df48ce797964b8095b8788ea,unresolved,unresolved,0.010875166285192446,,True
sf,1.62,-40.0,-0.001,0.5,0.04,-3,5.0,10.0,lvt_balanced_4b,0.0,0.0,,0.5,10.0,5.0,83a7214433cac3aa323b53a3,df48ce797964b8095b8788ea,correct,correct,0.010875166285192446,0.0067525672871295295,True
sf,1.62,-40.0,-0.001,0.5,0.04,-3,5.0,10.0,lvt_balanced_4b,0.0,0.0,,0.75,10.0,5.0,83a7214433cac3aa323b53a3,df48ce797964b8095b8788ea,correct,correct,0.010875166285192446,0.0067525672871295295,True
sf,1.62,-40.0,-0.001,0.5,0.04,-3,5.0,10.0,lvt_balanced_4b,0.0,0.0,,1.0,10.0,5.0,83a7214433cac3aa323b53a3,df48ce797964b8095b8788ea,correct,correct,0.010875166285192446,0.0067525672871295295,True
sf,1.62,-40.0,-0.001,0.5,0.04,-3,5.0,10.0,lvt_balanced_4b,0.0,0.0,,2.0,10.0,5.0,83a7214433cac3aa323b53a3,df48ce797964b8095b8788ea,correct,correct,0.010875166285192446,0.0067525672871295295,True
sf,1.62,-40.0,0.001,0.5,0.04,-3,5.0,10.0,lvt_balanced_4b,0.0,0.0,,0.25,10.0,5.0,3fd27801efe21212b50c87c3,cbe9319a2cb4b1cef764434a,unresolved,unresolved,0.03305959360339999,,True
sf,1.62,-40.0,0.001,0.5,0.04,-3,5.0,10.0,lvt_balanced_4b,0.0,0.0,,0.35,10.0,5.0,3fd27801efe21212b50c87c3,cbe9319a2cb4b1cef764434a,unresolved,unresolved,0.03305959360339999,,True
sf,1.62,-40.0,0.001,0.5,0.04,-3,5.0,10.0,lvt_balanced_4b,0.0,0.0,,0.5,10.0,5.0,3fd27801efe21212b50c87c3,cbe9319a2cb4b1cef764434a,unresolved,unresolved,0.03305959360339999,,True
sf,1.62,-40.0,0.001,0.5,0.04,-3,5.0,10.0,lvt_balanced_4b,0.0,0.0,,0.75,10.0,5.0,3fd27801efe21212b50c87c3,cbe9319a2cb4b1cef764434a,wrong,wrong,0.03305959360339999,0.010231342000619037,True
sf,1.62,-40.0,0.001,0.5,0.04,-3,5.0,10.0,lvt_balanced_4b,0.0,0.0,,1.0,10.0,5.0,3fd27801efe21212b50c87c3,cbe9319a2cb4b1cef764434a,wrong,wrong,0.03305959360339999,0.010231342000619037,True
sf,1.62,-40.0,0.001,0.5,0.04,-3,5.0,10.0,lvt_balanced_4b,0.0,0.0,,2.0,10.0,5.0,3fd27801efe21212b50c87c3,cbe9319a2cb4b1cef764434a,wrong,wrong,0.03305959360339999,0.010231342000619037,True
sf,1.62,27.0,-0.001,0.5,0.04,-4,5.0,10.0,lvt_balanced_4b,0.0,0.0,,0.25,10.0,5.0,59fac838efbab2607d6d6dfa,bccb7f7e928c937c88d56e41,unresolved,unresolved,0.02924599276176745,,True
sf,1.62,27.0,-0.001,0.5,0.04,-4,5.0,10.0,lvt_balanced_4b,0.0,0.0,,0.35,10.0,5.0,59fac838efbab2607d6d6dfa,bccb7f7e928c937c88d56e41,unresolved,unresolved,0.02924599276176745,,True
sf,1.62,27.0,-0.001,0.5,0.04,-4,5.0,10.0,lvt_balanced_4b,0.0,0.0,,0.5,10.0,5.0,59fac838efbab2607d6d6dfa,bccb7f7e928c937c88d56e41,unresolved,unresolved,0.02924599276176745,,True
sf,1.62,27.0,-0.001,0.5,0.04,-4,5.0,10.0,lvt_balanced_4b,0.0,0.0,,0.75,10.0,5.0,59fac838efbab2607d6d6dfa,bccb7f7e928c937c88d56e41,correct,correct,0.02924599276176745,0.0012686181143826136,True
sf,1.62,27.0,-0.001,0.5,0.04,-4,5.0,10.0,lvt_balanced_4b,0.0,0.0,,1.0,10.0,5.0,59fac838efbab2607d6d6dfa,bccb7f7e928c937c88d56e41,correct,correct,0.02924599276176745,0.0012686181143826136,True
sf,1.62,27.0,-0.001,0.5,0.04,-4,5.0,10.0,lvt_balanced_4b,0.0,0.0,,2.0,10.0,5.0,59fac838efbab2607d6d6dfa,bccb7f7e928c937c88d56e41,correct,correct,0.02924599276176745,0.0012686181143826136,True
sf,1.62,27.0,0.001,0.5,0.04,-4,5.0,10.0,lvt_balanced_4b,0.0,0.0,,0.25,10.0,5.0,c396a7eb804210d9217c745d,680f5a86b5562419db21765d,unresolved,unresolved,0.01622409670458854,,True
sf,1.62,27.0,0.001,0.5,0.04,-4,5.0,10.0,lvt_balanced_4b,0.0,0.0,,0.35,10.0,5.0,c396a7eb804210d9217c745d,680f5a86b5562419db21765d,unresolved,unresolved,0.01622409670458854,,True
sf,1.62,27.0,0.001,0.5,0.04,-4,5.0,10.0,lvt_balanced_4b,0.0,0.0,,0.5,10.0,5.0,c396a7eb804210d9217c745d,680f5a86b5562419db21765d,correct,correct,0.01622409670458854,0.0016638317665191305,True
sf,1.62,27.0,0.001,0.5,0.04,-4,5.0,10.0,lvt_balanced_4b,0.0,0.0,,0.75,10.0,5.0,c396a7eb804210d9217c745d,680f5a86b5562419db21765d,correct,correct,0.01622409670458854,0.0016638317665191305,True
sf,1.62,27.0,0.001,0.5,0.04,-4,5.0,10.0,lvt_balanced_4b,0.0,0.0,,1.0,10.0,5.0,c396a7eb804210d9217c745d,680f5a86b5562419db21765d,correct,correct,0.01622409670458854,0.0016638317665191305,True
sf,1.62,27.0,0.001,0.5,0.04,-4,5.0,10.0,lvt_balanced_4b,0.0,0.0,,2.0,10.0,5.0,c396a7eb804210d9217c745d,680f5a86b5562419db21765d,correct,correct,0.01622409670458854,0.0016638317665191305,True
sf,1.62,125.0,-0.001,0.5,0.04,-6,5.0,1.25,lvt_balanced_4b,0.0,0.0,,0.25,1.25,0.625,684232654186768941101ba2,91c6efc8fba808b5a07843c7,unresolved,unresolved,0.10400901234651266,,True
sf,1.62,125.0,-0.001,0.5,0.04,-6,5.0,1.25,lvt_balanced_4b,0.0,0.0,,0.35,1.25,0.625,684232654186768941101ba2,91c6efc8fba808b5a07843c7,unresolved,unresolved,0.10400901234651266,,True
sf,1.62,125.0,-0.001,0.5,0.04,-6,5.0,1.25,lvt_balanced_4b,0.0,0.0,,0.5,1.25,0.625,684232654186768941101ba2,91c6efc8fba808b5a07843c7,unresolved,unresolved,0.10400901234651266,,True
sf,1.62,125.0,-0.001,0.5,0.04,-6,5.0,1.25,lvt_balanced_4b,0.0,0.0,,0.75,1.25,0.625,684232654186768941101ba2,91c6efc8fba808b5a07843c7,wrong,wrong,0.10400901234651266,0.00411707335252931,True
sf,1.62,125.0,-0.001,0.5,0.04,-6,5.0,1.25,lvt_balanced_4b,0.0,0.0,,1.0,1.25,0.625,684232654186768941101ba2,91c6efc8fba808b5a07843c7,wrong,wrong,0.10400901234651266,0.00411707335252931,True
sf,1.62,125.0,-0.001,0.5,0.04,-6,5.0,1.25,lvt_balanced_4b,0.0,0.0,,2.0,1.25,0.625,684232654186768941101ba2,91c6efc8fba808b5a07843c7,wrong,wrong,0.10400901234651266,0.00411707335252931,True
sf,1.62,125.0,0.0005,0.5,0.04,-6,5.0,1.25,lvt_balanced_4b,0.0,0.0,,0.25,1.25,0.625,61678b1589586e6c9ade1807,5d1b9ad3de901c63174f5e5a,unresolved,unresolved,0.002742647774637221,,True
sf,1.62,125.0,0.0005,0.5,0.04,-6,5.0,1.25,lvt_balanced_4b,0.0,0.0,,0.35,1.25,0.625,61678b1589586e6c9ade1807,5d1b9ad3de901c63174f5e5a,correct,correct,0.002742647774637221,0.0008892782561982782,True
sf,1.62,125.0,0.0005,0.5,0.04,-6,5.0,1.25,lvt_balanced_4b,0.0,0.0,,0.5,1.25,0.625,61678b1589586e6c9ade1807,5d1b9ad3de901c63174f5e5a,correct,correct,0.002742647774637221,0.0008892782561982782,True
sf,1.62,125.0,0.0005,0.5,0.04,-6,5.0,1.25,lvt_balanced_4b,0.0,0.0,,0.75,1.25,0.625,61678b1589586e6c9ade1807,5d1b9ad3de901c63174f5e5a,correct,correct,0.002742647774637221,0.0008892782561982782,True
sf,1.62,125.0,0.0005,0.5,0.04,-6,5.0,1.25,lvt_balanced_4b,0.0,0.0,,1.0,1.25,0.625,61678b1589586e6c9ade1807,5d1b9ad3de901c63174f5e5a,correct,correct,0.002742647774637221,0.0008892782561982782,True
sf,1.62,125.0,0.0005,0.5,0.04,-6,5.0,1.25,lvt_balanced_4b,0.0,0.0,,2.0,1.25,0.625,61678b1589586e6c9ade1807,5d1b9ad3de901c63174f5e5a,correct,correct,0.002742647774637221,0.0008892782561982782,True
sf,1.62,125.0,0.001,0.5,0.04,-6,5.0,10.0,lvt_balanced_4b,0.0,0.0,,0.25,10.0,5.0,7854d14bb95432ca80b6f8a3,87ced12ff2f13be0f382237b,unresolved,unresolved,0.049202709956927625,,True
sf,1.62,125.0,0.001,0.5,0.04,-6,5.0,10.0,lvt_balanced_4b,0.0,0.0,,0.35,10.0,5.0,7854d14bb95432ca80b6f8a3,87ced12ff2f13be0f382237b,correct,correct,0.049202709956927625,0.003643946641857909,True
sf,1.62,125.0,0.001,0.5,0.04,-6,5.0,10.0,lvt_balanced_4b,0.0,0.0,,0.5,10.0,5.0,7854d14bb95432ca80b6f8a3,87ced12ff2f13be0f382237b,correct,correct,0.049202709956927625,0.003643946641857909,True
sf,1.62,125.0,0.001,0.5,0.04,-6,5.0,10.0,lvt_balanced_4b,0.0,0.0,,0.75,10.0,5.0,7854d14bb95432ca80b6f8a3,87ced12ff2f13be0f382237b,correct,correct,0.049202709956927625,0.003643946641857909,True
sf,1.62,125.0,0.001,0.5,0.04,-6,5.0,10.0,lvt_balanced_4b,0.0,0.0,,1.0,10.0,5.0,7854d14bb95432ca80b6f8a3,87ced12ff2f13be0f382237b,correct,correct,0.049202709956927625,0.003643946641857909,True
sf,1.62,125.0,0.001,0.5,0.04,-6,5.0,10.0,lvt_balanced_4b,0.0,0.0,,2.0,10.0,5.0,7854d14bb95432ca80b6f8a3,87ced12ff2f13be0f382237b,correct,correct,0.049202709956927625,0.003643946641857909,True
sf,1.62,125.0,-0.00025,0.5,0.04,0,5.0,10.0,lvt_balanced_4b,0.0,0.0,,0.25,10.0,5.0,bba5bd1c80a58528a78703d1,7609f2f75ed985c7da5d7d18,unresolved,unresolved,0.008349575535357485,,True
sf,1.62,125.0,-0.00025,0.5,0.04,0,5.0,10.0,lvt_balanced_4b,0.0,0.0,,0.35,10.0,5.0,bba5bd1c80a58528a78703d1,7609f2f75ed985c7da5d7d18,wrong,wrong,0.008349575535357485,0.004559615166900122,True
sf,1.62,125.0,-0.00025,0.5,0.04,0,5.0,10.0,lvt_balanced_4b,0.0,0.0,,0.5,10.0,5.0,bba5bd1c80a58528a78703d1,7609f2f75ed985c7da5d7d18,wrong,wrong,0.008349575535357485,0.004559615166900122,True
sf,1.62,125.0,-0.00025,0.5,0.04,0,5.0,10.0,lvt_balanced_4b,0.0,0.0,,0.75,10.0,5.0,bba5bd1c80a58528a78703d1,7609f2f75ed985c7da5d7d18,wrong,wrong,0.008349575535357485,0.004559615166900122,True
sf,1.62,125.0,-0.00025,0.5,0.04,0,5.0,10.0,lvt_balanced_4b,0.0,0.0,,1.0,10.0,5.0,bba5bd1c80a58528a78703d1,7609f2f75ed985c7da5d7d18,wrong,wrong,0.008349575535357485,0.004559615166900122,True
sf,1.62,125.0,-0.00025,0.5,0.04,0,5.0,10.0,lvt_balanced_4b,0.0,0.0,,2.0,10.0,5.0,bba5bd1c80a58528a78703d1,7609f2f75ed985c7da5d7d18,wrong,wrong,0.008349575535357485,0.004559615166900122,True
sf,1.8,-40.0,-0.001,0.5,0.04,-4,5.0,10.0,lvt_balanced_4b,0.0,0.0,,0.25,10.0,5.0,2955a6bc9ec5b3a24ba1bd05,2c4a8b143b76a834e7d0ce79,unresolved,unresolved,0.01817693059465069,,True
sf,1.8,-40.0,-0.001,0.5,0.04,-4,5.0,10.0,lvt_balanced_4b,0.0,0.0,,0.35,10.0,5.0,2955a6bc9ec5b3a24ba1bd05,2c4a8b143b76a834e7d0ce79,unresolved,unresolved,0.01817693059465069,,True
sf,1.8,-40.0,-0.001,0.5,0.04,-4,5.0,10.0,lvt_balanced_4b,0.0,0.0,,0.5,10.0,5.0,2955a6bc9ec5b3a24ba1bd05,2c4a8b143b76a834e7d0ce79,wrong,wrong,0.01817693059465069,0.005636161495520098,True
sf,1.8,-40.0,-0.001,0.5,0.04,-4,5.0,10.0,lvt_balanced_4b,0.0,0.0,,0.75,10.0,5.0,2955a6bc9ec5b3a24ba1bd05,2c4a8b143b76a834e7d0ce79,wrong,wrong,0.01817693059465069,0.005636161495520098,True
sf,1.8,-40.0,-0.001,0.5,0.04,-4,5.0,10.0,lvt_balanced_4b,0.0,0.0,,1.0,10.0,5.0,2955a6bc9ec5b3a24ba1bd05,2c4a8b143b76a834e7d0ce79,wrong,wrong,0.01817693059465069,0.005636161495520098,True
sf,1.8,-40.0,-0.001,0.5,0.04,-4,5.0,10.0,lvt_balanced_4b,0.0,0.0,,2.0,10.0,5.0,2955a6bc9ec5b3a24ba1bd05,2c4a8b143b76a834e7d0ce79,wrong,wrong,0.01817693059465069,0.005636161495520098,True
sf,1.8,-40.0,0.001,0.5,0.04,-4,5.0,10.0,lvt_balanced_4b,0.0,0.0,,0.25,10.0,5.0,3d27bc8c5ea90e89420c266d,3bfffa9f07ffa97840becbf9,unresolved,unresolved,0.012368840446470021,,True
sf,1.8,-40.0,0.001,0.5,0.04,-4,5.0,10.0,lvt_balanced_4b,0.0,0.0,,0.35,10.0,5.0,3d27bc8c5ea90e89420c266d,3bfffa9f07ffa97840becbf9,correct,correct,0.012368840446470021,0.0006559632937120918,True
sf,1.8,-40.0,0.001,0.5,0.04,-4,5.0,10.0,lvt_balanced_4b,0.0,0.0,,0.5,10.0,5.0,3d27bc8c5ea90e89420c266d,3bfffa9f07ffa97840becbf9,correct,correct,0.012368840446470021,0.0006559632937120918,True
sf,1.8,-40.0,0.001,0.5,0.04,-4,5.0,10.0,lvt_balanced_4b,0.0,0.0,,0.75,10.0,5.0,3d27bc8c5ea90e89420c266d,3bfffa9f07ffa97840becbf9,correct,correct,0.012368840446470021,0.0006559632937120918,True
sf,1.8,-40.0,0.001,0.5,0.04,-4,5.0,10.0,lvt_balanced_4b,0.0,0.0,,1.0,10.0,5.0,3d27bc8c5ea90e89420c266d,3bfffa9f07ffa97840becbf9,correct,correct,0.012368840446470021,0.0006559632937120918,True
sf,1.8,-40.0,0.001,0.5,0.04,-4,5.0,10.0,lvt_balanced_4b,0.0,0.0,,2.0,10.0,5.0,3d27bc8c5ea90e89420c266d,3bfffa9f07ffa97840becbf9,correct,correct,0.012368840446470021,0.0006559632937120918,True
sf,1.8,27.0,-0.001,0.5,0.04,-7,5.0,10.0,lvt_balanced_4b,0.0,0.0,,0.25,10.0,5.0,1841d185ce49dd6d1c86a4fd,d9ed7e734160a6c3c98f1f3f,unresolved,unresolved,0.012829355571772436,,True
sf,1.8,27.0,-0.001,0.5,0.04,-7,5.0,10.0,lvt_balanced_4b,0.0,0.0,,0.35,10.0,5.0,1841d185ce49dd6d1c86a4fd,d9ed7e734160a6c3c98f1f3f,correct,correct,0.012829355571772436,0.005685552066282296,True
sf,1.8,27.0,-0.001,0.5,0.04,-7,5.0,10.0,lvt_balanced_4b,0.0,0.0,,0.5,10.0,5.0,1841d185ce49dd6d1c86a4fd,d9ed7e734160a6c3c98f1f3f,correct,correct,0.012829355571772436,0.005685552066282296,True
sf,1.8,27.0,-0.001,0.5,0.04,-7,5.0,10.0,lvt_balanced_4b,0.0,0.0,,0.75,10.0,5.0,1841d185ce49dd6d1c86a4fd,d9ed7e734160a6c3c98f1f3f,correct,correct,0.012829355571772436,0.005685552066282296,True
sf,1.8,27.0,-0.001,0.5,0.04,-7,5.0,10.0,lvt_balanced_4b,0.0,0.0,,1.0,10.0,5.0,1841d185ce49dd6d1c86a4fd,d9ed7e734160a6c3c98f1f3f,correct,correct,0.012829355571772436,0.005685552066282296,True
sf,1.8,27.0,-0.001,0.5,0.04,-7,5.0,10.0,lvt_balanced_4b,0.0,0.0,,2.0,10.0,5.0,1841d185ce49dd6d1c86a4fd,d9ed7e734160a6c3c98f1f3f,correct,correct,0.012829355571772436,0.005685552066282296,True
sf,1.8,27.0,0.001,0.5,0.04,-7,5.0,10.0,lvt_balanced_4b,0.0,0.0,,0.25,10.0,5.0,41838fcce83af0f875589b77,79525f6fc6a26b0ed993284f,unresolved,unresolved,0.15931219523436954,,True
sf,1.8,27.0,0.001,0.5,0.04,-7,5.0,10.0,lvt_balanced_4b,0.0,0.0,,0.35,10.0,5.0,41838fcce83af0f875589b77,79525f6fc6a26b0ed993284f,unresolved,unresolved,0.15931219523436954,,True
sf,1.8,27.0,0.001,0.5,0.04,-7,5.0,10.0,lvt_balanced_4b,0.0,0.0,,0.5,10.0,5.0,41838fcce83af0f875589b77,79525f6fc6a26b0ed993284f,wrong,wrong,0.15931219523436954,0.00670512118674077,True
sf,1.8,27.0,0.001,0.5,0.04,-7,5.0,10.0,lvt_balanced_4b,0.0,0.0,,0.75,10.0,5.0,41838fcce83af0f875589b77,79525f6fc6a26b0ed993284f,wrong,wrong,0.15931219523436954,0.00670512118674077,True
sf,1.8,27.0,0.001,0.5,0.04,-7,5.0,10.0,lvt_balanced_4b,0.0,0.0,,1.0,10.0,5.0,41838fcce83af0f875589b77,79525f6fc6a26b0ed993284f,wrong,wrong,0.15931219523436954,0.00670512118674077,True
sf,1.8,27.0,0.001,0.5,0.04,-7,5.0,10.0,lvt_balanced_4b,0.0,0.0,,2.0,10.0,5.0,41838fcce83af0f875589b77,79525f6fc6a26b0ed993284f,wrong,wrong,0.15931219523436954,0.00670512118674077,True
sf,1.8,125.0,-0.001,0.5,0.04,-10,5.0,10.0,lvt_balanced_4b,0.0,0.0,,0.25,10.0,5.0,ff8852f7a417be3b99feb4ca,9efdbcb10a10d9aa84749ddf,unresolved,unresolved,0.0891750269993006,,True
sf,1.8,125.0,-0.001,0.5,0.04,-10,5.0,10.0,lvt_balanced_4b,0.0,0.0,,0.35,10.0,5.0,ff8852f7a417be3b99feb4ca,9efdbcb10a10d9aa84749ddf,correct,correct,0.0891750269993006,0.0010127933262888411,True
sf,1.8,125.0,-0.001,0.5,0.04,-10,5.0,10.0,lvt_balanced_4b,0.0,0.0,,0.5,10.0,5.0,ff8852f7a417be3b99feb4ca,9efdbcb10a10d9aa84749ddf,correct,correct,0.0891750269993006,0.0010127933262888411,True
sf,1.8,125.0,-0.001,0.5,0.04,-10,5.0,10.0,lvt_balanced_4b,0.0,0.0,,0.75,10.0,5.0,ff8852f7a417be3b99feb4ca,9efdbcb10a10d9aa84749ddf,correct,correct,0.0891750269993006,0.0010127933262888411,True
sf,1.8,125.0,-0.001,0.5,0.04,-10,5.0,10.0,lvt_balanced_4b,0.0,0.0,,1.0,10.0,5.0,ff8852f7a417be3b99feb4ca,9efdbcb10a10d9aa84749ddf,correct,correct,0.0891750269993006,0.0010127933262888411,True
sf,1.8,125.0,-0.001,0.5,0.04,-10,5.0,10.0,lvt_balanced_4b,0.0,0.0,,2.0,10.0,5.0,ff8852f7a417be3b99feb4ca,9efdbcb10a10d9aa84749ddf,correct,correct,0.0891750269993006,0.0010127933262888411,True
sf,1.8,125.0,0.001,0.5,0.04,-10,5.0,10.0,lvt_balanced_4b,0.0,0.0,,0.25,10.0,5.0,589d59f5b6a5f4885a9d6bdb,661dc51cc7a410e420bfd621,unresolved,unresolved,0.007065397462251561,,True
sf,1.8,125.0,0.001,0.5,0.04,-10,5.0,10.0,lvt_balanced_4b,0.0,0.0,,0.35,10.0,5.0,589d59f5b6a5f4885a9d6bdb,661dc51cc7a410e420bfd621,correct,correct,0.007065397462251561,0.0020136081142910767,True
sf,1.8,125.0,0.001,0.5,0.04,-10,5.0,10.0,lvt_balanced_4b,0.0,0.0,,0.5,10.0,5.0,589d59f5b6a5f4885a9d6bdb,661dc51cc7a410e420bfd621,correct,correct,0.007065397462251561,0.0020136081142910767,True
sf,1.8,125.0,0.001,0.5,0.04,-10,5.0,10.0,lvt_balanced_4b,0.0,0.0,,0.75,10.0,5.0,589d59f5b6a5f4885a9d6bdb,661dc51cc7a410e420bfd621,correct,correct,0.007065397462251561,0.0020136081142910767,True
sf,1.8,125.0,0.001,0.5,0.04,-10,5.0,10.0,lvt_balanced_4b,0.0,0.0,,1.0,10.0,5.0,589d59f5b6a5f4885a9d6bdb,661dc51cc7a410e420bfd621,correct,correct,0.007065397462251561,0.0020136081142910767,True
sf,1.8,125.0,0.001,0.5,0.04,-10,5.0,10.0,lvt_balanced_4b,0.0,0.0,,2.0,10.0,5.0,589d59f5b6a5f4885a9d6bdb,661dc51cc7a410e420bfd621,correct,correct,0.007065397462251561,0.0020136081142910767,True
sf,1.95,-40.0,-0.001,0.5,0.04,-6,5.0,10.0,lvt_balanced_4b,0.0,0.0,,0.25,10.0,5.0,47ee7c9144346f0d15bd6b49,3cb7735cc0a23a97c17d6c07,unresolved,unresolved,0.025141289824957707,,True
sf,1.95,-40.0,-0.001,0.5,0.04,-6,5.0,10.0,lvt_balanced_4b,0.0,0.0,,0.35,10.0,5.0,47ee7c9144346f0d15bd6b49,3cb7735cc0a23a97c17d6c07,correct,correct,0.025141289824957707,0.002132780747071683,True
sf,1.95,-40.0,-0.001,0.5,0.04,-6,5.0,10.0,lvt_balanced_4b,0.0,0.0,,0.5,10.0,5.0,47ee7c9144346f0d15bd6b49,3cb7735cc0a23a97c17d6c07,correct,correct,0.025141289824957707,0.002132780747071683,True
sf,1.95,-40.0,-0.001,0.5,0.04,-6,5.0,10.0,lvt_balanced_4b,0.0,0.0,,0.75,10.0,5.0,47ee7c9144346f0d15bd6b49,3cb7735cc0a23a97c17d6c07,correct,correct,0.025141289824957707,0.002132780747071683,True
sf,1.95,-40.0,-0.001,0.5,0.04,-6,5.0,10.0,lvt_balanced_4b,0.0,0.0,,1.0,10.0,5.0,47ee7c9144346f0d15bd6b49,3cb7735cc0a23a97c17d6c07,correct,correct,0.025141289824957707,0.002132780747071683,True
sf,1.95,-40.0,-0.001,0.5,0.04,-6,5.0,10.0,lvt_balanced_4b,0.0,0.0,,2.0,10.0,5.0,47ee7c9144346f0d15bd6b49,3cb7735cc0a23a97c17d6c07,correct,correct,0.025141289824957707,0.002132780747071683,True
sf,1.95,-40.0,0.001,0.5,0.04,-6,5.0,10.0,lvt_balanced_4b,0.0,0.0,,0.25,10.0,5.0,ae1882d39296c9422abbd60c,3a7e8a8fd5a602e2dbd38ae1,unresolved,unresolved,0.02580082864913846,,True
sf,1.95,-40.0,0.001,0.5,0.04,-6,5.0,10.0,lvt_balanced_4b,0.0,0.0,,0.35,10.0,5.0,ae1882d39296c9422abbd60c,3a7e8a8fd5a602e2dbd38ae1,correct,correct,0.02580082864913846,0.0016831268679501354,True
sf,1.95,-40.0,0.001,0.5,0.04,-6,5.0,10.0,lvt_balanced_4b,0.0,0.0,,0.5,10.0,5.0,ae1882d39296c9422abbd60c,3a7e8a8fd5a602e2dbd38ae1,correct,correct,0.02580082864913846,0.0016831268679501354,True
sf,1.95,-40.0,0.001,0.5,0.04,-6,5.0,10.0,lvt_balanced_4b,0.0,0.0,,0.75,10.0,5.0,ae1882d39296c9422abbd60c,3a7e8a8fd5a602e2dbd38ae1,correct,correct,0.02580082864913846,0.0016831268679501354,True
sf,1.95,-40.0,0.001,0.5,0.04,-6,5.0,10.0,lvt_balanced_4b,0.0,0.0,,1.0,10.0,5.0,ae1882d39296c9422abbd60c,3a7e8a8fd5a602e2dbd38ae1,correct,correct,0.02580082864913846,0.0016831268679501354,True
sf,1.95,-40.0,0.001,0.5,0.04,-6,5.0,10.0,lvt_balanced_4b,0.0,0.0,,2.0,10.0,5.0,ae1882d39296c9422abbd60c,3a7e8a8fd5a602e2dbd38ae1,correct,correct,0.02580082864913846,0.0016831268679501354,True
sf,1.95,27.0,-0.001,0.5,0.04,-8,5.0,10.0,lvt_balanced_4b,0.0,0.0,,0.25,10.0,5.0,d3f055ffd13952bc931f74c8,9139fa754a051775fbe79f47,unresolved,unresolved,0.7190888606264685,,True
sf,1.95,27.0,-0.001,0.5,0.04,-8,5.0,10.0,lvt_balanced_4b,0.0,0.0,,0.35,10.0,5.0,d3f055ffd13952bc931f74c8,9139fa754a051775fbe79f47,wrong,wrong,0.7190888606264685,0.014448622180960657,True
sf,1.95,27.0,-0.001,0.5,0.04,-8,5.0,10.0,lvt_balanced_4b,0.0,0.0,,0.5,10.0,5.0,d3f055ffd13952bc931f74c8,9139fa754a051775fbe79f47,wrong,wrong,0.7190888606264685,0.014448622180960657,True
sf,1.95,27.0,-0.001,0.5,0.04,-8,5.0,10.0,lvt_balanced_4b,0.0,0.0,,0.75,10.0,5.0,d3f055ffd13952bc931f74c8,9139fa754a051775fbe79f47,wrong,wrong,0.7190888606264685,0.014448622180960657,True
sf,1.95,27.0,-0.001,0.5,0.04,-8,5.0,10.0,lvt_balanced_4b,0.0,0.0,,1.0,10.0,5.0,d3f055ffd13952bc931f74c8,9139fa754a051775fbe79f47,wrong,wrong,0.7190888606264685,0.014448622180960657,True
sf,1.95,27.0,-0.001,0.5,0.04,-8,5.0,10.0,lvt_balanced_4b,0.0,0.0,,2.0,10.0,5.0,d3f055ffd13952bc931f74c8,9139fa754a051775fbe79f47,wrong,wrong,0.7190888606264685,0.014448622180960657,True
sf,1.95,27.0,0.001,0.5,0.04,-8,5.0,10.0,lvt_balanced_4b,0.0,0.0,,0.25,10.0,5.0,fcbabba2079b9a5355a5dfdb,b6c9e482df8c60f129480731,correct,correct,0.056859748469030906,0.0021115252095994796,True
sf,1.95,27.0,0.001,0.5,0.04,-8,5.0,10.0,lvt_balanced_4b,0.0,0.0,,0.35,10.0,5.0,fcbabba2079b9a5355a5dfdb,b6c9e482df8c60f129480731,correct,correct,0.056859748469030906,0.0021115252095994796,True
sf,1.95,27.0,0.001,0.5,0.04,-8,5.0,10.0,lvt_balanced_4b,0.0,0.0,,0.5,10.0,5.0,fcbabba2079b9a5355a5dfdb,b6c9e482df8c60f129480731,correct,correct,0.056859748469030906,0.0021115252095994796,True
sf,1.95,27.0,0.001,0.5,0.04,-8,5.0,10.0,lvt_balanced_4b,0.0,0.0,,0.75,10.0,5.0,fcbabba2079b9a5355a5dfdb,b6c9e482df8c60f129480731,correct,correct,0.056859748469030906,0.0021115252095994796,True
sf,1.95,27.0,0.001,0.5,0.04,-8,5.0,10.0,lvt_balanced_4b,0.0,0.0,,1.0,10.0,5.0,fcbabba2079b9a5355a5dfdb,b6c9e482df8c60f129480731,correct,correct,0.056859748469030906,0.0021115252095994796,True
sf,1.95,27.0,0.001,0.5,0.04,-8,5.0,10.0,lvt_balanced_4b,0.0,0.0,,2.0,10.0,5.0,fcbabba2079b9a5355a5dfdb,b6c9e482df8c60f129480731,correct,correct,0.056859748469030906,0.0021115252095994796,True
sf,1.95,125.0,-0.001,0.5,0.04,-13,5.0,10.0,lvt_balanced_4b,0.0,0.0,,0.25,10.0,5.0,0de200da7fbeabf792055d1d,d8fd491536d34f4254b5a553,correct,correct,0.03613553161584512,8.01059252807379e-05,True
sf,1.95,125.0,-0.001,0.5,0.04,-13,5.0,10.0,lvt_balanced_4b,0.0,0.0,,0.35,10.0,5.0,0de200da7fbeabf792055d1d,d8fd491536d34f4254b5a553,correct,correct,0.03613553161584512,8.01059252807379e-05,True
sf,1.95,125.0,-0.001,0.5,0.04,-13,5.0,10.0,lvt_balanced_4b,0.0,0.0,,0.5,10.0,5.0,0de200da7fbeabf792055d1d,d8fd491536d34f4254b5a553,correct,correct,0.03613553161584512,8.01059252807379e-05,True
sf,1.95,125.0,-0.001,0.5,0.04,-13,5.0,10.0,lvt_balanced_4b,0.0,0.0,,0.75,10.0,5.0,0de200da7fbeabf792055d1d,d8fd491536d34f4254b5a553,correct,correct,0.03613553161584512,8.01059252807379e-05,True
sf,1.95,125.0,-0.001,0.5,0.04,-13,5.0,10.0,lvt_balanced_4b,0.0,0.0,,1.0,10.0,5.0,0de200da7fbeabf792055d1d,d8fd491536d34f4254b5a553,correct,correct,0.03613553161584512,8.01059252807379e-05,True
sf,1.95,125.0,-0.001,0.5,0.04,-13,5.0,10.0,lvt_balanced_4b,0.0,0.0,,2.0,10.0,5.0,0de200da7fbeabf792055d1d,d8fd491536d34f4254b5a553,correct,correct,0.03613553161584512,8.01059252807379e-05,True
sf,1.95,125.0,0.001,0.5,0.04,-13,5.0,10.0,lvt_balanced_4b,0.0,0.0,,0.25,10.0,5.0,59349bcd754f49ca8be2973c,69493583229af9d022fcf894,unresolved,unresolved,0.016718520625816812,,True
sf,1.95,125.0,0.001,0.5,0.04,-13,5.0,10.0,lvt_balanced_4b,0.0,0.0,,0.35,10.0,5.0,59349bcd754f49ca8be2973c,69493583229af9d022fcf894,correct,correct,0.016718520625816812,0.001562020800801478,True
sf,1.95,125.0,0.001,0.5,0.04,-13,5.0,10.0,lvt_balanced_4b,0.0,0.0,,0.5,10.0,5.0,59349bcd754f49ca8be2973c,69493583229af9d022fcf894,correct,correct,0.016718520625816812,0.001562020800801478,True
sf,1.95,125.0,0.001,0.5,0.04,-13,5.0,10.0,lvt_balanced_4b,0.0,0.0,,0.75,10.0,5.0,59349bcd754f49ca8be2973c,69493583229af9d022fcf894,correct,correct,0.016718520625816812,0.001562020800801478,True
sf,1.95,125.0,0.001,0.5,0.04,-13,5.0,10.0,lvt_balanced_4b,0.0,0.0,,1.0,10.0,5.0,59349bcd754f49ca8be2973c,69493583229af9d022fcf894,correct,correct,0.016718520625816812,0.001562020800801478,True
sf,1.95,125.0,0.001,0.5,0.04,-13,5.0,10.0,lvt_balanced_4b,0.0,0.0,,2.0,10.0,5.0,59349bcd754f49ca8be2973c,69493583229af9d022fcf894,correct,correct,0.016718520625816812,0.001562020800801478,True
ss,1.62,-40.0,0.001,0.5,0.04,-4,5.0,10.0,lvt_balanced_4b,0.0,0.0,,0.25,10.0,5.0,1d72014ae91994302a2ca5b2,8969d5972b64fd5f0661b6bf,unresolved,unresolved,0.011941158499109504,,True
ss,1.62,-40.0,0.001,0.5,0.04,-4,5.0,10.0,lvt_balanced_4b,0.0,0.0,,0.35,10.0,5.0,1d72014ae91994302a2ca5b2,8969d5972b64fd5f0661b6bf,unresolved,unresolved,0.011941158499109504,,True
ss,1.62,-40.0,0.001,0.5,0.04,-4,5.0,10.0,lvt_balanced_4b,0.0,0.0,,0.5,10.0,5.0,1d72014ae91994302a2ca5b2,8969d5972b64fd5f0661b6bf,wrong,wrong,0.011941158499109504,0.0,True
ss,1.62,-40.0,0.001,0.5,0.04,-4,5.0,10.0,lvt_balanced_4b,0.0,0.0,,0.75,10.0,5.0,1d72014ae91994302a2ca5b2,8969d5972b64fd5f0661b6bf,wrong,wrong,0.011941158499109504,0.002709155559069809,True
ss,1.62,-40.0,0.001,0.5,0.04,-4,5.0,10.0,lvt_balanced_4b,0.0,0.0,,1.0,10.0,5.0,1d72014ae91994302a2ca5b2,8969d5972b64fd5f0661b6bf,wrong,wrong,0.011941158499109504,0.002709155559069809,True
ss,1.62,-40.0,0.001,0.5,0.04,-4,5.0,10.0,lvt_balanced_4b,0.0,0.0,,2.0,10.0,5.0,1d72014ae91994302a2ca5b2,8969d5972b64fd5f0661b6bf,wrong,wrong,0.011941158499109504,0.002709155559069809,True
ss,1.62,-40.0,-0.01,0.5,0.04,-2,5.0,10.0,lvt_balanced_4b,0.0,0.0,,0.25,10.0,5.0,d3bcb2365760fd0cc12283ec,95fc3e13d075b8f726fc773a,unresolved,unresolved,0.005964739918289218,,True
ss,1.62,-40.0,-0.01,0.5,0.04,-2,5.0,10.0,lvt_balanced_4b,0.0,0.0,,0.35,10.0,5.0,d3bcb2365760fd0cc12283ec,95fc3e13d075b8f726fc773a,unresolved,unresolved,0.005964739918289218,,True
ss,1.62,-40.0,-0.01,0.5,0.04,-2,5.0,10.0,lvt_balanced_4b,0.0,0.0,,0.5,10.0,5.0,d3bcb2365760fd0cc12283ec,95fc3e13d075b8f726fc773a,unresolved,unresolved,0.005964739918289218,,True
ss,1.62,-40.0,-0.01,0.5,0.04,-2,5.0,10.0,lvt_balanced_4b,0.0,0.0,,0.75,10.0,5.0,d3bcb2365760fd0cc12283ec,95fc3e13d075b8f726fc773a,correct,correct,0.005964739918289218,0.00261383584792263,True
ss,1.62,-40.0,-0.01,0.5,0.04,-2,5.0,10.0,lvt_balanced_4b,0.0,0.0,,1.0,10.0,5.0,d3bcb2365760fd0cc12283ec,95fc3e13d075b8f726fc773a,correct,correct,0.005964739918289218,0.00261383584792263,True
ss,1.62,-40.0,-0.01,0.5,0.04,-2,5.0,10.0,lvt_balanced_4b,0.0,0.0,,2.0,10.0,5.0,d3bcb2365760fd0cc12283ec,95fc3e13d075b8f726fc773a,correct,correct,0.005964739918289218,0.00261383584792263,True
ss,1.62,-40.0,-0.001,0.5,0.04,-2,5.0,10.0,lvt_balanced_4b,0.0,0.0,,0.25,10.0,5.0,f86c40205e9bc75fca547ca8,974c31c94b84cee08b235ecb,unresolved,unresolved,0.0060622498337073,,True
ss,1.62,-40.0,-0.001,0.5,0.04,-2,5.0,10.0,lvt_balanced_4b,0.0,0.0,,0.35,10.0,5.0,f86c40205e9bc75fca547ca8,974c31c94b84cee08b235ecb,unresolved,unresolved,0.0060622498337073,,True
ss,1.62,-40.0,-0.001,0.5,0.04,-2,5.0,10.0,lvt_balanced_4b,0.0,0.0,,0.5,10.0,5.0,f86c40205e9bc75fca547ca8,974c31c94b84cee08b235ecb,unresolved,unresolved,0.0060622498337073,,True
ss,1.62,-40.0,-0.001,0.5,0.04,-2,5.0,10.0,lvt_balanced_4b,0.0,0.0,,0.75,10.0,5.0,f86c40205e9bc75fca547ca8,974c31c94b84cee08b235ecb,correct,correct,0.0060622498337073,0.006694137567907821,True
ss,1.62,-40.0,-0.001,0.5,0.04,-2,5.0,10.0,lvt_balanced_4b,0.0,0.0,,1.0,10.0,5.0,f86c40205e9bc75fca547ca8,974c31c94b84cee08b235ecb,correct,correct,0.0060622498337073,0.006694137567907821,True
ss,1.62,-40.0,-0.001,0.5,0.04,-2,5.0,10.0,lvt_balanced_4b,0.0,0.0,,2.0,10.0,5.0,f86c40205e9bc75fca547ca8,974c31c94b84cee08b235ecb,correct,correct,0.0060622498337073,0.006694137567907821,True
ss,1.62,-40.0,0.001,0.5,0.04,-2,5.0,10.0,lvt_balanced_4b,0.0,0.0,,0.25,10.0,5.0,12a905bc82f78ada4527ce31,c862e8acc9e0e223b446705e,unresolved,unresolved,0.005546421236493079,,True
ss,1.62,-40.0,0.001,0.5,0.04,-2,5.0,10.0,lvt_balanced_4b,0.0,0.0,,0.35,10.0,5.0,12a905bc82f78ada4527ce31,c862e8acc9e0e223b446705e,unresolved,unresolved,0.005546421236493079,,True
ss,1.62,-40.0,0.001,0.5,0.04,-2,5.0,10.0,lvt_balanced_4b,0.0,0.0,,0.5,10.0,5.0,12a905bc82f78ada4527ce31,c862e8acc9e0e223b446705e,unresolved,unresolved,0.005546421236493079,,True
ss,1.62,-40.0,0.001,0.5,0.04,-2,5.0,10.0,lvt_balanced_4b,0.0,0.0,,0.75,10.0,5.0,12a905bc82f78ada4527ce31,c862e8acc9e0e223b446705e,unresolved,unresolved,0.005546421236493079,,True
ss,1.62,-40.0,0.001,0.5,0.04,-2,5.0,10.0,lvt_balanced_4b,0.0,0.0,,1.0,10.0,5.0,12a905bc82f78ada4527ce31,c862e8acc9e0e223b446705e,wrong,wrong,0.005546421236493079,0.007641897421706956,True
ss,1.62,-40.0,0.001,0.5,0.04,-2,5.0,10.0,lvt_balanced_4b,0.0,0.0,,2.0,10.0,5.0,12a905bc82f78ada4527ce31,c862e8acc9e0e223b446705e,wrong,wrong,0.005546421236493079,0.007641897421706956,True
ss,1.62,-40.0,0.01,0.5,0.04,0,5.0,10.0,lvt_balanced_4b,0.0,0.0,,0.25,10.0,5.0,b9253156c5f9fc6901b12e66,291a1fa4a549ed061c6591f0,unresolved,unresolved,0.010309235456915797,,True
ss,1.62,-40.0,0.01,0.5,0.04,0,5.0,10.0,lvt_balanced_4b,0.0,0.0,,0.35,10.0,5.0,b9253156c5f9fc6901b12e66,291a1fa4a549ed061c6591f0,unresolved,unresolved,0.010309235456915797,,True
ss,1.62,-40.0,0.01,0.5,0.04,0,5.0,10.0,lvt_balanced_4b,0.0,0.0,,0.5,10.0,5.0,b9253156c5f9fc6901b12e66,291a1fa4a549ed061c6591f0,unresolved,unresolved,0.010309235456915797,,True
ss,1.62,-40.0,0.01,0.5,0.04,0,5.0,10.0,lvt_balanced_4b,0.0,0.0,,0.75,10.0,5.0,b9253156c5f9fc6901b12e66,291a1fa4a549ed061c6591f0,correct,correct,0.010309235456915797,0.005708420522751223,True
ss,1.62,-40.0,0.01,0.5,0.04,0,5.0,10.0,lvt_balanced_4b,0.0,0.0,,1.0,10.0,5.0,b9253156c5f9fc6901b12e66,291a1fa4a549ed061c6591f0,correct,correct,0.010309235456915797,0.005708420522751223,True
ss,1.62,-40.0,0.01,0.5,0.04,0,5.0,10.0,lvt_balanced_4b,0.0,0.0,,2.0,10.0,5.0,b9253156c5f9fc6901b12e66,291a1fa4a549ed061c6591f0,correct,correct,0.010309235456915797,0.005708420522751223,True
ss,1.62,27.0,-0.001,0.5,0.04,-2,5.0,10.0,lvt_balanced_4b,0.0,0.0,,0.25,10.0,5.0,02e52d8be7f3c3692abbe1a7,8b03daebd3611d7aa32d893a,unresolved,unresolved,0.006052662635453272,,True
ss,1.62,27.0,-0.001,0.5,0.04,-2,5.0,10.0,lvt_balanced_4b,0.0,0.0,,0.35,10.0,5.0,02e52d8be7f3c3692abbe1a7,8b03daebd3611d7aa32d893a,unresolved,unresolved,0.006052662635453272,,True
ss,1.62,27.0,-0.001,0.5,0.04,-2,5.0,10.0,lvt_balanced_4b,0.0,0.0,,0.5,10.0,5.0,02e52d8be7f3c3692abbe1a7,8b03daebd3611d7aa32d893a,unresolved,unresolved,0.006052662635453272,,True
ss,1.62,27.0,-0.001,0.5,0.04,-2,5.0,10.0,lvt_balanced_4b,0.0,0.0,,0.75,10.0,5.0,02e52d8be7f3c3692abbe1a7,8b03daebd3611d7aa32d893a,correct,correct,0.006052662635453272,0.0024446560688909935,True
ss,1.62,27.0,-0.001,0.5,0.04,-2,5.0,10.0,lvt_balanced_4b,0.0,0.0,,1.0,10.0,5.0,02e52d8be7f3c3692abbe1a7,8b03daebd3611d7aa32d893a,correct,correct,0.006052662635453272,0.0024446560688909935,True
ss,1.62,27.0,-0.001,0.5,0.04,-2,5.0,10.0,lvt_balanced_4b,0.0,0.0,,2.0,10.0,5.0,02e52d8be7f3c3692abbe1a7,8b03daebd3611d7aa32d893a,correct,correct,0.006052662635453272,0.0024446560688909935,True
ss,1.62,27.0,0.001,0.5,0.04,-2,5.0,10.0,lvt_balanced_4b,0.0,0.0,,0.25,10.0,5.0,7dbe5b038fb161c179af1f10,dac4dde06a926e143ed1c06f,unresolved,unresolved,0.006416043685823372,,True
ss,1.62,27.0,0.001,0.5,0.04,-2,5.0,10.0,lvt_balanced_4b,0.0,0.0,,0.35,10.0,5.0,7dbe5b038fb161c179af1f10,dac4dde06a926e143ed1c06f,unresolved,unresolved,0.006416043685823372,,True
ss,1.62,27.0,0.001,0.5,0.04,-2,5.0,10.0,lvt_balanced_4b,0.0,0.0,,0.5,10.0,5.0,7dbe5b038fb161c179af1f10,dac4dde06a926e143ed1c06f,unresolved,unresolved,0.006416043685823372,,True
ss,1.62,27.0,0.001,0.5,0.04,-2,5.0,10.0,lvt_balanced_4b,0.0,0.0,,0.75,10.0,5.0,7dbe5b038fb161c179af1f10,dac4dde06a926e143ed1c06f,unresolved,unresolved,0.006416043685823372,,True
ss,1.62,27.0,0.001,0.5,0.04,-2,5.0,10.0,lvt_balanced_4b,0.0,0.0,,1.0,10.0,5.0,7dbe5b038fb161c179af1f10,dac4dde06a926e143ed1c06f,correct,correct,0.006416043685823372,0.002160568996089962,True
ss,1.62,27.0,0.001,0.5,0.04,-2,5.0,10.0,lvt_balanced_4b,0.0,0.0,,2.0,10.0,5.0,7dbe5b038fb161c179af1f10,dac4dde06a926e143ed1c06f,correct,correct,0.006416043685823372,0.002160568996089962,True
ss,1.62,125.0,-0.001,0.5,0.04,-2,5.0,10.0,lvt_balanced_4b,0.0,0.0,,0.25,10.0,5.0,0bc1a29cfbcaa063d3ee69f5,4f6caa8f012983bb1377139c,unresolved,unresolved,0.012127882504543629,,True
ss,1.62,125.0,-0.001,0.5,0.04,-2,5.0,10.0,lvt_balanced_4b,0.0,0.0,,0.35,10.0,5.0,0bc1a29cfbcaa063d3ee69f5,4f6caa8f012983bb1377139c,unresolved,unresolved,0.012127882504543629,,True
ss,1.62,125.0,-0.001,0.5,0.04,-2,5.0,10.0,lvt_balanced_4b,0.0,0.0,,0.5,10.0,5.0,0bc1a29cfbcaa063d3ee69f5,4f6caa8f012983bb1377139c,unresolved,unresolved,0.012127882504543629,,True
ss,1.62,125.0,-0.001,0.5,0.04,-2,5.0,10.0,lvt_balanced_4b,0.0,0.0,,0.75,10.0,5.0,0bc1a29cfbcaa063d3ee69f5,4f6caa8f012983bb1377139c,correct,correct,0.012127882504543629,0.0034869743006397114,True
ss,1.62,125.0,-0.001,0.5,0.04,-2,5.0,10.0,lvt_balanced_4b,0.0,0.0,,1.0,10.0,5.0,0bc1a29cfbcaa063d3ee69f5,4f6caa8f012983bb1377139c,correct,correct,0.012127882504543629,0.0034869743006397114,True
ss,1.62,125.0,-0.001,0.5,0.04,-2,5.0,10.0,lvt_balanced_4b,0.0,0.0,,2.0,10.0,5.0,0bc1a29cfbcaa063d3ee69f5,4f6caa8f012983bb1377139c,correct,correct,0.012127882504543629,0.0034869743006397114,True
ss,1.62,125.0,0.001,0.5,0.04,-2,5.0,10.0,lvt_balanced_4b,0.0,0.0,,0.25,10.0,5.0,6149ebdb6bf828aa3e68870b,86a67847683dc4d3e50cc9de,unresolved,unresolved,0.004408986049328833,,True
ss,1.62,125.0,0.001,0.5,0.04,-2,5.0,10.0,lvt_balanced_4b,0.0,0.0,,0.35,10.0,5.0,6149ebdb6bf828aa3e68870b,86a67847683dc4d3e50cc9de,unresolved,unresolved,0.004408986049328833,,True
ss,1.62,125.0,0.001,0.5,0.04,-2,5.0,10.0,lvt_balanced_4b,0.0,0.0,,0.5,10.0,5.0,6149ebdb6bf828aa3e68870b,86a67847683dc4d3e50cc9de,unresolved,unresolved,0.004408986049328833,,True
ss,1.62,125.0,0.001,0.5,0.04,-2,5.0,10.0,lvt_balanced_4b,0.0,0.0,,0.75,10.0,5.0,6149ebdb6bf828aa3e68870b,86a67847683dc4d3e50cc9de,correct,correct,0.004408986049328833,0.003592513207538617,True
ss,1.62,125.0,0.001,0.5,0.04,-2,5.0,10.0,lvt_balanced_4b,0.0,0.0,,1.0,10.0,5.0,6149ebdb6bf828aa3e68870b,86a67847683dc4d3e50cc9de,correct,correct,0.004408986049328833,0.003592513207538617,True
ss,1.62,125.0,0.001,0.5,0.04,-2,5.0,10.0,lvt_balanced_4b,0.0,0.0,,2.0,10.0,5.0,6149ebdb6bf828aa3e68870b,86a67847683dc4d3e50cc9de,correct,correct,0.004408986049328833,0.003592513207538617,True
ss,1.8,-40.0,-0.01,0.5,0.04,-4,5.0,10.0,lvt_balanced_4b,0.0,0.0,,0.25,10.0,5.0,68eaca5bbc3ba641fd91642b,57abf39e1428567799e06296,correct,correct,0.005326160496447436,0.0,True
ss,1.8,-40.0,-0.01,0.5,0.04,-4,5.0,10.0,lvt_balanced_4b,0.0,0.0,,0.35,10.0,5.0,68eaca5bbc3ba641fd91642b,57abf39e1428567799e06296,correct,correct,0.005326160496447436,0.005505465066650339,True
ss,1.8,-40.0,-0.01,0.5,0.04,-4,5.0,10.0,lvt_balanced_4b,0.0,0.0,,0.5,10.0,5.0,68eaca5bbc3ba641fd91642b,57abf39e1428567799e06296,correct,correct,0.005326160496447436,0.005505465066650339,True
ss,1.8,-40.0,-0.01,0.5,0.04,-4,5.0,10.0,lvt_balanced_4b,0.0,0.0,,0.75,10.0,5.0,68eaca5bbc3ba641fd91642b,57abf39e1428567799e06296,correct,correct,0.005326160496447436,0.005505465066650339,True
ss,1.8,-40.0,-0.01,0.5,0.04,-4,5.0,10.0,lvt_balanced_4b,0.0,0.0,,1.0,10.0,5.0,68eaca5bbc3ba641fd91642b,57abf39e1428567799e06296,correct,correct,0.005326160496447436,0.005505465066650339,True
ss,1.8,-40.0,-0.01,0.5,0.04,-4,5.0,10.0,lvt_balanced_4b,0.0,0.0,,2.0,10.0,5.0,68eaca5bbc3ba641fd91642b,57abf39e1428567799e06296,correct,correct,0.005326160496447436,0.005505465066650339,True
ss,1.8,-40.0,-0.001,0.5,0.04,-2,5.0,10.0,lvt_balanced_4b,0.0,0.0,,0.25,10.0,5.0,b8668d3e6bd6f0958ee35345,7cfe628fa0dec50a7313b0fd,unresolved,unresolved,0.0015192337655644947,,True
ss,1.8,-40.0,-0.001,0.5,0.04,-2,5.0,10.0,lvt_balanced_4b,0.0,0.0,,0.35,10.0,5.0,b8668d3e6bd6f0958ee35345,7cfe628fa0dec50a7313b0fd,unresolved,unresolved,0.0015192337655644947,,True
ss,1.8,-40.0,-0.001,0.5,0.04,-2,5.0,10.0,lvt_balanced_4b,0.0,0.0,,0.5,10.0,5.0,b8668d3e6bd6f0958ee35345,7cfe628fa0dec50a7313b0fd,unresolved,unresolved,0.0015192337655644947,,True
ss,1.8,-40.0,-0.001,0.5,0.04,-2,5.0,10.0,lvt_balanced_4b,0.0,0.0,,0.75,10.0,5.0,b8668d3e6bd6f0958ee35345,7cfe628fa0dec50a7313b0fd,wrong,wrong,0.0015192337655644947,0.0021807300670312335,True
ss,1.8,-40.0,-0.001,0.5,0.04,-2,5.0,10.0,lvt_balanced_4b,0.0,0.0,,1.0,10.0,5.0,b8668d3e6bd6f0958ee35345,7cfe628fa0dec50a7313b0fd,wrong,wrong,0.0015192337655644947,0.0021807300670312335,True
ss,1.8,-40.0,-0.001,0.5,0.04,-2,5.0,10.0,lvt_balanced_4b,0.0,0.0,,2.0,10.0,5.0,b8668d3e6bd6f0958ee35345,7cfe628fa0dec50a7313b0fd,wrong,wrong,0.0015192337655644947,0.0021807300670312335,True
ss,1.8,-40.0,0.001,0.5,0.04,-2,5.0,10.0,lvt_balanced_4b,0.0,0.0,,0.25,10.0,5.0,2abc72207ac88e94b28b6ad8,2dfb0b05fe6a6e0e556b6b6e,unresolved,unresolved,0.005181035720996274,,True
ss,1.8,-40.0,0.001,0.5,0.04,-2,5.0,10.0,lvt_balanced_4b,0.0,0.0,,0.35,10.0,5.0,2abc72207ac88e94b28b6ad8,2dfb0b05fe6a6e0e556b6b6e,unresolved,unresolved,0.005181035720996274,,True
ss,1.8,-40.0,0.001,0.5,0.04,-2,5.0,10.0,lvt_balanced_4b,0.0,0.0,,0.5,10.0,5.0,2abc72207ac88e94b28b6ad8,2dfb0b05fe6a6e0e556b6b6e,correct,correct,0.005181035720996274,0.0059763086183593495,True
ss,1.8,-40.0,0.001,0.5,0.04,-2,5.0,10.0,lvt_balanced_4b,0.0,0.0,,0.75,10.0,5.0,2abc72207ac88e94b28b6ad8,2dfb0b05fe6a6e0e556b6b6e,correct,correct,0.005181035720996274,0.0059763086183593495,True
ss,1.8,-40.0,0.001,0.5,0.04,-2,5.0,10.0,lvt_balanced_4b,0.0,0.0,,1.0,10.0,5.0,2abc72207ac88e94b28b6ad8,2dfb0b05fe6a6e0e556b6b6e,correct,correct,0.005181035720996274,0.0059763086183593495,True
ss,1.8,-40.0,0.001,0.5,0.04,-2,5.0,10.0,lvt_balanced_4b,0.0,0.0,,2.0,10.0,5.0,2abc72207ac88e94b28b6ad8,2dfb0b05fe6a6e0e556b6b6e,correct,correct,0.005181035720996274,0.0059763086183593495,True
ss,1.8,27.0,-0.00025,0.5,0.04,-4,5.0,10.0,lvt_balanced_4b,0.0,0.0,,0.25,10.0,5.0,50b003e300a075ba37d64c77,4d769713f84a9a9cf0baaf16,unresolved,unresolved,0.0016015386874842598,,True
ss,1.8,27.0,-0.00025,0.5,0.04,-4,5.0,10.0,lvt_balanced_4b,0.0,0.0,,0.35,10.0,5.0,50b003e300a075ba37d64c77,4d769713f84a9a9cf0baaf16,correct,correct,0.0016015386874842598,0.0,True
ss,1.8,27.0,-0.00025,0.5,0.04,-4,5.0,10.0,lvt_balanced_4b,0.0,0.0,,0.5,10.0,5.0,50b003e300a075ba37d64c77,4d769713f84a9a9cf0baaf16,correct,correct,0.0016015386874842598,0.002589053851507428,True
ss,1.8,27.0,-0.00025,0.5,0.04,-4,5.0,10.0,lvt_balanced_4b,0.0,0.0,,0.75,10.0,5.0,50b003e300a075ba37d64c77,4d769713f84a9a9cf0baaf16,correct,correct,0.0016015386874842598,0.002589053851507428,True
ss,1.8,27.0,-0.00025,0.5,0.04,-4,5.0,10.0,lvt_balanced_4b,0.0,0.0,,1.0,10.0,5.0,50b003e300a075ba37d64c77,4d769713f84a9a9cf0baaf16,correct,correct,0.0016015386874842598,0.002589053851507428,True
ss,1.8,27.0,-0.00025,0.5,0.04,-4,5.0,10.0,lvt_balanced_4b,0.0,0.0,,2.0,10.0,5.0,50b003e300a075ba37d64c77,4d769713f84a9a9cf0baaf16,correct,correct,0.0016015386874842598,0.002589053851507428,True
ss,1.8,27.0,0.03,0.5,0.04,-4,5.0,10.0,lvt_balanced_4b,0.0,0.0,,0.25,10.0,5.0,ce3b2d4a19d2cd519dffe04a,b5e65b17eba237b2c41f1d24,correct,correct,0.010503812363329638,0.0,True
ss,1.8,27.0,0.03,0.5,0.04,-4,5.0,10.0,lvt_balanced_4b,0.0,0.0,,0.35,10.0,5.0,ce3b2d4a19d2cd519dffe04a,b5e65b17eba237b2c41f1d24,correct,correct,0.010503812363329638,0.004174167211950686,True
ss,1.8,27.0,0.03,0.5,0.04,-4,5.0,10.0,lvt_balanced_4b,0.0,0.0,,0.5,10.0,5.0,ce3b2d4a19d2cd519dffe04a,b5e65b17eba237b2c41f1d24,correct,correct,0.010503812363329638,0.004174167211950686,True
ss,1.8,27.0,0.03,0.5,0.04,-4,5.0,10.0,lvt_balanced_4b,0.0,0.0,,0.75,10.0,5.0,ce3b2d4a19d2cd519dffe04a,b5e65b17eba237b2c41f1d24,correct,correct,0.010503812363329638,0.004174167211950686,True
ss,1.8,27.0,0.03,0.5,0.04,-4,5.0,10.0,lvt_balanced_4b,0.0,0.0,,1.0,10.0,5.0,ce3b2d4a19d2cd519dffe04a,b5e65b17eba237b2c41f1d24,correct,correct,0.010503812363329638,0.004174167211950686,True
ss,1.8,27.0,0.03,0.5,0.04,-4,5.0,10.0,lvt_balanced_4b,0.0,0.0,,2.0,10.0,5.0,ce3b2d4a19d2cd519dffe04a,b5e65b17eba237b2c41f1d24,correct,correct,0.010503812363329638,0.004174167211950686,True
ss,1.8,27.0,-0.001,0.5,0.04,-3,5.0,10.0,lvt_balanced_4b,0.0,0.0,,0.25,10.0,5.0,74f8b64d30e8547d39bfe63f,0f19278807b2068b1c5520cf,unresolved,unresolved,0.012319313140392864,,True
ss,1.8,27.0,-0.001,0.5,0.04,-3,5.0,10.0,lvt_balanced_4b,0.0,0.0,,0.35,10.0,5.0,74f8b64d30e8547d39bfe63f,0f19278807b2068b1c5520cf,unresolved,unresolved,0.012319313140392864,,True
ss,1.8,27.0,-0.001,0.5,0.04,-3,5.0,10.0,lvt_balanced_4b,0.0,0.0,,0.5,10.0,5.0,74f8b64d30e8547d39bfe63f,0f19278807b2068b1c5520cf,unresolved,unresolved,0.012319313140392864,,True
ss,1.8,27.0,-0.001,0.5,0.04,-3,5.0,10.0,lvt_balanced_4b,0.0,0.0,,0.75,10.0,5.0,74f8b64d30e8547d39bfe63f,0f19278807b2068b1c5520cf,correct,correct,0.012319313140392864,0.005165621830311107,True
ss,1.8,27.0,-0.001,0.5,0.04,-3,5.0,10.0,lvt_balanced_4b,0.0,0.0,,1.0,10.0,5.0,74f8b64d30e8547d39bfe63f,0f19278807b2068b1c5520cf,correct,correct,0.012319313140392864,0.005165621830311107,True
ss,1.8,27.0,-0.001,0.5,0.04,-3,5.0,10.0,lvt_balanced_4b,0.0,0.0,,2.0,10.0,5.0,74f8b64d30e8547d39bfe63f,0f19278807b2068b1c5520cf,correct,correct,0.012319313140392864,0.005165621830311107,True
ss,1.8,27.0,0.001,0.5,0.04,-3,5.0,10.0,lvt_balanced_4b,0.0,0.0,,0.25,10.0,5.0,85369028ce2282dd54c2954c,7cd402f27e4d2a3db6666d0c,unresolved,unresolved,0.011371597540371809,,True
ss,1.8,27.0,0.001,0.5,0.04,-3,5.0,10.0,lvt_balanced_4b,0.0,0.0,,0.35,10.0,5.0,85369028ce2282dd54c2954c,7cd402f27e4d2a3db6666d0c,unresolved,unresolved,0.011371597540371809,,True
ss,1.8,27.0,0.001,0.5,0.04,-3,5.0,10.0,lvt_balanced_4b,0.0,0.0,,0.5,10.0,5.0,85369028ce2282dd54c2954c,7cd402f27e4d2a3db6666d0c,correct,correct,0.011371597540371809,0.0011907441750718117,True
ss,1.8,27.0,0.001,0.5,0.04,-3,5.0,10.0,lvt_balanced_4b,0.0,0.0,,0.75,10.0,5.0,85369028ce2282dd54c2954c,7cd402f27e4d2a3db6666d0c,correct,correct,0.011371597540371809,0.0011907441750718117,True
ss,1.8,27.0,0.001,0.5,0.04,-3,5.0,10.0,lvt_balanced_4b,0.0,0.0,,1.0,10.0,5.0,85369028ce2282dd54c2954c,7cd402f27e4d2a3db6666d0c,correct,correct,0.011371597540371809,0.0011907441750718117,True
ss,1.8,27.0,0.001,0.5,0.04,-3,5.0,10.0,lvt_balanced_4b,0.0,0.0,,2.0,10.0,5.0,85369028ce2282dd54c2954c,7cd402f27e4d2a3db6666d0c,correct,correct,0.011371597540371809,0.0011907441750718117,True
ss,1.8,125.0,-0.001,0.5,0.04,-3,5.0,10.0,lvt_balanced_4b,0.0,0.0,,0.25,10.0,5.0,297f2e607460b9eb10e34668,2e7346080ee891151a0e8dd8,unresolved,unresolved,0.02628254185863809,,True
ss,1.8,125.0,-0.001,0.5,0.04,-3,5.0,10.0,lvt_balanced_4b,0.0,0.0,,0.35,10.0,5.0,297f2e607460b9eb10e34668,2e7346080ee891151a0e8dd8,unresolved,unresolved,0.02628254185863809,,True
ss,1.8,125.0,-0.001,0.5,0.04,-3,5.0,10.0,lvt_balanced_4b,0.0,0.0,,0.5,10.0,5.0,297f2e607460b9eb10e34668,2e7346080ee891151a0e8dd8,wrong,wrong,0.02628254185863809,0.004724971816600698,True
ss,1.8,125.0,-0.001,0.5,0.04,-3,5.0,10.0,lvt_balanced_4b,0.0,0.0,,0.75,10.0,5.0,297f2e607460b9eb10e34668,2e7346080ee891151a0e8dd8,wrong,wrong,0.02628254185863809,0.004724971816600698,True
ss,1.8,125.0,-0.001,0.5,0.04,-3,5.0,10.0,lvt_balanced_4b,0.0,0.0,,1.0,10.0,5.0,297f2e607460b9eb10e34668,2e7346080ee891151a0e8dd8,wrong,wrong,0.02628254185863809,0.004724971816600698,True
ss,1.8,125.0,-0.001,0.5,0.04,-3,5.0,10.0,lvt_balanced_4b,0.0,0.0,,2.0,10.0,5.0,297f2e607460b9eb10e34668,2e7346080ee891151a0e8dd8,wrong,wrong,0.02628254185863809,0.004724971816600698,True
ss,1.8,125.0,0.001,0.5,0.04,-3,5.0,10.0,lvt_balanced_4b,0.0,0.0,,0.25,10.0,5.0,a52280851317bed138af7b94,d99b9a29a11a9ccef56488b7,unresolved,unresolved,0.0112583979710738,,True
ss,1.8,125.0,0.001,0.5,0.04,-3,5.0,10.0,lvt_balanced_4b,0.0,0.0,,0.35,10.0,5.0,a52280851317bed138af7b94,d99b9a29a11a9ccef56488b7,unresolved,unresolved,0.0112583979710738,,True
ss,1.8,125.0,0.001,0.5,0.04,-3,5.0,10.0,lvt_balanced_4b,0.0,0.0,,0.5,10.0,5.0,a52280851317bed138af7b94,d99b9a29a11a9ccef56488b7,correct,correct,0.0112583979710738,0.00422623499521968,True
ss,1.8,125.0,0.001,0.5,0.04,-3,5.0,10.0,lvt_balanced_4b,0.0,0.0,,0.75,10.0,5.0,a52280851317bed138af7b94,d99b9a29a11a9ccef56488b7,correct,correct,0.0112583979710738,0.00422623499521968,True
ss,1.8,125.0,0.001,0.5,0.04,-3,5.0,10.0,lvt_balanced_4b,0.0,0.0,,1.0,10.0,5.0,a52280851317bed138af7b94,d99b9a29a11a9ccef56488b7,correct,correct,0.0112583979710738,0.00422623499521968,True
ss,1.8,125.0,0.001,0.5,0.04,-3,5.0,10.0,lvt_balanced_4b,0.0,0.0,,2.0,10.0,5.0,a52280851317bed138af7b94,d99b9a29a11a9ccef56488b7,correct,correct,0.0112583979710738,0.00422623499521968,True
ss,1.95,-40.0,-0.001,0.5,0.04,-3,5.0,1.25,lvt_balanced_4b,0.0,0.0,,0.25,1.25,0.625,c5ea7bff17fd97a3a71e9868,a9f5ba5b3a52d05e041fa626,unresolved,unresolved,0.016182714625737327,,True
ss,1.95,-40.0,-0.001,0.5,0.04,-3,5.0,1.25,lvt_balanced_4b,0.0,0.0,,0.35,1.25,0.625,c5ea7bff17fd97a3a71e9868,a9f5ba5b3a52d05e041fa626,unresolved,unresolved,0.016182714625737327,,True
ss,1.95,-40.0,-0.001,0.5,0.04,-3,5.0,1.25,lvt_balanced_4b,0.0,0.0,,0.5,1.25,0.625,c5ea7bff17fd97a3a71e9868,a9f5ba5b3a52d05e041fa626,unresolved,unresolved,0.016182714625737327,,True
ss,1.95,-40.0,-0.001,0.5,0.04,-3,5.0,1.25,lvt_balanced_4b,0.0,0.0,,0.75,1.25,0.625,c5ea7bff17fd97a3a71e9868,a9f5ba5b3a52d05e041fa626,wrong,wrong,0.016182714625737327,0.0010388093796228626,True
ss,1.95,-40.0,-0.001,0.5,0.04,-3,5.0,1.25,lvt_balanced_4b,0.0,0.0,,1.0,1.25,0.625,c5ea7bff17fd97a3a71e9868,a9f5ba5b3a52d05e041fa626,wrong,wrong,0.016182714625737327,0.0010388093796228626,True
ss,1.95,-40.0,-0.001,0.5,0.04,-3,5.0,1.25,lvt_balanced_4b,0.0,0.0,,2.0,1.25,0.625,c5ea7bff17fd97a3a71e9868,a9f5ba5b3a52d05e041fa626,wrong,wrong,0.016182714625737327,0.0010388093796228626,True
ss,1.95,-40.0,0.001,0.5,0.04,-3,5.0,10.0,lvt_balanced_4b,0.0,0.0,,0.25,10.0,5.0,28ea9f444ef67be2efec3686,35564b280e57c552279655d7,unresolved,unresolved,0.003596833194526213,,True
ss,1.95,-40.0,0.001,0.5,0.04,-3,5.0,10.0,lvt_balanced_4b,0.0,0.0,,0.35,10.0,5.0,28ea9f444ef67be2efec3686,35564b280e57c552279655d7,correct,correct,0.003596833194526213,0.0033837065318300663,True
ss,1.95,-40.0,0.001,0.5,0.04,-3,5.0,10.0,lvt_balanced_4b,0.0,0.0,,0.5,10.0,5.0,28ea9f444ef67be2efec3686,35564b280e57c552279655d7,correct,correct,0.003596833194526213,0.0033837065318300663,True
ss,1.95,-40.0,0.001,0.5,0.04,-3,5.0,10.0,lvt_balanced_4b,0.0,0.0,,0.75,10.0,5.0,28ea9f444ef67be2efec3686,35564b280e57c552279655d7,correct,correct,0.003596833194526213,0.0033837065318300663,True
ss,1.95,-40.0,0.001,0.5,0.04,-3,5.0,10.0,lvt_balanced_4b,0.0,0.0,,1.0,10.0,5.0,28ea9f444ef67be2efec3686,35564b280e57c552279655d7,correct,correct,0.003596833194526213,0.0033837065318300663,True
ss,1.95,-40.0,0.001,0.5,0.04,-3,5.0,10.0,lvt_balanced_4b,0.0,0.0,,2.0,10.0,5.0,28ea9f444ef67be2efec3686,35564b280e57c552279655d7,correct,correct,0.003596833194526213,0.0033837065318300663,True
ss,1.95,27.0,-0.001,0.5,0.04,-4,5.0,10.0,lvt_balanced_4b,0.0,0.0,,0.25,10.0,5.0,758b56f1cee93d9b26514e71,a38dee8dac100c1b3085e383,unresolved,unresolved,0.005295597730007845,,True
ss,1.95,27.0,-0.001,0.5,0.04,-4,5.0,10.0,lvt_balanced_4b,0.0,0.0,,0.35,10.0,5.0,758b56f1cee93d9b26514e71,a38dee8dac100c1b3085e383,correct,correct,0.005295597730007845,0.0010058375228710337,True
ss,1.95,27.0,-0.001,0.5,0.04,-4,5.0,10.0,lvt_balanced_4b,0.0,0.0,,0.5,10.0,5.0,758b56f1cee93d9b26514e71,a38dee8dac100c1b3085e383,correct,correct,0.005295597730007845,0.0010058375228710337,True
ss,1.95,27.0,-0.001,0.5,0.04,-4,5.0,10.0,lvt_balanced_4b,0.0,0.0,,0.75,10.0,5.0,758b56f1cee93d9b26514e71,a38dee8dac100c1b3085e383,correct,correct,0.005295597730007845,0.0010058375228710337,True
ss,1.95,27.0,-0.001,0.5,0.04,-4,5.0,10.0,lvt_balanced_4b,0.0,0.0,,1.0,10.0,5.0,758b56f1cee93d9b26514e71,a38dee8dac100c1b3085e383,correct,correct,0.005295597730007845,0.0010058375228710337,True
ss,1.95,27.0,-0.001,0.5,0.04,-4,5.0,10.0,lvt_balanced_4b,0.0,0.0,,2.0,10.0,5.0,758b56f1cee93d9b26514e71,a38dee8dac100c1b3085e383,correct,correct,0.005295597730007845,0.0010058375228710337,True
ss,1.95,27.0,0.001,0.5,0.04,-4,5.0,10.0,lvt_balanced_4b,0.0,0.0,,0.25,10.0,5.0,dbff5f6ad143c77ac3db6d79,de85a3b26b70f0336d11aa33,unresolved,unresolved,0.031861906400793824,,True
ss,1.95,27.0,0.001,0.5,0.04,-4,5.0,10.0,lvt_balanced_4b,0.0,0.0,,0.35,10.0,5.0,dbff5f6ad143c77ac3db6d79,de85a3b26b70f0336d11aa33,unresolved,unresolved,0.031861906400793824,,True
ss,1.95,27.0,0.001,0.5,0.04,-4,5.0,10.0,lvt_balanced_4b,0.0,0.0,,0.5,10.0,5.0,dbff5f6ad143c77ac3db6d79,de85a3b26b70f0336d11aa33,wrong,wrong,0.031861906400793824,0.0012426545216470686,True
ss,1.95,27.0,0.001,0.5,0.04,-4,5.0,10.0,lvt_balanced_4b,0.0,0.0,,0.75,10.0,5.0,dbff5f6ad143c77ac3db6d79,de85a3b26b70f0336d11aa33,wrong,wrong,0.031861906400793824,0.0012426545216470686,True
ss,1.95,27.0,0.001,0.5,0.04,-4,5.0,10.0,lvt_balanced_4b,0.0,0.0,,1.0,10.0,5.0,dbff5f6ad143c77ac3db6d79,de85a3b26b70f0336d11aa33,wrong,wrong,0.031861906400793824,0.0012426545216470686,True
ss,1.95,27.0,0.001,0.5,0.04,-4,5.0,10.0,lvt_balanced_4b,0.0,0.0,,2.0,10.0,5.0,dbff5f6ad143c77ac3db6d79,de85a3b26b70f0336d11aa33,wrong,wrong,0.031861906400793824,0.0012426545216470686,True
ss,1.95,125.0,-0.001,0.5,0.04,-5,5.0,10.0,lvt_balanced_4b,0.0,0.0,,0.25,10.0,5.0,c0b5a7e94de665a71a142ee5,e7f32280c2c8730f218d57ef,unresolved,unresolved,0.038998314468478235,,True
ss,1.95,125.0,-0.001,0.5,0.04,-5,5.0,10.0,lvt_balanced_4b,0.0,0.0,,0.35,10.0,5.0,c0b5a7e94de665a71a142ee5,e7f32280c2c8730f218d57ef,correct,correct,0.038998314468478235,0.0,True
ss,1.95,125.0,-0.001,0.5,0.04,-5,5.0,10.0,lvt_balanced_4b,0.0,0.0,,0.5,10.0,5.0,c0b5a7e94de665a71a142ee5,e7f32280c2c8730f218d57ef,correct,correct,0.038998314468478235,0.0005067901002488995,True
ss,1.95,125.0,-0.001,0.5,0.04,-5,5.0,10.0,lvt_balanced_4b,0.0,0.0,,0.75,10.0,5.0,c0b5a7e94de665a71a142ee5,e7f32280c2c8730f218d57ef,correct,correct,0.038998314468478235,0.0005067901002488995,True
ss,1.95,125.0,-0.001,0.5,0.04,-5,5.0,10.0,lvt_balanced_4b,0.0,0.0,,1.0,10.0,5.0,c0b5a7e94de665a71a142ee5,e7f32280c2c8730f218d57ef,correct,correct,0.038998314468478235,0.0005067901002488995,True
ss,1.95,125.0,-0.001,0.5,0.04,-5,5.0,10.0,lvt_balanced_4b,0.0,0.0,,2.0,10.0,5.0,c0b5a7e94de665a71a142ee5,e7f32280c2c8730f218d57ef,correct,correct,0.038998314468478235,0.0005067901002488995,True
ss,1.95,125.0,0.001,0.5,0.04,-5,5.0,10.0,lvt_balanced_4b,0.0,0.0,,0.25,10.0,5.0,b7fa841b97f3f015d288ef05,cd091134fffd6f6608a0b34c,unresolved,unresolved,0.10316995770220645,,True
ss,1.95,125.0,0.001,0.5,0.04,-5,5.0,10.0,lvt_balanced_4b,0.0,0.0,,0.35,10.0,5.0,b7fa841b97f3f015d288ef05,cd091134fffd6f6608a0b34c,unresolved,unresolved,0.10316995770220645,,True
ss,1.95,125.0,0.001,0.5,0.04,-5,5.0,10.0,lvt_balanced_4b,0.0,0.0,,0.5,10.0,5.0,b7fa841b97f3f015d288ef05,cd091134fffd6f6608a0b34c,correct,correct,0.10316995770220645,0.003984983412292198,True
ss,1.95,125.0,0.001,0.5,0.04,-5,5.0,10.0,lvt_balanced_4b,0.0,0.0,,0.75,10.0,5.0,b7fa841b97f3f015d288ef05,cd091134fffd6f6608a0b34c,correct,correct,0.10316995770220645,0.003984983412292198,True
ss,1.95,125.0,0.001,0.5,0.04,-5,5.0,10.0,lvt_balanced_4b,0.0,0.0,,1.0,10.0,5.0,b7fa841b97f3f015d288ef05,cd091134fffd6f6608a0b34c,correct,correct,0.10316995770220645,0.003984983412292198,True
ss,1.95,125.0,0.001,0.5,0.04,-5,5.0,10.0,lvt_balanced_4b,0.0,0.0,,2.0,10.0,5.0,b7fa841b97f3f015d288ef05,cd091134fffd6f6608a0b34c,correct,correct,0.10316995770220645,0.003984983412292198,True
ss,1.95,125.0,-0.00025,0.5,0.04,-4,5.0,10.0,lvt_balanced_4b,0.0,0.0,,0.25,10.0,5.0,a4b141d149af5ffbc2eebf19,e2e75d8b5d9945aeb4886c15,unresolved,unresolved,0.0345674362220265,,True
ss,1.95,125.0,-0.00025,0.5,0.04,-4,5.0,10.0,lvt_balanced_4b,0.0,0.0,,0.35,10.0,5.0,a4b141d149af5ffbc2eebf19,e2e75d8b5d9945aeb4886c15,wrong,wrong,0.0345674362220265,0.0,True
ss,1.95,125.0,-0.00025,0.5,0.04,-4,5.0,10.0,lvt_balanced_4b,0.0,0.0,,0.5,10.0,5.0,a4b141d149af5ffbc2eebf19,e2e75d8b5d9945aeb4886c15,wrong,wrong,0.0345674362220265,0.0012439541492491046,True
ss,1.95,125.0,-0.00025,0.5,0.04,-4,5.0,10.0,lvt_balanced_4b,0.0,0.0,,0.75,10.0,5.0,a4b141d149af5ffbc2eebf19,e2e75d8b5d9945aeb4886c15,wrong,wrong,0.0345674362220265,0.0012439541492491046,True
ss,1.95,125.0,-0.00025,0.5,0.04,-4,5.0,10.0,lvt_balanced_4b,0.0,0.0,,1.0,10.0,5.0,a4b141d149af5ffbc2eebf19,e2e75d8b5d9945aeb4886c15,wrong,wrong,0.0345674362220265,0.0012439541492491046,True
ss,1.95,125.0,-0.00025,0.5,0.04,-4,5.0,10.0,lvt_balanced_4b,0.0,0.0,,2.0,10.0,5.0,a4b141d149af5ffbc2eebf19,e2e75d8b5d9945aeb4886c15,wrong,wrong,0.0345674362220265,0.0012439541492491046,True
tt,1.62,-40.0,-0.001,0.5,0.04,-2,5.0,10.0,lvt_balanced_4b,0.0,0.0,,0.25,10.0,5.0,7dc5875f5d2d53c6f9586bf0,c3dc5a86625826cb84b88682,unresolved,unresolved,0.0013953929552367333,,True
tt,1.62,-40.0,-0.001,0.5,0.04,-2,5.0,10.0,lvt_balanced_4b,0.0,0.0,,0.35,10.0,5.0,7dc5875f5d2d53c6f9586bf0,c3dc5a86625826cb84b88682,unresolved,unresolved,0.0013953929552367333,,True
tt,1.62,-40.0,-0.001,0.5,0.04,-2,5.0,10.0,lvt_balanced_4b,0.0,0.0,,0.5,10.0,5.0,7dc5875f5d2d53c6f9586bf0,c3dc5a86625826cb84b88682,unresolved,unresolved,0.0013953929552367333,,True
tt,1.62,-40.0,-0.001,0.5,0.04,-2,5.0,10.0,lvt_balanced_4b,0.0,0.0,,0.75,10.0,5.0,7dc5875f5d2d53c6f9586bf0,c3dc5a86625826cb84b88682,correct,correct,0.0013953929552367333,0.005134022713432107,True
tt,1.62,-40.0,-0.001,0.5,0.04,-2,5.0,10.0,lvt_balanced_4b,0.0,0.0,,1.0,10.0,5.0,7dc5875f5d2d53c6f9586bf0,c3dc5a86625826cb84b88682,correct,correct,0.0013953929552367333,0.005134022713432107,True
tt,1.62,-40.0,-0.001,0.5,0.04,-2,5.0,10.0,lvt_balanced_4b,0.0,0.0,,2.0,10.0,5.0,7dc5875f5d2d53c6f9586bf0,c3dc5a86625826cb84b88682,correct,correct,0.0013953929552367333,0.005134022713432107,True
tt,1.62,-40.0,0.001,0.5,0.04,-2,5.0,10.0,lvt_balanced_4b,0.0,0.0,,0.25,10.0,5.0,ef084a8b12f5d9c3c8bf0afd,6bb59eb83b63554e2356e25f,unresolved,unresolved,0.0064626729600192855,,True
tt,1.62,-40.0,0.001,0.5,0.04,-2,5.0,10.0,lvt_balanced_4b,0.0,0.0,,0.35,10.0,5.0,ef084a8b12f5d9c3c8bf0afd,6bb59eb83b63554e2356e25f,unresolved,unresolved,0.0064626729600192855,,True
tt,1.62,-40.0,0.001,0.5,0.04,-2,5.0,10.0,lvt_balanced_4b,0.0,0.0,,0.5,10.0,5.0,ef084a8b12f5d9c3c8bf0afd,6bb59eb83b63554e2356e25f,unresolved,unresolved,0.0064626729600192855,,True
tt,1.62,-40.0,0.001,0.5,0.04,-2,5.0,10.0,lvt_balanced_4b,0.0,0.0,,0.75,10.0,5.0,ef084a8b12f5d9c3c8bf0afd,6bb59eb83b63554e2356e25f,correct,correct,0.0064626729600192855,0.002705781131890128,True
tt,1.62,-40.0,0.001,0.5,0.04,-2,5.0,10.0,lvt_balanced_4b,0.0,0.0,,1.0,10.0,5.0,ef084a8b12f5d9c3c8bf0afd,6bb59eb83b63554e2356e25f,correct,correct,0.0064626729600192855,0.002705781131890128,True
tt,1.62,-40.0,0.001,0.5,0.04,-2,5.0,10.0,lvt_balanced_4b,0.0,0.0,,2.0,10.0,5.0,ef084a8b12f5d9c3c8bf0afd,6bb59eb83b63554e2356e25f,correct,correct,0.0064626729600192855,0.002705781131890128,True
tt,1.62,27.0,0.03,0.5,0.04,-4,5.0,10.0,lvt_balanced_4b,0.0,0.0,,0.25,10.0,5.0,cc6b1a7122f6ba4cac740d3a,166c939417a1b979143d4a50,correct,correct,0.00598131399409351,0.0,True
tt,1.62,27.0,0.03,0.5,0.04,-4,5.0,10.0,lvt_balanced_4b,0.0,0.0,,0.35,10.0,5.0,cc6b1a7122f6ba4cac740d3a,166c939417a1b979143d4a50,correct,correct,0.00598131399409351,0.005227494179788905,True
tt,1.62,27.0,0.03,0.5,0.04,-4,5.0,10.0,lvt_balanced_4b,0.0,0.0,,0.5,10.0,5.0,cc6b1a7122f6ba4cac740d3a,166c939417a1b979143d4a50,correct,correct,0.00598131399409351,0.005227494179788905,True
tt,1.62,27.0,0.03,0.5,0.04,-4,5.0,10.0,lvt_balanced_4b,0.0,0.0,,0.75,10.0,5.0,cc6b1a7122f6ba4cac740d3a,166c939417a1b979143d4a50,correct,correct,0.00598131399409351,0.005227494179788905,True
tt,1.62,27.0,0.03,0.5,0.04,-4,5.0,10.0,lvt_balanced_4b,0.0,0.0,,1.0,10.0,5.0,cc6b1a7122f6ba4cac740d3a,166c939417a1b979143d4a50,correct,correct,0.00598131399409351,0.005227494179788905,True
tt,1.62,27.0,0.03,0.5,0.04,-4,5.0,10.0,lvt_balanced_4b,0.0,0.0,,2.0,10.0,5.0,cc6b1a7122f6ba4cac740d3a,166c939417a1b979143d4a50,correct,correct,0.00598131399409351,0.005227494179788905,True
tt,1.62,27.0,-0.001,0.5,0.04,-2,5.0,10.0,lvt_balanced_4b,0.0,0.0,,0.25,10.0,5.0,406e23fdc6c46bd95f01852b,8c209c8c6377f15e3ca67845,unresolved,unresolved,0.010743620934276294,,True
tt,1.62,27.0,-0.001,0.5,0.04,-2,5.0,10.0,lvt_balanced_4b,0.0,0.0,,0.35,10.0,5.0,406e23fdc6c46bd95f01852b,8c209c8c6377f15e3ca67845,unresolved,unresolved,0.010743620934276294,,True
tt,1.62,27.0,-0.001,0.5,0.04,-2,5.0,10.0,lvt_balanced_4b,0.0,0.0,,0.5,10.0,5.0,406e23fdc6c46bd95f01852b,8c209c8c6377f15e3ca67845,unresolved,unresolved,0.010743620934276294,,True
tt,1.62,27.0,-0.001,0.5,0.04,-2,5.0,10.0,lvt_balanced_4b,0.0,0.0,,0.75,10.0,5.0,406e23fdc6c46bd95f01852b,8c209c8c6377f15e3ca67845,wrong,wrong,0.010743620934276294,0.006444018667351559,True
tt,1.62,27.0,-0.001,0.5,0.04,-2,5.0,10.0,lvt_balanced_4b,0.0,0.0,,1.0,10.0,5.0,406e23fdc6c46bd95f01852b,8c209c8c6377f15e3ca67845,wrong,wrong,0.010743620934276294,0.006444018667351559,True
tt,1.62,27.0,-0.001,0.5,0.04,-2,5.0,10.0,lvt_balanced_4b,0.0,0.0,,2.0,10.0,5.0,406e23fdc6c46bd95f01852b,8c209c8c6377f15e3ca67845,wrong,wrong,0.010743620934276294,0.006444018667351559,True
tt,1.62,27.0,0.001,0.5,0.04,-2,5.0,10.0,lvt_balanced_4b,0.0,0.0,,0.25,10.0,5.0,cf86a9f389ed17324124ce25,861f95a99f56555fe34e6535,unresolved,unresolved,0.004196685856861994,,True
tt,1.62,27.0,0.001,0.5,0.04,-2,5.0,10.0,lvt_balanced_4b,0.0,0.0,,0.35,10.0,5.0,cf86a9f389ed17324124ce25,861f95a99f56555fe34e6535,unresolved,unresolved,0.004196685856861994,,True
tt,1.62,27.0,0.001,0.5,0.04,-2,5.0,10.0,lvt_balanced_4b,0.0,0.0,,0.5,10.0,5.0,cf86a9f389ed17324124ce25,861f95a99f56555fe34e6535,correct,correct,0.004196685856861994,9.188776137097898e-05,True
tt,1.62,27.0,0.001,0.5,0.04,-2,5.0,10.0,lvt_balanced_4b,0.0,0.0,,0.75,10.0,5.0,cf86a9f389ed17324124ce25,861f95a99f56555fe34e6535,correct,correct,0.004196685856861994,9.188776137097898e-05,True
tt,1.62,27.0,0.001,0.5,0.04,-2,5.0,10.0,lvt_balanced_4b,0.0,0.0,,1.0,10.0,5.0,cf86a9f389ed17324124ce25,861f95a99f56555fe34e6535,correct,correct,0.004196685856861994,9.188776137097898e-05,True
tt,1.62,27.0,0.001,0.5,0.04,-2,5.0,10.0,lvt_balanced_4b,0.0,0.0,,2.0,10.0,5.0,cf86a9f389ed17324124ce25,861f95a99f56555fe34e6535,correct,correct,0.004196685856861994,9.188776137097898e-05,True
tt,1.62,27.0,0.003,0.5,0.04,-2,5.0,10.0,lvt_balanced_4b,0.0,0.0,,0.25,10.0,5.0,7a96c72c0cbfb028a9077ea1,1259e68fcd768377cb5aab53,unresolved,unresolved,0.000497918756504142,,True
tt,1.62,27.0,0.003,0.5,0.04,-2,5.0,10.0,lvt_balanced_4b,0.0,0.0,,0.35,10.0,5.0,7a96c72c0cbfb028a9077ea1,1259e68fcd768377cb5aab53,unresolved,unresolved,0.000497918756504142,,True
tt,1.62,27.0,0.003,0.5,0.04,-2,5.0,10.0,lvt_balanced_4b,0.0,0.0,,0.5,10.0,5.0,7a96c72c0cbfb028a9077ea1,1259e68fcd768377cb5aab53,correct,correct,0.000497918756504142,0.004160600074908982,True
tt,1.62,27.0,0.003,0.5,0.04,-2,5.0,10.0,lvt_balanced_4b,0.0,0.0,,0.75,10.0,5.0,7a96c72c0cbfb028a9077ea1,1259e68fcd768377cb5aab53,correct,correct,0.000497918756504142,0.004160600074908982,True
tt,1.62,27.0,0.003,0.5,0.04,-2,5.0,10.0,lvt_balanced_4b,0.0,0.0,,1.0,10.0,5.0,7a96c72c0cbfb028a9077ea1,1259e68fcd768377cb5aab53,correct,correct,0.000497918756504142,0.004160600074908982,True
tt,1.62,27.0,0.003,0.5,0.04,-2,5.0,10.0,lvt_balanced_4b,0.0,0.0,,2.0,10.0,5.0,7a96c72c0cbfb028a9077ea1,1259e68fcd768377cb5aab53,correct,correct,0.000497918756504142,0.004160600074908982,True
tt,1.62,125.0,-0.001,0.5,0.04,-3,5.0,10.0,lvt_balanced_4b,0.0,0.0,,0.25,10.0,5.0,8c821f812114168fa0eed083,ab3272db681b94709704848d,unresolved,unresolved,0.037557171642668793,,True
tt,1.62,125.0,-0.001,0.5,0.04,-3,5.0,10.0,lvt_balanced_4b,0.0,0.0,,0.35,10.0,5.0,8c821f812114168fa0eed083,ab3272db681b94709704848d,unresolved,unresolved,0.037557171642668793,,True
tt,1.62,125.0,-0.001,0.5,0.04,-3,5.0,10.0,lvt_balanced_4b,0.0,0.0,,0.5,10.0,5.0,8c821f812114168fa0eed083,ab3272db681b94709704848d,correct,correct,0.037557171642668793,0.004723128155869949,True
tt,1.62,125.0,-0.001,0.5,0.04,-3,5.0,10.0,lvt_balanced_4b,0.0,0.0,,0.75,10.0,5.0,8c821f812114168fa0eed083,ab3272db681b94709704848d,correct,correct,0.037557171642668793,0.004723128155869949,True
tt,1.62,125.0,-0.001,0.5,0.04,-3,5.0,10.0,lvt_balanced_4b,0.0,0.0,,1.0,10.0,5.0,8c821f812114168fa0eed083,ab3272db681b94709704848d,correct,correct,0.037557171642668793,0.004723128155869949,True
tt,1.62,125.0,-0.001,0.5,0.04,-3,5.0,10.0,lvt_balanced_4b,0.0,0.0,,2.0,10.0,5.0,8c821f812114168fa0eed083,ab3272db681b94709704848d,correct,correct,0.037557171642668793,0.004723128155869949,True
tt,1.62,125.0,0.001,0.5,0.04,-3,5.0,10.0,lvt_balanced_4b,0.0,0.0,,0.25,10.0,5.0,3df49be28546782d0c426fc3,b27437ee242c601561d8208d,unresolved,unresolved,0.018391462950125444,,True
tt,1.62,125.0,0.001,0.5,0.04,-3,5.0,10.0,lvt_balanced_4b,0.0,0.0,,0.35,10.0,5.0,3df49be28546782d0c426fc3,b27437ee242c601561d8208d,unresolved,unresolved,0.018391462950125444,,True
tt,1.62,125.0,0.001,0.5,0.04,-3,5.0,10.0,lvt_balanced_4b,0.0,0.0,,0.5,10.0,5.0,3df49be28546782d0c426fc3,b27437ee242c601561d8208d,correct,correct,0.018391462950125444,0.004843188627261241,True
tt,1.62,125.0,0.001,0.5,0.04,-3,5.0,10.0,lvt_balanced_4b,0.0,0.0,,0.75,10.0,5.0,3df49be28546782d0c426fc3,b27437ee242c601561d8208d,correct,correct,0.018391462950125444,0.004843188627261241,True
tt,1.62,125.0,0.001,0.5,0.04,-3,5.0,10.0,lvt_balanced_4b,0.0,0.0,,1.0,10.0,5.0,3df49be28546782d0c426fc3,b27437ee242c601561d8208d,correct,correct,0.018391462950125444,0.004843188627261241,True
tt,1.62,125.0,0.001,0.5,0.04,-3,5.0,10.0,lvt_balanced_4b,0.0,0.0,,2.0,10.0,5.0,3df49be28546782d0c426fc3,b27437ee242c601561d8208d,correct,correct,0.018391462950125444,0.004843188627261241,True
tt,1.8,-40.0,-0.001,0.5,0.04,-3,5.0,10.0,lvt_balanced_4b,0.0,0.0,,0.25,10.0,5.0,59db6ef707ed9c409162457b,a0d13b6f254b9ee516ec40d5,unresolved,unresolved,0.00573492043051327,,True
tt,1.8,-40.0,-0.001,0.5,0.04,-3,5.0,10.0,lvt_balanced_4b,0.0,0.0,,0.35,10.0,5.0,59db6ef707ed9c409162457b,a0d13b6f254b9ee516ec40d5,correct,correct,0.00573492043051327,0.0012859300616902547,True
tt,1.8,-40.0,-0.001,0.5,0.04,-3,5.0,10.0,lvt_balanced_4b,0.0,0.0,,0.5,10.0,5.0,59db6ef707ed9c409162457b,a0d13b6f254b9ee516ec40d5,correct,correct,0.00573492043051327,0.0012859300616902547,True
tt,1.8,-40.0,-0.001,0.5,0.04,-3,5.0,10.0,lvt_balanced_4b,0.0,0.0,,0.75,10.0,5.0,59db6ef707ed9c409162457b,a0d13b6f254b9ee516ec40d5,correct,correct,0.00573492043051327,0.0012859300616902547,True
tt,1.8,-40.0,-0.001,0.5,0.04,-3,5.0,10.0,lvt_balanced_4b,0.0,0.0,,1.0,10.0,5.0,59db6ef707ed9c409162457b,a0d13b6f254b9ee516ec40d5,correct,correct,0.00573492043051327,0.0012859300616902547,True
tt,1.8,-40.0,-0.001,0.5,0.04,-3,5.0,10.0,lvt_balanced_4b,0.0,0.0,,2.0,10.0,5.0,59db6ef707ed9c409162457b,a0d13b6f254b9ee516ec40d5,correct,correct,0.00573492043051327,0.0012859300616902547,True
tt,1.8,-40.0,0.001,0.5,0.04,-3,5.0,10.0,lvt_balanced_4b,0.0,0.0,,0.25,10.0,5.0,078725be8901c737b1f5ba21,6c3a1129b7e2df570cd7758f,unresolved,unresolved,0.01420604533224828,,True
tt,1.8,-40.0,0.001,0.5,0.04,-3,5.0,10.0,lvt_balanced_4b,0.0,0.0,,0.35,10.0,5.0,078725be8901c737b1f5ba21,6c3a1129b7e2df570cd7758f,correct,correct,0.01420604533224828,0.0006955534562113064,True
tt,1.8,-40.0,0.001,0.5,0.04,-3,5.0,10.0,lvt_balanced_4b,0.0,0.0,,0.5,10.0,5.0,078725be8901c737b1f5ba21,6c3a1129b7e2df570cd7758f,correct,correct,0.01420604533224828,0.0006955534562113064,True
tt,1.8,-40.0,0.001,0.5,0.04,-3,5.0,10.0,lvt_balanced_4b,0.0,0.0,,0.75,10.0,5.0,078725be8901c737b1f5ba21,6c3a1129b7e2df570cd7758f,correct,correct,0.01420604533224828,0.0006955534562113064,True
tt,1.8,-40.0,0.001,0.5,0.04,-3,5.0,10.0,lvt_balanced_4b,0.0,0.0,,1.0,10.0,5.0,078725be8901c737b1f5ba21,6c3a1129b7e2df570cd7758f,correct,correct,0.01420604533224828,0.0006955534562113064,True
tt,1.8,-40.0,0.001,0.5,0.04,-3,5.0,10.0,lvt_balanced_4b,0.0,0.0,,2.0,10.0,5.0,078725be8901c737b1f5ba21,6c3a1129b7e2df570cd7758f,correct,correct,0.01420604533224828,0.0006955534562113064,True
tt,1.8,27.0,-0.001,0.5,-0.08,8,5.0,10.0,lvt_balanced_4b,0.0,0.0,,0.25,10.0,5.0,9ed2690f6fb73bc92fb53633,b2a4b0e64d4be553d46873c6,unresolved,unresolved,0.0023472372390358318,,True
tt,1.8,27.0,-0.001,0.5,-0.08,8,5.0,10.0,lvt_balanced_4b,0.0,0.0,,0.35,10.0,5.0,9ed2690f6fb73bc92fb53633,b2a4b0e64d4be553d46873c6,wrong,wrong,0.0023472372390358318,0.00010106408947319068,True
tt,1.8,27.0,-0.001,0.5,-0.08,8,5.0,10.0,lvt_balanced_4b,0.0,0.0,,0.5,10.0,5.0,9ed2690f6fb73bc92fb53633,b2a4b0e64d4be553d46873c6,wrong,wrong,0.0023472372390358318,0.00010106408947319068,True
tt,1.8,27.0,-0.001,0.5,-0.08,8,5.0,10.0,lvt_balanced_4b,0.0,0.0,,0.75,10.0,5.0,9ed2690f6fb73bc92fb53633,b2a4b0e64d4be553d46873c6,wrong,wrong,0.0023472372390358318,0.00010106408947319068,True
tt,1.8,27.0,-0.001,0.5,-0.08,8,5.0,10.0,lvt_balanced_4b,0.0,0.0,,1.0,10.0,5.0,9ed2690f6fb73bc92fb53633,b2a4b0e64d4be553d46873c6,wrong,wrong,0.0023472372390358318,0.00010106408947319068,True
tt,1.8,27.0,-0.001,0.5,-0.08,8,5.0,10.0,lvt_balanced_4b,0.0,0.0,,2.0,10.0,5.0,9ed2690f6fb73bc92fb53633,b2a4b0e64d4be553d46873c6,wrong,wrong,0.0023472372390358318,0.00010106408947319068,True
tt,1.8,27.0,0.001,0.5,-0.08,8,5.0,10.0,lvt_balanced_4b,0.0,0.0,,0.25,10.0,5.0,262e7fb73723e5bcf01dffcc,431358206238ee3abe26a0c4,unresolved,unresolved,0.0038781335292569045,,True
tt,1.8,27.0,0.001,0.5,-0.08,8,5.0,10.0,lvt_balanced_4b,0.0,0.0,,0.35,10.0,5.0,262e7fb73723e5bcf01dffcc,431358206238ee3abe26a0c4,correct,correct,0.0038781335292569045,0.0020849849961906974,True
tt,1.8,27.0,0.001,0.5,-0.08,8,5.0,10.0,lvt_balanced_4b,0.0,0.0,,0.5,10.0,5.0,262e7fb73723e5bcf01dffcc,431358206238ee3abe26a0c4,correct,correct,0.0038781335292569045,0.0020849849961906974,True
tt,1.8,27.0,0.001,0.5,-0.08,8,5.0,10.0,lvt_balanced_4b,0.0,0.0,,0.75,10.0,5.0,262e7fb73723e5bcf01dffcc,431358206238ee3abe26a0c4,correct,correct,0.0038781335292569045,0.0020849849961906974,True
tt,1.8,27.0,0.001,0.5,-0.08,8,5.0,10.0,lvt_balanced_4b,0.0,0.0,,1.0,10.0,5.0,262e7fb73723e5bcf01dffcc,431358206238ee3abe26a0c4,correct,correct,0.0038781335292569045,0.0020849849961906974,True
tt,1.8,27.0,0.001,0.5,-0.08,8,5.0,10.0,lvt_balanced_4b,0.0,0.0,,2.0,10.0,5.0,262e7fb73723e5bcf01dffcc,431358206238ee3abe26a0c4,correct,correct,0.0038781335292569045,0.0020849849961906974,True
tt,1.8,27.0,-0.001,0.5,-0.04,4,5.0,10.0,lvt_balanced_4b,0.0,0.0,,0.25,10.0,5.0,a15205ad28f234a39e0c464e,104cd376df132692313f44d8,unresolved,unresolved,0.05264741761349434,,True
tt,1.8,27.0,-0.001,0.5,-0.04,4,5.0,10.0,lvt_balanced_4b,0.0,0.0,,0.35,10.0,5.0,a15205ad28f234a39e0c464e,104cd376df132692313f44d8,correct,correct,0.05264741761349434,0.0022960174949301915,True
tt,1.8,27.0,-0.001,0.5,-0.04,4,5.0,10.0,lvt_balanced_4b,0.0,0.0,,0.5,10.0,5.0,a15205ad28f234a39e0c464e,104cd376df132692313f44d8,correct,correct,0.05264741761349434,0.0022960174949301915,True
tt,1.8,27.0,-0.001,0.5,-0.04,4,5.0,10.0,lvt_balanced_4b,0.0,0.0,,0.75,10.0,5.0,a15205ad28f234a39e0c464e,104cd376df132692313f44d8,correct,correct,0.05264741761349434,0.0022960174949301915,True
tt,1.8,27.0,-0.001,0.5,-0.04,4,5.0,10.0,lvt_balanced_4b,0.0,0.0,,1.0,10.0,5.0,a15205ad28f234a39e0c464e,104cd376df132692313f44d8,correct,correct,0.05264741761349434,0.0022960174949301915,True
tt,1.8,27.0,-0.001,0.5,-0.04,4,5.0,10.0,lvt_balanced_4b,0.0,0.0,,2.0,10.0,5.0,a15205ad28f234a39e0c464e,104cd376df132692313f44d8,correct,correct,0.05264741761349434,0.0022960174949301915,True
tt,1.8,27.0,0.001,0.5,-0.04,4,5.0,10.0,lvt_balanced_4b,0.0,0.0,,0.25,10.0,5.0,c7368e8c341a3ca75635e34c,feeb75531d364170f0a7315a,unresolved,unresolved,0.011590021535407034,,True
tt,1.8,27.0,0.001,0.5,-0.04,4,5.0,10.0,lvt_balanced_4b,0.0,0.0,,0.35,10.0,5.0,c7368e8c341a3ca75635e34c,feeb75531d364170f0a7315a,correct,correct,0.011590021535407034,0.0049671154591686695,True
tt,1.8,27.0,0.001,0.5,-0.04,4,5.0,10.0,lvt_balanced_4b,0.0,0.0,,0.5,10.0,5.0,c7368e8c341a3ca75635e34c,feeb75531d364170f0a7315a,correct,correct,0.011590021535407034,0.0049671154591686695,True
tt,1.8,27.0,0.001,0.5,-0.04,4,5.0,10.0,lvt_balanced_4b,0.0,0.0,,0.75,10.0,5.0,c7368e8c341a3ca75635e34c,feeb75531d364170f0a7315a,correct,correct,0.011590021535407034,0.0049671154591686695,True
tt,1.8,27.0,0.001,0.5,-0.04,4,5.0,10.0,lvt_balanced_4b,0.0,0.0,,1.0,10.0,5.0,c7368e8c341a3ca75635e34c,feeb75531d364170f0a7315a,correct,correct,0.011590021535407034,0.0049671154591686695,True
tt,1.8,27.0,0.001,0.5,-0.04,4,5.0,10.0,lvt_balanced_4b,0.0,0.0,,2.0,10.0,5.0,c7368e8c341a3ca75635e34c,feeb75531d364170f0a7315a,correct,correct,0.011590021535407034,0.0049671154591686695,True
tt,1.8,27.0,-0.001,0.5,0.0,0,5.0,10.0,lvt_balanced_4b,0.0,0.0,,0.25,10.0,5.0,cfcea1910ec01c9e9acfc118,ef8fc0de0828cebc03089d72,unresolved,unresolved,0.002482061911867521,,True
tt,1.8,27.0,-0.001,0.5,0.0,0,5.0,10.0,lvt_balanced_4b,0.0,0.0,,0.35,10.0,5.0,cfcea1910ec01c9e9acfc118,ef8fc0de0828cebc03089d72,correct,correct,0.002482061911867521,0.002148365323519974,True
tt,1.8,27.0,-0.001,0.5,0.0,0,5.0,10.0,lvt_balanced_4b,0.0,0.0,,0.5,10.0,5.0,cfcea1910ec01c9e9acfc118,ef8fc0de0828cebc03089d72,correct,correct,0.002482061911867521,0.002148365323519974,True
tt,1.8,27.0,-0.001,0.5,0.0,0,5.0,10.0,lvt_balanced_4b,0.0,0.0,,0.75,10.0,5.0,cfcea1910ec01c9e9acfc118,ef8fc0de0828cebc03089d72,correct,correct,0.002482061911867521,0.002148365323519974,True
tt,1.8,27.0,-0.001,0.5,0.0,0,5.0,10.0,lvt_balanced_4b,0.0,0.0,,1.0,10.0,5.0,cfcea1910ec01c9e9acfc118,ef8fc0de0828cebc03089d72,correct,correct,0.002482061911867521,0.002148365323519974,True
tt,1.8,27.0,-0.001,0.5,0.0,0,5.0,10.0,lvt_balanced_4b,0.0,0.0,,2.0,10.0,5.0,cfcea1910ec01c9e9acfc118,ef8fc0de0828cebc03089d72,correct,correct,0.002482061911867521,0.002148365323519974,True
tt,1.8,27.0,0.001,0.5,0.0,0,5.0,10.0,lvt_balanced_4b,0.0,0.0,,0.25,10.0,5.0,668425b9d6b86950e29b6475,11fb37d2415a69e5098b4b02,unresolved,unresolved,0.0024820618693177344,,True
tt,1.8,27.0,0.001,0.5,0.0,0,5.0,10.0,lvt_balanced_4b,0.0,0.0,,0.35,10.0,5.0,668425b9d6b86950e29b6475,11fb37d2415a69e5098b4b02,correct,correct,0.0024820618693177344,0.0021483653231592625,True
tt,1.8,27.0,0.001,0.5,0.0,0,5.0,10.0,lvt_balanced_4b,0.0,0.0,,0.5,10.0,5.0,668425b9d6b86950e29b6475,11fb37d2415a69e5098b4b02,correct,correct,0.0024820618693177344,0.0021483653231592625,True
tt,1.8,27.0,0.001,0.5,0.0,0,5.0,10.0,lvt_balanced_4b,0.0,0.0,,0.75,10.0,5.0,668425b9d6b86950e29b6475,11fb37d2415a69e5098b4b02,correct,correct,0.0024820618693177344,0.0021483653231592625,True
tt,1.8,27.0,0.001,0.5,0.0,0,5.0,10.0,lvt_balanced_4b,0.0,0.0,,1.0,10.0,5.0,668425b9d6b86950e29b6475,11fb37d2415a69e5098b4b02,correct,correct,0.0024820618693177344,0.0021483653231592625,True
tt,1.8,27.0,0.001,0.5,0.0,0,5.0,10.0,lvt_balanced_4b,0.0,0.0,,2.0,10.0,5.0,668425b9d6b86950e29b6475,11fb37d2415a69e5098b4b02,correct,correct,0.0024820618693177344,0.0021483653231592625,True
tt,1.8,27.0,-0.001,0.5,0.04,-4,5.0,10.0,lvt_balanced_4b,0.0,0.0,,0.25,10.0,5.0,f72d1a38c5a70773d77376fe,ddb8ea955806e08bb25790cb,unresolved,unresolved,0.011590022064898151,,True
tt,1.8,27.0,-0.001,0.5,0.04,-4,5.0,10.0,lvt_balanced_4b,0.0,0.0,,0.35,10.0,5.0,f72d1a38c5a70773d77376fe,ddb8ea955806e08bb25790cb,correct,correct,0.011590022064898151,0.004967115284550849,True
tt,1.8,27.0,-0.001,0.5,0.04,-4,5.0,10.0,lvt_balanced_4b,0.0,0.0,,0.5,10.0,5.0,f72d1a38c5a70773d77376fe,ddb8ea955806e08bb25790cb,correct,correct,0.011590022064898151,0.004967115284550849,True
tt,1.8,27.0,-0.001,0.5,0.04,-4,5.0,10.0,lvt_balanced_4b,0.0,0.0,,0.75,10.0,5.0,f72d1a38c5a70773d77376fe,ddb8ea955806e08bb25790cb,correct,correct,0.011590022064898151,0.004967115284550849,True
tt,1.8,27.0,-0.001,0.5,0.04,-4,5.0,10.0,lvt_balanced_4b,0.0,0.0,,1.0,10.0,5.0,f72d1a38c5a70773d77376fe,ddb8ea955806e08bb25790cb,correct,correct,0.011590022064898151,0.004967115284550849,True
tt,1.8,27.0,-0.001,0.5,0.04,-4,5.0,10.0,lvt_balanced_4b,0.0,0.0,,2.0,10.0,5.0,f72d1a38c5a70773d77376fe,ddb8ea955806e08bb25790cb,correct,correct,0.011590022064898151,0.004967115284550849,True
tt,1.8,27.0,0.001,0.5,0.04,-4,5.0,10.0,lvt_balanced_4b,0.0,0.0,,0.25,10.0,5.0,975dba2895424241cb5401ba,e7684d6105f09a43db1a2246,unresolved,unresolved,0.05264741892402641,,True
tt,1.8,27.0,0.001,0.5,0.04,-4,5.0,10.0,lvt_balanced_4b,0.0,0.0,,0.35,10.0,5.0,975dba2895424241cb5401ba,e7684d6105f09a43db1a2246,correct,correct,0.05264741892402641,0.0022960177612492694,True
tt,1.8,27.0,0.001,0.5,0.04,-4,5.0,10.0,lvt_balanced_4b,0.0,0.0,,0.5,10.0,5.0,975dba2895424241cb5401ba,e7684d6105f09a43db1a2246,correct,correct,0.05264741892402641,0.0022960177612492694,True
tt,1.8,27.0,0.001,0.5,0.04,-4,5.0,10.0,lvt_balanced_4b,0.0,0.0,,0.75,10.0,5.0,975dba2895424241cb5401ba,e7684d6105f09a43db1a2246,correct,correct,0.05264741892402641,0.0022960177612492694,True
tt,1.8,27.0,0.001,0.5,0.04,-4,5.0,10.0,lvt_balanced_4b,0.0,0.0,,1.0,10.0,5.0,975dba2895424241cb5401ba,e7684d6105f09a43db1a2246,correct,correct,0.05264741892402641,0.0022960177612492694,True
tt,1.8,27.0,0.001,0.5,0.04,-4,5.0,10.0,lvt_balanced_4b,0.0,0.0,,2.0,10.0,5.0,975dba2895424241cb5401ba,e7684d6105f09a43db1a2246,correct,correct,0.05264741892402641,0.0022960177612492694,True
tt,1.8,27.0,-0.001,0.5,0.08,-8,5.0,10.0,lvt_balanced_4b,0.0,0.0,,0.25,10.0,5.0,0b9e72ed33878ca8b8e7a7e3,cb6b0c6d1815c312b266a4f1,unresolved,unresolved,0.0038781352784821505,,True
tt,1.8,27.0,-0.001,0.5,0.08,-8,5.0,10.0,lvt_balanced_4b,0.0,0.0,,0.35,10.0,5.0,0b9e72ed33878ca8b8e7a7e3,cb6b0c6d1815c312b266a4f1,correct,correct,0.0038781352784821505,0.0020849839677470894,True
tt,1.8,27.0,-0.001,0.5,0.08,-8,5.0,10.0,lvt_balanced_4b,0.0,0.0,,0.5,10.0,5.0,0b9e72ed33878ca8b8e7a7e3,cb6b0c6d1815c312b266a4f1,correct,correct,0.0038781352784821505,0.0020849839677470894,True
tt,1.8,27.0,-0.001,0.5,0.08,-8,5.0,10.0,lvt_balanced_4b,0.0,0.0,,0.75,10.0,5.0,0b9e72ed33878ca8b8e7a7e3,cb6b0c6d1815c312b266a4f1,correct,correct,0.0038781352784821505,0.0020849839677470894,True
tt,1.8,27.0,-0.001,0.5,0.08,-8,5.0,10.0,lvt_balanced_4b,0.0,0.0,,1.0,10.0,5.0,0b9e72ed33878ca8b8e7a7e3,cb6b0c6d1815c312b266a4f1,correct,correct,0.0038781352784821505,0.0020849839677470894,True
tt,1.8,27.0,-0.001,0.5,0.08,-8,5.0,10.0,lvt_balanced_4b,0.0,0.0,,2.0,10.0,5.0,0b9e72ed33878ca8b8e7a7e3,cb6b0c6d1815c312b266a4f1,correct,correct,0.0038781352784821505,0.0020849839677470894,True
tt,1.8,27.0,0.001,0.5,0.08,-8,5.0,10.0,lvt_balanced_4b,0.0,0.0,,0.25,10.0,5.0,f215eb153c54f20b26866792,f76982840872ad8de2149392,unresolved,unresolved,0.002347236416681057,,True
tt,1.8,27.0,0.001,0.5,0.08,-8,5.0,10.0,lvt_balanced_4b,0.0,0.0,,0.35,10.0,5.0,f215eb153c54f20b26866792,f76982840872ad8de2149392,wrong,wrong,0.002347236416681057,0.00010106439843177162,True
tt,1.8,27.0,0.001,0.5,0.08,-8,5.0,10.0,lvt_balanced_4b,0.0,0.0,,0.5,10.0,5.0,f215eb153c54f20b26866792,f76982840872ad8de2149392,wrong,wrong,0.002347236416681057,0.00010106439843177162,True
tt,1.8,27.0,0.001,0.5,0.08,-8,5.0,10.0,lvt_balanced_4b,0.0,0.0,,0.75,10.0,5.0,f215eb153c54f20b26866792,f76982840872ad8de2149392,wrong,wrong,0.002347236416681057,0.00010106439843177162,True
tt,1.8,27.0,0.001,0.5,0.08,-8,5.0,10.0,lvt_balanced_4b,0.0,0.0,,1.0,10.0,5.0,f215eb153c54f20b26866792,f76982840872ad8de2149392,wrong,wrong,0.002347236416681057,0.00010106439843177162,True
tt,1.8,27.0,0.001,0.5,0.08,-8,5.0,10.0,lvt_balanced_4b,0.0,0.0,,2.0,10.0,5.0,f215eb153c54f20b26866792,f76982840872ad8de2149392,wrong,wrong,0.002347236416681057,0.00010106439843177162,True
tt,1.8,125.0,-0.001,0.5,0.04,-5,5.0,10.0,lvt_balanced_4b,0.0,0.0,,0.25,10.0,5.0,d5ade919fc982a377cc7ad06,7728a50e3a668fb278dcdf27,unresolved,unresolved,0.04895492220384655,,True
tt,1.8,125.0,-0.001,0.5,0.04,-5,5.0,10.0,lvt_balanced_4b,0.0,0.0,,0.35,10.0,5.0,d5ade919fc982a377cc7ad06,7728a50e3a668fb278dcdf27,correct,correct,0.04895492220384655,0.0008305041994984275,True
tt,1.8,125.0,-0.001,0.5,0.04,-5,5.0,10.0,lvt_balanced_4b,0.0,0.0,,0.5,10.0,5.0,d5ade919fc982a377cc7ad06,7728a50e3a668fb278dcdf27,correct,correct,0.04895492220384655,0.0008305041994984275,True
tt,1.8,125.0,-0.001,0.5,0.04,-5,5.0,10.0,lvt_balanced_4b,0.0,0.0,,0.75,10.0,5.0,d5ade919fc982a377cc7ad06,7728a50e3a668fb278dcdf27,correct,correct,0.04895492220384655,0.0008305041994984275,True
tt,1.8,125.0,-0.001,0.5,0.04,-5,5.0,10.0,lvt_balanced_4b,0.0,0.0,,1.0,10.0,5.0,d5ade919fc982a377cc7ad06,7728a50e3a668fb278dcdf27,correct,correct,0.04895492220384655,0.0008305041994984275,True
tt,1.8,125.0,-0.001,0.5,0.04,-5,5.0,10.0,lvt_balanced_4b,0.0,0.0,,2.0,10.0,5.0,d5ade919fc982a377cc7ad06,7728a50e3a668fb278dcdf27,correct,correct,0.04895492220384655,0.0008305041994984275,True
tt,1.8,125.0,0.001,0.5,0.04,-5,5.0,10.0,lvt_balanced_4b,0.0,0.0,,0.25,10.0,5.0,5cadc398305c78a58cee3e5f,02c311718bd29fe545eb137e,unresolved,unresolved,0.08961604057209584,,True
tt,1.8,125.0,0.001,0.5,0.04,-5,5.0,10.0,lvt_balanced_4b,0.0,0.0,,0.35,10.0,5.0,5cadc398305c78a58cee3e5f,02c311718bd29fe545eb137e,correct,correct,0.08961604057209584,0.007809667817108568,True
tt,1.8,125.0,0.001,0.5,0.04,-5,5.0,10.0,lvt_balanced_4b,0.0,0.0,,0.5,10.0,5.0,5cadc398305c78a58cee3e5f,02c311718bd29fe545eb137e,correct,correct,0.08961604057209584,0.007809667817108568,True
tt,1.8,125.0,0.001,0.5,0.04,-5,5.0,10.0,lvt_balanced_4b,0.0,0.0,,0.75,10.0,5.0,5cadc398305c78a58cee3e5f,02c311718bd29fe545eb137e,correct,correct,0.08961604057209584,0.007809667817108568,True
tt,1.8,125.0,0.001,0.5,0.04,-5,5.0,10.0,lvt_balanced_4b,0.0,0.0,,1.0,10.0,5.0,5cadc398305c78a58cee3e5f,02c311718bd29fe545eb137e,correct,correct,0.08961604057209584,0.007809667817108568,True
tt,1.8,125.0,0.001,0.5,0.04,-5,5.0,10.0,lvt_balanced_4b,0.0,0.0,,2.0,10.0,5.0,5cadc398305c78a58cee3e5f,02c311718bd29fe545eb137e,correct,correct,0.08961604057209584,0.007809667817108568,True
tt,1.8,125.0,-0.01,0.5,0.04,-4,5.0,10.0,lvt_balanced_4b,0.0,0.0,,0.25,10.0,5.0,25db25232d6b5e97e1ce6d70,463ae287e3a6dbd40eb2fbf2,correct,correct,0.0016360727257122482,0.0,True
tt,1.8,125.0,-0.01,0.5,0.04,-4,5.0,10.0,lvt_balanced_4b,0.0,0.0,,0.35,10.0,5.0,25db25232d6b5e97e1ce6d70,463ae287e3a6dbd40eb2fbf2,correct,correct,0.0016360727257122482,0.000687143651180222,True
tt,1.8,125.0,-0.01,0.5,0.04,-4,5.0,10.0,lvt_balanced_4b,0.0,0.0,,0.5,10.0,5.0,25db25232d6b5e97e1ce6d70,463ae287e3a6dbd40eb2fbf2,correct,correct,0.0016360727257122482,0.000687143651180222,True
tt,1.8,125.0,-0.01,0.5,0.04,-4,5.0,10.0,lvt_balanced_4b,0.0,0.0,,0.75,10.0,5.0,25db25232d6b5e97e1ce6d70,463ae287e3a6dbd40eb2fbf2,correct,correct,0.0016360727257122482,0.000687143651180222,True
tt,1.8,125.0,-0.01,0.5,0.04,-4,5.0,10.0,lvt_balanced_4b,0.0,0.0,,1.0,10.0,5.0,25db25232d6b5e97e1ce6d70,463ae287e3a6dbd40eb2fbf2,correct,correct,0.0016360727257122482,0.000687143651180222,True
tt,1.8,125.0,-0.01,0.5,0.04,-4,5.0,10.0,lvt_balanced_4b,0.0,0.0,,2.0,10.0,5.0,25db25232d6b5e97e1ce6d70,463ae287e3a6dbd40eb2fbf2,correct,correct,0.0016360727257122482,0.000687143651180222,True
tt,1.95,-40.0,-0.001,0.5,0.04,-4,5.0,10.0,lvt_balanced_4b,0.0,0.0,,0.25,10.0,5.0,4d85cd2ee1afb9aab2767bd9,c755eab1e6be84a509fc9d3e,correct,correct,0.00219263347572931,0.00012022958312724041,True
tt,1.95,-40.0,-0.001,0.5,0.04,-4,5.0,10.0,lvt_balanced_4b,0.0,0.0,,0.35,10.0,5.0,4d85cd2ee1afb9aab2767bd9,c755eab1e6be84a509fc9d3e,correct,correct,0.00219263347572931,0.00012022958312724041,True
tt,1.95,-40.0,-0.001,0.5,0.04,-4,5.0,10.0,lvt_balanced_4b,0.0,0.0,,0.5,10.0,5.0,4d85cd2ee1afb9aab2767bd9,c755eab1e6be84a509fc9d3e,correct,correct,0.00219263347572931,0.00012022958312724041,True
tt,1.95,-40.0,-0.001,0.5,0.04,-4,5.0,10.0,lvt_balanced_4b,0.0,0.0,,0.75,10.0,5.0,4d85cd2ee1afb9aab2767bd9,c755eab1e6be84a509fc9d3e,correct,correct,0.00219263347572931,0.00012022958312724041,True
tt,1.95,-40.0,-0.001,0.5,0.04,-4,5.0,10.0,lvt_balanced_4b,0.0,0.0,,1.0,10.0,5.0,4d85cd2ee1afb9aab2767bd9,c755eab1e6be84a509fc9d3e,correct,correct,0.00219263347572931,0.00012022958312724041,True
tt,1.95,-40.0,-0.001,0.5,0.04,-4,5.0,10.0,lvt_balanced_4b,0.0,0.0,,2.0,10.0,5.0,4d85cd2ee1afb9aab2767bd9,c755eab1e6be84a509fc9d3e,correct,correct,0.00219263347572931,0.00012022958312724041,True
tt,1.95,-40.0,0.001,0.5,0.04,-4,5.0,10.0,lvt_balanced_4b,0.0,0.0,,0.25,10.0,5.0,c39386903c58b80d76207c16,cc4304bebe6950a10a481775,unresolved,unresolved,0.0719757120167549,,True
tt,1.95,-40.0,0.001,0.5,0.04,-4,5.0,10.0,lvt_balanced_4b,0.0,0.0,,0.35,10.0,5.0,c39386903c58b80d76207c16,cc4304bebe6950a10a481775,correct,correct,0.0719757120167549,0.0009304749562008552,True
tt,1.95,-40.0,0.001,0.5,0.04,-4,5.0,10.0,lvt_balanced_4b,0.0,0.0,,0.5,10.0,5.0,c39386903c58b80d76207c16,cc4304bebe6950a10a481775,correct,correct,0.0719757120167549,0.0009304749562008552,True
tt,1.95,-40.0,0.001,0.5,0.04,-4,5.0,10.0,lvt_balanced_4b,0.0,0.0,,0.75,10.0,5.0,c39386903c58b80d76207c16,cc4304bebe6950a10a481775,correct,correct,0.0719757120167549,0.0009304749562008552,True
tt,1.95,-40.0,0.001,0.5,0.04,-4,5.0,10.0,lvt_balanced_4b,0.0,0.0,,1.0,10.0,5.0,c39386903c58b80d76207c16,cc4304bebe6950a10a481775,correct,correct,0.0719757120167549,0.0009304749562008552,True
tt,1.95,-40.0,0.001,0.5,0.04,-4,5.0,10.0,lvt_balanced_4b,0.0,0.0,,2.0,10.0,5.0,c39386903c58b80d76207c16,cc4304bebe6950a10a481775,correct,correct,0.0719757120167549,0.0009304749562008552,True
tt,1.95,27.0,-0.001,0.5,0.04,-5,5.0,10.0,lvt_balanced_4b,0.0,0.0,,0.25,10.0,5.0,80634773e471333cf119f747,242878f44aa8e4c838ad05d6,unresolved,unresolved,0.013191125361115287,,True
tt,1.95,27.0,-0.001,0.5,0.04,-5,5.0,10.0,lvt_balanced_4b,0.0,0.0,,0.35,10.0,5.0,80634773e471333cf119f747,242878f44aa8e4c838ad05d6,correct,correct,0.013191125361115287,0.0035490317630701984,True
tt,1.95,27.0,-0.001,0.5,0.04,-5,5.0,10.0,lvt_balanced_4b,0.0,0.0,,0.5,10.0,5.0,80634773e471333cf119f747,242878f44aa8e4c838ad05d6,correct,correct,0.013191125361115287,0.0035490317630701984,True
tt,1.95,27.0,-0.001,0.5,0.04,-5,5.0,10.0,lvt_balanced_4b,0.0,0.0,,0.75,10.0,5.0,80634773e471333cf119f747,242878f44aa8e4c838ad05d6,correct,correct,0.013191125361115287,0.0035490317630701984,True
tt,1.95,27.0,-0.001,0.5,0.04,-5,5.0,10.0,lvt_balanced_4b,0.0,0.0,,1.0,10.0,5.0,80634773e471333cf119f747,242878f44aa8e4c838ad05d6,correct,correct,0.013191125361115287,0.0035490317630701984,True
tt,1.95,27.0,-0.001,0.5,0.04,-5,5.0,10.0,lvt_balanced_4b,0.0,0.0,,2.0,10.0,5.0,80634773e471333cf119f747,242878f44aa8e4c838ad05d6,correct,correct,0.013191125361115287,0.0035490317630701984,True
tt,1.95,27.0,0.001,0.5,0.04,-5,5.0,10.0,lvt_balanced_4b,0.0,0.0,,0.25,10.0,5.0,c8fd9382c5550ba1a68b4362,17608edaf29617d9add9c012,unresolved,unresolved,0.004703813280077618,,True
tt,1.95,27.0,0.001,0.5,0.04,-5,5.0,10.0,lvt_balanced_4b,0.0,0.0,,0.35,10.0,5.0,c8fd9382c5550ba1a68b4362,17608edaf29617d9add9c012,correct,correct,0.004703813280077618,0.00017190509080716732,True
tt,1.95,27.0,0.001,0.5,0.04,-5,5.0,10.0,lvt_balanced_4b,0.0,0.0,,0.5,10.0,5.0,c8fd9382c5550ba1a68b4362,17608edaf29617d9add9c012,correct,correct,0.004703813280077618,0.00017190509080716732,True
tt,1.95,27.0,0.001,0.5,0.04,-5,5.0,10.0,lvt_balanced_4b,0.0,0.0,,0.75,10.0,5.0,c8fd9382c5550ba1a68b4362,17608edaf29617d9add9c012,correct,correct,0.004703813280077618,0.00017190509080716732,True
tt,1.95,27.0,0.001,0.5,0.04,-5,5.0,10.0,lvt_balanced_4b,0.0,0.0,,1.0,10.0,5.0,c8fd9382c5550ba1a68b4362,17608edaf29617d9add9c012,correct,correct,0.004703813280077618,0.00017190509080716732,True
tt,1.95,27.0,0.001,0.5,0.04,-5,5.0,10.0,lvt_balanced_4b,0.0,0.0,,2.0,10.0,5.0,c8fd9382c5550ba1a68b4362,17608edaf29617d9add9c012,correct,correct,0.004703813280077618,0.00017190509080716732,True
tt,1.95,125.0,-0.001,0.5,0.04,-7,5.0,10.0,lvt_balanced_4b,0.0,0.0,,0.25,10.0,5.0,ebaf80e97c4c252e1bbbf412,307f79a8a9916572da1d6f08,unresolved,unresolved,0.009605691066563418,,True
tt,1.95,125.0,-0.001,0.5,0.04,-7,5.0,10.0,lvt_balanced_4b,0.0,0.0,,0.35,10.0,5.0,ebaf80e97c4c252e1bbbf412,307f79a8a9916572da1d6f08,correct,correct,0.009605691066563418,0.0016099783375198573,True
tt,1.95,125.0,-0.001,0.5,0.04,-7,5.0,10.0,lvt_balanced_4b,0.0,0.0,,0.5,10.0,5.0,ebaf80e97c4c252e1bbbf412,307f79a8a9916572da1d6f08,correct,correct,0.009605691066563418,0.0016099783375198573,True
tt,1.95,125.0,-0.001,0.5,0.04,-7,5.0,10.0,lvt_balanced_4b,0.0,0.0,,0.75,10.0,5.0,ebaf80e97c4c252e1bbbf412,307f79a8a9916572da1d6f08,correct,correct,0.009605691066563418,0.0016099783375198573,True
tt,1.95,125.0,-0.001,0.5,0.04,-7,5.0,10.0,lvt_balanced_4b,0.0,0.0,,1.0,10.0,5.0,ebaf80e97c4c252e1bbbf412,307f79a8a9916572da1d6f08,correct,correct,0.009605691066563418,0.0016099783375198573,True
tt,1.95,125.0,-0.001,0.5,0.04,-7,5.0,10.0,lvt_balanced_4b,0.0,0.0,,2.0,10.0,5.0,ebaf80e97c4c252e1bbbf412,307f79a8a9916572da1d6f08,correct,correct,0.009605691066563418,0.0016099783375198573,True
tt,1.95,125.0,0.001,0.5,0.04,-7,5.0,10.0,lvt_balanced_4b,0.0,0.0,,0.25,10.0,5.0,355c297d31f713605aa84aa0,ed79b7f88f99477f6bf6b783,unresolved,unresolved,0.03596667115431131,,True
tt,1.95,125.0,0.001,0.5,0.04,-7,5.0,10.0,lvt_balanced_4b,0.0,0.0,,0.35,10.0,5.0,355c297d31f713605aa84aa0,ed79b7f88f99477f6bf6b783,correct,correct,0.03596667115431131,0.0007495278545418538,True
tt,1.95,125.0,0.001,0.5,0.04,-7,5.0,10.0,lvt_balanced_4b,0.0,0.0,,0.5,10.0,5.0,355c297d31f713605aa84aa0,ed79b7f88f99477f6bf6b783,correct,correct,0.03596667115431131,0.0007495278545418538,True
tt,1.95,125.0,0.001,0.5,0.04,-7,5.0,10.0,lvt_balanced_4b,0.0,0.0,,0.75,10.0,5.0,355c297d31f713605aa84aa0,ed79b7f88f99477f6bf6b783,correct,correct,0.03596667115431131,0.0007495278545418538,True
tt,1.95,125.0,0.001,0.5,0.04,-7,5.0,10.0,lvt_balanced_4b,0.0,0.0,,1.0,10.0,5.0,355c297d31f713605aa84aa0,ed79b7f88f99477f6bf6b783,correct,correct,0.03596667115431131,0.0007495278545418538,True
tt,1.95,125.0,0.001,0.5,0.04,-7,5.0,10.0,lvt_balanced_4b,0.0,0.0,,2.0,10.0,5.0,355c297d31f713605aa84aa0,ed79b7f88f99477f6bf6b783,correct,correct,0.03596667115431131,0.0007495278545418538,True
