corner,vdd_v,temperature_c,differential_v,common_mode_ratio,pair_skew,trim_code,load_ff,max_step_ps,design_name,source_resistance_ohm,sample_cap_ff,previous_differential_v,case_id,stress,input_mv,calibration_policy,deadline_ns,decision,outcome,decision_time_ns,core_energy_fj,reset_ok,qp_at_deadline_v,qn_at_deadline_v,max_differential_input_error_mv,max_common_mode_input_error_mv,run_id
tt,1.8,27.0,-0.003,0.5,0.04,-2,5.0,10.0,baseline,0.0,0.0,,TT | 1.80 V | 27 C | skew +4%,ideal_reference,-3.0,fixed local code from ideal inputs and 0.5*VDD common mode,1.0,-1,correct,0.44299084656172844,143.68658874855845,True,0.008742166715275425,1.799717194079822,2.6020852139652106e-15,1.1102230246251565e-13,d58a26a9178b5f34225b2621
tt,1.8,27.0,-0.003,0.5,0.04,-2,5.0,10.0,baseline,0.0,0.0,,TT | 1.80 V | 27 C | skew +4%,ideal_reference,-3.0,fixed local code from ideal inputs and 0.5*VDD common mode,2.0,-1,correct,0.44299084656172844,143.68658874855845,True,1.36811605719247e-05,1.7999995730482996,2.6020852139652106e-15,1.1102230246251565e-13,d58a26a9178b5f34225b2621
tt,1.8,27.0,-0.001,0.5,0.04,-2,5.0,10.0,baseline,0.0,0.0,,TT | 1.80 V | 27 C | skew +4%,ideal_reference,-1.0,fixed local code from ideal inputs and 0.5*VDD common mode,1.0,-1,correct,0.5013237498488795,147.21876588291755,True,0.010089398902547302,1.799679542910072,8.673617379884035e-16,1.1102230246251565e-13,1ffeee183c55e77759a384a5
tt,1.8,27.0,-0.001,0.5,0.04,-2,5.0,10.0,baseline,0.0,0.0,,TT | 1.80 V | 27 C | skew +4%,ideal_reference,-1.0,fixed local code from ideal inputs and 0.5*VDD common mode,2.0,-1,correct,0.5013237498488795,147.21876588291755,True,1.586657290109405e-05,1.799999313897965,8.673617379884035e-16,1.1102230246251565e-13,1ffeee183c55e77759a384a5
tt,1.8,27.0,0.001,0.5,0.04,-2,5.0,10.0,baseline,0.0,0.0,,TT | 1.80 V | 27 C | skew +4%,ideal_reference,1.0,fixed local code from ideal inputs and 0.5*VDD common mode,1.0,1,correct,0.4837730175035388,145.85440278901532,True,1.7995697264523642,0.015792652818157185,8.673617379884035e-16,1.1102230246251565e-13,98b6f3a9aa8abd8e10e9a06a
tt,1.8,27.0,0.001,0.5,0.04,-2,5.0,10.0,baseline,0.0,0.0,,TT | 1.80 V | 27 C | skew +4%,ideal_reference,1.0,fixed local code from ideal inputs and 0.5*VDD common mode,2.0,1,correct,0.4837730175035388,145.85440278901532,True,1.7999986819792928,4.363520659138758e-05,8.673617379884035e-16,1.1102230246251565e-13,98b6f3a9aa8abd8e10e9a06a
tt,1.8,27.0,0.003,0.5,0.04,-2,5.0,10.0,baseline,0.0,0.0,,TT | 1.80 V | 27 C | skew +4%,ideal_reference,3.0,fixed local code from ideal inputs and 0.5*VDD common mode,1.0,1,correct,0.43275538837545824,143.12652486564363,True,1.7995983258453423,0.014461211249505876,2.6020852139652106e-15,1.1102230246251565e-13,b51965bfff5f96c58e5613dd
tt,1.8,27.0,0.003,0.5,0.04,-2,5.0,10.0,baseline,0.0,0.0,,TT | 1.80 V | 27 C | skew +4%,ideal_reference,3.0,fixed local code from ideal inputs and 0.5*VDD common mode,2.0,1,correct,0.43275538837545824,143.12652486564363,True,1.7999987801285722,3.8737673147412315e-05,2.6020852139652106e-15,1.1102230246251565e-13,b51965bfff5f96c58e5613dd
tt,1.8,27.0,-0.003,0.5,0.04,-2,5.0,10.0,baseline,0.0,0.0,0.03,TT | 1.80 V | 27 C | skew +4%,opposite_input_history,-3.0,fixed local code from ideal inputs and 0.5*VDD common mode,1.0,-1,correct,0.4431295090198712,143.5839971991267,True,0.0086871296661002,1.7997188406326887,2.6020852139652106e-15,1.1102230246251565e-13,f00ab570bece6e26142ab01f
tt,1.8,27.0,-0.003,0.5,0.04,-2,5.0,10.0,baseline,0.0,0.0,0.03,TT | 1.80 V | 27 C | skew +4%,opposite_input_history,-3.0,fixed local code from ideal inputs and 0.5*VDD common mode,2.0,-1,correct,0.4431295090198712,143.5839971991267,True,1.3696842713674573e-05,1.7999996711967272,2.6020852139652106e-15,1.1102230246251565e-13,f00ab570bece6e26142ab01f
tt,1.8,27.0,-0.001,0.5,0.04,-2,5.0,10.0,baseline,0.0,0.0,0.03,TT | 1.80 V | 27 C | skew +4%,opposite_input_history,-1.0,fixed local code from ideal inputs and 0.5*VDD common mode,1.0,-1,correct,0.491498307839041,146.98127522261336,True,0.009971099956567024,1.7996829652559625,8.673617379884035e-16,1.1102230246251565e-13,33feb82d4dd27817ee9a4396
tt,1.8,27.0,-0.001,0.5,0.04,-2,5.0,10.0,baseline,0.0,0.0,0.03,TT | 1.80 V | 27 C | skew +4%,opposite_input_history,-1.0,fixed local code from ideal inputs and 0.5*VDD common mode,2.0,-1,correct,0.491498307839041,146.98127522261336,True,1.5934857376335456e-05,1.799999498830466,8.673617379884035e-16,1.1102230246251565e-13,33feb82d4dd27817ee9a4396
tt,1.8,27.0,0.001,0.5,0.04,-2,5.0,10.0,baseline,0.0,0.0,-0.03,TT | 1.80 V | 27 C | skew +4%,opposite_input_history,1.0,fixed local code from ideal inputs and 0.5*VDD common mode,1.0,1,correct,0.47290102740329115,145.7101573219316,True,1.7995727062770264,0.015660695857759237,8.673617379884035e-16,1.1102230246251565e-13,4276cd7a4d78794bc690328e
tt,1.8,27.0,0.001,0.5,0.04,-2,5.0,10.0,baseline,0.0,0.0,-0.03,TT | 1.80 V | 27 C | skew +4%,opposite_input_history,1.0,fixed local code from ideal inputs and 0.5*VDD common mode,2.0,1,correct,0.47290102740329115,145.7101573219316,True,1.7999987911730864,4.333155517247272e-05,8.673617379884035e-16,1.1102230246251565e-13,4276cd7a4d78794bc690328e
tt,1.8,27.0,0.003,0.5,0.04,-2,5.0,10.0,baseline,0.0,0.0,-0.03,TT | 1.80 V | 27 C | skew +4%,opposite_input_history,3.0,fixed local code from ideal inputs and 0.5*VDD common mode,1.0,1,correct,0.4342117939088707,143.07301909762663,True,1.7996005907131178,0.014366443031070817,2.6020852139652106e-15,1.1102230246251565e-13,854e20223494ec9bed37780c
tt,1.8,27.0,0.003,0.5,0.04,-2,5.0,10.0,baseline,0.0,0.0,-0.03,TT | 1.80 V | 27 C | skew +4%,opposite_input_history,3.0,fixed local code from ideal inputs and 0.5*VDD common mode,2.0,1,correct,0.4342117939088707,143.07301909762663,True,1.7999988891642005,3.8560282972561964e-05,2.6020852139652106e-15,1.1102230246251565e-13,854e20223494ec9bed37780c
tt,1.8,27.0,-0.003,0.5,0.04,-2,5.0,10.0,baseline,1000.0,20.0,,TT | 1.80 V | 27 C | skew +4%,source_1k_20f,-3.0,fixed local code from ideal inputs and 0.5*VDD common mode,1.0,1,wrong,0.4633332308208581,142.88254204110302,True,1.799499295360792,0.021443948203798968,24.398068873932697,23.260381986286106,8683fdcc60ad2d53d0460bc1
tt,1.8,27.0,-0.003,0.5,0.04,-2,5.0,10.0,baseline,1000.0,20.0,,TT | 1.80 V | 27 C | skew +4%,source_1k_20f,-3.0,fixed local code from ideal inputs and 0.5*VDD common mode,2.0,1,wrong,0.4633332308208581,142.88254204110302,True,1.7999972520649696,9.475942309053909e-05,24.398068873932697,23.260381986286106,8683fdcc60ad2d53d0460bc1
tt,1.8,27.0,-0.001,0.5,0.04,-2,5.0,10.0,baseline,1000.0,20.0,,TT | 1.80 V | 27 C | skew +4%,source_1k_20f,-1.0,fixed local code from ideal inputs and 0.5*VDD common mode,1.0,1,wrong,0.4449954107137593,141.38060021564152,True,1.7995159659473616,0.020318410754055497,22.838817238720722,23.25685032958946,1431e1b4ac1a5a307db8772b
tt,1.8,27.0,-0.001,0.5,0.04,-2,5.0,10.0,baseline,1000.0,20.0,,TT | 1.80 V | 27 C | skew +4%,source_1k_20f,-1.0,fixed local code from ideal inputs and 0.5*VDD common mode,2.0,1,wrong,0.4449954107137593,141.38060021564152,True,1.7999975529085417,8.713356531128901e-05,22.838817238720722,23.25685032958946,1431e1b4ac1a5a307db8772b
tt,1.8,27.0,0.001,0.5,0.04,-2,5.0,10.0,baseline,1000.0,20.0,,TT | 1.80 V | 27 C | skew +4%,source_1k_20f,1.0,fixed local code from ideal inputs and 0.5*VDD common mode,1.0,1,correct,0.42522080921594985,140.30007366661602,True,1.7995306355416814,0.019353431853198187,21.592410940453277,23.24918288636846,d713d3f39cee87e52a4ab4ad
tt,1.8,27.0,0.001,0.5,0.04,-2,5.0,10.0,baseline,1000.0,20.0,,TT | 1.80 V | 27 C | skew +4%,source_1k_20f,1.0,fixed local code from ideal inputs and 0.5*VDD common mode,2.0,1,correct,0.42522080921594985,140.30007366661602,True,1.7999977235866145,8.065799816622796e-05,21.592410940453277,23.24918288636846,d713d3f39cee87e52a4ab4ad
tt,1.8,27.0,0.003,0.5,0.04,-2,5.0,10.0,baseline,1000.0,20.0,,TT | 1.80 V | 27 C | skew +4%,source_1k_20f,3.0,fixed local code from ideal inputs and 0.5*VDD common mode,1.0,1,correct,0.41523791833092005,139.44308474026786,True,1.7995444750825933,0.018481772751262383,20.876069152358404,23.2380701222451,95fd7f7d89635741b29bad07
tt,1.8,27.0,0.003,0.5,0.04,-2,5.0,10.0,baseline,1000.0,20.0,,TT | 1.80 V | 27 C | skew +4%,source_1k_20f,3.0,fixed local code from ideal inputs and 0.5*VDD common mode,2.0,1,correct,0.41523791833092005,139.44308474026786,True,1.79999788800988,7.494658929174737e-05,20.876069152358404,23.2380701222451,95fd7f7d89635741b29bad07
tt,1.8,27.0,-0.003,0.5,0.04,-2,5.0,10.0,baseline,5000.0,20.0,,TT | 1.80 V | 27 C | skew +4%,source_5k_20f,-3.0,fixed local code from ideal inputs and 0.5*VDD common mode,1.0,1,wrong,0.46589501846336806,137.59601539780226,True,1.7994955428492034,0.03622417250800097,54.967983938907224,47.17636905910594,1102ba9d72a08da9e02fa9dc
tt,1.8,27.0,-0.003,0.5,0.04,-2,5.0,10.0,baseline,5000.0,20.0,,TT | 1.80 V | 27 C | skew +4%,source_5k_20f,-3.0,fixed local code from ideal inputs and 0.5*VDD common mode,2.0,1,wrong,0.46589501846336806,137.59601539780226,True,1.799984824978576,0.0008695811311565817,54.967983938907224,47.17636905910594,1102ba9d72a08da9e02fa9dc
tt,1.8,27.0,-0.001,0.5,0.04,-2,5.0,10.0,baseline,5000.0,20.0,,TT | 1.80 V | 27 C | skew +4%,source_5k_20f,-1.0,fixed local code from ideal inputs and 0.5*VDD common mode,1.0,1,wrong,0.45580691437879844,137.0774468436624,True,1.7994917203261982,0.03537561809876004,54.69796251648973,47.12577946998153,b7cfb8c23465a846a9502885
tt,1.8,27.0,-0.001,0.5,0.04,-2,5.0,10.0,baseline,5000.0,20.0,,TT | 1.80 V | 27 C | skew +4%,source_5k_20f,-1.0,fixed local code from ideal inputs and 0.5*VDD common mode,2.0,1,wrong,0.45580691437879844,137.0774468436624,True,1.7999853584000054,0.0008382804914430948,54.69796251648973,47.12577946998153,b7cfb8c23465a846a9502885
tt,1.8,27.0,0.001,0.5,0.04,-2,5.0,10.0,baseline,5000.0,20.0,,TT | 1.80 V | 27 C | skew +4%,source_5k_20f,1.0,fixed local code from ideal inputs and 0.5*VDD common mode,1.0,1,correct,0.45600963413343987,136.6038626301895,True,1.7994889153977673,0.03455542930434126,54.365707734265634,47.074525102003825,a10e69047b5f693bdb2cf402
tt,1.8,27.0,0.001,0.5,0.04,-2,5.0,10.0,baseline,5000.0,20.0,,TT | 1.80 V | 27 C | skew +4%,source_5k_20f,1.0,fixed local code from ideal inputs and 0.5*VDD common mode,2.0,1,correct,0.45600963413343987,136.6038626301895,True,1.7999858617939846,0.0008090659152318481,54.365707734265634,47.074525102003825,a10e69047b5f693bdb2cf402
tt,1.8,27.0,0.003,0.5,0.04,-2,5.0,10.0,baseline,5000.0,20.0,,TT | 1.80 V | 27 C | skew +4%,source_5k_20f,3.0,fixed local code from ideal inputs and 0.5*VDD common mode,1.0,1,correct,0.4460286845251584,136.16784200484722,True,1.799487050292056,0.03376063700605947,54.20264010948961,47.021166552111524,870793265101642670303b06
tt,1.8,27.0,0.003,0.5,0.04,-2,5.0,10.0,baseline,5000.0,20.0,,TT | 1.80 V | 27 C | skew +4%,source_5k_20f,3.0,fixed local code from ideal inputs and 0.5*VDD common mode,2.0,1,correct,0.4460286845251584,136.16784200484722,True,1.7999863627978143,0.0007816060017789698,54.20264010948961,47.021166552111524,870793265101642670303b06
tt,1.8,27.0,-0.003,0.5,0.04,-2,5.0,10.0,baseline,10000.0,200.0,0.03,TT | 1.80 V | 27 C | skew +4%,settling_10k_200f,-3.0,fixed local code from ideal inputs and 0.5*VDD common mode,1.0,1,wrong,0.4352389454950581,140.6166357994047,True,1.7995174673674177,0.02269033673285112,22.213839234646922,28.005893178241315,ae2cccb0b51ff777f0a8a4fd
tt,1.8,27.0,-0.003,0.5,0.04,-2,5.0,10.0,baseline,10000.0,200.0,0.03,TT | 1.80 V | 27 C | skew +4%,settling_10k_200f,-3.0,fixed local code from ideal inputs and 0.5*VDD common mode,2.0,1,wrong,0.4352389454950581,140.6166357994047,True,1.7999959828226761,0.0005906671048337708,22.213839234646922,28.005893178241315,ae2cccb0b51ff777f0a8a4fd
tt,1.8,27.0,-0.001,0.5,0.04,-2,5.0,10.0,baseline,10000.0,200.0,0.03,TT | 1.80 V | 27 C | skew +4%,settling_10k_200f,-1.0,fixed local code from ideal inputs and 0.5*VDD common mode,1.0,1,wrong,0.4250036990091882,139.8572892418278,True,1.7995291761571557,0.021714268966647677,22.06025588577887,28.08331245995854,2e682cc0da5d588955341753
tt,1.8,27.0,-0.001,0.5,0.04,-2,5.0,10.0,baseline,10000.0,200.0,0.03,TT | 1.80 V | 27 C | skew +4%,settling_10k_200f,-1.0,fixed local code from ideal inputs and 0.5*VDD common mode,2.0,1,wrong,0.4250036990091882,139.8572892418278,True,1.7999962000684822,0.0005814360378593907,22.06025588577887,28.08331245995854,2e682cc0da5d588955341753
tt,1.8,27.0,0.001,0.5,0.04,-2,5.0,10.0,baseline,10000.0,200.0,-0.03,TT | 1.80 V | 27 C | skew +4%,settling_10k_200f,1.0,fixed local code from ideal inputs and 0.5*VDD common mode,1.0,1,correct,0.4932599494608693,144.57997776010512,True,1.799482177354392,0.02548519509745723,13.726076067261506,27.733363585857763,82577aef18aa86a0a8ed3bcd
tt,1.8,27.0,0.001,0.5,0.04,-2,5.0,10.0,baseline,10000.0,200.0,-0.03,TT | 1.80 V | 27 C | skew +4%,settling_10k_200f,1.0,fixed local code from ideal inputs and 0.5*VDD common mode,2.0,1,correct,0.4932599494608693,144.57997776010512,True,1.7999954101257647,0.000645665751504177,13.726076067261506,27.733363585857763,82577aef18aa86a0a8ed3bcd
tt,1.8,27.0,0.003,0.5,0.04,-2,5.0,10.0,baseline,10000.0,200.0,-0.03,TT | 1.80 V | 27 C | skew +4%,settling_10k_200f,3.0,fixed local code from ideal inputs and 0.5*VDD common mode,1.0,1,correct,0.4633038022171185,142.66824550353817,True,1.799501724434539,0.023842091381814385,13.85002696407334,27.864600844663467,16f3f5668f6b4d233e44ef87
tt,1.8,27.0,0.003,0.5,0.04,-2,5.0,10.0,baseline,10000.0,200.0,-0.03,TT | 1.80 V | 27 C | skew +4%,settling_10k_200f,3.0,fixed local code from ideal inputs and 0.5*VDD common mode,2.0,1,correct,0.4633038022171185,142.66824550353817,True,1.7999958369484648,0.0006316709114263523,13.85002696407334,27.864600844663467,16f3f5668f6b4d233e44ef87
tt,1.8,27.0,-0.003,0.45,0.04,-2,5.0,10.0,baseline,0.0,0.0,,TT | 1.80 V | 27 C | skew +4%,common_mode_0p45,-3.0,fixed local code from ideal inputs and 0.5*VDD common mode,1.0,-1,correct,0.8265150915717582,128.7634736502119,True,0.1670585880648501,1.7953265130803575,2.6020852139652106e-15,0.0,02fe30e9d165bb888f7792fe
tt,1.8,27.0,-0.003,0.45,0.04,-2,5.0,10.0,baseline,0.0,0.0,,TT | 1.80 V | 27 C | skew +4%,common_mode_0p45,-3.0,fixed local code from ideal inputs and 0.5*VDD common mode,2.0,-1,correct,0.8265150915717582,128.7634736502119,True,0.005282119160613278,1.7998946979343928,2.6020852139652106e-15,0.0,02fe30e9d165bb888f7792fe
tt,1.8,27.0,-0.001,0.45,0.04,-2,5.0,10.0,baseline,0.0,0.0,,TT | 1.80 V | 27 C | skew +4%,common_mode_0p45,-1.0,fixed local code from ideal inputs and 0.5*VDD common mode,1.0,-1,correct,0.8565177778499503,130.28471031133026,True,0.19326479348317885,1.7947259778186722,8.673617379884035e-16,0.0,6bb9d9210c187dab97060e60
tt,1.8,27.0,-0.001,0.45,0.04,-2,5.0,10.0,baseline,0.0,0.0,,TT | 1.80 V | 27 C | skew +4%,common_mode_0p45,-1.0,fixed local code from ideal inputs and 0.5*VDD common mode,2.0,-1,correct,0.8565177778499503,130.28471031133026,True,0.00612244111936529,1.7998799054462342,8.673617379884035e-16,0.0,6bb9d9210c187dab97060e60
tt,1.8,27.0,0.001,0.45,0.04,-2,5.0,10.0,baseline,0.0,0.0,,TT | 1.80 V | 27 C | skew +4%,common_mode_0p45,1.0,fixed local code from ideal inputs and 0.5*VDD common mode,1.0,-1,wrong,0.9165237736526709,133.38833167448317,True,0.25260706767936797,1.7932457305953333,8.673617379884035e-16,0.0,6beb1d9c1398facc90ef6ca2
tt,1.8,27.0,0.001,0.45,0.04,-2,5.0,10.0,baseline,0.0,0.0,,TT | 1.80 V | 27 C | skew +4%,common_mode_0p45,1.0,fixed local code from ideal inputs and 0.5*VDD common mode,2.0,-1,wrong,0.9165237736526709,133.38833167448317,True,0.007775664390597237,1.7998515807313813,8.673617379884035e-16,0.0,6beb1d9c1398facc90ef6ca2
tt,1.8,27.0,0.003,0.45,0.04,-2,5.0,10.0,baseline,0.0,0.0,,TT | 1.80 V | 27 C | skew +4%,common_mode_0p45,3.0,fixed local code from ideal inputs and 0.5*VDD common mode,1.0,1,correct,0.9165222828993403,133.0547329272945,True,1.7937364271556737,0.2620238647519415,2.6020852139652106e-15,0.0,206db97f44ee0b6bef1ede33
tt,1.8,27.0,0.003,0.45,0.04,-2,5.0,10.0,baseline,0.0,0.0,,TT | 1.80 V | 27 C | skew +4%,common_mode_0p45,3.0,fixed local code from ideal inputs and 0.5*VDD common mode,2.0,1,correct,0.9165222828993403,133.0547329272945,True,1.7997698559887894,0.014564805860037378,2.6020852139652106e-15,0.0,206db97f44ee0b6bef1ede33
tt,1.8,27.0,-0.003,0.6,0.04,-2,5.0,10.0,baseline,0.0,0.0,,TT | 1.80 V | 27 C | skew +4%,common_mode_0p60,-3.0,fixed local code from ideal inputs and 0.5*VDD common mode,1.0,1,wrong,0.2849765707409489,169.90413453749218,True,1.799993905597387,0.00010654434951455807,1.0842021724855044e-13,0.0,30559936e947fbc6418dc7a1
tt,1.8,27.0,-0.003,0.6,0.04,-2,5.0,10.0,baseline,0.0,0.0,,TT | 1.80 V | 27 C | skew +4%,common_mode_0p60,-3.0,fixed local code from ideal inputs and 0.5*VDD common mode,2.0,1,wrong,0.2849765707409489,169.90413453749218,True,1.7999997990944299,1.5703896766690652e-06,1.0842021724855044e-13,0.0,30559936e947fbc6418dc7a1
tt,1.8,27.0,-0.001,0.6,0.04,-2,5.0,10.0,baseline,0.0,0.0,,TT | 1.80 V | 27 C | skew +4%,common_mode_0p60,-1.0,fixed local code from ideal inputs and 0.5*VDD common mode,1.0,1,wrong,0.26509834507647884,168.52158049677553,True,1.799994360596832,9.785270621984236e-05,1.1188966420050406e-13,0.0,a59cbe467054898b68f7d8fa
tt,1.8,27.0,-0.001,0.6,0.04,-2,5.0,10.0,baseline,0.0,0.0,,TT | 1.80 V | 27 C | skew +4%,common_mode_0p60,-1.0,fixed local code from ideal inputs and 0.5*VDD common mode,2.0,1,wrong,0.26509834507647884,168.52158049677553,True,1.7999997281144369,1.607572361564775e-06,1.1188966420050406e-13,0.0,a59cbe467054898b68f7d8fa
tt,1.8,27.0,0.001,0.6,0.04,-2,5.0,10.0,baseline,0.0,0.0,,TT | 1.80 V | 27 C | skew +4%,common_mode_0p60,1.0,fixed local code from ideal inputs and 0.5*VDD common mode,1.0,1,correct,0.2515500204704603,167.60254705676073,True,1.7999945438436495,9.197313801929523e-05,1.1188966420050406e-13,0.0,b3aaed1161e9ed2399daaefd
tt,1.8,27.0,0.001,0.6,0.04,-2,5.0,10.0,baseline,0.0,0.0,,TT | 1.80 V | 27 C | skew +4%,common_mode_0p60,1.0,fixed local code from ideal inputs and 0.5*VDD common mode,2.0,1,correct,0.2515500204704603,167.60254705676073,True,1.799999885412305,1.3210995451664582e-06,1.1188966420050406e-13,0.0,b3aaed1161e9ed2399daaefd
tt,1.8,27.0,0.003,0.6,0.04,-2,5.0,10.0,baseline,0.0,0.0,,TT | 1.80 V | 27 C | skew +4%,common_mode_0p60,3.0,fixed local code from ideal inputs and 0.5*VDD common mode,1.0,1,correct,0.2438282356248494,166.88379488660485,True,1.79999483597405,8.834009800384949e-05,1.0842021724855044e-13,0.0,4d1b722545fadf91a327292c
tt,1.8,27.0,0.003,0.6,0.04,-2,5.0,10.0,baseline,0.0,0.0,,TT | 1.80 V | 27 C | skew +4%,common_mode_0p60,3.0,fixed local code from ideal inputs and 0.5*VDD common mode,2.0,1,correct,0.2438282356248494,166.88379488660485,True,1.7999997957038472,1.4765899716637766e-06,1.0842021724855044e-13,0.0,4d1b722545fadf91a327292c
tt,1.8,27.0,-0.003,0.5,0.04,-2,20.0,10.0,baseline,0.0,0.0,,TT | 1.80 V | 27 C | skew +4%,output_load_20f,-3.0,fixed local code from ideal inputs and 0.5*VDD common mode,1.0,-1,correct,0.8653695461570605,214.9038730559666,True,0.17254550249074727,1.7800538624901676,2.6020852139652106e-15,1.1102230246251565e-13,42bd64e37948d61af49656e0
tt,1.8,27.0,-0.003,0.5,0.04,-2,20.0,10.0,baseline,0.0,0.0,,TT | 1.80 V | 27 C | skew +4%,output_load_20f,-3.0,fixed local code from ideal inputs and 0.5*VDD common mode,2.0,-1,correct,0.8653695461570605,214.9038730559666,True,0.0005164558967275865,1.7999811234682361,2.6020852139652106e-15,1.1102230246251565e-13,42bd64e37948d61af49656e0
tt,1.8,27.0,-0.001,0.5,0.04,-2,20.0,10.0,baseline,0.0,0.0,,TT | 1.80 V | 27 C | skew +4%,output_load_20f,-1.0,fixed local code from ideal inputs and 0.5*VDD common mode,1.0,-1,correct,0.9153733130964496,218.04788175745617,True,0.2260015316559572,1.7563203237537073,8.673617379884035e-16,1.1102230246251565e-13,27a167aa4298b0eeebd86b4f
tt,1.8,27.0,-0.001,0.5,0.04,-2,20.0,10.0,baseline,0.0,0.0,,TT | 1.80 V | 27 C | skew +4%,output_load_20f,-1.0,fixed local code from ideal inputs and 0.5*VDD common mode,2.0,-1,correct,0.9153733130964496,218.04788175745617,True,0.0006374785029170083,1.7999768208197313,8.673617379884035e-16,1.1102230246251565e-13,27a167aa4298b0eeebd86b4f
tt,1.8,27.0,0.001,0.5,0.04,-2,20.0,10.0,baseline,0.0,0.0,,TT | 1.80 V | 27 C | skew +4%,output_load_20f,1.0,fixed local code from ideal inputs and 0.5*VDD common mode,1.0,-1,wrong,0.9958860063544688,223.94118576729701,True,0.34579402249072033,1.612374247747376,8.673617379884035e-16,1.1102230246251565e-13,e63a38ce81f49295a7d50c67
tt,1.8,27.0,0.001,0.5,0.04,-2,20.0,10.0,baseline,0.0,0.0,,TT | 1.80 V | 27 C | skew +4%,output_load_20f,1.0,fixed local code from ideal inputs and 0.5*VDD common mode,2.0,-1,wrong,0.9958860063544688,223.94118576729701,True,0.0009673265943803156,1.7999650292113438,8.673617379884035e-16,1.1102230246251565e-13,e63a38ce81f49295a7d50c67
tt,1.8,27.0,0.003,0.5,0.04,-2,20.0,10.0,baseline,0.0,0.0,,TT | 1.80 V | 27 C | skew +4%,output_load_20f,3.0,fixed local code from ideal inputs and 0.5*VDD common mode,1.0,0,unresolved,,230.03159701233056,True,1.2934987602561687,0.5614901422223662,2.6020852139652106e-15,1.1102230246251565e-13,b78c7a98a8938fabbef24eae
tt,1.8,27.0,0.003,0.5,0.04,-2,20.0,10.0,baseline,0.0,0.0,,TT | 1.80 V | 27 C | skew +4%,output_load_20f,3.0,fixed local code from ideal inputs and 0.5*VDD common mode,2.0,1,correct,1.0858268633911996,230.03159701233056,True,1.7999212051714815,0.002488407242692183,2.6020852139652106e-15,1.1102230246251565e-13,b78c7a98a8938fabbef24eae
ss,1.62,-40.0,-0.003,0.5,0.04,-1,5.0,10.0,baseline,0.0,0.0,,SS | 1.62 V | -40 C | skew +4%,ideal_reference,-3.0,fixed local code from ideal inputs and 0.5*VDD common mode,1.0,0,unresolved,,78.31391476648727,True,1.4518461893363865,1.4635492546639866,2.6020852139652106e-15,0.0,5fce23969701f5e72e7a3401
ss,1.62,-40.0,-0.003,0.5,0.04,-1,5.0,10.0,baseline,0.0,0.0,,SS | 1.62 V | -40 C | skew +4%,ideal_reference,-3.0,fixed local code from ideal inputs and 0.5*VDD common mode,2.0,0,unresolved,,78.31391476648727,True,1.0508818996692857,1.1235175624374385,2.6020852139652106e-15,0.0,5fce23969701f5e72e7a3401
ss,1.62,-40.0,-0.001,0.5,0.04,-1,5.0,10.0,baseline,0.0,0.0,,SS | 1.62 V | -40 C | skew +4%,ideal_reference,-1.0,fixed local code from ideal inputs and 0.5*VDD common mode,1.0,0,unresolved,,77.40891963633119,True,1.4617089328704818,1.4502311190806378,8.673617379884035e-16,0.0,d209d1530e71bb5f499832a3
ss,1.62,-40.0,-0.001,0.5,0.04,-1,5.0,10.0,baseline,0.0,0.0,,SS | 1.62 V | -40 C | skew +4%,ideal_reference,-1.0,fixed local code from ideal inputs and 0.5*VDD common mode,2.0,0,unresolved,,77.40891963633119,True,1.0712146832267762,1.088806429656318,8.673617379884035e-16,0.0,d209d1530e71bb5f499832a3
ss,1.62,-40.0,0.001,0.5,0.04,-1,5.0,10.0,baseline,0.0,0.0,,SS | 1.62 V | -40 C | skew +4%,ideal_reference,1.0,fixed local code from ideal inputs and 0.5*VDD common mode,1.0,0,unresolved,,76.99064817784593,True,1.475275227574598,1.4380046653144283,8.673617379884035e-16,0.0,a44f0f794d571ad9aab6c011
ss,1.62,-40.0,0.001,0.5,0.04,-1,5.0,10.0,baseline,0.0,0.0,,SS | 1.62 V | -40 C | skew +4%,ideal_reference,1.0,fixed local code from ideal inputs and 0.5*VDD common mode,2.0,0,unresolved,,76.99064817784593,True,1.1160735331682798,1.0475612474967213,8.673617379884035e-16,0.0,a44f0f794d571ad9aab6c011
ss,1.62,-40.0,0.003,0.5,0.04,-1,5.0,10.0,baseline,0.0,0.0,,SS | 1.62 V | -40 C | skew +4%,ideal_reference,3.0,fixed local code from ideal inputs and 0.5*VDD common mode,1.0,0,unresolved,,78.46295260698551,True,1.4889364474860238,1.4257094209235692,2.6020852139652106e-15,0.0,487d892bb307fb0e54be2a8b
ss,1.62,-40.0,0.003,0.5,0.04,-1,5.0,10.0,baseline,0.0,0.0,,SS | 1.62 V | -40 C | skew +4%,ideal_reference,3.0,fixed local code from ideal inputs and 0.5*VDD common mode,2.0,0,unresolved,,78.46295260698551,True,1.1554806680501613,1.0196560750382733,2.6020852139652106e-15,0.0,487d892bb307fb0e54be2a8b
ss,1.62,-40.0,-0.003,0.5,0.04,-1,5.0,10.0,baseline,0.0,0.0,0.03,SS | 1.62 V | -40 C | skew +4%,opposite_input_history,-3.0,fixed local code from ideal inputs and 0.5*VDD common mode,1.0,0,unresolved,,79.80307474493532,True,1.4438625114051837,1.4690489891233647,2.6020852139652106e-15,0.0,44c0193c8bc480f32b056ccb
ss,1.62,-40.0,-0.003,0.5,0.04,-1,5.0,10.0,baseline,0.0,0.0,0.03,SS | 1.62 V | -40 C | skew +4%,opposite_input_history,-3.0,fixed local code from ideal inputs and 0.5*VDD common mode,2.0,0,unresolved,,79.80307474493532,True,1.0100493774473767,1.152542828010092,2.6020852139652106e-15,0.0,44c0193c8bc480f32b056ccb
ss,1.62,-40.0,-0.001,0.5,0.04,-1,5.0,10.0,baseline,0.0,0.0,0.03,SS | 1.62 V | -40 C | skew +4%,opposite_input_history,-1.0,fixed local code from ideal inputs and 0.5*VDD common mode,1.0,0,unresolved,,77.80657502993314,True,1.4595821192098473,1.4532865374219492,8.673617379884035e-16,0.0,5257d026f3c486062677fce0
ss,1.62,-40.0,-0.001,0.5,0.04,-1,5.0,10.0,baseline,0.0,0.0,0.03,SS | 1.62 V | -40 C | skew +4%,opposite_input_history,-1.0,fixed local code from ideal inputs and 0.5*VDD common mode,2.0,0,unresolved,,77.80657502993314,True,1.0625085011410509,1.0994845738303967,8.673617379884035e-16,0.0,5257d026f3c486062677fce0
ss,1.62,-40.0,0.001,0.5,0.04,-1,5.0,10.0,baseline,0.0,0.0,-0.03,SS | 1.62 V | -40 C | skew +4%,opposite_input_history,1.0,fixed local code from ideal inputs and 0.5*VDD common mode,1.0,0,unresolved,,78.5830473103395,True,1.4783171953480827,1.433209891296985,8.673617379884035e-16,0.0,4b8c2195c80f3082a492ca5b
ss,1.62,-40.0,0.001,0.5,0.04,-1,5.0,10.0,baseline,0.0,0.0,-0.03,SS | 1.62 V | -40 C | skew +4%,opposite_input_history,1.0,fixed local code from ideal inputs and 0.5*VDD common mode,2.0,0,unresolved,,78.5830473103395,True,1.1293479517535039,1.0314972097346682,8.673617379884035e-16,0.0,4b8c2195c80f3082a492ca5b
ss,1.62,-40.0,0.003,0.5,0.04,-1,5.0,10.0,baseline,0.0,0.0,-0.03,SS | 1.62 V | -40 C | skew +4%,opposite_input_history,3.0,fixed local code from ideal inputs and 0.5*VDD common mode,1.0,0,unresolved,,79.7741502170244,True,1.4935019473814681,1.4170904979763315,2.6020852139652106e-15,0.0,ff8f1c6428836c71d05e48cc
ss,1.62,-40.0,0.003,0.5,0.04,-1,5.0,10.0,baseline,0.0,0.0,-0.03,SS | 1.62 V | -40 C | skew +4%,opposite_input_history,3.0,fixed local code from ideal inputs and 0.5*VDD common mode,2.0,0,unresolved,,79.7741502170244,True,1.1817466331119386,0.9789977271815437,2.6020852139652106e-15,0.0,ff8f1c6428836c71d05e48cc
ss,1.62,-40.0,-0.003,0.5,0.04,-1,5.0,10.0,baseline,1000.0,20.0,,SS | 1.62 V | -40 C | skew +4%,source_1k_20f,-3.0,fixed local code from ideal inputs and 0.5*VDD common mode,1.0,0,unresolved,,77.42843798496382,True,1.4659631816701149,1.4732471421176268,5.453065131992838,6.391662544347865,f3f5c35842399d6b80f52d7f
ss,1.62,-40.0,-0.003,0.5,0.04,-1,5.0,10.0,baseline,1000.0,20.0,,SS | 1.62 V | -40 C | skew +4%,source_1k_20f,-3.0,fixed local code from ideal inputs and 0.5*VDD common mode,2.0,0,unresolved,,77.42843798496382,True,1.0655605955221754,1.1279504222661247,5.453065131992838,6.391662544347865,f3f5c35842399d6b80f52d7f
ss,1.62,-40.0,-0.001,0.5,0.04,-1,5.0,10.0,baseline,1000.0,20.0,,SS | 1.62 V | -40 C | skew +4%,source_1k_20f,-1.0,fixed local code from ideal inputs and 0.5*VDD common mode,1.0,0,unresolved,,76.56671603635941,True,1.4752488264905548,1.460480191729897,4.859282371032835,6.122246690202671,206df65d4c8b515650a92f70
ss,1.62,-40.0,-0.001,0.5,0.04,-1,5.0,10.0,baseline,1000.0,20.0,,SS | 1.62 V | -40 C | skew +4%,source_1k_20f,-1.0,fixed local code from ideal inputs and 0.5*VDD common mode,2.0,0,unresolved,,76.56671603635941,True,1.0845745661739048,1.0942588781728506,4.859282371032835,6.122246690202671,206df65d4c8b515650a92f70
ss,1.62,-40.0,0.001,0.5,0.04,-1,5.0,10.0,baseline,1000.0,20.0,,SS | 1.62 V | -40 C | skew +4%,source_1k_20f,1.0,fixed local code from ideal inputs and 0.5*VDD common mode,1.0,0,unresolved,,76.1353550133181,True,1.4877677143020036,1.4498448503910057,4.707365678331078,6.135060640162671,49a36a88df87017d48ed9f9e
ss,1.62,-40.0,0.001,0.5,0.04,-1,5.0,10.0,baseline,1000.0,20.0,,SS | 1.62 V | -40 C | skew +4%,source_1k_20f,1.0,fixed local code from ideal inputs and 0.5*VDD common mode,2.0,0,unresolved,,76.1353550133181,True,1.1255602947007404,1.0582998984645733,4.707365678331078,6.135060640162671,49a36a88df87017d48ed9f9e
ss,1.62,-40.0,0.003,0.5,0.04,-1,5.0,10.0,baseline,1000.0,20.0,,SS | 1.62 V | -40 C | skew +4%,source_1k_20f,3.0,fixed local code from ideal inputs and 0.5*VDD common mode,1.0,0,unresolved,,78.00257690017621,True,1.5012647836208122,1.4370466682059928,4.362890212920137,6.29494090487237,ff340a62a382f9a4907a957c
ss,1.62,-40.0,0.003,0.5,0.04,-1,5.0,10.0,baseline,1000.0,20.0,,SS | 1.62 V | -40 C | skew +4%,source_1k_20f,3.0,fixed local code from ideal inputs and 0.5*VDD common mode,2.0,0,unresolved,,78.00257690017621,True,1.1665680140421146,1.027816120195283,4.362890212920137,6.29494090487237,ff340a62a382f9a4907a957c
ss,1.62,-40.0,-0.003,0.5,0.04,-1,5.0,10.0,baseline,5000.0,20.0,,SS | 1.62 V | -40 C | skew +4%,source_5k_20f,-3.0,fixed local code from ideal inputs and 0.5*VDD common mode,1.0,0,unresolved,,73.04182668350431,True,1.514486652640033,1.5056681691166736,7.179064499353902,10.332786768791458,9f5844fc97557c2b33a8263f
ss,1.62,-40.0,-0.003,0.5,0.04,-1,5.0,10.0,baseline,5000.0,20.0,,SS | 1.62 V | -40 C | skew +4%,source_5k_20f,-3.0,fixed local code from ideal inputs and 0.5*VDD common mode,2.0,0,unresolved,,73.04182668350431,True,1.1169579500625877,1.146935070358902,7.179064499353902,10.332786768791458,9f5844fc97557c2b33a8263f
ss,1.62,-40.0,-0.001,0.5,0.04,-1,5.0,10.0,baseline,5000.0,20.0,,SS | 1.62 V | -40 C | skew +4%,source_5k_20f,-1.0,fixed local code from ideal inputs and 0.5*VDD common mode,1.0,0,unresolved,,73.26299878179663,True,1.5222334666470891,1.4962296714053964,6.328274055259596,10.261116279152716,ac550c766a2f9478afd60c06
ss,1.62,-40.0,-0.001,0.5,0.04,-1,5.0,10.0,baseline,5000.0,20.0,,SS | 1.62 V | -40 C | skew +4%,source_5k_20f,-1.0,fixed local code from ideal inputs and 0.5*VDD common mode,2.0,0,unresolved,,73.26299878179663,True,1.1378849303230443,1.1162897038036954,6.328274055259596,10.261116279152716,ac550c766a2f9478afd60c06
ss,1.62,-40.0,0.001,0.5,0.04,-1,5.0,10.0,baseline,5000.0,20.0,,SS | 1.62 V | -40 C | skew +4%,source_5k_20f,1.0,fixed local code from ideal inputs and 0.5*VDD common mode,1.0,0,unresolved,,72.76497165347644,True,1.5297319463083185,1.490237398123583,5.745974046645675,10.360602156592735,6884bb1d29bbf00a53fadb94
ss,1.62,-40.0,0.001,0.5,0.04,-1,5.0,10.0,baseline,5000.0,20.0,,SS | 1.62 V | -40 C | skew +4%,source_5k_20f,1.0,fixed local code from ideal inputs and 0.5*VDD common mode,2.0,0,unresolved,,72.76497165347644,True,1.1641250664668759,1.0970592107060348,5.745974046645675,10.360602156592735,6884bb1d29bbf00a53fadb94
ss,1.62,-40.0,0.003,0.5,0.04,-1,5.0,10.0,baseline,5000.0,20.0,,SS | 1.62 V | -40 C | skew +4%,source_5k_20f,3.0,fixed local code from ideal inputs and 0.5*VDD common mode,1.0,0,unresolved,,76.42130458486683,True,1.5413295133765077,1.4774906016899383,9.181681425222246,10.410392207737207,a596cd06269f058fd24e84fa
ss,1.62,-40.0,0.003,0.5,0.04,-1,5.0,10.0,baseline,5000.0,20.0,,SS | 1.62 V | -40 C | skew +4%,source_5k_20f,3.0,fixed local code from ideal inputs and 0.5*VDD common mode,2.0,0,unresolved,,76.42130458486683,True,1.2077079238851924,1.0558460986573632,9.181681425222246,10.410392207737207,a596cd06269f058fd24e84fa
ss,1.62,-40.0,-0.003,0.5,0.04,-1,5.0,10.0,baseline,10000.0,200.0,0.03,SS | 1.62 V | -40 C | skew +4%,settling_10k_200f,-3.0,fixed local code from ideal inputs and 0.5*VDD common mode,1.0,0,unresolved,,71.81768263834874,True,1.4951074177689208,1.4676707472880035,4.855285313396404,7.457490841044745,1650929f70da0c6d05b125a6
ss,1.62,-40.0,-0.003,0.5,0.04,-1,5.0,10.0,baseline,10000.0,200.0,0.03,SS | 1.62 V | -40 C | skew +4%,settling_10k_200f,-3.0,fixed local code from ideal inputs and 0.5*VDD common mode,2.0,0,unresolved,,71.81768263834874,True,1.1267701270047796,1.1177851451897052,4.855285313396404,7.457490841044745,1650929f70da0c6d05b125a6
ss,1.62,-40.0,-0.001,0.5,0.04,-1,5.0,10.0,baseline,10000.0,200.0,0.03,SS | 1.62 V | -40 C | skew +4%,settling_10k_200f,-1.0,fixed local code from ideal inputs and 0.5*VDD common mode,1.0,0,unresolved,,73.6578570438409,True,1.5071817499955973,1.4550018173996953,4.5539144382540355,7.213257649836713,b6e909be75363e7dee1786e1
ss,1.62,-40.0,-0.001,0.5,0.04,-1,5.0,10.0,baseline,10000.0,200.0,0.03,SS | 1.62 V | -40 C | skew +4%,settling_10k_200f,-1.0,fixed local code from ideal inputs and 0.5*VDD common mode,2.0,0,unresolved,,73.6578570438409,True,1.1680263574158993,1.075119087113381,4.5539144382540355,7.213257649836713,b6e909be75363e7dee1786e1
ss,1.62,-40.0,0.001,0.5,0.04,-1,5.0,10.0,baseline,10000.0,200.0,-0.03,SS | 1.62 V | -40 C | skew +4%,settling_10k_200f,1.0,fixed local code from ideal inputs and 0.5*VDD common mode,1.0,0,unresolved,,71.98452097970484,True,1.4883827988316467,1.473831035595154,4.050889447222649,7.422422181373012,5403def46ae33a0e59f398c6
ss,1.62,-40.0,0.001,0.5,0.04,-1,5.0,10.0,baseline,10000.0,200.0,-0.03,SS | 1.62 V | -40 C | skew +4%,settling_10k_200f,1.0,fixed local code from ideal inputs and 0.5*VDD common mode,2.0,0,unresolved,,71.98452097970484,True,1.1306379987454758,1.1129881155861445,4.050889447222649,7.422422181373012,5403def46ae33a0e59f398c6
ss,1.62,-40.0,0.003,0.5,0.04,-1,5.0,10.0,baseline,10000.0,200.0,-0.03,SS | 1.62 V | -40 C | skew +4%,settling_10k_200f,3.0,fixed local code from ideal inputs and 0.5*VDD common mode,1.0,0,unresolved,,74.18217165247701,True,1.500567531807348,1.461183746248913,4.5722768576824695,6.74362021520114,ae162ad13ee1da8668847e91
ss,1.62,-40.0,0.003,0.5,0.04,-1,5.0,10.0,baseline,10000.0,200.0,-0.03,SS | 1.62 V | -40 C | skew +4%,settling_10k_200f,3.0,fixed local code from ideal inputs and 0.5*VDD common mode,2.0,0,unresolved,,74.18217165247701,True,1.1725286480871866,1.0714970063283427,4.5722768576824695,6.74362021520114,ae162ad13ee1da8668847e91
ss,1.62,-40.0,-0.003,0.45,0.04,-1,5.0,10.0,baseline,0.0,0.0,,SS | 1.62 V | -40 C | skew +4%,common_mode_0p45,-3.0,fixed local code from ideal inputs and 0.5*VDD common mode,1.0,0,unresolved,,33.01816487169303,True,1.6724833201936358,1.6723405361983934,2.6020852139652106e-15,0.0,079c871a9a1de6d49fda176f
ss,1.62,-40.0,-0.003,0.45,0.04,-1,5.0,10.0,baseline,0.0,0.0,,SS | 1.62 V | -40 C | skew +4%,common_mode_0p45,-3.0,fixed local code from ideal inputs and 0.5*VDD common mode,2.0,0,unresolved,,33.01816487169303,True,1.6616552036107615,1.6606787891941124,2.6020852139652106e-15,0.0,079c871a9a1de6d49fda176f
ss,1.62,-40.0,-0.001,0.45,0.04,-1,5.0,10.0,baseline,0.0,0.0,,SS | 1.62 V | -40 C | skew +4%,common_mode_0p45,-1.0,fixed local code from ideal inputs and 0.5*VDD common mode,1.0,0,unresolved,,33.00944523639418,True,1.672280543840391,1.6725474157540867,8.673617379884035e-16,0.0,e7ce13683fce918d38c5118d
ss,1.62,-40.0,-0.001,0.45,0.04,-1,5.0,10.0,baseline,0.0,0.0,,SS | 1.62 V | -40 C | skew +4%,common_mode_0p45,-1.0,fixed local code from ideal inputs and 0.5*VDD common mode,2.0,0,unresolved,,33.00944523639418,True,1.6612880065581923,1.6611900033961262,8.673617379884035e-16,0.0,e7ce13683fce918d38c5118d
ss,1.62,-40.0,0.001,0.45,0.04,-1,5.0,10.0,baseline,0.0,0.0,,SS | 1.62 V | -40 C | skew +4%,common_mode_0p45,1.0,fixed local code from ideal inputs and 0.5*VDD common mode,1.0,0,unresolved,,33.01121685327532,True,1.6720748456963515,1.6727514109352437,8.673617379884035e-16,0.0,9f80413d085d2ed5886c9740
ss,1.62,-40.0,0.001,0.45,0.04,-1,5.0,10.0,baseline,0.0,0.0,,SS | 1.62 V | -40 C | skew +4%,common_mode_0p45,1.0,fixed local code from ideal inputs and 0.5*VDD common mode,2.0,0,unresolved,,33.01121685327532,True,1.6608034714203141,1.66158895992585,8.673617379884035e-16,0.0,9f80413d085d2ed5886c9740
ss,1.62,-40.0,0.003,0.45,0.04,-1,5.0,10.0,baseline,0.0,0.0,,SS | 1.62 V | -40 C | skew +4%,common_mode_0p45,3.0,fixed local code from ideal inputs and 0.5*VDD common mode,1.0,0,unresolved,,33.023391329671384,True,1.6718661706336926,1.6729525764485826,2.6020852139652106e-15,0.0,971ffa3896c791c36ea985cf
ss,1.62,-40.0,0.003,0.45,0.04,-1,5.0,10.0,baseline,0.0,0.0,,SS | 1.62 V | -40 C | skew +4%,common_mode_0p45,3.0,fixed local code from ideal inputs and 0.5*VDD common mode,2.0,0,unresolved,,33.023391329671384,True,1.6602336334577141,1.6618371180760667,2.6020852139652106e-15,0.0,971ffa3896c791c36ea985cf
ss,1.62,-40.0,-0.003,0.6,0.04,-1,5.0,10.0,baseline,0.0,0.0,,SS | 1.62 V | -40 C | skew +4%,common_mode_0p60,-3.0,fixed local code from ideal inputs and 0.5*VDD common mode,1.0,1,wrong,0.7763576094818403,118.93500374700949,True,1.6161606696309596,0.02691189587614503,2.6020852139652106e-15,0.0,eb563b6be50cdffaf796bceb
ss,1.62,-40.0,-0.003,0.6,0.04,-1,5.0,10.0,baseline,0.0,0.0,,SS | 1.62 V | -40 C | skew +4%,common_mode_0p60,-3.0,fixed local code from ideal inputs and 0.5*VDD common mode,2.0,1,wrong,0.7763576094818403,118.93500374700949,True,1.6199967159090352,4.2353973557312464e-05,2.6020852139652106e-15,0.0,eb563b6be50cdffaf796bceb
ss,1.62,-40.0,-0.001,0.6,0.04,-1,5.0,10.0,baseline,0.0,0.0,,SS | 1.62 V | -40 C | skew +4%,common_mode_0p60,-1.0,fixed local code from ideal inputs and 0.5*VDD common mode,1.0,1,wrong,0.6363653993570496,117.66112451645063,True,1.618650184272645,0.019216673620966084,8.673617379884035e-16,0.0,2f084f467b530444da644189
ss,1.62,-40.0,-0.001,0.6,0.04,-1,5.0,10.0,baseline,0.0,0.0,,SS | 1.62 V | -40 C | skew +4%,common_mode_0p60,-1.0,fixed local code from ideal inputs and 0.5*VDD common mode,2.0,1,wrong,0.6363653993570496,117.66112451645063,True,1.6199976713158166,2.990367008133208e-05,8.673617379884035e-16,0.0,2f084f467b530444da644189
ss,1.62,-40.0,0.001,0.6,0.04,-1,5.0,10.0,baseline,0.0,0.0,,SS | 1.62 V | -40 C | skew +4%,common_mode_0p60,1.0,fixed local code from ideal inputs and 0.5*VDD common mode,1.0,1,correct,0.5663796240483392,116.7736457084959,True,1.6188250749827442,0.01755867859091984,8.673617379884035e-16,0.0,d33acaf208506c342933563f
ss,1.62,-40.0,0.001,0.6,0.04,-1,5.0,10.0,baseline,0.0,0.0,,SS | 1.62 V | -40 C | skew +4%,common_mode_0p60,1.0,fixed local code from ideal inputs and 0.5*VDD common mode,2.0,1,correct,0.5663796240483392,116.7736457084959,True,1.6199979379080711,2.6398255150203856e-05,8.673617379884035e-16,0.0,d33acaf208506c342933563f
ss,1.62,-40.0,0.003,0.6,0.04,-1,5.0,10.0,baseline,0.0,0.0,,SS | 1.62 V | -40 C | skew +4%,common_mode_0p60,3.0,fixed local code from ideal inputs and 0.5*VDD common mode,1.0,1,correct,0.5264003283686598,116.07248488770594,True,1.6188887997353356,0.016622797889753974,2.6020852139652106e-15,0.0,3704d3509de9bda0de8b896d
ss,1.62,-40.0,0.003,0.6,0.04,-1,5.0,10.0,baseline,0.0,0.0,,SS | 1.62 V | -40 C | skew +4%,common_mode_0p60,3.0,fixed local code from ideal inputs and 0.5*VDD common mode,2.0,1,correct,0.5264003283686598,116.07248488770594,True,1.6199981086794621,2.4096859952346797e-05,2.6020852139652106e-15,0.0,3704d3509de9bda0de8b896d
ss,1.62,-40.0,-0.003,0.5,0.04,-1,20.0,10.0,baseline,0.0,0.0,,SS | 1.62 V | -40 C | skew +4%,output_load_20f,-3.0,fixed local code from ideal inputs and 0.5*VDD common mode,1.0,0,unresolved,,87.69598866953798,True,1.542478456373466,1.549312233241,2.6020852139652106e-15,0.0,77f730125dde04f52bcc1394
ss,1.62,-40.0,-0.003,0.5,0.04,-1,20.0,10.0,baseline,0.0,0.0,,SS | 1.62 V | -40 C | skew +4%,output_load_20f,-3.0,fixed local code from ideal inputs and 0.5*VDD common mode,2.0,0,unresolved,,87.69598866953798,True,1.3275945014396477,1.3535317614475024,2.6020852139652106e-15,0.0,77f730125dde04f52bcc1394
ss,1.62,-40.0,-0.001,0.5,0.04,-1,20.0,10.0,baseline,0.0,0.0,,SS | 1.62 V | -40 C | skew +4%,output_load_20f,-1.0,fixed local code from ideal inputs and 0.5*VDD common mode,1.0,0,unresolved,,87.72985494617069,True,1.547287199387193,1.5444746706320294,8.673617379884035e-16,0.0,4fd500c6326170bf88d9acda
ss,1.62,-40.0,-0.001,0.5,0.04,-1,20.0,10.0,baseline,0.0,0.0,,SS | 1.62 V | -40 C | skew +4%,output_load_20f,-1.0,fixed local code from ideal inputs and 0.5*VDD common mode,2.0,0,unresolved,,87.72985494617069,True,1.3385757044145337,1.3424933379665842,8.673617379884035e-16,0.0,4fd500c6326170bf88d9acda
ss,1.62,-40.0,0.001,0.5,0.04,-1,20.0,10.0,baseline,0.0,0.0,,SS | 1.62 V | -40 C | skew +4%,output_load_20f,1.0,fixed local code from ideal inputs and 0.5*VDD common mode,1.0,0,unresolved,,87.76422252129683,True,1.5520376641824645,1.5395771192390273,8.673617379884035e-16,0.0,a4bf50179e83bf623165664d
ss,1.62,-40.0,0.001,0.5,0.04,-1,20.0,10.0,baseline,0.0,0.0,,SS | 1.62 V | -40 C | skew +4%,output_load_20f,1.0,fixed local code from ideal inputs and 0.5*VDD common mode,2.0,0,unresolved,,87.76422252129683,True,1.3494289315127364,1.3312981346661108,8.673617379884035e-16,0.0,a4bf50179e83bf623165664d
ss,1.62,-40.0,0.003,0.5,0.04,-1,20.0,10.0,baseline,0.0,0.0,,SS | 1.62 V | -40 C | skew +4%,output_load_20f,3.0,fixed local code from ideal inputs and 0.5*VDD common mode,1.0,0,unresolved,,87.79983008569889,True,1.556751333133139,1.534645068810882,2.6020852139652106e-15,0.0,b72898ea45b1d41dbc508f60
ss,1.62,-40.0,0.003,0.5,0.04,-1,20.0,10.0,baseline,0.0,0.0,,SS | 1.62 V | -40 C | skew +4%,output_load_20f,3.0,fixed local code from ideal inputs and 0.5*VDD common mode,2.0,0,unresolved,,87.79983008569889,True,1.3601564413684741,1.3199818014600013,2.6020852139652106e-15,0.0,b72898ea45b1d41dbc508f60
ss,1.62,125.0,-0.003,0.5,0.04,-2,5.0,10.0,baseline,0.0,0.0,,SS | 1.62 V | 125 C | skew +4%,ideal_reference,-3.0,fixed local code from ideal inputs and 0.5*VDD common mode,1.0,0,unresolved,,120.27177553416581,True,0.3746718283199054,1.5858166499209068,2.6020852139652106e-15,0.0,a9ee671727d074a44db96acd
ss,1.62,125.0,-0.003,0.5,0.04,-2,5.0,10.0,baseline,0.0,0.0,,SS | 1.62 V | 125 C | skew +4%,ideal_reference,-3.0,fixed local code from ideal inputs and 0.5*VDD common mode,2.0,-1,correct,1.052049404441779,120.27177553416581,True,0.022805071561249477,1.619633720362948,2.6020852139652106e-15,0.0,a9ee671727d074a44db96acd
ss,1.62,125.0,-0.001,0.5,0.04,-2,5.0,10.0,baseline,0.0,0.0,,SS | 1.62 V | 125 C | skew +4%,ideal_reference,-1.0,fixed local code from ideal inputs and 0.5*VDD common mode,1.0,0,unresolved,,121.68578861158315,True,0.41990785229046945,1.528958534947443,8.673617379884035e-16,0.0,160857d69e859f07e4f9a402
ss,1.62,125.0,-0.001,0.5,0.04,-2,5.0,10.0,baseline,0.0,0.0,,SS | 1.62 V | 125 C | skew +4%,ideal_reference,-1.0,fixed local code from ideal inputs and 0.5*VDD common mode,2.0,-1,correct,1.0918571635262997,121.68578861158315,True,0.02448454466508487,1.6196196028181138,8.673617379884035e-16,0.0,160857d69e859f07e4f9a402
ss,1.62,125.0,0.001,0.5,0.04,-2,5.0,10.0,baseline,0.0,0.0,,SS | 1.62 V | 125 C | skew +4%,ideal_reference,1.0,fixed local code from ideal inputs and 0.5*VDD common mode,1.0,0,unresolved,,124.6545949666182,True,0.6830192065553407,1.1879241438073287,8.673617379884035e-16,0.0,e93888331032a3067c4c8b54
ss,1.62,125.0,0.001,0.5,0.04,-2,5.0,10.0,baseline,0.0,0.0,,SS | 1.62 V | 125 C | skew +4%,ideal_reference,1.0,fixed local code from ideal inputs and 0.5*VDD common mode,2.0,-1,wrong,1.191739717708739,124.6545949666182,True,0.027716602343664194,1.619578978236051,8.673617379884035e-16,0.0,e93888331032a3067c4c8b54
ss,1.62,125.0,0.003,0.5,0.04,-2,5.0,10.0,baseline,0.0,0.0,,SS | 1.62 V | 125 C | skew +4%,ideal_reference,3.0,fixed local code from ideal inputs and 0.5*VDD common mode,1.0,0,unresolved,,124.1131100337667,True,1.247841994833342,0.6390415712891381,2.6020852139652106e-15,0.0,f4b5c6df7ce1728d9ac21240
ss,1.62,125.0,0.003,0.5,0.04,-2,5.0,10.0,baseline,0.0,0.0,,SS | 1.62 V | 125 C | skew +4%,ideal_reference,3.0,fixed local code from ideal inputs and 0.5*VDD common mode,2.0,1,correct,1.1758617010788395,124.1131100337667,True,1.619541055752225,0.03699853284272077,2.6020852139652106e-15,0.0,f4b5c6df7ce1728d9ac21240
ss,1.62,125.0,-0.003,0.5,0.04,-2,5.0,10.0,baseline,0.0,0.0,0.03,SS | 1.62 V | 125 C | skew +4%,opposite_input_history,-3.0,fixed local code from ideal inputs and 0.5*VDD common mode,1.0,0,unresolved,,120.19271768810678,True,0.3736124779681656,1.5866355414198459,2.6020852139652106e-15,0.0,82173bcdffaede1eb9b105ea
ss,1.62,125.0,-0.003,0.5,0.04,-2,5.0,10.0,baseline,0.0,0.0,0.03,SS | 1.62 V | 125 C | skew +4%,opposite_input_history,-3.0,fixed local code from ideal inputs and 0.5*VDD common mode,2.0,-1,correct,1.05413729884557,120.19271768810678,True,0.022666209665929544,1.6196345101625211,2.6020852139652106e-15,0.0,82173bcdffaede1eb9b105ea
ss,1.62,125.0,-0.001,0.5,0.04,-2,5.0,10.0,baseline,0.0,0.0,0.03,SS | 1.62 V | 125 C | skew +4%,opposite_input_history,-1.0,fixed local code from ideal inputs and 0.5*VDD common mode,1.0,0,unresolved,,121.58707820260494,True,0.41755528199290926,1.5328487982061072,8.673617379884035e-16,0.0,15809ec74d8a6ffba6e7ece7
ss,1.62,125.0,-0.001,0.5,0.04,-2,5.0,10.0,baseline,0.0,0.0,0.03,SS | 1.62 V | 125 C | skew +4%,opposite_input_history,-1.0,fixed local code from ideal inputs and 0.5*VDD common mode,2.0,-1,correct,1.0941412389712497,121.58707820260494,True,0.024332266188300783,1.6196202465607374,8.673617379884035e-16,0.0,15809ec74d8a6ffba6e7ece7
ss,1.62,125.0,0.001,0.5,0.04,-2,5.0,10.0,baseline,0.0,0.0,-0.03,SS | 1.62 V | 125 C | skew +4%,opposite_input_history,1.0,fixed local code from ideal inputs and 0.5*VDD common mode,1.0,0,unresolved,,124.87274619195482,True,0.701669086838786,1.1656179843853158,8.673617379884035e-16,0.0,8b569ac02bcb329502eade88
ss,1.62,125.0,0.001,0.5,0.04,-2,5.0,10.0,baseline,0.0,0.0,-0.03,SS | 1.62 V | 125 C | skew +4%,opposite_input_history,1.0,fixed local code from ideal inputs and 0.5*VDD common mode,2.0,-1,wrong,1.1941575585398394,124.87274619195482,True,0.028052210503196798,1.6195746553883148,8.673617379884035e-16,0.0,8b569ac02bcb329502eade88
ss,1.62,125.0,0.003,0.5,0.04,-2,5.0,10.0,baseline,0.0,0.0,-0.03,SS | 1.62 V | 125 C | skew +4%,opposite_input_history,3.0,fixed local code from ideal inputs and 0.5*VDD common mode,1.0,0,unresolved,,123.93497357069353,True,1.2718106033592917,0.619950948071421,2.6020852139652106e-15,0.0,cc989e86eaac266da954c518
ss,1.62,125.0,0.003,0.5,0.04,-2,5.0,10.0,baseline,0.0,0.0,-0.03,SS | 1.62 V | 125 C | skew +4%,opposite_input_history,3.0,fixed local code from ideal inputs and 0.5*VDD common mode,2.0,1,correct,1.17416117937349,123.93497357069353,True,1.6195427069513781,0.03666438621830725,2.6020852139652106e-15,0.0,cc989e86eaac266da954c518
ss,1.62,125.0,-0.003,0.5,0.04,-2,5.0,10.0,baseline,1000.0,20.0,,SS | 1.62 V | 125 C | skew +4%,source_1k_20f,-3.0,fixed local code from ideal inputs and 0.5*VDD common mode,1.0,0,unresolved,,121.13687938334262,True,0.4308697773262119,1.516839927686668,14.273374707525651,13.676664657517712,d1b65cba461c445a13ebf7ea
ss,1.62,125.0,-0.003,0.5,0.04,-2,5.0,10.0,baseline,1000.0,20.0,,SS | 1.62 V | 125 C | skew +4%,source_1k_20f,-3.0,fixed local code from ideal inputs and 0.5*VDD common mode,2.0,-1,correct,1.103045457870748,121.13687938334262,True,0.02629454882125484,1.6196148383004954,14.273374707525651,13.676664657517712,d1b65cba461c445a13ebf7ea
ss,1.62,125.0,-0.001,0.5,0.04,-2,5.0,10.0,baseline,1000.0,20.0,,SS | 1.62 V | 125 C | skew +4%,source_1k_20f,-1.0,fixed local code from ideal inputs and 0.5*VDD common mode,1.0,0,unresolved,,123.42211824732811,True,0.645921001998644,1.2444938647849242,14.195817204555429,13.664002928767239,1b7274f01b325c5077111e81
ss,1.62,125.0,-0.001,0.5,0.04,-2,5.0,10.0,baseline,1000.0,20.0,,SS | 1.62 V | 125 C | skew +4%,source_1k_20f,-1.0,fixed local code from ideal inputs and 0.5*VDD common mode,2.0,-1,correct,1.1729352730007496,123.42211824732811,True,0.02887483945716301,1.6195866420286542,14.195817204555429,13.664002928767239,1b7274f01b325c5077111e81
ss,1.62,125.0,0.001,0.5,0.04,-2,5.0,10.0,baseline,1000.0,20.0,,SS | 1.62 V | 125 C | skew +4%,source_1k_20f,1.0,fixed local code from ideal inputs and 0.5*VDD common mode,1.0,0,unresolved,,125.465363933913,True,1.067080493316141,0.8021267537466428,14.126857337932176,13.689812799076662,9113ab54a7d487ab452a4482
ss,1.62,125.0,0.001,0.5,0.04,-2,5.0,10.0,baseline,1000.0,20.0,,SS | 1.62 V | 125 C | skew +4%,source_1k_20f,1.0,fixed local code from ideal inputs and 0.5*VDD common mode,2.0,1,correct,1.245782041452598,125.465363933913,True,1.619512986888527,0.04269596447753514,14.126857337932176,13.689812799076662,9113ab54a7d487ab452a4482
ss,1.62,125.0,0.003,0.5,0.04,-2,5.0,10.0,baseline,1000.0,20.0,,SS | 1.62 V | 125 C | skew +4%,source_1k_20f,3.0,fixed local code from ideal inputs and 0.5*VDD common mode,1.0,0,unresolved,,121.68046959116765,True,1.4604365792368161,0.47882111866040594,14.05200627552994,13.680647737174922,5ce48a8336c75383e38588f9
ss,1.62,125.0,0.003,0.5,0.04,-2,5.0,10.0,baseline,1000.0,20.0,,SS | 1.62 V | 125 C | skew +4%,source_1k_20f,3.0,fixed local code from ideal inputs and 0.5*VDD common mode,2.0,1,correct,1.1257657798955285,121.68046959116765,True,1.6195673195089129,0.03816439790281855,14.05200627552994,13.680647737174922,5ce48a8336c75383e38588f9
ss,1.62,125.0,-0.003,0.5,0.04,-2,5.0,10.0,baseline,5000.0,20.0,,SS | 1.62 V | 125 C | skew +4%,source_5k_20f,-3.0,fixed local code from ideal inputs and 0.5*VDD common mode,1.0,0,unresolved,,121.99277285043729,True,1.1920841641203292,0.7473311930080483,36.33956915994319,25.191007996376413,f45fe72b74df789ab99cd197
ss,1.62,125.0,-0.003,0.5,0.04,-2,5.0,10.0,baseline,5000.0,20.0,,SS | 1.62 V | 125 C | skew +4%,source_5k_20f,-3.0,fixed local code from ideal inputs and 0.5*VDD common mode,2.0,1,wrong,1.2355848281500599,121.99277285043729,True,1.6195759246098997,0.05025937148931701,36.33956915994319,25.191007996376413,f45fe72b74df789ab99cd197
ss,1.62,125.0,-0.001,0.5,0.04,-2,5.0,10.0,baseline,5000.0,20.0,,SS | 1.62 V | 125 C | skew +4%,source_5k_20f,-1.0,fixed local code from ideal inputs and 0.5*VDD common mode,1.0,0,unresolved,,120.2641502049655,True,1.4013797598119917,0.5876758713070306,34.71475410174618,25.18632503576179,a1404c8ab0127b3100e861cb
ss,1.62,125.0,-0.001,0.5,0.04,-2,5.0,10.0,baseline,5000.0,20.0,,SS | 1.62 V | 125 C | skew +4%,source_5k_20f,-1.0,fixed local code from ideal inputs and 0.5*VDD common mode,2.0,1,wrong,1.1856039708497195,120.2641502049655,True,1.6196107195526062,0.04809356972334396,34.71475410174618,25.18632503576179,a1404c8ab0127b3100e861cb
ss,1.62,125.0,0.001,0.5,0.04,-2,5.0,10.0,baseline,5000.0,20.0,,SS | 1.62 V | 125 C | skew +4%,source_5k_20f,1.0,fixed local code from ideal inputs and 0.5*VDD common mode,1.0,0,unresolved,,119.13867512494595,True,1.5161147000545494,0.4928068698044438,33.69726932678474,25.182088429159588,e78a4fda9d12693efe7318fe
ss,1.62,125.0,0.001,0.5,0.04,-2,5.0,10.0,baseline,5000.0,20.0,,SS | 1.62 V | 125 C | skew +4%,source_5k_20f,1.0,fixed local code from ideal inputs and 0.5*VDD common mode,2.0,1,correct,1.1556164303335608,119.13867512494595,True,1.6196202170038605,0.04657802181474019,33.69726932678474,25.182088429159588,e78a4fda9d12693efe7318fe
ss,1.62,125.0,0.003,0.5,0.04,-2,5.0,10.0,baseline,5000.0,20.0,,SS | 1.62 V | 125 C | skew +4%,source_5k_20f,3.0,fixed local code from ideal inputs and 0.5*VDD common mode,1.0,0,unresolved,,118.27593102157562,True,1.565051862485386,0.45362455519670597,32.76472718752177,25.17435681397884,718c7af1324c5542d796cc41
ss,1.62,125.0,0.003,0.5,0.04,-2,5.0,10.0,baseline,5000.0,20.0,,SS | 1.62 V | 125 C | skew +4%,source_5k_20f,3.0,fixed local code from ideal inputs and 0.5*VDD common mode,2.0,1,correct,1.1320977513171597,118.27593102157562,True,1.619622031085535,0.04528451577607053,32.76472718752177,25.17435681397884,718c7af1324c5542d796cc41
ss,1.62,125.0,-0.003,0.5,0.04,-2,5.0,10.0,baseline,10000.0,200.0,0.03,SS | 1.62 V | 125 C | skew +4%,settling_10k_200f,-3.0,fixed local code from ideal inputs and 0.5*VDD common mode,1.0,0,unresolved,,121.39626614668065,True,1.40764451698617,0.5430105224192845,16.927932693214238,16.94356764481819,c58ab2f4323cac46543b83d8
ss,1.62,125.0,-0.003,0.5,0.04,-2,5.0,10.0,baseline,10000.0,200.0,0.03,SS | 1.62 V | 125 C | skew +4%,settling_10k_200f,-3.0,fixed local code from ideal inputs and 0.5*VDD common mode,2.0,1,wrong,1.173884012454978,121.39626614668065,True,1.619619961140811,0.044734528101907596,16.927932693214238,16.94356764481819,c58ab2f4323cac46543b83d8
ss,1.62,125.0,-0.001,0.5,0.04,-2,5.0,10.0,baseline,10000.0,200.0,0.03,SS | 1.62 V | 125 C | skew +4%,settling_10k_200f,-1.0,fixed local code from ideal inputs and 0.5*VDD common mode,1.0,0,unresolved,,120.01258825130937,True,1.5381751286045282,0.44819563561817083,16.874566772071333,17.096836805734817,5e57848edd0d23f8efee1d3d
ss,1.62,125.0,-0.001,0.5,0.04,-2,5.0,10.0,baseline,10000.0,200.0,0.03,SS | 1.62 V | 125 C | skew +4%,settling_10k_200f,-1.0,fixed local code from ideal inputs and 0.5*VDD common mode,2.0,1,wrong,1.13388606884731,120.01258825130937,True,1.6196271323017326,0.04275127065188668,16.874566772071333,17.096836805734817,5e57848edd0d23f8efee1d3d
ss,1.62,125.0,0.001,0.5,0.04,-2,5.0,10.0,baseline,10000.0,200.0,-0.03,SS | 1.62 V | 125 C | skew +4%,settling_10k_200f,1.0,fixed local code from ideal inputs and 0.5*VDD common mode,1.0,0,unresolved,,123.12213132915637,True,0.6924879622239121,1.2043849073257342,12.510121216034452,17.41093909203828,324792f0da01570b130500a3
ss,1.62,125.0,0.001,0.5,0.04,-2,5.0,10.0,baseline,10000.0,200.0,-0.03,SS | 1.62 V | 125 C | skew +4%,settling_10k_200f,1.0,fixed local code from ideal inputs and 0.5*VDD common mode,2.0,-1,wrong,1.2138982231821214,123.12213132915637,True,0.034958887159627285,1.6195934703051436,12.510121216034452,17.41093909203828,324792f0da01570b130500a3
ss,1.62,125.0,0.003,0.5,0.04,-2,5.0,10.0,baseline,10000.0,200.0,-0.03,SS | 1.62 V | 125 C | skew +4%,settling_10k_200f,3.0,fixed local code from ideal inputs and 0.5*VDD common mode,1.0,0,unresolved,,127.18809596947237,True,0.9879317353233824,0.8832502336038073,10.600796240465174,16.503358110044886,e98d062a2a1a2f9830cbd628
ss,1.62,125.0,0.003,0.5,0.04,-2,5.0,10.0,baseline,10000.0,200.0,-0.03,SS | 1.62 V | 125 C | skew +4%,settling_10k_200f,3.0,fixed local code from ideal inputs and 0.5*VDD common mode,2.0,1,correct,1.3639031123775192,127.18809596947237,True,1.6193427025951725,0.05245723808990286,10.600796240465174,16.503358110044886,e98d062a2a1a2f9830cbd628
ss,1.62,125.0,-0.003,0.45,0.04,-2,5.0,10.0,baseline,0.0,0.0,,SS | 1.62 V | 125 C | skew +4%,common_mode_0p45,-3.0,fixed local code from ideal inputs and 0.5*VDD common mode,1.0,0,unresolved,,105.29386985392667,True,1.212477488460707,1.3241383810069127,2.6020852139652106e-15,0.0,1ce9426aca6ac1f0a2f67813
ss,1.62,125.0,-0.003,0.45,0.04,-2,5.0,10.0,baseline,0.0,0.0,,SS | 1.62 V | 125 C | skew +4%,common_mode_0p45,-3.0,fixed local code from ideal inputs and 0.5*VDD common mode,2.0,0,unresolved,,105.29386985392667,True,0.4264545355689294,1.613647451050706,2.6020852139652106e-15,0.0,1ce9426aca6ac1f0a2f67813
ss,1.62,125.0,-0.001,0.45,0.04,-2,5.0,10.0,baseline,0.0,0.0,,SS | 1.62 V | 125 C | skew +4%,common_mode_0p45,-1.0,fixed local code from ideal inputs and 0.5*VDD common mode,1.0,0,unresolved,,105.93193563145174,True,1.2307477490483885,1.3062873899994702,8.673617379884035e-16,0.0,df79da05ddab9fb1f1eb8e63
ss,1.62,125.0,-0.001,0.45,0.04,-2,5.0,10.0,baseline,0.0,0.0,,SS | 1.62 V | 125 C | skew +4%,common_mode_0p45,-1.0,fixed local code from ideal inputs and 0.5*VDD common mode,2.0,0,unresolved,,105.93193563145174,True,0.4520686598740375,1.6129715513056906,8.673617379884035e-16,0.0,df79da05ddab9fb1f1eb8e63
ss,1.62,125.0,0.001,0.45,0.04,-2,5.0,10.0,baseline,0.0,0.0,,SS | 1.62 V | 125 C | skew +4%,common_mode_0p45,1.0,fixed local code from ideal inputs and 0.5*VDD common mode,1.0,0,unresolved,,106.80549918200492,True,1.2490104196961012,1.2882886423536875,8.673617379884035e-16,0.0,87943ca779313c240de93109
ss,1.62,125.0,0.001,0.45,0.04,-2,5.0,10.0,baseline,0.0,0.0,,SS | 1.62 V | 125 C | skew +4%,common_mode_0p45,1.0,fixed local code from ideal inputs and 0.5*VDD common mode,2.0,0,unresolved,,106.80549918200492,True,0.48558445187190696,1.6106278150856446,8.673617379884035e-16,0.0,87943ca779313c240de93109
ss,1.62,125.0,0.003,0.45,0.04,-2,5.0,10.0,baseline,0.0,0.0,,SS | 1.62 V | 125 C | skew +4%,common_mode_0p45,3.0,fixed local code from ideal inputs and 0.5*VDD common mode,1.0,0,unresolved,,108.46204600412754,True,1.2673721431734424,1.2701072318621784,2.6020852139652106e-15,0.0,83b75060bd3c307559febba1
ss,1.62,125.0,0.003,0.45,0.04,-2,5.0,10.0,baseline,0.0,0.0,,SS | 1.62 V | 125 C | skew +4%,common_mode_0p45,3.0,fixed local code from ideal inputs and 0.5*VDD common mode,2.0,0,unresolved,,108.46204600412754,True,0.5448060218814459,1.5757127964172655,2.6020852139652106e-15,0.0,83b75060bd3c307559febba1
ss,1.62,125.0,-0.003,0.6,0.04,-2,5.0,10.0,baseline,0.0,0.0,,SS | 1.62 V | 125 C | skew +4%,common_mode_0p60,-3.0,fixed local code from ideal inputs and 0.5*VDD common mode,1.0,1,wrong,0.5940818691531411,144.1728251973129,True,1.6192910759120374,0.019867954660139322,2.6020852139652106e-15,0.0,fd479acd574279635a00a6c9
ss,1.62,125.0,-0.003,0.6,0.04,-2,5.0,10.0,baseline,0.0,0.0,,SS | 1.62 V | 125 C | skew +4%,common_mode_0p60,-3.0,fixed local code from ideal inputs and 0.5*VDD common mode,2.0,1,wrong,0.5940818691531411,144.1728251973129,True,1.6199930847177155,0.0001932698884271877,2.6020852139652106e-15,0.0,fd479acd574279635a00a6c9
ss,1.62,125.0,-0.001,0.6,0.04,-2,5.0,10.0,baseline,0.0,0.0,,SS | 1.62 V | 125 C | skew +4%,common_mode_0p60,-1.0,fixed local code from ideal inputs and 0.5*VDD common mode,1.0,1,wrong,0.5339356267754586,142.00904466823062,True,1.6193769460776377,0.017751786875040018,8.673617379884035e-16,0.0,d654774ece1675d2235c024d
ss,1.62,125.0,-0.001,0.6,0.04,-2,5.0,10.0,baseline,0.0,0.0,,SS | 1.62 V | 125 C | skew +4%,common_mode_0p60,-1.0,fixed local code from ideal inputs and 0.5*VDD common mode,2.0,1,wrong,0.5339356267754586,142.00904466823062,True,1.619993863478468,0.00017179519355426032,8.673617379884035e-16,0.0,d654774ece1675d2235c024d
ss,1.62,125.0,0.001,0.6,0.04,-2,5.0,10.0,baseline,0.0,0.0,,SS | 1.62 V | 125 C | skew +4%,common_mode_0p60,1.0,fixed local code from ideal inputs and 0.5*VDD common mode,1.0,1,correct,0.49454035606395885,140.8355447823643,True,1.6194077904678847,0.016839008344847452,8.673617379884035e-16,0.0,0ca3e61226589fc5a3dab350
ss,1.62,125.0,0.001,0.6,0.04,-2,5.0,10.0,baseline,0.0,0.0,,SS | 1.62 V | 125 C | skew +4%,common_mode_0p60,1.0,fixed local code from ideal inputs and 0.5*VDD common mode,2.0,1,correct,0.49454035606395885,140.8355447823643,True,1.6199943048843244,0.00016152227878967309,8.673617379884035e-16,0.0,0ca3e61226589fc5a3dab350
ss,1.62,125.0,0.003,0.6,0.04,-2,5.0,10.0,baseline,0.0,0.0,,SS | 1.62 V | 125 C | skew +4%,common_mode_0p60,3.0,fixed local code from ideal inputs and 0.5*VDD common mode,1.0,1,correct,0.47403046433625967,140.00677726912193,True,1.619425737696502,0.016258305401524408,2.6020852139652106e-15,0.0,2139febdc056de1c50d73aed
ss,1.62,125.0,0.003,0.6,0.04,-2,5.0,10.0,baseline,0.0,0.0,,SS | 1.62 V | 125 C | skew +4%,common_mode_0p60,3.0,fixed local code from ideal inputs and 0.5*VDD common mode,2.0,1,correct,0.47403046433625967,140.00677726912193,True,1.619994476589335,0.00015452528216218682,2.6020852139652106e-15,0.0,2139febdc056de1c50d73aed
ss,1.62,125.0,-0.003,0.5,0.04,-2,20.0,10.0,baseline,0.0,0.0,,SS | 1.62 V | 125 C | skew +4%,output_load_20f,-3.0,fixed local code from ideal inputs and 0.5*VDD common mode,1.0,0,unresolved,,176.47592862068947,True,1.0715991144602273,1.1487817321342373,2.6020852139652106e-15,0.0,a597ed8fa39604f93a3fe6b8
ss,1.62,125.0,-0.003,0.5,0.04,-2,20.0,10.0,baseline,0.0,0.0,,SS | 1.62 V | 125 C | skew +4%,output_load_20f,-3.0,fixed local code from ideal inputs and 0.5*VDD common mode,2.0,0,unresolved,,176.47592862068947,True,0.34434786331156225,1.6011597403899342,2.6020852139652106e-15,0.0,a597ed8fa39604f93a3fe6b8
ss,1.62,125.0,-0.001,0.5,0.04,-2,20.0,10.0,baseline,0.0,0.0,,SS | 1.62 V | 125 C | skew +4%,output_load_20f,-1.0,fixed local code from ideal inputs and 0.5*VDD common mode,1.0,0,unresolved,,178.65330937407182,True,1.084212736921782,1.1358773141728906,8.673617379884035e-16,0.0,a76ce3413974b16b6f3f48cc
ss,1.62,125.0,-0.001,0.5,0.04,-2,20.0,10.0,baseline,0.0,0.0,,SS | 1.62 V | 125 C | skew +4%,output_load_20f,-1.0,fixed local code from ideal inputs and 0.5*VDD common mode,2.0,0,unresolved,,178.65330937407182,True,0.38724361001610247,1.5830011219070412,8.673617379884035e-16,0.0,a76ce3413974b16b6f3f48cc
ss,1.62,125.0,0.001,0.5,0.04,-2,20.0,10.0,baseline,0.0,0.0,,SS | 1.62 V | 125 C | skew +4%,output_load_20f,1.0,fixed local code from ideal inputs and 0.5*VDD common mode,1.0,0,unresolved,,181.9276538223608,True,1.0968497756267561,1.1229911722404833,8.673617379884035e-16,0.0,c58ab8c0f7f00ebdf218696e
ss,1.62,125.0,0.001,0.5,0.04,-2,20.0,10.0,baseline,0.0,0.0,,SS | 1.62 V | 125 C | skew +4%,output_load_20f,1.0,fixed local code from ideal inputs and 0.5*VDD common mode,2.0,0,unresolved,,181.9276538223608,True,0.45899477986122306,1.5135654812627635,8.673617379884035e-16,0.0,c58ab8c0f7f00ebdf218696e
ss,1.62,125.0,0.003,0.5,0.04,-2,20.0,10.0,baseline,0.0,0.0,,SS | 1.62 V | 125 C | skew +4%,output_load_20f,3.0,fixed local code from ideal inputs and 0.5*VDD common mode,1.0,0,unresolved,,189.54359364941368,True,1.1095216120295,1.1101164074914356,2.6020852139652106e-15,0.0,0af1baa254fee5b6352f3e6c
ss,1.62,125.0,0.003,0.5,0.04,-2,20.0,10.0,baseline,0.0,0.0,,SS | 1.62 V | 125 C | skew +4%,output_load_20f,3.0,fixed local code from ideal inputs and 0.5*VDD common mode,2.0,0,unresolved,,189.54359364941368,True,0.7189483778622779,1.1352909945375147,2.6020852139652106e-15,0.0,0af1baa254fee5b6352f3e6c
ff,1.95,-40.0,-0.003,0.5,0.04,-2,5.0,10.0,baseline,0.0,0.0,,FF | 1.95 V | -40 C | skew +4%,ideal_reference,-3.0,fixed local code from ideal inputs and 0.5*VDD common mode,1.0,-1,correct,0.2299534435832112,171.0844688702173,True,8.652364270812757e-06,1.9499998250096033,2.6020852139652106e-15,1.1102230246251565e-13,f1ca0e5e0f4981ef1395fe00
ff,1.95,-40.0,-0.003,0.5,0.04,-2,5.0,10.0,baseline,0.0,0.0,,FF | 1.95 V | -40 C | skew +4%,ideal_reference,-3.0,fixed local code from ideal inputs and 0.5*VDD common mode,2.0,-1,correct,0.2299534435832112,171.0844688702173,True,8.570475177963784e-07,1.949999932121083,2.6020852139652106e-15,1.1102230246251565e-13,f1ca0e5e0f4981ef1395fe00
ff,1.95,-40.0,-0.001,0.5,0.04,-2,5.0,10.0,baseline,0.0,0.0,,FF | 1.95 V | -40 C | skew +4%,ideal_reference,-1.0,fixed local code from ideal inputs and 0.5*VDD common mode,1.0,1,wrong,0.2255328128925609,170.59952112177623,True,1.9499989284453103,2.6063539604454162e-05,8.673617379884035e-16,1.1102230246251565e-13,c0b1e80b7fef17f7afaa023a
ff,1.95,-40.0,-0.001,0.5,0.04,-2,5.0,10.0,baseline,0.0,0.0,,FF | 1.95 V | -40 C | skew +4%,ideal_reference,-1.0,fixed local code from ideal inputs and 0.5*VDD common mode,2.0,1,wrong,0.2255328128925609,170.59952112177623,True,1.949999987493938,5.680880544611638e-07,8.673617379884035e-16,1.1102230246251565e-13,c0b1e80b7fef17f7afaa023a
ff,1.95,-40.0,0.001,0.5,0.04,-2,5.0,10.0,baseline,0.0,0.0,,FF | 1.95 V | -40 C | skew +4%,ideal_reference,1.0,fixed local code from ideal inputs and 0.5*VDD common mode,1.0,1,correct,0.20465508507324964,166.37762088803868,True,1.9499994170021815,2.2890591796959713e-05,8.673617379884035e-16,1.1102230246251565e-13,4840de42506815458bd7f67c
ff,1.95,-40.0,0.001,0.5,0.04,-2,5.0,10.0,baseline,0.0,0.0,,FF | 1.95 V | -40 C | skew +4%,ideal_reference,1.0,fixed local code from ideal inputs and 0.5*VDD common mode,2.0,1,correct,0.20465508507324964,166.37762088803868,True,1.950000220823953,5.741934354662161e-07,8.673617379884035e-16,1.1102230246251565e-13,4840de42506815458bd7f67c
ff,1.95,-40.0,0.003,0.5,0.04,-2,5.0,10.0,baseline,0.0,0.0,,FF | 1.95 V | -40 C | skew +4%,ideal_reference,3.0,fixed local code from ideal inputs and 0.5*VDD common mode,1.0,1,correct,0.19313043026437043,164.431762936577,True,1.9499990785411003,2.13551739232384e-05,2.6020852139652106e-15,1.1102230246251565e-13,f3725a8a908a7304f03d62b1
ff,1.95,-40.0,0.003,0.5,0.04,-2,5.0,10.0,baseline,0.0,0.0,,FF | 1.95 V | -40 C | skew +4%,ideal_reference,3.0,fixed local code from ideal inputs and 0.5*VDD common mode,2.0,1,correct,0.19313043026437043,164.431762936577,True,1.9499997823393491,7.094099762547857e-07,2.6020852139652106e-15,1.1102230246251565e-13,f3725a8a908a7304f03d62b1
ff,1.95,-40.0,-0.003,0.5,0.04,-2,5.0,10.0,baseline,0.0,0.0,0.03,FF | 1.95 V | -40 C | skew +4%,opposite_input_history,-3.0,fixed local code from ideal inputs and 0.5*VDD common mode,1.0,-1,correct,0.22448744934763898,170.77409836226263,True,8.376313621090978e-06,1.9499998280169628,2.6020852139652106e-15,1.1102230246251565e-13,9433f49af896402893f1c659
ff,1.95,-40.0,-0.003,0.5,0.04,-2,5.0,10.0,baseline,0.0,0.0,0.03,FF | 1.95 V | -40 C | skew +4%,opposite_input_history,-3.0,fixed local code from ideal inputs and 0.5*VDD common mode,2.0,-1,correct,0.22448744934763898,170.77409836226263,True,7.470323639472732e-07,1.9500000133165711,2.6020852139652106e-15,1.1102230246251565e-13,9433f49af896402893f1c659
ff,1.95,-40.0,-0.001,0.5,0.04,-2,5.0,10.0,baseline,0.0,0.0,0.03,FF | 1.95 V | -40 C | skew +4%,opposite_input_history,-1.0,fixed local code from ideal inputs and 0.5*VDD common mode,1.0,1,wrong,0.22565633465992924,170.80883743303892,True,1.9499996338011418,2.69103499829045e-05,8.673617379884035e-16,1.1102230246251565e-13,0de28a381d70311ce21bf887
ff,1.95,-40.0,-0.001,0.5,0.04,-2,5.0,10.0,baseline,0.0,0.0,0.03,FF | 1.95 V | -40 C | skew +4%,opposite_input_history,-1.0,fixed local code from ideal inputs and 0.5*VDD common mode,2.0,1,wrong,0.22565633465992924,170.80883743303892,True,1.9500003309512188,7.29782034439241e-07,8.673617379884035e-16,1.1102230246251565e-13,0de28a381d70311ce21bf887
ff,1.95,-40.0,0.001,0.5,0.04,-2,5.0,10.0,baseline,0.0,0.0,-0.03,FF | 1.95 V | -40 C | skew +4%,opposite_input_history,1.0,fixed local code from ideal inputs and 0.5*VDD common mode,1.0,1,correct,0.20389064543680066,166.30382878900087,True,1.9499993774665247,2.277794486788983e-05,8.673617379884035e-16,1.1102230246251565e-13,1ca441687b376129105afd67
ff,1.95,-40.0,0.001,0.5,0.04,-2,5.0,10.0,baseline,0.0,0.0,-0.03,FF | 1.95 V | -40 C | skew +4%,opposite_input_history,1.0,fixed local code from ideal inputs and 0.5*VDD common mode,2.0,1,correct,0.20389064543680066,166.30382878900087,True,1.9500001509042804,5.644047246913394e-07,8.673617379884035e-16,1.1102230246251565e-13,1ca441687b376129105afd67
ff,1.95,-40.0,0.003,0.5,0.04,-2,5.0,10.0,baseline,0.0,0.0,-0.03,FF | 1.95 V | -40 C | skew +4%,opposite_input_history,3.0,fixed local code from ideal inputs and 0.5*VDD common mode,1.0,1,correct,0.1903337026806004,164.39992363796253,True,1.9499991520977298,2.0816436931173515e-05,2.6020852139652106e-15,1.1102230246251565e-13,653d1999a437a3025a060f25
ff,1.95,-40.0,0.003,0.5,0.04,-2,5.0,10.0,baseline,0.0,0.0,-0.03,FF | 1.95 V | -40 C | skew +4%,opposite_input_history,3.0,fixed local code from ideal inputs and 0.5*VDD common mode,2.0,1,correct,0.1903337026806004,164.39992363796253,True,1.9500000800255117,4.95659816103341e-07,2.6020852139652106e-15,1.1102230246251565e-13,653d1999a437a3025a060f25
ff,1.95,-40.0,-0.003,0.5,0.04,-2,5.0,10.0,baseline,1000.0,20.0,,FF | 1.95 V | -40 C | skew +4%,source_1k_20f,-3.0,fixed local code from ideal inputs and 0.5*VDD common mode,1.0,1,wrong,0.18919439294976925,159.21311078915787,True,1.9499960718223144,0.0001200166668752598,40.8841836252688,43.73986334587387,69e44425d240a6240599805a
ff,1.95,-40.0,-0.003,0.5,0.04,-2,5.0,10.0,baseline,1000.0,20.0,,FF | 1.95 V | -40 C | skew +4%,source_1k_20f,-3.0,fixed local code from ideal inputs and 0.5*VDD common mode,2.0,1,wrong,0.18919439294976925,159.21311078915787,True,1.9500000149319479,6.377338795453071e-07,40.8841836252688,43.73986334587387,69e44425d240a6240599805a
ff,1.95,-40.0,-0.001,0.5,0.04,-2,5.0,10.0,baseline,1000.0,20.0,,FF | 1.95 V | -40 C | skew +4%,source_1k_20f,-1.0,fixed local code from ideal inputs and 0.5*VDD common mode,1.0,1,wrong,0.1864133239463297,158.65672103215618,True,1.9499965839568203,0.00011518391335498619,41.06396298624237,43.78778263343086,42e7e54202ce2eaa5bb0aae0
ff,1.95,-40.0,-0.001,0.5,0.04,-2,5.0,10.0,baseline,1000.0,20.0,,FF | 1.95 V | -40 C | skew +4%,source_1k_20f,-1.0,fixed local code from ideal inputs and 0.5*VDD common mode,2.0,1,wrong,0.1864133239463297,158.65672103215618,True,1.9500001530155364,5.591597297324441e-07,41.06396298624237,43.78778263343086,42e7e54202ce2eaa5bb0aae0
ff,1.95,-40.0,0.001,0.5,0.04,-2,5.0,10.0,baseline,1000.0,20.0,,FF | 1.95 V | -40 C | skew +4%,source_1k_20f,1.0,fixed local code from ideal inputs and 0.5*VDD common mode,1.0,1,correct,0.18463431096060856,158.19594331124455,True,1.9499967570398882,0.00011087614246679331,41.134641546895836,43.69011482331231,1b4e2c0346b1db82ab7886fa
ff,1.95,-40.0,0.001,0.5,0.04,-2,5.0,10.0,baseline,1000.0,20.0,,FF | 1.95 V | -40 C | skew +4%,source_1k_20f,1.0,fixed local code from ideal inputs and 0.5*VDD common mode,2.0,1,correct,0.18463431096060856,158.19594331124455,True,1.9500003901781726,8.366658368771004e-07,41.134641546895836,43.69011482331231,1b4e2c0346b1db82ab7886fa
ff,1.95,-40.0,0.003,0.5,0.04,-2,5.0,10.0,baseline,1000.0,20.0,,FF | 1.95 V | -40 C | skew +4%,source_1k_20f,3.0,fixed local code from ideal inputs and 0.5*VDD common mode,1.0,1,correct,0.18145827122477104,157.774993725238,True,1.9499966799205994,0.00010613589111533938,41.32412259343332,43.68218711540284,eae040ce3b5b20c5fe03feae
ff,1.95,-40.0,0.003,0.5,0.04,-2,5.0,10.0,baseline,1000.0,20.0,,FF | 1.95 V | -40 C | skew +4%,source_1k_20f,3.0,fixed local code from ideal inputs and 0.5*VDD common mode,2.0,1,correct,0.18145827122477104,157.774993725238,True,1.9500000989839437,3.984982838052998e-07,41.32412259343332,43.68218711540284,eae040ce3b5b20c5fe03feae
ff,1.95,-40.0,-0.003,0.5,0.04,-2,5.0,10.0,baseline,5000.0,20.0,,FF | 1.95 V | -40 C | skew +4%,source_5k_20f,-3.0,fixed local code from ideal inputs and 0.5*VDD common mode,1.0,1,wrong,0.20765617503372094,156.56806005264696,True,1.94996792302859,0.002414773300491815,83.47560728635494,88.23409136053372,6d24b1458e0716d125b71351
ff,1.95,-40.0,-0.003,0.5,0.04,-2,5.0,10.0,baseline,5000.0,20.0,,FF | 1.95 V | -40 C | skew +4%,source_5k_20f,-3.0,fixed local code from ideal inputs and 0.5*VDD common mode,2.0,1,wrong,0.20765617503372094,156.56806005264696,True,1.9499995123840934,4.897492262428187e-05,83.47560728635494,88.23409136053372,6d24b1458e0716d125b71351
ff,1.95,-40.0,-0.001,0.5,0.04,-2,5.0,10.0,baseline,5000.0,20.0,,FF | 1.95 V | -40 C | skew +4%,source_5k_20f,-1.0,fixed local code from ideal inputs and 0.5*VDD common mode,1.0,1,wrong,0.19939657090925034,156.22553737773885,True,1.9499687457017545,0.0023809562560161866,82.98299537096143,88.68966055896233,252e34adaf95408b482d4444
ff,1.95,-40.0,-0.001,0.5,0.04,-2,5.0,10.0,baseline,5000.0,20.0,,FF | 1.95 V | -40 C | skew +4%,source_5k_20f,-1.0,fixed local code from ideal inputs and 0.5*VDD common mode,2.0,1,wrong,0.19939657090925034,156.22553737773885,True,1.9499994159292007,4.849887610160921e-05,82.98299537096143,88.68966055896233,252e34adaf95408b482d4444
ff,1.95,-40.0,0.001,0.5,0.04,-2,5.0,10.0,baseline,5000.0,20.0,,FF | 1.95 V | -40 C | skew +4%,source_5k_20f,1.0,fixed local code from ideal inputs and 0.5*VDD common mode,1.0,1,correct,0.19893768105683834,155.92368669124568,True,1.949969087365608,0.002348652951939536,82.4780052421229,89.0890355009416,4bc724abe505f5da92975230
ff,1.95,-40.0,0.001,0.5,0.04,-2,5.0,10.0,baseline,5000.0,20.0,,FF | 1.95 V | -40 C | skew +4%,source_5k_20f,1.0,fixed local code from ideal inputs and 0.5*VDD common mode,2.0,1,correct,0.19893768105683834,155.92368669124568,True,1.949999320552728,4.787778408933846e-05,82.4780052421229,89.0890355009416,4bc724abe505f5da92975230
ff,1.95,-40.0,0.003,0.5,0.04,-2,5.0,10.0,baseline,5000.0,20.0,,FF | 1.95 V | -40 C | skew +4%,source_5k_20f,3.0,fixed local code from ideal inputs and 0.5*VDD common mode,1.0,1,correct,0.19779430166085804,155.64729582557123,True,1.949969192629367,0.0023174838695343993,81.91605262476531,89.48600787487149,fa2df3203a550c190a3855f1
ff,1.95,-40.0,0.003,0.5,0.04,-2,5.0,10.0,baseline,5000.0,20.0,,FF | 1.95 V | -40 C | skew +4%,source_5k_20f,3.0,fixed local code from ideal inputs and 0.5*VDD common mode,2.0,1,correct,0.19779430166085804,155.64729582557123,True,1.949999298372216,4.71395732947903e-05,81.91605262476531,89.48600787487149,fa2df3203a550c190a3855f1
ff,1.95,-40.0,-0.003,0.5,0.04,-2,5.0,10.0,baseline,10000.0,200.0,0.03,FF | 1.95 V | -40 C | skew +4%,settling_10k_200f,-3.0,fixed local code from ideal inputs and 0.5*VDD common mode,1.0,1,wrong,0.1838410301131884,161.27761869065395,True,1.9499972922952935,0.00045819595043045856,26.513291627155542,39.41131140421261,a6507453435ff50cd602c0c2
ff,1.95,-40.0,-0.003,0.5,0.04,-2,5.0,10.0,baseline,10000.0,200.0,0.03,FF | 1.95 V | -40 C | skew +4%,settling_10k_200f,-3.0,fixed local code from ideal inputs and 0.5*VDD common mode,2.0,1,wrong,0.1838410301131884,161.27761869065395,True,1.9499994164601908,0.0002456067737835318,26.513291627155542,39.41131140421261,a6507453435ff50cd602c0c2
ff,1.95,-40.0,-0.001,0.5,0.04,-2,5.0,10.0,baseline,10000.0,200.0,0.03,FF | 1.95 V | -40 C | skew +4%,settling_10k_200f,-1.0,fixed local code from ideal inputs and 0.5*VDD common mode,1.0,1,wrong,0.18502666625419903,160.66972557112643,True,1.9499973134287352,0.00045423196126252507,26.387308168000835,39.44851406371552,4b76736950f9e0cd6c92829c
ff,1.95,-40.0,-0.001,0.5,0.04,-2,5.0,10.0,baseline,10000.0,200.0,0.03,FF | 1.95 V | -40 C | skew +4%,settling_10k_200f,-1.0,fixed local code from ideal inputs and 0.5*VDD common mode,2.0,1,wrong,0.18502666625419903,160.66972557112643,True,1.9499996570612481,0.00024516476332264367,26.387308168000835,39.44851406371552,4b76736950f9e0cd6c92829c
ff,1.95,-40.0,0.001,0.5,0.04,-2,5.0,10.0,baseline,10000.0,200.0,-0.03,FF | 1.95 V | -40 C | skew +4%,settling_10k_200f,1.0,fixed local code from ideal inputs and 0.5*VDD common mode,1.0,1,correct,0.19967071342329942,164.04888792769088,True,1.9499965699545436,0.000495464784565023,17.491072463727498,39.26064217455261,2fde113279c88405d9e37f30
ff,1.95,-40.0,0.001,0.5,0.04,-2,5.0,10.0,baseline,10000.0,200.0,-0.03,FF | 1.95 V | -40 C | skew +4%,settling_10k_200f,1.0,fixed local code from ideal inputs and 0.5*VDD common mode,2.0,1,correct,0.19967071342329942,164.04888792769088,True,1.949999526887436,0.0002626763150550246,17.491072463727498,39.26064217455261,2fde113279c88405d9e37f30
ff,1.95,-40.0,0.003,0.5,0.04,-2,5.0,10.0,baseline,10000.0,200.0,-0.03,FF | 1.95 V | -40 C | skew +4%,settling_10k_200f,3.0,fixed local code from ideal inputs and 0.5*VDD common mode,1.0,1,correct,0.19253163509417978,162.9532212267844,True,1.9499969637177395,0.0004911668773865919,17.394735551993783,39.310897708198844,4775824710c59672b5e68290
ff,1.95,-40.0,0.003,0.5,0.04,-2,5.0,10.0,baseline,10000.0,200.0,-0.03,FF | 1.95 V | -40 C | skew +4%,settling_10k_200f,3.0,fixed local code from ideal inputs and 0.5*VDD common mode,2.0,1,correct,0.19253163509417978,162.9532212267844,True,1.949999570655143,0.00026255327483575263,17.394735551993783,39.310897708198844,4775824710c59672b5e68290
ff,1.95,-40.0,-0.003,0.45,0.04,-2,5.0,10.0,baseline,0.0,0.0,,FF | 1.95 V | -40 C | skew +4%,common_mode_0p45,-3.0,fixed local code from ideal inputs and 0.5*VDD common mode,1.0,-1,correct,0.3152534763169584,150.2654140738303,True,0.0011073989371353041,1.9499671778543952,2.6020852139652106e-15,0.0,ed13f6435db75a1675081ca0
ff,1.95,-40.0,-0.003,0.45,0.04,-2,5.0,10.0,baseline,0.0,0.0,,FF | 1.95 V | -40 C | skew +4%,common_mode_0p45,-3.0,fixed local code from ideal inputs and 0.5*VDD common mode,2.0,-1,correct,0.3152534763169584,150.2654140738303,True,9.568625549588222e-07,1.9500000139030493,2.6020852139652106e-15,0.0,ed13f6435db75a1675081ca0
ff,1.95,-40.0,-0.001,0.45,0.04,-2,5.0,10.0,baseline,0.0,0.0,,FF | 1.95 V | -40 C | skew +4%,common_mode_0p45,-1.0,fixed local code from ideal inputs and 0.5*VDD common mode,1.0,-1,correct,0.35266307647666095,155.79019310915177,True,0.0015015097261461723,1.9499556481632776,8.673617379884035e-16,0.0,4a25ff726e803f3797e65149
ff,1.95,-40.0,-0.001,0.45,0.04,-2,5.0,10.0,baseline,0.0,0.0,,FF | 1.95 V | -40 C | skew +4%,common_mode_0p45,-1.0,fixed local code from ideal inputs and 0.5*VDD common mode,2.0,-1,correct,0.35266307647666095,155.79019310915177,True,9.301938713535228e-07,1.9499999831545647,8.673617379884035e-16,0.0,4a25ff726e803f3797e65149
ff,1.95,-40.0,0.001,0.45,0.04,-2,5.0,10.0,baseline,0.0,0.0,,FF | 1.95 V | -40 C | skew +4%,common_mode_0p45,1.0,fixed local code from ideal inputs and 0.5*VDD common mode,1.0,1,correct,0.3324790967890286,152.40895195972615,True,1.9499187965590696,0.0031919276456151653,8.673617379884035e-16,0.0,fc593aae847503f0c704d8db
ff,1.95,-40.0,0.001,0.45,0.04,-2,5.0,10.0,baseline,0.0,0.0,,FF | 1.95 V | -40 C | skew +4%,common_mode_0p45,1.0,fixed local code from ideal inputs and 0.5*VDD common mode,2.0,1,correct,0.3324790967890286,152.40895195972615,True,1.9499997123453592,1.6672617331107012e-06,8.673617379884035e-16,0.0,fc593aae847503f0c704d8db
ff,1.95,-40.0,0.003,0.45,0.04,-2,5.0,10.0,baseline,0.0,0.0,,FF | 1.95 V | -40 C | skew +4%,common_mode_0p45,3.0,fixed local code from ideal inputs and 0.5*VDD common mode,1.0,1,correct,0.3148275215348096,149.10498023330223,True,1.9499323845760501,0.0026456344641336512,2.6020852139652106e-15,0.0,1bea7f90530f03e5eaada0a3
ff,1.95,-40.0,0.003,0.45,0.04,-2,5.0,10.0,baseline,0.0,0.0,,FF | 1.95 V | -40 C | skew +4%,common_mode_0p45,3.0,fixed local code from ideal inputs and 0.5*VDD common mode,2.0,1,correct,0.3148275215348096,149.10498023330223,True,1.9499999844646747,1.570836900796714e-06,2.6020852139652106e-15,0.0,1bea7f90530f03e5eaada0a3
ff,1.95,-40.0,-0.003,0.6,0.04,-2,5.0,10.0,baseline,0.0,0.0,,FF | 1.95 V | -40 C | skew +4%,common_mode_0p60,-3.0,fixed local code from ideal inputs and 0.5*VDD common mode,1.0,1,wrong,0.15864032592245847,197.175347643802,True,1.9499999164313544,5.429039856455011e-07,1.0842021724855044e-13,0.0,2ac3df69d2bdeaa01d833fc8
ff,1.95,-40.0,-0.003,0.6,0.04,-2,5.0,10.0,baseline,0.0,0.0,,FF | 1.95 V | -40 C | skew +4%,common_mode_0p60,-3.0,fixed local code from ideal inputs and 0.5*VDD common mode,2.0,1,wrong,0.15864032592245847,197.175347643802,True,1.9499998437755541,4.6618122489995165e-07,1.0842021724855044e-13,0.0,2ac3df69d2bdeaa01d833fc8
ff,1.95,-40.0,-0.001,0.6,0.04,-2,5.0,10.0,baseline,0.0,0.0,,FF | 1.95 V | -40 C | skew +4%,common_mode_0p60,-1.0,fixed local code from ideal inputs and 0.5*VDD common mode,1.0,1,wrong,0.14980922042337064,195.88810960763672,True,1.9500001212265912,1.0802180299238532e-06,1.1188966420050406e-13,0.0,61030a49d60b964734ca585a
ff,1.95,-40.0,-0.001,0.6,0.04,-2,5.0,10.0,baseline,0.0,0.0,,FF | 1.95 V | -40 C | skew +4%,common_mode_0p60,-1.0,fixed local code from ideal inputs and 0.5*VDD common mode,2.0,1,wrong,0.14980922042337064,195.88810960763672,True,1.9499998288910128,6.886186290704262e-07,1.1188966420050406e-13,0.0,61030a49d60b964734ca585a
ff,1.95,-40.0,0.001,0.6,0.04,-2,5.0,10.0,baseline,0.0,0.0,,FF | 1.95 V | -40 C | skew +4%,common_mode_0p60,1.0,fixed local code from ideal inputs and 0.5*VDD common mode,1.0,1,correct,0.14401659537319816,194.9208703959349,True,1.9499999413516773,4.112114159146062e-07,1.1188966420050406e-13,0.0,503969357b27d6dc7f9f1542
ff,1.95,-40.0,0.001,0.6,0.04,-2,5.0,10.0,baseline,0.0,0.0,,FF | 1.95 V | -40 C | skew +4%,common_mode_0p60,1.0,fixed local code from ideal inputs and 0.5*VDD common mode,2.0,1,correct,0.14401659537319816,194.9208703959349,True,1.9499999543257909,4.114972692303776e-07,1.1188966420050406e-13,0.0,503969357b27d6dc7f9f1542
ff,1.95,-40.0,0.003,0.6,0.04,-2,5.0,10.0,baseline,0.0,0.0,,FF | 1.95 V | -40 C | skew +4%,common_mode_0p60,3.0,fixed local code from ideal inputs and 0.5*VDD common mode,1.0,1,correct,0.14009309350010887,194.1291763768368,True,1.9500001733654857,3.855077327127482e-07,1.0842021724855044e-13,0.0,6889e910ad3507d4ce313185
ff,1.95,-40.0,0.003,0.6,0.04,-2,5.0,10.0,baseline,0.0,0.0,,FF | 1.95 V | -40 C | skew +4%,common_mode_0p60,3.0,fixed local code from ideal inputs and 0.5*VDD common mode,2.0,1,correct,0.14009309350010887,194.1291763768368,True,1.9500000122574541,3.125132212209408e-07,1.0842021724855044e-13,0.0,6889e910ad3507d4ce313185
ff,1.95,-40.0,-0.003,0.5,0.04,-2,20.0,10.0,baseline,0.0,0.0,,FF | 1.95 V | -40 C | skew +4%,output_load_20f,-3.0,fixed local code from ideal inputs and 0.5*VDD common mode,1.0,-1,correct,0.4090238201669593,255.13017230454847,True,0.00025765271798172267,1.9499863623822051,2.6020852139652106e-15,1.1102230246251565e-13,590cc1d111003494a5b0478b
ff,1.95,-40.0,-0.003,0.5,0.04,-2,20.0,10.0,baseline,0.0,0.0,,FF | 1.95 V | -40 C | skew +4%,output_load_20f,-3.0,fixed local code from ideal inputs and 0.5*VDD common mode,2.0,-1,correct,0.4090238201669593,255.13017230454847,True,5.655935711370038e-07,1.94999999703547,2.6020852139652106e-15,1.1102230246251565e-13,590cc1d111003494a5b0478b
ff,1.95,-40.0,-0.001,0.5,0.04,-2,20.0,10.0,baseline,0.0,0.0,,FF | 1.95 V | -40 C | skew +4%,output_load_20f,-1.0,fixed local code from ideal inputs and 0.5*VDD common mode,1.0,-1,correct,0.4328105793450193,259.4228508895419,True,0.00032159359995080584,1.949983000622376,8.673617379884035e-16,1.1102230246251565e-13,f41025fc5756484389a6611b
ff,1.95,-40.0,-0.001,0.5,0.04,-2,20.0,10.0,baseline,0.0,0.0,,FF | 1.95 V | -40 C | skew +4%,output_load_20f,-1.0,fixed local code from ideal inputs and 0.5*VDD common mode,2.0,-1,correct,0.4328105793450193,259.4228508895419,True,5.514202955311231e-07,1.9499999766205967,8.673617379884035e-16,1.1102230246251565e-13,f41025fc5756484389a6611b
ff,1.95,-40.0,0.001,0.5,0.04,-2,20.0,10.0,baseline,0.0,0.0,,FF | 1.95 V | -40 C | skew +4%,output_load_20f,1.0,fixed local code from ideal inputs and 0.5*VDD common mode,1.0,-1,wrong,0.47330156724526956,267.32848543058265,True,0.0004900094883283078,1.9499742681389265,8.673617379884035e-16,1.1102230246251565e-13,8fad07d813dcaba87daa397b
ff,1.95,-40.0,0.001,0.5,0.04,-2,20.0,10.0,baseline,0.0,0.0,,FF | 1.95 V | -40 C | skew +4%,output_load_20f,1.0,fixed local code from ideal inputs and 0.5*VDD common mode,2.0,-1,wrong,0.47330156724526956,267.32848543058265,True,5.742156345042147e-07,1.9499999980434404,8.673617379884035e-16,1.1102230246251565e-13,8fad07d813dcaba87daa397b
ff,1.95,-40.0,0.003,0.5,0.04,-2,20.0,10.0,baseline,0.0,0.0,,FF | 1.95 V | -40 C | skew +4%,output_load_20f,3.0,fixed local code from ideal inputs and 0.5*VDD common mode,1.0,1,correct,0.5346449129716797,280.2268356108984,True,1.9499217993280247,0.0017295496927248579,2.6020852139652106e-15,1.1102230246251565e-13,95ff01f569db7cac170e5a49
ff,1.95,-40.0,0.003,0.5,0.04,-2,20.0,10.0,baseline,0.0,0.0,,FF | 1.95 V | -40 C | skew +4%,output_load_20f,3.0,fixed local code from ideal inputs and 0.5*VDD common mode,2.0,1,correct,0.5346449129716797,280.2268356108984,True,1.9499999953337472,5.847501054363099e-07,2.6020852139652106e-15,1.1102230246251565e-13,95ff01f569db7cac170e5a49
ff,1.95,125.0,-0.003,0.5,0.04,-4,5.0,10.0,baseline,0.0,0.0,,FF | 1.95 V | 125 C | skew +4%,ideal_reference,-3.0,fixed local code from ideal inputs and 0.5*VDD common mode,1.0,-1,correct,0.2532364478632593,214.4036354561648,True,0.0014050262475162818,1.9499951296038236,2.6020852139652106e-15,1.1102230246251565e-13,150548ac0447bfb5cb35ad4b
ff,1.95,125.0,-0.003,0.5,0.04,-4,5.0,10.0,baseline,0.0,0.0,,FF | 1.95 V | 125 C | skew +4%,ideal_reference,-3.0,fixed local code from ideal inputs and 0.5*VDD common mode,2.0,-1,correct,0.2532364478632593,214.4036354561648,True,0.0012284962950593213,1.9500005439857542,2.6020852139652106e-15,1.1102230246251565e-13,150548ac0447bfb5cb35ad4b
ff,1.95,125.0,-0.001,0.5,0.04,-4,5.0,10.0,baseline,0.0,0.0,,FF | 1.95 V | 125 C | skew +4%,ideal_reference,-1.0,fixed local code from ideal inputs and 0.5*VDD common mode,1.0,1,wrong,0.29596083949639085,224.45246097511034,True,1.949972991000314,0.0021718429961188157,8.673617379884035e-16,1.1102230246251565e-13,9153a070a9b29b11fe463790
ff,1.95,125.0,-0.001,0.5,0.04,-4,5.0,10.0,baseline,0.0,0.0,,FF | 1.95 V | 125 C | skew +4%,ideal_reference,-1.0,fixed local code from ideal inputs and 0.5*VDD common mode,2.0,1,wrong,0.29596083949639085,224.45246097511034,True,1.9499996579890584,0.001268135528721761,8.673617379884035e-16,1.1102230246251565e-13,9153a070a9b29b11fe463790
ff,1.95,125.0,0.001,0.5,0.04,-4,5.0,10.0,baseline,0.0,0.0,,FF | 1.95 V | 125 C | skew +4%,ideal_reference,1.0,fixed local code from ideal inputs and 0.5*VDD common mode,1.0,1,correct,0.2537568907114206,211.57988447109577,True,1.9499778678473252,0.0019969488888940375,8.673617379884035e-16,1.1102230246251565e-13,a73ac87e5feff61934bca030
ff,1.95,125.0,0.001,0.5,0.04,-4,5.0,10.0,baseline,0.0,0.0,,FF | 1.95 V | 125 C | skew +4%,ideal_reference,1.0,fixed local code from ideal inputs and 0.5*VDD common mode,2.0,1,correct,0.2537568907114206,211.57988447109577,True,1.949999538167408,0.0012658471998535238,8.673617379884035e-16,1.1102230246251565e-13,a73ac87e5feff61934bca030
ff,1.95,125.0,0.003,0.5,0.04,-4,5.0,10.0,baseline,0.0,0.0,,FF | 1.95 V | 125 C | skew +4%,ideal_reference,3.0,fixed local code from ideal inputs and 0.5*VDD common mode,1.0,1,correct,0.23654577851042824,207.4091715702252,True,1.9499793829908452,0.0019418135314807677,2.6020852139652106e-15,1.1102230246251565e-13,f67edcb86e36d31ef64d0241
ff,1.95,125.0,0.003,0.5,0.04,-4,5.0,10.0,baseline,0.0,0.0,,FF | 1.95 V | 125 C | skew +4%,ideal_reference,3.0,fixed local code from ideal inputs and 0.5*VDD common mode,2.0,1,correct,0.23654577851042824,207.4091715702252,True,1.949999588683487,0.001263573802791754,2.6020852139652106e-15,1.1102230246251565e-13,f67edcb86e36d31ef64d0241
ff,1.95,125.0,-0.003,0.5,0.04,-4,5.0,10.0,baseline,0.0,0.0,0.03,FF | 1.95 V | 125 C | skew +4%,opposite_input_history,-3.0,fixed local code from ideal inputs and 0.5*VDD common mode,1.0,-1,correct,0.25593920511544993,214.1510059121387,True,0.0014046589826687036,1.9499941741801732,2.6020852139652106e-15,1.1102230246251565e-13,41f7d7681175ad9a4dd2008f
ff,1.95,125.0,-0.003,0.5,0.04,-4,5.0,10.0,baseline,0.0,0.0,0.03,FF | 1.95 V | 125 C | skew +4%,opposite_input_history,-3.0,fixed local code from ideal inputs and 0.5*VDD common mode,2.0,-1,correct,0.25593920511544993,214.1510059121387,True,0.0012286971916596256,1.9499998632238214,2.6020852139652106e-15,1.1102230246251565e-13,41f7d7681175ad9a4dd2008f
ff,1.95,125.0,-0.001,0.5,0.04,-4,5.0,10.0,baseline,0.0,0.0,0.03,FF | 1.95 V | 125 C | skew +4%,opposite_input_history,-1.0,fixed local code from ideal inputs and 0.5*VDD common mode,1.0,1,wrong,0.3064092935999905,225.88778189244098,True,1.9499719453087951,0.002196225752771692,8.673617379884035e-16,1.1102230246251565e-13,be2f58d91b3575fab1199f03
ff,1.95,125.0,-0.001,0.5,0.04,-4,5.0,10.0,baseline,0.0,0.0,0.03,FF | 1.95 V | 125 C | skew +4%,opposite_input_history,-1.0,fixed local code from ideal inputs and 0.5*VDD common mode,2.0,1,wrong,0.3064092935999905,225.88778189244098,True,1.9499996219730467,0.001267877684678996,8.673617379884035e-16,1.1102230246251565e-13,be2f58d91b3575fab1199f03
ff,1.95,125.0,0.001,0.5,0.04,-4,5.0,10.0,baseline,0.0,0.0,-0.03,FF | 1.95 V | 125 C | skew +4%,opposite_input_history,1.0,fixed local code from ideal inputs and 0.5*VDD common mode,1.0,1,correct,0.2527830832899799,211.33551723493062,True,1.949977919368546,0.001992064279162065,8.673617379884035e-16,1.1102230246251565e-13,2c7e69ab10a21233cccb665d
ff,1.95,125.0,0.001,0.5,0.04,-4,5.0,10.0,baseline,0.0,0.0,-0.03,FF | 1.95 V | 125 C | skew +4%,opposite_input_history,1.0,fixed local code from ideal inputs and 0.5*VDD common mode,2.0,1,correct,0.2527830832899799,211.33551723493062,True,1.9499994167037977,0.0012659489930372885,8.673617379884035e-16,1.1102230246251565e-13,2c7e69ab10a21233cccb665d
ff,1.95,125.0,0.003,0.5,0.04,-4,5.0,10.0,baseline,0.0,0.0,-0.03,FF | 1.95 V | 125 C | skew +4%,opposite_input_history,3.0,fixed local code from ideal inputs and 0.5*VDD common mode,1.0,1,correct,0.23427635268685987,207.26848816704984,True,1.9499795177708164,0.0019386843215304103,2.6020852139652106e-15,1.1102230246251565e-13,433d3a485b34c088d6528bf6
ff,1.95,125.0,0.003,0.5,0.04,-4,5.0,10.0,baseline,0.0,0.0,-0.03,FF | 1.95 V | 125 C | skew +4%,opposite_input_history,3.0,fixed local code from ideal inputs and 0.5*VDD common mode,2.0,1,correct,0.23427635268685987,207.26848816704984,True,1.9499993884620304,0.0012639682821522999,2.6020852139652106e-15,1.1102230246251565e-13,433d3a485b34c088d6528bf6
ff,1.95,125.0,-0.003,0.5,0.04,-4,5.0,10.0,baseline,1000.0,20.0,,FF | 1.95 V | 125 C | skew +4%,source_1k_20f,-3.0,fixed local code from ideal inputs and 0.5*VDD common mode,1.0,1,wrong,0.2094810181221904,192.40678067326132,True,1.9499687263416579,0.0024381542663717715,53.32063555835143,54.63185255552994,9e8b3bf4ecefcb87c80fbf22
ff,1.95,125.0,-0.003,0.5,0.04,-4,5.0,10.0,baseline,1000.0,20.0,,FF | 1.95 V | 125 C | skew +4%,source_1k_20f,-3.0,fixed local code from ideal inputs and 0.5*VDD common mode,2.0,1,wrong,0.2094810181221904,192.40678067326132,True,1.9499997667567914,0.0012707230981321683,53.32063555835143,54.63185255552994,9e8b3bf4ecefcb87c80fbf22
ff,1.95,125.0,-0.001,0.5,0.04,-4,5.0,10.0,baseline,1000.0,20.0,,FF | 1.95 V | 125 C | skew +4%,source_1k_20f,-1.0,fixed local code from ideal inputs and 0.5*VDD common mode,1.0,1,wrong,0.20603921469278033,192.04442301858407,True,1.949969803321995,0.0024152118243691385,53.45645448691761,54.60928017170475,d52e7dcbda396a278ec7c46a
ff,1.95,125.0,-0.001,0.5,0.04,-4,5.0,10.0,baseline,1000.0,20.0,,FF | 1.95 V | 125 C | skew +4%,source_1k_20f,-1.0,fixed local code from ideal inputs and 0.5*VDD common mode,2.0,1,wrong,0.20603921469278033,192.04442301858407,True,1.9499998599267574,0.0012686388067951245,53.45645448691761,54.60928017170475,d52e7dcbda396a278ec7c46a
ff,1.95,125.0,0.001,0.5,0.04,-4,5.0,10.0,baseline,1000.0,20.0,,FF | 1.95 V | 125 C | skew +4%,source_1k_20f,1.0,fixed local code from ideal inputs and 0.5*VDD common mode,1.0,1,correct,0.20780196867136877,191.70462751975444,True,1.9499708785655612,0.002393121393516135,52.85112254027202,54.5179421752171,89123aa4bf3a2a1d9baf69f7
ff,1.95,125.0,0.001,0.5,0.04,-4,5.0,10.0,baseline,1000.0,20.0,,FF | 1.95 V | 125 C | skew +4%,source_1k_20f,1.0,fixed local code from ideal inputs and 0.5*VDD common mode,2.0,1,correct,0.20780196867136877,191.70462751975444,True,1.9499998464457249,0.0012669744926445204,52.85112254027202,54.5179421752171,89123aa4bf3a2a1d9baf69f7
ff,1.95,125.0,0.003,0.5,0.04,-4,5.0,10.0,baseline,1000.0,20.0,,FF | 1.95 V | 125 C | skew +4%,source_1k_20f,3.0,fixed local code from ideal inputs and 0.5*VDD common mode,1.0,1,correct,0.2020183079081196,191.36044913445508,True,1.949970837945574,0.0023696812176584934,52.93278475866403,54.57989468532987,612ad09b33c6ecde1891e964
ff,1.95,125.0,0.003,0.5,0.04,-4,5.0,10.0,baseline,1000.0,20.0,,FF | 1.95 V | 125 C | skew +4%,source_1k_20f,3.0,fixed local code from ideal inputs and 0.5*VDD common mode,2.0,1,correct,0.2020183079081196,191.36044913445508,True,1.9499998776990548,0.0012644493601487988,52.93278475866403,54.57989468532987,612ad09b33c6ecde1891e964
ff,1.95,125.0,-0.003,0.5,0.04,-4,5.0,10.0,baseline,5000.0,20.0,,FF | 1.95 V | 125 C | skew +4%,source_5k_20f,-3.0,fixed local code from ideal inputs and 0.5*VDD common mode,1.0,1,wrong,0.21936356887412026,187.79988894391562,True,1.9499204548526612,0.00666646475684776,97.92324825535836,108.32297147851378,6f6e1447c5a32a757abb0b3b
ff,1.95,125.0,-0.003,0.5,0.04,-4,5.0,10.0,baseline,5000.0,20.0,,FF | 1.95 V | 125 C | skew +4%,source_5k_20f,-3.0,fixed local code from ideal inputs and 0.5*VDD common mode,2.0,1,wrong,0.21936356887412026,187.79988894391562,True,1.9499983811500676,0.0014009083773111842,97.92324825535836,108.32297147851378,6f6e1447c5a32a757abb0b3b
ff,1.95,125.0,-0.001,0.5,0.04,-4,5.0,10.0,baseline,5000.0,20.0,,FF | 1.95 V | 125 C | skew +4%,source_5k_20f,-1.0,fixed local code from ideal inputs and 0.5*VDD common mode,1.0,1,wrong,0.21878580387489918,187.62390980585926,True,1.9499212472235492,0.006618343392280724,97.51315349022872,108.63579596368712,f8517cf5313f7e8bb8461491
ff,1.95,125.0,-0.001,0.5,0.04,-4,5.0,10.0,baseline,5000.0,20.0,,FF | 1.95 V | 125 C | skew +4%,source_5k_20f,-1.0,fixed local code from ideal inputs and 0.5*VDD common mode,2.0,1,wrong,0.21878580387489918,187.62390980585926,True,1.9499985821352481,0.0013973154370646723,97.51315349022872,108.63579596368712,f8517cf5313f7e8bb8461491
ff,1.95,125.0,0.001,0.5,0.04,-4,5.0,10.0,baseline,5000.0,20.0,,FF | 1.95 V | 125 C | skew +4%,source_5k_20f,1.0,fixed local code from ideal inputs and 0.5*VDD common mode,1.0,1,correct,0.20830301064334114,187.45560263547455,True,1.9499221402613525,0.0065712721188192135,97.05487791863132,108.96687883907363,6722e05a079711b97bc2147e
ff,1.95,125.0,0.001,0.5,0.04,-4,5.0,10.0,baseline,5000.0,20.0,,FF | 1.95 V | 125 C | skew +4%,source_5k_20f,1.0,fixed local code from ideal inputs and 0.5*VDD common mode,2.0,1,correct,0.20830301064334114,187.45560263547455,True,1.9499987803653605,0.0013938752046456792,97.05487791863132,108.96687883907363,6722e05a079711b97bc2147e
ff,1.95,125.0,0.003,0.5,0.04,-4,5.0,10.0,baseline,5000.0,20.0,,FF | 1.95 V | 125 C | skew +4%,source_5k_20f,3.0,fixed local code from ideal inputs and 0.5*VDD common mode,1.0,1,correct,0.2093584277164604,187.30079758586922,True,1.9499218164283199,0.006524866301555896,96.78571806370395,109.32397769176706,43cca89653315f1142694241
ff,1.95,125.0,0.003,0.5,0.04,-4,5.0,10.0,baseline,5000.0,20.0,,FF | 1.95 V | 125 C | skew +4%,source_5k_20f,3.0,fixed local code from ideal inputs and 0.5*VDD common mode,2.0,1,correct,0.2093584277164604,187.30079758586922,True,1.949998136157689,0.0013907746622916857,96.78571806370395,109.32397769176706,43cca89653315f1142694241
ff,1.95,125.0,-0.003,0.5,0.04,-4,5.0,10.0,baseline,10000.0,200.0,0.03,FF | 1.95 V | 125 C | skew +4%,settling_10k_200f,-3.0,fixed local code from ideal inputs and 0.5*VDD common mode,1.0,1,wrong,0.21099929743698,197.3547274702301,True,1.9499720546740609,0.002936801511590235,32.7300717074871,45.00370886270411,2e1337ef9c1ab476e4effd78
ff,1.95,125.0,-0.003,0.5,0.04,-4,5.0,10.0,baseline,10000.0,200.0,0.03,FF | 1.95 V | 125 C | skew +4%,settling_10k_200f,-3.0,fixed local code from ideal inputs and 0.5*VDD common mode,2.0,1,wrong,0.21099929743698,197.3547274702301,True,1.9499986652219332,0.001730976270721079,32.7300717074871,45.00370886270411,2e1337ef9c1ab476e4effd78
ff,1.95,125.0,-0.001,0.5,0.04,-4,5.0,10.0,baseline,10000.0,200.0,0.03,FF | 1.95 V | 125 C | skew +4%,settling_10k_200f,-1.0,fixed local code from ideal inputs and 0.5*VDD common mode,1.0,1,wrong,0.20915577304782068,196.76814384327204,True,1.9499728304926256,0.002911075648723962,32.458536780818115,45.03435588986415,c0966b6607f6fad67b8d36e3
ff,1.95,125.0,-0.001,0.5,0.04,-4,5.0,10.0,baseline,10000.0,200.0,0.03,FF | 1.95 V | 125 C | skew +4%,settling_10k_200f,-1.0,fixed local code from ideal inputs and 0.5*VDD common mode,2.0,1,wrong,0.20915577304782068,196.76814384327204,True,1.9499987548935354,0.0017286086648363207,32.458536780818115,45.03435588986415,c0966b6607f6fad67b8d36e3
ff,1.95,125.0,0.001,0.5,0.04,-4,5.0,10.0,baseline,10000.0,200.0,-0.03,FF | 1.95 V | 125 C | skew +4%,settling_10k_200f,1.0,fixed local code from ideal inputs and 0.5*VDD common mode,1.0,1,correct,0.22317020192389908,199.81649793384295,True,1.9499711399889683,0.0030232012848070027,23.98942569381579,44.83155418726048,5f8b0bb9395649b44910688c
ff,1.95,125.0,0.001,0.5,0.04,-4,5.0,10.0,baseline,10000.0,200.0,-0.03,FF | 1.95 V | 125 C | skew +4%,settling_10k_200f,1.0,fixed local code from ideal inputs and 0.5*VDD common mode,2.0,1,correct,0.22317020192389908,199.81649793384295,True,1.9499989979220087,0.0017525504969296,23.98942569381579,44.83155418726048,5f8b0bb9395649b44910688c
ff,1.95,125.0,0.003,0.5,0.04,-4,5.0,10.0,baseline,10000.0,200.0,-0.03,FF | 1.95 V | 125 C | skew +4%,settling_10k_200f,3.0,fixed local code from ideal inputs and 0.5*VDD common mode,1.0,1,correct,0.21206959382209029,198.96016271357422,True,1.9499718699553783,0.00299221252731447,23.808068790592387,44.86838756254574,d19b37772981d9fe99f9dd1b
ff,1.95,125.0,0.003,0.5,0.04,-4,5.0,10.0,baseline,10000.0,200.0,-0.03,FF | 1.95 V | 125 C | skew +4%,settling_10k_200f,3.0,fixed local code from ideal inputs and 0.5*VDD common mode,2.0,1,correct,0.21206959382209029,198.96016271357422,True,1.9499990488370311,0.0017499698468809088,23.808068790592387,44.86838756254574,d19b37772981d9fe99f9dd1b
ff,1.95,125.0,-0.003,0.45,0.04,-4,5.0,10.0,baseline,0.0,0.0,,FF | 1.95 V | 125 C | skew +4%,common_mode_0p45,-3.0,fixed local code from ideal inputs and 0.5*VDD common mode,1.0,-1,correct,0.30359814277700004,190.62764386404936,True,0.0027290742021576246,1.9499660489687674,2.6020852139652106e-15,0.0,3a636243c8defea6e5048885
ff,1.95,125.0,-0.003,0.45,0.04,-4,5.0,10.0,baseline,0.0,0.0,,FF | 1.95 V | 125 C | skew +4%,common_mode_0p45,-3.0,fixed local code from ideal inputs and 0.5*VDD common mode,2.0,-1,correct,0.30359814277700004,190.62764386404936,True,0.0015056164808795586,1.9499994729818733,2.6020852139652106e-15,0.0,3a636243c8defea6e5048885
ff,1.95,125.0,-0.001,0.45,0.04,-4,5.0,10.0,baseline,0.0,0.0,,FF | 1.95 V | 125 C | skew +4%,common_mode_0p45,-1.0,fixed local code from ideal inputs and 0.5*VDD common mode,1.0,-1,correct,0.31741309952903957,194.72452457118683,True,0.0028777431223606692,1.9499616143564578,8.673617379884035e-16,0.0,0f1ec1e9b804d1abe3e36c41
ff,1.95,125.0,-0.001,0.45,0.04,-4,5.0,10.0,baseline,0.0,0.0,,FF | 1.95 V | 125 C | skew +4%,common_mode_0p45,-1.0,fixed local code from ideal inputs and 0.5*VDD common mode,2.0,-1,correct,0.31741309952903957,194.72452457118683,True,0.0015097602792654952,1.9499991958970773,8.673617379884035e-16,0.0,0f1ec1e9b804d1abe3e36c41
ff,1.95,125.0,0.001,0.45,0.04,-4,5.0,10.0,baseline,0.0,0.0,,FF | 1.95 V | 125 C | skew +4%,common_mode_0p45,1.0,fixed local code from ideal inputs and 0.5*VDD common mode,1.0,-1,wrong,0.36560152731852824,206.29862502113951,True,0.0033232470225533707,1.9499500420333329,8.673617379884035e-16,0.0,f3a1481a4047f52658d02758
ff,1.95,125.0,0.001,0.45,0.04,-4,5.0,10.0,baseline,0.0,0.0,,FF | 1.95 V | 125 C | skew +4%,common_mode_0p45,1.0,fixed local code from ideal inputs and 0.5*VDD common mode,2.0,-1,wrong,0.36560152731852824,206.29862502113951,True,0.0015140760606132339,1.9499994967203556,8.673617379884035e-16,0.0,f3a1481a4047f52658d02758
ff,1.95,125.0,0.003,0.45,0.04,-4,5.0,10.0,baseline,0.0,0.0,,FF | 1.95 V | 125 C | skew +4%,common_mode_0p45,3.0,fixed local code from ideal inputs and 0.5*VDD common mode,1.0,1,correct,0.330721877293489,197.418276031585,True,1.9498752246876647,0.007164481106663577,2.6020852139652106e-15,0.0,c5d7192aabe882c94a914350
ff,1.95,125.0,0.003,0.45,0.04,-4,5.0,10.0,baseline,0.0,0.0,,FF | 1.95 V | 125 C | skew +4%,common_mode_0p45,3.0,fixed local code from ideal inputs and 0.5*VDD common mode,2.0,1,correct,0.330721877293489,197.418276031585,True,1.950000005719954,0.0015792088244232182,2.6020852139652106e-15,0.0,c5d7192aabe882c94a914350
ff,1.95,125.0,-0.003,0.6,0.04,-4,5.0,10.0,baseline,0.0,0.0,,FF | 1.95 V | 125 C | skew +4%,common_mode_0p60,-3.0,fixed local code from ideal inputs and 0.5*VDD common mode,1.0,1,wrong,0.19459340845731843,238.45915053419478,True,1.9499980964838215,0.0010470794793476469,1.0842021724855044e-13,0.0,41b8aded0f5ab92676c3ff8b
ff,1.95,125.0,-0.003,0.6,0.04,-4,5.0,10.0,baseline,0.0,0.0,,FF | 1.95 V | 125 C | skew +4%,common_mode_0p60,-3.0,fixed local code from ideal inputs and 0.5*VDD common mode,2.0,1,wrong,0.19459340845731843,238.45915053419478,True,1.949998928267628,0.0010127585408094915,1.0842021724855044e-13,0.0,41b8aded0f5ab92676c3ff8b
ff,1.95,125.0,-0.001,0.6,0.04,-4,5.0,10.0,baseline,0.0,0.0,,FF | 1.95 V | 125 C | skew +4%,common_mode_0p60,-1.0,fixed local code from ideal inputs and 0.5*VDD common mode,1.0,1,wrong,0.1862074225897987,236.65377590783442,True,1.9499983479774454,0.0010433953268364387,1.1188966420050406e-13,0.0,cef09edafd9f9dc5bef9ff0d
ff,1.95,125.0,-0.001,0.6,0.04,-4,5.0,10.0,baseline,0.0,0.0,,FF | 1.95 V | 125 C | skew +4%,common_mode_0p60,-1.0,fixed local code from ideal inputs and 0.5*VDD common mode,2.0,1,wrong,0.1862074225897987,236.65377590783442,True,1.9499993881558935,0.0010109643234053926,1.1188966420050406e-13,0.0,cef09edafd9f9dc5bef9ff0d
ff,1.95,125.0,0.001,0.6,0.04,-4,5.0,10.0,baseline,0.0,0.0,,FF | 1.95 V | 125 C | skew +4%,common_mode_0p60,1.0,fixed local code from ideal inputs and 0.5*VDD common mode,1.0,1,correct,0.1816979581264408,235.1606149526576,True,1.949999086027816,0.001038831965058688,1.1188966420050406e-13,0.0,37f4e96cbc6fdcbd68ebc8c8
ff,1.95,125.0,0.001,0.6,0.04,-4,5.0,10.0,baseline,0.0,0.0,,FF | 1.95 V | 125 C | skew +4%,common_mode_0p60,1.0,fixed local code from ideal inputs and 0.5*VDD common mode,2.0,1,correct,0.1816979581264408,235.1606149526576,True,1.950000324037497,0.0010084645994890623,1.1188966420050406e-13,0.0,37f4e96cbc6fdcbd68ebc8c8
ff,1.95,125.0,0.003,0.6,0.04,-4,5.0,10.0,baseline,0.0,0.0,,FF | 1.95 V | 125 C | skew +4%,common_mode_0p60,3.0,fixed local code from ideal inputs and 0.5*VDD common mode,1.0,1,correct,0.17745699524951064,234.04426545592045,True,1.9499981634106962,0.001039288957174,1.0842021724855044e-13,0.0,7ec79d1c0d001dcf906baea4
ff,1.95,125.0,0.003,0.6,0.04,-4,5.0,10.0,baseline,0.0,0.0,,FF | 1.95 V | 125 C | skew +4%,common_mode_0p60,3.0,fixed local code from ideal inputs and 0.5*VDD common mode,2.0,1,correct,0.17745699524951064,234.04426545592045,True,1.9499993891721004,0.001009011144073277,1.0842021724855044e-13,0.0,7ec79d1c0d001dcf906baea4
ff,1.95,125.0,-0.003,0.5,0.04,-4,20.0,10.0,baseline,0.0,0.0,,FF | 1.95 V | 125 C | skew +4%,output_load_20f,-3.0,fixed local code from ideal inputs and 0.5*VDD common mode,1.0,-1,correct,0.4219750102740703,294.7779880272287,True,0.002610845307548542,1.9499433732766367,2.6020852139652106e-15,1.1102230246251565e-13,0f33bca632d56284b747e2df
ff,1.95,125.0,-0.003,0.5,0.04,-4,20.0,10.0,baseline,0.0,0.0,,FF | 1.95 V | 125 C | skew +4%,output_load_20f,-3.0,fixed local code from ideal inputs and 0.5*VDD common mode,2.0,-1,correct,0.4219750102740703,294.7779880272287,True,0.0012287395500441695,1.9499996575582217,2.6020852139652106e-15,1.1102230246251565e-13,0f33bca632d56284b747e2df
ff,1.95,125.0,-0.001,0.5,0.04,-4,20.0,10.0,baseline,0.0,0.0,,FF | 1.95 V | 125 C | skew +4%,output_load_20f,-1.0,fixed local code from ideal inputs and 0.5*VDD common mode,1.0,-1,correct,0.43136244809322916,297.35341378970656,True,0.0027089500021670746,1.9499394935993437,8.673617379884035e-16,1.1102230246251565e-13,c10abe78c5ce2f6aadf912cc
ff,1.95,125.0,-0.001,0.5,0.04,-4,20.0,10.0,baseline,0.0,0.0,,FF | 1.95 V | 125 C | skew +4%,output_load_20f,-1.0,fixed local code from ideal inputs and 0.5*VDD common mode,2.0,-1,correct,0.43136244809322916,297.35341378970656,True,0.0012307224081197815,1.9499996635920211,8.673617379884035e-16,1.1102230246251565e-13,c10abe78c5ce2f6aadf912cc
ff,1.95,125.0,0.001,0.5,0.04,-4,20.0,10.0,baseline,0.0,0.0,,FF | 1.95 V | 125 C | skew +4%,output_load_20f,1.0,fixed local code from ideal inputs and 0.5*VDD common mode,1.0,-1,wrong,0.44173791852249866,300.38205150469446,True,0.0028317739676707375,1.9499346264742357,8.673617379884035e-16,1.1102230246251565e-13,494b53537c135086fc80272f
ff,1.95,125.0,0.001,0.5,0.04,-4,20.0,10.0,baseline,0.0,0.0,,FF | 1.95 V | 125 C | skew +4%,output_load_20f,1.0,fixed local code from ideal inputs and 0.5*VDD common mode,2.0,-1,wrong,0.44173791852249866,300.38205150469446,True,0.0012327622791624162,1.9499996484653135,8.673617379884035e-16,1.1102230246251565e-13,494b53537c135086fc80272f
ff,1.95,125.0,0.003,0.5,0.04,-4,20.0,10.0,baseline,0.0,0.0,,FF | 1.95 V | 125 C | skew +4%,output_load_20f,3.0,fixed local code from ideal inputs and 0.5*VDD common mode,1.0,-1,wrong,0.45336875047024067,304.0512619790294,True,0.0029927315267757244,1.9499282189382336,2.6020852139652106e-15,1.1102230246251565e-13,81b317ed50143fa7cc092e26
ff,1.95,125.0,0.003,0.5,0.04,-4,20.0,10.0,baseline,0.0,0.0,,FF | 1.95 V | 125 C | skew +4%,output_load_20f,3.0,fixed local code from ideal inputs and 0.5*VDD common mode,2.0,-1,wrong,0.45336875047024067,304.0512619790294,True,0.0012348697980774628,1.9499996136438245,2.6020852139652106e-15,1.1102230246251565e-13,81b317ed50143fa7cc092e26
tt,1.8,27.0,-0.003,0.5,0.04,-4,5.0,10.0,lvt_balanced_4b,0.0,0.0,,TT | 1.80 V | 27 C | skew +4%,ideal_reference,-3.0,fixed local code from ideal inputs and 0.5*VDD common mode,1.0,-1,correct,0.26996648839671006,248.32891575958325,True,0.0003866235156070239,1.7999823940096704,2.6020852139652106e-15,1.1102230246251565e-13,f2de1db334e06c3b56f2611b
tt,1.8,27.0,-0.003,0.5,0.04,-4,5.0,10.0,lvt_balanced_4b,0.0,0.0,,TT | 1.80 V | 27 C | skew +4%,ideal_reference,-3.0,fixed local code from ideal inputs and 0.5*VDD common mode,2.0,-1,correct,0.26996648839671006,248.32891575958325,True,1.2911084448581705e-06,1.8000000029647027,2.6020852139652106e-15,1.1102230246251565e-13,f2de1db334e06c3b56f2611b
tt,1.8,27.0,-0.001,0.5,0.04,-4,5.0,10.0,lvt_balanced_4b,0.0,0.0,,TT | 1.80 V | 27 C | skew +4%,ideal_reference,-1.0,fixed local code from ideal inputs and 0.5*VDD common mode,1.0,-1,correct,0.3012354061465602,250.51676198286907,True,0.00041979405987667846,1.7999808857759516,8.673617379884035e-16,1.1102230246251565e-13,f72d1a38c5a70773d77376fe
tt,1.8,27.0,-0.001,0.5,0.04,-4,5.0,10.0,lvt_balanced_4b,0.0,0.0,,TT | 1.80 V | 27 C | skew +4%,ideal_reference,-1.0,fixed local code from ideal inputs and 0.5*VDD common mode,2.0,-1,correct,0.3012354061465602,250.51676198286907,True,1.2704389595902197e-06,1.800000056594732,8.673617379884035e-16,1.1102230246251565e-13,f72d1a38c5a70773d77376fe
tt,1.8,27.0,0.001,0.5,0.04,-4,5.0,10.0,lvt_balanced_4b,0.0,0.0,,TT | 1.80 V | 27 C | skew +4%,ideal_reference,1.0,fixed local code from ideal inputs and 0.5*VDD common mode,1.0,1,correct,0.34932947427749816,253.1240098196274,True,1.7999586994685075,0.0009763135307855468,8.673617379884035e-16,1.1102230246251565e-13,975dba2895424241cb5401ba
tt,1.8,27.0,0.001,0.5,0.04,-4,5.0,10.0,lvt_balanced_4b,0.0,0.0,,TT | 1.80 V | 27 C | skew +4%,ideal_reference,1.0,fixed local code from ideal inputs and 0.5*VDD common mode,2.0,1,correct,0.34932947427749816,253.1240098196274,True,1.799999792388221,1.601138664147499e-06,8.673617379884035e-16,1.1102230246251565e-13,975dba2895424241cb5401ba
tt,1.8,27.0,0.003,0.5,0.04,-4,5.0,10.0,lvt_balanced_4b,0.0,0.0,,TT | 1.80 V | 27 C | skew +4%,ideal_reference,3.0,fixed local code from ideal inputs and 0.5*VDD common mode,1.0,1,correct,0.2842697059226688,248.97011505411064,True,1.7999644082308468,0.0008405964327579673,2.6020852139652106e-15,1.1102230246251565e-13,a1ef917a0a00b9909ce8c119
tt,1.8,27.0,0.003,0.5,0.04,-4,5.0,10.0,lvt_balanced_4b,0.0,0.0,,TT | 1.80 V | 27 C | skew +4%,ideal_reference,3.0,fixed local code from ideal inputs and 0.5*VDD common mode,2.0,1,correct,0.2842697059226688,248.97011505411064,True,1.7999998356078277,1.8036452298077057e-06,2.6020852139652106e-15,1.1102230246251565e-13,a1ef917a0a00b9909ce8c119
tt,1.8,27.0,-0.003,0.5,0.04,-4,5.0,10.0,lvt_balanced_4b,0.0,0.0,0.03,TT | 1.80 V | 27 C | skew +4%,opposite_input_history,-3.0,fixed local code from ideal inputs and 0.5*VDD common mode,1.0,-1,correct,0.26327991840209053,248.1581728648989,True,0.0003854904600614116,1.7999826205192702,2.6020852139652106e-15,1.1102230246251565e-13,dec6e1f9e0c41086024a460a
tt,1.8,27.0,-0.003,0.5,0.04,-4,5.0,10.0,lvt_balanced_4b,0.0,0.0,0.03,TT | 1.80 V | 27 C | skew +4%,opposite_input_history,-3.0,fixed local code from ideal inputs and 0.5*VDD common mode,2.0,-1,correct,0.26327991840209053,248.1581728648989,True,1.3376715290172878e-06,1.8000000257501234,2.6020852139652106e-15,1.1102230246251565e-13,dec6e1f9e0c41086024a460a
tt,1.8,27.0,-0.001,0.5,0.04,-4,5.0,10.0,lvt_balanced_4b,0.0,0.0,0.03,TT | 1.80 V | 27 C | skew +4%,opposite_input_history,-1.0,fixed local code from ideal inputs and 0.5*VDD common mode,1.0,-1,correct,0.29928166234468084,250.23286390150025,True,0.00041615660315670085,1.7999809200436996,8.673617379884035e-16,1.1102230246251565e-13,01b07816c22cb283e1236eb7
tt,1.8,27.0,-0.001,0.5,0.04,-4,5.0,10.0,lvt_balanced_4b,0.0,0.0,0.03,TT | 1.80 V | 27 C | skew +4%,opposite_input_history,-1.0,fixed local code from ideal inputs and 0.5*VDD common mode,2.0,-1,correct,0.29928166234468084,250.23286390150025,True,1.236863060172789e-06,1.8000000590576462,8.673617379884035e-16,1.1102230246251565e-13,01b07816c22cb283e1236eb7
tt,1.8,27.0,0.001,0.5,0.04,-4,5.0,10.0,lvt_balanced_4b,0.0,0.0,-0.03,TT | 1.80 V | 27 C | skew +4%,opposite_input_history,1.0,fixed local code from ideal inputs and 0.5*VDD common mode,1.0,1,correct,0.3399801869930303,252.38794781008625,True,1.799960218178339,0.00094763587345932,8.673617379884035e-16,1.1102230246251565e-13,45f805e143d6fb215c19276d
tt,1.8,27.0,0.001,0.5,0.04,-4,5.0,10.0,lvt_balanced_4b,0.0,0.0,-0.03,TT | 1.80 V | 27 C | skew +4%,opposite_input_history,1.0,fixed local code from ideal inputs and 0.5*VDD common mode,2.0,1,correct,0.3399801869930303,252.38794781008625,True,1.7999999833256848,1.5630186753092223e-06,8.673617379884035e-16,1.1102230246251565e-13,45f805e143d6fb215c19276d
tt,1.8,27.0,0.003,0.5,0.04,-4,5.0,10.0,lvt_balanced_4b,0.0,0.0,-0.03,TT | 1.80 V | 27 C | skew +4%,opposite_input_history,3.0,fixed local code from ideal inputs and 0.5*VDD common mode,1.0,1,correct,0.28095183585284883,248.7889850528047,True,1.7999651253222844,0.0008349140221474991,2.6020852139652106e-15,1.1102230246251565e-13,60e65a17fa648f2d13635728
tt,1.8,27.0,0.003,0.5,0.04,-4,5.0,10.0,lvt_balanced_4b,0.0,0.0,-0.03,TT | 1.80 V | 27 C | skew +4%,opposite_input_history,3.0,fixed local code from ideal inputs and 0.5*VDD common mode,2.0,1,correct,0.28095183585284883,248.7889850528047,True,1.8000000046946405,1.5976000760235016e-06,2.6020852139652106e-15,1.1102230246251565e-13,60e65a17fa648f2d13635728
tt,1.8,27.0,-0.003,0.5,0.04,-4,5.0,10.0,lvt_balanced_4b,1000.0,20.0,,TT | 1.80 V | 27 C | skew +4%,source_1k_20f,-3.0,fixed local code from ideal inputs and 0.5*VDD common mode,1.0,1,wrong,0.2173162415498507,241.11191157274297,True,1.7999023781601393,0.00300785158431164,37.77015080079116,59.14846612603497,8ff288a120097db1a9efcb2e
tt,1.8,27.0,-0.003,0.5,0.04,-4,5.0,10.0,lvt_balanced_4b,1000.0,20.0,,TT | 1.80 V | 27 C | skew +4%,source_1k_20f,-3.0,fixed local code from ideal inputs and 0.5*VDD common mode,2.0,1,wrong,0.2173162415498507,241.11191157274297,True,1.7999996811096657,7.105781980066336e-06,37.77015080079116,59.14846612603497,8ff288a120097db1a9efcb2e
tt,1.8,27.0,-0.001,0.5,0.04,-4,5.0,10.0,lvt_balanced_4b,1000.0,20.0,,TT | 1.80 V | 27 C | skew +4%,source_1k_20f,-1.0,fixed local code from ideal inputs and 0.5*VDD common mode,1.0,1,wrong,0.2123575696761613,240.78396563382773,True,1.7999042382490162,0.002950476200914565,37.50880157587322,58.89824285128531,ac3993a047445ae3c4cf675f
tt,1.8,27.0,-0.001,0.5,0.04,-4,5.0,10.0,lvt_balanced_4b,1000.0,20.0,,TT | 1.80 V | 27 C | skew +4%,source_1k_20f,-1.0,fixed local code from ideal inputs and 0.5*VDD common mode,2.0,1,wrong,0.2123575696761613,240.78396563382773,True,1.7999997861166523,6.9511330575521e-06,37.50880157587322,58.89824285128531,ac3993a047445ae3c4cf675f
tt,1.8,27.0,0.001,0.5,0.04,-4,5.0,10.0,lvt_balanced_4b,1000.0,20.0,,TT | 1.80 V | 27 C | skew +4%,source_1k_20f,1.0,fixed local code from ideal inputs and 0.5*VDD common mode,1.0,1,correct,0.21011471821304972,240.49365787671096,True,1.7999052860525946,0.002893549617527206,37.17433437733564,58.60631368959923,043759392815a8f913620ccf
tt,1.8,27.0,0.001,0.5,0.04,-4,5.0,10.0,lvt_balanced_4b,1000.0,20.0,,TT | 1.80 V | 27 C | skew +4%,source_1k_20f,1.0,fixed local code from ideal inputs and 0.5*VDD common mode,2.0,1,correct,0.21011471821304972,240.49365787671096,True,1.799999527050614,6.3347750110175226e-06,37.17433437733564,58.60631368959923,043759392815a8f913620ccf
tt,1.8,27.0,0.003,0.5,0.04,-4,5.0,10.0,lvt_balanced_4b,1000.0,20.0,,TT | 1.80 V | 27 C | skew +4%,source_1k_20f,3.0,fixed local code from ideal inputs and 0.5*VDD common mode,1.0,1,correct,0.21200856403623997,240.20209230921392,True,1.7999074168284792,0.002841296726711663,36.956542725295364,58.169176709054526,457e5494819248ad435c34b8
tt,1.8,27.0,0.003,0.5,0.04,-4,5.0,10.0,lvt_balanced_4b,1000.0,20.0,,TT | 1.80 V | 27 C | skew +4%,source_1k_20f,3.0,fixed local code from ideal inputs and 0.5*VDD common mode,2.0,1,correct,0.21200856403623997,240.20209230921392,True,1.7999997778521382,6.734578580485639e-06,36.956542725295364,58.169176709054526,457e5494819248ad435c34b8
tt,1.8,27.0,-0.003,0.5,0.04,-4,5.0,10.0,lvt_balanced_4b,5000.0,20.0,,TT | 1.80 V | 27 C | skew +4%,source_5k_20f,-3.0,fixed local code from ideal inputs and 0.5*VDD common mode,1.0,1,wrong,0.23316954350009064,242.69580818903836,True,1.7996601248808155,0.01806054222540032,87.61030824723714,135.89012857237714,9b85049c678d0785f3d6f617
tt,1.8,27.0,-0.003,0.5,0.04,-4,5.0,10.0,lvt_balanced_4b,5000.0,20.0,,TT | 1.80 V | 27 C | skew +4%,source_5k_20f,-3.0,fixed local code from ideal inputs and 0.5*VDD common mode,2.0,1,wrong,0.23316954350009064,242.69580818903836,True,1.7999875396388891,0.0010160898060655866,87.61030824723714,135.89012857237714,9b85049c678d0785f3d6f617
tt,1.8,27.0,-0.001,0.5,0.04,-4,5.0,10.0,lvt_balanced_4b,5000.0,20.0,,TT | 1.80 V | 27 C | skew +4%,source_5k_20f,-1.0,fixed local code from ideal inputs and 0.5*VDD common mode,1.0,1,wrong,0.22401259402309062,242.56098827511502,True,1.7996644892877842,0.017843472869778675,86.75819335928526,136.34928454602203,7574c54b384394bb2ec91372
tt,1.8,27.0,-0.001,0.5,0.04,-4,5.0,10.0,lvt_balanced_4b,5000.0,20.0,,TT | 1.80 V | 27 C | skew +4%,source_5k_20f,-1.0,fixed local code from ideal inputs and 0.5*VDD common mode,2.0,1,wrong,0.22401259402309062,242.56098827511502,True,1.799987639164914,0.0010069535180756803,86.75819335928526,136.34928454602203,7574c54b384394bb2ec91372
tt,1.8,27.0,0.001,0.5,0.04,-4,5.0,10.0,lvt_balanced_4b,5000.0,20.0,,TT | 1.80 V | 27 C | skew +4%,source_5k_20f,1.0,fixed local code from ideal inputs and 0.5*VDD common mode,1.0,1,correct,0.22363962165734882,242.435362937041,True,1.7996686961757382,0.017631292317764342,85.95759214279252,136.7702179297835,9659d6574fbd5657983c7bf1
tt,1.8,27.0,0.001,0.5,0.04,-4,5.0,10.0,lvt_balanced_4b,5000.0,20.0,,TT | 1.80 V | 27 C | skew +4%,source_5k_20f,1.0,fixed local code from ideal inputs and 0.5*VDD common mode,2.0,1,correct,0.22363962165734882,242.435362937041,True,1.799987750106979,0.0009979628049260796,85.95759214279252,136.7702179297835,9659d6574fbd5657983c7bf1
tt,1.8,27.0,0.003,0.5,0.04,-4,5.0,10.0,lvt_balanced_4b,5000.0,20.0,,TT | 1.80 V | 27 C | skew +4%,source_5k_20f,3.0,fixed local code from ideal inputs and 0.5*VDD common mode,1.0,1,correct,0.2246177291026385,242.3171100876044,True,1.7996729301016015,0.017424241583838953,85.0946745031862,137.16441874985097,8fed67bf7e5041d76d968763
tt,1.8,27.0,0.003,0.5,0.04,-4,5.0,10.0,lvt_balanced_4b,5000.0,20.0,,TT | 1.80 V | 27 C | skew +4%,source_5k_20f,3.0,fixed local code from ideal inputs and 0.5*VDD common mode,2.0,1,correct,0.2246177291026385,242.3171100876044,True,1.7999878538781664,0.0009892339824982804,85.0946745031862,137.16441874985097,8fed67bf7e5041d76d968763
tt,1.8,27.0,-0.003,0.5,0.04,-4,5.0,10.0,lvt_balanced_4b,10000.0,200.0,0.03,TT | 1.80 V | 27 C | skew +4%,settling_10k_200f,-3.0,fixed local code from ideal inputs and 0.5*VDD common mode,1.0,1,wrong,0.22337799887298906,243.38936236352674,True,1.7999097828363495,0.004043207567745707,28.53944755751225,70.1654578471792,02c8952b406d4e55b08944dc
tt,1.8,27.0,-0.003,0.5,0.04,-4,5.0,10.0,lvt_balanced_4b,10000.0,200.0,0.03,TT | 1.80 V | 27 C | skew +4%,settling_10k_200f,-3.0,fixed local code from ideal inputs and 0.5*VDD common mode,2.0,1,wrong,0.22337799887298906,243.38936236352674,True,1.7999977842964883,0.0009765515123378534,28.53944755751225,70.1654578471792,02c8952b406d4e55b08944dc
tt,1.8,27.0,-0.001,0.5,0.04,-4,5.0,10.0,lvt_balanced_4b,10000.0,200.0,0.03,TT | 1.80 V | 27 C | skew +4%,settling_10k_200f,-1.0,fixed local code from ideal inputs and 0.5*VDD common mode,1.0,1,wrong,0.22139726714557892,242.957713415819,True,1.7999117568118603,0.003976687044278114,28.49014243154757,70.20751419573834,0899964342db8348b929d2e0
tt,1.8,27.0,-0.001,0.5,0.04,-4,5.0,10.0,lvt_balanced_4b,10000.0,200.0,0.03,TT | 1.80 V | 27 C | skew +4%,settling_10k_200f,-1.0,fixed local code from ideal inputs and 0.5*VDD common mode,2.0,1,wrong,0.22139726714557892,242.957713415819,True,1.7999978228540494,0.0009745274403718047,28.49014243154757,70.20751419573834,0899964342db8348b929d2e0
tt,1.8,27.0,0.001,0.5,0.04,-4,5.0,10.0,lvt_balanced_4b,10000.0,200.0,-0.03,TT | 1.80 V | 27 C | skew +4%,settling_10k_200f,1.0,fixed local code from ideal inputs and 0.5*VDD common mode,1.0,1,correct,0.24442176346666913,245.3923174375473,True,1.799907267249534,0.004199604764576088,19.042035097214914,69.9683949330362,0d72165f61e38a2aee3e5797
tt,1.8,27.0,0.001,0.5,0.04,-4,5.0,10.0,lvt_balanced_4b,10000.0,200.0,-0.03,TT | 1.80 V | 27 C | skew +4%,settling_10k_200f,1.0,fixed local code from ideal inputs and 0.5*VDD common mode,2.0,1,correct,0.24442176346666913,245.3923174375473,True,1.7999978244241173,0.0010106316519366812,19.042035097214914,69.9683949330362,0d72165f61e38a2aee3e5797
tt,1.8,27.0,0.003,0.5,0.04,-4,5.0,10.0,lvt_balanced_4b,10000.0,200.0,-0.03,TT | 1.80 V | 27 C | skew +4%,settling_10k_200f,3.0,fixed local code from ideal inputs and 0.5*VDD common mode,1.0,1,correct,0.23759156784131955,244.72741574531938,True,1.799908742022475,0.004125485622693467,19.03891240075673,70.02138278291581,2116600e68b4423221e63b09
tt,1.8,27.0,0.003,0.5,0.04,-4,5.0,10.0,lvt_balanced_4b,10000.0,200.0,-0.03,TT | 1.80 V | 27 C | skew +4%,settling_10k_200f,3.0,fixed local code from ideal inputs and 0.5*VDD common mode,2.0,1,correct,0.23759156784131955,244.72741574531938,True,1.7999976192401985,0.001008495456443601,19.03891240075673,70.02138278291581,2116600e68b4423221e63b09
tt,1.8,27.0,-0.003,0.45,0.04,-4,5.0,10.0,lvt_balanced_4b,0.0,0.0,,TT | 1.80 V | 27 C | skew +4%,common_mode_0p45,-3.0,fixed local code from ideal inputs and 0.5*VDD common mode,1.0,-1,correct,0.29070235722703003,220.27051523789115,True,0.004268896375404931,1.7998618320518553,2.6020852139652106e-15,0.0,d0abdc27da284494518dc834
tt,1.8,27.0,-0.003,0.45,0.04,-4,5.0,10.0,lvt_balanced_4b,0.0,0.0,,TT | 1.80 V | 27 C | skew +4%,common_mode_0p45,-3.0,fixed local code from ideal inputs and 0.5*VDD common mode,2.0,-1,correct,0.29070235722703003,220.27051523789115,True,9.981393047269016e-06,1.7999997159256709,2.6020852139652106e-15,0.0,d0abdc27da284494518dc834
tt,1.8,27.0,-0.001,0.45,0.04,-4,5.0,10.0,lvt_balanced_4b,0.0,0.0,,TT | 1.80 V | 27 C | skew +4%,common_mode_0p45,-1.0,fixed local code from ideal inputs and 0.5*VDD common mode,1.0,-1,correct,0.3004053107245004,221.34081518362262,True,0.004441245403573957,1.7998564901849796,8.673617379884035e-16,0.0,2667ca589536d43ce2ee3988
tt,1.8,27.0,-0.001,0.45,0.04,-4,5.0,10.0,lvt_balanced_4b,0.0,0.0,,TT | 1.80 V | 27 C | skew +4%,common_mode_0p45,-1.0,fixed local code from ideal inputs and 0.5*VDD common mode,2.0,-1,correct,0.3004053107245004,221.34081518362262,True,1.0306944787112281e-05,1.799999715545775,8.673617379884035e-16,0.0,2667ca589536d43ce2ee3988
tt,1.8,27.0,0.001,0.45,0.04,-4,5.0,10.0,lvt_balanced_4b,0.0,0.0,,TT | 1.80 V | 27 C | skew +4%,common_mode_0p45,1.0,fixed local code from ideal inputs and 0.5*VDD common mode,1.0,-1,wrong,0.3295824831884486,222.89466866491338,True,0.004652747641383473,1.799850310689507,8.673617379884035e-16,0.0,6ed11804bc1ccb0ff096d9d7
tt,1.8,27.0,0.001,0.45,0.04,-4,5.0,10.0,lvt_balanced_4b,0.0,0.0,,TT | 1.80 V | 27 C | skew +4%,common_mode_0p45,1.0,fixed local code from ideal inputs and 0.5*VDD common mode,2.0,-1,wrong,0.3295824831884486,222.89466866491338,True,1.0763832753378275e-05,1.7999997437588262,8.673617379884035e-16,0.0,6ed11804bc1ccb0ff096d9d7
tt,1.8,27.0,0.003,0.45,0.04,-4,5.0,10.0,lvt_balanced_4b,0.0,0.0,,TT | 1.80 V | 27 C | skew +4%,common_mode_0p45,3.0,fixed local code from ideal inputs and 0.5*VDD common mode,1.0,-1,wrong,0.3911298087802294,226.50167944379282,True,0.005148595935004563,1.7998351730733888,2.6020852139652106e-15,0.0,5494b2a8c6c7ee447e67c752
tt,1.8,27.0,0.003,0.45,0.04,-4,5.0,10.0,lvt_balanced_4b,0.0,0.0,,TT | 1.80 V | 27 C | skew +4%,common_mode_0p45,3.0,fixed local code from ideal inputs and 0.5*VDD common mode,2.0,-1,wrong,0.3911298087802294,226.50167944379282,True,1.1818178673081372e-05,1.7999997128245906,2.6020852139652106e-15,0.0,5494b2a8c6c7ee447e67c752
tt,1.8,27.0,-0.003,0.6,0.04,-4,5.0,10.0,lvt_balanced_4b,0.0,0.0,,TT | 1.80 V | 27 C | skew +4%,common_mode_0p60,-3.0,fixed local code from ideal inputs and 0.5*VDD common mode,1.0,1,wrong,0.2914972982093993,302.05739836953535,True,1.799997407267307,2.9374562161623113e-05,1.0842021724855044e-13,0.0,19f025ee684be90c6b908152
tt,1.8,27.0,-0.003,0.6,0.04,-4,5.0,10.0,lvt_balanced_4b,0.0,0.0,,TT | 1.80 V | 27 C | skew +4%,common_mode_0p60,-3.0,fixed local code from ideal inputs and 0.5*VDD common mode,2.0,1,wrong,0.2914972982093993,302.05739836953535,True,1.7999998202029044,4.774512628434063e-07,1.0842021724855044e-13,0.0,19f025ee684be90c6b908152
tt,1.8,27.0,-0.001,0.6,0.04,-4,5.0,10.0,lvt_balanced_4b,0.0,0.0,,TT | 1.80 V | 27 C | skew +4%,common_mode_0p60,-1.0,fixed local code from ideal inputs and 0.5*VDD common mode,1.0,1,wrong,0.2599818359538201,299.9256373342357,True,1.7999980012031922,2.5870333287750833e-05,1.1188966420050406e-13,0.0,9dd5d412650f1940279aec96
tt,1.8,27.0,-0.001,0.6,0.04,-4,5.0,10.0,lvt_balanced_4b,0.0,0.0,,TT | 1.80 V | 27 C | skew +4%,common_mode_0p60,-1.0,fixed local code from ideal inputs and 0.5*VDD common mode,2.0,1,wrong,0.2599818359538201,299.9256373342357,True,1.800000027316084,6.237929898543186e-07,1.1188966420050406e-13,0.0,9dd5d412650f1940279aec96
tt,1.8,27.0,0.001,0.6,0.04,-4,5.0,10.0,lvt_balanced_4b,0.0,0.0,,TT | 1.80 V | 27 C | skew +4%,common_mode_0p60,1.0,fixed local code from ideal inputs and 0.5*VDD common mode,1.0,1,correct,0.24003976924804893,298.8182280610201,True,1.799998186105309,2.4420941437149005e-05,1.1188966420050406e-13,0.0,81f3763c3761027dc7b53c4e
tt,1.8,27.0,0.001,0.6,0.04,-4,5.0,10.0,lvt_balanced_4b,0.0,0.0,,TT | 1.80 V | 27 C | skew +4%,common_mode_0p60,1.0,fixed local code from ideal inputs and 0.5*VDD common mode,2.0,1,correct,0.24003976924804893,298.8182280610201,True,1.80000001356055,7.439789903547177e-07,1.1188966420050406e-13,0.0,81f3763c3761027dc7b53c4e
tt,1.8,27.0,0.003,0.6,0.04,-4,5.0,10.0,lvt_balanced_4b,0.0,0.0,,TT | 1.80 V | 27 C | skew +4%,common_mode_0p60,3.0,fixed local code from ideal inputs and 0.5*VDD common mode,1.0,1,correct,0.2261448364162804,298.04113379710356,True,1.7999984786300176,2.411438832711819e-05,1.0842021724855044e-13,0.0,d9371965e1689bd240c9c4bd
tt,1.8,27.0,0.003,0.6,0.04,-4,5.0,10.0,lvt_balanced_4b,0.0,0.0,,TT | 1.80 V | 27 C | skew +4%,common_mode_0p60,3.0,fixed local code from ideal inputs and 0.5*VDD common mode,2.0,1,correct,0.2261448364162804,298.04113379710356,True,1.8000000073560043,1.1003664747985592e-06,1.0842021724855044e-13,0.0,d9371965e1689bd240c9c4bd
tt,1.8,27.0,-0.003,0.5,0.04,-4,20.0,10.0,lvt_balanced_4b,0.0,0.0,,TT | 1.80 V | 27 C | skew +4%,output_load_20f,-3.0,fixed local code from ideal inputs and 0.5*VDD common mode,1.0,-1,correct,0.45352424384207046,314.7189878230337,True,0.0021067884048901714,1.7998830052404968,2.6020852139652106e-15,1.1102230246251565e-13,0609f23b905d8356c54214dd
tt,1.8,27.0,-0.003,0.5,0.04,-4,20.0,10.0,lvt_balanced_4b,0.0,0.0,,TT | 1.80 V | 27 C | skew +4%,output_load_20f,-3.0,fixed local code from ideal inputs and 0.5*VDD common mode,2.0,-1,correct,0.45352424384207046,314.7189878230337,True,1.8312873676448512e-06,1.7999999842060017,2.6020852139652106e-15,1.1102230246251565e-13,0609f23b905d8356c54214dd
tt,1.8,27.0,-0.001,0.5,0.04,-4,20.0,10.0,lvt_balanced_4b,0.0,0.0,,TT | 1.80 V | 27 C | skew +4%,output_load_20f,-1.0,fixed local code from ideal inputs and 0.5*VDD common mode,1.0,-1,correct,0.4693580785578696,316.1638646299064,True,0.0023272541663067335,1.7998704072996574,8.673617379884035e-16,1.1102230246251565e-13,8ec10d781103c2db968629bd
tt,1.8,27.0,-0.001,0.5,0.04,-4,20.0,10.0,lvt_balanced_4b,0.0,0.0,,TT | 1.80 V | 27 C | skew +4%,output_load_20f,-1.0,fixed local code from ideal inputs and 0.5*VDD common mode,2.0,-1,correct,0.4693580785578696,316.1638646299064,True,1.9406706258825905e-06,1.799999905605666,8.673617379884035e-16,1.1102230246251565e-13,8ec10d781103c2db968629bd
tt,1.8,27.0,0.001,0.5,0.04,-4,20.0,10.0,lvt_balanced_4b,0.0,0.0,,TT | 1.80 V | 27 C | skew +4%,output_load_20f,1.0,fixed local code from ideal inputs and 0.5*VDD common mode,1.0,-1,wrong,0.48823751152863,317.9410999875462,True,0.0026514783586158316,1.7998513724511398,8.673617379884035e-16,1.1102230246251565e-13,c05ac1a3dd04ae9d0c5af302
tt,1.8,27.0,0.001,0.5,0.04,-4,20.0,10.0,lvt_balanced_4b,0.0,0.0,,TT | 1.80 V | 27 C | skew +4%,output_load_20f,1.0,fixed local code from ideal inputs and 0.5*VDD common mode,2.0,-1,wrong,0.48823751152863,317.9410999875462,True,2.0334514038526328e-06,1.7999999205151795,8.673617379884035e-16,1.1102230246251565e-13,c05ac1a3dd04ae9d0c5af302
tt,1.8,27.0,0.003,0.5,0.04,-4,20.0,10.0,lvt_balanced_4b,0.0,0.0,,TT | 1.80 V | 27 C | skew +4%,output_load_20f,3.0,fixed local code from ideal inputs and 0.5*VDD common mode,1.0,-1,wrong,0.5213027702243194,320.3185871899048,True,0.0031960028943862568,1.799817763029554,2.6020852139652106e-15,1.1102230246251565e-13,a77b4fcb5ec24e099e419a68
tt,1.8,27.0,0.003,0.5,0.04,-4,20.0,10.0,lvt_balanced_4b,0.0,0.0,,TT | 1.80 V | 27 C | skew +4%,output_load_20f,3.0,fixed local code from ideal inputs and 0.5*VDD common mode,2.0,-1,wrong,0.5213027702243194,320.3185871899048,True,2.1639988061991904e-06,1.7999999997656746,2.6020852139652106e-15,1.1102230246251565e-13,a77b4fcb5ec24e099e419a68
ss,1.62,-40.0,-0.003,0.5,0.04,-2,5.0,10.0,lvt_balanced_4b,0.0,0.0,,SS | 1.62 V | -40 C | skew +4%,ideal_reference,-3.0,fixed local code from ideal inputs and 0.5*VDD common mode,1.0,-1,correct,0.5858867885967393,167.22500571339705,True,0.07299554674625783,1.6186387748498725,2.6020852139652106e-15,0.0,3323b1f01e4eb2d2e9d9a1a4
ss,1.62,-40.0,-0.003,0.5,0.04,-2,5.0,10.0,lvt_balanced_4b,0.0,0.0,,SS | 1.62 V | -40 C | skew +4%,ideal_reference,-3.0,fixed local code from ideal inputs and 0.5*VDD common mode,2.0,-1,correct,0.5858867885967393,167.22500571339705,True,0.0016994456270185796,1.6199215468048223,2.6020852139652106e-15,0.0,3323b1f01e4eb2d2e9d9a1a4
ss,1.62,-40.0,-0.001,0.5,0.04,-2,5.0,10.0,lvt_balanced_4b,0.0,0.0,,SS | 1.62 V | -40 C | skew +4%,ideal_reference,-1.0,fixed local code from ideal inputs and 0.5*VDD common mode,1.0,-1,correct,0.6599552962378482,168.38090008084075,True,0.07689923735836605,1.6181731431658422,8.673617379884035e-16,0.0,f86c40205e9bc75fca547ca8
ss,1.62,-40.0,-0.001,0.5,0.04,-2,5.0,10.0,lvt_balanced_4b,0.0,0.0,,SS | 1.62 V | -40 C | skew +4%,ideal_reference,-1.0,fixed local code from ideal inputs and 0.5*VDD common mode,2.0,-1,correct,0.6599552962378482,168.38090008084075,True,0.0019202780158815572,1.6199121729097563,8.673617379884035e-16,0.0,f86c40205e9bc75fca547ca8
ss,1.62,-40.0,0.001,0.5,0.04,-2,5.0,10.0,lvt_balanced_4b,0.0,0.0,,SS | 1.62 V | -40 C | skew +4%,ideal_reference,1.0,fixed local code from ideal inputs and 0.5*VDD common mode,1.0,-1,wrong,0.9059075645841681,170.49451595109582,True,0.1152850401018823,1.5701699960149227,8.673617379884035e-16,0.0,12a905bc82f78ada4527ce31
ss,1.62,-40.0,0.001,0.5,0.04,-2,5.0,10.0,lvt_balanced_4b,0.0,0.0,,SS | 1.62 V | -40 C | skew +4%,ideal_reference,1.0,fixed local code from ideal inputs and 0.5*VDD common mode,2.0,-1,wrong,0.9059075645841681,170.49451595109582,True,0.002318716327357182,1.619895025443337,8.673617379884035e-16,0.0,12a905bc82f78ada4527ce31
ss,1.62,-40.0,0.003,0.5,0.04,-2,5.0,10.0,lvt_balanced_4b,0.0,0.0,,SS | 1.62 V | -40 C | skew +4%,ideal_reference,3.0,fixed local code from ideal inputs and 0.5*VDD common mode,1.0,1,correct,0.8407382818057207,169.9510859391071,True,1.6046571112748125,0.10576696374109423,2.6020852139652106e-15,0.0,76ada1b6093541a185ade5c6
ss,1.62,-40.0,0.003,0.5,0.04,-2,5.0,10.0,lvt_balanced_4b,0.0,0.0,,SS | 1.62 V | -40 C | skew +4%,ideal_reference,3.0,fixed local code from ideal inputs and 0.5*VDD common mode,2.0,1,correct,0.8407382818057207,169.9510859391071,True,1.6198571941667426,0.0033662493340655005,2.6020852139652106e-15,0.0,76ada1b6093541a185ade5c6
ss,1.62,-40.0,-0.003,0.5,0.04,-2,5.0,10.0,lvt_balanced_4b,0.0,0.0,0.03,SS | 1.62 V | -40 C | skew +4%,opposite_input_history,-3.0,fixed local code from ideal inputs and 0.5*VDD common mode,1.0,-1,correct,0.5858903072454594,167.1498134224229,True,0.0727368400548853,1.6186302300502133,2.6020852139652106e-15,0.0,8d1579e20ce4ae182386ca21
ss,1.62,-40.0,-0.003,0.5,0.04,-2,5.0,10.0,lvt_balanced_4b,0.0,0.0,0.03,SS | 1.62 V | -40 C | skew +4%,opposite_input_history,-3.0,fixed local code from ideal inputs and 0.5*VDD common mode,2.0,-1,correct,0.5858903072454594,167.1498134224229,True,0.0016849953549099934,1.619922226233518,2.6020852139652106e-15,0.0,8d1579e20ce4ae182386ca21
ss,1.62,-40.0,-0.001,0.5,0.04,-2,5.0,10.0,lvt_balanced_4b,0.0,0.0,0.03,SS | 1.62 V | -40 C | skew +4%,opposite_input_history,-1.0,fixed local code from ideal inputs and 0.5*VDD common mode,1.0,-1,correct,0.6528879783470982,168.28681008237098,True,0.0765787299065299,1.618200708312527,8.673617379884035e-16,0.0,c1f42130882c12bb0a4f2db4
ss,1.62,-40.0,-0.001,0.5,0.04,-2,5.0,10.0,lvt_balanced_4b,0.0,0.0,0.03,SS | 1.62 V | -40 C | skew +4%,opposite_input_history,-1.0,fixed local code from ideal inputs and 0.5*VDD common mode,2.0,-1,correct,0.6528879783470982,168.28681008237098,True,0.001904608524562476,1.6199129808079147,8.673617379884035e-16,0.0,c1f42130882c12bb0a4f2db4
ss,1.62,-40.0,0.001,0.5,0.04,-2,5.0,10.0,lvt_balanced_4b,0.0,0.0,-0.03,SS | 1.62 V | -40 C | skew +4%,opposite_input_history,1.0,fixed local code from ideal inputs and 0.5*VDD common mode,1.0,-1,wrong,0.9258869668290299,170.5742786271384,True,0.12424806269964549,1.5458326317830529,8.673617379884035e-16,0.0,b2da6b97ae1bcb88b54502d5
ss,1.62,-40.0,0.001,0.5,0.04,-2,5.0,10.0,lvt_balanced_4b,0.0,0.0,-0.03,SS | 1.62 V | -40 C | skew +4%,opposite_input_history,1.0,fixed local code from ideal inputs and 0.5*VDD common mode,2.0,-1,wrong,0.9258869668290299,170.5742786271384,True,0.0023688096322542784,1.6198927612839074,8.673617379884035e-16,0.0,b2da6b97ae1bcb88b54502d5
ss,1.62,-40.0,0.003,0.5,0.04,-2,5.0,10.0,lvt_balanced_4b,0.0,0.0,-0.03,SS | 1.62 V | -40 C | skew +4%,opposite_input_history,3.0,fixed local code from ideal inputs and 0.5*VDD common mode,1.0,1,correct,0.8258910749561907,169.80250528825138,True,1.6083029619537481,0.1022339463153393,2.6020852139652106e-15,0.0,8ce0b371e903da28e4b6388c
ss,1.62,-40.0,0.003,0.5,0.04,-2,5.0,10.0,lvt_balanced_4b,0.0,0.0,-0.03,SS | 1.62 V | -40 C | skew +4%,opposite_input_history,3.0,fixed local code from ideal inputs and 0.5*VDD common mode,2.0,1,correct,0.8258910749561907,169.80250528825138,True,1.619858970597253,0.003322739335656131,2.6020852139652106e-15,0.0,8ce0b371e903da28e4b6388c
ss,1.62,-40.0,-0.003,0.5,0.04,-2,5.0,10.0,lvt_balanced_4b,1000.0,20.0,,SS | 1.62 V | -40 C | skew +4%,source_1k_20f,-3.0,fixed local code from ideal inputs and 0.5*VDD common mode,1.0,-1,correct,0.7286653743842301,168.5249350460486,True,0.09249587249832451,1.6166162437660383,11.71485991168064,20.530175948373586,eab3d22dd96ca33106e7ab52
ss,1.62,-40.0,-0.003,0.5,0.04,-2,5.0,10.0,lvt_balanced_4b,1000.0,20.0,,SS | 1.62 V | -40 C | skew +4%,source_1k_20f,-3.0,fixed local code from ideal inputs and 0.5*VDD common mode,2.0,-1,correct,0.7286653743842301,168.5249350460486,True,0.0044335240804539225,1.6198205331037134,11.71485991168064,20.530175948373586,eab3d22dd96ca33106e7ab52
ss,1.62,-40.0,-0.001,0.5,0.04,-2,5.0,10.0,lvt_balanced_4b,1000.0,20.0,,SS | 1.62 V | -40 C | skew +4%,source_1k_20f,-1.0,fixed local code from ideal inputs and 0.5*VDD common mode,1.0,0,unresolved,,171.0366446268803,True,0.44854047128555086,1.109825659436061,13.582478601541826,20.527754405877396,d7a9d106a8b296f92be323d2
ss,1.62,-40.0,-0.001,0.5,0.04,-2,5.0,10.0,lvt_balanced_4b,1000.0,20.0,,SS | 1.62 V | -40 C | skew +4%,source_1k_20f,-1.0,fixed local code from ideal inputs and 0.5*VDD common mode,2.0,-1,correct,1.07863554726342,171.0366446268803,True,0.005459704832942771,1.6197815874993668,13.582478601541826,20.527754405877396,d7a9d106a8b296f92be323d2
ss,1.62,-40.0,0.001,0.5,0.04,-2,5.0,10.0,lvt_balanced_4b,1000.0,20.0,,SS | 1.62 V | -40 C | skew +4%,source_1k_20f,1.0,fixed local code from ideal inputs and 0.5*VDD common mode,1.0,1,correct,0.8295048149203686,169.27216350835346,True,1.6049373096147959,0.12021454420636866,14.009553129916696,20.527558543687483,c4cc40bd8d85a2b5149bbcc5
ss,1.62,-40.0,0.001,0.5,0.04,-2,5.0,10.0,lvt_balanced_4b,1000.0,20.0,,SS | 1.62 V | -40 C | skew +4%,source_1k_20f,1.0,fixed local code from ideal inputs and 0.5*VDD common mode,2.0,1,correct,0.8295048149203686,169.27216350835346,True,1.6196940983230605,0.00836131265658408,14.009553129916696,20.527558543687483,c4cc40bd8d85a2b5149bbcc5
ss,1.62,-40.0,0.003,0.5,0.04,-2,5.0,10.0,lvt_balanced_4b,1000.0,20.0,,SS | 1.62 V | -40 C | skew +4%,source_1k_20f,3.0,fixed local code from ideal inputs and 0.5*VDD common mode,1.0,1,correct,0.6892286419676606,167.54659719011727,True,1.6175076120699206,0.09897087230050781,12.092154601754615,20.52747587571979,6027c34d212e9703a9b3138c
ss,1.62,-40.0,0.003,0.5,0.04,-2,5.0,10.0,lvt_balanced_4b,1000.0,20.0,,SS | 1.62 V | -40 C | skew +4%,source_1k_20f,3.0,fixed local code from ideal inputs and 0.5*VDD common mode,2.0,1,correct,0.6892286419676606,167.54659719011727,True,1.6197258602903728,0.007387086875467164,12.092154601754615,20.52747587571979,6027c34d212e9703a9b3138c
ss,1.62,-40.0,-0.003,0.5,0.04,-2,5.0,10.0,lvt_balanced_4b,5000.0,20.0,,SS | 1.62 V | -40 C | skew +4%,source_5k_20f,-3.0,fixed local code from ideal inputs and 0.5*VDD common mode,1.0,1,wrong,0.9345630163610512,169.67560308805653,True,1.507676620911635,0.22072462173624208,27.931126146513048,44.17994422137039,b7ab1e7104f01344276d1770
ss,1.62,-40.0,-0.003,0.5,0.04,-2,5.0,10.0,lvt_balanced_4b,5000.0,20.0,,SS | 1.62 V | -40 C | skew +4%,source_5k_20f,-3.0,fixed local code from ideal inputs and 0.5*VDD common mode,2.0,1,wrong,0.9345630163610512,169.67560308805653,True,1.6190565042249654,0.04845946211620919,27.931126146513048,44.17994422137039,b7ab1e7104f01344276d1770
ss,1.62,-40.0,-0.001,0.5,0.04,-2,5.0,10.0,lvt_balanced_4b,5000.0,20.0,,SS | 1.62 V | -40 C | skew +4%,source_5k_20f,-1.0,fixed local code from ideal inputs and 0.5*VDD common mode,1.0,1,wrong,0.8345711997368402,168.4074263323274,True,1.6028572441453819,0.17507839255559593,33.28192402512442,44.16878992697271,395df5e3626d77009197531a
ss,1.62,-40.0,-0.001,0.5,0.04,-2,5.0,10.0,lvt_balanced_4b,5000.0,20.0,,SS | 1.62 V | -40 C | skew +4%,source_5k_20f,-1.0,fixed local code from ideal inputs and 0.5*VDD common mode,2.0,1,wrong,0.8345711997368402,168.4074263323274,True,1.6190852032768164,0.04499805032609551,33.28192402512442,44.16878992697271,395df5e3626d77009197531a
ss,1.62,-40.0,0.001,0.5,0.04,-2,5.0,10.0,lvt_balanced_4b,5000.0,20.0,,SS | 1.62 V | -40 C | skew +4%,source_5k_20f,1.0,fixed local code from ideal inputs and 0.5*VDD common mode,1.0,1,correct,0.7845778828646289,167.58133158486237,True,1.6116772879514527,0.1603371573143549,36.35829266176849,44.15623265230395,4c23c55e2d1373040963cc53
ss,1.62,-40.0,0.001,0.5,0.04,-2,5.0,10.0,lvt_balanced_4b,5000.0,20.0,,SS | 1.62 V | -40 C | skew +4%,source_5k_20f,1.0,fixed local code from ideal inputs and 0.5*VDD common mode,2.0,1,correct,0.7845778828646289,167.58133158486237,True,1.6191124538119934,0.04219250220334692,36.35829266176849,44.15623265230395,4c23c55e2d1373040963cc53
ss,1.62,-40.0,0.003,0.5,0.04,-2,5.0,10.0,lvt_balanced_4b,5000.0,20.0,,SS | 1.62 V | -40 C | skew +4%,source_5k_20f,3.0,fixed local code from ideal inputs and 0.5*VDD common mode,1.0,1,correct,0.7445830001529494,166.9609240766358,True,1.6140404982580596,0.1517117404029104,38.27542011985996,44.147440611069456,f4f943153f898f7a323f496a
ss,1.62,-40.0,0.003,0.5,0.04,-2,5.0,10.0,lvt_balanced_4b,5000.0,20.0,,SS | 1.62 V | -40 C | skew +4%,source_5k_20f,3.0,fixed local code from ideal inputs and 0.5*VDD common mode,2.0,1,correct,0.7445830001529494,166.9609240766358,True,1.6191386362896503,0.039780223902489614,38.27542011985996,44.147440611069456,f4f943153f898f7a323f496a
ss,1.62,-40.0,-0.003,0.5,0.04,-2,5.0,10.0,lvt_balanced_4b,10000.0,200.0,0.03,SS | 1.62 V | -40 C | skew +4%,settling_10k_200f,-3.0,fixed local code from ideal inputs and 0.5*VDD common mode,1.0,1,wrong,0.7341914550348309,166.8532390213051,True,1.61498543388333,0.11927187913944352,21.067585249556426,36.62649553638153,f28e6210d88d2f3de4d5c263
ss,1.62,-40.0,-0.003,0.5,0.04,-2,5.0,10.0,lvt_balanced_4b,10000.0,200.0,0.03,SS | 1.62 V | -40 C | skew +4%,settling_10k_200f,-3.0,fixed local code from ideal inputs and 0.5*VDD common mode,2.0,1,wrong,0.7341914550348309,166.8532390213051,True,1.6193872048087474,0.026868324105715994,21.067585249556426,36.62649553638153,f28e6210d88d2f3de4d5c263
ss,1.62,-40.0,-0.001,0.5,0.04,-2,5.0,10.0,lvt_balanced_4b,10000.0,200.0,0.03,SS | 1.62 V | -40 C | skew +4%,settling_10k_200f,-1.0,fixed local code from ideal inputs and 0.5*VDD common mode,1.0,1,wrong,0.6649239274239591,165.87926896377058,True,1.6171672130097978,0.10759383436856354,21.556322370927194,36.9627223104223,7c790ad7ce86089ba409ede1
ss,1.62,-40.0,-0.001,0.5,0.04,-2,5.0,10.0,lvt_balanced_4b,10000.0,200.0,0.03,SS | 1.62 V | -40 C | skew +4%,settling_10k_200f,-1.0,fixed local code from ideal inputs and 0.5*VDD common mode,2.0,1,wrong,0.6649239274239591,165.87926896377058,True,1.6194349519095106,0.024342404482332415,21.556322370927194,36.9627223104223,7c790ad7ce86089ba409ede1
ss,1.62,-40.0,0.001,0.5,0.04,-2,5.0,10.0,lvt_balanced_4b,10000.0,200.0,-0.03,SS | 1.62 V | -40 C | skew +4%,settling_10k_200f,1.0,fixed local code from ideal inputs and 0.5*VDD common mode,1.0,-1,wrong,0.7548313911992202,167.47424631674136,True,0.11274881508681185,1.6137981783646569,15.515970787969957,37.35325354515573,c58783ab8004b284555e9882
ss,1.62,-40.0,0.001,0.5,0.04,-2,5.0,10.0,lvt_balanced_4b,10000.0,200.0,-0.03,SS | 1.62 V | -40 C | skew +4%,settling_10k_200f,1.0,fixed local code from ideal inputs and 0.5*VDD common mode,2.0,-1,wrong,0.7548313911992202,167.47424631674136,True,0.017003591722174746,1.6195474735541644,15.515970787969957,37.35325354515573,c58783ab8004b284555e9882
ss,1.62,-40.0,0.003,0.5,0.04,-2,5.0,10.0,lvt_balanced_4b,10000.0,200.0,-0.03,SS | 1.62 V | -40 C | skew +4%,settling_10k_200f,3.0,fixed local code from ideal inputs and 0.5*VDD common mode,1.0,0,unresolved,,169.35239907198866,True,0.289846368743219,1.2793978543844862,15.801783585830394,36.73802387873837,ed6002f59f44b143ad2ddc4e
ss,1.62,-40.0,0.003,0.5,0.04,-2,5.0,10.0,lvt_balanced_4b,10000.0,200.0,-0.03,SS | 1.62 V | -40 C | skew +4%,settling_10k_200f,3.0,fixed local code from ideal inputs and 0.5*VDD common mode,2.0,-1,wrong,1.0148388719302606,169.35239907198866,True,0.019914208713761643,1.6194705271752223,15.801783585830394,36.73802387873837,ed6002f59f44b143ad2ddc4e
ss,1.62,-40.0,-0.003,0.45,0.04,-2,5.0,10.0,lvt_balanced_4b,0.0,0.0,,SS | 1.62 V | -40 C | skew +4%,common_mode_0p45,-3.0,fixed local code from ideal inputs and 0.5*VDD common mode,1.0,0,unresolved,,137.8387088075543,True,0.8985246450012625,1.4467232305433666,2.6020852139652106e-15,0.0,eaf0488a0f50d385ebf26a0e
ss,1.62,-40.0,-0.003,0.45,0.04,-2,5.0,10.0,lvt_balanced_4b,0.0,0.0,,SS | 1.62 V | -40 C | skew +4%,common_mode_0p45,-3.0,fixed local code from ideal inputs and 0.5*VDD common mode,2.0,-1,correct,1.6340332788240595,137.8387088075543,True,0.19031433589173033,1.616105668815916,2.6020852139652106e-15,0.0,eaf0488a0f50d385ebf26a0e
ss,1.62,-40.0,-0.001,0.45,0.04,-2,5.0,10.0,lvt_balanced_4b,0.0,0.0,,SS | 1.62 V | -40 C | skew +4%,common_mode_0p45,-1.0,fixed local code from ideal inputs and 0.5*VDD common mode,1.0,0,unresolved,,138.06807754486067,True,0.9575071462494639,1.4057831773826752,8.673617379884035e-16,0.0,8546bea0a2bc1237395ff4b4
ss,1.62,-40.0,-0.001,0.45,0.04,-2,5.0,10.0,lvt_balanced_4b,0.0,0.0,,SS | 1.62 V | -40 C | skew +4%,common_mode_0p45,-1.0,fixed local code from ideal inputs and 0.5*VDD common mode,2.0,-1,correct,1.6923195865127694,138.06807754486067,True,0.20999417797713554,1.6155643255973364,8.673617379884035e-16,0.0,8546bea0a2bc1237395ff4b4
ss,1.62,-40.0,0.001,0.45,0.04,-2,5.0,10.0,lvt_balanced_4b,0.0,0.0,,SS | 1.62 V | -40 C | skew +4%,common_mode_0p45,1.0,fixed local code from ideal inputs and 0.5*VDD common mode,1.0,0,unresolved,,138.31884763446897,True,1.0224473796079403,1.3545254826375863,8.673617379884035e-16,0.0,84e4c9fe964cc863ed6290e8
ss,1.62,-40.0,0.001,0.45,0.04,-2,5.0,10.0,lvt_balanced_4b,0.0,0.0,,SS | 1.62 V | -40 C | skew +4%,common_mode_0p45,1.0,fixed local code from ideal inputs and 0.5*VDD common mode,2.0,-1,wrong,1.7618054610377802,138.31884763446897,True,0.23562358535329225,1.6147584677174784,8.673617379884035e-16,0.0,84e4c9fe964cc863ed6290e8
ss,1.62,-40.0,0.003,0.45,0.04,-2,5.0,10.0,lvt_balanced_4b,0.0,0.0,,SS | 1.62 V | -40 C | skew +4%,common_mode_0p45,3.0,fixed local code from ideal inputs and 0.5*VDD common mode,1.0,0,unresolved,,138.59509018788407,True,1.0925064818733659,1.2924257534232384,2.6020852139652106e-15,0.0,af7203004e83cbacebd65259
ss,1.62,-40.0,0.003,0.45,0.04,-2,5.0,10.0,lvt_balanced_4b,0.0,0.0,,SS | 1.62 V | -40 C | skew +4%,common_mode_0p45,3.0,fixed local code from ideal inputs and 0.5*VDD common mode,2.0,-1,wrong,1.8436746983733099,138.59509018788407,True,0.26768788682475236,1.6088539174120642,2.6020852139652106e-15,0.0,af7203004e83cbacebd65259
ss,1.62,-40.0,-0.003,0.6,0.04,-2,5.0,10.0,lvt_balanced_4b,0.0,0.0,,SS | 1.62 V | -40 C | skew +4%,common_mode_0p60,-3.0,fixed local code from ideal inputs and 0.5*VDD common mode,1.0,0,unresolved,,215.073281458758,True,0.6249245111352881,0.8648363455544233,2.6020852139652106e-15,0.0,314eaed352b0a1290301a2d5
ss,1.62,-40.0,-0.003,0.6,0.04,-2,5.0,10.0,lvt_balanced_4b,0.0,0.0,,SS | 1.62 V | -40 C | skew +4%,common_mode_0p60,-3.0,fixed local code from ideal inputs and 0.5*VDD common mode,2.0,-1,correct,1.302385632715709,215.073281458758,True,3.679869402050183e-05,1.619995094301896,2.6020852139652106e-15,0.0,314eaed352b0a1290301a2d5
ss,1.62,-40.0,-0.001,0.6,0.04,-2,5.0,10.0,lvt_balanced_4b,0.0,0.0,,SS | 1.62 V | -40 C | skew +4%,common_mode_0p60,-1.0,fixed local code from ideal inputs and 0.5*VDD common mode,1.0,1,wrong,0.5537761952146188,211.76170057962264,True,1.6199078459344136,0.0007299285450761123,8.673617379884035e-16,0.0,ed109c635c807274cfe76d60
ss,1.62,-40.0,-0.001,0.6,0.04,-2,5.0,10.0,lvt_balanced_4b,0.0,0.0,,SS | 1.62 V | -40 C | skew +4%,common_mode_0p60,-1.0,fixed local code from ideal inputs and 0.5*VDD common mode,2.0,1,wrong,0.5537761952146188,211.76170057962264,True,1.619999870200462,-5.6849702771719344e-08,8.673617379884035e-16,0.0,ed109c635c807274cfe76d60
ss,1.62,-40.0,0.001,0.6,0.04,-2,5.0,10.0,lvt_balanced_4b,0.0,0.0,,SS | 1.62 V | -40 C | skew +4%,common_mode_0p60,1.0,fixed local code from ideal inputs and 0.5*VDD common mode,1.0,1,correct,0.44226323675477075,210.63200283082585,True,1.6199470909719147,0.00043043444927945277,8.673617379884035e-16,0.0,3190269468473f7af05dc278
ss,1.62,-40.0,0.001,0.6,0.04,-2,5.0,10.0,lvt_balanced_4b,0.0,0.0,,SS | 1.62 V | -40 C | skew +4%,common_mode_0p60,1.0,fixed local code from ideal inputs and 0.5*VDD common mode,2.0,1,correct,0.44226323675477075,210.63200283082585,True,1.619999920930356,1.3063205854511647e-07,8.673617379884035e-16,0.0,3190269468473f7af05dc278
ss,1.62,-40.0,0.003,0.6,0.04,-2,5.0,10.0,lvt_balanced_4b,0.0,0.0,,SS | 1.62 V | -40 C | skew +4%,common_mode_0p60,3.0,fixed local code from ideal inputs and 0.5*VDD common mode,1.0,1,correct,0.38366485720890076,209.87825181980102,True,1.6199563472934835,0.0003550356198598527,2.6020852139652106e-15,0.0,27158d4892ab2e6b0a66a52b
ss,1.62,-40.0,0.003,0.6,0.04,-2,5.0,10.0,lvt_balanced_4b,0.0,0.0,,SS | 1.62 V | -40 C | skew +4%,common_mode_0p60,3.0,fixed local code from ideal inputs and 0.5*VDD common mode,2.0,1,correct,0.38366485720890076,209.87825181980102,True,1.6199999540789956,7.457906945139496e-08,2.6020852139652106e-15,0.0,27158d4892ab2e6b0a66a52b
ss,1.62,-40.0,-0.003,0.5,0.04,-2,20.0,10.0,lvt_balanced_4b,0.0,0.0,,SS | 1.62 V | -40 C | skew +4%,output_load_20f,-3.0,fixed local code from ideal inputs and 0.5*VDD common mode,1.0,0,unresolved,,218.5151547849084,True,0.5765440123057385,1.186610450277718,2.6020852139652106e-15,0.0,dc21038246d175ddf8f526c9
ss,1.62,-40.0,-0.003,0.5,0.04,-2,20.0,10.0,lvt_balanced_4b,0.0,0.0,,SS | 1.62 V | -40 C | skew +4%,output_load_20f,-3.0,fixed local code from ideal inputs and 0.5*VDD common mode,2.0,-1,correct,1.205898817154659,218.5151547849084,True,0.023112526334740948,1.6189519628364715,2.6020852139652106e-15,0.0,dc21038246d175ddf8f526c9
ss,1.62,-40.0,-0.001,0.5,0.04,-2,20.0,10.0,lvt_balanced_4b,0.0,0.0,,SS | 1.62 V | -40 C | skew +4%,output_load_20f,-1.0,fixed local code from ideal inputs and 0.5*VDD common mode,1.0,0,unresolved,,220.54241441577585,True,0.6839570842201074,1.1356551424808943,8.673617379884035e-16,0.0,095f0775d298801f34c4a75e
ss,1.62,-40.0,-0.001,0.5,0.04,-2,20.0,10.0,lvt_balanced_4b,0.0,0.0,,SS | 1.62 V | -40 C | skew +4%,output_load_20f,-1.0,fixed local code from ideal inputs and 0.5*VDD common mode,2.0,-1,correct,1.3659190196897484,220.54241441577585,True,0.02831568674058465,1.61844095856988,8.673617379884035e-16,0.0,095f0775d298801f34c4a75e
ss,1.62,-40.0,0.001,0.5,0.04,-2,20.0,10.0,lvt_balanced_4b,0.0,0.0,,SS | 1.62 V | -40 C | skew +4%,output_load_20f,1.0,fixed local code from ideal inputs and 0.5*VDD common mode,1.0,0,unresolved,,223.4310565177536,True,0.8134361259345043,1.0709240484744136,8.673617379884035e-16,0.0,065eb2c34fbad34c622554c3
ss,1.62,-40.0,0.001,0.5,0.04,-2,20.0,10.0,lvt_balanced_4b,0.0,0.0,,SS | 1.62 V | -40 C | skew +4%,output_load_20f,1.0,fixed local code from ideal inputs and 0.5*VDD common mode,2.0,-1,wrong,1.635930253377141,223.4310565177536,True,0.045123979439762124,1.6104921580829543,8.673617379884035e-16,0.0,065eb2c34fbad34c622554c3
ss,1.62,-40.0,0.003,0.5,0.04,-2,20.0,10.0,lvt_balanced_4b,0.0,0.0,,SS | 1.62 V | -40 C | skew +4%,output_load_20f,3.0,fixed local code from ideal inputs and 0.5*VDD common mode,1.0,0,unresolved,,221.42365909691478,True,0.9596305328181121,0.9633682587800975,2.6020852139652106e-15,0.0,528ecd8f7b4f2fdc73b3cb0e
ss,1.62,-40.0,0.003,0.5,0.04,-2,20.0,10.0,lvt_balanced_4b,0.0,0.0,,SS | 1.62 V | -40 C | skew +4%,output_load_20f,3.0,fixed local code from ideal inputs and 0.5*VDD common mode,2.0,0,unresolved,,221.42365909691478,True,0.7704810773462007,0.8447322956803359,2.6020852139652106e-15,0.0,528ecd8f7b4f2fdc73b3cb0e
ss,1.62,125.0,-0.003,0.5,0.04,-2,5.0,10.0,lvt_balanced_4b,0.0,0.0,,SS | 1.62 V | 125 C | skew +4%,ideal_reference,-3.0,fixed local code from ideal inputs and 0.5*VDD common mode,1.0,-1,correct,0.5671229402200713,211.106519239509,True,0.04977570636127337,1.6189323731972558,2.6020852139652106e-15,0.0,97a98727462ae2f7a90fb2d4
ss,1.62,125.0,-0.003,0.5,0.04,-2,5.0,10.0,lvt_balanced_4b,0.0,0.0,,SS | 1.62 V | 125 C | skew +4%,ideal_reference,-3.0,fixed local code from ideal inputs and 0.5*VDD common mode,2.0,-1,correct,0.5671229402200713,211.106519239509,True,0.0018142458300690098,1.6199520192554002,2.6020852139652106e-15,0.0,97a98727462ae2f7a90fb2d4
ss,1.62,125.0,-0.001,0.5,0.04,-2,5.0,10.0,lvt_balanced_4b,0.0,0.0,,SS | 1.62 V | 125 C | skew +4%,ideal_reference,-1.0,fixed local code from ideal inputs and 0.5*VDD common mode,1.0,-1,correct,0.7273192033057707,215.43954238441762,True,0.057955068450029054,1.6183713878864627,8.673617379884035e-16,0.0,0bc1a29cfbcaa063d3ee69f5
ss,1.62,125.0,-0.001,0.5,0.04,-2,5.0,10.0,lvt_balanced_4b,0.0,0.0,,SS | 1.62 V | 125 C | skew +4%,ideal_reference,-1.0,fixed local code from ideal inputs and 0.5*VDD common mode,2.0,-1,correct,0.7273192033057707,215.43954238441762,True,0.0021217856176103484,1.6199438795849463,8.673617379884035e-16,0.0,0bc1a29cfbcaa063d3ee69f5
ss,1.62,125.0,0.001,0.5,0.04,-2,5.0,10.0,lvt_balanced_4b,0.0,0.0,,SS | 1.62 V | 125 C | skew +4%,ideal_reference,1.0,fixed local code from ideal inputs and 0.5*VDD common mode,1.0,1,correct,0.5973333351548392,211.88635870157896,True,1.6188637602380804,0.05717805436263606,8.673617379884035e-16,0.0,6149ebdb6bf828aa3e68870b
ss,1.62,125.0,0.001,0.5,0.04,-2,5.0,10.0,lvt_balanced_4b,0.0,0.0,,SS | 1.62 V | 125 C | skew +4%,ideal_reference,1.0,fixed local code from ideal inputs and 0.5*VDD common mode,2.0,1,correct,0.5973333351548392,211.88635870157896,True,1.6199372000716996,0.002478587965364686,8.673617379884035e-16,0.0,6149ebdb6bf828aa3e68870b
ss,1.62,125.0,0.003,0.5,0.04,-2,5.0,10.0,lvt_balanced_4b,0.0,0.0,,SS | 1.62 V | 125 C | skew +4%,ideal_reference,3.0,fixed local code from ideal inputs and 0.5*VDD common mode,1.0,1,correct,0.527851027476821,209.97906699953228,True,1.6189223705248525,0.0549232139790637,2.6020852139652106e-15,0.0,826004e377f6fabf778466d1
ss,1.62,125.0,0.003,0.5,0.04,-2,5.0,10.0,lvt_balanced_4b,0.0,0.0,,SS | 1.62 V | 125 C | skew +4%,ideal_reference,3.0,fixed local code from ideal inputs and 0.5*VDD common mode,2.0,1,correct,0.527851027476821,209.97906699953228,True,1.6199407465489242,0.002333075371628328,2.6020852139652106e-15,0.0,826004e377f6fabf778466d1
ss,1.62,125.0,-0.003,0.5,0.04,-2,5.0,10.0,lvt_balanced_4b,0.0,0.0,0.03,SS | 1.62 V | 125 C | skew +4%,opposite_input_history,-3.0,fixed local code from ideal inputs and 0.5*VDD common mode,1.0,-1,correct,0.5582837910099284,210.90017884042783,True,0.04944865389589836,1.6189396331197992,2.6020852139652106e-15,0.0,7b16304318482da70272de34
ss,1.62,125.0,-0.003,0.5,0.04,-2,5.0,10.0,lvt_balanced_4b,0.0,0.0,0.03,SS | 1.62 V | 125 C | skew +4%,opposite_input_history,-3.0,fixed local code from ideal inputs and 0.5*VDD common mode,2.0,-1,correct,0.5582837910099284,210.90017884042783,True,0.0018015996847835526,1.6199523097280046,2.6020852139652106e-15,0.0,7b16304318482da70272de34
ss,1.62,125.0,-0.001,0.5,0.04,-2,5.0,10.0,lvt_balanced_4b,0.0,0.0,0.03,SS | 1.62 V | 125 C | skew +4%,opposite_input_history,-1.0,fixed local code from ideal inputs and 0.5*VDD common mode,1.0,-1,correct,0.6884798964022988,214.5393047697296,True,0.05554122613756845,1.6186027769960285,8.673617379884035e-16,0.0,5bd77837f2a0507764ae4909
ss,1.62,125.0,-0.001,0.5,0.04,-2,5.0,10.0,lvt_balanced_4b,0.0,0.0,0.03,SS | 1.62 V | 125 C | skew +4%,opposite_input_history,-1.0,fixed local code from ideal inputs and 0.5*VDD common mode,2.0,-1,correct,0.6884798964022988,214.5393047697296,True,0.002048385756255899,1.6199457892266578,8.673617379884035e-16,0.0,5bd77837f2a0507764ae4909
ss,1.62,125.0,0.001,0.5,0.04,-2,5.0,10.0,lvt_balanced_4b,0.0,0.0,-0.03,SS | 1.62 V | 125 C | skew +4%,opposite_input_history,1.0,fixed local code from ideal inputs and 0.5*VDD common mode,1.0,1,correct,0.5891330885675704,211.65299109616615,True,1.618874903917875,0.056746745548562336,8.673617379884035e-16,0.0,5675fbb17f6e0d7ec12df059
ss,1.62,125.0,0.001,0.5,0.04,-2,5.0,10.0,lvt_balanced_4b,0.0,0.0,-0.03,SS | 1.62 V | 125 C | skew +4%,opposite_input_history,1.0,fixed local code from ideal inputs and 0.5*VDD common mode,2.0,1,correct,0.5891330885675704,211.65299109616615,True,1.6199376803691001,0.002456771788707362,8.673617379884035e-16,0.0,5675fbb17f6e0d7ec12df059
ss,1.62,125.0,0.003,0.5,0.04,-2,5.0,10.0,lvt_balanced_4b,0.0,0.0,-0.03,SS | 1.62 V | 125 C | skew +4%,opposite_input_history,3.0,fixed local code from ideal inputs and 0.5*VDD common mode,1.0,1,correct,0.5291954879213387,209.8503369863755,True,1.6189257631960312,0.054636562885381434,2.6020852139652106e-15,0.0,27333ef45955b29fea63d6ed
ss,1.62,125.0,0.003,0.5,0.04,-2,5.0,10.0,lvt_balanced_4b,0.0,0.0,-0.03,SS | 1.62 V | 125 C | skew +4%,opposite_input_history,3.0,fixed local code from ideal inputs and 0.5*VDD common mode,2.0,1,correct,0.5291954879213387,209.8503369863755,True,1.6199410160152696,0.0023185070916246888,2.6020852139652106e-15,0.0,27333ef45955b29fea63d6ed
ss,1.62,125.0,-0.003,0.5,0.04,-2,5.0,10.0,lvt_balanced_4b,1000.0,20.0,,SS | 1.62 V | 125 C | skew +4%,source_1k_20f,-3.0,fixed local code from ideal inputs and 0.5*VDD common mode,1.0,1,wrong,0.5987576765363186,210.64069685060613,True,1.618903328151389,0.07094344090639022,18.205636580519876,27.798257289640915,37ca4eb69c86c1d16432d30a
ss,1.62,125.0,-0.003,0.5,0.04,-2,5.0,10.0,lvt_balanced_4b,1000.0,20.0,,SS | 1.62 V | 125 C | skew +4%,source_1k_20f,-3.0,fixed local code from ideal inputs and 0.5*VDD common mode,2.0,1,wrong,0.5987576765363186,210.64069685060613,True,1.6198985560144072,0.004361970577447946,18.205636580519876,27.798257289640915,37ca4eb69c86c1d16432d30a
ss,1.62,125.0,-0.001,0.5,0.04,-2,5.0,10.0,lvt_balanced_4b,1000.0,20.0,,SS | 1.62 V | 125 C | skew +4%,source_1k_20f,-1.0,fixed local code from ideal inputs and 0.5*VDD common mode,1.0,1,wrong,0.5473247625973007,209.2386883901615,True,1.6189512239510957,0.06939117608800494,16.955298244907603,27.649207365834982,dfee1e25ffb6fcc06674d207
ss,1.62,125.0,-0.001,0.5,0.04,-2,5.0,10.0,lvt_balanced_4b,1000.0,20.0,,SS | 1.62 V | 125 C | skew +4%,source_1k_20f,-1.0,fixed local code from ideal inputs and 0.5*VDD common mode,2.0,1,wrong,0.5473247625973007,209.2386883901615,True,1.6199020282354364,0.004192204892504575,16.955298244907603,27.649207365834982,dfee1e25ffb6fcc06674d207
ss,1.62,125.0,0.001,0.5,0.04,-2,5.0,10.0,lvt_balanced_4b,1000.0,20.0,,SS | 1.62 V | 125 C | skew +4%,source_1k_20f,1.0,fixed local code from ideal inputs and 0.5*VDD common mode,1.0,1,correct,0.5178657140502685,208.28108477052302,True,1.618965965257429,0.06828936804513616,16.036366504454612,27.47817669631725,a7c9fd2e8838b0e5827ce6dc
ss,1.62,125.0,0.001,0.5,0.04,-2,5.0,10.0,lvt_balanced_4b,1000.0,20.0,,SS | 1.62 V | 125 C | skew +4%,source_1k_20f,1.0,fixed local code from ideal inputs and 0.5*VDD common mode,2.0,1,correct,0.5178657140502685,208.28108477052302,True,1.6199049336247326,0.004053992564603838,16.036366504454612,27.47817669631725,a7c9fd2e8838b0e5827ce6dc
ss,1.62,125.0,0.003,0.5,0.04,-2,5.0,10.0,lvt_balanced_4b,1000.0,20.0,,SS | 1.62 V | 125 C | skew +4%,source_1k_20f,3.0,fixed local code from ideal inputs and 0.5*VDD common mode,1.0,1,correct,0.4975515422328806,207.54598860332013,True,1.6189707379691705,0.06732136835776735,15.787738680415167,27.259198523055474,873e7cd57b7e2e66dfad1d63
ss,1.62,125.0,0.003,0.5,0.04,-2,5.0,10.0,lvt_balanced_4b,1000.0,20.0,,SS | 1.62 V | 125 C | skew +4%,source_1k_20f,3.0,fixed local code from ideal inputs and 0.5*VDD common mode,2.0,1,correct,0.4975515422328806,207.54598860332013,True,1.6199075328395918,0.003928069280427883,15.787738680415167,27.259198523055474,873e7cd57b7e2e66dfad1d63
ss,1.62,125.0,-0.003,0.5,0.04,-2,5.0,10.0,lvt_balanced_4b,5000.0,20.0,,SS | 1.62 V | 125 C | skew +4%,source_5k_20f,-3.0,fixed local code from ideal inputs and 0.5*VDD common mode,1.0,1,wrong,0.5777363321376482,208.26680469898264,True,1.6193476354979133,0.09447805192208956,52.31022726817236,72.5743282411413,9856bb8dda0feb77752e4501
ss,1.62,125.0,-0.003,0.5,0.04,-2,5.0,10.0,lvt_balanced_4b,5000.0,20.0,,SS | 1.62 V | 125 C | skew +4%,source_5k_20f,-3.0,fixed local code from ideal inputs and 0.5*VDD common mode,2.0,1,wrong,0.5777363321376482,208.26680469898264,True,1.619738275487964,0.015795077793352378,52.31022726817236,72.5743282411413,9856bb8dda0feb77752e4501
ss,1.62,125.0,-0.001,0.5,0.04,-2,5.0,10.0,lvt_balanced_4b,5000.0,20.0,,SS | 1.62 V | 125 C | skew +4%,source_5k_20f,-1.0,fixed local code from ideal inputs and 0.5*VDD common mode,1.0,1,wrong,0.5587279336773281,207.7962537976221,True,1.6193698636547198,0.09392124477973872,52.8573794967786,71.7581014697829,cfbfa834b93cd60f5795fbf3
ss,1.62,125.0,-0.001,0.5,0.04,-2,5.0,10.0,lvt_balanced_4b,5000.0,20.0,,SS | 1.62 V | 125 C | skew +4%,source_5k_20f,-1.0,fixed local code from ideal inputs and 0.5*VDD common mode,2.0,1,wrong,0.5587279336773281,207.7962537976221,True,1.619743514018119,0.01544734990443322,52.8573794967786,71.7581014697829,cfbfa834b93cd60f5795fbf3
ss,1.62,125.0,0.001,0.5,0.04,-2,5.0,10.0,lvt_balanced_4b,5000.0,20.0,,SS | 1.62 V | 125 C | skew +4%,source_5k_20f,1.0,fixed local code from ideal inputs and 0.5*VDD common mode,1.0,1,correct,0.5481486419896404,207.38996332330123,True,1.6193846826237106,0.0934104432417308,53.27907808271526,71.02927467558551,f80d45d4d9e5b478da52261e
ss,1.62,125.0,0.001,0.5,0.04,-2,5.0,10.0,lvt_balanced_4b,5000.0,20.0,,SS | 1.62 V | 125 C | skew +4%,source_5k_20f,1.0,fixed local code from ideal inputs and 0.5*VDD common mode,2.0,1,correct,0.5481486419896404,207.38996332330123,True,1.6197483779276427,0.01511681708643986,53.27907808271526,71.02927467558551,f80d45d4d9e5b478da52261e
ss,1.62,125.0,0.003,0.5,0.04,-2,5.0,10.0,lvt_balanced_4b,5000.0,20.0,,SS | 1.62 V | 125 C | skew +4%,source_5k_20f,3.0,fixed local code from ideal inputs and 0.5*VDD common mode,1.0,1,correct,0.5455204595265007,207.03733345269663,True,1.6193942187500994,0.09292745147042682,53.45718945650524,70.34820269306397,d148cb1cb57be10e834d1099
ss,1.62,125.0,0.003,0.5,0.04,-2,5.0,10.0,lvt_balanced_4b,5000.0,20.0,,SS | 1.62 V | 125 C | skew +4%,source_5k_20f,3.0,fixed local code from ideal inputs and 0.5*VDD common mode,2.0,1,correct,0.5455204595265007,207.03733345269663,True,1.6197529470188472,0.01480043509487794,53.45718945650524,70.34820269306397,d148cb1cb57be10e834d1099
ss,1.62,125.0,-0.003,0.5,0.04,-2,5.0,10.0,lvt_balanced_4b,10000.0,200.0,0.03,SS | 1.62 V | 125 C | skew +4%,settling_10k_200f,-3.0,fixed local code from ideal inputs and 0.5*VDD common mode,1.0,1,wrong,0.5134879665849102,207.51094500403585,True,1.6191923547184748,0.07584340699314734,22.7969847258066,50.17270539010288,fdd1ca312ca6839bb4a63100
ss,1.62,125.0,-0.003,0.5,0.04,-2,5.0,10.0,lvt_balanced_4b,10000.0,200.0,0.03,SS | 1.62 V | 125 C | skew +4%,settling_10k_200f,-3.0,fixed local code from ideal inputs and 0.5*VDD common mode,2.0,1,wrong,0.5134879665849102,207.51094500403585,True,1.61985780011667,0.008759205149691526,22.7969847258066,50.17270539010288,fdd1ca312ca6839bb4a63100
ss,1.62,125.0,-0.001,0.5,0.04,-2,5.0,10.0,lvt_balanced_4b,10000.0,200.0,0.03,SS | 1.62 V | 125 C | skew +4%,settling_10k_200f,-1.0,fixed local code from ideal inputs and 0.5*VDD common mode,1.0,1,wrong,0.493430622378559,206.8696779912265,True,1.6191942286258434,0.07486111480572404,22.81982699291185,50.25522607583499,220a46871881defef6d7385c
ss,1.62,125.0,-0.001,0.5,0.04,-2,5.0,10.0,lvt_balanced_4b,10000.0,200.0,0.03,SS | 1.62 V | 125 C | skew +4%,settling_10k_200f,-1.0,fixed local code from ideal inputs and 0.5*VDD common mode,2.0,1,wrong,0.493430622378559,206.8696779912265,True,1.6198616975017281,0.008540681502608127,22.81982699291185,50.25522607583499,220a46871881defef6d7385c
ss,1.62,125.0,0.001,0.5,0.04,-2,5.0,10.0,lvt_balanced_4b,10000.0,200.0,-0.03,SS | 1.62 V | 125 C | skew +4%,settling_10k_200f,1.0,fixed local code from ideal inputs and 0.5*VDD common mode,1.0,1,correct,0.6387551080069392,211.38261107107442,True,1.6188979924667766,0.08042359080897545,14.14387970178954,49.77624845471995,23c1f60c4cf4e3a8bc33a442
ss,1.62,125.0,0.001,0.5,0.04,-2,5.0,10.0,lvt_balanced_4b,10000.0,200.0,-0.03,SS | 1.62 V | 125 C | skew +4%,settling_10k_200f,1.0,fixed local code from ideal inputs and 0.5*VDD common mode,2.0,1,correct,0.6387551080069392,211.38261107107442,True,1.6198483763454985,0.00926416465085732,14.14387970178954,49.77624845471995,23c1f60c4cf4e3a8bc33a442
ss,1.62,125.0,0.003,0.5,0.04,-2,5.0,10.0,lvt_balanced_4b,10000.0,200.0,-0.03,SS | 1.62 V | 125 C | skew +4%,settling_10k_200f,3.0,fixed local code from ideal inputs and 0.5*VDD common mode,1.0,1,correct,0.5685237092664498,209.5200500527721,True,1.619102153759522,0.07717243389647414,14.259108363986698,50.00414785150031,1608666471175c745ab8672d
ss,1.62,125.0,0.003,0.5,0.04,-2,5.0,10.0,lvt_balanced_4b,10000.0,200.0,-0.03,SS | 1.62 V | 125 C | skew +4%,settling_10k_200f,3.0,fixed local code from ideal inputs and 0.5*VDD common mode,2.0,1,correct,0.5685237092664498,209.5200500527721,True,1.6198558523115467,0.00888063088581296,14.259108363986698,50.00414785150031,1608666471175c745ab8672d
ss,1.62,125.0,-0.003,0.45,0.04,-2,5.0,10.0,lvt_balanced_4b,0.0,0.0,,SS | 1.62 V | 125 C | skew +4%,common_mode_0p45,-3.0,fixed local code from ideal inputs and 0.5*VDD common mode,1.0,-1,correct,0.7294572577847395,188.3056518762202,True,0.11709250045776795,1.6170943037535928,2.6020852139652106e-15,0.0,d5bd1710d489234dae7de5ca
ss,1.62,125.0,-0.003,0.45,0.04,-2,5.0,10.0,lvt_balanced_4b,0.0,0.0,,SS | 1.62 V | 125 C | skew +4%,common_mode_0p45,-3.0,fixed local code from ideal inputs and 0.5*VDD common mode,2.0,-1,correct,0.7294572577847395,188.3056518762202,True,0.022278910697482182,1.6196347807494877,2.6020852139652106e-15,0.0,d5bd1710d489234dae7de5ca
ss,1.62,125.0,-0.001,0.45,0.04,-2,5.0,10.0,lvt_balanced_4b,0.0,0.0,,SS | 1.62 V | 125 C | skew +4%,common_mode_0p45,-1.0,fixed local code from ideal inputs and 0.5*VDD common mode,1.0,-1,correct,0.7694702515437509,189.64936443343308,True,0.12859895328435664,1.616309561852736,8.673617379884035e-16,0.0,89b22736ce357b8e4662c1b2
ss,1.62,125.0,-0.001,0.45,0.04,-2,5.0,10.0,lvt_balanced_4b,0.0,0.0,,SS | 1.62 V | 125 C | skew +4%,common_mode_0p45,-1.0,fixed local code from ideal inputs and 0.5*VDD common mode,2.0,-1,correct,0.7694702515437509,189.64936443343308,True,0.023439371350140244,1.6196202374282385,8.673617379884035e-16,0.0,89b22736ce357b8e4662c1b2
ss,1.62,125.0,0.001,0.45,0.04,-2,5.0,10.0,lvt_balanced_4b,0.0,0.0,,SS | 1.62 V | 125 C | skew +4%,common_mode_0p45,1.0,fixed local code from ideal inputs and 0.5*VDD common mode,1.0,-1,wrong,0.8493323894812305,192.22542582579172,True,0.16927225403478885,1.612762754055062,8.673617379884035e-16,0.0,d39ce2d6c45476a0f2194c02
ss,1.62,125.0,0.001,0.45,0.04,-2,5.0,10.0,lvt_balanced_4b,0.0,0.0,,SS | 1.62 V | 125 C | skew +4%,common_mode_0p45,1.0,fixed local code from ideal inputs and 0.5*VDD common mode,2.0,-1,wrong,0.8493323894812305,192.22542582579172,True,0.025129739867987607,1.6195989550810073,8.673617379884035e-16,0.0,d39ce2d6c45476a0f2194c02
ss,1.62,125.0,0.003,0.45,0.04,-2,5.0,10.0,lvt_balanced_4b,0.0,0.0,,SS | 1.62 V | 125 C | skew +4%,common_mode_0p45,3.0,fixed local code from ideal inputs and 0.5*VDD common mode,1.0,1,correct,0.85951092224608,192.29343471527784,True,1.6122983315240431,0.18019914998622985,2.6020852139652106e-15,0.0,1a391c2e72c59370477624ed
ss,1.62,125.0,0.003,0.45,0.04,-2,5.0,10.0,lvt_balanced_4b,0.0,0.0,,SS | 1.62 V | 125 C | skew +4%,common_mode_0p45,3.0,fixed local code from ideal inputs and 0.5*VDD common mode,2.0,1,correct,0.85951092224608,192.29343471527784,True,1.619542320460964,0.031193662137308904,2.6020852139652106e-15,0.0,1a391c2e72c59370477624ed
ss,1.62,125.0,-0.003,0.6,0.04,-2,5.0,10.0,lvt_balanced_4b,0.0,0.0,,SS | 1.62 V | 125 C | skew +4%,common_mode_0p60,-3.0,fixed local code from ideal inputs and 0.5*VDD common mode,1.0,1,wrong,0.46288901072635863,252.25510507073952,True,1.619657353271777,0.00804886482351317,2.6020852139652106e-15,0.0,13de7374b07da03f4c7d0812
ss,1.62,125.0,-0.003,0.6,0.04,-2,5.0,10.0,lvt_balanced_4b,0.0,0.0,,SS | 1.62 V | 125 C | skew +4%,common_mode_0p60,-3.0,fixed local code from ideal inputs and 0.5*VDD common mode,2.0,1,wrong,0.46288901072635863,252.25510507073952,True,1.6199980063739532,5.1218717030796625e-05,2.6020852139652106e-15,0.0,13de7374b07da03f4c7d0812
ss,1.62,125.0,-0.001,0.6,0.04,-2,5.0,10.0,lvt_balanced_4b,0.0,0.0,,SS | 1.62 V | 125 C | skew +4%,common_mode_0p60,-1.0,fixed local code from ideal inputs and 0.5*VDD common mode,1.0,1,wrong,0.42822900045545803,251.21726903327286,True,1.6196743261123523,0.0076343824284710975,8.673617379884035e-16,0.0,bbe9ce5987ed827ce2b766a0
ss,1.62,125.0,-0.001,0.6,0.04,-2,5.0,10.0,lvt_balanced_4b,0.0,0.0,,SS | 1.62 V | 125 C | skew +4%,common_mode_0p60,-1.0,fixed local code from ideal inputs and 0.5*VDD common mode,2.0,1,wrong,0.42822900045545803,251.21726903327286,True,1.619997932921402,4.8970298875342905e-05,8.673617379884035e-16,0.0,bbe9ce5987ed827ce2b766a0
ss,1.62,125.0,0.001,0.6,0.04,-2,5.0,10.0,lvt_balanced_4b,0.0,0.0,,SS | 1.62 V | 125 C | skew +4%,common_mode_0p60,1.0,fixed local code from ideal inputs and 0.5*VDD common mode,1.0,1,correct,0.40712468655281925,250.4819532446252,True,1.6196853974553167,0.0073702248156748895,8.673617379884035e-16,0.0,7b0207622eeb9c37533c442d
ss,1.62,125.0,0.001,0.6,0.04,-2,5.0,10.0,lvt_balanced_4b,0.0,0.0,,SS | 1.62 V | 125 C | skew +4%,common_mode_0p60,1.0,fixed local code from ideal inputs and 0.5*VDD common mode,2.0,1,correct,0.40712468655281925,250.4819532446252,True,1.6199980107906449,4.7312931140801186e-05,8.673617379884035e-16,0.0,7b0207622eeb9c37533c442d
ss,1.62,125.0,0.003,0.6,0.04,-2,5.0,10.0,lvt_balanced_4b,0.0,0.0,,SS | 1.62 V | 125 C | skew +4%,common_mode_0p60,3.0,fixed local code from ideal inputs and 0.5*VDD common mode,1.0,1,correct,0.38675185663811107,249.91417582920022,True,1.6196940129713726,0.007174413713009275,2.6020852139652106e-15,0.0,8cca3fb1dcbe704a8aaa9a31
ss,1.62,125.0,0.003,0.6,0.04,-2,5.0,10.0,lvt_balanced_4b,0.0,0.0,,SS | 1.62 V | 125 C | skew +4%,common_mode_0p60,3.0,fixed local code from ideal inputs and 0.5*VDD common mode,2.0,1,correct,0.38675185663811107,249.91417582920022,True,1.6199985924003877,4.576715519476147e-05,2.6020852139652106e-15,0.0,8cca3fb1dcbe704a8aaa9a31
ss,1.62,125.0,-0.003,0.5,0.04,-2,20.0,10.0,lvt_balanced_4b,0.0,0.0,,SS | 1.62 V | 125 C | skew +4%,output_load_20f,-3.0,fixed local code from ideal inputs and 0.5*VDD common mode,1.0,0,unresolved,,265.9732371018184,True,0.36589717705239483,1.4358019435510119,2.6020852139652106e-15,0.0,76137b38725e15ab92a96c7c
ss,1.62,125.0,-0.003,0.5,0.04,-2,20.0,10.0,lvt_balanced_4b,0.0,0.0,,SS | 1.62 V | 125 C | skew +4%,output_load_20f,-3.0,fixed local code from ideal inputs and 0.5*VDD common mode,2.0,-1,correct,1.0249184851438888,265.9732371018184,True,0.00912120330203791,1.6197502807748907,2.6020852139652106e-15,0.0,76137b38725e15ab92a96c7c
ss,1.62,125.0,-0.001,0.5,0.04,-2,20.0,10.0,lvt_balanced_4b,0.0,0.0,,SS | 1.62 V | 125 C | skew +4%,output_load_20f,-1.0,fixed local code from ideal inputs and 0.5*VDD common mode,1.0,0,unresolved,,269.7005800098442,True,0.6158359576781091,1.2093592649819447,8.673617379884035e-16,0.0,c7987202f04a1276048341ba
ss,1.62,125.0,-0.001,0.5,0.04,-2,20.0,10.0,lvt_balanced_4b,0.0,0.0,,SS | 1.62 V | 125 C | skew +4%,output_load_20f,-1.0,fixed local code from ideal inputs and 0.5*VDD common mode,2.0,-1,correct,1.138685070935899,269.7005800098442,True,0.011440743454817255,1.6196886338737178,8.673617379884035e-16,0.0,c7987202f04a1276048341ba
ss,1.62,125.0,0.001,0.5,0.04,-2,20.0,10.0,lvt_balanced_4b,0.0,0.0,,SS | 1.62 V | 125 C | skew +4%,output_load_20f,1.0,fixed local code from ideal inputs and 0.5*VDD common mode,1.0,0,unresolved,,288.1283065658358,True,0.9071937461624981,0.9266859968108501,8.673617379884035e-16,0.0,5600fcc277d9cc93889d163a
ss,1.62,125.0,0.001,0.5,0.04,-2,20.0,10.0,lvt_balanced_4b,0.0,0.0,,SS | 1.62 V | 125 C | skew +4%,output_load_20f,1.0,fixed local code from ideal inputs and 0.5*VDD common mode,2.0,-1,wrong,1.639175390271501,288.1283065658358,True,0.04489785218947853,1.6172186990186772,8.673617379884035e-16,0.0,5600fcc277d9cc93889d163a
ss,1.62,125.0,0.003,0.5,0.04,-2,20.0,10.0,lvt_balanced_4b,0.0,0.0,,SS | 1.62 V | 125 C | skew +4%,output_load_20f,3.0,fixed local code from ideal inputs and 0.5*VDD common mode,1.0,0,unresolved,,270.03285917925456,True,1.192214242265742,0.6367244165036018,2.6020852139652106e-15,0.0,42aedf6e6407399604ad5361
ss,1.62,125.0,0.003,0.5,0.04,-2,20.0,10.0,lvt_balanced_4b,0.0,0.0,,SS | 1.62 V | 125 C | skew +4%,output_load_20f,3.0,fixed local code from ideal inputs and 0.5*VDD common mode,2.0,1,correct,1.149719321979329,270.03285917925456,True,1.6196595682785173,0.013189117440612824,2.6020852139652106e-15,0.0,42aedf6e6407399604ad5361
ff,1.95,-40.0,-0.003,0.5,0.04,-6,5.0,10.0,lvt_balanced_4b,0.0,0.0,,FF | 1.95 V | -40 C | skew +4%,ideal_reference,-3.0,fixed local code from ideal inputs and 0.5*VDD common mode,1.0,-1,correct,0.16164733416207966,289.91501610332375,True,6.26879742845795e-07,1.9500003644736137,2.6020852139652106e-15,1.1102230246251565e-13,7b8e6adcce9cce3169d02847
ff,1.95,-40.0,-0.003,0.5,0.04,-6,5.0,10.0,lvt_balanced_4b,0.0,0.0,,FF | 1.95 V | -40 C | skew +4%,ideal_reference,-3.0,fixed local code from ideal inputs and 0.5*VDD common mode,2.0,-1,correct,0.16164733416207966,289.91501610332375,True,4.0637205762613703e-07,1.950000261936646,2.6020852139652106e-15,1.1102230246251565e-13,7b8e6adcce9cce3169d02847
ff,1.95,-40.0,-0.001,0.5,0.04,-6,5.0,10.0,lvt_balanced_4b,0.0,0.0,,FF | 1.95 V | -40 C | skew +4%,ideal_reference,-1.0,fixed local code from ideal inputs and 0.5*VDD common mode,1.0,-1,correct,0.18453775411524875,293.9327541132343,True,-5.015278627688502e-07,1.9499988955158745,8.673617379884035e-16,1.1102230246251565e-13,ace2bc252e6a34d9c7e4b3a8
ff,1.95,-40.0,-0.001,0.5,0.04,-6,5.0,10.0,lvt_balanced_4b,0.0,0.0,,FF | 1.95 V | -40 C | skew +4%,ideal_reference,-1.0,fixed local code from ideal inputs and 0.5*VDD common mode,2.0,-1,correct,0.18453775411524875,293.9327541132343,True,-7.756794051969534e-08,1.9499993591192646,8.673617379884035e-16,1.1102230246251565e-13,ace2bc252e6a34d9c7e4b3a8
ff,1.95,-40.0,0.001,0.5,0.04,-6,5.0,10.0,lvt_balanced_4b,0.0,0.0,,FF | 1.95 V | -40 C | skew +4%,ideal_reference,1.0,fixed local code from ideal inputs and 0.5*VDD common mode,1.0,1,correct,0.18311727192160066,293.4333783107723,True,1.9500013589585756,1.4676148726315792e-06,8.673617379884035e-16,1.1102230246251565e-13,7f120d0c704eaa3d97f99f21
ff,1.95,-40.0,0.001,0.5,0.04,-6,5.0,10.0,lvt_balanced_4b,0.0,0.0,,FF | 1.95 V | -40 C | skew +4%,ideal_reference,1.0,fixed local code from ideal inputs and 0.5*VDD common mode,2.0,1,correct,0.18311727192160066,293.4333783107723,True,1.9500009327579277,5.049472440630437e-07,8.673617379884035e-16,1.1102230246251565e-13,7f120d0c704eaa3d97f99f21
ff,1.95,-40.0,0.003,0.5,0.04,-6,5.0,10.0,lvt_balanced_4b,0.0,0.0,,FF | 1.95 V | -40 C | skew +4%,ideal_reference,3.0,fixed local code from ideal inputs and 0.5*VDD common mode,1.0,1,correct,0.1624343022039495,289.45339915008583,True,1.9500002593007708,1.094832634795214e-06,2.6020852139652106e-15,1.1102230246251565e-13,5daa9620d11e939904f6ea6e
ff,1.95,-40.0,0.003,0.5,0.04,-6,5.0,10.0,lvt_balanced_4b,0.0,0.0,,FF | 1.95 V | -40 C | skew +4%,ideal_reference,3.0,fixed local code from ideal inputs and 0.5*VDD common mode,2.0,1,correct,0.1624343022039495,289.45339915008583,True,1.950000057370077,4.568613304071714e-07,2.6020852139652106e-15,1.1102230246251565e-13,5daa9620d11e939904f6ea6e
ff,1.95,-40.0,-0.003,0.5,0.04,-6,5.0,10.0,lvt_balanced_4b,0.0,0.0,0.03,FF | 1.95 V | -40 C | skew +4%,opposite_input_history,-3.0,fixed local code from ideal inputs and 0.5*VDD common mode,1.0,-1,correct,0.16097023767300894,289.62323755193006,True,6.714149006247955e-07,1.9500006088115045,2.6020852139652106e-15,1.1102230246251565e-13,ab3d336c372636808ca813a9
ff,1.95,-40.0,-0.003,0.5,0.04,-6,5.0,10.0,lvt_balanced_4b,0.0,0.0,0.03,FF | 1.95 V | -40 C | skew +4%,opposite_input_history,-3.0,fixed local code from ideal inputs and 0.5*VDD common mode,2.0,-1,correct,0.16097023767300894,289.62323755193006,True,3.985332478814741e-07,1.9500004510308229,2.6020852139652106e-15,1.1102230246251565e-13,ab3d336c372636808ca813a9
ff,1.95,-40.0,-0.001,0.5,0.04,-6,5.0,10.0,lvt_balanced_4b,0.0,0.0,0.03,FF | 1.95 V | -40 C | skew +4%,opposite_input_history,-1.0,fixed local code from ideal inputs and 0.5*VDD common mode,1.0,-1,correct,0.1810270335660285,293.314864778697,True,7.487968441147174e-07,1.9500003950616975,8.673617379884035e-16,1.1102230246251565e-13,a1a5fa626a20d84b043e379f
ff,1.95,-40.0,-0.001,0.5,0.04,-6,5.0,10.0,lvt_balanced_4b,0.0,0.0,0.03,FF | 1.95 V | -40 C | skew +4%,opposite_input_history,-1.0,fixed local code from ideal inputs and 0.5*VDD common mode,2.0,-1,correct,0.1810270335660285,293.314864778697,True,4.723004692085617e-07,1.9500002093653872,8.673617379884035e-16,1.1102230246251565e-13,a1a5fa626a20d84b043e379f
ff,1.95,-40.0,0.001,0.5,0.04,-6,5.0,10.0,lvt_balanced_4b,0.0,0.0,-0.03,FF | 1.95 V | -40 C | skew +4%,opposite_input_history,1.0,fixed local code from ideal inputs and 0.5*VDD common mode,1.0,1,correct,0.18023112379378894,292.885076656799,True,1.9500007737830896,1.1540583295370018e-06,8.673617379884035e-16,1.1102230246251565e-13,8df18b16a062e012444ba3be
ff,1.95,-40.0,0.001,0.5,0.04,-6,5.0,10.0,lvt_balanced_4b,0.0,0.0,-0.03,FF | 1.95 V | -40 C | skew +4%,opposite_input_history,1.0,fixed local code from ideal inputs and 0.5*VDD common mode,2.0,1,correct,0.18023112379378894,292.885076656799,True,1.9500005560819438,4.10816008551762e-07,8.673617379884035e-16,1.1102230246251565e-13,8df18b16a062e012444ba3be
ff,1.95,-40.0,0.003,0.5,0.04,-6,5.0,10.0,lvt_balanced_4b,0.0,0.0,-0.03,FF | 1.95 V | -40 C | skew +4%,opposite_input_history,3.0,fixed local code from ideal inputs and 0.5*VDD common mode,1.0,1,correct,0.16072749699042055,289.25485653446384,True,1.9500005651338121,1.4214424406287255e-06,2.6020852139652106e-15,1.1102230246251565e-13,6aab21370bb4f97ae23931a9
ff,1.95,-40.0,0.003,0.5,0.04,-6,5.0,10.0,lvt_balanced_4b,0.0,0.0,-0.03,FF | 1.95 V | -40 C | skew +4%,opposite_input_history,3.0,fixed local code from ideal inputs and 0.5*VDD common mode,2.0,1,correct,0.16072749699042055,289.25485653446384,True,1.9500002177497222,6.406611908180212e-07,2.6020852139652106e-15,1.1102230246251565e-13,6aab21370bb4f97ae23931a9
ff,1.95,-40.0,-0.003,0.5,0.04,-6,5.0,10.0,lvt_balanced_4b,1000.0,20.0,,FF | 1.95 V | -40 C | skew +4%,source_1k_20f,-3.0,fixed local code from ideal inputs and 0.5*VDD common mode,1.0,1,wrong,0.11407129769026833,275.08000570116343,True,1.9499976183305912,7.809564292993369e-05,67.85174310905428,98.5735358478399,d3d2b2940c02a8b7e423285b
ff,1.95,-40.0,-0.003,0.5,0.04,-6,5.0,10.0,lvt_balanced_4b,1000.0,20.0,,FF | 1.95 V | -40 C | skew +4%,source_1k_20f,-3.0,fixed local code from ideal inputs and 0.5*VDD common mode,2.0,1,wrong,0.11407129769026833,275.08000570116343,True,1.9500000299328213,1.3361783353899192e-07,67.85174310905428,98.5735358478399,d3d2b2940c02a8b7e423285b
ff,1.95,-40.0,-0.001,0.5,0.04,-6,5.0,10.0,lvt_balanced_4b,1000.0,20.0,,FF | 1.95 V | -40 C | skew +4%,source_1k_20f,-1.0,fixed local code from ideal inputs and 0.5*VDD common mode,1.0,1,wrong,0.11389205970422128,274.91671732005653,True,1.9499976605690181,7.708274385045811e-05,68.02113300477608,98.31264963131214,9b34ee359af33803d8dedd49
ff,1.95,-40.0,-0.001,0.5,0.04,-6,5.0,10.0,lvt_balanced_4b,1000.0,20.0,,FF | 1.95 V | -40 C | skew +4%,source_1k_20f,-1.0,fixed local code from ideal inputs and 0.5*VDD common mode,2.0,1,wrong,0.11389205970422128,274.91671732005653,True,1.9500000406849995,1.3919892547190513e-07,68.02113300477608,98.31264963131214,9b34ee359af33803d8dedd49
ff,1.95,-40.0,0.001,0.5,0.04,-6,5.0,10.0,lvt_balanced_4b,1000.0,20.0,,FF | 1.95 V | -40 C | skew +4%,source_1k_20f,1.0,fixed local code from ideal inputs and 0.5*VDD common mode,1.0,1,correct,0.11036218637235026,274.7683468087668,True,1.9499969968937638,7.662546530906654e-05,67.99862393508049,98.1802797545549,7345536296d06f2ef839e7dd
ff,1.95,-40.0,0.001,0.5,0.04,-6,5.0,10.0,lvt_balanced_4b,1000.0,20.0,,FF | 1.95 V | -40 C | skew +4%,source_1k_20f,1.0,fixed local code from ideal inputs and 0.5*VDD common mode,2.0,1,correct,0.11036218637235026,274.7683468087668,True,1.949999451550029,5.84419430757627e-07,67.99862393508049,98.1802797545549,7345536296d06f2ef839e7dd
ff,1.95,-40.0,0.003,0.5,0.04,-6,5.0,10.0,lvt_balanced_4b,1000.0,20.0,,FF | 1.95 V | -40 C | skew +4%,source_1k_20f,3.0,fixed local code from ideal inputs and 0.5*VDD common mode,1.0,1,correct,0.10925231968292864,274.6243673653692,True,1.9499971751972927,7.55711950377548e-05,68.03812918231577,98.01294922505654,c16538fbb85ded9593700a2e
ff,1.95,-40.0,0.003,0.5,0.04,-6,5.0,10.0,lvt_balanced_4b,1000.0,20.0,,FF | 1.95 V | -40 C | skew +4%,source_1k_20f,3.0,fixed local code from ideal inputs and 0.5*VDD common mode,2.0,1,correct,0.10925231968292864,274.6243673653692,True,1.9499995769732048,5.081256994764446e-07,68.03812918231577,98.01294922505654,c16538fbb85ded9593700a2e
ff,1.95,-40.0,-0.003,0.5,0.04,-6,5.0,10.0,lvt_balanced_4b,5000.0,20.0,,FF | 1.95 V | -40 C | skew +4%,source_5k_20f,-3.0,fixed local code from ideal inputs and 0.5*VDD common mode,1.0,1,wrong,0.11605448043515855,283.1166214274491,True,1.9499633814124708,0.004051350060738074,122.75425777659277,206.27472951860238,e0c79f202bcd871b92a2a39c
ff,1.95,-40.0,-0.003,0.5,0.04,-6,5.0,10.0,lvt_balanced_4b,5000.0,20.0,,FF | 1.95 V | -40 C | skew +4%,source_5k_20f,-3.0,fixed local code from ideal inputs and 0.5*VDD common mode,2.0,1,wrong,0.11605448043515855,283.1166214274491,True,1.9499979443824331,0.00027851993505901857,122.75425777659277,206.27472951860238,e0c79f202bcd871b92a2a39c
ff,1.95,-40.0,-0.001,0.5,0.04,-6,5.0,10.0,lvt_balanced_4b,5000.0,20.0,,FF | 1.95 V | -40 C | skew +4%,source_5k_20f,-1.0,fixed local code from ideal inputs and 0.5*VDD common mode,1.0,1,wrong,0.11621349881638006,283.0537005360016,True,1.9499634709267966,0.004033786757671849,121.72988804524243,206.4631882431064,5a11b31f281b5f24f39e2312
ff,1.95,-40.0,-0.001,0.5,0.04,-6,5.0,10.0,lvt_balanced_4b,5000.0,20.0,,FF | 1.95 V | -40 C | skew +4%,source_5k_20f,-1.0,fixed local code from ideal inputs and 0.5*VDD common mode,2.0,1,wrong,0.11621349881638006,283.0537005360016,True,1.9499978890282572,0.00027750945822189186,121.72988804524243,206.4631882431064,5a11b31f281b5f24f39e2312
ff,1.95,-40.0,0.001,0.5,0.04,-6,5.0,10.0,lvt_balanced_4b,5000.0,20.0,,FF | 1.95 V | -40 C | skew +4%,source_5k_20f,1.0,fixed local code from ideal inputs and 0.5*VDD common mode,1.0,1,correct,0.1152117874155184,282.9879627338512,True,1.9499636203141573,0.004017046100089638,120.64310657163169,206.6500013868605,758d1de58e1e18e341ab63ba
ff,1.95,-40.0,0.001,0.5,0.04,-6,5.0,10.0,lvt_balanced_4b,5000.0,20.0,,FF | 1.95 V | -40 C | skew +4%,source_5k_20f,1.0,fixed local code from ideal inputs and 0.5*VDD common mode,2.0,1,correct,0.1152117874155184,282.9879627338512,True,1.9499979198708888,0.0002771132270019113,120.64310657163169,206.6500013868605,758d1de58e1e18e341ab63ba
ff,1.95,-40.0,0.003,0.5,0.04,-6,5.0,10.0,lvt_balanced_4b,5000.0,20.0,,FF | 1.95 V | -40 C | skew +4%,source_5k_20f,3.0,fixed local code from ideal inputs and 0.5*VDD common mode,1.0,1,correct,0.11647155401178935,282.9281697075633,True,1.9499635770199004,0.0039998374055970525,119.53996171656733,206.80384210361237,6c95bd2a18d71ccf9acc54dc
ff,1.95,-40.0,0.003,0.5,0.04,-6,5.0,10.0,lvt_balanced_4b,5000.0,20.0,,FF | 1.95 V | -40 C | skew +4%,source_5k_20f,3.0,fixed local code from ideal inputs and 0.5*VDD common mode,2.0,1,correct,0.11647155401178935,282.9281697075633,True,1.9499977842317302,0.00027594665327751976,119.53996171656733,206.80384210361237,6c95bd2a18d71ccf9acc54dc
ff,1.95,-40.0,-0.003,0.5,0.04,-6,5.0,10.0,lvt_balanced_4b,10000.0,200.0,0.03,FF | 1.95 V | -40 C | skew +4%,settling_10k_200f,-3.0,fixed local code from ideal inputs and 0.5*VDD common mode,1.0,1,wrong,0.12258165829572851,280.72552259753445,True,1.949998118468257,0.0008376873532155665,36.16069934131072,88.50647226403451,00ea3b86149367288b1b59ac
ff,1.95,-40.0,-0.003,0.5,0.04,-6,5.0,10.0,lvt_balanced_4b,10000.0,200.0,0.03,FF | 1.95 V | -40 C | skew +4%,settling_10k_200f,-3.0,fixed local code from ideal inputs and 0.5*VDD common mode,2.0,1,wrong,0.12258165829572851,280.72552259753445,True,1.9499993579518313,0.0005234873821282982,36.16069934131072,88.50647226403451,00ea3b86149367288b1b59ac
ff,1.95,-40.0,-0.001,0.5,0.04,-6,5.0,10.0,lvt_balanced_4b,10000.0,200.0,0.03,FF | 1.95 V | -40 C | skew +4%,settling_10k_200f,-1.0,fixed local code from ideal inputs and 0.5*VDD common mode,1.0,1,wrong,0.12075768830886952,280.4209640437326,True,1.9499980996625348,0.0008372074891888602,35.91682978935884,88.53208459683127,2bcd7e64fbae8600c5501d1f
ff,1.95,-40.0,-0.001,0.5,0.04,-6,5.0,10.0,lvt_balanced_4b,10000.0,200.0,0.03,FF | 1.95 V | -40 C | skew +4%,settling_10k_200f,-1.0,fixed local code from ideal inputs and 0.5*VDD common mode,2.0,1,wrong,0.12075768830886952,280.4209640437326,True,1.9499992605643077,0.0005232982212877353,35.91682978935884,88.53208459683127,2bcd7e64fbae8600c5501d1f
ff,1.95,-40.0,0.001,0.5,0.04,-6,5.0,10.0,lvt_balanced_4b,10000.0,200.0,-0.03,FF | 1.95 V | -40 C | skew +4%,settling_10k_200f,1.0,fixed local code from ideal inputs and 0.5*VDD common mode,1.0,1,correct,0.13008976269449915,282.16293811476,True,1.9499984472291714,0.000867809287657537,26.699480580378964,88.2942797744719,20e3f6f4dec287e1815ae51d
ff,1.95,-40.0,0.001,0.5,0.04,-6,5.0,10.0,lvt_balanced_4b,10000.0,200.0,-0.03,FF | 1.95 V | -40 C | skew +4%,settling_10k_200f,1.0,fixed local code from ideal inputs and 0.5*VDD common mode,2.0,1,correct,0.13008976269449915,282.16293811476,True,1.9499990208805846,0.0005400026295841524,26.699480580378964,88.2942797744719,20e3f6f4dec287e1815ae51d
ff,1.95,-40.0,0.003,0.5,0.04,-6,5.0,10.0,lvt_balanced_4b,10000.0,200.0,-0.03,FF | 1.95 V | -40 C | skew +4%,settling_10k_200f,3.0,fixed local code from ideal inputs and 0.5*VDD common mode,1.0,1,correct,0.12716797627443083,281.76556853235354,True,1.9499986327790204,0.000866593882767964,26.50974790075689,88.31719239043156,79f9d232eb53d94d8aeb22a7
ff,1.95,-40.0,0.003,0.5,0.04,-6,5.0,10.0,lvt_balanced_4b,10000.0,200.0,-0.03,FF | 1.95 V | -40 C | skew +4%,settling_10k_200f,3.0,fixed local code from ideal inputs and 0.5*VDD common mode,2.0,1,correct,0.12716797627443083,281.76556853235354,True,1.949999354544621,0.0005394167700806968,26.50974790075689,88.31719239043156,79f9d232eb53d94d8aeb22a7
ff,1.95,-40.0,-0.003,0.45,0.04,-6,5.0,10.0,lvt_balanced_4b,0.0,0.0,,FF | 1.95 V | -40 C | skew +4%,common_mode_0p45,-3.0,fixed local code from ideal inputs and 0.5*VDD common mode,1.0,-1,correct,0.1573764649315111,256.5073031350642,True,3.7805058764183625e-06,1.9499988915164692,2.6020852139652106e-15,0.0,29a8a60bcb7cd62378de3b23
ff,1.95,-40.0,-0.003,0.45,0.04,-6,5.0,10.0,lvt_balanced_4b,0.0,0.0,,FF | 1.95 V | -40 C | skew +4%,common_mode_0p45,-3.0,fixed local code from ideal inputs and 0.5*VDD common mode,2.0,-1,correct,0.1573764649315111,256.5073031350642,True,3.4144173826833233e-07,1.9499992127080508,2.6020852139652106e-15,0.0,29a8a60bcb7cd62378de3b23
ff,1.95,-40.0,-0.001,0.45,0.04,-6,5.0,10.0,lvt_balanced_4b,0.0,0.0,,FF | 1.95 V | -40 C | skew +4%,common_mode_0p45,-1.0,fixed local code from ideal inputs and 0.5*VDD common mode,1.0,-1,correct,0.16694551635889118,258.0084291421064,True,3.6325255913439662e-06,1.9499998266185987,8.673617379884035e-16,0.0,126ff67712f1655f4ec91525
ff,1.95,-40.0,-0.001,0.45,0.04,-6,5.0,10.0,lvt_balanced_4b,0.0,0.0,,FF | 1.95 V | -40 C | skew +4%,common_mode_0p45,-1.0,fixed local code from ideal inputs and 0.5*VDD common mode,2.0,-1,correct,0.16694551635889118,258.0084291421064,True,9.75915106501225e-08,1.9500001630028978,8.673617379884035e-16,0.0,126ff67712f1655f4ec91525
ff,1.95,-40.0,0.001,0.45,0.04,-6,5.0,10.0,lvt_balanced_4b,0.0,0.0,,FF | 1.95 V | -40 C | skew +4%,common_mode_0p45,1.0,fixed local code from ideal inputs and 0.5*VDD common mode,1.0,-1,wrong,0.18205089520626924,260.60796704989485,True,3.925898507094061e-06,1.9499993484833889,8.673617379884035e-16,0.0,f51f62bf7b95f9ecc6310d3a
ff,1.95,-40.0,0.001,0.45,0.04,-6,5.0,10.0,lvt_balanced_4b,0.0,0.0,,FF | 1.95 V | -40 C | skew +4%,common_mode_0p45,1.0,fixed local code from ideal inputs and 0.5*VDD common mode,2.0,-1,wrong,0.18205089520626924,260.60796704989485,True,2.3061973081095973e-07,1.9499996431148987,8.673617379884035e-16,0.0,f51f62bf7b95f9ecc6310d3a
ff,1.95,-40.0,0.003,0.45,0.04,-6,5.0,10.0,lvt_balanced_4b,0.0,0.0,,FF | 1.95 V | -40 C | skew +4%,common_mode_0p45,3.0,fixed local code from ideal inputs and 0.5*VDD common mode,1.0,1,correct,0.2629044315651689,274.8706918448803,True,1.9499985625563865,3.025611964777179e-05,2.6020852139652106e-15,0.0,c8fcef6a13b25105caffec73
ff,1.95,-40.0,0.003,0.45,0.04,-6,5.0,10.0,lvt_balanced_4b,0.0,0.0,,FF | 1.95 V | -40 C | skew +4%,common_mode_0p45,3.0,fixed local code from ideal inputs and 0.5*VDD common mode,2.0,1,correct,0.2629044315651689,274.8706918448803,True,1.9499997692311875,3.8229392808092947e-07,2.6020852139652106e-15,0.0,c8fcef6a13b25105caffec73
ff,1.95,-40.0,-0.003,0.6,0.04,-6,5.0,10.0,lvt_balanced_4b,0.0,0.0,,FF | 1.95 V | -40 C | skew +4%,common_mode_0p60,-3.0,fixed local code from ideal inputs and 0.5*VDD common mode,1.0,-1,correct,0.19048597849736035,355.51846817586096,True,2.200456672945675e-07,1.950001493127566,1.0842021724855044e-13,0.0,a0e63ba231989137f806286f
ff,1.95,-40.0,-0.003,0.6,0.04,-6,5.0,10.0,lvt_balanced_4b,0.0,0.0,,FF | 1.95 V | -40 C | skew +4%,common_mode_0p60,-3.0,fixed local code from ideal inputs and 0.5*VDD common mode,2.0,-1,correct,0.19048597849736035,355.51846817586096,True,3.100171353093679e-08,1.9500009418640738,1.0842021724855044e-13,0.0,a0e63ba231989137f806286f
ff,1.95,-40.0,-0.001,0.6,0.04,-6,5.0,10.0,lvt_balanced_4b,0.0,0.0,,FF | 1.95 V | -40 C | skew +4%,common_mode_0p60,-1.0,fixed local code from ideal inputs and 0.5*VDD common mode,1.0,1,wrong,0.17796899725142115,352.8975886709253,True,1.9499998866705748,2.110495378545548e-06,1.1188966420050406e-13,0.0,de281be7a15aa8e26ebbb2f6
ff,1.95,-40.0,-0.001,0.6,0.04,-6,5.0,10.0,lvt_balanced_4b,0.0,0.0,,FF | 1.95 V | -40 C | skew +4%,common_mode_0p60,-1.0,fixed local code from ideal inputs and 0.5*VDD common mode,2.0,1,wrong,0.17796899725142115,352.8975886709253,True,1.9499995016553155,1.2388718672636115e-06,1.1188966420050406e-13,0.0,de281be7a15aa8e26ebbb2f6
ff,1.95,-40.0,0.001,0.6,0.04,-6,5.0,10.0,lvt_balanced_4b,0.0,0.0,,FF | 1.95 V | -40 C | skew +4%,common_mode_0p60,1.0,fixed local code from ideal inputs and 0.5*VDD common mode,1.0,1,correct,0.15989758750169128,349.5153569082804,True,1.95000004792724,1.3959958648261003e-08,1.1188966420050406e-13,0.0,8a596a8634df673bc89bbc40
ff,1.95,-40.0,0.001,0.6,0.04,-6,5.0,10.0,lvt_balanced_4b,0.0,0.0,,FF | 1.95 V | -40 C | skew +4%,common_mode_0p60,1.0,fixed local code from ideal inputs and 0.5*VDD common mode,2.0,1,correct,0.15989758750169128,349.5153569082804,True,1.9500000861188587,1.382986241499961e-07,1.1188966420050406e-13,0.0,8a596a8634df673bc89bbc40
ff,1.95,-40.0,0.003,0.6,0.04,-6,5.0,10.0,lvt_balanced_4b,0.0,0.0,,FF | 1.95 V | -40 C | skew +4%,common_mode_0p60,3.0,fixed local code from ideal inputs and 0.5*VDD common mode,1.0,1,correct,0.15027884957631982,347.843197905158,True,1.949999981122908,-1.7187105524024833e-07,1.0842021724855044e-13,0.0,5f66691da2e421f55ab2d413
ff,1.95,-40.0,0.003,0.6,0.04,-6,5.0,10.0,lvt_balanced_4b,0.0,0.0,,FF | 1.95 V | -40 C | skew +4%,common_mode_0p60,3.0,fixed local code from ideal inputs and 0.5*VDD common mode,2.0,1,correct,0.15027884957631982,347.843197905158,True,1.9499999848514364,6.069202323042036e-08,1.0842021724855044e-13,0.0,5f66691da2e421f55ab2d413
ff,1.95,-40.0,-0.003,0.5,0.04,-6,20.0,10.0,lvt_balanced_4b,0.0,0.0,,FF | 1.95 V | -40 C | skew +4%,output_load_20f,-3.0,fixed local code from ideal inputs and 0.5*VDD common mode,1.0,-1,correct,0.24655205202203884,366.7491584992991,True,9.127360116637958e-07,1.9499999160961983,2.6020852139652106e-15,1.1102230246251565e-13,704e4a48e4d06b090252aebe
ff,1.95,-40.0,-0.003,0.5,0.04,-6,20.0,10.0,lvt_balanced_4b,0.0,0.0,,FF | 1.95 V | -40 C | skew +4%,output_load_20f,-3.0,fixed local code from ideal inputs and 0.5*VDD common mode,2.0,-1,correct,0.24655205202203884,366.7491584992991,True,3.340606485722861e-07,1.9499999903391432,2.6020852139652106e-15,1.1102230246251565e-13,704e4a48e4d06b090252aebe
ff,1.95,-40.0,-0.001,0.5,0.04,-6,20.0,10.0,lvt_balanced_4b,0.0,0.0,,FF | 1.95 V | -40 C | skew +4%,output_load_20f,-1.0,fixed local code from ideal inputs and 0.5*VDD common mode,1.0,-1,correct,0.25254578508802117,367.6610324442855,True,9.79271984335055e-07,1.9500000016648034,8.673617379884035e-16,1.1102230246251565e-13,6771df0c58c5a627cfd4951d
ff,1.95,-40.0,-0.001,0.5,0.04,-6,20.0,10.0,lvt_balanced_4b,0.0,0.0,,FF | 1.95 V | -40 C | skew +4%,output_load_20f,-1.0,fixed local code from ideal inputs and 0.5*VDD common mode,2.0,-1,correct,0.25254578508802117,367.6610324442855,True,3.1961851675603335e-07,1.9500000060820712,8.673617379884035e-16,1.1102230246251565e-13,6771df0c58c5a627cfd4951d
ff,1.95,-40.0,0.001,0.5,0.04,-6,20.0,10.0,lvt_balanced_4b,0.0,0.0,,FF | 1.95 V | -40 C | skew +4%,output_load_20f,1.0,fixed local code from ideal inputs and 0.5*VDD common mode,1.0,-1,wrong,0.25573589247182854,368.6689970971631,True,9.939341134728236e-07,1.9499999455571497,8.673617379884035e-16,1.1102230246251565e-13,3b417c8c77f8af0b2a832d2d
ff,1.95,-40.0,0.001,0.5,0.04,-6,20.0,10.0,lvt_balanced_4b,0.0,0.0,,FF | 1.95 V | -40 C | skew +4%,output_load_20f,1.0,fixed local code from ideal inputs and 0.5*VDD common mode,2.0,-1,wrong,0.25573589247182854,368.6689970971631,True,3.3167942972148706e-07,1.9499999976916225,8.673617379884035e-16,1.1102230246251565e-13,3b417c8c77f8af0b2a832d2d
ff,1.95,-40.0,0.003,0.5,0.04,-6,20.0,10.0,lvt_balanced_4b,0.0,0.0,,FF | 1.95 V | -40 C | skew +4%,output_load_20f,3.0,fixed local code from ideal inputs and 0.5*VDD common mode,1.0,-1,wrong,0.26215556349371966,369.7774692331773,True,1.120869834489049e-06,1.950000046903873,2.6020852139652106e-15,1.1102230246251565e-13,22424eeba58b470975dc5fbe
ff,1.95,-40.0,0.003,0.5,0.04,-6,20.0,10.0,lvt_balanced_4b,0.0,0.0,,FF | 1.95 V | -40 C | skew +4%,output_load_20f,3.0,fixed local code from ideal inputs and 0.5*VDD common mode,2.0,-1,wrong,0.26215556349371966,369.7774692331773,True,3.39144475618386e-07,1.9500000220711806,2.6020852139652106e-15,1.1102230246251565e-13,22424eeba58b470975dc5fbe
ff,1.95,125.0,-0.003,0.5,0.04,-12,5.0,10.0,lvt_balanced_4b,0.0,0.0,,FF | 1.95 V | 125 C | skew +4%,ideal_reference,-3.0,fixed local code from ideal inputs and 0.5*VDD common mode,1.0,-1,correct,0.20307269552534024,363.21680924683443,True,0.0008686973836518245,1.9499968798454512,2.6020852139652106e-15,1.1102230246251565e-13,bd7f5406cb8d0dc7d2011889
ff,1.95,125.0,-0.003,0.5,0.04,-12,5.0,10.0,lvt_balanced_4b,0.0,0.0,,FF | 1.95 V | 125 C | skew +4%,ideal_reference,-3.0,fixed local code from ideal inputs and 0.5*VDD common mode,2.0,-1,correct,0.20307269552534024,363.21680924683443,True,0.0008313327199604465,1.949998853455091,2.6020852139652106e-15,1.1102230246251565e-13,bd7f5406cb8d0dc7d2011889
ff,1.95,125.0,-0.001,0.5,0.04,-12,5.0,10.0,lvt_balanced_4b,0.0,0.0,,FF | 1.95 V | 125 C | skew +4%,ideal_reference,-1.0,fixed local code from ideal inputs and 0.5*VDD common mode,1.0,-1,correct,0.22835989056296874,371.20417632945407,True,0.0008723862083397987,1.9499976243160093,8.673617379884035e-16,1.1102230246251565e-13,c86c0c4fcd03920206037c4c
ff,1.95,125.0,-0.001,0.5,0.04,-12,5.0,10.0,lvt_balanced_4b,0.0,0.0,,FF | 1.95 V | 125 C | skew +4%,ideal_reference,-1.0,fixed local code from ideal inputs and 0.5*VDD common mode,2.0,-1,correct,0.22835989056296874,371.20417632945407,True,0.0008322576474122446,1.9499992690837114,8.673617379884035e-16,1.1102230246251565e-13,c86c0c4fcd03920206037c4c
ff,1.95,125.0,0.001,0.5,0.04,-12,5.0,10.0,lvt_balanced_4b,0.0,0.0,,FF | 1.95 V | 125 C | skew +4%,ideal_reference,1.0,fixed local code from ideal inputs and 0.5*VDD common mode,1.0,1,correct,0.2204362609431385,367.9929659067832,True,1.9499909085475688,0.0011542871547910057,8.673617379884035e-16,1.1102230246251565e-13,33e151a50ae679d84d5d2eb9
ff,1.95,125.0,0.001,0.5,0.04,-12,5.0,10.0,lvt_balanced_4b,0.0,0.0,,FF | 1.95 V | 125 C | skew +4%,ideal_reference,1.0,fixed local code from ideal inputs and 0.5*VDD common mode,2.0,1,correct,0.2204362609431385,367.9929659067832,True,1.9499992163818818,0.0009047114309381728,8.673617379884035e-16,1.1102230246251565e-13,33e151a50ae679d84d5d2eb9
ff,1.95,125.0,0.003,0.5,0.04,-12,5.0,10.0,lvt_balanced_4b,0.0,0.0,,FF | 1.95 V | 125 C | skew +4%,ideal_reference,3.0,fixed local code from ideal inputs and 0.5*VDD common mode,1.0,1,correct,0.20151558862171892,361.4170767852653,True,1.949991741877149,0.0011350345937515233,2.6020852139652106e-15,1.1102230246251565e-13,833850c50245fbae89d801d8
ff,1.95,125.0,0.003,0.5,0.04,-12,5.0,10.0,lvt_balanced_4b,0.0,0.0,,FF | 1.95 V | 125 C | skew +4%,ideal_reference,3.0,fixed local code from ideal inputs and 0.5*VDD common mode,2.0,1,correct,0.20151558862171892,361.4170767852653,True,1.9499994358563473,0.0009035380422726952,2.6020852139652106e-15,1.1102230246251565e-13,833850c50245fbae89d801d8
ff,1.95,125.0,-0.003,0.5,0.04,-12,5.0,10.0,lvt_balanced_4b,0.0,0.0,0.03,FF | 1.95 V | 125 C | skew +4%,opposite_input_history,-3.0,fixed local code from ideal inputs and 0.5*VDD common mode,1.0,-1,correct,0.19808144364308045,362.75573736334417,True,0.0008690994972977397,1.949996616267102,2.6020852139652106e-15,1.1102230246251565e-13,2a5ed1f665ca10dc322e3062
ff,1.95,125.0,-0.003,0.5,0.04,-12,5.0,10.0,lvt_balanced_4b,0.0,0.0,0.03,FF | 1.95 V | 125 C | skew +4%,opposite_input_history,-3.0,fixed local code from ideal inputs and 0.5*VDD common mode,2.0,-1,correct,0.19808144364308045,362.75573736334417,True,0.0008315625188954531,1.9499986032034125,2.6020852139652106e-15,1.1102230246251565e-13,2a5ed1f665ca10dc322e3062
ff,1.95,125.0,-0.001,0.5,0.04,-12,5.0,10.0,lvt_balanced_4b,0.0,0.0,0.03,FF | 1.95 V | 125 C | skew +4%,opposite_input_history,-1.0,fixed local code from ideal inputs and 0.5*VDD common mode,1.0,-1,correct,0.22760168810585835,370.0220197752175,True,0.0008718200418361595,1.949996893492358,8.673617379884035e-16,1.1102230246251565e-13,2bfd656b25069386389b9923
ff,1.95,125.0,-0.001,0.5,0.04,-12,5.0,10.0,lvt_balanced_4b,0.0,0.0,0.03,FF | 1.95 V | 125 C | skew +4%,opposite_input_history,-1.0,fixed local code from ideal inputs and 0.5*VDD common mode,2.0,-1,correct,0.22760168810585835,370.0220197752175,True,0.0008321802220291495,1.94999889112155,8.673617379884035e-16,1.1102230246251565e-13,2bfd656b25069386389b9923
ff,1.95,125.0,0.001,0.5,0.04,-12,5.0,10.0,lvt_balanced_4b,0.0,0.0,-0.03,FF | 1.95 V | 125 C | skew +4%,opposite_input_history,1.0,fixed local code from ideal inputs and 0.5*VDD common mode,1.0,1,correct,0.2204213807313504,367.1586948475523,True,1.9499911339511953,0.0011516669824914675,8.673617379884035e-16,1.1102230246251565e-13,3c7738fe44024f6465d0fd49
ff,1.95,125.0,0.001,0.5,0.04,-12,5.0,10.0,lvt_balanced_4b,0.0,0.0,-0.03,FF | 1.95 V | 125 C | skew +4%,opposite_input_history,1.0,fixed local code from ideal inputs and 0.5*VDD common mode,2.0,1,correct,0.2204213807313504,367.1586948475523,True,1.9499992861936326,0.0009048525732213515,8.673617379884035e-16,1.1102230246251565e-13,3c7738fe44024f6465d0fd49
ff,1.95,125.0,0.003,0.5,0.04,-12,5.0,10.0,lvt_balanced_4b,0.0,0.0,-0.03,FF | 1.95 V | 125 C | skew +4%,opposite_input_history,3.0,fixed local code from ideal inputs and 0.5*VDD common mode,1.0,1,correct,0.2009592054418987,361.14380210956193,True,1.9499919222290933,0.0011335932932745366,2.6020852139652106e-15,1.1102230246251565e-13,9a260b3d0304bb32ca974a2a
ff,1.95,125.0,0.003,0.5,0.04,-12,5.0,10.0,lvt_balanced_4b,0.0,0.0,-0.03,FF | 1.95 V | 125 C | skew +4%,opposite_input_history,3.0,fixed local code from ideal inputs and 0.5*VDD common mode,2.0,1,correct,0.2009592054418987,361.14380210956193,True,1.9499995356741289,0.0009034376402064691,2.6020852139652106e-15,1.1102230246251565e-13,9a260b3d0304bb32ca974a2a
ff,1.95,125.0,-0.003,0.5,0.04,-12,5.0,10.0,lvt_balanced_4b,1000.0,20.0,,FF | 1.95 V | 125 C | skew +4%,source_1k_20f,-3.0,fixed local code from ideal inputs and 0.5*VDD common mode,1.0,1,wrong,0.1416194564609994,335.8854440345591,True,1.9499720305292783,0.002000309493682087,132.0953412953263,123.29322129545861,98b4f1cb7aa43b7a76f544c5
ff,1.95,125.0,-0.003,0.5,0.04,-12,5.0,10.0,lvt_balanced_4b,1000.0,20.0,,FF | 1.95 V | 125 C | skew +4%,source_1k_20f,-3.0,fixed local code from ideal inputs and 0.5*VDD common mode,2.0,1,wrong,0.1416194564609994,335.8854440345591,True,1.9499992183100108,0.000907688655062778,132.0953412953263,123.29322129545861,98b4f1cb7aa43b7a76f544c5
ff,1.95,125.0,-0.001,0.5,0.04,-12,5.0,10.0,lvt_balanced_4b,1000.0,20.0,,FF | 1.95 V | 125 C | skew +4%,source_1k_20f,-1.0,fixed local code from ideal inputs and 0.5*VDD common mode,1.0,1,wrong,0.14167565010452804,335.8426931905691,True,1.9499732558868288,0.0019897652193376814,131.6081224328115,123.35934908453594,02d00de1808ab675f0521035
ff,1.95,125.0,-0.001,0.5,0.04,-12,5.0,10.0,lvt_balanced_4b,1000.0,20.0,,FF | 1.95 V | 125 C | skew +4%,source_1k_20f,-1.0,fixed local code from ideal inputs and 0.5*VDD common mode,2.0,1,wrong,0.14167565010452804,335.8426931905691,True,1.9499997186239841,0.0009066741252904102,131.6081224328115,123.35934908453594,02d00de1808ab675f0521035
ff,1.95,125.0,0.001,0.5,0.04,-12,5.0,10.0,lvt_balanced_4b,1000.0,20.0,,FF | 1.95 V | 125 C | skew +4%,source_1k_20f,1.0,fixed local code from ideal inputs and 0.5*VDD common mode,1.0,1,correct,0.1390938766123489,335.80302232590117,True,1.9499735506688836,0.0019788170809623726,131.22217830892723,123.28448039704021,0b4d8744300c2dee0fe70359
ff,1.95,125.0,0.001,0.5,0.04,-12,5.0,10.0,lvt_balanced_4b,1000.0,20.0,,FF | 1.95 V | 125 C | skew +4%,source_1k_20f,1.0,fixed local code from ideal inputs and 0.5*VDD common mode,2.0,1,correct,0.1390938766123489,335.80302232590117,True,1.9499997512281497,0.0009056048102130374,131.22217830892723,123.28448039704021,0b4d8744300c2dee0fe70359
ff,1.95,125.0,0.003,0.5,0.04,-12,5.0,10.0,lvt_balanced_4b,1000.0,20.0,,FF | 1.95 V | 125 C | skew +4%,source_1k_20f,3.0,fixed local code from ideal inputs and 0.5*VDD common mode,1.0,1,correct,0.14562771465126015,335.7778870105729,True,1.9499731454447757,0.0019680355458111536,130.8408128799966,123.21176296451198,cff952a9e1c58c0157123a58
ff,1.95,125.0,0.003,0.5,0.04,-12,5.0,10.0,lvt_balanced_4b,1000.0,20.0,,FF | 1.95 V | 125 C | skew +4%,source_1k_20f,3.0,fixed local code from ideal inputs and 0.5*VDD common mode,2.0,1,correct,0.14562771465126015,335.7778870105729,True,1.9499996160026136,0.0009044149658478049,130.8408128799966,123.21176296451198,cff952a9e1c58c0157123a58
ff,1.95,125.0,-0.003,0.5,0.04,-12,5.0,10.0,lvt_balanced_4b,5000.0,20.0,,FF | 1.95 V | 125 C | skew +4%,source_5k_20f,-3.0,fixed local code from ideal inputs and 0.5*VDD common mode,1.0,1,wrong,0.1466247203074684,342.27009408497327,True,1.9498926017584526,0.010856433823042161,181.41243720615518,241.65844468010656,786c2df9d1e45e8099a1e630
ff,1.95,125.0,-0.003,0.5,0.04,-12,5.0,10.0,lvt_balanced_4b,5000.0,20.0,,FF | 1.95 V | 125 C | skew +4%,source_5k_20f,-3.0,fixed local code from ideal inputs and 0.5*VDD common mode,2.0,1,wrong,0.1466247203074684,342.27009408497327,True,1.949993644274705,0.00163551880452122,181.41243720615518,241.65844468010656,786c2df9d1e45e8099a1e630
ff,1.95,125.0,-0.001,0.5,0.04,-12,5.0,10.0,lvt_balanced_4b,5000.0,20.0,,FF | 1.95 V | 125 C | skew +4%,source_5k_20f,-1.0,fixed local code from ideal inputs and 0.5*VDD common mode,1.0,1,wrong,0.14759417198083047,342.297666157343,True,1.9498946198614848,0.010818250065606543,180.86838223119582,241.79322373747146,66ec96d70c79798417938410
ff,1.95,125.0,-0.001,0.5,0.04,-12,5.0,10.0,lvt_balanced_4b,5000.0,20.0,,FF | 1.95 V | 125 C | skew +4%,source_5k_20f,-1.0,fixed local code from ideal inputs and 0.5*VDD common mode,2.0,1,wrong,0.14759417198083047,342.297666157343,True,1.9499945396693965,0.001632014095289206,180.86838223119582,241.79322373747146,66ec96d70c79798417938410
ff,1.95,125.0,0.001,0.5,0.04,-12,5.0,10.0,lvt_balanced_4b,5000.0,20.0,,FF | 1.95 V | 125 C | skew +4%,source_5k_20f,1.0,fixed local code from ideal inputs and 0.5*VDD common mode,1.0,1,correct,0.1488648670038499,342.32406819608497,True,1.9498927535467108,0.01077889712592975,180.2942365003416,241.9189305208217,8732d9f53bdfbe13d1b53d2c
ff,1.95,125.0,0.001,0.5,0.04,-12,5.0,10.0,lvt_balanced_4b,5000.0,20.0,,FF | 1.95 V | 125 C | skew +4%,source_5k_20f,1.0,fixed local code from ideal inputs and 0.5*VDD common mode,2.0,1,correct,0.1488648670038499,342.32406819608497,True,1.9499935630446334,0.0016282499164491997,180.2942365003416,241.9189305208217,8732d9f53bdfbe13d1b53d2c
ff,1.95,125.0,0.003,0.5,0.04,-12,5.0,10.0,lvt_balanced_4b,5000.0,20.0,,FF | 1.95 V | 125 C | skew +4%,source_5k_20f,3.0,fixed local code from ideal inputs and 0.5*VDD common mode,1.0,1,correct,0.14564057580793968,342.3705283446473,True,1.9498934025579846,0.010743385541056963,179.70906794386843,241.86911079310514,8be65d344a43c194a607a72a
ff,1.95,125.0,0.003,0.5,0.04,-12,5.0,10.0,lvt_balanced_4b,5000.0,20.0,,FF | 1.95 V | 125 C | skew +4%,source_5k_20f,3.0,fixed local code from ideal inputs and 0.5*VDD common mode,2.0,1,correct,0.14564057580793968,342.3705283446473,True,1.9499934273119393,0.001625416610436926,179.70906794386843,241.86911079310514,8be65d344a43c194a607a72a
ff,1.95,125.0,-0.003,0.5,0.04,-12,5.0,10.0,lvt_balanced_4b,10000.0,200.0,0.03,FF | 1.95 V | 125 C | skew +4%,settling_10k_200f,-3.0,fixed local code from ideal inputs and 0.5*VDD common mode,1.0,1,wrong,0.14891774132372865,342.82861678612363,True,1.9499832899622167,0.003052801545685019,59.050971447847985,99.47429004578856,66f35d3f648ee1a806b95f5d
ff,1.95,125.0,-0.003,0.5,0.04,-12,5.0,10.0,lvt_balanced_4b,10000.0,200.0,0.03,FF | 1.95 V | 125 C | skew +4%,settling_10k_200f,-3.0,fixed local code from ideal inputs and 0.5*VDD common mode,2.0,1,wrong,0.14891774132372865,342.82861678612363,True,1.9499979471665607,0.0019851364733845943,59.050971447847985,99.47429004578856,66f35d3f648ee1a806b95f5d
ff,1.95,125.0,-0.001,0.5,0.04,-12,5.0,10.0,lvt_balanced_4b,10000.0,200.0,0.03,FF | 1.95 V | 125 C | skew +4%,settling_10k_200f,-1.0,fixed local code from ideal inputs and 0.5*VDD common mode,1.0,1,wrong,0.14841319105181003,342.6214093884923,True,1.94998332894723,0.0030442238495223097,58.60142924661027,99.50474162677558,3aeaeba5f8086c5d0a236a36
ff,1.95,125.0,-0.001,0.5,0.04,-12,5.0,10.0,lvt_balanced_4b,10000.0,200.0,0.03,FF | 1.95 V | 125 C | skew +4%,settling_10k_200f,-1.0,fixed local code from ideal inputs and 0.5*VDD common mode,2.0,1,wrong,0.14841319105181003,342.6214093884923,True,1.9499978884783769,0.0019836048421680327,58.60142924661027,99.50474162677558,3aeaeba5f8086c5d0a236a36
ff,1.95,125.0,0.001,0.5,0.04,-12,5.0,10.0,lvt_balanced_4b,10000.0,200.0,-0.03,FF | 1.95 V | 125 C | skew +4%,settling_10k_200f,1.0,fixed local code from ideal inputs and 0.5*VDD common mode,1.0,1,correct,0.1522685558015097,344.06711416725864,True,1.9499834430331398,0.003105459484944944,49.31262669181413,99.12018235957942,74ae5b640cc5cef4b9ca98eb
ff,1.95,125.0,0.001,0.5,0.04,-12,5.0,10.0,lvt_balanced_4b,10000.0,200.0,-0.03,FF | 1.95 V | 125 C | skew +4%,settling_10k_200f,1.0,fixed local code from ideal inputs and 0.5*VDD common mode,2.0,1,correct,0.1522685558015097,344.06711416725864,True,1.9499979614764698,0.002010028536003165,49.31262669181413,99.12018235957942,74ae5b640cc5cef4b9ca98eb
ff,1.95,125.0,0.003,0.5,0.04,-12,5.0,10.0,lvt_balanced_4b,10000.0,200.0,-0.03,FF | 1.95 V | 125 C | skew +4%,settling_10k_200f,3.0,fixed local code from ideal inputs and 0.5*VDD common mode,1.0,1,correct,0.14547279399307805,343.8224995569615,True,1.9499838631619058,0.0030964509986273984,48.85516788430155,99.15079702832175,e4ef5c61d4f42711342b4fa6
ff,1.95,125.0,0.003,0.5,0.04,-12,5.0,10.0,lvt_balanced_4b,10000.0,200.0,-0.03,FF | 1.95 V | 125 C | skew +4%,settling_10k_200f,3.0,fixed local code from ideal inputs and 0.5*VDD common mode,2.0,1,correct,0.14547279399307805,343.8224995569615,True,1.9499980152199063,0.0020083608027704324,48.85516788430155,99.15079702832175,e4ef5c61d4f42711342b4fa6
ff,1.95,125.0,-0.003,0.45,0.04,-12,5.0,10.0,lvt_balanced_4b,0.0,0.0,,FF | 1.95 V | 125 C | skew +4%,common_mode_0p45,-3.0,fixed local code from ideal inputs and 0.5*VDD common mode,1.0,-1,correct,0.19036821027242048,325.3667815564751,True,0.0010551849181967866,1.9499985835565548,2.6020852139652106e-15,0.0,d74cd4b337fb0329eea6fba9
ff,1.95,125.0,-0.003,0.45,0.04,-12,5.0,10.0,lvt_balanced_4b,0.0,0.0,,FF | 1.95 V | 125 C | skew +4%,common_mode_0p45,-3.0,fixed local code from ideal inputs and 0.5*VDD common mode,2.0,-1,correct,0.19036821027242048,325.3667815564751,True,0.0009298304664178001,1.950001124121466,2.6020852139652106e-15,0.0,d74cd4b337fb0329eea6fba9
ff,1.95,125.0,-0.001,0.45,0.04,-12,5.0,10.0,lvt_balanced_4b,0.0,0.0,,FF | 1.95 V | 125 C | skew +4%,common_mode_0p45,-1.0,fixed local code from ideal inputs and 0.5*VDD common mode,1.0,-1,correct,0.19829792893601877,327.5622552468023,True,0.0010580388241227014,1.9499970921955674,8.673617379884035e-16,0.0,e6e9094e142370ef70425661
ff,1.95,125.0,-0.001,0.45,0.04,-12,5.0,10.0,lvt_balanced_4b,0.0,0.0,,FF | 1.95 V | 125 C | skew +4%,common_mode_0p45,-1.0,fixed local code from ideal inputs and 0.5*VDD common mode,2.0,-1,correct,0.19829792893601877,327.5622552468023,True,0.0009312394482821469,1.9500002952539837,8.673617379884035e-16,0.0,e6e9094e142370ef70425661
ff,1.95,125.0,0.001,0.45,0.04,-12,5.0,10.0,lvt_balanced_4b,0.0,0.0,,FF | 1.95 V | 125 C | skew +4%,common_mode_0p45,1.0,fixed local code from ideal inputs and 0.5*VDD common mode,1.0,-1,wrong,0.20994212362446985,330.8610598069123,True,0.0010626214373455456,1.9499974873515762,8.673617379884035e-16,0.0,1c9019b14612097c80431523
ff,1.95,125.0,0.001,0.45,0.04,-12,5.0,10.0,lvt_balanced_4b,0.0,0.0,,FF | 1.95 V | 125 C | skew +4%,common_mode_0p45,1.0,fixed local code from ideal inputs and 0.5*VDD common mode,2.0,-1,wrong,0.20994212362446985,330.8610598069123,True,0.000932560053371583,1.9500005657258523,8.673617379884035e-16,0.0,1c9019b14612097c80431523
ff,1.95,125.0,0.003,0.45,0.04,-12,5.0,10.0,lvt_balanced_4b,0.0,0.0,,FF | 1.95 V | 125 C | skew +4%,common_mode_0p45,3.0,fixed local code from ideal inputs and 0.5*VDD common mode,1.0,-1,wrong,0.23072222220440095,337.85608984276104,True,0.0010722726837763088,1.9499989830649511,2.6020852139652106e-15,0.0,ac3b8ee1ab736c1359e1dfe2
ff,1.95,125.0,0.003,0.45,0.04,-12,5.0,10.0,lvt_balanced_4b,0.0,0.0,,FF | 1.95 V | 125 C | skew +4%,common_mode_0p45,3.0,fixed local code from ideal inputs and 0.5*VDD common mode,2.0,-1,wrong,0.23072222220440095,337.85608984276104,True,0.0009337335787976008,1.9500017018922235,2.6020852139652106e-15,0.0,ac3b8ee1ab736c1359e1dfe2
ff,1.95,125.0,-0.003,0.6,0.04,-12,5.0,10.0,lvt_balanced_4b,0.0,0.0,,FF | 1.95 V | 125 C | skew +4%,common_mode_0p60,-3.0,fixed local code from ideal inputs and 0.5*VDD common mode,1.0,-1,correct,0.20387253057845892,427.1083186447809,True,0.0007336495174018763,1.9499997429038132,1.0842021724855044e-13,0.0,e6e09787b2f73f5f2ff908de
ff,1.95,125.0,-0.003,0.6,0.04,-12,5.0,10.0,lvt_balanced_4b,0.0,0.0,,FF | 1.95 V | 125 C | skew +4%,common_mode_0p60,-3.0,fixed local code from ideal inputs and 0.5*VDD common mode,2.0,-1,correct,0.20387253057845892,427.1083186447809,True,0.0007291904851329874,1.9499999721269223,1.0842021724855044e-13,0.0,e6e09787b2f73f5f2ff908de
ff,1.95,125.0,-0.001,0.6,0.04,-12,5.0,10.0,lvt_balanced_4b,0.0,0.0,,FF | 1.95 V | 125 C | skew +4%,common_mode_0p60,-1.0,fixed local code from ideal inputs and 0.5*VDD common mode,1.0,-1,correct,0.2438658136535282,439.0587155613334,True,0.0007346919814101624,1.949999505890992,1.1188966420050406e-13,0.0,397afe9db73b274b00d5a5ad
ff,1.95,125.0,-0.001,0.6,0.04,-12,5.0,10.0,lvt_balanced_4b,0.0,0.0,,FF | 1.95 V | 125 C | skew +4%,common_mode_0p60,-1.0,fixed local code from ideal inputs and 0.5*VDD common mode,2.0,-1,correct,0.2438658136535282,439.0587155613334,True,0.0007296021420675241,1.9499998101024516,1.1188966420050406e-13,0.0,397afe9db73b274b00d5a5ad
ff,1.95,125.0,0.001,0.6,0.04,-12,5.0,10.0,lvt_balanced_4b,0.0,0.0,,FF | 1.95 V | 125 C | skew +4%,common_mode_0p60,1.0,fixed local code from ideal inputs and 0.5*VDD common mode,1.0,1,correct,0.2147516511864682,428.4539858376425,True,1.9499986010146249,0.0007954304778726597,1.1188966420050406e-13,0.0,dbb73cb0b7de18530439a712
ff,1.95,125.0,0.001,0.6,0.04,-12,5.0,10.0,lvt_balanced_4b,0.0,0.0,,FF | 1.95 V | 125 C | skew +4%,common_mode_0p60,1.0,fixed local code from ideal inputs and 0.5*VDD common mode,2.0,1,correct,0.2147516511864682,428.4539858376425,True,1.9499996076859487,0.0007731208650049295,1.1188966420050406e-13,0.0,dbb73cb0b7de18530439a712
ff,1.95,125.0,0.003,0.6,0.04,-12,5.0,10.0,lvt_balanced_4b,0.0,0.0,,FF | 1.95 V | 125 C | skew +4%,common_mode_0p60,3.0,fixed local code from ideal inputs and 0.5*VDD common mode,1.0,1,correct,0.19540561763861047,423.1983671019281,True,1.9499988849001122,0.0007934865613594813,1.0842021724855044e-13,0.0,22cde5442aeeeb58965d3be0
ff,1.95,125.0,0.003,0.6,0.04,-12,5.0,10.0,lvt_balanced_4b,0.0,0.0,,FF | 1.95 V | 125 C | skew +4%,common_mode_0p60,3.0,fixed local code from ideal inputs and 0.5*VDD common mode,2.0,1,correct,0.19540561763861047,423.1983671019281,True,1.949999771666064,0.0007726828847093031,1.0842021724855044e-13,0.0,22cde5442aeeeb58965d3be0
ff,1.95,125.0,-0.003,0.5,0.04,-12,20.0,10.0,lvt_balanced_4b,0.0,0.0,,FF | 1.95 V | 125 C | skew +4%,output_load_20f,-3.0,fixed local code from ideal inputs and 0.5*VDD common mode,1.0,-1,correct,0.2726965602942001,432.6456570067967,True,0.0009103198328556979,1.949996744865854,2.6020852139652106e-15,1.1102230246251565e-13,12d8e03e4f17432efc87be34
ff,1.95,125.0,-0.003,0.5,0.04,-12,20.0,10.0,lvt_balanced_4b,0.0,0.0,,FF | 1.95 V | 125 C | skew +4%,output_load_20f,-3.0,fixed local code from ideal inputs and 0.5*VDD common mode,2.0,-1,correct,0.2726965602942001,432.6456570067967,True,0.0008314791354055289,1.9499999156744663,2.6020852139652106e-15,1.1102230246251565e-13,12d8e03e4f17432efc87be34
ff,1.95,125.0,-0.001,0.5,0.04,-12,20.0,10.0,lvt_balanced_4b,0.0,0.0,,FF | 1.95 V | 125 C | skew +4%,output_load_20f,-1.0,fixed local code from ideal inputs and 0.5*VDD common mode,1.0,-1,correct,0.27608261230535897,433.45841157445994,True,0.000911473316205952,1.9499962385963565,8.673617379884035e-16,1.1102230246251565e-13,884993db14705fddd538d717
ff,1.95,125.0,-0.001,0.5,0.04,-12,20.0,10.0,lvt_balanced_4b,0.0,0.0,,FF | 1.95 V | 125 C | skew +4%,output_load_20f,-1.0,fixed local code from ideal inputs and 0.5*VDD common mode,2.0,-1,correct,0.27608261230535897,433.45841157445994,True,0.000832292270003362,1.9499996426382828,8.673617379884035e-16,1.1102230246251565e-13,884993db14705fddd538d717
ff,1.95,125.0,0.001,0.5,0.04,-12,20.0,10.0,lvt_balanced_4b,0.0,0.0,,FF | 1.95 V | 125 C | skew +4%,output_load_20f,1.0,fixed local code from ideal inputs and 0.5*VDD common mode,1.0,-1,wrong,0.2812020375405788,434.32510725427454,True,0.0009127267605712428,1.9499957806260544,8.673617379884035e-16,1.1102230246251565e-13,cd8849ffefaf5d7e0175a699
ff,1.95,125.0,0.001,0.5,0.04,-12,20.0,10.0,lvt_balanced_4b,0.0,0.0,,FF | 1.95 V | 125 C | skew +4%,output_load_20f,1.0,fixed local code from ideal inputs and 0.5*VDD common mode,2.0,-1,wrong,0.2812020375405788,434.32510725427454,True,0.0008331660445489683,1.94999936578574,8.673617379884035e-16,1.1102230246251565e-13,cd8849ffefaf5d7e0175a699
ff,1.95,125.0,0.003,0.5,0.04,-12,20.0,10.0,lvt_balanced_4b,0.0,0.0,,FF | 1.95 V | 125 C | skew +4%,output_load_20f,3.0,fixed local code from ideal inputs and 0.5*VDD common mode,1.0,-1,wrong,0.2829213048606387,435.2218933384628,True,0.0009141605588780981,1.9499959071081356,2.6020852139652106e-15,1.1102230246251565e-13,926aa0d27f36141388ddb4ee
ff,1.95,125.0,0.003,0.5,0.04,-12,20.0,10.0,lvt_balanced_4b,0.0,0.0,,FF | 1.95 V | 125 C | skew +4%,output_load_20f,3.0,fixed local code from ideal inputs and 0.5*VDD common mode,2.0,-1,wrong,0.2829213048606387,435.2218933384628,True,0.0008339330602101057,1.9499994615234981,2.6020852139652106e-15,1.1102230246251565e-13,926aa0d27f36141388ddb4ee
