layout,mode,corner,vdd_v,temperature_c,signed_input_mv,deadline_ns,execution,numerically_qualified,finest_step_ps,run_id,outcome,decision,decision_time_ns,core_energy_fj,reset_ok
candidate,c,ff,1.62,-40,-10,1.0,completed,True,5,d5a3653006b6f182b0ec105005805897ca001e16634d343b5afa8ad4c718eb51,correct,-1,0.3790314053270495,251.53551789190143,True
candidate,c,ff,1.62,-40,-10,2.0,completed,True,5,d5a3653006b6f182b0ec105005805897ca001e16634d343b5afa8ad4c718eb51,correct,-1,0.3790314053270495,251.53551789190143,True
candidate,c,ff,1.62,-40,-3,1.0,completed,True,5,45d4a6015db76ab524f6d0f98f77b52f2cf3389835315f6bd30f86a39b3412d5,correct,-1,0.48814125007393044,256.70804026351254,True
candidate,c,ff,1.62,-40,-3,2.0,completed,True,5,45d4a6015db76ab524f6d0f98f77b52f2cf3389835315f6bd30f86a39b3412d5,correct,-1,0.48814125007393044,256.70804026351254,True
candidate,c,ff,1.62,-40,3,1.0,completed,True,5,3dd540987b53918fce95168eb69db5aeb1a9c00e5f61160df561d434e64291ca,correct,1,0.48263063963645,256.39738195431227,True
candidate,c,ff,1.62,-40,3,2.0,completed,True,5,3dd540987b53918fce95168eb69db5aeb1a9c00e5f61160df561d434e64291ca,correct,1,0.48263063963645,256.39738195431227,True
candidate,c,ff,1.62,-40,10,1.0,completed,True,5,6718040e25348094033a942d8e1fb966e0bebf144b28b6557234f33d9bb2314e,correct,1,0.37902854473418934,251.40340206477822,True
candidate,c,ff,1.62,-40,10,2.0,completed,True,5,6718040e25348094033a942d8e1fb966e0bebf144b28b6557234f33d9bb2314e,correct,1,0.37902854473418934,251.40340206477822,True
candidate,c,ff,1.62,27,-10,1.0,completed,True,5,2729a61fa668f8bb794907cbd5d6c00128ff54421f4f9ccbb14648d6b146384d,correct,-1,0.3878625789823787,271.56667569471693,True
candidate,c,ff,1.62,27,-10,2.0,completed,True,5,2729a61fa668f8bb794907cbd5d6c00128ff54421f4f9ccbb14648d6b146384d,correct,-1,0.3878625789823787,271.56667569471693,True
candidate,c,ff,1.62,27,-3,1.0,completed,True,5,0edbfe0ff85b35fb9a7a2a20c01664ca8af7628057ff3cb6171f0074dd05e0b4,correct,-1,0.4791987372427112,277.46777549861145,True
candidate,c,ff,1.62,27,-3,2.0,completed,True,5,0edbfe0ff85b35fb9a7a2a20c01664ca8af7628057ff3cb6171f0074dd05e0b4,correct,-1,0.4791987372427112,277.46777549861145,True
candidate,c,ff,1.62,27,3,1.0,completed,True,5,5dd3c91b9f0ad46abf8930758ddedf2337e9a2ae7e1a34924ab2b7d670ab2c37,correct,1,0.4693112744846684,277.0168737253597,True
candidate,c,ff,1.62,27,3,2.0,completed,True,5,5dd3c91b9f0ad46abf8930758ddedf2337e9a2ae7e1a34924ab2b7d670ab2c37,correct,1,0.4693112744846684,277.0168737253597,True
candidate,c,ff,1.62,27,10,1.0,completed,True,5,af77175e973b7d8381834286df2a7dea8cfaccac25801de40b21bc023836f2db,correct,1,0.388069173671859,271.41883580105537,True
candidate,c,ff,1.62,27,10,2.0,completed,True,5,af77175e973b7d8381834286df2a7dea8cfaccac25801de40b21bc023836f2db,correct,1,0.388069173671859,271.41883580105537,True
candidate,c,ff,1.62,125,-10,1.0,completed,True,5,452257050f06aab7a87185c0bbbc1e85e1cc66d90166ec3393a05a1ed023d847,correct,-1,0.41356733010894975,303.2956133236771,True
candidate,c,ff,1.62,125,-10,2.0,completed,True,5,452257050f06aab7a87185c0bbbc1e85e1cc66d90166ec3393a05a1ed023d847,correct,-1,0.41356733010894975,303.2956133236771,True
candidate,c,ff,1.62,125,-3,1.0,completed,True,5,adcc7f5cecda7448539fd57c816190a8efc878a56a8dac231d97fef5c7d784df,correct,-1,0.4913419175161904,311.6736878462477,True
candidate,c,ff,1.62,125,-3,2.0,completed,True,5,adcc7f5cecda7448539fd57c816190a8efc878a56a8dac231d97fef5c7d784df,correct,-1,0.4913419175161904,311.6736878462477,True
candidate,c,ff,1.62,125,3,1.0,completed,True,5,d560b4d2b1ffc48c5cc138025538e514c890a28a6f1f7dea237f905233631e37,correct,1,0.4864198202560385,310.9568858827933,True
candidate,c,ff,1.62,125,3,2.0,completed,True,5,d560b4d2b1ffc48c5cc138025538e514c890a28a6f1f7dea237f905233631e37,correct,1,0.4864198202560385,310.9568858827933,True
candidate,c,ff,1.62,125,10,1.0,completed,True,5,45ade81dafc8ea85ee327b41dca9e506b504ecfc86b04aed1c388eba4b1f72fd,correct,1,0.40852204553805005,303.08659502819654,True
candidate,c,ff,1.62,125,10,2.0,completed,True,5,45ade81dafc8ea85ee327b41dca9e506b504ecfc86b04aed1c388eba4b1f72fd,correct,1,0.40852204553805005,303.08659502819654,True
candidate,c,ff,1.8,-40,-10,1.0,completed,True,5,9a39e719ef8e2c2259ffcd99d7c0266f99800d64dfd1a63a970c4f476c9151d6,correct,-1,0.29428016460360074,330.8637968034325,True
candidate,c,ff,1.8,-40,-10,2.0,completed,True,5,9a39e719ef8e2c2259ffcd99d7c0266f99800d64dfd1a63a970c4f476c9151d6,correct,-1,0.29428016460360074,330.8637968034325,True
candidate,c,ff,1.8,-40,-3,1.0,completed,True,5,bda6b6f659b056ac6104d4d9298d4c2145349cf96381dd64258e603ad4c4297c,correct,-1,0.3604743078982797,337.2489682002984,True
candidate,c,ff,1.8,-40,-3,2.0,completed,True,5,bda6b6f659b056ac6104d4d9298d4c2145349cf96381dd64258e603ad4c4297c,correct,-1,0.3604743078982797,337.2489682002984,True
candidate,c,ff,1.8,-40,3,1.0,completed,True,5,85214e5848f7f8712f066cc4929fb1a54037e1b13c9a1b13fcbbaf043790c46c,correct,1,0.3551553715499488,336.57766312582726,True
candidate,c,ff,1.8,-40,3,2.0,completed,True,5,85214e5848f7f8712f066cc4929fb1a54037e1b13c9a1b13fcbbaf043790c46c,correct,1,0.3551553715499488,336.57766312582726,True
candidate,c,ff,1.8,-40,10,1.0,completed,True,5,c6debd1be6dc49c6caa8e339fc0253b596b974cfdd73691fb729477ff95a1023,correct,1,0.2892599518534895,330.6390109153519,True
candidate,c,ff,1.8,-40,10,2.0,completed,True,5,c6debd1be6dc49c6caa8e339fc0253b596b974cfdd73691fb729477ff95a1023,correct,1,0.2892599518534895,330.6390109153519,True
candidate,c,ff,1.8,27,-10,1.0,completed,True,5,fcaccc506b755274c8c7d4d9e4d9067cecd2e57a814a601a1efa1b4613233146,correct,-1,0.308811709566788,353.6000851905224,True
candidate,c,ff,1.8,27,-10,2.0,completed,True,5,fcaccc506b755274c8c7d4d9e4d9067cecd2e57a814a601a1efa1b4613233146,correct,-1,0.308811709566788,353.6000851905224,True
candidate,c,ff,1.8,27,-3,1.0,completed,True,5,784c500a818bb790722ff3ab26f3b344ee4668760fbd8835dcac7c3bb2fe625e,correct,-1,0.3732886977880103,362.16001590030805,True
candidate,c,ff,1.8,27,-3,2.0,completed,True,5,784c500a818bb790722ff3ab26f3b344ee4668760fbd8835dcac7c3bb2fe625e,correct,-1,0.3732886977880103,362.16001590030805,True
candidate,c,ff,1.8,27,3,1.0,completed,True,5,2b3a6c6670da9382422374ab759a4ac6e90cb1d4da6de610504080c4fad9ca45,correct,1,0.36337523703173963,361.161927735528,True
candidate,c,ff,1.8,27,3,2.0,completed,True,5,2b3a6c6670da9382422374ab759a4ac6e90cb1d4da6de610504080c4fad9ca45,correct,1,0.36337523703173963,361.161927735528,True
candidate,c,ff,1.8,27,10,1.0,completed,True,5,ac1a033cdc43cf2b8bdeef3b3631ec2dba52090f4904e2164ce7d41595a726aa,correct,1,0.30878520200496073,353.3072606276593,True
candidate,c,ff,1.8,27,10,2.0,completed,True,5,ac1a033cdc43cf2b8bdeef3b3631ec2dba52090f4904e2164ce7d41595a726aa,correct,1,0.30878520200496073,353.3072606276593,True
candidate,c,ff,1.8,125,-10,1.0,completed,True,5,2c0e4c3dcf0337f374130c741b85b80ba5797075a2d7f7e373815aa501bc105a,correct,-1,0.3445581211346604,391.7511544866093,True
candidate,c,ff,1.8,125,-10,2.0,completed,True,5,2c0e4c3dcf0337f374130c741b85b80ba5797075a2d7f7e373815aa501bc105a,correct,-1,0.3445581211346604,391.7511544866093,True
candidate,c,ff,1.8,125,-3,1.0,completed,True,5,7e30a703bbe61d64221913a843c051521f34c12f48752b25e4290bf1f27c30da,correct,-1,0.4078527503113091,403.56906184236726,True
candidate,c,ff,1.8,125,-3,2.0,completed,True,5,7e30a703bbe61d64221913a843c051521f34c12f48752b25e4290bf1f27c30da,correct,-1,0.4078527503113091,403.56906184236726,True
candidate,c,ff,1.8,125,3,1.0,completed,True,5,6af021a9d6ad4bda45d75a9af639abf88f1e7c7e873e0bb41fcdf869802d7713,correct,1,0.4033307203259501,402.1694565451372,True
candidate,c,ff,1.8,125,3,2.0,completed,True,5,6af021a9d6ad4bda45d75a9af639abf88f1e7c7e873e0bb41fcdf869802d7713,correct,1,0.4033307203259501,402.1694565451372,True
candidate,c,ff,1.8,125,10,1.0,completed,True,5,b9ba831a60fc8a9fc6f352b3748e46264049354c42eef6410929274aed3f5f62,correct,1,0.34412397028888947,391.33885571746595,True
candidate,c,ff,1.8,125,10,2.0,completed,True,5,b9ba831a60fc8a9fc6f352b3748e46264049354c42eef6410929274aed3f5f62,correct,1,0.34412397028888947,391.33885571746595,True
candidate,c,ff,1.95,-40,-10,1.0,completed,True,5,43fa7a0f89c0be7efe73028f3f23a4f4ab30e62548f35cb75963641dce0bf19d,correct,-1,0.25104075561674066,405.14321234637987,True
candidate,c,ff,1.95,-40,-10,2.0,completed,True,5,43fa7a0f89c0be7efe73028f3f23a4f4ab30e62548f35cb75963641dce0bf19d,correct,-1,0.25104075561674066,405.14321234637987,True
candidate,c,ff,1.95,-40,-3,1.0,completed,True,5,1a3f66f540d7de9ad343933977fc29725b2a867d344aab5b1b2aadfef5e45f77,correct,-1,0.30323545956019876,414.09177932019986,True
candidate,c,ff,1.95,-40,-3,2.0,completed,True,5,1a3f66f540d7de9ad343933977fc29725b2a867d344aab5b1b2aadfef5e45f77,correct,-1,0.30323545956019876,414.09177932019986,True
candidate,c,ff,1.95,-40,3,1.0,completed,True,5,259696219f2339508333adb72123bde5ed18482374c5522f0abc679e2759d2f4,correct,1,0.29844388292095836,412.7854394669232,True
candidate,c,ff,1.95,-40,3,2.0,completed,True,5,259696219f2339508333adb72123bde5ed18482374c5522f0abc679e2759d2f4,correct,1,0.29844388292095836,412.7854394669232,True
candidate,c,ff,1.95,-40,10,1.0,completed,True,5,1ccaa97ebea13c064b6561ce446c2d9b2094b2e59d9eb15a4a26d240528d1573,correct,1,0.251157360588441,404.76196736667583,True
candidate,c,ff,1.95,-40,10,2.0,completed,True,5,1ccaa97ebea13c064b6561ce446c2d9b2094b2e59d9eb15a4a26d240528d1573,correct,1,0.251157360588441,404.76196736667583,True
candidate,c,ff,1.95,27,-10,1.0,completed,True,5,d163e7765943da247c0f2de9108b30e97fb735062a7ab1c77079a26fb420cd9b,correct,-1,0.2716458047758103,431.0811782923204,True
candidate,c,ff,1.95,27,-10,2.0,completed,True,5,d163e7765943da247c0f2de9108b30e97fb735062a7ab1c77079a26fb420cd9b,correct,-1,0.2716458047758103,431.0811782923204,True
candidate,c,ff,1.95,27,-3,1.0,completed,True,5,90da64eb426793b4e51477afdc8300068b9382806a523219eef3f1ecc605daf2,correct,-1,0.3253598706580096,442.8486319322395,True
candidate,c,ff,1.95,27,-3,2.0,completed,True,5,90da64eb426793b4e51477afdc8300068b9382806a523219eef3f1ecc605daf2,correct,-1,0.3253598706580096,442.8486319322395,True
candidate,c,ff,1.95,27,3,1.0,completed,True,5,59fc1cfc644e4bc1dc77cdcd8fdca74e30181db32831abb707ad8e158383ae22,correct,1,0.3150779884494897,441.049087773072,True
candidate,c,ff,1.95,27,3,2.0,completed,True,5,59fc1cfc644e4bc1dc77cdcd8fdca74e30181db32831abb707ad8e158383ae22,correct,1,0.3150779884494897,441.049087773072,True
candidate,c,ff,1.95,27,10,1.0,completed,True,5,feff23f770533178c0077e5b3d675fc2d01044a18ef0171425447fc2c65b665d,correct,1,0.2716426277933208,430.5679031670238,True
candidate,c,ff,1.95,27,10,2.0,completed,True,5,feff23f770533178c0077e5b3d675fc2d01044a18ef0171425447fc2c65b665d,correct,1,0.2716426277933208,430.5679031670238,True
candidate,c,ff,1.95,125,-10,1.0,completed,True,5,fec03302bc57de730807c49b2baab065a3aa5cf60ee6b96b5c461eaf556ed9b8,correct,-1,0.31274888845085985,475.596431081648,True
candidate,c,ff,1.95,125,-10,2.0,completed,True,5,fec03302bc57de730807c49b2baab065a3aa5cf60ee6b96b5c461eaf556ed9b8,correct,-1,0.31274888845085985,475.596431081648,True
candidate,c,ff,1.95,125,-3,1.0,completed,True,5,610847c12fb36b707040ada1e956be11e88237fed5bfb45c42a599113c204d79,correct,-1,0.36855042295551976,491.1588668443498,True
candidate,c,ff,1.95,125,-3,2.0,completed,True,5,610847c12fb36b707040ada1e956be11e88237fed5bfb45c42a599113c204d79,correct,-1,0.36855042295551976,491.1588668443498,True
candidate,c,ff,1.95,125,3,1.0,completed,True,5,8106932936c4e719d5ab81032315142532df44558af6963fabc4de4301538ce0,correct,1,0.3592609795795384,488.772129655858,True
candidate,c,ff,1.95,125,3,2.0,completed,True,5,8106932936c4e719d5ab81032315142532df44558af6963fabc4de4301538ce0,correct,1,0.3592609795795384,488.772129655858,True
candidate,c,ff,1.95,125,10,1.0,completed,True,5,135689c445a3d743bd6817c630ac3c58b3ce62e86050a9c920ff777b5fddb81e,correct,1,0.3106806801300606,474.90175205172267,True
candidate,c,ff,1.95,125,10,2.0,completed,True,5,135689c445a3d743bd6817c630ac3c58b3ce62e86050a9c920ff777b5fddb81e,correct,1,0.3106806801300606,474.90175205172267,True
candidate,c,fs,1.62,-40,-10,1.0,completed,True,5,3884a1d1f6189944ab462da38d07be908b95b51bffe807efdcb63c473f1e608d,unresolved,0,,233.40236734743945,True
candidate,c,fs,1.62,-40,-10,2.0,completed,True,5,3884a1d1f6189944ab462da38d07be908b95b51bffe807efdcb63c473f1e608d,correct,-1,1.2390774184628104,233.40236734743945,True
candidate,c,fs,1.62,-40,-3,1.0,completed,True,5,eb4d8dd0420e6718cae351da1e67a005f4bab2f8f03826015d30a12863cf0dbe,unresolved,0,,238.93555418416014,True
candidate,c,fs,1.62,-40,-3,2.0,completed,True,5,eb4d8dd0420e6718cae351da1e67a005f4bab2f8f03826015d30a12863cf0dbe,correct,-1,1.3890349446317702,238.93555418416014,True
candidate,c,fs,1.62,-40,3,1.0,completed,True,5,4eeb500dc3676edadb636722f1ae1716518d4a3d2b8b01bd3014253b271921dd,unresolved,0,,238.78227817785455,True
candidate,c,fs,1.62,-40,3,2.0,completed,True,5,4eeb500dc3676edadb636722f1ae1716518d4a3d2b8b01bd3014253b271921dd,correct,1,1.3871396448330893,238.78227817785455,True
candidate,c,fs,1.62,-40,10,1.0,completed,True,5,e49b42f472189b1386a0d94aa8a272e701e9c24ffe94e5f87eb2b548bbf97eab,unresolved,0,,233.34354597781143,True
candidate,c,fs,1.62,-40,10,2.0,completed,True,5,e49b42f472189b1386a0d94aa8a272e701e9c24ffe94e5f87eb2b548bbf97eab,correct,1,1.2358990208688796,233.34354597781143,True
candidate,c,fs,1.62,27,-10,1.0,completed,True,5,16fb1f6db27bb2afd38b820bbd1e12072b0ad7c59ca6b7e9ef3ac083c9d1e222,correct,-1,0.9552052178826292,254.75378076424536,True
candidate,c,fs,1.62,27,-10,2.0,completed,True,5,16fb1f6db27bb2afd38b820bbd1e12072b0ad7c59ca6b7e9ef3ac083c9d1e222,correct,-1,0.9552052178826292,254.75378076424536,True
candidate,c,fs,1.62,27,-3,1.0,completed,True,5,dd86dad697dfb537924f787390bd89a08920fffe9152a15def68fa37ac5bd64d,unresolved,0,,260.76984503780346,True
candidate,c,fs,1.62,27,-3,2.0,completed,True,5,dd86dad697dfb537924f787390bd89a08920fffe9152a15def68fa37ac5bd64d,correct,-1,1.0902048197428302,260.76984503780346,True
candidate,c,fs,1.62,27,3,1.0,completed,True,5,7f3dc98f57c203317b84fd055d2dcd62eac1c772f1a83224184adf49c86480ed,unresolved,0,,260.57240245137666,True
candidate,c,fs,1.62,27,3,2.0,completed,True,5,7f3dc98f57c203317b84fd055d2dcd62eac1c772f1a83224184adf49c86480ed,correct,1,1.0852075108700907,260.57240245137666,True
candidate,c,fs,1.62,27,10,1.0,completed,True,5,e1b8965145647ee85f67add1bdb7e548999842ebe8b968a0b7e29e58671390e5,correct,1,0.9502075583555311,254.6737869972544,True
candidate,c,fs,1.62,27,10,2.0,completed,True,5,e1b8965145647ee85f67add1bdb7e548999842ebe8b968a0b7e29e58671390e5,correct,1,0.9502075583555311,254.6737869972544,True
candidate,c,fs,1.62,125,-10,1.0,completed,True,5,f35045d634eadf96b4607561ec0d8f3a685a5ba423cdbaf722162583521f5574,correct,-1,0.8406538042141208,290.7013031611879,True
candidate,c,fs,1.62,125,-10,2.0,completed,True,5,f35045d634eadf96b4607561ec0d8f3a685a5ba423cdbaf722162583521f5574,correct,-1,0.8406538042141208,290.7013031611879,True
candidate,c,fs,1.62,125,-3,1.0,completed,True,5,4cd9aed78a1b45b5c4789cee6fa3a648166f548f265256efd1603e8a8b268e73,correct,-1,0.96065380811847,297.88678999622107,True
candidate,c,fs,1.62,125,-3,2.0,completed,True,5,4cd9aed78a1b45b5c4789cee6fa3a648166f548f265256efd1603e8a8b268e73,correct,-1,0.96065380811847,297.88678999622107,True
candidate,c,fs,1.62,125,3,1.0,completed,True,5,8651729836ee87ddb323d5371b5fb00ca3e609ed9495355dd85ac480c7355b79,correct,1,0.9556537716506684,297.5719413433328,True
candidate,c,fs,1.62,125,3,2.0,completed,True,5,8651729836ee87ddb323d5371b5fb00ca3e609ed9495355dd85ac480c7355b79,correct,1,0.9556537716506684,297.5719413433328,True
candidate,c,fs,1.62,125,10,1.0,completed,True,5,4adb40bdaa954c2e21ece0f5053eb9d1062efa79b9bcdfc2f7245cac0b14e52c,correct,1,0.8356537922060797,290.6027327003422,True
candidate,c,fs,1.62,125,10,2.0,completed,True,5,4adb40bdaa954c2e21ece0f5053eb9d1062efa79b9bcdfc2f7245cac0b14e52c,correct,1,0.8356537922060797,290.6027327003422,True
candidate,c,fs,1.8,-40,-10,1.0,completed,True,5,19f6a926c6bc5958ef64013e00343f8c5a9b3801560ed29db465b1dc874d5ab0,correct,-1,0.5418831113026586,311.1039356672206,True
candidate,c,fs,1.8,-40,-10,2.0,completed,True,5,19f6a926c6bc5958ef64013e00343f8c5a9b3801560ed29db465b1dc874d5ab0,correct,-1,0.5418831113026586,311.1039356672206,True
candidate,c,fs,1.8,-40,-3,1.0,completed,True,5,877b97e6331d38af983e1705b75ee1ab5611f9bd1bd48b65926dea2e5577db6b,correct,-1,0.641924716535338,318.05068267498706,True
candidate,c,fs,1.8,-40,-3,2.0,completed,True,5,877b97e6331d38af983e1705b75ee1ab5611f9bd1bd48b65926dea2e5577db6b,correct,-1,0.641924716535338,318.05068267498706,True
candidate,c,fs,1.8,-40,3,1.0,completed,True,5,f4cd5a86eeff2411a3d79685705c5fa1135668f620e40a92933285012a489d92,correct,1,0.636913953422459,317.76937195306226,True
candidate,c,fs,1.8,-40,3,2.0,completed,True,5,f4cd5a86eeff2411a3d79685705c5fa1135668f620e40a92933285012a489d92,correct,1,0.636913953422459,317.76937195306226,True
candidate,c,fs,1.8,-40,10,1.0,completed,True,5,e3260750f8fe6bae406f16fa7cf97bb3c496347df0d65335a14c11f837fe242f,correct,1,0.5368730694135387,310.98104140003994,True
candidate,c,fs,1.8,-40,10,2.0,completed,True,5,e3260750f8fe6bae406f16fa7cf97bb3c496347df0d65335a14c11f837fe242f,correct,1,0.5368730694135387,310.98104140003994,True
candidate,c,fs,1.8,27,-10,1.0,completed,True,5,8ef688f3080faee5f7dc42ad1838371512e67970a5a1ad59fa3354c3a7a224b7,correct,-1,0.53998342054108,335.08609143927606,True
candidate,c,fs,1.8,27,-10,2.0,completed,True,5,8ef688f3080faee5f7dc42ad1838371512e67970a5a1ad59fa3354c3a7a224b7,correct,-1,0.53998342054108,335.08609143927606,True
candidate,c,fs,1.8,27,-3,1.0,completed,True,5,3f6eb830a64cd925def57e1750b1c4d6c813903c675a0a942dd508c06e9fb026,correct,-1,0.6349861159637712,342.5012826704906,True
candidate,c,fs,1.8,27,-3,2.0,completed,True,5,3f6eb830a64cd925def57e1750b1c4d6c813903c675a0a942dd508c06e9fb026,correct,-1,0.6349861159637712,342.5012826704906,True
candidate,c,fs,1.8,27,3,1.0,completed,True,5,88b10d8f77304f91acfc337db803e3ab8bb40f9fe9faacbab50d78df71b078fe,correct,1,0.6299868010488804,342.1197525624885,True
candidate,c,fs,1.8,27,3,2.0,completed,True,5,88b10d8f77304f91acfc337db803e3ab8bb40f9fe9faacbab50d78df71b078fe,correct,1,0.6299868010488804,342.1197525624885,True
candidate,c,fs,1.8,27,10,1.0,completed,True,5,ece86a57f85649561258115a5aa5e38d947baee2d6b6eef31af6068de2ca76e1,correct,1,0.5399840118416911,334.95038402794347,True
candidate,c,fs,1.8,27,10,2.0,completed,True,5,ece86a57f85649561258115a5aa5e38d947baee2d6b6eef31af6068de2ca76e1,correct,1,0.5399840118416911,334.95038402794347,True
candidate,c,fs,1.8,125,-10,1.0,completed,True,5,bb05c8c9f4f7dac10419dd8921f35ca6e645fe41b144b5558fddcbf3fa56fe00,correct,-1,0.5725048366038197,379.7563139944924,True
candidate,c,fs,1.8,125,-10,2.0,completed,True,5,bb05c8c9f4f7dac10419dd8921f35ca6e645fe41b144b5558fddcbf3fa56fe00,correct,-1,0.5725048366038197,379.7563139944924,True
candidate,c,fs,1.8,125,-3,1.0,completed,True,5,ce550919f84d181bffe400f095ec0a787ffda60d1f0ff4d23014becb5500989b,correct,-1,0.6671602525656405,389.79800938432714,True
candidate,c,fs,1.8,125,-3,2.0,completed,True,5,ce550919f84d181bffe400f095ec0a787ffda60d1f0ff4d23014becb5500989b,correct,-1,0.6671602525656405,389.79800938432714,True
candidate,c,fs,1.8,125,3,1.0,completed,True,5,b8a34e930f9d8c343c607d7e9add37e838ef489c5f0837a24868884fc9ac050c,correct,1,0.6621603103442404,389.1740008164033,True
candidate,c,fs,1.8,125,3,2.0,completed,True,5,b8a34e930f9d8c343c607d7e9add37e838ef489c5f0837a24868884fc9ac050c,correct,1,0.6621603103442404,389.1740008164033,True
candidate,c,fs,1.8,125,10,1.0,completed,True,5,83704428cb81cccbb424905fc8f05438d5c6a242dfae7618d98211b52267e51b,correct,1,0.5721662641587391,379.5799505964515,True
candidate,c,fs,1.8,125,10,2.0,completed,True,5,83704428cb81cccbb424905fc8f05438d5c6a242dfae7618d98211b52267e51b,correct,1,0.5721662641587391,379.5799505964515,True
candidate,c,fs,1.95,-40,-10,1.0,completed,True,5,8366c76adc73fa6f42221caa60b9d1c29e96519c00157bf7b3f1bd1ad2119018,correct,-1,0.3900846894342808,384.52633506944886,True
candidate,c,fs,1.95,-40,-10,2.0,completed,True,5,8366c76adc73fa6f42221caa60b9d1c29e96519c00157bf7b3f1bd1ad2119018,correct,-1,0.3900846894342808,384.52633506944886,True
candidate,c,fs,1.95,-40,-3,1.0,completed,True,5,30ed57cccf7c795604b7a862d5b9502d38c2cc284385639366579b7be03ad1df,correct,-1,0.4629108867222708,392.2573479606216,True
candidate,c,fs,1.95,-40,-3,2.0,completed,True,5,30ed57cccf7c795604b7a862d5b9502d38c2cc284385639366579b7be03ad1df,correct,-1,0.4629108867222708,392.2573479606216,True
candidate,c,fs,1.95,-40,3,1.0,completed,True,5,6907251b86269607e15c7eb16712b8b8738c5f2f75bbc936ae809c328ba79ced,correct,1,0.4578100021530408,391.78152418885674,True
candidate,c,fs,1.95,-40,3,2.0,completed,True,5,6907251b86269607e15c7eb16712b8b8738c5f2f75bbc936ae809c328ba79ced,correct,1,0.4578100021530408,391.78152418885674,True
candidate,c,fs,1.95,-40,10,1.0,completed,True,5,b428c17307811ea671569de7d613f74e82f50baddf4833fd7980590f8f2222f9,correct,1,0.3848674523640406,384.36165221411386,True
candidate,c,fs,1.95,-40,10,2.0,completed,True,5,b428c17307811ea671569de7d613f74e82f50baddf4833fd7980590f8f2222f9,correct,1,0.3848674523640406,384.36165221411386,True
candidate,c,fs,1.95,27,-10,1.0,completed,True,5,c4eed000f6953cc89337051bd55c45e355637c4628bc2dfdfa8a66f4b8bc26c7,correct,-1,0.41863031399696954,410.6347904371019,True
candidate,c,fs,1.95,27,-10,2.0,completed,True,5,c4eed000f6953cc89337051bd55c45e355637c4628bc2dfdfa8a66f4b8bc26c7,correct,-1,0.41863031399696954,410.6347904371019,True
candidate,c,fs,1.95,27,-3,1.0,completed,True,5,300f6261b27e02c659c9079c4bdfca30503dd3ed61d7ed3fa0cd4b109b6bb1c3,correct,-1,0.48868690724030833,420.11017858900107,True
candidate,c,fs,1.95,27,-3,2.0,completed,True,5,300f6261b27e02c659c9079c4bdfca30503dd3ed61d7ed3fa0cd4b109b6bb1c3,correct,-1,0.48868690724030833,420.11017858900107,True
candidate,c,fs,1.95,27,3,1.0,completed,True,5,b0a09c6cc3ef0a7fb50677b55975c6bfe123697d7e0e77120a96404af7266750,correct,1,0.48367233561408857,419.40375605841973,True
candidate,c,fs,1.95,27,3,2.0,completed,True,5,b0a09c6cc3ef0a7fb50677b55975c6bfe123697d7e0e77120a96404af7266750,correct,1,0.48367233561408857,419.40375605841973,True
candidate,c,fs,1.95,27,10,1.0,completed,True,5,e4d0927879fedb69b098035f87c35099ccaa4deac18862c50ac0b5c83bdc35a7,correct,1,0.41868242889592017,410.41823819876936,True
candidate,c,fs,1.95,27,10,2.0,completed,True,5,e4d0927879fedb69b098035f87c35099ccaa4deac18862c50ac0b5c83bdc35a7,correct,1,0.41868242889592017,410.41823819876936,True
candidate,c,fs,1.95,125,-10,1.0,completed,True,5,995353b64b7a09d10c862ddb6f24da900ae6c02dcd63cac78a40ebbfa8491a41,correct,-1,0.4696739545321802,464.6353632277944,True
candidate,c,fs,1.95,125,-10,2.0,completed,True,5,995353b64b7a09d10c862ddb6f24da900ae6c02dcd63cac78a40ebbfa8491a41,correct,-1,0.4696739545321802,464.6353632277944,True
candidate,c,fs,1.95,125,-3,1.0,completed,True,5,800d6494cc5a223422ebaf2d8b129147edf8799655078489b84a28e6a3050414,correct,-1,0.5476253840650892,477.69583678663054,True
candidate,c,fs,1.95,125,-3,2.0,completed,True,5,800d6494cc5a223422ebaf2d8b129147edf8799655078489b84a28e6a3050414,correct,-1,0.5476253840650892,477.69583678663054,True
candidate,c,fs,1.95,125,3,1.0,completed,True,5,ae90baf35343e3b04636c34a0ad6fecdcbd18cb9a906ea2029349a39927448a2,correct,1,0.54307177809277,476.63389455176065,True
candidate,c,fs,1.95,125,3,2.0,completed,True,5,ae90baf35343e3b04636c34a0ad6fecdcbd18cb9a906ea2029349a39927448a2,correct,1,0.54307177809277,476.63389455176065,True
candidate,c,fs,1.95,125,10,1.0,completed,True,5,2be4e02e5b770237adb8fc76fd7fdf0ed500ebe99052a40e5304d8d1e11712cc,correct,1,0.46967435091678894,464.32704825184646,True
candidate,c,fs,1.95,125,10,2.0,completed,True,5,2be4e02e5b770237adb8fc76fd7fdf0ed500ebe99052a40e5304d8d1e11712cc,correct,1,0.46967435091678894,464.32704825184646,True
candidate,c,sf,1.62,-40,-10,1.0,completed,True,5,44452c7e589325351d8718d805873b8376b0f243d55861ac2734946fa85288a4,correct,-1,0.4783349141587003,258.20235350580606,True
candidate,c,sf,1.62,-40,-10,2.0,completed,True,5,44452c7e589325351d8718d805873b8376b0f243d55861ac2734946fa85288a4,correct,-1,0.4783349141587003,258.20235350580606,True
candidate,c,sf,1.62,-40,-3,1.0,completed,True,5,c7982e94a254f5cabf654ad4cd360bf4297f12ea2ff0ef505bb1234a7976469b,correct,-1,0.6936011162800193,262.99796341788954,True
candidate,c,sf,1.62,-40,-3,2.0,completed,True,5,c7982e94a254f5cabf654ad4cd360bf4297f12ea2ff0ef505bb1234a7976469b,correct,-1,0.6936011162800193,262.99796341788954,True
candidate,c,sf,1.62,-40,3,1.0,completed,True,5,87e8e34d026cfd29bce873f8655e185dc151f12ad4eaa00d86fd602bc68b05b7,correct,1,0.6686195590885787,262.64627941556574,True
candidate,c,sf,1.62,-40,3,2.0,completed,True,5,87e8e34d026cfd29bce873f8655e185dc151f12ad4eaa00d86fd602bc68b05b7,correct,1,0.6686195590885787,262.64627941556574,True
candidate,c,sf,1.62,-40,10,1.0,completed,True,5,b902ffb8f77d2a90d8b7c1bba39acdfa994fcb05f5ebeb2c46dd653ee5242bd1,correct,1,0.4732909745924498,258.04785134029737,True
candidate,c,sf,1.62,-40,10,2.0,completed,True,5,b902ffb8f77d2a90d8b7c1bba39acdfa994fcb05f5ebeb2c46dd653ee5242bd1,correct,1,0.4732909745924498,258.04785134029737,True
candidate,c,sf,1.62,27,-10,1.0,completed,True,5,4677fbff34c69c9eb42498059bf265589d45abcee8d8d0a1ed268f54839fa964,correct,-1,0.470285311206931,277.6460078402963,True
candidate,c,sf,1.62,27,-10,2.0,completed,True,5,4677fbff34c69c9eb42498059bf265589d45abcee8d8d0a1ed268f54839fa964,correct,-1,0.470285311206931,277.6460078402963,True
candidate,c,sf,1.62,27,-3,1.0,completed,True,5,f3ff6e7da5d41e14071395b18b1028f7330c8227778bee24bce43a313089ac35,correct,-1,0.6469670081578589,282.5378817101102,True
candidate,c,sf,1.62,27,-3,2.0,completed,True,5,f3ff6e7da5d41e14071395b18b1028f7330c8227778bee24bce43a313089ac35,correct,-1,0.6469670081578589,282.5378817101102,True
candidate,c,sf,1.62,27,3,1.0,completed,True,5,20175e113010741b5b306efd33127fd4e712ccd07bf623b1a7af34ab994927b4,correct,1,0.6270398554438608,282.1149123772581,True
candidate,c,sf,1.62,27,3,2.0,completed,True,5,20175e113010741b5b306efd33127fd4e712ccd07bf623b1a7af34ab994927b4,correct,1,0.6270398554438608,282.1149123772581,True
candidate,c,sf,1.62,27,10,1.0,completed,True,5,955ae9ec96ac0dbd8f49a8867b62ada5485cbf95a43b494436ab87587a926c1f,correct,1,0.4651307367941697,277.48159483141995,True
candidate,c,sf,1.62,27,10,2.0,completed,True,5,955ae9ec96ac0dbd8f49a8867b62ada5485cbf95a43b494436ab87587a926c1f,correct,1,0.4651307367941697,277.48159483141995,True
candidate,c,sf,1.62,125,-10,1.0,completed,True,5,fbb2763437257c0c12d98605466cca94c44b198d1b9f8404396bfda75d6948c1,correct,-1,0.4488337814380501,304.34880267163106,True
candidate,c,sf,1.62,125,-10,2.0,completed,True,5,fbb2763437257c0c12d98605466cca94c44b198d1b9f8404396bfda75d6948c1,correct,-1,0.4488337814380501,304.34880267163106,True
candidate,c,sf,1.62,125,-3,1.0,completed,True,5,dcd7fb90320a65465715bd880b0e3cd733242708cc356c157a4a33498f308eac,correct,-1,0.5655952945952796,310.6633633854214,True
candidate,c,sf,1.62,125,-3,2.0,completed,True,5,dcd7fb90320a65465715bd880b0e3cd733242708cc356c157a4a33498f308eac,correct,-1,0.5655952945952796,310.6633633854214,True
candidate,c,sf,1.62,125,3,1.0,completed,True,5,9063092ba9d8903bd6dfc67953b0466ebae10d683475a8dd99d422a95ea22db9,correct,1,0.5561934496278893,310.0019452280286,True
candidate,c,sf,1.62,125,3,2.0,completed,True,5,9063092ba9d8903bd6dfc67953b0466ebae10d683475a8dd99d422a95ea22db9,correct,1,0.5561934496278893,310.0019452280286,True
candidate,c,sf,1.62,125,10,1.0,completed,True,5,655446ac151d76d0d6ef15d58aac82f294ceca2044f44bb344d0ad175db6ca17,correct,1,0.44378637491096873,304.1448874502176,True
candidate,c,sf,1.62,125,10,2.0,completed,True,5,655446ac151d76d0d6ef15d58aac82f294ceca2044f44bb344d0ad175db6ca17,correct,1,0.44378637491096873,304.1448874502176,True
candidate,c,sf,1.8,-40,-10,1.0,completed,True,5,e489e9ae1223dda9a18790c6f5115854a34adef304deb7b8bd713c98b27104ac,correct,-1,0.39822500275405837,338.42797929138914,True
candidate,c,sf,1.8,-40,-10,2.0,completed,True,5,e489e9ae1223dda9a18790c6f5115854a34adef304deb7b8bd713c98b27104ac,correct,-1,0.39822500275405837,338.42797929138914,True
candidate,c,sf,1.8,-40,-3,1.0,completed,True,5,44d27bfcff565718d179875739ef11ea74518731524d5ccab2f25084ae9c67b6,correct,-1,0.5271501111044582,343.5848326296621,True
candidate,c,sf,1.8,-40,-3,2.0,completed,True,5,44d27bfcff565718d179875739ef11ea74518731524d5ccab2f25084ae9c67b6,correct,-1,0.5271501111044582,343.5848326296621,True
candidate,c,sf,1.8,-40,3,1.0,completed,True,5,eb4febb0da420d095d8e8d398075dd6afde619e83ceb713a08c46eb8d36b060c,correct,1,0.5098309300735904,343.00301735330066,True
candidate,c,sf,1.8,-40,3,2.0,completed,True,5,eb4febb0da420d095d8e8d398075dd6afde619e83ceb713a08c46eb8d36b060c,correct,1,0.5098309300735904,343.00301735330066,True
candidate,c,sf,1.8,-40,10,1.0,completed,True,5,c5e46e7252645bbb4d6ecaa47aa82b9d1cb63546ab596ec9bf035eb712d68fb8,correct,1,0.3931805725954801,338.18446824345796,True
candidate,c,sf,1.8,-40,10,2.0,completed,True,5,c5e46e7252645bbb4d6ecaa47aa82b9d1cb63546ab596ec9bf035eb712d68fb8,correct,1,0.3931805725954801,338.18446824345796,True
candidate,c,sf,1.8,27,-10,1.0,completed,True,5,3005999e37a2f0af362e24af4760fb8ff6be8db5fb2898cc8c570539e00d359d,correct,-1,0.39321971302342057,359.8210231634445,True
candidate,c,sf,1.8,27,-10,2.0,completed,True,5,3005999e37a2f0af362e24af4760fb8ff6be8db5fb2898cc8c570539e00d359d,correct,-1,0.39321971302342057,359.8210231634445,True
candidate,c,sf,1.8,27,-3,1.0,completed,True,5,11363633e16411dd23eb6783625814e50affcac0ed3e7496138ed5b2e88b578f,correct,-1,0.4956541964843589,365.9099932904262,True
candidate,c,sf,1.8,27,-3,2.0,completed,True,5,11363633e16411dd23eb6783625814e50affcac0ed3e7496138ed5b2e88b578f,correct,-1,0.4956541964843589,365.9099932904262,True
candidate,c,sf,1.8,27,3,1.0,completed,True,5,719bd21138cc35ce31bc0cc6dc16992fbb55454ed8a358f04d86b42ed2f3020c,correct,1,0.4821287324690694,365.0787527242395,True
candidate,c,sf,1.8,27,3,2.0,completed,True,5,719bd21138cc35ce31bc0cc6dc16992fbb55454ed8a358f04d86b42ed2f3020c,correct,1,0.4821287324690694,365.0787527242395,True
candidate,c,sf,1.8,27,10,1.0,completed,True,5,e88a3e2ecc810723ccf3a691743f61df84cb4b7c0111ed84ab28fb4c0a784f7e,correct,1,0.38808064397601083,359.5481339508842,True
candidate,c,sf,1.8,27,10,2.0,completed,True,5,e88a3e2ecc810723ccf3a691743f61df84cb4b7c0111ed84ab28fb4c0a784f7e,correct,1,0.38808064397601083,359.5481339508842,True
candidate,c,sf,1.8,125,-10,1.0,completed,True,5,c9cb146c87611d0a4279a766000587f371f5869a615d98df598b94ed9ba59020,correct,-1,0.37643530147786836,390.25451697299377,True
candidate,c,sf,1.8,125,-10,2.0,completed,True,5,c9cb146c87611d0a4279a766000587f371f5869a615d98df598b94ed9ba59020,correct,-1,0.37643530147786836,390.25451697299377,True
candidate,c,sf,1.8,125,-3,1.0,completed,True,5,13e00c40d471ab8c5e82f8df46aa9c2cdede5bb08fd95151e6a90932d6656a01,correct,-1,0.46067120772126885,399.36620452963103,True
candidate,c,sf,1.8,125,-3,2.0,completed,True,5,13e00c40d471ab8c5e82f8df46aa9c2cdede5bb08fd95151e6a90932d6656a01,correct,-1,0.46067120772126885,399.36620452963103,True
candidate,c,sf,1.8,125,3,1.0,completed,True,5,d29b4d111aee2d97409ac217269589b7b28b45174a00fd7a0cc18114e96ed0ec,correct,1,0.45053235221226895,398.0071755238849,True
candidate,c,sf,1.8,125,3,2.0,completed,True,5,d29b4d111aee2d97409ac217269589b7b28b45174a00fd7a0cc18114e96ed0ec,correct,1,0.45053235221226895,398.0071755238849,True
candidate,c,sf,1.8,125,10,1.0,completed,True,5,907bf8937e81af29121fc5f524edaa1fffc26cee2090fc456ac6558f5adf3443,correct,1,0.37609343253074984,389.8659493940242,True
candidate,c,sf,1.8,125,10,2.0,completed,True,5,907bf8937e81af29121fc5f524edaa1fffc26cee2090fc456ac6558f5adf3443,correct,1,0.37609343253074984,389.8659493940242,True
candidate,c,sf,1.95,-40,-10,1.0,completed,True,5,fd47104e0c0efe667d0ca72734bfdea4b058d2becd6b3fbda5ff4281cedf2476,correct,-1,0.3507395008553401,412.7878350174066,True
candidate,c,sf,1.95,-40,-10,2.0,completed,True,5,fd47104e0c0efe667d0ca72734bfdea4b058d2becd6b3fbda5ff4281cedf2476,correct,-1,0.3507395008553401,412.7878350174066,True
candidate,c,sf,1.95,-40,-3,1.0,completed,True,5,45006ae1f7e4da2fa7070cdf6521b7b32ed9a19115c35743cbba6558e5fa622a,correct,-1,0.43474655761596903,418.9307041830147,True
candidate,c,sf,1.95,-40,-3,2.0,completed,True,5,45006ae1f7e4da2fa7070cdf6521b7b32ed9a19115c35743cbba6558e5fa622a,correct,-1,0.43474655761596903,418.9307041830147,True
candidate,c,sf,1.95,-40,3,1.0,completed,True,5,6c5a4173af61d214b222351f17309ed379e170b5582033a6cf1a287c0be11c29,correct,1,0.42074961007075906,417.8965646475045,True
candidate,c,sf,1.95,-40,3,2.0,completed,True,5,6c5a4173af61d214b222351f17309ed379e170b5582033a6cf1a287c0be11c29,correct,1,0.42074961007075906,417.8965646475045,True
candidate,c,sf,1.95,-40,10,1.0,completed,True,5,811832fd3e251b70accee86ba0c1fffb04171bd493b6b14f626a234d8886f773,correct,1,0.341860295433451,412.4506130668219,True
candidate,c,sf,1.95,-40,10,2.0,completed,True,5,811832fd3e251b70accee86ba0c1fffb04171bd493b6b14f626a234d8886f773,correct,1,0.341860295433451,412.4506130668219,True
candidate,c,sf,1.95,27,-10,1.0,completed,True,5,fc6d18dc36dfaba1c06a3d62ae60d2fba1dde1302564ffd80e1ed5f6a65d8e30,correct,-1,0.3445237004857299,436.45729799348254,True
candidate,c,sf,1.95,27,-10,2.0,completed,True,5,fc6d18dc36dfaba1c06a3d62ae60d2fba1dde1302564ffd80e1ed5f6a65d8e30,correct,-1,0.3445237004857299,436.45729799348254,True
candidate,c,sf,1.95,27,-3,1.0,completed,True,5,c26fb60e4bc736834306442c37a7756716889f130c651083f82aa97e05931490,correct,-1,0.41809455088517955,444.961009056399,True
candidate,c,sf,1.95,27,-3,2.0,completed,True,5,c26fb60e4bc736834306442c37a7756716889f130c651083f82aa97e05931490,correct,-1,0.41809455088517955,444.961009056399,True
candidate,c,sf,1.95,27,3,1.0,completed,True,5,9eba72bbac2ea71effb4c6febaad9e0fcae901503dc21c5d4605a9dee8ebafff,correct,1,0.40318501477409074,443.38058008959183,True
candidate,c,sf,1.95,27,3,2.0,completed,True,5,9eba72bbac2ea71effb4c6febaad9e0fcae901503dc21c5d4605a9dee8ebafff,correct,1,0.40318501477409074,443.38058008959183,True
candidate,c,sf,1.95,27,10,1.0,completed,True,5,038eeebc28e781d132848eb39633139acfe4d00ae25a4cd9e6863cd7ae11a114,correct,1,0.3393840790897201,436.00765154705283,True
candidate,c,sf,1.95,27,10,2.0,completed,True,5,038eeebc28e781d132848eb39633139acfe4d00ae25a4cd9e6863cd7ae11a114,correct,1,0.3393840790897201,436.00765154705283,True
candidate,c,sf,1.95,125,-10,1.0,completed,True,5,55f3ca0c3d3038d4b2c670e77b9a8c1c5161ed619b63c8d9fbe245a2ee256ba6,correct,-1,0.3392213873745091,471.0940332612667,True
candidate,c,sf,1.95,125,-10,2.0,completed,True,5,55f3ca0c3d3038d4b2c670e77b9a8c1c5161ed619b63c8d9fbe245a2ee256ba6,correct,-1,0.3392213873745091,471.0940332612667,True
candidate,c,sf,1.95,125,-3,1.0,completed,True,5,87fca0ef8078982e8284abe859017f6c7cdfd3e4851c9263120e24341f41a52c,correct,-1,0.40878940420177934,483.4445885298554,True
candidate,c,sf,1.95,125,-3,2.0,completed,True,5,87fca0ef8078982e8284abe859017f6c7cdfd3e4851c9263120e24341f41a52c,correct,-1,0.40878940420177934,483.4445885298554,True
candidate,c,sf,1.95,125,3,1.0,completed,True,5,202ebc290b5a9deb0f009f286032754f27ad30852b11286b738ad43275b255b6,correct,1,0.3945224220677605,481.1362423284313,True
candidate,c,sf,1.95,125,3,2.0,completed,True,5,202ebc290b5a9deb0f009f286032754f27ad30852b11286b738ad43275b255b6,correct,1,0.3945224220677605,481.1362423284313,True
candidate,c,sf,1.95,125,10,1.0,completed,True,5,060f984158871a5e2aecdc3228f44d208cfe8ec758ea1ac39b4cfd7f1bb25526,correct,1,0.3350440799464207,470.42793483529186,True
candidate,c,sf,1.95,125,10,2.0,completed,True,5,060f984158871a5e2aecdc3228f44d208cfe8ec758ea1ac39b4cfd7f1bb25526,correct,1,0.3350440799464207,470.42793483529186,True
candidate,c,ss,1.62,-40,-10,1.0,completed,True,5,53df186ad6049d18c319d86a7e83fecdaf5cb91af4f1da38d15b1096b6997560,correct,-1,0.9918584904529687,239.06432094381387,True
candidate,c,ss,1.62,-40,-10,2.0,completed,True,5,53df186ad6049d18c319d86a7e83fecdaf5cb91af4f1da38d15b1096b6997560,correct,-1,0.9918584904529687,239.06432094381387,True
candidate,c,ss,1.62,-40,-3,1.0,completed,True,5,1c5a4ee636f39b7dc8a71fc59984330348f6d91fd1456bb342f31854aab1a72d,unresolved,0,,244.99347389754942,True
candidate,c,ss,1.62,-40,-3,2.0,completed,True,5,1c5a4ee636f39b7dc8a71fc59984330348f6d91fd1456bb342f31854aab1a72d,correct,-1,1.2417944132248009,244.99347389754942,True
candidate,c,ss,1.62,-40,3,1.0,completed,True,5,fcb2d77592ec0b6131c69b73785a9d036c55912b0b208e9a44c0bfd39978ea77,unresolved,0,,244.79588731578397,True
candidate,c,ss,1.62,-40,3,2.0,completed,True,5,fcb2d77592ec0b6131c69b73785a9d036c55912b0b208e9a44c0bfd39978ea77,correct,1,1.2268065564223085,244.79588731578397,True
candidate,c,ss,1.62,-40,10,1.0,completed,True,5,b8b53a901b7e0ad27d1d25edabc8d918b6d4a0ade538f4c40d1c947caf92fb1e,correct,1,0.9918417702841807,238.9774711309338,True
candidate,c,ss,1.62,-40,10,2.0,completed,True,5,b8b53a901b7e0ad27d1d25edabc8d918b6d4a0ade538f4c40d1c947caf92fb1e,correct,1,0.9918417702841807,238.9774711309338,True
candidate,c,ss,1.62,27,-10,1.0,completed,True,5,fa57f1dcff20ddd31776500684959b4d9bedab0b84a95f076a4bdc1a8237936c,correct,-1,0.8457571880756705,259.8700515455384,True
candidate,c,ss,1.62,27,-10,2.0,completed,True,5,fa57f1dcff20ddd31776500684959b4d9bedab0b84a95f076a4bdc1a8237936c,correct,-1,0.8457571880756705,259.8700515455384,True
candidate,c,ss,1.62,27,-3,1.0,completed,True,5,88013943149bed0d7ef9acfe707ce14ef91e31d614d190a14ae4079fc6f8dfa6,unresolved,0,,265.8864071703435,True
candidate,c,ss,1.62,27,-3,2.0,completed,True,5,88013943149bed0d7ef9acfe707ce14ef91e31d614d190a14ae4079fc6f8dfa6,correct,-1,1.0855229834081108,265.8864071703435,True
candidate,c,ss,1.62,27,3,1.0,completed,True,5,7ed84df652e1750da97a7660eea76b77b7cffa23c1d50ed1882414ae28010072,unresolved,0,,265.6661825614317,True
candidate,c,ss,1.62,27,3,2.0,completed,True,5,7ed84df652e1750da97a7660eea76b77b7cffa23c1d50ed1882414ae28010072,correct,1,1.0737517537907302,265.6661825614317,True
candidate,c,ss,1.62,27,10,1.0,completed,True,5,1c7f3bfff29d1b65a4b22ec476d1470afe5a464db0092c0eeb28e4ce3c6de098,correct,1,0.8407443665072108,259.7714202176317,True
candidate,c,ss,1.62,27,10,2.0,completed,True,5,1c7f3bfff29d1b65a4b22ec476d1470afe5a464db0092c0eeb28e4ce3c6de098,correct,1,0.8407443665072108,259.7714202176317,True
candidate,c,ss,1.62,125,-10,1.0,completed,True,5,d49b051c2463fa7ea44a6a907c3ca8d3693fe2e2506858bdd04d0bc4467b1276,correct,-1,0.7952671771119296,288.3276879303091,True
candidate,c,ss,1.62,125,-10,2.0,completed,True,5,d49b051c2463fa7ea44a6a907c3ca8d3693fe2e2506858bdd04d0bc4467b1276,correct,-1,0.7952671771119296,288.3276879303091,True
candidate,c,ss,1.62,125,-3,1.0,completed,True,5,0a806fdb0ab53ecbe0516bde5e8f47adabeb66d7b8907a41066570de74b9e36e,correct,-1,0.9702679831480387,294.4704837195133,True
candidate,c,ss,1.62,125,-3,2.0,completed,True,5,0a806fdb0ab53ecbe0516bde5e8f47adabeb66d7b8907a41066570de74b9e36e,correct,-1,0.9702679831480387,294.4704837195133,True
candidate,c,ss,1.62,125,3,1.0,completed,True,5,c1bfa9eb45e0c0b48ea4b785bdabb05407e956d1a48086a372f9ff4371e11916,correct,1,0.9602694197681011,294.1716846190411,True
candidate,c,ss,1.62,125,3,2.0,completed,True,5,c1bfa9eb45e0c0b48ea4b785bdabb05407e956d1a48086a372f9ff4371e11916,correct,1,0.9602694197681011,294.1716846190411,True
candidate,c,ss,1.62,125,10,1.0,completed,True,5,2fd1094b7f145c75a0f12e1d4d3502f0318804f7cf001ddf6ed9a94420f02073,correct,1,0.7902673140731513,288.2168225259046,True
candidate,c,ss,1.62,125,10,2.0,completed,True,5,2fd1094b7f145c75a0f12e1d4d3502f0318804f7cf001ddf6ed9a94420f02073,correct,1,0.7902673140731513,288.2168225259046,True
candidate,c,ss,1.8,-40,-10,1.0,completed,True,5,6c77be8dfde20d3f6af415ff750ea71a66059b34945eeaab082b18ee5c5554b5,correct,-1,0.5189652693814994,318.05174563579,True
candidate,c,ss,1.8,-40,-10,2.0,completed,True,5,6c77be8dfde20d3f6af415ff750ea71a66059b34945eeaab082b18ee5c5554b5,correct,-1,0.5189652693814994,318.05174563579,True
candidate,c,ss,1.8,-40,-3,1.0,completed,True,5,15eb02d1749693bae08048ad8f2989896485beaf7d5115576b8c3adb2ae7e419,correct,-1,0.719026268606469,324.87892472877985,True
candidate,c,ss,1.8,-40,-3,2.0,completed,True,5,15eb02d1749693bae08048ad8f2989896485beaf7d5115576b8c3adb2ae7e419,correct,-1,0.719026268606469,324.87892472877985,True
candidate,c,ss,1.8,-40,3,1.0,completed,True,5,a23396d980cbde326740aee2e6cb7a01d9591526f64e221e92452c47a7a1d860,correct,1,0.7040347733715692,324.5498583753284,True
candidate,c,ss,1.8,-40,3,2.0,completed,True,5,a23396d980cbde326740aee2e6cb7a01d9591526f64e221e92452c47a7a1d860,correct,1,0.7040347733715692,324.5498583753284,True
candidate,c,ss,1.8,-40,10,1.0,completed,True,5,bb35fd243e14050b0681d8fa55c3b946a24f5c65ab1d3c1110592c47bb509056,correct,1,0.5137630390466913,317.90028497454966,True
candidate,c,ss,1.8,-40,10,2.0,completed,True,5,bb35fd243e14050b0681d8fa55c3b946a24f5c65ab1d3c1110592c47bb509056,correct,1,0.5137630390466913,317.90028497454966,True
candidate,c,ss,1.8,27,-10,1.0,completed,True,5,f5ee03db3f42949982fb266c4b15d63480aa5597f963c833d603619aa829b70c,correct,-1,0.5449717918270289,341.0876271507957,True
candidate,c,ss,1.8,27,-10,2.0,completed,True,5,f5ee03db3f42949982fb266c4b15d63480aa5597f963c833d603619aa829b70c,correct,-1,0.5449717918270289,341.0876271507957,True
candidate,c,ss,1.8,27,-3,1.0,completed,True,5,294383dfb17646f17ab78247dbd1485b3b8f155a4858b5b855c53ce38f9610d9,correct,-1,0.7004493942396406,347.84957599950593,True
candidate,c,ss,1.8,27,-3,2.0,completed,True,5,294383dfb17646f17ab78247dbd1485b3b8f155a4858b5b855c53ce38f9610d9,correct,-1,0.7004493942396406,347.84957599950593,True
candidate,c,ss,1.8,27,3,1.0,completed,True,5,a8696fd8aed1b46dc7dd3d60cfaa5bfed47a4ebb5933bfad9eec5669be91e1a4,correct,1,0.6904507252165791,347.4713548853677,True
candidate,c,ss,1.8,27,3,2.0,completed,True,5,a8696fd8aed1b46dc7dd3d60cfaa5bfed47a4ebb5933bfad9eec5669be91e1a4,correct,1,0.6904507252165791,347.4713548853677,True
candidate,c,ss,1.8,27,10,1.0,completed,True,5,6880e3729373acba07a1ed809206fa83087672e052b3781e0bea2be12c694108,correct,1,0.5404174912159798,340.9230191393787,True
candidate,c,ss,1.8,27,10,2.0,completed,True,5,6880e3729373acba07a1ed809206fa83087672e052b3781e0bea2be12c694108,correct,1,0.5404174912159798,340.9230191393787,True
candidate,c,ss,1.8,125,-10,1.0,completed,True,5,ac2cced1e5f70ad78415a812edd979a13f3855759cf99981b735a944b96bd881,correct,-1,0.5752370095233101,372.50816833292424,True
candidate,c,ss,1.8,125,-10,2.0,completed,True,5,ac2cced1e5f70ad78415a812edd979a13f3855759cf99981b735a944b96bd881,correct,-1,0.5752370095233101,372.50816833292424,True
candidate,c,ss,1.8,125,-3,1.0,completed,True,5,406ecca93ac180d7943f5e9da51eafa24619838f244dcd58d62c4cf69e631dea,correct,-1,0.690080142892189,380.3526734477059,True
candidate,c,ss,1.8,125,-3,2.0,completed,True,5,406ecca93ac180d7943f5e9da51eafa24619838f244dcd58d62c4cf69e631dea,correct,-1,0.690080142892189,380.3526734477059,True
candidate,c,ss,1.8,125,3,1.0,completed,True,5,7bfc017baac4890d06cc2a1edb3fc08570736d8a1433d9f2a78f68f7dae9d49b,correct,1,0.6800705024001286,379.7774306716629,True
candidate,c,ss,1.8,125,3,2.0,completed,True,5,7bfc017baac4890d06cc2a1edb3fc08570736d8a1433d9f2a78f68f7dae9d49b,correct,1,0.6800705024001286,379.7774306716629,True
candidate,c,ss,1.8,125,10,1.0,completed,True,5,ae24475ac6b07e02b095fcf64dbb754ed7fd728fcba37c41d4b382447f3eb706,correct,1,0.5706272640579181,372.3212815734828,True
candidate,c,ss,1.8,125,10,2.0,completed,True,5,ae24475ac6b07e02b095fcf64dbb754ed7fd728fcba37c41d4b382447f3eb706,correct,1,0.5706272640579181,372.3212815734828,True
candidate,c,ss,1.95,-40,-10,1.0,completed,True,5,09f011ffe9bd48b0f8811d354b24895c2dfc0c68172df771ae26f0f08f8daac3,correct,-1,0.4180009307310397,392.32562574189,True
candidate,c,ss,1.95,-40,-10,2.0,completed,True,5,09f011ffe9bd48b0f8811d354b24895c2dfc0c68172df771ae26f0f08f8daac3,correct,-1,0.4180009307310397,392.32562574189,True
candidate,c,ss,1.95,-40,-3,1.0,completed,True,5,f5214d7872518cfc495409e36ba1c80529ed1455e9ef0fe98d0eb493cd32e731,correct,-1,0.5632801848263111,399.5439042868159,True
candidate,c,ss,1.95,-40,-3,2.0,completed,True,5,f5214d7872518cfc495409e36ba1c80529ed1455e9ef0fe98d0eb493cd32e731,correct,-1,0.5632801848263111,399.5439042868159,True
candidate,c,ss,1.95,-40,3,1.0,completed,True,5,0957643a767edcf35c35ff3dd620b0cfef9001f55e39396d1e10a77aa669cfe3,correct,1,0.5532222873075403,399.0492497811488,True
candidate,c,ss,1.95,-40,3,2.0,completed,True,5,0957643a767edcf35c35ff3dd620b0cfef9001f55e39396d1e10a77aa669cfe3,correct,1,0.5532222873075403,399.0492497811488,True
candidate,c,ss,1.95,-40,10,1.0,completed,True,5,9a8e8b5f2dee28b9c865832e07ae28c5a5dcd307ede4ff34aedd3990169ac3a7,correct,1,0.41285699311581836,392.1012100839384,True
candidate,c,ss,1.95,-40,10,2.0,completed,True,5,9a8e8b5f2dee28b9c865832e07ae28c5a5dcd307ede4ff34aedd3990169ac3a7,correct,1,0.41285699311581836,392.1012100839384,True
candidate,c,ss,1.95,27,-10,1.0,completed,True,5,9caf80191d62ae97de9e9fd3b1cdc32459eaa99a8ebd922d4762177a2770f224,correct,-1,0.4420872837299211,416.97933461625587,True
candidate,c,ss,1.95,27,-10,2.0,completed,True,5,9caf80191d62ae97de9e9fd3b1cdc32459eaa99a8ebd922d4762177a2770f224,correct,-1,0.4420872837299211,416.97933461625587,True
candidate,c,ss,1.95,27,-3,1.0,completed,True,5,aab5a3bbcbefaf949918c0f40eb4b9d1ba9e35b5c6c0a92f86aafa45dde251d3,correct,-1,0.5572517857995494,424.49526093434633,True
candidate,c,ss,1.95,27,-3,2.0,completed,True,5,aab5a3bbcbefaf949918c0f40eb4b9d1ba9e35b5c6c0a92f86aafa45dde251d3,correct,-1,0.5572517857995494,424.49526093434633,True
candidate,c,ss,1.95,27,3,1.0,completed,True,5,58f6100160abe35cd3dd62026e37afe4ad8b615bea644f00addf782a547c5d58,correct,1,0.5469693082977796,423.88399809443547,True
candidate,c,ss,1.95,27,3,2.0,completed,True,5,58f6100160abe35cd3dd62026e37afe4ad8b615bea644f00addf782a547c5d58,correct,1,0.5469693082977796,423.88399809443547,True
candidate,c,ss,1.95,27,10,1.0,completed,True,5,06eb88cb09e4457d9743b5375b3f6baaf814cd3a7ab30f4a4d7f206ae21fee33,correct,1,0.4415276767305606,416.74796355469795,True
candidate,c,ss,1.95,27,10,2.0,completed,True,5,06eb88cb09e4457d9743b5375b3f6baaf814cd3a7ab30f4a4d7f206ae21fee33,correct,1,0.4415276767305606,416.74796355469795,True
candidate,c,ss,1.95,125,-10,1.0,completed,True,5,3013f91a2a37a754fcaba3282fce6e76e8b9503d18fb07b4e098448cc3e39aee,correct,-1,0.4793165305258503,451.25155483453545,True
candidate,c,ss,1.95,125,-10,2.0,completed,True,5,3013f91a2a37a754fcaba3282fce6e76e8b9503d18fb07b4e098448cc3e39aee,correct,-1,0.4793165305258503,451.25155483453545,True
candidate,c,ss,1.95,125,-3,1.0,completed,True,5,e81a6efeebbf11b47e956878db2618cbd0e080379620ba3710a643689880f07e,correct,-1,0.5677848040529399,461.45401757285595,True
candidate,c,ss,1.95,125,-3,2.0,completed,True,5,e81a6efeebbf11b47e956878db2618cbd0e080379620ba3710a643689880f07e,correct,-1,0.5677848040529399,461.45401757285595,True
candidate,c,ss,1.95,125,3,1.0,completed,True,5,3ebc071875b16a061100b9acf44d85286b73edcbc31823029fb54bcf5f218aaa,correct,1,0.5576372857734887,460.4367083444558,True
candidate,c,ss,1.95,125,3,2.0,completed,True,5,3ebc071875b16a061100b9acf44d85286b73edcbc31823029fb54bcf5f218aaa,correct,1,0.5576372857734887,460.4367083444558,True
candidate,c,ss,1.95,125,10,1.0,completed,True,5,c256d4ded94fcf11123fc42a6d14701664cd97e61bc5d484250949b014b62ea3,correct,1,0.4789915468353297,450.95282240502394,True
candidate,c,ss,1.95,125,10,2.0,completed,True,5,c256d4ded94fcf11123fc42a6d14701664cd97e61bc5d484250949b014b62ea3,correct,1,0.4789915468353297,450.95282240502394,True
candidate,c,tt,1.62,-40,-10,1.0,completed,True,5,c61d45d0b8a4ad9ab59e73df99be5c99c1fc3ccc3a0e5d786d88173180da4e40,correct,-1,0.5662963954233603,244.3889097216058,True
candidate,c,tt,1.62,-40,-10,2.0,completed,True,5,c61d45d0b8a4ad9ab59e73df99be5c99c1fc3ccc3a0e5d786d88173180da4e40,correct,-1,0.5662963954233603,244.3889097216058,True
candidate,c,tt,1.62,-40,-3,1.0,completed,True,5,6efacf1ed893acdc93d070356f34c6fbc1d59a6250631feff9186d2cd40ea1f9,correct,-1,0.7497791597308385,250.12819850989138,True
candidate,c,tt,1.62,-40,-3,2.0,completed,True,5,6efacf1ed893acdc93d070356f34c6fbc1d59a6250631feff9186d2cd40ea1f9,correct,-1,0.7497791597308385,250.12819850989138,True
candidate,c,tt,1.62,-40,3,1.0,completed,True,5,a9484cf86ac3522aa3cff9eb4b1f0b189e057b574e35287d57d6dd4780bcf4cd,correct,1,0.7371420779716501,249.87931332394237,True
candidate,c,tt,1.62,-40,3,2.0,completed,True,5,a9484cf86ac3522aa3cff9eb4b1f0b189e057b574e35287d57d6dd4780bcf4cd,correct,1,0.7371420779716501,249.87931332394237,True
candidate,c,tt,1.62,-40,10,1.0,completed,True,5,b96feab76aef6fc27e5660ac2321082ba32833cd598053744d8d6be628fd7084,correct,1,0.56111596610661,244.28138045605994,True
candidate,c,tt,1.62,-40,10,2.0,completed,True,5,b96feab76aef6fc27e5660ac2321082ba32833cd598053744d8d6be628fd7084,correct,1,0.56111596610661,244.28138045605994,True
candidate,c,tt,1.62,27,-10,1.0,completed,True,5,00b66aa1e8db79e44ff3f35c499cd82a720ad9806d56366b53a97ebbc2ccc6e9,correct,-1,0.5476716472158802,265.0016363569024,True
candidate,c,tt,1.62,27,-10,2.0,completed,True,5,00b66aa1e8db79e44ff3f35c499cd82a720ad9806d56366b53a97ebbc2ccc6e9,correct,-1,0.5476716472158802,265.0016363569024,True
candidate,c,tt,1.62,27,-3,1.0,completed,True,5,92df8496d5ff129514d49e053eaf1d328e0f7ef6286738d73f3703fdc7d03796,correct,-1,0.7026810926900882,270.6667650375517,True
candidate,c,tt,1.62,27,-3,2.0,completed,True,5,92df8496d5ff129514d49e053eaf1d328e0f7ef6286738d73f3703fdc7d03796,correct,-1,0.7026810926900882,270.6667650375517,True
candidate,c,tt,1.62,27,3,1.0,completed,True,5,cfc1b37f6eb39be972b495766ffa0ffaed2aa536058e84393e32237d8112b07a,correct,1,0.6926820751258199,270.3881150085339,True
candidate,c,tt,1.62,27,3,2.0,completed,True,5,cfc1b37f6eb39be972b495766ffa0ffaed2aa536058e84393e32237d8112b07a,correct,1,0.6926820751258199,270.3881150085339,True
candidate,c,tt,1.62,27,10,1.0,completed,True,5,9c088d83b59985389444d84760f22ae2d31b2187a8041a58c67ec0fb61505441,correct,1,0.5426726875061683,264.88487061206837,True
candidate,c,tt,1.62,27,10,2.0,completed,True,5,9c088d83b59985389444d84760f22ae2d31b2187a8041a58c67ec0fb61505441,correct,1,0.5426726875061683,264.88487061206837,True
candidate,c,tt,1.62,125,-10,1.0,completed,True,5,ca3f0e3a4abefb482d5ca659a53e17c17566e5c58bfeb3d9c8667b1143ac6888,correct,-1,0.5494976386123512,293.42949990973636,True
candidate,c,tt,1.62,125,-10,2.0,completed,True,5,ca3f0e3a4abefb482d5ca659a53e17c17566e5c58bfeb3d9c8667b1143ac6888,correct,-1,0.5494976386123512,293.42949990973636,True
candidate,c,tt,1.62,125,-3,1.0,completed,True,5,271c72f3c96066e71b7b0365264bf2342f60253f9f56ac60946353689cb41244,correct,-1,0.6637001840960884,300.12049044859646,True
candidate,c,tt,1.62,125,-3,2.0,completed,True,5,271c72f3c96066e71b7b0365264bf2342f60253f9f56ac60946353689cb41244,correct,-1,0.6637001840960884,300.12049044859646,True
candidate,c,tt,1.62,125,3,1.0,completed,True,5,d15c79026cac22feed3f240799c508b997e7d7449c9cbd76531e8b88e1acfbbf,correct,1,0.6587023483344882,299.6901022397342,True
candidate,c,tt,1.62,125,3,2.0,completed,True,5,d15c79026cac22feed3f240799c508b997e7d7449c9cbd76531e8b88e1acfbbf,correct,1,0.6587023483344882,299.6901022397342,True
candidate,c,tt,1.62,125,10,1.0,completed,True,5,b2ef668eaaf0259afeb78fd79ca242396f490480020eede3f873bd35731dbfff,correct,1,0.5495691192477699,293.2998064375801,True
candidate,c,tt,1.62,125,10,2.0,completed,True,5,b2ef668eaaf0259afeb78fd79ca242396f490480020eede3f873bd35731dbfff,correct,1,0.5495691192477699,293.2998064375801,True
candidate,c,tt,1.8,-40,-10,1.0,completed,True,5,f1e0865e303b3c4165a29fc882e8bbca9951ed0abbe703c2c5fb9718761ece04,correct,-1,0.38163593044791067,323.59210782439425,True
candidate,c,tt,1.8,-40,-10,2.0,completed,True,5,f1e0865e303b3c4165a29fc882e8bbca9951ed0abbe703c2c5fb9718761ece04,correct,-1,0.38163593044791067,323.59210782439425,True
candidate,c,tt,1.8,-40,-3,1.0,completed,True,5,083ef824680f1972b6b0e90b48bd24e72165fa8821fcafb79ba52a4f7ce8b0e0,correct,-1,0.5124698916637308,329.7922488274212,True
candidate,c,tt,1.8,-40,-3,2.0,completed,True,5,083ef824680f1972b6b0e90b48bd24e72165fa8821fcafb79ba52a4f7ce8b0e0,correct,-1,0.5124698916637308,329.7922488274212,True
candidate,c,tt,1.8,-40,3,1.0,completed,True,5,ac2f3eb25432772d9515972d6d7fb2e9db60b04436df7be62a3e8e25d4b7bec3,correct,1,0.49711428580377026,329.3857894572365,True
candidate,c,tt,1.8,-40,3,2.0,completed,True,5,ac2f3eb25432772d9515972d6d7fb2e9db60b04436df7be62a3e8e25d4b7bec3,correct,1,0.49711428580377026,329.3857894572365,True
candidate,c,tt,1.8,-40,10,1.0,completed,True,5,75e2f64226db742fa48b384443dfe26bd13b059e013e5a8a6a94ff63f35b426b,correct,1,0.376873828415828,323.4124091985966,True
candidate,c,tt,1.8,-40,10,2.0,completed,True,5,75e2f64226db742fa48b384443dfe26bd13b059e013e5a8a6a94ff63f35b426b,correct,1,0.376873828415828,323.4124091985966,True
candidate,c,tt,1.8,27,-10,1.0,completed,True,5,0952f95a835afc986486d6806779ac898011ed1e73b87d1d843fd3d31b8c87e7,correct,-1,0.401001302441748,346.1202082052266,True
candidate,c,tt,1.8,27,-10,2.0,completed,True,5,0952f95a835afc986486d6806779ac898011ed1e73b87d1d843fd3d31b8c87e7,correct,-1,0.401001302441748,346.1202082052266,True
candidate,c,tt,1.8,27,-3,1.0,completed,True,5,1495fed51b6b9a1b1af49002823fcdfe1f1edd282acd899a06fd61e9f794b576,correct,-1,0.5013388683631999,352.7828790680715,True
candidate,c,tt,1.8,27,-3,2.0,completed,True,5,1495fed51b6b9a1b1af49002823fcdfe1f1edd282acd899a06fd61e9f794b576,correct,-1,0.5013388683631999,352.7828790680715,True
candidate,c,tt,1.8,27,3,1.0,completed,True,5,c00b3d531c2918a4d9423077a0a731feb5cd868218e255ef40afcd4fc2c3c65a,correct,1,0.4915071693727912,352.2454050075992,True
candidate,c,tt,1.8,27,3,2.0,completed,True,5,c00b3d531c2918a4d9423077a0a731feb5cd868218e255ef40afcd4fc2c3c65a,correct,1,0.4915071693727912,352.2454050075992,True
candidate,c,tt,1.8,27,10,1.0,completed,True,5,709c20e02a57ac5dee0ec102e5dd0fe0478b287e84b8e319020487338108d4e4,correct,1,0.4008183198971395,345.9279446917989,True
candidate,c,tt,1.8,27,10,2.0,completed,True,5,709c20e02a57ac5dee0ec102e5dd0fe0478b287e84b8e319020487338108d4e4,correct,1,0.4008183198971395,345.9279446917989,True
candidate,c,tt,1.8,125,-10,1.0,completed,True,5,d6abbed89e85ce1a956e3645d9172860b40ad92f6bcbd41e6745d2a8595b83e9,correct,-1,0.43364304838357853,378.2497776354279,True
candidate,c,tt,1.8,125,-10,2.0,completed,True,5,d6abbed89e85ce1a956e3645d9172860b40ad92f6bcbd41e6745d2a8595b83e9,correct,-1,0.43364304838357853,378.2497776354279,True
candidate,c,tt,1.8,125,-3,1.0,completed,True,5,3417d768c3a3631e47b83d0025ac65ef619319da45df12016066fc46e7c920e3,correct,-1,0.5140571019280493,387.5569169707582,True
candidate,c,tt,1.8,125,-3,2.0,completed,True,5,3417d768c3a3631e47b83d0025ac65ef619319da45df12016066fc46e7c920e3,correct,-1,0.5140571019280493,387.5569169707582,True
candidate,c,tt,1.8,125,3,1.0,completed,True,5,73e7894e266df0690b87891976801b7b697a30d1987213b2e30c8c3027a2595b,correct,1,0.5062578909481187,386.67062280153306,True
candidate,c,tt,1.8,125,3,2.0,completed,True,5,73e7894e266df0690b87891976801b7b697a30d1987213b2e30c8c3027a2595b,correct,1,0.5062578909481187,386.67062280153306,True
candidate,c,tt,1.8,125,10,1.0,completed,True,5,fcf21a1d7bfa7873596a92390a31104aee62d1065bd07cdac812eb40b8e61161,correct,1,0.4278751623050508,377.99042651689666,True
candidate,c,tt,1.8,125,10,2.0,completed,True,5,fcf21a1d7bfa7873596a92390a31104aee62d1065bd07cdac812eb40b8e61161,correct,1,0.4278751623050508,377.99042651689666,True
candidate,c,tt,1.95,-40,-10,1.0,completed,True,5,63755ecaafe1241cf57059b2d9b3a4d3f630b0301a707ec4a6e00b4ecb10e597,correct,-1,0.3223123328649311,397.3677707003753,True
candidate,c,tt,1.95,-40,-10,2.0,completed,True,5,63755ecaafe1241cf57059b2d9b3a4d3f630b0301a707ec4a6e00b4ecb10e597,correct,-1,0.3223123328649311,397.3677707003753,True
candidate,c,tt,1.95,-40,-3,1.0,completed,True,5,de774bf34fd06109bda6a68d0ec5a08cf80457b60f9980850d97cb36c441d4e2,correct,-1,0.4080373197564311,404.134392520293,True
candidate,c,tt,1.95,-40,-3,2.0,completed,True,5,de774bf34fd06109bda6a68d0ec5a08cf80457b60f9980850d97cb36c441d4e2,correct,-1,0.4080373197564311,404.134392520293,True
candidate,c,tt,1.95,-40,3,1.0,completed,True,5,f4b8e1cf903dd0c3c835f94bc457e5144b8ff2816b0d50235c5cbcf81063289b,correct,1,0.39821670127164055,403.4723684990416,True
candidate,c,tt,1.95,-40,3,2.0,completed,True,5,f4b8e1cf903dd0c3c835f94bc457e5144b8ff2816b0d50235c5cbcf81063289b,correct,1,0.39821670127164055,403.4723684990416,True
candidate,c,tt,1.95,-40,10,1.0,completed,True,5,51c2eb4c3d328dddc3360cfac3a970bf80ddcb90f9a13aa9c8ec630bf6b02778,correct,1,0.32244159601581807,397.1101745284524,True
candidate,c,tt,1.95,-40,10,2.0,completed,True,5,51c2eb4c3d328dddc3360cfac3a970bf80ddcb90f9a13aa9c8ec630bf6b02778,correct,1,0.32244159601581807,397.1101745284524,True
candidate,c,tt,1.95,27,-10,1.0,completed,True,5,dbb13640493a5c37bc765fb69bb2a1d2466ca56eec2f50d570fcd204be920d18,correct,-1,0.34032540401110095,421.74602730475794,True
candidate,c,tt,1.95,27,-10,2.0,completed,True,5,dbb13640493a5c37bc765fb69bb2a1d2466ca56eec2f50d570fcd204be920d18,correct,-1,0.34032540401110095,421.74602730475794,True
candidate,c,tt,1.95,27,-3,1.0,completed,True,5,3e34e5d2bd7e985385e529670a219ffd60a6bfffbcf4f6576cd0ed897288edd5,correct,-1,0.40926534478124965,430.35696170423375,True
candidate,c,tt,1.95,27,-3,2.0,completed,True,5,3e34e5d2bd7e985385e529670a219ffd60a6bfffbcf4f6576cd0ed897288edd5,correct,-1,0.40926534478124965,430.35696170423375,True
candidate,c,tt,1.95,27,3,1.0,completed,True,5,5a24c7961d019c86157c9ed73b3bc3f92c5e4dd96dce8dca3d4e6443f8d8eb14,correct,1,0.4005274151457792,429.35185722766636,True
candidate,c,tt,1.95,27,3,2.0,completed,True,5,5a24c7961d019c86157c9ed73b3bc3f92c5e4dd96dce8dca3d4e6443f8d8eb14,correct,1,0.4005274151457792,429.35185722766636,True
candidate,c,tt,1.95,27,10,1.0,completed,True,5,97b9c77325ef7d9e76b1de714a8fa0f624607849359288acad39e658001db8a9,correct,1,0.3388667914696382,421.45678007605017,True
candidate,c,tt,1.95,27,10,2.0,completed,True,5,97b9c77325ef7d9e76b1de714a8fa0f624607849359288acad39e658001db8a9,correct,1,0.3388667914696382,421.45678007605017,True
candidate,c,tt,1.95,125,-10,1.0,completed,True,5,502a9a398e8c6652eea605f81296c9b34c367d50cf8683fbe16dfe7ec8cb540b,correct,-1,0.37626962400175995,458.0617237960512,True
candidate,c,tt,1.95,125,-10,2.0,completed,True,5,502a9a398e8c6652eea605f81296c9b34c367d50cf8683fbe16dfe7ec8cb540b,correct,-1,0.37626962400175995,458.0617237960512,True
candidate,c,tt,1.95,125,-3,1.0,completed,True,5,32f60b4bca571cd500d8644ecc56c866d59d6062c3458d22a3a3d2d11489715e,correct,-1,0.4418164725413799,470.43460912071686,True
candidate,c,tt,1.95,125,-3,2.0,completed,True,5,32f60b4bca571cd500d8644ecc56c866d59d6062c3458d22a3a3d2d11489715e,correct,-1,0.4418164725413799,470.43460912071686,True
candidate,c,tt,1.95,125,3,1.0,completed,True,5,0de21e72ddca8375be6208dd043327c6660c0e16d669bb5ff9f6568c52c2f2a3,correct,1,0.4318310671402081,468.9271550099033,True
candidate,c,tt,1.95,125,3,2.0,completed,True,5,0de21e72ddca8375be6208dd043327c6660c0e16d669bb5ff9f6568c52c2f2a3,correct,1,0.4318310671402081,468.9271550099033,True
candidate,c,tt,1.95,125,10,1.0,completed,True,5,050c22feb6dcb00a6732a2185f49debd5c0d5d5ff1cb7d3baffe3313c221edac,correct,1,0.37227409284455815,457.6244417638947,True
candidate,c,tt,1.95,125,10,2.0,completed,True,5,050c22feb6dcb00a6732a2185f49debd5c0d5d5ff1cb7d3baffe3313c221edac,correct,1,0.37227409284455815,457.6244417638947,True
candidate,rc,ff,1.62,-40,-10,1.0,completed,True,5,3d2101aa54236d264570e4aa4d8f6bc595d6efce9a0f032097b2dbe1002c0e43,correct,-1,0.5110321547323796,303.7625945403513,True
candidate,rc,ff,1.62,-40,-10,2.0,completed,True,5,3d2101aa54236d264570e4aa4d8f6bc595d6efce9a0f032097b2dbe1002c0e43,correct,-1,0.5110321547323796,303.7625945403513,True
candidate,rc,ff,1.62,-40,-3,1.0,completed,True,5,957646b692de5939f0ba92da2a530d628b56263e851b39481aa9dd088ae7903f,correct,-1,0.6410347362283189,310.37552549119954,True
candidate,rc,ff,1.62,-40,-3,2.0,completed,True,5,957646b692de5939f0ba92da2a530d628b56263e851b39481aa9dd088ae7903f,correct,-1,0.6410347362283189,310.37552549119954,True
candidate,rc,ff,1.62,-40,3,1.0,completed,True,5,78a43a8e748b39ab60b282d40b6963b362759ab6057d264019adef4c7a621aeb,correct,1,0.6160351852582006,309.4503789011341,True
candidate,rc,ff,1.62,-40,3,2.0,completed,True,5,78a43a8e748b39ab60b282d40b6963b362759ab6057d264019adef4c7a621aeb,correct,1,0.6160351852582006,309.4503789011341,True
candidate,rc,ff,1.62,-40,10,1.0,completed,True,5,0a9e20371354a412a7f732c4dd4fdfa60e5b4ca2866cc0f1621151e593c98249,correct,1,0.5060329213158491,303.2972850052701,True
candidate,rc,ff,1.62,-40,10,2.0,completed,True,5,0a9e20371354a412a7f732c4dd4fdfa60e5b4ca2866cc0f1621151e593c98249,correct,1,0.5060329213158491,303.2972850052701,True
candidate,rc,ff,1.62,27,-10,1.0,completed,True,5,a24847463aad0d29f476fcd6bd729d8f7ca2605f9f7ea518349989b99498d4dc,correct,-1,0.5148076650883507,326.5176260385335,True
candidate,rc,ff,1.62,27,-10,2.0,completed,True,5,a24847463aad0d29f476fcd6bd729d8f7ca2605f9f7ea518349989b99498d4dc,correct,-1,0.5148076650883507,326.5176260385335,True
candidate,rc,ff,1.62,27,-3,1.0,completed,True,5,5c5e809c09d847a44eff399dcfe6572a2ce7713878ef15039373b916dba69276,correct,-1,0.6248162396989602,333.7131236422689,True
candidate,rc,ff,1.62,27,-3,2.0,completed,True,5,5c5e809c09d847a44eff399dcfe6572a2ce7713878ef15039373b916dba69276,correct,-1,0.6248162396989602,333.7131236422689,True
candidate,rc,ff,1.62,27,3,1.0,completed,True,5,985e694fa30688df517759887cb297b0a4fe3f4e290379f0663a06f08ad078f5,correct,1,0.6048169299148882,332.4446340076124,True
candidate,rc,ff,1.62,27,3,2.0,completed,True,5,985e694fa30688df517759887cb297b0a4fe3f4e290379f0663a06f08ad078f5,correct,1,0.6048169299148882,332.4446340076124,True
candidate,rc,ff,1.62,27,10,1.0,completed,True,5,96daaeec8b38ce0ef3aa711a01140a98d203a8ce268585ba68d931dd1a604718,correct,1,0.5098087774014203,325.9999673015981,True
candidate,rc,ff,1.62,27,10,2.0,completed,True,5,96daaeec8b38ce0ef3aa711a01140a98d203a8ce268585ba68d931dd1a604718,correct,1,0.5098087774014203,325.9999673015981,True
candidate,rc,ff,1.62,125,-10,1.0,completed,True,5,af5c636c715a9999c2bf193039f5a11769ea69504d6add579488d0d74b88b9f2,correct,-1,0.5381598810706211,361.4153169331112,True
candidate,rc,ff,1.62,125,-10,2.0,completed,True,5,af5c636c715a9999c2bf193039f5a11769ea69504d6add579488d0d74b88b9f2,correct,-1,0.5381598810706211,361.4153169331112,True
candidate,rc,ff,1.62,125,-3,1.0,completed,True,5,478cd8ef2afdc394a6615a3362032b85ce9cff6a019593f3dea184130a164248,correct,-1,0.6385419161155805,371.48173407296747,True
candidate,rc,ff,1.62,125,-3,2.0,completed,True,5,478cd8ef2afdc394a6615a3362032b85ce9cff6a019593f3dea184130a164248,correct,-1,0.6385419161155805,371.48173407296747,True
candidate,rc,ff,1.62,125,3,1.0,completed,True,5,4cc8a1f0a175e14eb4c06d1aec07500d42344a621cd2b4fe21d894d564c80f96,correct,1,0.61853928813701,369.3782731932786,True
candidate,rc,ff,1.62,125,3,2.0,completed,True,5,4cc8a1f0a175e14eb4c06d1aec07500d42344a621cd2b4fe21d894d564c80f96,correct,1,0.61853928813701,369.3782731932786,True
candidate,rc,ff,1.62,125,10,1.0,completed,True,5,7d7462a2e038f5d9d5272710567e32ed694db135f8d7649e2f1f204b13ad49ed,correct,1,0.5282383724725109,360.71256091553016,True
candidate,rc,ff,1.62,125,10,2.0,completed,True,5,7d7462a2e038f5d9d5272710567e32ed694db135f8d7649e2f1f204b13ad49ed,correct,1,0.5282383724725109,360.71256091553016,True
candidate,rc,ff,1.8,-40,-10,1.0,completed,True,5,3335d0f13782a1d713272ad9d14f4a0da6b1e733c1dc28bd0eba187e2ddb2c59,correct,-1,0.3916001743520403,398.8802964194599,True
candidate,rc,ff,1.8,-40,-10,2.0,completed,True,5,3335d0f13782a1d713272ad9d14f4a0da6b1e733c1dc28bd0eba187e2ddb2c59,correct,-1,0.3916001743520403,398.8802964194599,True
candidate,rc,ff,1.8,-40,-3,1.0,completed,True,5,6efdf05f4bcd5bb36a2d1c9cebd2e7dcbc7e7afac47a2dee3ad95661ef534ecb,correct,-1,0.48167717042390934,406.8201016384242,True
candidate,rc,ff,1.8,-40,-3,2.0,completed,True,5,6efdf05f4bcd5bb36a2d1c9cebd2e7dcbc7e7afac47a2dee3ad95661ef534ecb,correct,-1,0.48167717042390934,406.8201016384242,True
candidate,rc,ff,1.8,-40,3,1.0,completed,True,5,71b7043926c6c7d64714682e18d9d627cbb6f4d920038718bca0d1524d194b71,correct,1,0.46142399871198,404.9904045585197,True
candidate,rc,ff,1.8,-40,3,2.0,completed,True,5,71b7043926c6c7d64714682e18d9d627cbb6f4d920038718bca0d1524d194b71,correct,1,0.46142399871198,404.9904045585197,True
candidate,rc,ff,1.8,-40,10,1.0,completed,True,5,1c4afff8c1dab3beeda976698063ae23fac6f7e9aaa0c8e7a1684394674cf46e,correct,1,0.3859222859054687,398.13838652576476,True
candidate,rc,ff,1.8,-40,10,2.0,completed,True,5,1c4afff8c1dab3beeda976698063ae23fac6f7e9aaa0c8e7a1684394674cf46e,correct,1,0.3859222859054687,398.13838652576476,True
candidate,rc,ff,1.8,27,-10,1.0,completed,True,5,168e316db5436052f0750f44ce9038d8e8b65c18dd278081314beb2f2a7325ab,correct,-1,0.4154553408472195,424.3051926355565,True
candidate,rc,ff,1.8,27,-10,2.0,completed,True,5,168e316db5436052f0750f44ce9038d8e8b65c18dd278081314beb2f2a7325ab,correct,-1,0.4154553408472195,424.3051926355565,True
candidate,rc,ff,1.8,27,-3,1.0,completed,True,5,284b26f7275c71d45fd0c6cba48225dd1934761cc3e1eb93b0f1d9ea11ca6b0e,correct,-1,0.4954481129578085,434.7195435221148,True
candidate,rc,ff,1.8,27,-3,2.0,completed,True,5,284b26f7275c71d45fd0c6cba48225dd1934761cc3e1eb93b0f1d9ea11ca6b0e,correct,-1,0.4954481129578085,434.7195435221148,True
candidate,rc,ff,1.8,27,3,1.0,completed,True,5,28f199c11410b777662049c300faef384190d6deba1d19b37e100edf33b85ad4,correct,1,0.4754064292710001,431.96602474011877,True
candidate,rc,ff,1.8,27,3,2.0,completed,True,5,28f199c11410b777662049c300faef384190d6deba1d19b37e100edf33b85ad4,correct,1,0.4754064292710001,431.96602474011877,True
candidate,rc,ff,1.8,27,10,1.0,completed,True,5,8b729c907801ac242aaea7711c2e071a50bae0c25d721ae48beaa276cc387ab4,correct,1,0.4052278205366107,423.3905043439668,True
candidate,rc,ff,1.8,27,10,2.0,completed,True,5,8b729c907801ac242aaea7711c2e071a50bae0c25d721ae48beaa276cc387ab4,correct,1,0.4052278205366107,423.3905043439668,True
candidate,rc,ff,1.8,125,-10,1.0,completed,True,5,a8f28706375150efba2ce63b6b458dad75232acbf922b336ae5f89fab6405e9c,correct,-1,0.44993359868523886,465.9502458423716,True
candidate,rc,ff,1.8,125,-10,2.0,completed,True,5,a8f28706375150efba2ce63b6b458dad75232acbf922b336ae5f89fab6405e9c,correct,-1,0.44993359868523886,465.9502458423716,True
candidate,rc,ff,1.8,125,-3,1.0,completed,True,5,4c95c3ad41b441d6d34d2c38daa3ae07efdc1a051e0edd65000a8cd6cb064ae4,correct,-1,0.5336631944081484,480.48986447993354,True
candidate,rc,ff,1.8,125,-3,2.0,completed,True,5,4c95c3ad41b441d6d34d2c38daa3ae07efdc1a051e0edd65000a8cd6cb064ae4,correct,-1,0.5336631944081484,480.48986447993354,True
candidate,rc,ff,1.8,125,3,1.0,completed,True,5,70a65c9bd2d7c88e246baef27c0030b0cd41ea4a03a21ea52eb42ab9893432cf,correct,1,0.5129550419675294,476.30018705347385,True
candidate,rc,ff,1.8,125,3,2.0,completed,True,5,70a65c9bd2d7c88e246baef27c0030b0cd41ea4a03a21ea52eb42ab9893432cf,correct,1,0.5129550419675294,476.30018705347385,True
candidate,rc,ff,1.8,125,10,1.0,completed,True,5,c7505bcca734952ec43acef20984a30a55e7479994fc05f15b33332fa890e18e,correct,1,0.44483903579789863,464.6422908611901,True
candidate,rc,ff,1.8,125,10,2.0,completed,True,5,c7505bcca734952ec43acef20984a30a55e7479994fc05f15b33332fa890e18e,correct,1,0.44483903579789863,464.6422908611901,True
candidate,rc,ff,1.95,-40,-10,1.0,completed,True,5,e9ebcd1493d50a9cbf4b935a5c1431b4176c204430d421339e4ccdd5ed667361,correct,-1,0.34415463062941876,487.75638917262813,True
candidate,rc,ff,1.95,-40,-10,2.0,completed,True,5,e9ebcd1493d50a9cbf4b935a5c1431b4176c204430d421339e4ccdd5ed667361,correct,-1,0.34415463062941876,487.75638917262813,True
candidate,rc,ff,1.95,-40,-3,1.0,completed,True,5,5812f144b39e6ac759be570c47ac5418c5472cd3a919c9e81986c89c3361fe2e,correct,-1,0.41095212448302987,498.69740229273333,True
candidate,rc,ff,1.95,-40,-3,2.0,completed,True,5,5812f144b39e6ac759be570c47ac5418c5472cd3a919c9e81986c89c3361fe2e,correct,-1,0.41095212448302987,498.69740229273333,True
candidate,rc,ff,1.95,-40,3,1.0,completed,True,5,b95f27c1f50ff8cec2583166712c2e66c3eaf7a2ef564a9e814f6226c8cf8626,correct,1,0.39048322403256874,495.2156127324273,True
candidate,rc,ff,1.95,-40,3,2.0,completed,True,5,b95f27c1f50ff8cec2583166712c2e66c3eaf7a2ef564a9e814f6226c8cf8626,correct,1,0.39048322403256874,495.2156127324273,True
candidate,rc,ff,1.95,-40,10,1.0,completed,True,5,7ed74e2e4725497459dcaf73650bcc170c933fab6a9be31fb58d1c1b7560e83b,correct,1,0.334384395679988,486.58972069752303,True
candidate,rc,ff,1.95,-40,10,2.0,completed,True,5,7ed74e2e4725497459dcaf73650bcc170c933fab6a9be31fb58d1c1b7560e83b,correct,1,0.334384395679988,486.58972069752303,True
candidate,rc,ff,1.95,27,-10,1.0,completed,True,5,c320fea812b17f1861d2a983943d28377e48610b24cb49848b7bb5ad23909531,correct,-1,0.36586177526148994,516.5123021843052,True
candidate,rc,ff,1.95,27,-10,2.0,completed,True,5,c320fea812b17f1861d2a983943d28377e48610b24cb49848b7bb5ad23909531,correct,-1,0.36586177526148994,516.5123021843052,True
candidate,rc,ff,1.95,27,-3,1.0,completed,True,5,a07baa588515b6b87fe426b9c6f72f1f1347b9557e14934e3097bd8ce5384566,correct,-1,0.43572927121037863,531.0609485180871,True
candidate,rc,ff,1.95,27,-3,2.0,completed,True,5,a07baa588515b6b87fe426b9c6f72f1f1347b9557e14934e3097bd8ce5384566,correct,-1,0.43572927121037863,531.0609485180871,True
candidate,rc,ff,1.95,27,3,1.0,completed,True,5,1f7179e0680d85452411cffd9c01b7c887982f6bca3f8a916f5e51a6bd12f959,correct,1,0.41417000105036805,526.1479329011374,True
candidate,rc,ff,1.95,27,3,2.0,completed,True,5,1f7179e0680d85452411cffd9c01b7c887982f6bca3f8a916f5e51a6bd12f959,correct,1,0.41417000105036805,526.1479329011374,True
candidate,rc,ff,1.95,27,10,1.0,completed,True,5,18f074895350a61ca7718b175787786617e2b4b4e53c2069c5e95d52cbccbaf7,correct,1,0.3576009236423596,514.9836678916868,True
candidate,rc,ff,1.95,27,10,2.0,completed,True,5,18f074895350a61ca7718b175787786617e2b4b4e53c2069c5e95d52cbccbaf7,correct,1,0.3576009236423596,514.9836678916868,True
candidate,rc,ff,1.95,125,-10,1.0,completed,True,5,19913c09aae24cd0c5df16644900bbe149124ccf2c71ad8f0e2716a182017c80,correct,-1,0.4084646982974211,564.9130976776111,True
candidate,rc,ff,1.95,125,-10,2.0,completed,True,5,19913c09aae24cd0c5df16644900bbe149124ccf2c71ad8f0e2716a182017c80,correct,-1,0.4084646982974211,564.9130976776111,True
candidate,rc,ff,1.95,125,-3,1.0,completed,True,5,9b0445e8a8db7e37d7842eb021a9283be83c4a17af375c72cdd34e01e7f363a9,correct,-1,0.4860826318040011,584.4410462256238,True
candidate,rc,ff,1.95,125,-3,2.0,completed,True,5,9b0445e8a8db7e37d7842eb021a9283be83c4a17af375c72cdd34e01e7f363a9,correct,-1,0.4860826318040011,584.4410462256238,True
candidate,rc,ff,1.95,125,3,1.0,completed,True,5,678b7ef59f76fff447f24cd6b94345e04a7bf01cdc8dd2e179d397521cf7fd8c,correct,1,0.4610630555628105,577.4634547087577,True
candidate,rc,ff,1.95,125,3,2.0,completed,True,5,678b7ef59f76fff447f24cd6b94345e04a7bf01cdc8dd2e179d397521cf7fd8c,correct,1,0.4610630555628105,577.4634547087577,True
candidate,rc,ff,1.95,125,10,1.0,completed,True,5,68b09dd19fc227427d0576b2d315ef374a1a54655401bdbf20f4b8ceee12bbc2,correct,1,0.40374590626264883,562.8073987915704,True
candidate,rc,ff,1.95,125,10,2.0,completed,True,5,68b09dd19fc227427d0576b2d315ef374a1a54655401bdbf20f4b8ceee12bbc2,correct,1,0.40374590626264883,562.8073987915704,True
candidate,rc,fs,1.62,-40,-10,1.0,completed,True,5,38f02e72df89e965cb6e3f2c4e1e22d9c5aa1926d71a455d2d0f7f2799e6415b,unresolved,0,,278.3241654830752,True
candidate,rc,fs,1.62,-40,-10,2.0,completed,True,5,38f02e72df89e965cb6e3f2c4e1e22d9c5aa1926d71a455d2d0f7f2799e6415b,correct,-1,1.6355829537524296,278.3241654830752,True
candidate,rc,fs,1.62,-40,-3,1.0,completed,True,5,44a1e4517ef840968299b469fea0eb0447303cc3ebad910377d730bddd8a9fbd,unresolved,0,,283.78498842733126,True
candidate,rc,fs,1.62,-40,-3,2.0,completed,True,5,44a1e4517ef840968299b469fea0eb0447303cc3ebad910377d730bddd8a9fbd,correct,-1,1.8106318075694012,283.78498842733126,True
candidate,rc,fs,1.62,-40,3,1.0,completed,True,5,3b971be6e03356fc318bae8cc90a95d9a1a015470ed4083305acefee94f99dfb,unresolved,0,,283.37499834696996,True
candidate,rc,fs,1.62,-40,3,2.0,completed,True,5,3b971be6e03356fc318bae8cc90a95d9a1a015470ed4083305acefee94f99dfb,correct,1,1.800631676242821,283.37499834696996,True
candidate,rc,fs,1.62,-40,10,1.0,completed,True,5,46b69249aa7938296d761a4e206b33158859e993cc8508f9fc158b36369879ed,unresolved,0,,278.0991296444513,True
candidate,rc,fs,1.62,-40,10,2.0,completed,True,5,46b69249aa7938296d761a4e206b33158859e993cc8508f9fc158b36369879ed,correct,1,1.6305832480376299,278.0991296444513,True
candidate,rc,fs,1.62,27,-10,1.0,completed,True,5,6422ddd1349c0b414e2a991b3d006a911954670f598f4849447b3564d21f89bc,unresolved,0,,303.13958038904894,True
candidate,rc,fs,1.62,27,-10,2.0,completed,True,5,6422ddd1349c0b414e2a991b3d006a911954670f598f4849447b3564d21f89bc,correct,-1,1.2597116659324987,303.13958038904894,True
candidate,rc,fs,1.62,27,-3,1.0,completed,True,5,e381c86c3131cdafd981862fe7bd81cb5c4c8c482d1a7ecc84283d725d5f8cd8,unresolved,0,,310.1628278864873,True
candidate,rc,fs,1.62,27,-3,2.0,completed,True,5,e381c86c3131cdafd981862fe7bd81cb5c4c8c482d1a7ecc84283d725d5f8cd8,correct,-1,1.4097133143874008,310.1628278864873,True
candidate,rc,fs,1.62,27,3,1.0,completed,True,5,23ae512505cd9ec598ae78ea8afc210f4d24dce6338dc7bc995b018e3669ed8b,unresolved,0,,309.60339546023175,True
candidate,rc,fs,1.62,27,3,2.0,completed,True,5,23ae512505cd9ec598ae78ea8afc210f4d24dce6338dc7bc995b018e3669ed8b,correct,1,1.3947132541894702,309.60339546023175,True
candidate,rc,fs,1.62,27,10,1.0,completed,True,5,4cc74627c761073e4e51dd5b56b4f5fc1e656d7efb1c3be17b06fb247ccf602f,unresolved,0,,302.85100547852977,True
candidate,rc,fs,1.62,27,10,2.0,completed,True,5,4cc74627c761073e4e51dd5b56b4f5fc1e656d7efb1c3be17b06fb247ccf602f,correct,1,1.2547110474462702,302.85100547852977,True
candidate,rc,fs,1.62,125,-10,1.0,completed,True,5,cae4f963e5c5a6c2ad7b12d30461d8a752cdfab090d74af933dd1261386bf26f,unresolved,0,,341.61642307955697,True
candidate,rc,fs,1.62,125,-10,2.0,completed,True,5,cae4f963e5c5a6c2ad7b12d30461d8a752cdfab090d74af933dd1261386bf26f,correct,-1,1.087953452630549,341.61642307955697,True
candidate,rc,fs,1.62,125,-3,1.0,completed,True,5,297d820eb7c32f36e88abd13a6a13c83d8bd9763c7c004413d65995a501a9995,unresolved,0,,349.9103782647039,True
candidate,rc,fs,1.62,125,-3,2.0,completed,True,5,297d820eb7c32f36e88abd13a6a13c83d8bd9763c7c004413d65995a501a9995,correct,-1,1.22295472786087,349.9103782647039,True
candidate,rc,fs,1.62,125,3,1.0,completed,True,5,2aeabd47ce9e60ed182d2e45468b31619027cc584539762d0d686733d6364822,unresolved,0,,349.0513308293731,True
candidate,rc,fs,1.62,125,3,2.0,completed,True,5,2aeabd47ce9e60ed182d2e45468b31619027cc584539762d0d686733d6364822,correct,1,1.2129550324760285,349.0513308293731,True
candidate,rc,fs,1.62,125,10,1.0,completed,True,5,93ef67ff1d9a62a7e4cfcaa509799a1d2a364c4670e2d7221b8d33839349b166,unresolved,0,,341.2626215785199,True
candidate,rc,fs,1.62,125,10,2.0,completed,True,5,93ef67ff1d9a62a7e4cfcaa509799a1d2a364c4670e2d7221b8d33839349b166,correct,1,1.082953749137391,341.2626215785199,True
candidate,rc,fs,1.8,-40,-10,1.0,completed,True,5,99c0cba305cf45f048ccafaa0c83c4f3dea8b4c8e4e08aa28b067ebd214f9b39,correct,-1,0.7384318060428208,371.6619779372585,True
candidate,rc,fs,1.8,-40,-10,2.0,completed,True,5,99c0cba305cf45f048ccafaa0c83c4f3dea8b4c8e4e08aa28b067ebd214f9b39,correct,-1,0.7384318060428208,371.6619779372585,True
candidate,rc,fs,1.8,-40,-3,1.0,completed,True,5,72995395dec2bd47151c6bcd82da6bce9e125e3484642dfee1b2206f1980f538,correct,-1,0.8534421152306497,380.22823856209584,True
candidate,rc,fs,1.8,-40,-3,2.0,completed,True,5,72995395dec2bd47151c6bcd82da6bce9e125e3484642dfee1b2206f1980f538,correct,-1,0.8534421152306497,380.22823856209584,True
candidate,rc,fs,1.8,-40,3,1.0,completed,True,5,2f8ceb4486962580deb4d1cd97eff1dcce09535d5a43e7a7299538fd0e204e2b,correct,1,0.8384435966839981,379.40220400233017,True
candidate,rc,fs,1.8,-40,3,2.0,completed,True,5,2f8ceb4486962580deb4d1cd97eff1dcce09535d5a43e7a7299538fd0e204e2b,correct,1,0.8384435966839981,379.40220400233017,True
candidate,rc,fs,1.8,-40,10,1.0,completed,True,5,5fc99029c4b71fbabac0680bfc155a89c910c4de34966e4a0989712c1240c839,correct,1,0.7384332811685093,371.23306583375467,True
candidate,rc,fs,1.8,-40,10,2.0,completed,True,5,5fc99029c4b71fbabac0680bfc155a89c910c4de34966e4a0989712c1240c839,correct,1,0.7384332811685093,371.23306583375467,True
candidate,rc,fs,1.8,27,-10,1.0,completed,True,5,ad402289ad9a3515edca00945ee15f12a25bded0687bc35e83dd4a7100e21434,correct,-1,0.7253784176039086,398.5701858621969,True
candidate,rc,fs,1.8,27,-10,2.0,completed,True,5,ad402289ad9a3515edca00945ee15f12a25bded0687bc35e83dd4a7100e21434,correct,-1,0.7253784176039086,398.5701858621969,True
candidate,rc,fs,1.8,27,-3,1.0,completed,True,5,7643e16e97f9271f36730e130a6afdbf06b64a88e8ad11f07b20225e7391b341,correct,-1,0.835392609448411,407.48370434239126,True
candidate,rc,fs,1.8,27,-3,2.0,completed,True,5,7643e16e97f9271f36730e130a6afdbf06b64a88e8ad11f07b20225e7391b341,correct,-1,0.835392609448411,407.48370434239126,True
candidate,rc,fs,1.8,27,3,1.0,completed,True,5,cef8420d670f0c9ce6d07118b2f48b200adcce446c7ee117c2a24af22483bee4,correct,1,0.8253938641475808,406.42803676413456,True
candidate,rc,fs,1.8,27,3,2.0,completed,True,5,cef8420d670f0c9ce6d07118b2f48b200adcce446c7ee117c2a24af22483bee4,correct,1,0.8253938641475808,406.42803676413456,True
candidate,rc,fs,1.8,27,10,1.0,completed,True,5,d9cd62a7bcb2d6493ce101dc8641a9d5bbcc8ecb8bf8ae0e2078a12963675131,correct,1,0.7203785247331097,398.086016738696,True
candidate,rc,fs,1.8,27,10,2.0,completed,True,5,d9cd62a7bcb2d6493ce101dc8641a9d5bbcc8ecb8bf8ae0e2078a12963675131,correct,1,0.7203785247331097,398.086016738696,True
candidate,rc,fs,1.8,125,-10,1.0,completed,True,5,dab1f563db455ae6332b2d0ac96a06e40051e0973d6c337a458327d99cbdfe98,correct,-1,0.7508050798710597,445.9608339366599,True
candidate,rc,fs,1.8,125,-10,2.0,completed,True,5,dab1f563db455ae6332b2d0ac96a06e40051e0973d6c337a458327d99cbdfe98,correct,-1,0.7508050798710597,445.9608339366599,True
candidate,rc,fs,1.8,125,-3,1.0,completed,True,5,75e8f54399687d2b2b0c71f31c55db4bfd0074d4f4f1fd99cfd9f1c7e7fb4a8e,correct,-1,0.8608234593405113,457.71271656289815,True
candidate,rc,fs,1.8,125,-3,2.0,completed,True,5,75e8f54399687d2b2b0c71f31c55db4bfd0074d4f4f1fd99cfd9f1c7e7fb4a8e,correct,-1,0.8608234593405113,457.71271656289815,True
candidate,rc,fs,1.8,125,3,1.0,completed,True,5,fe3bb9dde63166576f686dab815dab2dbf5aafaa744201a0212365ccca60f9a5,correct,1,0.8458175073591905,455.99295667288834,True
candidate,rc,fs,1.8,125,3,2.0,completed,True,5,fe3bb9dde63166576f686dab815dab2dbf5aafaa744201a0212365ccca60f9a5,correct,1,0.8458175073591905,455.99295667288834,True
candidate,rc,fs,1.8,125,10,1.0,completed,True,5,547cb32fced14b48dc45e5b8a198659914a49f6521bc2f131ada801abf3963e7,correct,1,0.7457956872153197,445.34891523153647,True
candidate,rc,fs,1.8,125,10,2.0,completed,True,5,547cb32fced14b48dc45e5b8a198659914a49f6521bc2f131ada801abf3963e7,correct,1,0.7457956872153197,445.34891523153647,True
candidate,rc,fs,1.95,-40,-10,1.0,completed,True,5,d55cf7e5068baf41723989e1b6f33404956e159fbc45118eca9f2ea798d8710a,correct,-1,0.5326363875564296,458.93752855193844,True
candidate,rc,fs,1.95,-40,-10,2.0,completed,True,5,d55cf7e5068baf41723989e1b6f33404956e159fbc45118eca9f2ea798d8710a,correct,-1,0.5326363875564296,458.93752855193844,True
candidate,rc,fs,1.95,-40,-3,1.0,completed,True,5,f3761073ab1899a9dffc3199f9d8b3e1a23da64d9538ba5368280aa723872943,correct,-1,0.6226586440853207,468.5311840636313,True
candidate,rc,fs,1.95,-40,-3,2.0,completed,True,5,f3761073ab1899a9dffc3199f9d8b3e1a23da64d9538ba5368280aa723872943,correct,-1,0.6226586440853207,468.5311840636313,True
candidate,rc,fs,1.95,-40,3,1.0,completed,True,5,dd0144f54c2d228ea04c11d1d5166ce630391ea508577017f723d14be4d68258,correct,1,0.6076710503542084,467.20577623958053,True
candidate,rc,fs,1.95,-40,3,2.0,completed,True,5,dd0144f54c2d228ea04c11d1d5166ce630391ea508577017f723d14be4d68258,correct,1,0.6076710503542084,467.20577623958053,True
candidate,rc,fs,1.95,-40,10,1.0,completed,True,5,ddfa77d3231cba990be04741c3499ad87cf6db5573f6b0e7ca407d61c0c34b70,correct,1,0.5276489125075089,458.290875713992,True
candidate,rc,fs,1.95,-40,10,2.0,completed,True,5,ddfa77d3231cba990be04741c3499ad87cf6db5573f6b0e7ca407d61c0c34b70,correct,1,0.5276489125075089,458.290875713992,True
candidate,rc,fs,1.95,27,-10,1.0,completed,True,5,fdb78efc2c808e32d4296b741aff1a4bb8836ad1ebd58d24ab71f67b0ade10d1,correct,-1,0.5628615821606212,488.02899482267276,True
candidate,rc,fs,1.95,27,-10,2.0,completed,True,5,fdb78efc2c808e32d4296b741aff1a4bb8836ad1ebd58d24ab71f67b0ade10d1,correct,-1,0.5628615821606212,488.02899482267276,True
candidate,rc,fs,1.95,27,-3,1.0,completed,True,5,d09ca2bf52c9e848c90735207fe6405e158469848f38263377eb1dc24a6c2ea6,correct,-1,0.6528313706250911,499.27018739015426,True
candidate,rc,fs,1.95,27,-3,2.0,completed,True,5,d09ca2bf52c9e848c90735207fe6405e158469848f38263377eb1dc24a6c2ea6,correct,-1,0.6528313706250911,499.27018739015426,True
candidate,rc,fs,1.95,27,3,1.0,completed,True,5,ae832bc63d1c455e7cce2bee988632eb86e101e6ae01469206238bb8e060e50d,correct,1,0.6378157166210906,497.3618969388175,True
candidate,rc,fs,1.95,27,3,2.0,completed,True,5,ae832bc63d1c455e7cce2bee988632eb86e101e6ae01469206238bb8e060e50d,correct,1,0.6378157166210906,497.3618969388175,True
candidate,rc,fs,1.95,27,10,1.0,completed,True,5,7e331d4905f1e071e560e338d37afeb2c0dea1e5305c90e2c44764da6c6625c2,correct,1,0.5578631743338794,487.30234184457885,True
candidate,rc,fs,1.95,27,10,2.0,completed,True,5,7e331d4905f1e071e560e338d37afeb2c0dea1e5305c90e2c44764da6c6625c2,correct,1,0.5578631743338794,487.30234184457885,True
candidate,rc,fs,1.95,125,-10,1.0,completed,True,5,f78d1c3742e782967357aa1a9c4764de7901b9a5605c3f907a675b5479977a24,correct,-1,0.6169448722148101,544.7458373594399,True
candidate,rc,fs,1.95,125,-10,2.0,completed,True,5,f78d1c3742e782967357aa1a9c4764de7901b9a5605c3f907a675b5479977a24,correct,-1,0.6169448722148101,544.7458373594399,True
candidate,rc,fs,1.95,125,-3,1.0,completed,True,5,8d8bcf940a75ec5cdd16d0667350a01e1832572e0992dfb3ce2260063117204e,correct,-1,0.7124167997519588,560.2197167239627,True
candidate,rc,fs,1.95,125,-3,2.0,completed,True,5,8d8bcf940a75ec5cdd16d0667350a01e1832572e0992dfb3ce2260063117204e,correct,-1,0.7124167997519588,560.2197167239627,True
candidate,rc,fs,1.95,125,3,1.0,completed,True,5,3def01fba575b74da89ecbdb3f35870311bbee3a66b9228585cfd5c3d45feffe,correct,1,0.6924073252868481,557.2665946636764,True
candidate,rc,fs,1.95,125,3,2.0,completed,True,5,3def01fba575b74da89ecbdb3f35870311bbee3a66b9228585cfd5c3d45feffe,correct,1,0.6924073252868481,557.2665946636764,True
candidate,rc,fs,1.95,125,10,1.0,completed,True,5,2d505df0d560a109139d6183d253bd1fb4638b5c2ebb58cc219d7948d7896773,correct,1,0.6122712084994689,543.7702645161529,True
candidate,rc,fs,1.95,125,10,2.0,completed,True,5,2d505df0d560a109139d6183d253bd1fb4638b5c2ebb58cc219d7948d7896773,correct,1,0.6122712084994689,543.7702645161529,True
candidate,rc,sf,1.62,-40,-10,1.0,completed,True,5,0c6db0747b823cb838059ff2a72b8cfa04fa9d265dae34bfe5df354c879e1e54,correct,-1,0.5885926718561296,311.64230724644096,True
candidate,rc,sf,1.62,-40,-10,2.0,completed,True,5,0c6db0747b823cb838059ff2a72b8cfa04fa9d265dae34bfe5df354c879e1e54,correct,-1,0.5885926718561296,311.64230724644096,True
candidate,rc,sf,1.62,-40,-3,1.0,completed,True,5,014b3f36b9227ffe98183aa58d2e9ada952868410393f727ecf0135b03e2b65e,correct,-1,0.843593975184721,317.87125385542686,True
candidate,rc,sf,1.62,-40,-3,2.0,completed,True,5,014b3f36b9227ffe98183aa58d2e9ada952868410393f727ecf0135b03e2b65e,correct,-1,0.843593975184721,317.87125385542686,True
candidate,rc,sf,1.62,-40,3,1.0,completed,True,5,d95f8570a4c998e9258a4d7aaf70f77e8d2d7eb4eb13dced028705eed6b01533,correct,1,0.7935945036861304,316.8335303569061,True
candidate,rc,sf,1.62,-40,3,2.0,completed,True,5,d95f8570a4c998e9258a4d7aaf70f77e8d2d7eb4eb13dced028705eed6b01533,correct,1,0.7935945036861304,316.8335303569061,True
candidate,rc,sf,1.62,-40,10,1.0,completed,True,5,f50a884a4ac6b724df89154e3c4ed826834f5ce8746ac3fc3d389beb18e995a0,correct,1,0.5734932320943592,311.1181066298715,True
candidate,rc,sf,1.62,-40,10,2.0,completed,True,5,f50a884a4ac6b724df89154e3c4ed826834f5ce8746ac3fc3d389beb18e995a0,correct,1,0.5734932320943592,311.1181066298715,True
candidate,rc,sf,1.62,27,-10,1.0,completed,True,5,b1b7848431ffac6d838f19f1f991f9e4f1a7c9b4954db5ee71848ba29eeae873,correct,-1,0.5846294922248209,333.7183720280494,True
candidate,rc,sf,1.62,27,-10,2.0,completed,True,5,b1b7848431ffac6d838f19f1f991f9e4f1a7c9b4954db5ee71848ba29eeae873,correct,-1,0.5846294922248209,333.7183720280494,True
candidate,rc,sf,1.62,27,-3,1.0,completed,True,5,60e8bec63157872c279a4170bf706dae15d58a03ae5a5a4528b24ec092c87817,correct,-1,0.7996386301785112,339.93958164857565,True
candidate,rc,sf,1.62,27,-3,2.0,completed,True,5,60e8bec63157872c279a4170bf706dae15d58a03ae5a5a4528b24ec092c87817,correct,-1,0.7996386301785112,339.93958164857565,True
candidate,rc,sf,1.62,27,3,1.0,completed,True,5,b2e7ad2966348d61bfb98690d6762c34119a96c420f615dea326bd5370f2dd0b,correct,1,0.7544828110026301,338.7296382874144,True
candidate,rc,sf,1.62,27,3,2.0,completed,True,5,b2e7ad2966348d61bfb98690d6762c34119a96c420f615dea326bd5370f2dd0b,correct,1,0.7544828110026301,338.7296382874144,True
candidate,rc,sf,1.62,27,10,1.0,completed,True,5,95c07fa27ee0086d128e9521c2a0d28e949aa25ee0d2cb41dffe09fb1127257e,correct,1,0.5694716794222906,333.14955542954834,True
candidate,rc,sf,1.62,27,10,2.0,completed,True,5,95c07fa27ee0086d128e9521c2a0d28e949aa25ee0d2cb41dffe09fb1127257e,correct,1,0.5694716794222906,333.14955542954834,True
candidate,rc,sf,1.62,125,-10,1.0,completed,True,5,603c22e74cc8fd109867c9a0756fe20b4b0c217b465e2e01abedbafaf21bfc27,correct,-1,0.5584285651152112,363.6969953804738,True
candidate,rc,sf,1.62,125,-10,2.0,completed,True,5,603c22e74cc8fd109867c9a0756fe20b4b0c217b465e2e01abedbafaf21bfc27,correct,-1,0.5584285651152112,363.6969953804738,True
candidate,rc,sf,1.62,125,-3,1.0,completed,True,5,c6849139a27851613c859df5b22b5d242021138dab4f5c157e9cb34c66af5ade,correct,-1,0.7133245721384183,371.40452681363337,True
candidate,rc,sf,1.62,125,-3,2.0,completed,True,5,c6849139a27851613c859df5b22b5d242021138dab4f5c157e9cb34c66af5ade,correct,-1,0.7133245721384183,371.40452681363337,True
candidate,rc,sf,1.62,125,3,1.0,completed,True,5,1f37777866468cfb41ed2db28a7b78b643559d594253c94919b5a70a649ca8ca,correct,1,0.6780263266153481,369.50408850400225,True
candidate,rc,sf,1.62,125,3,2.0,completed,True,5,1f37777866468cfb41ed2db28a7b78b643559d594253c94919b5a70a649ca8ca,correct,1,0.6780263266153481,369.50408850400225,True
candidate,rc,sf,1.62,125,10,1.0,completed,True,5,0ca8680f47edf40ddad5b37f7214b3ae619ca2ba92937a0925b05584af8690dd,correct,1,0.5484831431699502,363.0253927080391,True
candidate,rc,sf,1.62,125,10,2.0,completed,True,5,0ca8680f47edf40ddad5b37f7214b3ae619ca2ba92937a0925b05584af8690dd,correct,1,0.5484831431699502,363.0253927080391,True
candidate,rc,sf,1.8,-40,-10,1.0,completed,True,5,d8c75d9a5682924008ad2461d1720975765e712418d09049c1e09e149c8f5cb1,correct,-1,0.4974583881233887,407.7105538181817,True
candidate,rc,sf,1.8,-40,-10,2.0,completed,True,5,d8c75d9a5682924008ad2461d1720975765e712418d09049c1e09e149c8f5cb1,correct,-1,0.4974583881233887,407.7105538181817,True
candidate,rc,sf,1.8,-40,-3,1.0,completed,True,5,5896d68ce2a758f70e3cd0376398b933456694f55815ece8f66a414c6616c31d,correct,-1,0.6675959884857484,414.5381787984502,True
candidate,rc,sf,1.8,-40,-3,2.0,completed,True,5,5896d68ce2a758f70e3cd0376398b933456694f55815ece8f66a414c6616c31d,correct,-1,0.6675959884857484,414.5381787984502,True
candidate,rc,sf,1.8,-40,3,1.0,completed,True,5,a3b4ce08e73610f26d8dcec347baf417a10dcdef3317e0d08e9604f6bf5269c1,correct,1,0.6177973360343789,412.8217045653802,True
candidate,rc,sf,1.8,-40,3,2.0,completed,True,5,a3b4ce08e73610f26d8dcec347baf417a10dcdef3317e0d08e9604f6bf5269c1,correct,1,0.6177973360343789,412.8217045653802,True
candidate,rc,sf,1.8,-40,10,1.0,completed,True,5,63680433ad9e9d78eb6bdea7ca814b185e0e07db812f37c16b459376cf3d7255,correct,1,0.4826572472824594,406.8923701161457,True
candidate,rc,sf,1.8,-40,10,2.0,completed,True,5,63680433ad9e9d78eb6bdea7ca814b185e0e07db812f37c16b459376cf3d7255,correct,1,0.4826572472824594,406.8923701161457,True
candidate,rc,sf,1.8,27,-10,1.0,completed,True,5,ab28cb6a0690d142e5d96963fe0114e122b79c33210accd94ed7695c4b97d99f,correct,-1,0.493768377619841,431.9310060571173,True
candidate,rc,sf,1.8,27,-10,2.0,completed,True,5,ab28cb6a0690d142e5d96963fe0114e122b79c33210accd94ed7695c4b97d99f,correct,-1,0.493768377619841,431.9310060571173,True
candidate,rc,sf,1.8,27,-3,1.0,completed,True,5,e1f677af7ff1436c84e6240d445e7a7f3bce8ecf1f2c112fff9c75ebcdd58853,correct,-1,0.6294774217285112,439.58983759210815,True
candidate,rc,sf,1.8,27,-3,2.0,completed,True,5,e1f677af7ff1436c84e6240d445e7a7f3bce8ecf1f2c112fff9c75ebcdd58853,correct,-1,0.6294774217285112,439.58983759210815,True
candidate,rc,sf,1.8,27,3,1.0,completed,True,5,4676d1c4ca3e32d26e264a4d6808c9490c66981aca95a138bd567a5a4137c02e,correct,1,0.5894845012802309,437.28822643864993,True
candidate,rc,sf,1.8,27,3,2.0,completed,True,5,4676d1c4ca3e32d26e264a4d6808c9490c66981aca95a138bd567a5a4137c02e,correct,1,0.5894845012802309,437.28822643864993,True
candidate,rc,sf,1.8,27,10,1.0,completed,True,5,0de93151cbb3415b421f1c05055743edf1229e9784c1d6bf1b02b7ca5365d2b8,correct,1,0.48356948828027974,431.0368447214067,True
candidate,rc,sf,1.8,27,10,2.0,completed,True,5,0de93151cbb3415b421f1c05055743edf1229e9784c1d6bf1b02b7ca5365d2b8,correct,1,0.48356948828027974,431.0368447214067,True
candidate,rc,sf,1.8,125,-10,1.0,completed,True,5,d0be5d10d6aa8032508f9a0967e06c255a161b3656dda75db215154784b58685,correct,-1,0.47609404863462074,465.734921774821,True
candidate,rc,sf,1.8,125,-10,2.0,completed,True,5,d0be5d10d6aa8032508f9a0967e06c255a161b3656dda75db215154784b58685,correct,-1,0.47609404863462074,465.734921774821,True
candidate,rc,sf,1.8,125,-3,1.0,completed,True,5,0aaacaece8acd23ece13b13a440baa1665462f05bdf587f395bbb68b8f7e6d16,correct,-1,0.589728913201189,477.03057623927293,True
candidate,rc,sf,1.8,125,-3,2.0,completed,True,5,0aaacaece8acd23ece13b13a440baa1665462f05bdf587f395bbb68b8f7e6d16,correct,-1,0.589728913201189,477.03057623927293,True
candidate,rc,sf,1.8,125,3,1.0,completed,True,5,5185f46de61a92f97878762374d9d014dd0611079afd3051f3c914f2c6400b85,correct,1,0.5547743669992108,473.1891949379206,True
candidate,rc,sf,1.8,125,3,2.0,completed,True,5,5185f46de61a92f97878762374d9d014dd0611079afd3051f3c914f2c6400b85,correct,1,0.5547743669992108,473.1891949379206,True
candidate,rc,sf,1.8,125,10,1.0,completed,True,5,3a96c994b6387bf3ddb668ab8ee902d1e175b2e70fae6c6f82afa6a3b8504248,correct,1,0.4651818250969406,464.5352343753293,True
candidate,rc,sf,1.8,125,10,2.0,completed,True,5,3a96c994b6387bf3ddb668ab8ee902d1e175b2e70fae6c6f82afa6a3b8504248,correct,1,0.4651818250969406,464.5352343753293,True
candidate,rc,sf,1.95,-40,-10,1.0,completed,True,5,5d0ee548dea565c95d10821df330a7860487d9ddd16a4672fb5b0e47c9a04186,correct,-1,0.4459801573707606,496.83923035663764,True
candidate,rc,sf,1.95,-40,-10,2.0,completed,True,5,5d0ee548dea565c95d10821df330a7860487d9ddd16a4672fb5b0e47c9a04186,correct,-1,0.4459801573707606,496.83923035663764,True
candidate,rc,sf,1.95,-40,-3,1.0,completed,True,5,e603581abf3d2edadab0dbf5b378920029f93370152e3cb0802f153e3958f92b,correct,-1,0.5626753112464805,504.775609695026,True
candidate,rc,sf,1.95,-40,-3,2.0,completed,True,5,e603581abf3d2edadab0dbf5b378920029f93370152e3cb0802f153e3958f92b,correct,-1,0.5626753112464805,504.775609695026,True
candidate,rc,sf,1.95,-40,3,1.0,completed,True,5,a082b07871838fb055fc70952b687cb56e96302cefecbfb7ea0edf48741b6742,correct,1,0.5202434986184402,501.9778374115738,True
candidate,rc,sf,1.95,-40,3,2.0,completed,True,5,a082b07871838fb055fc70952b687cb56e96302cefecbfb7ea0edf48741b6742,correct,1,0.5202434986184402,501.9778374115738,True
candidate,rc,sf,1.95,-40,10,1.0,completed,True,5,0c4461bcd0e1b629450e510565fb82d58bdd008bdf7081e1443df3d6ca30fc40,correct,1,0.43306189663653094,495.7295220016165,True
candidate,rc,sf,1.95,-40,10,2.0,completed,True,5,0c4461bcd0e1b629450e510565fb82d58bdd008bdf7081e1443df3d6ca30fc40,correct,1,0.43306189663653094,495.7295220016165,True
candidate,rc,sf,1.95,27,-10,1.0,completed,True,5,01cf4021d128e36ca470d794331a613f1c357b56fc49fd04360cd8bfbb9d993d,correct,-1,0.4429263846694803,523.3145133464806,True
candidate,rc,sf,1.95,27,-10,2.0,completed,True,5,01cf4021d128e36ca470d794331a613f1c357b56fc49fd04360cd8bfbb9d993d,correct,-1,0.4429263846694803,523.3145133464806,True
candidate,rc,sf,1.95,27,-3,1.0,completed,True,5,f84225c3d0638dff9608edbf32cef0659f812e8159ccba3db6cd69da18290a92,correct,-1,0.54366678421448,533.8989419004704,True
candidate,rc,sf,1.95,27,-3,2.0,completed,True,5,f84225c3d0638dff9608edbf32cef0659f812e8159ccba3db6cd69da18290a92,correct,-1,0.54366678421448,533.8989419004704,True
candidate,rc,sf,1.95,27,3,1.0,completed,True,5,6301177b5146205035cf4e6fbb5fe2e5923b8fb954fbe36c9c2ed67ca473d272,correct,1,0.5029215312406309,529.6956150596169,True
candidate,rc,sf,1.95,27,3,2.0,completed,True,5,6301177b5146205035cf4e6fbb5fe2e5923b8fb954fbe36c9c2ed67ca473d272,correct,1,0.5029215312406309,529.6956150596169,True
candidate,rc,sf,1.95,27,10,1.0,completed,True,5,72409ef32e256f86e13208f10ab41e4638eaf721f411e5ddd23e5f58d7640b9e,correct,1,0.42860447877089075,521.963922050135,True
candidate,rc,sf,1.95,27,10,2.0,completed,True,5,72409ef32e256f86e13208f10ab41e4638eaf721f411e5ddd23e5f58d7640b9e,correct,1,0.42860447877089075,521.963922050135,True
candidate,rc,sf,1.95,125,-10,1.0,completed,True,5,8f0e07c1af5f315db9f1a90697f00ed32344caddccde23f2d69b372cd70bdb31,correct,-1,0.4340961087999295,561.6013567716163,True
candidate,rc,sf,1.95,125,-10,2.0,completed,True,5,8f0e07c1af5f315db9f1a90697f00ed32344caddccde23f2d69b372cd70bdb31,correct,-1,0.4340961087999295,561.6013567716163,True
candidate,rc,sf,1.95,125,-3,1.0,completed,True,5,8141bea0c04bc02b821e01afaaa26a59d8f9157bb76998c549cf11649cd5c059,correct,-1,0.5279756615535091,577.3190981907857,True
candidate,rc,sf,1.95,125,-3,2.0,completed,True,5,8141bea0c04bc02b821e01afaaa26a59d8f9157bb76998c549cf11649cd5c059,correct,-1,0.5279756615535091,577.3190981907857,True
candidate,rc,sf,1.95,125,3,1.0,completed,True,5,432d4b0362db12f67f4a57bbc1e167eaaaf98549e2fde34cc760e08862b931ae,correct,1,0.4927548617887583,570.7194062137269,True
candidate,rc,sf,1.95,125,3,2.0,completed,True,5,432d4b0362db12f67f4a57bbc1e167eaaaf98549e2fde34cc760e08862b931ae,correct,1,0.4927548617887583,570.7194062137269,True
candidate,rc,sf,1.95,125,10,1.0,completed,True,5,2b288a408ea7d73376a9ea6de083f4fe44d5e21797fc414455e27c0238736143,correct,1,0.42376933170929904,559.6392669588363,True
candidate,rc,sf,1.95,125,10,2.0,completed,True,5,2b288a408ea7d73376a9ea6de083f4fe44d5e21797fc414455e27c0238736143,correct,1,0.42376933170929904,559.6392669588363,True
candidate,rc,ss,1.62,-40,-10,1.0,completed,True,5,3b78d8d51d7f92b0948e90de28a3e4f4ce6a1455f15a32c238e9eba96fe19f67,unresolved,0,,285.52464366305696,True
candidate,rc,ss,1.62,-40,-10,2.0,completed,True,5,3b78d8d51d7f92b0948e90de28a3e4f4ce6a1455f15a32c238e9eba96fe19f67,correct,-1,1.3098833058783697,285.52464366305696,True
candidate,rc,ss,1.62,-40,-3,1.0,completed,True,5,4836618b239bf818231518eb5fcfeee0839517ebf1503f87ed4e75c121e4e0f3,unresolved,0,,292.33720761088557,True
candidate,rc,ss,1.62,-40,-3,2.0,completed,True,5,4836618b239bf818231518eb5fcfeee0839517ebf1503f87ed4e75c121e4e0f3,correct,-1,1.5649135821162394,292.33720761088557,True
candidate,rc,ss,1.62,-40,3,1.0,completed,True,5,c3a56b836a986e85e0c3bc807ffde21657fb62d80f3e61664fe1a3c9db780626,unresolved,0,,291.8145035135114,True
candidate,rc,ss,1.62,-40,3,2.0,completed,True,5,c3a56b836a986e85e0c3bc807ffde21657fb62d80f3e61664fe1a3c9db780626,correct,1,1.5399192343939812,291.8145035135114,True
candidate,rc,ss,1.62,-40,10,1.0,completed,True,5,311ac50323d2a700d695a07fad82f6a1fe7a01ab812a8889b287145f9250b63b,unresolved,0,,285.2476794468429,True
candidate,rc,ss,1.62,-40,10,2.0,completed,True,5,311ac50323d2a700d695a07fad82f6a1fe7a01ab812a8889b287145f9250b63b,correct,1,1.304889178703059,285.2476794468429,True
candidate,rc,ss,1.62,27,-10,1.0,completed,True,5,03e95ebcc75cd5adcd8e9d3aedcf0cdaa9593d9223050bfcb01d88b84be6dd62,unresolved,0,,309.0268606005682,True
candidate,rc,ss,1.62,27,-10,2.0,completed,True,5,03e95ebcc75cd5adcd8e9d3aedcf0cdaa9593d9223050bfcb01d88b84be6dd62,correct,-1,1.0974884766282484,309.0268606005682,True
candidate,rc,ss,1.62,27,-3,1.0,completed,True,5,7027f66ecdb47825cecb5f9d5aef1051bb57cf39b8ac403cd409610a1888fc7b,unresolved,0,,316.2671397130948,True
candidate,rc,ss,1.62,27,-3,2.0,completed,True,5,7027f66ecdb47825cecb5f9d5aef1051bb57cf39b8ac403cd409610a1888fc7b,correct,-1,1.3575049831377006,316.2671397130948,True
candidate,rc,ss,1.62,27,3,1.0,completed,True,5,0ff84a06b23623b1461981a7d9ce420ce6138aa25828c10b622baa3ed5cd0b62,unresolved,0,,315.64523309194414,True
candidate,rc,ss,1.62,27,3,2.0,completed,True,5,0ff84a06b23623b1461981a7d9ce420ce6138aa25828c10b622baa3ed5cd0b62,correct,1,1.327507127710799,315.64523309194414,True
candidate,rc,ss,1.62,27,10,1.0,completed,True,5,65d83c7477afd1bf56543d84c34c7b59c4f5b0fca7760f2d85daaf13443d65a2,unresolved,0,,308.69895977345874,True
candidate,rc,ss,1.62,27,10,2.0,completed,True,5,65d83c7477afd1bf56543d84c34c7b59c4f5b0fca7760f2d85daaf13443d65a2,correct,1,1.0924908748637383,308.69895977345874,True
candidate,rc,ss,1.62,125,-10,1.0,completed,True,5,dae24727188b6e201efc976c3dcce939ebfb1be17a1b969a2bb743111c61e130,unresolved,0,,340.7705415384346,True
candidate,rc,ss,1.62,125,-10,2.0,completed,True,5,dae24727188b6e201efc976c3dcce939ebfb1be17a1b969a2bb743111c61e130,correct,-1,1.0126044402554892,340.7705415384346,True
candidate,rc,ss,1.62,125,-3,1.0,completed,True,5,499e3ee6920e2d7da70a01a2c2a25e8a49df9298a45b8a2d42c3f2400d640973,unresolved,0,,348.10851982379734,True
candidate,rc,ss,1.62,125,-3,2.0,completed,True,5,499e3ee6920e2d7da70a01a2c2a25e8a49df9298a45b8a2d42c3f2400d640973,correct,-1,1.2176079033897997,348.10851982379734,True
candidate,rc,ss,1.62,125,3,1.0,completed,True,5,12686602b6968aab1cc1cb5288cf94592ac61df1829f295935e16a45fae39b0e,unresolved,0,,347.2956230361519,True
candidate,rc,ss,1.62,125,3,2.0,completed,True,5,12686602b6968aab1cc1cb5288cf94592ac61df1829f295935e16a45fae39b0e,correct,1,1.1926084829950083,347.2956230361519,True
candidate,rc,ss,1.62,125,10,1.0,completed,True,5,a705480ea3b6f9c60b630149b7828abaa771de1c1d61e1cc9a68a0da93ec2630,unresolved,0,,340.3868111058107,True
candidate,rc,ss,1.62,125,10,2.0,completed,True,5,a705480ea3b6f9c60b630149b7828abaa771de1c1d61e1cc9a68a0da93ec2630,correct,1,1.0076049052585985,340.3868111058107,True
candidate,rc,ss,1.8,-40,-10,1.0,completed,True,5,43f2e284bebba931ab5b266ee0dcef972bf97e83008e0553a903f93788e6cf34,correct,-1,0.6865298624906403,379.00860941021585,True
candidate,rc,ss,1.8,-40,-10,2.0,completed,True,5,43f2e284bebba931ab5b266ee0dcef972bf97e83008e0553a903f93788e6cf34,correct,-1,0.6865298624906403,379.00860941021585,True
candidate,rc,ss,1.8,-40,-3,1.0,completed,True,5,968dc6e116047739e9e18b43f3e01469c3a77ebe965f4443e5fb9467cc17f71b,correct,-1,0.9015357837627701,387.55371316677025,True
candidate,rc,ss,1.8,-40,-3,2.0,completed,True,5,968dc6e116047739e9e18b43f3e01469c3a77ebe965f4443e5fb9467cc17f71b,correct,-1,0.9015357837627701,387.55371316677025,True
candidate,rc,ss,1.8,-40,3,1.0,completed,True,5,935c9a5705b40fa1593115716ce8795aa5fececd5485ffa17df9fe60efc1ca0b,correct,1,0.8715369286437284,386.63340965072814,True
candidate,rc,ss,1.8,-40,3,2.0,completed,True,5,935c9a5705b40fa1593115716ce8795aa5fececd5485ffa17df9fe60efc1ca0b,correct,1,0.8715369286437284,386.63340965072814,True
candidate,rc,ss,1.8,-40,10,1.0,completed,True,5,28ad33660c2ec7218f0f95ee66803913ecfa0011c203891a0ca15fb49f9faeaa,correct,1,0.6815310046822411,378.52399619352843,True
candidate,rc,ss,1.8,-40,10,2.0,completed,True,5,28ad33660c2ec7218f0f95ee66803913ecfa0011c203891a0ca15fb49f9faeaa,correct,1,0.6815310046822411,378.52399619352843,True
candidate,rc,ss,1.8,27,-10,1.0,completed,True,5,a2dda9cc210be6d930577ef12002dd3c514c28154158e0cc9f92cffedc3344c6,correct,-1,0.7027689930653005,405.12435440030276,True
candidate,rc,ss,1.8,27,-10,2.0,completed,True,5,a2dda9cc210be6d930577ef12002dd3c514c28154158e0cc9f92cffedc3344c6,correct,-1,0.7027689930653005,405.12435440030276,True
candidate,rc,ss,1.8,27,-3,1.0,completed,True,5,9103e382e4befbe4ffd50ce41b4dba6fb7793907ebde7dce1bda4445fa83e33f,correct,-1,0.8877718791584296,413.5371777497358,True
candidate,rc,ss,1.8,27,-3,2.0,completed,True,5,9103e382e4befbe4ffd50ce41b4dba6fb7793907ebde7dce1bda4445fa83e33f,correct,-1,0.8877718791584296,413.5371777497358,True
candidate,rc,ss,1.8,27,3,1.0,completed,True,5,9bf20a4c44cf673467ac87f3e22dc2492aeb8f04613c893935739aed798ba481,correct,1,0.8627722692867386,412.48057632956994,True
candidate,rc,ss,1.8,27,3,2.0,completed,True,5,9bf20a4c44cf673467ac87f3e22dc2492aeb8f04613c893935739aed798ba481,correct,1,0.8627722692867386,412.48057632956994,True
candidate,rc,ss,1.8,27,10,1.0,completed,True,5,b69d658e5adbbff43d2d15b26efa1285a7f9c8d6fcfc6c292af5e6c94571e9f8,correct,1,0.6977689100233493,404.5904496525125,True
candidate,rc,ss,1.8,27,10,2.0,completed,True,5,b69d658e5adbbff43d2d15b26efa1285a7f9c8d6fcfc6c292af5e6c94571e9f8,correct,1,0.6977689100233493,404.5904496525125,True
candidate,rc,ss,1.8,125,-10,1.0,completed,True,5,c56290ea5b7486f5a59175681fe8d705b3f0d1a40bd4182c82b004b115984241,correct,-1,0.7352754829944204,440.2809232107019,True
candidate,rc,ss,1.8,125,-10,2.0,completed,True,5,c56290ea5b7486f5a59175681fe8d705b3f0d1a40bd4182c82b004b115984241,correct,-1,0.7352754829944204,440.2809232107019,True
candidate,rc,ss,1.8,125,-3,1.0,completed,True,5,ad3b3a1f8606754891a1e9690dc2762bf79b45a2be247b57c23752288214a100,correct,-1,0.8753546967659803,449.6394516778501,True
candidate,rc,ss,1.8,125,-3,2.0,completed,True,5,ad3b3a1f8606754891a1e9690dc2762bf79b45a2be247b57c23752288214a100,correct,-1,0.8753546967659803,449.6394516778501,True
candidate,rc,ss,1.8,125,3,1.0,completed,True,5,a70762f91b9919919897e1ebf19fa7eaadf2e54f733e84dddb565b92e420227c,correct,1,0.8553702230418296,448.10336255998095,True
candidate,rc,ss,1.8,125,3,2.0,completed,True,5,a70762f91b9919919897e1ebf19fa7eaadf2e54f733e84dddb565b92e420227c,correct,1,0.8553702230418296,448.10336255998095,True
candidate,rc,ss,1.8,125,10,1.0,completed,True,5,d845ce61aafc52b7fafe201cf8fa83fe14a5f6db3f17acdedd3e9428ef0c201d,correct,1,0.7304055613758808,439.6687445765889,True
candidate,rc,ss,1.8,125,10,2.0,completed,True,5,d845ce61aafc52b7fafe201cf8fa83fe14a5f6db3f17acdedd3e9428ef0c201d,correct,1,0.7304055613758808,439.6687445765889,True
candidate,rc,ss,1.95,-40,-10,1.0,completed,True,5,01f37c6f374097779e96b51397638db8663aaa50c84041dbf45542f46bc48d6a,correct,-1,0.5371332884601699,467.00135144307353,True
candidate,rc,ss,1.95,-40,-10,2.0,completed,True,5,01f37c6f374097779e96b51397638db8663aaa50c84041dbf45542f46bc48d6a,correct,-1,0.5371332884601699,467.00135144307353,True
candidate,rc,ss,1.95,-40,-3,1.0,completed,True,5,5c4186fa66e76d9f26791a788f100eed90f86f1ec45c2141f869330a33d2aa8f,correct,-1,0.7219760948557791,476.2278286954266,True
candidate,rc,ss,1.95,-40,-3,2.0,completed,True,5,5c4186fa66e76d9f26791a788f100eed90f86f1ec45c2141f869330a33d2aa8f,correct,-1,0.7219760948557791,476.2278286954266,True
candidate,rc,ss,1.95,-40,3,1.0,completed,True,5,021cacd9b5a5e14bb089c022e0c7f2d37fd9b10994f294e9efa97243cf2301d3,correct,1,0.6871902912107503,474.8466135951342,True
candidate,rc,ss,1.95,-40,3,2.0,completed,True,5,021cacd9b5a5e14bb089c022e0c7f2d37fd9b10994f294e9efa97243cf2301d3,correct,1,0.6871902912107503,474.8466135951342,True
candidate,rc,ss,1.95,-40,10,1.0,completed,True,5,3f4b2af166ec19b099623a6d84425251adabb372dcb8e253cd3d5d65f66ac665,correct,1,0.52714302372774,466.2902452995982,True
candidate,rc,ss,1.95,-40,10,2.0,completed,True,5,3f4b2af166ec19b099623a6d84425251adabb372dcb8e253cd3d5d65f66ac665,correct,1,0.52714302372774,466.2902452995982,True
candidate,rc,ss,1.95,27,-10,1.0,completed,True,5,c63c7cf07037c6cab7851f6ddbcce75319d513ddee7bcae58416033c076de43d,correct,-1,0.5769018931178103,494.9496215565348,True
candidate,rc,ss,1.95,27,-10,2.0,completed,True,5,c63c7cf07037c6cab7851f6ddbcce75319d513ddee7bcae58416033c076de43d,correct,-1,0.5769018931178103,494.9496215565348,True
candidate,rc,ss,1.95,27,-3,1.0,completed,True,5,b242e6ce773166a888f5a12e20b6f9c54bc21609068a2e5aaad3187e98747e2a,correct,-1,0.7103391968218695,504.31596607269074,True
candidate,rc,ss,1.95,27,-3,2.0,completed,True,5,b242e6ce773166a888f5a12e20b6f9c54bc21609068a2e5aaad3187e98747e2a,correct,-1,0.7103391968218695,504.31596607269074,True
candidate,rc,ss,1.95,27,3,1.0,completed,True,5,cce678ccd1ad82bb660888478e83b3e7f5523667b99a79486f3b0428d8b1828f,correct,1,0.6853953037174898,502.66760869739727,True
candidate,rc,ss,1.95,27,3,2.0,completed,True,5,cce678ccd1ad82bb660888478e83b3e7f5523667b99a79486f3b0428d8b1828f,correct,1,0.6853953037174898,502.66760869739727,True
candidate,rc,ss,1.95,27,10,1.0,completed,True,5,af5cdff0840d43ebfdb24d9ef9c214bf171374ab0000c91bc32602122164d34d,correct,1,0.5693560714580397,494.20356673192424,True
candidate,rc,ss,1.95,27,10,2.0,completed,True,5,af5cdff0840d43ebfdb24d9ef9c214bf171374ab0000c91bc32602122164d34d,correct,1,0.5693560714580397,494.20356673192424,True
candidate,rc,ss,1.95,125,-10,1.0,completed,True,5,2ff82453cc14862a2544f64f3c51746dc3aa88cafea7447a2dc79468ada9013e,correct,-1,0.6173972266920587,533.092514999428,True
candidate,rc,ss,1.95,125,-10,2.0,completed,True,5,2ff82453cc14862a2544f64f3c51746dc3aa88cafea7447a2dc79468ada9013e,correct,-1,0.6173972266920587,533.092514999428,True
candidate,rc,ss,1.95,125,-3,1.0,completed,True,5,ab16ac13864b0723c245f1fbdd56bcfdb15694172b778e642f0e144262b500c3,correct,-1,0.7277491105700409,545.229537941872,True
candidate,rc,ss,1.95,125,-3,2.0,completed,True,5,ab16ac13864b0723c245f1fbdd56bcfdb15694172b778e642f0e144262b500c3,correct,-1,0.7277491105700409,545.229537941872,True
candidate,rc,ss,1.95,125,3,1.0,completed,True,5,b500352ef06b77f60a056696ae184d04145c71489116b1829eb0f0659731f104,correct,1,0.7025008192661311,542.5583759615798,True
candidate,rc,ss,1.95,125,3,2.0,completed,True,5,b500352ef06b77f60a056696ae184d04145c71489116b1829eb0f0659731f104,correct,1,0.7025008192661311,542.5583759615798,True
candidate,rc,ss,1.95,125,10,1.0,completed,True,5,b75e8b976151882f95d2b3a3a7f048b56d4d6edde2e6703e18b0e4eb9f0e8a76,correct,1,0.6122975007998105,532.1744010479905,True
candidate,rc,ss,1.95,125,10,2.0,completed,True,5,b75e8b976151882f95d2b3a3a7f048b56d4d6edde2e6703e18b0e4eb9f0e8a76,correct,1,0.6122975007998105,532.1744010479905,True
candidate,rc,tt,1.62,-40,-10,1.0,completed,True,5,b97ee53bd9529a32b2e8cd3a6c74c6b67f0ca004186e979c21659e56af5ec7a7,correct,-1,0.7536930586464001,293.562003550007,True
candidate,rc,tt,1.62,-40,-10,2.0,completed,True,5,b97ee53bd9529a32b2e8cd3a6c74c6b67f0ca004186e979c21659e56af5ec7a7,correct,-1,0.7536930586464001,293.562003550007,True
candidate,rc,tt,1.62,-40,-3,1.0,completed,True,5,66dfb2c170a40a3d4f1cd79130cb0069ce45a1032a45e2bd8eda96395c3d8f7c,correct,-1,0.9487085603961511,300.6251711862555,True
candidate,rc,tt,1.62,-40,-3,2.0,completed,True,5,66dfb2c170a40a3d4f1cd79130cb0069ce45a1032a45e2bd8eda96395c3d8f7c,correct,-1,0.9487085603961511,300.6251711862555,True
candidate,rc,tt,1.62,-40,3,1.0,completed,True,5,84d7fc5608997e5ea2b04e5a11c7ff0f073e9251a9b2da620b75c820dbf609eb,correct,1,0.9187105146140498,299.9344893750837,True
candidate,rc,tt,1.62,-40,3,2.0,completed,True,5,84d7fc5608997e5ea2b04e5a11c7ff0f073e9251a9b2da620b75c820dbf609eb,correct,1,0.9187105146140498,299.9344893750837,True
candidate,rc,tt,1.62,-40,10,1.0,completed,True,5,e95fe00c6bf41656790e5bae20fac9741b97d1d7e925508f2388261fc2877dea,correct,1,0.7486950296807799,293.2074904345341,True
candidate,rc,tt,1.62,-40,10,2.0,completed,True,5,e95fe00c6bf41656790e5bae20fac9741b97d1d7e925508f2388261fc2877dea,correct,1,0.7486950296807799,293.2074904345341,True
candidate,rc,tt,1.62,27,-10,1.0,completed,True,5,af68a824ec00bbbadd624310560f556d4f0518df1f5a4296c7c32290bd974aa0,correct,-1,0.7159198611155303,316.90090303117586,True
candidate,rc,tt,1.62,27,-10,2.0,completed,True,5,af68a824ec00bbbadd624310560f556d4f0518df1f5a4296c7c32290bd974aa0,correct,-1,0.7159198611155303,316.90090303117586,True
candidate,rc,tt,1.62,27,-3,1.0,completed,True,5,7a1bc6d592705e09411c40fafca2c26430ea9bea3c5e4d4e6d77258bea280f0a,correct,-1,0.8959256284508206,323.91505461558774,True
candidate,rc,tt,1.62,27,-3,2.0,completed,True,5,7a1bc6d592705e09411c40fafca2c26430ea9bea3c5e4d4e6d77258bea280f0a,correct,-1,0.8959256284508206,323.91505461558774,True
candidate,rc,tt,1.62,27,3,1.0,completed,True,5,d7f33f90029964d7554c9212a329e44430d1aee5b3fe4990750fe7be90756c69,correct,1,0.8709259982619293,323.11224310580997,True
candidate,rc,tt,1.62,27,3,2.0,completed,True,5,d7f33f90029964d7554c9212a329e44430d1aee5b3fe4990750fe7be90756c69,correct,1,0.8709259982619293,323.11224310580997,True
candidate,rc,tt,1.62,27,10,1.0,completed,True,5,4d13346a3a28f84184af124dcb05f95220cb8bc2f43d040ef8e0fca5e441de5b,correct,1,0.7109202808011793,316.49567914526773,True
candidate,rc,tt,1.62,27,10,2.0,completed,True,5,4d13346a3a28f84184af124dcb05f95220cb8bc2f43d040ef8e0fca5e441de5b,correct,1,0.7109202808011793,316.49567914526773,True
candidate,rc,tt,1.62,125,-10,1.0,completed,True,5,e85da2c5221768693f57f4ad6aab5af94284190e7108969f23fa105419155492,correct,-1,0.710229362321501,348.75981302460764,True
candidate,rc,tt,1.62,125,-10,2.0,completed,True,5,e85da2c5221768693f57f4ad6aab5af94284190e7108969f23fa105419155492,correct,-1,0.710229362321501,348.75981302460764,True
candidate,rc,tt,1.62,125,-3,1.0,completed,True,5,04b0fbfa85a100474b0cbd18f71ae8dd874b2501d76bef880a5cfad15a07b845,correct,-1,0.8502303013330909,356.71180951546955,True
candidate,rc,tt,1.62,125,-3,2.0,completed,True,5,04b0fbfa85a100474b0cbd18f71ae8dd874b2501d76bef880a5cfad15a07b845,correct,-1,0.8502303013330909,356.71180951546955,True
candidate,rc,tt,1.62,125,3,1.0,completed,True,5,4d047a1b66efea8beb458fe74a07e75b0303d825b0134c44a27548e8698e67f2,correct,1,0.8302306446086384,355.5073391410073,True
candidate,rc,tt,1.62,125,3,2.0,completed,True,5,4d047a1b66efea8beb458fe74a07e75b0303d825b0134c44a27548e8698e67f2,correct,1,0.8302306446086384,355.5073391410073,True
candidate,rc,tt,1.62,125,10,1.0,completed,True,5,8da95b19d651be0824c41dabcc8824ad9c17fcf364e905d892674a003899cf76,correct,1,0.7052296903280194,348.2857044236339,True
candidate,rc,tt,1.62,125,10,2.0,completed,True,5,8da95b19d651be0824c41dabcc8824ad9c17fcf364e905d892674a003899cf76,correct,1,0.7052296903280194,348.2857044236339,True
candidate,rc,tt,1.8,-40,-10,1.0,completed,True,5,176629bf820b59ed468ec06cc9bdc2c567d234d2819d9fa30430efd4836bcaf8,correct,-1,0.5040729199495293,387.76374438579523,True
candidate,rc,tt,1.8,-40,-10,2.0,completed,True,5,176629bf820b59ed468ec06cc9bdc2c567d234d2819d9fa30430efd4836bcaf8,correct,-1,0.5040729199495293,387.76374438579523,True
candidate,rc,tt,1.8,-40,-3,1.0,completed,True,5,1e1c49135416857e5d93a713b610165a58c008876e5bf836dc19ff2c130dc0d0,correct,-1,0.6593602084645509,395.7293279809792,True
candidate,rc,tt,1.8,-40,-3,2.0,completed,True,5,1e1c49135416857e5d93a713b610165a58c008876e5bf836dc19ff2c130dc0d0,correct,-1,0.6593602084645509,395.7293279809792,True
candidate,rc,tt,1.8,-40,3,1.0,completed,True,5,89376326f0586b9481094b25a9ae451e912028de4bf54ca0a8648d9c0b034af4,correct,1,0.6293633661623691,394.5570950685071,True
candidate,rc,tt,1.8,-40,3,2.0,completed,True,5,89376326f0586b9481094b25a9ae451e912028de4bf54ca0a8648d9c0b034af4,correct,1,0.6293633661623691,394.5570950685071,True
candidate,rc,tt,1.8,-40,10,1.0,completed,True,5,14db47b4efe74bec4949eb25d247e1137cbe0dc006184b16cc28f00a45f30cdb,correct,1,0.4990348188469806,387.1630074136828,True
candidate,rc,tt,1.8,-40,10,2.0,completed,True,5,14db47b4efe74bec4949eb25d247e1137cbe0dc006184b16cc28f00a45f30cdb,correct,1,0.4990348188469806,387.1630074136828,True
candidate,rc,tt,1.8,27,-10,1.0,completed,True,5,bee1867b684493e7f078f6e9cd62eef48c513e13eb7cd3c681708bcbcf2bc37c,correct,-1,0.5279623217929892,413.3601006639843,True
candidate,rc,tt,1.8,27,-10,2.0,completed,True,5,bee1867b684493e7f078f6e9cd62eef48c513e13eb7cd3c681708bcbcf2bc37c,correct,-1,0.5279623217929892,413.3601006639843,True
candidate,rc,tt,1.8,27,-3,1.0,completed,True,5,70ec62b68a2ae33ad29cb5fb8c54401f8f243ec4f597fd48073db81bc692f145,correct,-1,0.647971429449669,421.5969677086919,True
candidate,rc,tt,1.8,27,-3,2.0,completed,True,5,70ec62b68a2ae33ad29cb5fb8c54401f8f243ec4f597fd48073db81bc692f145,correct,-1,0.647971429449669,421.5969677086919,True
candidate,rc,tt,1.8,27,3,1.0,completed,True,5,c844501b0bbc2806a37d6963961e249a988e649118bc96d6f2fc776bb4f01291,correct,1,0.6279724459338607,420.1245870452033,True
candidate,rc,tt,1.8,27,3,2.0,completed,True,5,c844501b0bbc2806a37d6963961e249a988e649118bc96d6f2fc776bb4f01291,correct,1,0.6279724459338607,420.1245870452033,True
candidate,rc,tt,1.8,27,10,1.0,completed,True,5,71a5ed1f6c711d96d3a57fa94dd48b827a307f9de5966b67fcbdab27d363e107,correct,1,0.5228120675331994,412.7098213729031,True
candidate,rc,tt,1.8,27,10,2.0,completed,True,5,71a5ed1f6c711d96d3a57fa94dd48b827a307f9de5966b67fcbdab27d363e107,correct,1,0.5228120675331994,412.7098213729031,True
candidate,rc,tt,1.8,125,-10,1.0,completed,True,5,85ac32d8fa7d63ba80338cb1ad999ee04012ddd37c0ca23995acd1f395bb009f,correct,-1,0.5629164338385788,449.0778255144255,True
candidate,rc,tt,1.8,125,-10,2.0,completed,True,5,85ac32d8fa7d63ba80338cb1ad999ee04012ddd37c0ca23995acd1f395bb009f,correct,-1,0.5629164338385788,449.0778255144255,True
candidate,rc,tt,1.8,125,-3,1.0,completed,True,5,d8598adf687d4733f1be78be9d811c936c93c0598162a76570431f518b0e705e,correct,-1,0.6627903241447387,460.2081813048003,True
candidate,rc,tt,1.8,125,-3,2.0,completed,True,5,d8598adf687d4733f1be78be9d811c936c93c0598162a76570431f518b0e705e,correct,-1,0.6627903241447387,460.2081813048003,True
candidate,rc,tt,1.8,125,3,1.0,completed,True,5,fbc17218237a87fe1a2bb2756a207860b8116eb36a1bea9d065ef5f374431c0e,correct,1,0.6378767816599492,457.78777736775737,True
candidate,rc,tt,1.8,125,3,2.0,completed,True,5,fbc17218237a87fe1a2bb2756a207860b8116eb36a1bea9d065ef5f374431c0e,correct,1,0.6378767816599492,457.78777736775737,True
candidate,rc,tt,1.8,125,10,1.0,completed,True,5,6e6d6445d4279a9ef969583a314ca48d725dfcc41e308b00b315d040b853270c,correct,1,0.5528855719363112,448.2587359715953,True
candidate,rc,tt,1.8,125,10,2.0,completed,True,5,6e6d6445d4279a9ef969583a314ca48d725dfcc41e308b00b315d040b853270c,correct,1,0.5528855719363112,448.2587359715953,True
candidate,rc,tt,1.95,-40,-10,1.0,completed,True,5,64686df0d23a1b8e98adf475dd1b85e9c035594dac196daef547cda656dd0499,correct,-1,0.4231129917817583,475.80245340054216,True
candidate,rc,tt,1.95,-40,-10,2.0,completed,True,5,64686df0d23a1b8e98adf475dd1b85e9c035594dac196daef547cda656dd0499,correct,-1,0.4231129917817583,475.80245340054216,True
candidate,rc,tt,1.95,-40,-3,1.0,completed,True,5,50f47d4cdf28671ff13dfc50da744d0fb6de2223dc5dfdc72148f48b3805715f,correct,-1,0.5385854570280012,484.4737954436902,True
candidate,rc,tt,1.95,-40,-3,2.0,completed,True,5,50f47d4cdf28671ff13dfc50da744d0fb6de2223dc5dfdc72148f48b3805715f,correct,-1,0.5385854570280012,484.4737954436902,True
candidate,rc,tt,1.95,-40,3,1.0,completed,True,5,ab760a15139ff099dbd4251249b2f2acc62323699a6ec9a9f2544b058f0e656b,correct,1,0.5136251401339382,482.66806373477436,True
candidate,rc,tt,1.95,-40,3,2.0,completed,True,5,ab760a15139ff099dbd4251249b2f2acc62323699a6ec9a9f2544b058f0e656b,correct,1,0.5136251401339382,482.66806373477436,True
candidate,rc,tt,1.95,-40,10,1.0,completed,True,5,4db00d92e9603026b6aba859eb8dd92243da49bc7a206fedadcdad57a207fcf6,correct,1,0.41785117598748917,474.9542460048936,True
candidate,rc,tt,1.95,-40,10,2.0,completed,True,5,4db00d92e9603026b6aba859eb8dd92243da49bc7a206fedadcdad57a207fcf6,correct,1,0.41785117598748917,474.9542460048936,True
candidate,rc,tt,1.95,27,-10,1.0,completed,True,5,82a98c25fa77b8e93309173525cc90906f5f626d62df2bc9c0f259a5357fcccc,correct,-1,0.45318655963775917,503.3439998789551,True
candidate,rc,tt,1.95,27,-10,2.0,completed,True,5,82a98c25fa77b8e93309173525cc90906f5f626d62df2bc9c0f259a5357fcccc,correct,-1,0.45318655963775917,503.3439998789551,True
candidate,rc,tt,1.95,27,-3,1.0,completed,True,5,64b16e34e57ee316bc386826474cc0f6851aefc695ab85eed5aad04d65ebde6c,correct,-1,0.5402797766311584,513.7477389224418,True
candidate,rc,tt,1.95,27,-3,2.0,completed,True,5,64b16e34e57ee316bc386826474cc0f6851aefc695ab85eed5aad04d65ebde6c,correct,-1,0.5402797766311584,513.7477389224418,True
candidate,rc,tt,1.95,27,3,1.0,completed,True,5,bfe5263df39a8ff6a2a41ed314169a527e95b7f6f61b2917dd97235462b004e6,correct,1,0.5197086942697283,511.1344375887479,True
candidate,rc,tt,1.95,27,3,2.0,completed,True,5,bfe5263df39a8ff6a2a41ed314169a527e95b7f6f61b2917dd97235462b004e6,correct,1,0.5197086942697283,511.1344375887479,True
candidate,rc,tt,1.95,27,10,1.0,completed,True,5,ad4687714abcbbe0f833e6d5b66842c645fba375aa5f18998cf963771c326f4f,correct,1,0.44450018255741897,502.40026321834944,True
candidate,rc,tt,1.95,27,10,2.0,completed,True,5,ad4687714abcbbe0f833e6d5b66842c645fba375aa5f18998cf963771c326f4f,correct,1,0.44450018255741897,502.40026321834944,True
candidate,rc,tt,1.95,125,-10,1.0,completed,True,5,e132c3fce9ff98248dfd3e147830d0a712753c358143ddf06f0753a496286606,correct,-1,0.48983069548972863,543.3717672569105,True
candidate,rc,tt,1.95,125,-10,2.0,completed,True,5,e132c3fce9ff98248dfd3e147830d0a712753c358143ddf06f0753a496286606,correct,-1,0.48983069548972863,543.3717672569105,True
candidate,rc,tt,1.95,125,-3,1.0,completed,True,5,7ce67bf8d41e8f7f2f6cf3571a0e524605f508d627a3b9ec6e40565ebec61ee7,correct,-1,0.5757040181320501,558.3712718574733,True
candidate,rc,tt,1.95,125,-3,2.0,completed,True,5,7ce67bf8d41e8f7f2f6cf3571a0e524605f508d627a3b9ec6e40565ebec61ee7,correct,-1,0.5757040181320501,558.3712718574733,True
candidate,rc,tt,1.95,125,3,1.0,completed,True,5,74bd978cdc84afea75e93d495a414a19b2ba951a125a295983b55fb03aa7c26e,correct,1,0.5511438730839009,554.191212049226,True
candidate,rc,tt,1.95,125,3,2.0,completed,True,5,74bd978cdc84afea75e93d495a414a19b2ba951a125a295983b55fb03aa7c26e,correct,1,0.5511438730839009,554.191212049226,True
candidate,rc,tt,1.95,125,10,1.0,completed,True,5,85ca5b1fe7fd6fabd031241f0b9de35e2aa2232334622a48b763e1a098986cc6,correct,1,0.4844563363030689,542.052943511659,True
candidate,rc,tt,1.95,125,10,2.0,completed,True,5,85ca5b1fe7fd6fabd031241f0b9de35e2aa2232334622a48b763e1a098986cc6,correct,1,0.4844563363030689,542.052943511659,True
control,c,ff,1.62,-40,-10,1.0,completed,True,5,118c1fc5fb4a711f45629139612e23dd88cd4fb878d18112a414b22433e90a86,correct,-1,0.3836111553365487,254.1067602341274,True
control,c,ff,1.62,-40,-10,2.0,completed,True,5,118c1fc5fb4a711f45629139612e23dd88cd4fb878d18112a414b22433e90a86,correct,-1,0.3836111553365487,254.1067602341274,True
control,c,ff,1.62,-40,-3,1.0,completed,True,5,ddcdb6a37128263150888d6dad12486385ba7763f2fcb54d427f9ea74b88f32f,correct,-1,0.4984511969825581,259.37782724108087,True
control,c,ff,1.62,-40,-3,2.0,completed,True,5,ddcdb6a37128263150888d6dad12486385ba7763f2fcb54d427f9ea74b88f32f,correct,-1,0.4984511969825581,259.37782724108087,True
control,c,ff,1.62,-40,3,1.0,completed,True,5,26d03db299366f6dfd5ccb5ea1506193b7416f0f6d75372e99fd59f1a00987ce,correct,1,0.48827432540313076,259.05760114986333,True
control,c,ff,1.62,-40,3,2.0,completed,True,5,26d03db299366f6dfd5ccb5ea1506193b7416f0f6d75372e99fd59f1a00987ce,correct,1,0.48827432540313076,259.05760114986333,True
control,c,ff,1.62,-40,10,1.0,completed,True,5,52ba09ca84c894a0ff4690ce83996d7937ca2c5c0e35e463c31c1af8aabe80e6,correct,1,0.3834828977883913,253.97146530650045,True
control,c,ff,1.62,-40,10,2.0,completed,True,5,52ba09ca84c894a0ff4690ce83996d7937ca2c5c0e35e463c31c1af8aabe80e6,correct,1,0.3834828977883913,253.97146530650045,True
control,c,ff,1.62,27,-10,1.0,completed,True,5,020c1d77466b399853d180784dacecdefd21a2a5b543b7abe97818b27d725eab,correct,-1,0.39453505382258963,274.22513024284575,True
control,c,ff,1.62,27,-10,2.0,completed,True,5,020c1d77466b399853d180784dacecdefd21a2a5b543b7abe97818b27d725eab,correct,-1,0.39453505382258963,274.22513024284575,True
control,c,ff,1.62,27,-3,1.0,completed,True,5,b9acdb96d58ef99bb03bccf590adcb05499d99e46774b6a55009169084296d2a,correct,-1,0.4845620079208202,280.2272890350122,True
control,c,ff,1.62,27,-3,2.0,completed,True,5,b9acdb96d58ef99bb03bccf590adcb05499d99e46774b6a55009169084296d2a,correct,-1,0.4845620079208202,280.2272890350122,True
control,c,ff,1.62,27,3,1.0,completed,True,5,e2a9b2c0e991d818523ca48e429475f4aef7360ba8f741f4fd8200da167b819c,correct,1,0.47462026861602874,279.76477177476744,True
control,c,ff,1.62,27,3,2.0,completed,True,5,e2a9b2c0e991d818523ca48e429475f4aef7360ba8f741f4fd8200da167b819c,correct,1,0.47462026861602874,279.76477177476744,True
control,c,ff,1.62,27,10,1.0,completed,True,5,9daf6693e2868838f625e8930bc40d69e33749428dbe76fc41d78a549ecf877c,correct,1,0.38961516280595804,274.0742101448375,True
control,c,ff,1.62,27,10,2.0,completed,True,5,9daf6693e2868838f625e8930bc40d69e33749428dbe76fc41d78a549ecf877c,correct,1,0.38961516280595804,274.0742101448375,True
control,c,ff,1.62,125,-10,1.0,completed,True,5,1e8d23f1f91bfb6ecda8da862563dfb71fbb73fcb529c7e7ae84753e293681cd,correct,-1,0.4189224710390986,306.0829681229111,True
control,c,ff,1.62,125,-10,2.0,completed,True,5,1e8d23f1f91bfb6ecda8da862563dfb71fbb73fcb529c7e7ae84753e293681cd,correct,-1,0.4189224710390986,306.0829681229111,True
control,c,ff,1.62,125,-3,1.0,completed,True,5,cfec4f560b913423000bc9209fd174bc8565501fbee2399eaa64454c7046e3f2,correct,-1,0.49830180568078114,314.5946007728238,True
control,c,ff,1.62,125,-3,2.0,completed,True,5,cfec4f560b913423000bc9209fd174bc8565501fbee2399eaa64454c7046e3f2,correct,-1,0.49830180568078114,314.5946007728238,True
control,c,ff,1.62,125,3,1.0,completed,True,5,17b00a81f9701405787b9de4c5c8df35761371477073dc9c873862d83f1422a4,correct,1,0.4933405588018486,313.85635222311674,True
control,c,ff,1.62,125,3,2.0,completed,True,5,17b00a81f9701405787b9de4c5c8df35761371477073dc9c873862d83f1422a4,correct,1,0.4933405588018486,313.85635222311674,True
control,c,ff,1.62,125,10,1.0,completed,True,5,eb5fbbc16d1e2d1be0d76b52f12243d83c8727c8e1626028b56318a8005dca7f,correct,1,0.41402620843549987,305.868763643055,True
control,c,ff,1.62,125,10,2.0,completed,True,5,eb5fbbc16d1e2d1be0d76b52f12243d83c8727c8e1626028b56318a8005dca7f,correct,1,0.41402620843549987,305.868763643055,True
control,c,ff,1.8,-40,-10,1.0,completed,True,5,83b11579eb3494377fc175ad500984549244c1ca1dbcc4a112d0152a45bace20,correct,-1,0.2954587401478092,334.16555117333496,True
control,c,ff,1.8,-40,-10,2.0,completed,True,5,83b11579eb3494377fc175ad500984549244c1ca1dbcc4a112d0152a45bace20,correct,-1,0.2954587401478092,334.16555117333496,True
control,c,ff,1.8,-40,-3,1.0,completed,True,5,b326f4d2fc4555d31306c8a3d0fb27f5e148ab55de62b5403255d6dd2e575e9b,correct,-1,0.36663802672332996,340.6831068563586,True
control,c,ff,1.8,-40,-3,2.0,completed,True,5,b326f4d2fc4555d31306c8a3d0fb27f5e148ab55de62b5403255d6dd2e575e9b,correct,-1,0.36663802672332996,340.6831068563586,True
control,c,ff,1.8,-40,3,1.0,completed,True,5,1ee58d7d6b293d4e02df935f192e579f7f2af25913f1c84cbffd0e10b21e64de,correct,1,0.3568865324146205,339.9845451138831,True
control,c,ff,1.8,-40,3,2.0,completed,True,5,1ee58d7d6b293d4e02df935f192e579f7f2af25913f1c84cbffd0e10b21e64de,correct,1,0.3568865324146205,339.9845451138831,True
control,c,ff,1.8,-40,10,1.0,completed,True,5,5aae56ca5df6d1908a00daa7b767e6af694221a08b62657b99a240eb0fa2d49d,correct,1,0.29572862076652906,333.93821024153635,True
control,c,ff,1.8,-40,10,2.0,completed,True,5,5aae56ca5df6d1908a00daa7b767e6af694221a08b62657b99a240eb0fa2d49d,correct,1,0.29572862076652906,333.93821024153635,True
control,c,ff,1.8,27,-10,1.0,completed,True,5,c6574ba460aa7b553554ebc677c5bd2b7e47cd901ca851dbe66237c2b69ebe6e,correct,-1,0.31549338997133003,357.01028354531536,True
control,c,ff,1.8,27,-10,2.0,completed,True,5,c6574ba460aa7b553554ebc677c5bd2b7e47cd901ca851dbe66237c2b69ebe6e,correct,-1,0.31549338997133003,357.01028354531536,True
control,c,ff,1.8,27,-3,1.0,completed,True,5,4e17e9c8a263301acadb53c7f5fc14a4d778ca19add046648aa10c208056a4fc,correct,-1,0.37642081602096117,365.70632225990903,True
control,c,ff,1.8,27,-3,2.0,completed,True,5,4e17e9c8a263301acadb53c7f5fc14a4d778ca19add046648aa10c208056a4fc,correct,-1,0.37642081602096117,365.70632225990903,True
control,c,ff,1.8,27,3,1.0,completed,True,5,4958bc39c45929e136e2996aa1c23c332840b6d822b9cb7fe49e9d5a45e2eac4,correct,1,0.36783599942821077,364.6905049204188,True
control,c,ff,1.8,27,3,2.0,completed,True,5,4958bc39c45929e136e2996aa1c23c332840b6d822b9cb7fe49e9d5a45e2eac4,correct,1,0.36783599942821077,364.6905049204188,True
control,c,ff,1.8,27,10,1.0,completed,True,5,ef4d4d3eb52a4f5e03c96e52317d0e968757ceb5ba45c2030f0985d7fa9f70a5,correct,1,0.31057810463335106,356.71487727206716,True
control,c,ff,1.8,27,10,2.0,completed,True,5,ef4d4d3eb52a4f5e03c96e52317d0e968757ceb5ba45c2030f0985d7fa9f70a5,correct,1,0.31057810463335106,356.71487727206716,True
control,c,ff,1.8,125,-10,1.0,completed,True,5,a415e102cad8e7895aa1798220a77414833c19a48f362e609db4be0ac6a284f2,correct,-1,0.35106473148949874,395.3308197699653,True
control,c,ff,1.8,125,-10,2.0,completed,True,5,a415e102cad8e7895aa1798220a77414833c19a48f362e609db4be0ac6a284f2,correct,-1,0.35106473148949874,395.3308197699653,True
control,c,ff,1.8,125,-3,1.0,completed,True,5,72b7b3eb926e69975e9b4eb55b4a566000372c7aa35f0db2fcd7cc6ea8101614,correct,-1,0.4133814908601995,407.3373525301951,True
control,c,ff,1.8,125,-3,2.0,completed,True,5,72b7b3eb926e69975e9b4eb55b4a566000372c7aa35f0db2fcd7cc6ea8101614,correct,-1,0.4133814908601995,407.3373525301951,True
control,c,ff,1.8,125,3,1.0,completed,True,5,91a850951eccdcde53e928060935d5ab13f7c2af18f464dd7400c125357f7506,correct,1,0.40697261886138836,405.8669511999756,True
control,c,ff,1.8,125,3,2.0,completed,True,5,91a850951eccdcde53e928060935d5ab13f7c2af18f464dd7400c125357f7506,correct,1,0.40697261886138836,405.8669511999756,True
control,c,ff,1.8,125,10,1.0,completed,True,5,fa7e1f1b3a6dda4a9f55dbabe7fb92b5eb9b1a03d5660e196e25b24dff7b81f9,correct,1,0.34569552062629033,394.9067771240781,True
control,c,ff,1.8,125,10,2.0,completed,True,5,fa7e1f1b3a6dda4a9f55dbabe7fb92b5eb9b1a03d5660e196e25b24dff7b81f9,correct,1,0.34569552062629033,394.9067771240781,True
control,c,ff,1.95,-40,-10,1.0,completed,True,5,41ec8fd242962f853d68610cd1d058791c242add1d8255ea3cdff81395539fb4,correct,-1,0.2543875083177407,409.1435753578104,True
control,c,ff,1.95,-40,-10,2.0,completed,True,5,41ec8fd242962f853d68610cd1d058791c242add1d8255ea3cdff81395539fb4,correct,-1,0.2543875083177407,409.1435753578104,True
control,c,ff,1.95,-40,-3,1.0,completed,True,5,8fb3023bee9c7936c9ac39284017020ab575059feb6d21270d1d12f541b01b9c,correct,-1,0.30768671289623833,418.24912475167446,True
control,c,ff,1.95,-40,-3,2.0,completed,True,5,8fb3023bee9c7936c9ac39284017020ab575059feb6d21270d1d12f541b01b9c,correct,-1,0.30768671289623833,418.24912475167446,True
control,c,ff,1.95,-40,3,1.0,completed,True,5,b26fc6e569b07bce400232c1f6e16c781496ad82dbb79a99e18b592f30d1837a,correct,1,0.3025822560891605,416.9097990786793,True
control,c,ff,1.95,-40,3,2.0,completed,True,5,b26fc6e569b07bce400232c1f6e16c781496ad82dbb79a99e18b592f30d1837a,correct,1,0.3025822560891605,416.9097990786793,True
control,c,ff,1.95,-40,10,1.0,completed,True,5,d1ed8e87d457b7074b8aecbdc24a92d072aae17e2991349cd32d35c119263396,correct,1,0.25462006791009817,408.7533370199635,True
control,c,ff,1.95,-40,10,2.0,completed,True,5,d1ed8e87d457b7074b8aecbdc24a92d072aae17e2991349cd32d35c119263396,correct,1,0.25462006791009817,408.7533370199635,True
control,c,ff,1.95,27,-10,1.0,completed,True,5,e7d4d0f340fbfd0dcac5b2ab6951eebfa71d49959e5bd3f742a69085187fc43d,correct,-1,0.27869920446049085,435.2369468359568,True
control,c,ff,1.95,27,-10,2.0,completed,True,5,e7d4d0f340fbfd0dcac5b2ab6951eebfa71d49959e5bd3f742a69085187fc43d,correct,-1,0.27869920446049085,435.2369468359568,True
control,c,ff,1.95,27,-3,1.0,completed,True,5,e24cd367eec41fced4a99d2571b9ee669aadd78f09af51f87a816baab9fc8339,correct,-1,0.331144571168439,447.1749076392635,True
control,c,ff,1.95,27,-3,2.0,completed,True,5,e24cd367eec41fced4a99d2571b9ee669aadd78f09af51f87a816baab9fc8339,correct,-1,0.331144571168439,447.1749076392635,True
control,c,ff,1.95,27,3,1.0,completed,True,5,7fdf8781532c73d0e05e1a1cd07656593119ac599c5bae1154d372eda3765ed6,correct,1,0.32128853660407986,445.341381775887,True
control,c,ff,1.95,27,3,2.0,completed,True,5,7fdf8781532c73d0e05e1a1cd07656593119ac599c5bae1154d372eda3765ed6,correct,1,0.32128853660407986,445.341381775887,True
control,c,ff,1.95,27,10,1.0,completed,True,5,93239ed2c285f6ac190bea398d13eeabd2dc9c3b9f2a043d2faf095cb2ceaf6d,correct,1,0.2731912418352583,434.7092639152587,True
control,c,ff,1.95,27,10,2.0,completed,True,5,93239ed2c285f6ac190bea398d13eeabd2dc9c3b9f2a043d2faf095cb2ceaf6d,correct,1,0.2731912418352583,434.7092639152587,True
control,c,ff,1.95,125,-10,1.0,completed,True,5,a2d3855f2b982d690adaf4f1ecef22c83cb5abd7337df38bb66c28d0047297c1,correct,-1,0.31659715732214844,479.93050066505344,True
control,c,ff,1.95,125,-10,2.0,completed,True,5,a2d3855f2b982d690adaf4f1ecef22c83cb5abd7337df38bb66c28d0047297c1,correct,-1,0.31659715732214844,479.93050066505344,True
control,c,ff,1.95,125,-3,1.0,completed,True,5,7c77df18528f13a320dda7156525e757b5b8db0f91ad1f28bcd3e26a1a70de3c,correct,-1,0.37527664841751884,495.7293001600894,True
control,c,ff,1.95,125,-3,2.0,completed,True,5,7c77df18528f13a320dda7156525e757b5b8db0f91ad1f28bcd3e26a1a70de3c,correct,-1,0.37527664841751884,495.7293001600894,True
control,c,ff,1.95,125,3,1.0,completed,True,5,d6bd82d5d7624354ada1c0cab5c75b48229ac8db1556691216f457487b36be3d,correct,1,0.3653050107069712,493.30036186879903,True
control,c,ff,1.95,125,3,2.0,completed,True,5,d6bd82d5d7624354ada1c0cab5c75b48229ac8db1556691216f457487b36be3d,correct,1,0.3653050107069712,493.30036186879903,True
control,c,ff,1.95,125,10,1.0,completed,True,5,f29c7e092ab9f51dafe5bc066f17cde29860a2d1e760edfd1ee455bd6c21452c,correct,1,0.3147314335910307,479.2274873665518,True
control,c,ff,1.95,125,10,2.0,completed,True,5,f29c7e092ab9f51dafe5bc066f17cde29860a2d1e760edfd1ee455bd6c21452c,correct,1,0.3147314335910307,479.2274873665518,True
control,c,fs,1.62,-40,-10,1.0,completed,True,5,d29a2d5447a7a4505d5ba6c9a4fb85ede17ffd39f16672c72b5740d27e9b1298,unresolved,0,,235.72484745913917,True
control,c,fs,1.62,-40,-10,2.0,completed,True,5,d29a2d5447a7a4505d5ba6c9a4fb85ede17ffd39f16672c72b5740d27e9b1298,correct,-1,1.2536769685388494,235.72484745913917,True
control,c,fs,1.62,-40,-3,1.0,completed,True,5,c6febeee1a00ecbaa42bfab39caca032c885aa92f83255642f340ab184e9682c,unresolved,0,,241.34394627820936,True
control,c,fs,1.62,-40,-3,2.0,completed,True,5,c6febeee1a00ecbaa42bfab39caca032c885aa92f83255642f340ab184e9682c,correct,-1,1.4138533061538696,241.34394627820936,True
control,c,fs,1.62,-40,3,1.0,completed,True,5,57838277d51e68ebffb524585febfab53dc91e596e927d9b70ba22e46ada9dac,unresolved,0,,241.18575856077632,True
control,c,fs,1.62,-40,3,2.0,completed,True,5,57838277d51e68ebffb524585febfab53dc91e596e927d9b70ba22e46ada9dac,correct,1,1.4057675841464796,241.18575856077632,True
control,c,fs,1.62,-40,10,1.0,completed,True,5,905efbc40fc76bfc9ea6ed9b5c90e498912ad60853ad618f854957ab4872c2c7,unresolved,0,,235.65556212170966,True
control,c,fs,1.62,-40,10,2.0,completed,True,5,905efbc40fc76bfc9ea6ed9b5c90e498912ad60853ad618f854957ab4872c2c7,correct,1,1.2539278959651794,235.65556212170966,True
control,c,fs,1.62,27,-10,1.0,completed,True,5,7d5fb3b186bfd96b3d4dbbc7db85bb96d1ae594763696b22d3e830f7a9bc80d8,correct,-1,0.9653180292234981,257.1689765554913,True
control,c,fs,1.62,27,-10,2.0,completed,True,5,7d5fb3b186bfd96b3d4dbbc7db85bb96d1ae594763696b22d3e830f7a9bc80d8,correct,-1,0.9653180292234981,257.1689765554913,True
control,c,fs,1.62,27,-3,1.0,completed,True,5,12590c96f92889a9bb9219ce5ec7e66205281d38023d716d7132952e1045cfad,unresolved,0,,263.2881191087152,True
control,c,fs,1.62,27,-3,2.0,completed,True,5,12590c96f92889a9bb9219ce5ec7e66205281d38023d716d7132952e1045cfad,correct,-1,1.1053116346472696,263.2881191087152,True
control,c,fs,1.62,27,3,1.0,completed,True,5,f44b07c034c840103d61fee2d1999c44caaf53a50a0f8d580cde549330db10c1,unresolved,0,,263.09074717286103,True
control,c,fs,1.62,27,3,2.0,completed,True,5,f44b07c034c840103d61fee2d1999c44caaf53a50a0f8d580cde549330db10c1,correct,1,1.1003092452435594,263.09074717286103,True
control,c,fs,1.62,27,10,1.0,completed,True,5,2b99271aa5359329d0239dfe6f38270751ea99ff19614c81e979c521cab9144e,correct,1,0.9653155593912193,257.0880567312982,True
control,c,fs,1.62,27,10,2.0,completed,True,5,2b99271aa5359329d0239dfe6f38270751ea99ff19614c81e979c521cab9144e,correct,1,0.9653155593912193,257.0880567312982,True
control,c,fs,1.62,125,-10,1.0,completed,True,5,27c511d18c78128996bec7bdd07fb4122a9eb9f1575a8cd6bae63887bc31ecc9,correct,-1,0.8506558104217891,293.2162649298849,True
control,c,fs,1.62,125,-10,2.0,completed,True,5,27c511d18c78128996bec7bdd07fb4122a9eb9f1575a8cd6bae63887bc31ecc9,correct,-1,0.8506558104217891,293.2162649298849,True
control,c,fs,1.62,125,-3,1.0,completed,True,5,7bc9d3191f4ae518f02d4ed83bdab7abed2d4e253b4410c162c7fe77287f8605,correct,-1,0.9706556452749288,300.5116669962917,True
control,c,fs,1.62,125,-3,2.0,completed,True,5,7bc9d3191f4ae518f02d4ed83bdab7abed2d4e253b4410c162c7fe77287f8605,correct,-1,0.9706556452749288,300.5116669962917,True
control,c,fs,1.62,125,3,1.0,completed,True,5,77d17810a12837533f1da34b90225eac7ac8660fcf171b80898531f8ac21b1ce,correct,1,0.9656555745363098,300.18938287406786,True
control,c,fs,1.62,125,3,2.0,completed,True,5,77d17810a12837533f1da34b90225eac7ac8660fcf171b80898531f8ac21b1ce,correct,1,0.9656555745363098,300.18938287406786,True
control,c,fs,1.62,125,10,1.0,completed,True,5,b70ff4e205e112e3844338402758453f0cf8f8a641cd107a12f0e051a730ab07,correct,1,0.8456556311750699,293.11609641073716,True
control,c,fs,1.62,125,10,2.0,completed,True,5,b70ff4e205e112e3844338402758453f0cf8f8a641cd107a12f0e051a730ab07,correct,1,0.8456556311750699,293.11609641073716,True
control,c,fs,1.8,-40,-10,1.0,completed,True,5,7a82246682d4043efc0c338d919f7d20f8f733ffd2159ec41bcbc18368dec5bf,correct,-1,0.5469557106583204,314.1554131088201,True
control,c,fs,1.8,-40,-10,2.0,completed,True,5,7a82246682d4043efc0c338d919f7d20f8f733ffd2159ec41bcbc18368dec5bf,correct,-1,0.5469557106583204,314.1554131088201,True
control,c,fs,1.8,-40,-3,1.0,completed,True,5,35c9cf4b43031e47ee91e8b3d16a917305712d56b4c4ed120c42bafea661970f,correct,-1,0.64707436750277,321.2268666865444,True
control,c,fs,1.8,-40,-3,2.0,completed,True,5,35c9cf4b43031e47ee91e8b3d16a917305712d56b4c4ed120c42bafea661970f,correct,-1,0.64707436750277,321.2268666865444,True
control,c,fs,1.8,-40,3,1.0,completed,True,5,284e0c1c231799742180483814544f9abb62767123c83c7a0510bac012c03ee0,correct,1,0.6420760795055311,320.9403037863647,True
control,c,fs,1.8,-40,3,2.0,completed,True,5,284e0c1c231799742180483814544f9abb62767123c83c7a0510bac012c03ee0,correct,1,0.6420760795055311,320.9403037863647,True
control,c,fs,1.8,-40,10,1.0,completed,True,5,015105ca882412992f0712a01ac0fd610ab2ec468f540830ae907465bf7f06a8,correct,1,0.5468631470178783,314.03062366630905,True
control,c,fs,1.8,-40,10,2.0,completed,True,5,015105ca882412992f0712a01ac0fd610ab2ec468f540830ae907465bf7f06a8,correct,1,0.5468631470178783,314.03062366630905,True
control,c,fs,1.8,27,-10,1.0,completed,True,5,48c0d649b0c907e7ee8a3b25f11a8d8d7aa8174de8641d4d8846bc4d234a74d9,correct,-1,0.5497366584517489,338.2260415927568,True
control,c,fs,1.8,27,-10,2.0,completed,True,5,48c0d649b0c907e7ee8a3b25f11a8d8d7aa8174de8641d4d8846bc4d234a74d9,correct,-1,0.5497366584517489,338.2260415927568,True
control,c,fs,1.8,27,-3,1.0,completed,True,5,91cc25ebb7e3bc49588de25936d3f0c09bd3f35a8af11647215435073f48bb73,correct,-1,0.6447392347873782,345.76212901689087,True
control,c,fs,1.8,27,-3,2.0,completed,True,5,91cc25ebb7e3bc49588de25936d3f0c09bd3f35a8af11647215435073f48bb73,correct,-1,0.6447392347873782,345.76212901689087,True
control,c,fs,1.8,27,3,1.0,completed,True,5,d03388b9a8cb5c9a3eab3f21b6c11f6652e9c4ee70b61c1bed38b3bddfae8290,correct,1,0.6397398521079094,345.37244679931297,True
control,c,fs,1.8,27,3,2.0,completed,True,5,d03388b9a8cb5c9a3eab3f21b6c11f6652e9c4ee70b61c1bed38b3bddfae8290,correct,1,0.6397398521079094,345.37244679931297,True
control,c,fs,1.8,27,10,1.0,completed,True,5,5457ba649622b2d4c8f1a3060767e453132bc8f21c44a2f421d1d721f367410d,correct,1,0.5497372767325697,338.08829896368434,True
control,c,fs,1.8,27,10,2.0,completed,True,5,5457ba649622b2d4c8f1a3060767e453132bc8f21c44a2f421d1d721f367410d,correct,1,0.5497372767325697,338.08829896368434,True
control,c,fs,1.8,125,-10,1.0,completed,True,5,33d7ecf12de21e102e558df18aa4fc4ef63707828cdf7a7b66c74758e0825213,correct,-1,0.5840541313523185,383.01122677801845,True
control,c,fs,1.8,125,-10,2.0,completed,True,5,33d7ecf12de21e102e558df18aa4fc4ef63707828cdf7a7b66c74758e0825213,correct,-1,0.5840541313523185,383.01122677801845,True
control,c,fs,1.8,125,-3,1.0,completed,True,5,8abd4ef8586c59c76cf95b700ee6f0bfdc5b9ce4cda32dc8901d2d7bdfad149b,correct,-1,0.6741773393123097,393.19870886389526,True
control,c,fs,1.8,125,-3,2.0,completed,True,5,8abd4ef8586c59c76cf95b700ee6f0bfdc5b9ce4cda32dc8901d2d7bdfad149b,correct,-1,0.6741773393123097,393.19870886389526,True
control,c,fs,1.8,125,3,1.0,completed,True,5,3a82a82fae3d2366d95bcfce58a0f7f30c0a9134c9b6d096fc31a4bf6fc766db,correct,1,0.6693365299728603,392.5583149119088,True
control,c,fs,1.8,125,3,2.0,completed,True,5,3a82a82fae3d2366d95bcfce58a0f7f30c0a9134c9b6d096fc31a4bf6fc766db,correct,1,0.6693365299728603,392.5583149119088,True
control,c,fs,1.8,125,10,1.0,completed,True,5,2bf039d29b7034af7c64dcfa96f382fe9d4721e00350374a142ddbd8fc0ab009,correct,1,0.5792149840860811,382.8243232804181,True
control,c,fs,1.8,125,10,2.0,completed,True,5,2bf039d29b7034af7c64dcfa96f382fe9d4721e00350374a142ddbd8fc0ab009,correct,1,0.5792149840860811,382.8243232804181,True
control,c,fs,1.95,-40,-10,1.0,completed,True,5,cc29eb293760f2f2311947cd4e9e31dd19b2de72fb316f981bc96a9138d9d230,correct,-1,0.39289287510362003,388.27050773149773,True
control,c,fs,1.95,-40,-10,2.0,completed,True,5,cc29eb293760f2f2311947cd4e9e31dd19b2de72fb316f981bc96a9138d9d230,correct,-1,0.39289287510362003,388.27050773149773,True
control,c,fs,1.95,-40,-3,1.0,completed,True,5,32a216cf067bd741f9f34042f33300c6fc1b405fed6c386200d923917bdc8c3e,correct,-1,0.46643718049798893,396.10572583871766,True
control,c,fs,1.95,-40,-3,2.0,completed,True,5,32a216cf067bd741f9f34042f33300c6fc1b405fed6c386200d923917bdc8c3e,correct,-1,0.46643718049798893,396.10572583871766,True
control,c,fs,1.95,-40,3,1.0,completed,True,5,1f3c2431c1946ffa21f882cd0d5cec2541c5276e0b22415bd23156756c8c0355,correct,1,0.4616707129971088,395.6217060197848,True
control,c,fs,1.95,-40,3,2.0,completed,True,5,1f3c2431c1946ffa21f882cd0d5cec2541c5276e0b22415bd23156756c8c0355,correct,1,0.4616707129971088,395.6217060197848,True
control,c,fs,1.95,-40,10,1.0,completed,True,5,5f9f0bd0e8da81db3102a1f7af92cd2b8031004b7c295c677f60ae84a0f1675b,correct,1,0.3928957305243183,388.0890794229486,True
control,c,fs,1.95,-40,10,2.0,completed,True,5,5f9f0bd0e8da81db3102a1f7af92cd2b8031004b7c295c677f60ae84a0f1675b,correct,1,0.3928957305243183,388.0890794229486,True
control,c,fs,1.95,27,-10,1.0,completed,True,5,7e4506b3db9a38c57500a5982c8510e41ac4a82e04fe353dbf5f098c4a09bc0a,correct,-1,0.4261925231708908,414.43294471097636,True
control,c,fs,1.95,27,-10,2.0,completed,True,5,7e4506b3db9a38c57500a5982c8510e41ac4a82e04fe353dbf5f098c4a09bc0a,correct,-1,0.4261925231708908,414.43294471097636,True
control,c,fs,1.95,27,-3,1.0,completed,True,5,9471fd8ee70a3e6949874c7bb8b14df5fcdb564da7d4d5546e1c6caea1f7976f,correct,-1,0.496019797986781,424.0480916965001,True
control,c,fs,1.95,27,-3,2.0,completed,True,5,9471fd8ee70a3e6949874c7bb8b14df5fcdb564da7d4d5546e1c6caea1f7976f,correct,-1,0.496019797986781,424.0480916965001,True
control,c,fs,1.95,27,3,1.0,completed,True,5,49d2926a362ddc44a35ea054cad1a2ee9982d534e3d7e350b60c449234cd7c69,correct,1,0.4911895230396007,423.32638032426024,True
control,c,fs,1.95,27,3,2.0,completed,True,5,49d2926a362ddc44a35ea054cad1a2ee9982d534e3d7e350b60c449234cd7c69,correct,1,0.4911895230396007,423.32638032426024,True
control,c,fs,1.95,27,10,1.0,completed,True,5,f70d4f113fdcd21f1f220bba4e1441554368953585dac5303d974a83e24269ef,correct,1,0.4213252578307199,414.21380930499527,True
control,c,fs,1.95,27,10,2.0,completed,True,5,f70d4f113fdcd21f1f220bba4e1441554368953585dac5303d974a83e24269ef,correct,1,0.4213252578307199,414.21380930499527,True
control,c,fs,1.95,125,-10,1.0,completed,True,5,48478253776c455a2954d09f41186ab53b944cdca394c94e19af0b02ccc5c95e,correct,-1,0.47758827591974884,468.57319300866715,True
control,c,fs,1.95,125,-10,2.0,completed,True,5,48478253776c455a2954d09f41186ab53b944cdca394c94e19af0b02ccc5c95e,correct,-1,0.47758827591974884,468.57319300866715,True
control,c,fs,1.95,125,-3,1.0,completed,True,5,5ae35b3284ed44f0d2e5e8faacdcfd83411a338aadf4fc2318115eb137f6e75d,correct,-1,0.5557724452319088,481.8155183235505,True
control,c,fs,1.95,125,-3,2.0,completed,True,5,5ae35b3284ed44f0d2e5e8faacdcfd83411a338aadf4fc2318115eb137f6e75d,correct,-1,0.5557724452319088,481.8155183235505,True
control,c,fs,1.95,125,3,1.0,completed,True,5,8d02291e79000329ebc44a5347b4538c15ff4ea1eea3f51ed849859240be1a24,correct,1,0.5506775157508101,480.71760504303273,True
control,c,fs,1.95,125,3,2.0,completed,True,5,8d02291e79000329ebc44a5347b4538c15ff4ea1eea3f51ed849859240be1a24,correct,1,0.5506775157508101,480.71760504303273,True
control,c,fs,1.95,125,10,1.0,completed,True,5,03eb5f367a1e12cb60fe0ae2e3c3e32c816b551d2a96eaac5a5a8e9509509d46,correct,1,0.47760190626647864,468.2491009512432,True
control,c,fs,1.95,125,10,2.0,completed,True,5,03eb5f367a1e12cb60fe0ae2e3c3e32c816b551d2a96eaac5a5a8e9509509d46,correct,1,0.47760190626647864,468.2491009512432,True
control,c,sf,1.62,-40,-10,1.0,completed,True,5,90b3195be80e37aed095b88d828a70f7121418b01b8c061ee0484b991a4cd29b,correct,-1,0.48273696309739894,260.84213176130595,True
control,c,sf,1.62,-40,-10,2.0,completed,True,5,90b3195be80e37aed095b88d828a70f7121418b01b8c061ee0484b991a4cd29b,correct,-1,0.48273696309739894,260.84213176130595,True
control,c,sf,1.62,-40,-3,1.0,completed,True,5,d8e026480b0ae50995ddade6d9a7b7167386d59e887f9a46deff3917346e8cb3,correct,-1,0.6985880453033284,265.7237044227554,True
control,c,sf,1.62,-40,-3,2.0,completed,True,5,d8e026480b0ae50995ddade6d9a7b7167386d59e887f9a46deff3917346e8cb3,correct,-1,0.6985880453033284,265.7237044227554,True
control,c,sf,1.62,-40,3,1.0,completed,True,5,d604565625e795e57cb52987e2ff8f252c1091fe89b3c95fec6ab786fc02b042,correct,1,0.6781236165840391,265.37025495257006,True
control,c,sf,1.62,-40,3,2.0,completed,True,5,d604565625e795e57cb52987e2ff8f252c1091fe89b3c95fec6ab786fc02b042,correct,1,0.6781236165840391,265.37025495257006,True
control,c,sf,1.62,-40,10,1.0,completed,True,5,dfd8a8485c717ea2d8968d7c928a3518c9eb1fde4043cefeed4d12efbf8dfb7d,correct,1,0.4775920282333998,260.6841703438329,True
control,c,sf,1.62,-40,10,2.0,completed,True,5,dfd8a8485c717ea2d8968d7c928a3518c9eb1fde4043cefeed4d12efbf8dfb7d,correct,1,0.4775920282333998,260.6841703438329,True
control,c,sf,1.62,27,-10,1.0,completed,True,5,451182bc6694cf3429ec0cfd9d20737fce6272a36e08ab625302258dc666134a,correct,-1,0.4792951252510285,280.398890419826,True
control,c,sf,1.62,27,-10,2.0,completed,True,5,451182bc6694cf3429ec0cfd9d20737fce6272a36e08ab625302258dc666134a,correct,-1,0.4792951252510285,280.398890419826,True
control,c,sf,1.62,27,-3,1.0,completed,True,5,4a7bbe7ba7dd4e3b3e9ad513f21b499006fe9efd7aa021165ba4b4dfde4f012c,correct,-1,0.6536684960740906,285.34230482839615,True
control,c,sf,1.62,27,-3,2.0,completed,True,5,4a7bbe7ba7dd4e3b3e9ad513f21b499006fe9efd7aa021165ba4b4dfde4f012c,correct,-1,0.6536684960740906,285.34230482839615,True
control,c,sf,1.62,27,3,1.0,completed,True,5,41db74c02c5df5b4b734bfdf5abe55ee5b048439eef37f8c68ce01141592c661,correct,1,0.6340054880803913,284.92082191884043,True
control,c,sf,1.62,27,3,2.0,completed,True,5,41db74c02c5df5b4b734bfdf5abe55ee5b048439eef37f8c68ce01141592c661,correct,1,0.6340054880803913,284.92082191884043,True
control,c,sf,1.62,27,10,1.0,completed,True,5,f07619d0a8d0b350fe57e971cca02f67170eb0f35ce37297f27608973644042e,correct,1,0.4740982048724111,280.2289879426972,True
control,c,sf,1.62,27,10,2.0,completed,True,5,f07619d0a8d0b350fe57e971cca02f67170eb0f35ce37297f27608973644042e,correct,1,0.4740982048724111,280.2289879426972,True
control,c,sf,1.62,125,-10,1.0,completed,True,5,72270838ba350f615b6ea1ed64008a7c973ee20ea0a60d45a0e785487e4f9df7,correct,-1,0.45538526993030903,307.17570547943814,True
control,c,sf,1.62,125,-10,2.0,completed,True,5,72270838ba350f615b6ea1ed64008a7c973ee20ea0a60d45a0e785487e4f9df7,correct,-1,0.45538526993030903,307.17570547943814,True
control,c,sf,1.62,125,-3,1.0,completed,True,5,940ddae8e76f54c57710f9e116a084ff07f89b0a9625a1002a8639122875dc64,correct,-1,0.5770139190562381,313.60265525501535,True
control,c,sf,1.62,125,-3,2.0,completed,True,5,940ddae8e76f54c57710f9e116a084ff07f89b0a9625a1002a8639122875dc64,correct,-1,0.5770139190562381,313.60265525501535,True
control,c,sf,1.62,125,3,1.0,completed,True,5,21d26073baaee2b3fb455f96f3225918eb67367e4f0ffa083340785952d93cb7,correct,1,0.56189241697736,312.91831300635914,True
control,c,sf,1.62,125,3,2.0,completed,True,5,21d26073baaee2b3fb455f96f3225918eb67367e4f0ffa083340785952d93cb7,correct,1,0.56189241697736,312.91831300635914,True
control,c,sf,1.62,125,10,1.0,completed,True,5,2b3cfb39d9a5dea5b8532201b4a0518bb1dde3759d126468b3b8d14ddd10437b,correct,1,0.44997548083197975,306.97584816654455,True
control,c,sf,1.62,125,10,2.0,completed,True,5,2b3cfb39d9a5dea5b8532201b4a0518bb1dde3759d126468b3b8d14ddd10437b,correct,1,0.44997548083197975,306.97584816654455,True
control,c,sf,1.8,-40,-10,1.0,completed,True,5,c3a8b08fedeea36bd596fb2c4484bef8de97cbcd53aca7fcfd14cf2cbd911aee,correct,-1,0.4033422998394892,341.82463435862877,True
control,c,sf,1.8,-40,-10,2.0,completed,True,5,c3a8b08fedeea36bd596fb2c4484bef8de97cbcd53aca7fcfd14cf2cbd911aee,correct,-1,0.4033422998394892,341.82463435862877,True
control,c,sf,1.8,-40,-3,1.0,completed,True,5,9fbe0f0d315635aa40c18db2c8d2fef9aad8363c1d480514b88d9bf2bd01dcaa,correct,-1,0.5338568726863795,347.08135235538134,True
control,c,sf,1.8,-40,-3,2.0,completed,True,5,9fbe0f0d315635aa40c18db2c8d2fef9aad8363c1d480514b88d9bf2bd01dcaa,correct,-1,0.5338568726863795,347.08135235538134,True
control,c,sf,1.8,-40,3,1.0,completed,True,5,da5256bda03ad95bacf8b81d292938906b27afc83b3c2af030d8c8ea11c4ccb6,correct,1,0.514087980791601,346.47184015951956,True
control,c,sf,1.8,-40,3,2.0,completed,True,5,da5256bda03ad95bacf8b81d292938906b27afc83b3c2af030d8c8ea11c4ccb6,correct,1,0.514087980791601,346.47184015951956,True
control,c,sf,1.8,-40,10,1.0,completed,True,5,2656dc46148745b6a238da5c0845be40da842e7ab6ac078f9be0ceca7635747e,correct,1,0.39828436992124067,341.5753155148972,True
control,c,sf,1.8,-40,10,2.0,completed,True,5,2656dc46148745b6a238da5c0845be40da842e7ab6ac078f9be0ceca7635747e,correct,1,0.39828436992124067,341.5753155148972,True
control,c,sf,1.8,27,-10,1.0,completed,True,5,1502c9560c4bad10ac72f5679c4759915c8fdbc27a8d34110b90582d8ebdc1d9,correct,-1,0.399362099997949,363.31475507021764,True
control,c,sf,1.8,27,-10,2.0,completed,True,5,1502c9560c4bad10ac72f5679c4759915c8fdbc27a8d34110b90582d8ebdc1d9,correct,-1,0.399362099997949,363.31475507021764,True
control,c,sf,1.8,27,-3,1.0,completed,True,5,2693bd4a1ca6e6232fc2b43db30fb63814aa2f3cb6383d1ad082636d4b9647d0,correct,-1,0.49812160636418,369.50789388756414,True
control,c,sf,1.8,27,-3,2.0,completed,True,5,2693bd4a1ca6e6232fc2b43db30fb63814aa2f3cb6383d1ad082636d4b9647d0,correct,-1,0.49812160636418,369.50789388756414,True
control,c,sf,1.8,27,3,1.0,completed,True,5,407bc7167cae8c843c243dd31fdcf6cd5ae0d8c738311233a5cd34eddabd44ae,correct,1,0.4836147034885689,368.6311303826192,True
control,c,sf,1.8,27,3,2.0,completed,True,5,407bc7167cae8c843c243dd31fdcf6cd5ae0d8c738311233a5cd34eddabd44ae,correct,1,0.4836147034885689,368.6311303826192,True
control,c,sf,1.8,27,10,1.0,completed,True,5,4195f3ff1d22a56921572970fdb0cb645f402b21818d6d9b77124327ccbce089,correct,1,0.39551947376761104,363.02654422981607,True
control,c,sf,1.8,27,10,2.0,completed,True,5,4195f3ff1d22a56921572970fdb0cb645f402b21818d6d9b77124327ccbce089,correct,1,0.39551947376761104,363.02654422981607,True
control,c,sf,1.8,125,-10,1.0,completed,True,5,571932e34f2f5dd831376f90fcc9309f12514f09955aba0f826075179083a72e,correct,-1,0.3836178159130087,393.8626679678291,True
control,c,sf,1.8,125,-10,2.0,completed,True,5,571932e34f2f5dd831376f90fcc9309f12514f09955aba0f826075179083a72e,correct,-1,0.3836178159130087,393.8626679678291,True
control,c,sf,1.8,125,-3,1.0,completed,True,5,ea92c5bd471a2fced9fd623edb31c52548a32869ba9525d24a5bbdd044348e32,correct,-1,0.4660426774958808,403.1253023197128,True
control,c,sf,1.8,125,-3,2.0,completed,True,5,ea92c5bd471a2fced9fd623edb31c52548a32869ba9525d24a5bbdd044348e32,correct,-1,0.4660426774958808,403.1253023197128,True
control,c,sf,1.8,125,3,1.0,completed,True,5,f55ba78b7e813410257f3a4dfead0774dbc5198e8fa2b0524fda9bb5fe58586a,correct,1,0.4559726448200987,401.7231840331056,True
control,c,sf,1.8,125,3,2.0,completed,True,5,f55ba78b7e813410257f3a4dfead0774dbc5198e8fa2b0524fda9bb5fe58586a,correct,1,0.4559726448200987,401.7231840331056,True
control,c,sf,1.8,125,10,1.0,completed,True,5,4a14c6313ba377ab16a85676d1be4a8e5f3f9f98d4a0bf6307cd7f777204973d,correct,1,0.37869626763795855,393.464161960419,True
control,c,sf,1.8,125,10,2.0,completed,True,5,4a14c6313ba377ab16a85676d1be4a8e5f3f9f98d4a0bf6307cd7f777204973d,correct,1,0.37869626763795855,393.464161960419,True
control,c,sf,1.95,-40,-10,1.0,completed,True,5,f381dcb40002ca1ca53d3f1ed3735c4659eb48052ddd02d8cced3dc36834fe21,correct,-1,0.3558775178136313,416.88057759029425,True
control,c,sf,1.95,-40,-10,2.0,completed,True,5,f381dcb40002ca1ca53d3f1ed3735c4659eb48052ddd02d8cced3dc36834fe21,correct,-1,0.3558775178136313,416.88057759029425,True
control,c,sf,1.95,-40,-3,1.0,completed,True,5,5461d42281dcdc0d0b8103fc1078fae831731002d3a944af0bae6886f955eb13,correct,-1,0.43716482490816067,423.126441472077,True
control,c,sf,1.95,-40,-3,2.0,completed,True,5,5461d42281dcdc0d0b8103fc1078fae831731002d3a944af0bae6886f955eb13,correct,-1,0.43716482490816067,423.126441472077,True
control,c,sf,1.95,-40,3,1.0,completed,True,5,4acea26df018d033710a63d939f0972d93212bfd753d738e325bbb33a8ff3873,correct,1,0.4217803051988399,422.0606159486358,True
control,c,sf,1.95,-40,3,2.0,completed,True,5,4acea26df018d033710a63d939f0972d93212bfd753d738e325bbb33a8ff3873,correct,1,0.4217803051988399,422.0606159486358,True
control,c,sf,1.95,-40,10,1.0,completed,True,5,6d7e089b5cf3d3fc6be55146cb2c9f469a2a8817f6166f423c5dad732b50bd29,correct,1,0.34789805413299035,416.51180849160204,True
control,c,sf,1.95,-40,10,2.0,completed,True,5,6d7e089b5cf3d3fc6be55146cb2c9f469a2a8817f6166f423c5dad732b50bd29,correct,1,0.34789805413299035,416.51180849160204,True
control,c,sf,1.95,27,-10,1.0,completed,True,5,99a7d0028721bbef1e270a243f578d61fc21f586b313881f7ca35bcf1f1ca77b,correct,-1,0.3497684877614795,440.6465823443375,True
control,c,sf,1.95,27,-10,2.0,completed,True,5,99a7d0028721bbef1e270a243f578d61fc21f586b313881f7ca35bcf1f1ca77b,correct,-1,0.3497684877614795,440.6465823443375,True
control,c,sf,1.95,27,-3,1.0,completed,True,5,7d60f93f44602d4f00ba61d4d067df05a0fe3e9706484c4324bb0f5307fa1986,correct,-1,0.424629596890489,449.2711084971896,True
control,c,sf,1.95,27,-3,2.0,completed,True,5,7d60f93f44602d4f00ba61d4d067df05a0fe3e9706484c4324bb0f5307fa1986,correct,-1,0.424629596890489,449.2711084971896,True
control,c,sf,1.95,27,3,1.0,completed,True,5,8190da094b5dc5078152c41249ee68a3841cd0076fa23325386c4047a4b15e68,correct,1,0.4124791131778205,447.64906104289565,True
control,c,sf,1.95,27,3,2.0,completed,True,5,8190da094b5dc5078152c41249ee68a3841cd0076fa23325386c4047a4b15e68,correct,1,0.4124791131778205,447.64906104289565,True
control,c,sf,1.95,27,10,1.0,completed,True,5,36eaab7ce50666efbe1037157c283f7634de8ee7f9480ff026c00121f8d234ea,correct,1,0.3434358840160583,440.1878435788323,True
control,c,sf,1.95,27,10,2.0,completed,True,5,36eaab7ce50666efbe1037157c283f7634de8ee7f9480ff026c00121f8d234ea,correct,1,0.3434358840160583,440.1878435788323,True
control,c,sf,1.95,125,-10,1.0,completed,True,5,8fd4a9ae23f98d2acce8e45514fdc9c293caa1fdcc10b05cf2162bee52429d74,correct,-1,0.3456183086905094,475.4304056628716,True
control,c,sf,1.95,125,-10,2.0,completed,True,5,8fd4a9ae23f98d2acce8e45514fdc9c293caa1fdcc10b05cf2162bee52429d74,correct,-1,0.3456183086905094,475.4304056628716,True
control,c,sf,1.95,125,-3,1.0,completed,True,5,00c605aad84aff190417d8da980b02803857160167d75682539072318cbd2331,correct,-1,0.4138669263776997,487.996806957721,True
control,c,sf,1.95,125,-3,2.0,completed,True,5,00c605aad84aff190417d8da980b02803857160167d75682539072318cbd2331,correct,-1,0.4138669263776997,487.996806957721,True
control,c,sf,1.95,125,3,1.0,completed,True,5,65b5e714bfe529337a945cd4f7b634a1b1ff693613246796bf83faa83339581a,correct,1,0.4027029173411698,485.6118996089851,True
control,c,sf,1.95,125,3,2.0,completed,True,5,65b5e714bfe529337a945cd4f7b634a1b1ff693613246796bf83faa83339581a,correct,1,0.4027029173411698,485.6118996089851,True
control,c,sf,1.95,125,10,1.0,completed,True,5,15e6bd69773052d953c2938a6929e0d7002c929f81ee828f54f8e60f76700b23,correct,1,0.341524332953651,474.75374859334624,True
control,c,sf,1.95,125,10,2.0,completed,True,5,15e6bd69773052d953c2938a6929e0d7002c929f81ee828f54f8e60f76700b23,correct,1,0.341524332953651,474.75374859334624,True
control,c,ss,1.62,-40,-10,1.0,completed,True,5,73164b46603a0bbb5ee5366c07cc6cf566119d5b63218638995f8512377856dd,unresolved,0,,241.5247874921846,True
control,c,ss,1.62,-40,-10,2.0,completed,True,5,73164b46603a0bbb5ee5366c07cc6cf566119d5b63218638995f8512377856dd,correct,-1,1.0067298709272205,241.5247874921846,True
control,c,ss,1.62,-40,-3,1.0,completed,True,5,8e2f837d9173ed0f5f2f096e4840dd07b7a68ce5aaa42e590761a80ec467103a,unresolved,0,,247.55803825212814,True
control,c,ss,1.62,-40,-3,2.0,completed,True,5,8e2f837d9173ed0f5f2f096e4840dd07b7a68ce5aaa42e590761a80ec467103a,correct,-1,1.256771440446398,247.55803825212814,True
control,c,ss,1.62,-40,3,1.0,completed,True,5,987d6e6722e60d3652295e12ba92466887bbd6f4fb9b13b47f6bad19f0d2e117,unresolved,0,,247.35705745507082,True
control,c,ss,1.62,-40,3,2.0,completed,True,5,987d6e6722e60d3652295e12ba92466887bbd6f4fb9b13b47f6bad19f0d2e117,correct,1,1.2467429262848488,247.35705745507082,True
control,c,ss,1.62,-40,10,1.0,completed,True,5,a10fbdfcde5ff7a6fb15f47dfcc6b1e0707d5d41b9c734b3e4f908ccb3e268c3,unresolved,0,,241.43680643544008,True
control,c,ss,1.62,-40,10,2.0,completed,True,5,a10fbdfcde5ff7a6fb15f47dfcc6b1e0707d5d41b9c734b3e4f908ccb3e268c3,correct,1,1.0067357581722909,241.43680643544008,True
control,c,ss,1.62,27,-10,1.0,completed,True,5,acfcdcd0b287d2180388b991128b174545add58252614072528342e75ef76060,correct,-1,0.8555559160005386,262.37806528412705,True
control,c,ss,1.62,27,-10,2.0,completed,True,5,acfcdcd0b287d2180388b991128b174545add58252614072528342e75ef76060,correct,-1,0.8555559160005386,262.37806528412705,True
control,c,ss,1.62,27,-3,1.0,completed,True,5,72e3af06b57666f611157a13ee4bc1bf359c88e276bb6a7a144b8f0e8fdfb162,unresolved,0,,268.49737691528253,True
control,c,ss,1.62,27,-3,2.0,completed,True,5,72e3af06b57666f611157a13ee4bc1bf359c88e276bb6a7a144b8f0e8fdfb162,correct,-1,1.100545646267251,268.49737691528253,True
control,c,ss,1.62,27,3,1.0,completed,True,5,49fd7bcbd0f5acda5afa3a9bb6fbb8fab7c5e5ecb5ea05a5630661d341e9b1cc,unresolved,0,,268.26894380303753,True
control,c,ss,1.62,27,3,2.0,completed,True,5,49fd7bcbd0f5acda5afa3a9bb6fbb8fab7c5e5ecb5ea05a5630661d341e9b1cc,correct,1,1.0855222179845714,268.26894380303753,True
control,c,ss,1.62,27,10,1.0,completed,True,5,a5abf4cc26f80843f68f103db36134f2e9b2a507e386d75ef48ad531a74c1ceb,correct,1,0.8555531263638105,262.2780664624668,True
control,c,ss,1.62,27,10,2.0,completed,True,5,a5abf4cc26f80843f68f103db36134f2e9b2a507e386d75ef48ad531a74c1ceb,correct,1,0.8555531263638105,262.2780664624668,True
control,c,ss,1.62,125,-10,1.0,completed,True,5,e0cf8d07ebcdf7cb9b8c5e5889e97fb520d6ba397c68c29f892f48fd1a41015c,correct,-1,0.8052455772143787,290.9256684722528,True
control,c,ss,1.62,125,-10,2.0,completed,True,5,e0cf8d07ebcdf7cb9b8c5e5889e97fb520d6ba397c68c29f892f48fd1a41015c,correct,-1,0.8052455772143787,290.9256684722528,True
control,c,ss,1.62,125,-3,1.0,completed,True,5,b69b14db0dc8bd9440e7a0380e5326bb6bc9a36717a13aa11ad7dbda61d9963c,correct,-1,0.9802470989107294,297.16399447035496,True
control,c,ss,1.62,125,-3,2.0,completed,True,5,b69b14db0dc8bd9440e7a0380e5326bb6bc9a36717a13aa11ad7dbda61d9963c,correct,-1,0.9802470989107294,297.16399447035496,True
control,c,ss,1.62,125,3,1.0,completed,True,5,4bbb7de591df17f28c677483a59f25ebf248a84e797b3d0cdb89375d1772373f,correct,1,0.970247653602638,296.86320648589674,True
control,c,ss,1.62,125,3,2.0,completed,True,5,4bbb7de591df17f28c677483a59f25ebf248a84e797b3d0cdb89375d1772373f,correct,1,0.970247653602638,296.86320648589674,True
control,c,ss,1.62,125,10,1.0,completed,True,5,e9b509d2790f442713c139b04efd45f76d8e64f644654bc2367515e70ae63c57,correct,1,0.804035692946391,290.8047237335678,True
control,c,ss,1.62,125,10,2.0,completed,True,5,e9b509d2790f442713c139b04efd45f76d8e64f644654bc2367515e70ae63c57,correct,1,0.804035692946391,290.8047237335678,True
control,c,ss,1.8,-40,-10,1.0,completed,True,5,06b53bf8c51ca6fe8607a1166516776a7a749bece321a448266cb9f7626d44ae,correct,-1,0.5268755695858084,321.23732666133105,True
control,c,ss,1.8,-40,-10,2.0,completed,True,5,06b53bf8c51ca6fe8607a1166516776a7a749bece321a448266cb9f7626d44ae,correct,-1,0.5268755695858084,321.23732666133105,True
control,c,ss,1.8,-40,-3,1.0,completed,True,5,ed9af8b585e2a94ec14ea7dd653ed8102e10140a06ed63b1516b180f502722d3,correct,-1,0.7260828585651709,328.18461188288745,True
control,c,ss,1.8,-40,-3,2.0,completed,True,5,ed9af8b585e2a94ec14ea7dd653ed8102e10140a06ed63b1516b180f502722d3,correct,-1,0.7260828585651709,328.18461188288745,True
control,c,ss,1.8,-40,3,1.0,completed,True,5,a357a03bb192f97b9dd8c87fbc14b42cda16627868a62e6cf681fb981a0c5e45,correct,1,0.7106590700355587,327.8494428700268,True
control,c,ss,1.8,-40,3,2.0,completed,True,5,a357a03bb192f97b9dd8c87fbc14b42cda16627868a62e6cf681fb981a0c5e45,correct,1,0.7106590700355587,327.8494428700268,True
control,c,ss,1.8,-40,10,1.0,completed,True,5,bcb5e8de7b18a5e8659c2eeb8592f6674adcf34ca4e653bed4e419a40b58773e,correct,1,0.5212753120010095,321.0851142391009,True
control,c,ss,1.8,-40,10,2.0,completed,True,5,bcb5e8de7b18a5e8659c2eeb8592f6674adcf34ca4e653bed4e419a40b58773e,correct,1,0.5212753120010095,321.0851142391009,True
control,c,ss,1.8,27,-10,1.0,completed,True,5,1e28c078642107b3e0abf79cb9a3049a20a210ce5ebf1e72f0269f05c28c358b,correct,-1,0.5504574985586181,344.3208884648179,True
control,c,ss,1.8,27,-10,2.0,completed,True,5,1e28c078642107b3e0abf79cb9a3049a20a210ce5ebf1e72f0269f05c28c358b,correct,-1,0.5504574985586181,344.3208884648179,True
control,c,ss,1.8,27,-3,1.0,completed,True,5,63d18a49b387eae5a8f881b150ff634fb06cdacfa8572c7c83eeca48dd0a8fe7,correct,-1,0.7112556720889998,351.19762385054844,True
control,c,ss,1.8,27,-3,2.0,completed,True,5,63d18a49b387eae5a8f881b150ff634fb06cdacfa8572c7c83eeca48dd0a8fe7,correct,-1,0.7112556720889998,351.19762385054844,True
control,c,ss,1.8,27,3,1.0,completed,True,5,6b5a3076e5ed38a51ea5e976b0837dc769ea682a3d1ecbc75351f4fadaed9649,correct,1,0.699815944354899,350.8148432180412,True
control,c,ss,1.8,27,3,2.0,completed,True,5,6b5a3076e5ed38a51ea5e976b0837dc769ea682a3d1ecbc75351f4fadaed9649,correct,1,0.699815944354899,350.8148432180412,True
control,c,ss,1.8,27,10,1.0,completed,True,5,8a6021b5940bdd2e637396536dcdf019e39aeab945df3d4b39da149412e2a3c7,correct,1,0.5459356151188992,344.15562457877013,True
control,c,ss,1.8,27,10,2.0,completed,True,5,8a6021b5940bdd2e637396536dcdf019e39aeab945df3d4b39da149412e2a3c7,correct,1,0.5459356151188992,344.15562457877013,True
control,c,ss,1.8,125,-10,1.0,completed,True,5,5608cc973fd5df0d6ebbf5bfdd2a6eec5ce769327250a0e2b1e6d40144da4a30,correct,-1,0.5848718160561982,375.8488498176386,True
control,c,ss,1.8,125,-10,2.0,completed,True,5,5608cc973fd5df0d6ebbf5bfdd2a6eec5ce769327250a0e2b1e6d40144da4a30,correct,-1,0.5848718160561982,375.8488498176386,True
control,c,ss,1.8,125,-3,1.0,completed,True,5,c7d9205481dec66d9fb21a89888a03fc987d52d635daf4318f585cda7de932fc,correct,-1,0.695024180321408,383.79748961842324,True
control,c,ss,1.8,125,-3,2.0,completed,True,5,c7d9205481dec66d9fb21a89888a03fc987d52d635daf4318f585cda7de932fc,correct,-1,0.695024180321408,383.79748961842324,True
control,c,ss,1.8,125,3,1.0,completed,True,5,eda35c51fa2d59a8cee89481a172c0955a3504f01e7ee4cb43b7d52714b55ad2,correct,1,0.6899269223817304,383.21915997206133,True
control,c,ss,1.8,125,3,2.0,completed,True,5,eda35c51fa2d59a8cee89481a172c0955a3504f01e7ee4cb43b7d52714b55ad2,correct,1,0.6899269223817304,383.21915997206133,True
control,c,ss,1.8,125,10,1.0,completed,True,5,c0eb2383079a641dc57c4a21992a671e6e57a7ca19430a621482043d41fd2c54,correct,1,0.5798912670860592,375.6603334507814,True
control,c,ss,1.8,125,10,2.0,completed,True,5,c0eb2383079a641dc57c4a21992a671e6e57a7ca19430a621482043d41fd2c54,correct,1,0.5798912670860592,375.6603334507814,True
control,c,ss,1.95,-40,-10,1.0,completed,True,5,30ca4930853e3bd0ca3cce0b504044090504441393701983a844e5d32fed47cc,correct,-1,0.4217085489990297,396.1985174793715,True
control,c,ss,1.95,-40,-10,2.0,completed,True,5,30ca4930853e3bd0ca3cce0b504044090504441393701983a844e5d32fed47cc,correct,-1,0.4217085489990297,396.1985174793715,True
control,c,ss,1.95,-40,-3,1.0,completed,True,5,bf0c99e67dacd03384f3b5aea1f5b59773983215fa5aa8b16baf9a92d2b10db8,correct,-1,0.5726935659731607,403.5416052614019,True
control,c,ss,1.95,-40,-3,2.0,completed,True,5,bf0c99e67dacd03384f3b5aea1f5b59773983215fa5aa8b16baf9a92d2b10db8,correct,-1,0.5726935659731607,403.5416052614019,True
control,c,ss,1.95,-40,3,1.0,completed,True,5,bf9d96b6f81e8808b5e972f06b6729153fddcff318dffcc3f5a70d3c25dafa78,correct,1,0.5575010938198182,403.0336931157912,True
control,c,ss,1.95,-40,3,2.0,completed,True,5,bf9d96b6f81e8808b5e972f06b6729153fddcff318dffcc3f5a70d3c25dafa78,correct,1,0.5575010938198182,403.0336931157912,True
control,c,ss,1.95,-40,10,1.0,completed,True,5,8841b6495fb75d37ee5f3808d648069fd2b1b022600d52e9f4168b9dd5fca3c7,correct,1,0.4215710856810993,395.9675440003421,True
control,c,ss,1.95,-40,10,2.0,completed,True,5,8841b6495fb75d37ee5f3808d648069fd2b1b022600d52e9f4168b9dd5fca3c7,correct,1,0.4215710856810993,395.9675440003421,True
control,c,ss,1.95,27,-10,1.0,completed,True,5,d97e730155497e54e4fa81ab099551d78d02d9dda1cfdcc540eb0a5cfec79919,correct,-1,0.44945380007878927,420.90534528386786,True
control,c,ss,1.95,27,-10,2.0,completed,True,5,d97e730155497e54e4fa81ab099551d78d02d9dda1cfdcc540eb0a5cfec79919,correct,-1,0.44945380007878927,420.90534528386786,True
control,c,ss,1.95,27,-3,1.0,completed,True,5,429f1dd34a93b4a7fe8692cc3b6868d84ca49ea01f0bd9b5ff10becc091a8cf7,correct,-1,0.5650379007033509,428.5364006785119,True
control,c,ss,1.95,27,-3,2.0,completed,True,5,429f1dd34a93b4a7fe8692cc3b6868d84ca49ea01f0bd9b5ff10becc091a8cf7,correct,-1,0.5650379007033509,428.5364006785119,True
control,c,ss,1.95,27,3,1.0,completed,True,5,529109d5bf7b6079cd7156200cc21ebe6598e8256cb15922d0a415a8b70f7334,correct,1,0.5501973973377606,427.8959093026487,True
control,c,ss,1.95,27,3,2.0,completed,True,5,529109d5bf7b6079cd7156200cc21ebe6598e8256cb15922d0a415a8b70f7334,correct,1,0.5501973973377606,427.8959093026487,True
control,c,ss,1.95,27,10,1.0,completed,True,5,5b9fa664507dd2c71be49709735fc7c4c30b1e3d31a079a68bd841035b4f8f48,correct,1,0.4440120051214898,420.662157463222,True
control,c,ss,1.95,27,10,2.0,completed,True,5,5b9fa664507dd2c71be49709735fc7c4c30b1e3d31a079a68bd841035b4f8f48,correct,1,0.4440120051214898,420.662157463222,True
control,c,ss,1.95,125,-10,1.0,completed,True,5,32fb1ae777ff524edd2b68be2d78ca7123ad4bbc2b2e6361b944eec4b79dd92d,correct,-1,0.4879500226192784,455.2618239739003,True
control,c,ss,1.95,125,-10,2.0,completed,True,5,32fb1ae777ff524edd2b68be2d78ca7123ad4bbc2b2e6361b944eec4b79dd92d,correct,-1,0.4879500226192784,455.2618239739003,True
control,c,ss,1.95,125,-3,1.0,completed,True,5,9c318ed99ed922143e955913d23b0b11d3aeb0665834c9187bdc948b81fcd65c,correct,-1,0.5758441438669393,465.5923048405665,True
control,c,ss,1.95,125,-3,2.0,completed,True,5,9c318ed99ed922143e955913d23b0b11d3aeb0665834c9187bdc948b81fcd65c,correct,-1,0.5758441438669393,465.5923048405665,True
control,c,ss,1.95,125,3,1.0,completed,True,5,88e40efb25d0032180a70734af035b1945bbec86a034ceee308ce263cd575d5d,correct,1,0.5656953572976102,464.56622434592083,True
control,c,ss,1.95,125,3,2.0,completed,True,5,88e40efb25d0032180a70734af035b1945bbec86a034ceee308ce263cd575d5d,correct,1,0.5656953572976102,464.56622434592083,True
control,c,ss,1.95,125,10,1.0,completed,True,5,038caf390c09a1d805fd3313d37acf1cabe78565e4921e7ffbbd84069a57eaba,correct,1,0.48295072031361125,454.95740477343287,True
control,c,ss,1.95,125,10,2.0,completed,True,5,038caf390c09a1d805fd3313d37acf1cabe78565e4921e7ffbbd84069a57eaba,correct,1,0.48295072031361125,454.95740477343287,True
control,c,tt,1.62,-40,-10,1.0,completed,True,5,b4748cf1c6fe37a96001be353fd46c9d2f1e9480b919d093c4cfe5ab12a17ce2,correct,-1,0.5709014891310707,246.87905031687046,True
control,c,tt,1.62,-40,-10,2.0,completed,True,5,b4748cf1c6fe37a96001be353fd46c9d2f1e9480b919d093c4cfe5ab12a17ce2,correct,-1,0.5709014891310707,246.87905031687046,True
control,c,tt,1.62,-40,-3,1.0,completed,True,5,5c02e0a8376e7f87614718a2f2132975c0be0b801edaaa978eda951f2117d254,correct,-1,0.7559439941618608,252.704640027337,True
control,c,tt,1.62,-40,-3,2.0,completed,True,5,5c02e0a8376e7f87614718a2f2132975c0be0b801edaaa978eda951f2117d254,correct,-1,0.7559439941618608,252.704640027337,True
control,c,tt,1.62,-40,3,1.0,completed,True,5,c54e6d21ca19b542b27c9cf249a251786041a68b31c9754c6a340050aa2dc3ba,correct,1,0.7459417412493086,252.4572957376759,True
control,c,tt,1.62,-40,3,2.0,completed,True,5,c54e6d21ca19b542b27c9cf249a251786041a68b31c9754c6a340050aa2dc3ba,correct,1,0.7459417412493086,252.4572957376759,True
control,c,tt,1.62,-40,10,1.0,completed,True,5,e6a63ac93bc073c74813a7bf0f8bef98fd52961784d3ad6e76320381f1a6a93b,correct,1,0.5709122298000293,246.77058962187434,True
control,c,tt,1.62,-40,10,2.0,completed,True,5,e6a63ac93bc073c74813a7bf0f8bef98fd52961784d3ad6e76320381f1a6a93b,correct,1,0.5709122298000293,246.77058962187434,True
control,c,tt,1.62,27,-10,1.0,completed,True,5,b66ee67ab1ef6a9d8eaf34c3255fbb7f385a80115fc81cd042c3139538415c0d,correct,-1,0.5524339157990487,267.5760931207368,True
control,c,tt,1.62,27,-10,2.0,completed,True,5,b66ee67ab1ef6a9d8eaf34c3255fbb7f385a80115fc81cd042c3139538415c0d,correct,-1,0.5524339157990487,267.5760931207368,True
control,c,tt,1.62,27,-3,1.0,completed,True,5,8ee96830dde833d4647d7932d697e12fbda1f856133e1455260943b79cc92124,correct,-1,0.7123269797091091,273.33144714035404,True
control,c,tt,1.62,27,-3,2.0,completed,True,5,8ee96830dde833d4647d7932d697e12fbda1f856133e1455260943b79cc92124,correct,-1,0.7123269797091091,273.33144714035404,True
control,c,tt,1.62,27,3,1.0,completed,True,5,4a91d5137ed7903f1966742d13713630815fcf8b998fdb33f3f7d22e199d0613,correct,1,0.702338861315968,273.046625747933,True
control,c,tt,1.62,27,3,2.0,completed,True,5,4a91d5137ed7903f1966742d13713630815fcf8b998fdb33f3f7d22e199d0613,correct,1,0.702338861315968,273.046625747933,True
control,c,tt,1.62,27,10,1.0,completed,True,5,51020d24ebf435de49a31f32ba72f112881f1c4c80cd5257c2d0d3b71540f555,correct,1,0.5524372815318787,267.4571275733059,True
control,c,tt,1.62,27,10,2.0,completed,True,5,51020d24ebf435de49a31f32ba72f112881f1c4c80cd5257c2d0d3b71540f555,correct,1,0.5524372815318787,267.4571275733059,True
control,c,tt,1.62,125,-10,1.0,completed,True,5,f2bef3a674afcb4cd2ce77205614cc7e611ba1f590a4e06172c6d99adf4c1f9b,correct,-1,0.558614794760719,296.1219352398989,True
control,c,tt,1.62,125,-10,2.0,completed,True,5,f2bef3a674afcb4cd2ce77205614cc7e611ba1f590a4e06172c6d99adf4c1f9b,correct,-1,0.558614794760719,296.1219352398989,True
control,c,tt,1.62,125,-3,1.0,completed,True,5,98a22397461905dcffeb107195264f31814b3abbfa30e85d21d1687570c39c3b,correct,-1,0.6759477113213204,302.90217191134866,True
control,c,tt,1.62,125,-3,2.0,completed,True,5,98a22397461905dcffeb107195264f31814b3abbfa30e85d21d1687570c39c3b,correct,-1,0.6759477113213204,302.90217191134866,True
control,c,tt,1.62,125,3,1.0,completed,True,5,fed29f0d6ac70a9d7524734d74f590d24aa656ddc98ad8b785122adce932ace2,correct,1,0.6635866734701084,302.45786547076483,True
control,c,tt,1.62,125,3,2.0,completed,True,5,fed29f0d6ac70a9d7524734d74f590d24aa656ddc98ad8b785122adce932ace2,correct,1,0.6635866734701084,302.45786547076483,True
control,c,tt,1.62,125,10,1.0,completed,True,5,8482d1cca0f8b039132e6e03ded87e70c7c9dcd8dcfbd743e0cbcd73f191678f,correct,1,0.5585561390329402,295.98315328104223,True
control,c,tt,1.62,125,10,2.0,completed,True,5,8482d1cca0f8b039132e6e03ded87e70c7c9dcd8dcfbd743e0cbcd73f191678f,correct,1,0.5585561390329402,295.98315328104223,True
control,c,tt,1.8,-40,-10,1.0,completed,True,5,c2bfc88d7c75e0a5452d877689bcaf5584a308d12ef707b7401920b909ff4514,correct,-1,0.38830833214033816,326.8293513083189,True
control,c,tt,1.8,-40,-10,2.0,completed,True,5,c2bfc88d7c75e0a5452d877689bcaf5584a308d12ef707b7401920b909ff4514,correct,-1,0.38830833214033816,326.8293513083189,True
control,c,tt,1.8,-40,-3,1.0,completed,True,5,9d5a09f1b19c54c032ac31b408d127097f92d43ca0c055a9693c815b64e66130,correct,-1,0.5188134379989002,333.13021213229405,True
control,c,tt,1.8,-40,-3,2.0,completed,True,5,9d5a09f1b19c54c032ac31b408d127097f92d43ca0c055a9693c815b64e66130,correct,-1,0.5188134379989002,333.13021213229405,True
control,c,tt,1.8,-40,3,1.0,completed,True,5,a7101bc7dc699c3c3dbaac6f62584cba10a0ae54016e4ad379de233b48bbac04,correct,1,0.5037858591522186,332.7142462688041,True
control,c,tt,1.8,-40,3,2.0,completed,True,5,a7101bc7dc699c3c3dbaac6f62584cba10a0ae54016e4ad379de233b48bbac04,correct,1,0.5037858591522186,332.7142462688041,True
control,c,tt,1.8,-40,10,1.0,completed,True,5,d2374fe1123c216f5efba1d8d33a9f7758c6ef361fa97a00a8f29ddf28fcbe14,correct,1,0.38245148744617075,326.6443291049826,True
control,c,tt,1.8,-40,10,2.0,completed,True,5,d2374fe1123c216f5efba1d8d33a9f7758c6ef361fa97a00a8f29ddf28fcbe14,correct,1,0.38245148744617075,326.6443291049826,True
control,c,tt,1.8,27,-10,1.0,completed,True,5,45929b32f26778539d47819f600bbcd4a33dcac8cefe88c64cac342358c59e14,correct,-1,0.4063386697359405,349.4344476666786,True
control,c,tt,1.8,27,-10,2.0,completed,True,5,45929b32f26778539d47819f600bbcd4a33dcac8cefe88c64cac342358c59e14,correct,-1,0.4063386697359405,349.4344476666786,True
control,c,tt,1.8,27,-3,1.0,completed,True,5,e45d7c0357b6bab17f9e4909a2c2af6a9c35599d7943ed9e9512be02655feac6,correct,-1,0.5079914848846103,356.2023192682464,True
control,c,tt,1.8,27,-3,2.0,completed,True,5,e45d7c0357b6bab17f9e4909a2c2af6a9c35599d7943ed9e9512be02655feac6,correct,-1,0.5079914848846103,356.2023192682464,True
control,c,tt,1.8,27,3,1.0,completed,True,5,44bab10fa27b44d2bcb32dd2821ee806d88aa2677d078bb5ff742c82ffee6e11,correct,1,0.49809202611559916,355.6521559359183,True
control,c,tt,1.8,27,3,2.0,completed,True,5,44bab10fa27b44d2bcb32dd2821ee806d88aa2677d078bb5ff742c82ffee6e11,correct,1,0.49809202611559916,355.6521559359183,True
control,c,tt,1.8,27,10,1.0,completed,True,5,dc4af66eb29a949bfccf09fbf7305d97725daba72a0decc97246d339a84134ae,correct,1,0.4068349043097006,349.2385939690961,True
control,c,tt,1.8,27,10,2.0,completed,True,5,dc4af66eb29a949bfccf09fbf7305d97725daba72a0decc97246d339a84134ae,correct,1,0.4068349043097006,349.2385939690961,True
control,c,tt,1.8,125,-10,1.0,completed,True,5,953ca346b195024d88f0d4cab1cec032a6ca292cec9932b071788e3141760255,correct,-1,0.43558268610599854,381.67139856042525,True
control,c,tt,1.8,125,-10,2.0,completed,True,5,953ca346b195024d88f0d4cab1cec032a6ca292cec9932b071788e3141760255,correct,-1,0.43558268610599854,381.67139856042525,True
control,c,tt,1.8,125,-3,1.0,completed,True,5,0d86a2647f58bb5749e20a11a1a5ad15464a9a3d85ff65105fd1bfc6c3dc83c7,correct,-1,0.5195648180954999,391.1204149791961,True
control,c,tt,1.8,125,-3,2.0,completed,True,5,0d86a2647f58bb5749e20a11a1a5ad15464a9a3d85ff65105fd1bfc6c3dc83c7,correct,-1,0.5195648180954999,391.1204149791961,True
control,c,tt,1.8,125,3,1.0,completed,True,5,1df6d451da755578e0d6d0af977321901626552d9fa4b27e1de4c8d3ccd740ff,correct,1,0.509631994230049,390.22109683293655,True
control,c,tt,1.8,125,3,2.0,completed,True,5,1df6d451da755578e0d6d0af977321901626552d9fa4b27e1de4c8d3ccd740ff,correct,1,0.509631994230049,390.22109683293655,True
control,c,tt,1.8,125,10,1.0,completed,True,5,2a3c832f7b2da4065e6fc44eb99909df30c37234b05a579046829d247b5fab97,correct,1,0.43675954545139123,381.40775649387103,True
control,c,tt,1.8,125,10,2.0,completed,True,5,2a3c832f7b2da4065e6fc44eb99909df30c37234b05a579046829d247b5fab97,correct,1,0.43675954545139123,381.40775649387103,True
control,c,tt,1.95,-40,-10,1.0,completed,True,5,986d4ca8d99e0ade8c22f1a7840483ad4528f4bc233f0e1a01eeea5b5f7e95cb,correct,-1,0.33000757424591964,401.28141254442824,True
control,c,tt,1.95,-40,-10,2.0,completed,True,5,986d4ca8d99e0ade8c22f1a7840483ad4528f4bc233f0e1a01eeea5b5f7e95cb,correct,-1,0.33000757424591964,401.28141254442824,True
control,c,tt,1.95,-40,-3,1.0,completed,True,5,59d47d5f4e8a53dee8c2f66109fc3029165537085787285388be11399a15038c,correct,-1,0.4145800337326595,408.16494606845976,True
control,c,tt,1.95,-40,-3,2.0,completed,True,5,59d47d5f4e8a53dee8c2f66109fc3029165537085787285388be11399a15038c,correct,-1,0.4145800337326595,408.16494606845976,True
control,c,tt,1.95,-40,3,1.0,completed,True,5,12eff44418f3e597364b4f36272d324aca2ad6f86580638cb2e2c694b3a5283e,correct,1,0.4047582433320599,407.48701410761856,True
control,c,tt,1.95,-40,3,2.0,completed,True,5,12eff44418f3e597364b4f36272d324aca2ad6f86580638cb2e2c694b3a5283e,correct,1,0.4047582433320599,407.48701410761856,True
control,c,tt,1.95,-40,10,1.0,completed,True,5,e05e69dfb3b1870ba805c8f785f97c4faef07133a884ae91695f6924f607cae4,correct,1,0.32493473552448104,401.02448810142783,True
control,c,tt,1.95,-40,10,2.0,completed,True,5,e05e69dfb3b1870ba805c8f785f97c4faef07133a884ae91695f6924f607cae4,correct,1,0.32493473552448104,401.02448810142783,True
control,c,tt,1.95,27,-10,1.0,completed,True,5,779ea47f60f1f9b82a8fcd6f133a7ee51f9c75bbde0b34bea19973fb0f30052a,correct,-1,0.34599654168677857,425.75584554258836,True
control,c,tt,1.95,27,-10,2.0,completed,True,5,779ea47f60f1f9b82a8fcd6f133a7ee51f9c75bbde0b34bea19973fb0f30052a,correct,-1,0.34599654168677857,425.75584554258836,True
control,c,tt,1.95,27,-3,1.0,completed,True,5,5b40052d0110e08a09c08289935d5e0250df3e006e8a169fd2403fe5f9143b46,correct,-1,0.41447056782960007,434.49252595484387,True
control,c,tt,1.95,27,-3,2.0,completed,True,5,5b40052d0110e08a09c08289935d5e0250df3e006e8a169fd2403fe5f9143b46,correct,-1,0.41447056782960007,434.49252595484387,True
control,c,tt,1.95,27,3,1.0,completed,True,5,ccadb773205f2931f5575cd5fb0c4988655848107c49755e3225c48924376487,correct,1,0.40601417714942845,433.4570192473221,True
control,c,tt,1.95,27,3,2.0,completed,True,5,ccadb773205f2931f5575cd5fb0c4988655848107c49755e3225c48924376487,correct,1,0.40601417714942845,433.4570192473221,True
control,c,tt,1.95,27,10,1.0,completed,True,5,06b6d52d330c40cf0a465efaeec03c1bc6a91c665bf2d09f204bb1dea140b91e,correct,1,0.3454707503567608,425.45508013200157,True
control,c,tt,1.95,27,10,2.0,completed,True,5,06b6d52d330c40cf0a465efaeec03c1bc6a91c665bf2d09f204bb1dea140b91e,correct,1,0.3454707503567608,425.45508013200157,True
control,c,tt,1.95,125,-10,1.0,completed,True,5,d8bed7ac88a443b4812f302f7cb58b20c80ff37d5eba0696ea6bbf5f965e5bca,correct,-1,0.3828380630389205,462.20271450598227,True
control,c,tt,1.95,125,-10,2.0,completed,True,5,d8bed7ac88a443b4812f302f7cb58b20c80ff37d5eba0696ea6bbf5f965e5bca,correct,-1,0.3828380630389205,462.20271450598227,True
control,c,tt,1.95,125,-3,1.0,completed,True,5,0efff6517bdfe44e803797f313968b21d64a1497d7c3f5b030d3273c46c6b2f0,correct,-1,0.4471373371385001,474.76744216361675,True
control,c,tt,1.95,125,-3,2.0,completed,True,5,0efff6517bdfe44e803797f313968b21d64a1497d7c3f5b030d3273c46c6b2f0,correct,-1,0.4471373371385001,474.76744216361675,True
control,c,tt,1.95,125,3,1.0,completed,True,5,4fd3924ed15097cacd4b741a132084ae5040aa9b431a2eb44a8e8ad148ff6dbc,correct,1,0.4369437016190103,473.2124306392642,True
control,c,tt,1.95,125,3,2.0,completed,True,5,4fd3924ed15097cacd4b741a132084ae5040aa9b431a2eb44a8e8ad148ff6dbc,correct,1,0.4369437016190103,473.2124306392642,True
control,c,tt,1.95,125,10,1.0,completed,True,5,10bfdf6ad31bc3a3ca6100d9dba0d57d1ac6f27568ba37e88ef89a186ed64f10,correct,1,0.38008252497099015,461.75435829107477,True
control,c,tt,1.95,125,10,2.0,completed,True,5,10bfdf6ad31bc3a3ca6100d9dba0d57d1ac6f27568ba37e88ef89a186ed64f10,correct,1,0.38008252497099015,461.75435829107477,True
control,rc,ff,1.62,-40,-10,1.0,completed,True,5,c770de56e26410ad5f10535e330171bb03e0e1e7fcc63ded14697275e3152283,correct,-1,0.5146621032263797,307.20807304771324,True
control,rc,ff,1.62,-40,-10,2.0,completed,True,5,c770de56e26410ad5f10535e330171bb03e0e1e7fcc63ded14697275e3152283,correct,-1,0.5146621032263797,307.20807304771324,True
control,rc,ff,1.62,-40,-3,1.0,completed,True,5,117a2f9ba18a616ff2fe998ce6805895c05072bb4c1f437703f7619f4c0a2af5,correct,-1,0.6446743969915298,313.92805006445377,True
control,rc,ff,1.62,-40,-3,2.0,completed,True,5,117a2f9ba18a616ff2fe998ce6805895c05072bb4c1f437703f7619f4c0a2af5,correct,-1,0.6446743969915298,313.92805006445377,True
control,rc,ff,1.62,-40,3,1.0,completed,True,5,31e620aa8dd6b4a5f55d9dd78ba559d67dd02052f3fabd79748ace7f7bf478c7,correct,1,0.624675652682908,312.9900413502689,True
control,rc,ff,1.62,-40,3,2.0,completed,True,5,31e620aa8dd6b4a5f55d9dd78ba559d67dd02052f3fabd79748ace7f7bf478c7,correct,1,0.624675652682908,312.9900413502689,True
control,rc,ff,1.62,-40,10,1.0,completed,True,5,5881418354d22921d5fba42fa9cc04b05ce60df0ff01bb169871843b565612b8,correct,1,0.5096636984794993,306.7378405969075,True
control,rc,ff,1.62,-40,10,2.0,completed,True,5,5881418354d22921d5fba42fa9cc04b05ce60df0ff01bb169871843b565612b8,correct,1,0.5096636984794993,306.7378405969075,True
control,rc,ff,1.62,27,-10,1.0,completed,True,5,c8f886fa16f06ddf36b9b52a8a2834d05f81dd4169699870250d44492472da4e,correct,-1,0.5213296088343793,330.0998471583199,True
control,rc,ff,1.62,27,-10,2.0,completed,True,5,c8f886fa16f06ddf36b9b52a8a2834d05f81dd4169699870250d44492472da4e,correct,-1,0.5213296088343793,330.0998471583199,True
control,rc,ff,1.62,27,-3,1.0,completed,True,5,ecb050dcf77cf6951369d57f82f9237ff4d82ccfde4b9359d3f1f73d123f0595,correct,-1,0.6313326192144603,337.3935784068234,True
control,rc,ff,1.62,27,-3,2.0,completed,True,5,ecb050dcf77cf6951369d57f82f9237ff4d82ccfde4b9359d3f1f73d123f0595,correct,-1,0.6313326192144603,337.3935784068234,True
control,rc,ff,1.62,27,3,1.0,completed,True,5,e6c039cf1672e38b5aad878c74747322b1378fa0bf2f61447b1935f476edba90,correct,1,0.6113330081070399,336.1112538848886,True
control,rc,ff,1.62,27,3,2.0,completed,True,5,e6c039cf1672e38b5aad878c74747322b1378fa0bf2f61447b1935f476edba90,correct,1,0.6113330081070399,336.1112538848886,True
control,rc,ff,1.62,27,10,1.0,completed,True,5,20d47f0d01d9b0246e1be8c9ca35684ae53a40e5bf14c40d4fd95589704a2092,correct,1,0.5163304097277289,329.5768145799138,True
control,rc,ff,1.62,27,10,2.0,completed,True,5,20d47f0d01d9b0246e1be8c9ca35684ae53a40e5bf14c40d4fd95589704a2092,correct,1,0.5163304097277289,329.5768145799138,True
control,rc,ff,1.62,125,-10,1.0,completed,True,5,7707dd22b39ef6cb0b4ec73ced1b732fa5da52002e4aec473a9a9b1a959bf800,correct,-1,0.5433103280170788,365.1460928195327,True
control,rc,ff,1.62,125,-10,2.0,completed,True,5,7707dd22b39ef6cb0b4ec73ced1b732fa5da52002e4aec473a9a9b1a959bf800,correct,-1,0.5433103280170788,365.1460928195327,True
control,rc,ff,1.62,125,-3,1.0,completed,True,5,9230fcddc83b663a42b18cfdc27d55994f1a1b7d25ebb6391e43919db4d555c0,correct,-1,0.6433698088294582,375.3366214000871,True
control,rc,ff,1.62,125,-3,2.0,completed,True,5,9230fcddc83b663a42b18cfdc27d55994f1a1b7d25ebb6391e43919db4d555c0,correct,-1,0.6433698088294582,375.3366214000871,True
control,rc,ff,1.62,125,3,1.0,completed,True,5,29bbe7e071941e4483c667c37d54d8f30b7d764507f97f12e4d7d51fbe757e47,correct,1,0.6233598207878004,373.2087671266025,True
control,rc,ff,1.62,125,3,2.0,completed,True,5,29bbe7e071941e4483c667c37d54d8f30b7d764507f97f12e4d7d51fbe757e47,correct,1,0.6233598207878004,373.2087671266025,True
control,rc,ff,1.62,125,10,1.0,completed,True,5,6326495f6acb1fb2721613ddcdd15002b8d0d924a90becea0be69731691e4a3b,correct,1,0.5383197191528896,364.43637249646764,True
control,rc,ff,1.62,125,10,2.0,completed,True,5,6326495f6acb1fb2721613ddcdd15002b8d0d924a90becea0be69731691e4a3b,correct,1,0.5383197191528896,364.43637249646764,True
control,rc,ff,1.8,-40,-10,1.0,completed,True,5,90dfa2ca584dab0e5cac067fdd0a4a9d6665bf02f535941c6155eb4d4050d0dd,correct,-1,0.39687168093277947,403.2938249669437,True
control,rc,ff,1.8,-40,-10,2.0,completed,True,5,90dfa2ca584dab0e5cac067fdd0a4a9d6665bf02f535941c6155eb4d4050d0dd,correct,-1,0.39687168093277947,403.2938249669437,True
control,rc,ff,1.8,-40,-3,1.0,completed,True,5,4c806175013d3582f7d9a62e59cec2eba0c797de639117fe9187514e81d6b8ec,correct,-1,0.48529626311039914,411.35168175894177,True
control,rc,ff,1.8,-40,-3,2.0,completed,True,5,4c806175013d3582f7d9a62e59cec2eba0c797de639117fe9187514e81d6b8ec,correct,-1,0.48529626311039914,411.35168175894177,True
control,rc,ff,1.8,-40,3,1.0,completed,True,5,83ab457c3243a7fb000a3207c873e048ee78d06ed199bde88fcc1f0fcd338d5b,correct,1,0.46520277102565943,409.49869064653274,True
control,rc,ff,1.8,-40,3,2.0,completed,True,5,83ab457c3243a7fb000a3207c873e048ee78d06ed199bde88fcc1f0fcd338d5b,correct,1,0.46520277102565943,409.49869064653274,True
control,rc,ff,1.8,-40,10,1.0,completed,True,5,518d46d3d3d21f8ecac3c1eb2590db13a2b7f2fc798e0b8e003534d518063ab2,correct,1,0.39171461846823935,402.5362969367852,True
control,rc,ff,1.8,-40,10,2.0,completed,True,5,518d46d3d3d21f8ecac3c1eb2590db13a2b7f2fc798e0b8e003534d518063ab2,correct,1,0.39171461846823935,402.5362969367852,True
control,rc,ff,1.8,27,-10,1.0,completed,True,5,226355291f88b01055421fb7ec23922f2915cbf4d2d7617171f96256399c9d44,correct,-1,0.41898962196172,428.88401624300536,True
control,rc,ff,1.8,27,-10,2.0,completed,True,5,226355291f88b01055421fb7ec23922f2915cbf4d2d7617171f96256399c9d44,correct,-1,0.41898962196172,428.88401624300536,True
control,rc,ff,1.8,27,-3,1.0,completed,True,5,9f8e2e95b5a21dd31b1afd1cf663b4437c4b797163289929eb5b3dcc15eee230,correct,-1,0.49830625630998987,439.4122376338581,True
control,rc,ff,1.8,27,-3,2.0,completed,True,5,9f8e2e95b5a21dd31b1afd1cf663b4437c4b797163289929eb5b3dcc15eee230,correct,-1,0.49830625630998987,439.4122376338581,True
control,rc,ff,1.8,27,3,1.0,completed,True,5,ade09e4f410cb3f1cc6ccc07bf59bb16782443afb3c83d902988431b07b15d62,correct,1,0.47881949250317035,436.64357800099845,True
control,rc,ff,1.8,27,3,2.0,completed,True,5,ade09e4f410cb3f1cc6ccc07bf59bb16782443afb3c83d902988431b07b15d62,correct,1,0.47881949250317035,436.64357800099845,True
control,rc,ff,1.8,27,10,1.0,completed,True,5,c9b34404a69abb3233541df9bea58ec7187b54c79d08c447c000e160f100344a,correct,1,0.4131803241371283,427.93861338268465,True
control,rc,ff,1.8,27,10,2.0,completed,True,5,c9b34404a69abb3233541df9bea58ec7187b54c79d08c447c000e160f100344a,correct,1,0.4131803241371283,427.93861338268465,True
control,rc,ff,1.8,125,-10,1.0,completed,True,5,0a0708117ea53ee342cff70059d758ad736c5abb780e14f0a2c3f16d26cd08e9,correct,-1,0.45838224507318004,470.70857369554557,True
control,rc,ff,1.8,125,-10,2.0,completed,True,5,0a0708117ea53ee342cff70059d758ad736c5abb780e14f0a2c3f16d26cd08e9,correct,-1,0.45838224507318004,470.70857369554557,True
control,rc,ff,1.8,125,-3,1.0,completed,True,5,cbbec0313d850c12608e87a0bfb929ea8e709c287da2421425c4cf5147d8eecb,correct,-1,0.5401700750293396,485.4081401699197,True
control,rc,ff,1.8,125,-3,2.0,completed,True,5,cbbec0313d850c12608e87a0bfb929ea8e709c287da2421425c4cf5147d8eecb,correct,-1,0.5401700750293396,485.4081401699197,True
control,rc,ff,1.8,125,3,1.0,completed,True,5,84e60971911d78d90a92a9bc55224c5a3c9770a63c3b0f1d68f95dde29fcd7a1,correct,1,0.5153433673309106,481.1897420704959,True
control,rc,ff,1.8,125,3,2.0,completed,True,5,84e60971911d78d90a92a9bc55224c5a3c9770a63c3b0f1d68f95dde29fcd7a1,correct,1,0.5153433673309106,481.1897420704959,True
control,rc,ff,1.8,125,10,1.0,completed,True,5,834c0831660f009de89b17ddfdd2e52718aa61a4efc2efc6724728296e662ad5,correct,1,0.44818573107723825,469.3642985907083,True
control,rc,ff,1.8,125,10,2.0,completed,True,5,834c0831660f009de89b17ddfdd2e52718aa61a4efc2efc6724728296e662ad5,correct,1,0.44818573107723825,469.3642985907083,True
control,rc,ff,1.95,-40,-10,1.0,completed,True,5,d2d1939a394232cb710d4c33b863939eb1a0591c6ce8f63831753bc2ae8b478f,correct,-1,0.34846423617971856,493.0670102487807,True
control,rc,ff,1.95,-40,-10,2.0,completed,True,5,d2d1939a394232cb710d4c33b863939eb1a0591c6ce8f63831753bc2ae8b478f,correct,-1,0.34846423617971856,493.0670102487807,True
control,rc,ff,1.95,-40,-3,1.0,completed,True,5,83f8c8868a3e5bc9c8728539745988cb21ddafd2a85afb2548c6fa335256a72e,correct,-1,0.4181164032413088,504.17410174015225,True
control,rc,ff,1.95,-40,-3,2.0,completed,True,5,83f8c8868a3e5bc9c8728539745988cb21ddafd2a85afb2548c6fa335256a72e,correct,-1,0.4181164032413088,504.17410174015225,True
control,rc,ff,1.95,-40,3,1.0,completed,True,5,79e7573891c31f771f8859d24c48dbc566dce8ea6b7a4e2a99c0f7763016d9a1,correct,1,0.39259212970838986,500.64120785419016,True
control,rc,ff,1.95,-40,3,2.0,completed,True,5,79e7573891c31f771f8859d24c48dbc566dce8ea6b7a4e2a99c0f7763016d9a1,correct,1,0.39259212970838986,500.64120785419016,True
control,rc,ff,1.95,-40,10,1.0,completed,True,5,15d8aa54b2bd3c9e355054913aa86531850bfa906f9198267c363aefd0aa3ad1,correct,1,0.3377537888673901,491.8951221971197,True
control,rc,ff,1.95,-40,10,2.0,completed,True,5,15d8aa54b2bd3c9e355054913aa86531850bfa906f9198267c363aefd0aa3ad1,correct,1,0.3377537888673901,491.8951221971197,True
control,rc,ff,1.95,27,-10,1.0,completed,True,5,2b3848dbc581366370afb3e349a0676b06e6b73546bea236bf59452d2124998d,correct,-1,0.37357188074527825,522.0183420437781,True
control,rc,ff,1.95,27,-10,2.0,completed,True,5,2b3848dbc581366370afb3e349a0676b06e6b73546bea236bf59452d2124998d,correct,-1,0.37357188074527825,522.0183420437781,True
control,rc,ff,1.95,27,-3,1.0,completed,True,5,cc81b90ddc5eea4ff33640b494928b850b0861f027dbbb33f77543c3876063ec,correct,-1,0.44125947661778003,536.7445010609828,True
control,rc,ff,1.95,27,-3,2.0,completed,True,5,cc81b90ddc5eea4ff33640b494928b850b0861f027dbbb33f77543c3876063ec,correct,-1,0.44125947661778003,536.7445010609828,True
control,rc,ff,1.95,27,3,1.0,completed,True,5,e5176c46bc1702a01dc42ce86aed257447f3bee3cd0498a0f9cb8f0e21f984a9,correct,1,0.419706499601809,531.7497783897725,True
control,rc,ff,1.95,27,3,2.0,completed,True,5,e5176c46bc1702a01dc42ce86aed257447f3bee3cd0498a0f9cb8f0e21f984a9,correct,1,0.419706499601809,531.7497783897725,True
control,rc,ff,1.95,27,10,1.0,completed,True,5,65fd2ab96a36e62362b8523a76de73661f25138c250290f035fe214883d6d03e,correct,1,0.36512019542668933,520.4460455822712,True
control,rc,ff,1.95,27,10,2.0,completed,True,5,65fd2ab96a36e62362b8523a76de73661f25138c250290f035fe214883d6d03e,correct,1,0.36512019542668933,520.4460455822712,True
control,rc,ff,1.95,125,-10,1.0,completed,True,5,113762beab6bf73bebe2dc37ffc21de09612e5d3ed2647634a9de171c387855a,correct,-1,0.41522539189479113,570.6069858133969,True
control,rc,ff,1.95,125,-10,2.0,completed,True,5,113762beab6bf73bebe2dc37ffc21de09612e5d3ed2647634a9de171c387855a,correct,-1,0.41522539189479113,570.6069858133969,True
control,rc,ff,1.95,125,-3,1.0,completed,True,5,21ba58878272a718e761611d850d943bebc2c8968f544f98f9282cf9512575ed,correct,-1,0.492015229558009,590.3646334542185,True
control,rc,ff,1.95,125,-3,2.0,completed,True,5,21ba58878272a718e761611d850d943bebc2c8968f544f98f9282cf9512575ed,correct,-1,0.492015229558009,590.3646334542185,True
control,rc,ff,1.95,125,3,1.0,completed,True,5,6652dd37c48b060dca15acaea0d4ebb5d7ce61387e37296c0357044703f267ce,correct,1,0.46666457491827823,583.3112088175586,True
control,rc,ff,1.95,125,3,2.0,completed,True,5,6652dd37c48b060dca15acaea0d4ebb5d7ce61387e37296c0357044703f267ce,correct,1,0.46666457491827823,583.3112088175586,True
control,rc,ff,1.95,125,10,1.0,completed,True,5,262071a634a6939bde75a6d143e655608e76f6ef354cfe6c6c67a66a028cecf8,correct,1,0.4047285097156007,568.4792440200755,True
control,rc,ff,1.95,125,10,2.0,completed,True,5,262071a634a6939bde75a6d143e655608e76f6ef354cfe6c6c67a66a028cecf8,correct,1,0.4047285097156007,568.4792440200755,True
control,rc,fs,1.62,-40,-10,1.0,completed,True,5,791a207887b816f876d1ff9af93ceb95f237b4f4120bfbe70f776675765bb734,unresolved,0,,281.2899937095608,True
control,rc,fs,1.62,-40,-10,2.0,completed,True,5,791a207887b816f876d1ff9af93ceb95f237b4f4120bfbe70f776675765bb734,correct,-1,1.6603955613798007,281.2899937095608,True
control,rc,fs,1.62,-40,-3,1.0,completed,True,5,9ee18097be2013d228c3ca312da3e457692d81edb05085bb1c99a5275ebb4097,unresolved,0,,286.7488860083748,True
control,rc,fs,1.62,-40,-3,2.0,completed,True,5,9ee18097be2013d228c3ca312da3e457692d81edb05085bb1c99a5275ebb4097,correct,-1,1.83503246724314,286.7488860083748,True
control,rc,fs,1.62,-40,3,1.0,completed,True,5,ff6be7ea7339edca0b6b356cdd8610ef7a22a18a78edc34a48b45cc274873572,unresolved,0,,286.3383718677533,True
control,rc,fs,1.62,-40,3,2.0,completed,True,5,ff6be7ea7339edca0b6b356cdd8610ef7a22a18a78edc34a48b45cc274873572,correct,1,1.8250320034624508,286.3383718677533,True
control,rc,fs,1.62,-40,10,1.0,completed,True,5,76ebfcbc1bb0b68484d3dad5736ac706e474e33b7f47ab50e2b6c225d7ebaf4a,unresolved,0,,281.06530858616657,True
control,rc,fs,1.62,-40,10,2.0,completed,True,5,76ebfcbc1bb0b68484d3dad5736ac706e474e33b7f47ab50e2b6c225d7ebaf4a,correct,1,1.6553957907087808,281.06530858616657,True
control,rc,fs,1.62,27,-10,1.0,completed,True,5,14f4e6368bbc341ce393a66a6cd386e1ffbc31ae798b94249b4f7b012885c3f4,unresolved,0,,306.3312069589507,True
control,rc,fs,1.62,27,-10,2.0,completed,True,5,14f4e6368bbc341ce393a66a6cd386e1ffbc31ae798b94249b4f7b012885c3f4,correct,-1,1.2754952845323186,306.3312069589507,True
control,rc,fs,1.62,27,-3,1.0,completed,True,5,4b049e94824493bb2a4fc0cf66f07117ccce573e0bdba4bf0da7f4f29c5f1042,unresolved,0,,313.444568873158,True
control,rc,fs,1.62,27,-3,2.0,completed,True,5,4b049e94824493bb2a4fc0cf66f07117ccce573e0bdba4bf0da7f4f29c5f1042,correct,-1,1.4254915201854708,313.444568873158,True
control,rc,fs,1.62,27,3,1.0,completed,True,5,50e8c116dac35f405680eb9e9ae2240dd83b5ff6b096763141dd748bfbd555bb,unresolved,0,,312.87913584038876,True
control,rc,fs,1.62,27,3,2.0,completed,True,5,50e8c116dac35f405680eb9e9ae2240dd83b5ff6b096763141dd748bfbd555bb,correct,1,1.4154924907346405,312.87913584038876,True
control,rc,fs,1.62,27,10,1.0,completed,True,5,537eb05b9cf1216ec7db53c0b501127a1633c5cc8a95a3bd4aae3b11f4f31c44,unresolved,0,,306.04093372023283,True
control,rc,fs,1.62,27,10,2.0,completed,True,5,537eb05b9cf1216ec7db53c0b501127a1633c5cc8a95a3bd4aae3b11f4f31c44,correct,1,1.2704951322125684,306.04093372023283,True
control,rc,fs,1.62,125,-10,1.0,completed,True,5,5b9d56da73f29eb4cd8feb176819323cd64aaf203f2c6aa2b52b75bba6772d0d,unresolved,0,,344.951301258977,True
control,rc,fs,1.62,125,-10,2.0,completed,True,5,5b9d56da73f29eb4cd8feb176819323cd64aaf203f2c6aa2b52b75bba6772d0d,correct,-1,1.09792668770029,344.951301258977,True
control,rc,fs,1.62,125,-3,1.0,completed,True,5,74a921d28f57f229f7d618ea181a2fa491c46789f74cbdf5586be715b596247d,unresolved,0,,353.34499105849443,True
control,rc,fs,1.62,125,-3,2.0,completed,True,5,74a921d28f57f229f7d618ea181a2fa491c46789f74cbdf5586be715b596247d,correct,-1,1.2429260356769412,353.34499105849443,True
control,rc,fs,1.62,125,3,1.0,completed,True,5,2b64fc929303f57969fb564f84328138294a3327724ea926fa90d3d717e1e7c6,unresolved,0,,352.4764892276117,True
control,rc,fs,1.62,125,3,2.0,completed,True,5,2b64fc929303f57969fb564f84328138294a3327724ea926fa90d3d717e1e7c6,correct,1,1.2279266645980902,352.4764892276117,True
control,rc,fs,1.62,125,10,1.0,completed,True,5,6c2eeb802c0862b8c6ceb62dc9d2bcad701b95dcca79294a404bf81cfffc9f22,unresolved,0,,344.594590374008,True
control,rc,fs,1.62,125,10,2.0,completed,True,5,6c2eeb802c0862b8c6ceb62dc9d2bcad701b95dcca79294a404bf81cfffc9f22,correct,1,1.0979272848151205,344.594590374008,True
control,rc,fs,1.8,-40,-10,1.0,completed,True,5,5ddf5c9e80f70cabc7e8cdf783be811c33e6034388e04614a76e020cf695dc7d,correct,-1,0.7484144377951603,375.6766810172458,True
control,rc,fs,1.8,-40,-10,2.0,completed,True,5,5ddf5c9e80f70cabc7e8cdf783be811c33e6034388e04614a76e020cf695dc7d,correct,-1,0.7484144377951603,375.6766810172458,True
control,rc,fs,1.8,-40,-3,1.0,completed,True,5,8669ec075db026b09c6b31480b24d3d5d838839fb6c56af9e1c4932437be9543,correct,-1,0.8634245332615881,384.3745680290381,True
control,rc,fs,1.8,-40,-3,2.0,completed,True,5,8669ec075db026b09c6b31480b24d3d5d838839fb6c56af9e1c4932437be9543,correct,-1,0.8634245332615881,384.3745680290381,True
control,rc,fs,1.8,-40,3,1.0,completed,True,5,d505ce5bcddaeee9e62cbdf2c3d066fdc4a257e1419555158de776f2784e98a2,correct,1,0.84842793122596,383.5383053996102,True
control,rc,fs,1.8,-40,3,2.0,completed,True,5,d505ce5bcddaeee9e62cbdf2c3d066fdc4a257e1419555158de776f2784e98a2,correct,1,0.84842793122596,383.5383053996102,True
control,rc,fs,1.8,-40,10,1.0,completed,True,5,2bd726aaa093ba462f41974e28168e263ad381933aa03bdb23b2088cca477b55,correct,1,0.7484178349299301,375.24410365326406,True
control,rc,fs,1.8,-40,10,2.0,completed,True,5,2bd726aaa093ba462f41974e28168e263ad381933aa03bdb23b2088cca477b55,correct,1,0.7484178349299301,375.24410365326406,True
control,rc,fs,1.8,27,-10,1.0,completed,True,5,d6381772b54e10789903e7178492510629d6b0fbe7a6cb2db9b55810cc7298b8,correct,-1,0.7340742648837087,402.7333177625198,True
control,rc,fs,1.8,27,-10,2.0,completed,True,5,d6381772b54e10789903e7178492510629d6b0fbe7a6cb2db9b55810cc7298b8,correct,-1,0.7340742648837087,402.7333177625198,True
control,rc,fs,1.8,27,-3,1.0,completed,True,5,5693d8665efc84a123f919288eadb3b58dcdede7fd5ed9bf42b9d9340f8eb090,correct,-1,0.8490778118980682,411.7718894896981,True
control,rc,fs,1.8,27,-3,2.0,completed,True,5,5693d8665efc84a123f919288eadb3b58dcdede7fd5ed9bf42b9d9340f8eb090,correct,-1,0.8490778118980682,411.7718894896981,True
control,rc,fs,1.8,27,3,1.0,completed,True,5,22bf0817f55442a3685c9c1e5ab24e2412c92c626ba1d1b0b55b5f01fb41910e,correct,1,0.8340783422730382,410.70435088159854,True
control,rc,fs,1.8,27,3,2.0,completed,True,5,22bf0817f55442a3685c9c1e5ab24e2412c92c626ba1d1b0b55b5f01fb41910e,correct,1,0.8340783422730382,410.70435088159854,True
control,rc,fs,1.8,27,10,1.0,completed,True,5,3ce6acc909d42d2e7564c9e5d951e0f749e414b18bb31119def9b3a2d3554819,correct,1,0.7290744169658085,402.24483968278605,True
control,rc,fs,1.8,27,10,2.0,completed,True,5,3ce6acc909d42d2e7564c9e5d951e0f749e414b18bb31119def9b3a2d3554819,correct,1,0.7290744169658085,402.24483968278605,True
control,rc,fs,1.8,125,-10,1.0,completed,True,5,5b91dbe09e040c243cc6129547c5559489e5137cfe8423ce2d96b7c6f807665a,correct,-1,0.7557112204626195,450.2707986866238,True
control,rc,fs,1.8,125,-10,2.0,completed,True,5,5b91dbe09e040c243cc6129547c5559489e5137cfe8423ce2d96b7c6f807665a,correct,-1,0.7557112204626195,450.2707986866238,True
control,rc,fs,1.8,125,-3,1.0,completed,True,5,41961f50e731519cab8dfcefab401b772dcb5498d6b776765dc19ca329b4cfa1,correct,-1,0.872347462839678,462.1644079275419,True
control,rc,fs,1.8,125,-3,2.0,completed,True,5,41961f50e731519cab8dfcefab401b772dcb5498d6b776765dc19ca329b4cfa1,correct,-1,0.872347462839678,462.1644079275419,True
control,rc,fs,1.8,125,3,1.0,completed,True,5,3b368dfa6be8ff21fb71614288fc1e4bac70537e58e823a6a197bf736067d30c,correct,1,0.8524063125333302,460.4253449799873,True
control,rc,fs,1.8,125,3,2.0,completed,True,5,3b368dfa6be8ff21fb71614288fc1e4bac70537e58e823a6a197bf736067d30c,correct,1,0.8524063125333302,460.4253449799873,True
control,rc,fs,1.8,125,10,1.0,completed,True,5,4828f61910b2ae95adce9cb476f29ac786bd87effa4e0e5960ddf1c86d41715c,correct,1,0.7523422532142781,449.6540866736028,True
control,rc,fs,1.8,125,10,2.0,completed,True,5,4828f61910b2ae95adce9cb476f29ac786bd87effa4e0e5960ddf1c86d41715c,correct,1,0.7523422532142781,449.6540866736028,True
control,rc,fs,1.95,-40,-10,1.0,completed,True,5,d8087f451a89fc8569e448cdf190cfa74cbfcdbfe2b0a772e937bb05c3567b14,correct,-1,0.5396514081355611,463.8466830501515,True
control,rc,fs,1.95,-40,-10,2.0,completed,True,5,d8087f451a89fc8569e448cdf190cfa74cbfcdbfe2b0a772e937bb05c3567b14,correct,-1,0.5396514081355611,463.8466830501515,True
control,rc,fs,1.95,-40,-3,1.0,completed,True,5,b1127651b0bc4641bc9f5e719df752454a5954c612a1fa00f712b497547829c9,correct,-1,0.6297540311964491,473.58426432799064,True
control,rc,fs,1.95,-40,-3,2.0,completed,True,5,b1127651b0bc4641bc9f5e719df752454a5954c612a1fa00f712b497547829c9,correct,-1,0.6297540311964491,473.58426432799064,True
control,rc,fs,1.95,-40,3,1.0,completed,True,5,c64a25b54855e2b384889f1290f08063cf8917b360ad5c78d9391c3d1b89a1a0,correct,1,0.6148368074735704,472.24444739647777,True
control,rc,fs,1.95,-40,3,2.0,completed,True,5,c64a25b54855e2b384889f1290f08063cf8917b360ad5c78d9391c3d1b89a1a0,correct,1,0.6148368074735704,472.24444739647777,True
control,rc,fs,1.95,-40,10,1.0,completed,True,5,21ab187eb36ec979169e9b2216439afd84eeaf4c64f9b38d2b8df55702cb71f7,correct,1,0.53465849685359,463.192723350417,True
control,rc,fs,1.95,-40,10,2.0,completed,True,5,21ab187eb36ec979169e9b2216439afd84eeaf4c64f9b38d2b8df55702cb71f7,correct,1,0.53465849685359,463.192723350417,True
control,rc,fs,1.95,27,-10,1.0,completed,True,5,0134d0f2c0527805bb4ff61956024fb90e8de079ca62b1ed82ae3325ed124a60,correct,-1,0.5675116308388801,493.0599620509739,True
control,rc,fs,1.95,27,-10,2.0,completed,True,5,0134d0f2c0527805bb4ff61956024fb90e8de079ca62b1ed82ae3325ed124a60,correct,-1,0.5675116308388801,493.0599620509739,True
control,rc,fs,1.95,27,-3,1.0,completed,True,5,abea61462153b28b1323da10878fd8feebf6ae189f13a0f03c0986952c699868,correct,-1,0.6576989474139596,504.4442169668633,True
control,rc,fs,1.95,27,-3,2.0,completed,True,5,abea61462153b28b1323da10878fd8feebf6ae189f13a0f03c0986952c699868,correct,-1,0.6576989474139596,504.4442169668633,True
control,rc,fs,1.95,27,3,1.0,completed,True,5,14fb88fbbf1c4843d84b538348b73f1ee6c6782c3c9fdfc1309b96725d92cc89,correct,1,0.6426504332517596,502.5200310691345,True
control,rc,fs,1.95,27,3,2.0,completed,True,5,14fb88fbbf1c4843d84b538348b73f1ee6c6782c3c9fdfc1309b96725d92cc89,correct,1,0.6426504332517596,502.5200310691345,True
control,rc,fs,1.95,27,10,1.0,completed,True,5,04e670446cea58df2ffcd2ba6d5a2caf3a93e08188a055859ea935b9ec0fc877,correct,1,0.5623438498690407,492.3318621486685,True
control,rc,fs,1.95,27,10,2.0,completed,True,5,04e670446cea58df2ffcd2ba6d5a2caf3a93e08188a055859ea935b9ec0fc877,correct,1,0.5623438498690407,492.3318621486685,True
control,rc,fs,1.95,125,-10,1.0,completed,True,5,e57aef12b118db7c4da073e27442d19a4b85e749ccba294862d3821fa529b2ad,correct,-1,0.6230220192315212,549.9377516395565,True
control,rc,fs,1.95,125,-10,2.0,completed,True,5,e57aef12b118db7c4da073e27442d19a4b85e749ccba294862d3821fa529b2ad,correct,-1,0.6230220192315212,549.9377516395565,True
control,rc,fs,1.95,125,-3,1.0,completed,True,5,ec18b3e675ae7e4abda3a2cb0b74f03998b6a3f2d2b005b804306a6032e4cd5b,correct,-1,0.7173269238153097,565.596768837332,True
control,rc,fs,1.95,125,-3,2.0,completed,True,5,ec18b3e675ae7e4abda3a2cb0b74f03998b6a3f2d2b005b804306a6032e4cd5b,correct,-1,0.7173269238153097,565.596768837332,True
control,rc,fs,1.95,125,3,1.0,completed,True,5,b779c5e9302fd40a18a51effafe235d78930479b64cdea6da8cbfeca6d48ca65,correct,1,0.7024400825811893,562.6088703995487,True
control,rc,fs,1.95,125,3,2.0,completed,True,5,b779c5e9302fd40a18a51effafe235d78930479b64cdea6da8cbfeca6d48ca65,correct,1,0.7024400825811893,562.6088703995487,True
control,rc,fs,1.95,125,10,1.0,completed,True,5,45146515bad25f252951fbd3f67112d6628e516a3ff657ca5894a986e16021e4,correct,1,0.617987406719898,548.9497648658789,True
control,rc,fs,1.95,125,10,2.0,completed,True,5,45146515bad25f252951fbd3f67112d6628e516a3ff657ca5894a986e16021e4,correct,1,0.617987406719898,548.9497648658789,True
control,rc,sf,1.62,-40,-10,1.0,completed,True,5,1f6e050b9cabfc40f65209cf7727cb6d75701a9b4ccabc8c7f24133df246d58f,correct,-1,0.5934732380631189,315.1637803949628,True
control,rc,sf,1.62,-40,-10,2.0,completed,True,5,1f6e050b9cabfc40f65209cf7727cb6d75701a9b4ccabc8c7f24133df246d58f,correct,-1,0.5934732380631189,315.1637803949628,True
control,rc,sf,1.62,-40,-3,1.0,completed,True,5,0fee63ae6684514212a07e9284f7a26a6e663a629d4f2dd8a1bf62adcc4fc5f6,correct,-1,0.8539051588073007,321.49315978115055,True
control,rc,sf,1.62,-40,-3,2.0,completed,True,5,0fee63ae6684514212a07e9284f7a26a6e663a629d4f2dd8a1bf62adcc4fc5f6,correct,-1,0.8539051588073007,321.49315978115055,True
control,rc,sf,1.62,-40,3,1.0,completed,True,5,449737711c4a54a0a5411fed61be9cfe3ad03ad584a3fd27f0b70a57caf4e6d8,correct,1,0.7989057112077389,320.44080465572347,True
control,rc,sf,1.62,-40,3,2.0,completed,True,5,449737711c4a54a0a5411fed61be9cfe3ad03ad584a3fd27f0b70a57caf4e6d8,correct,1,0.7989057112077389,320.44080465572347,True
control,rc,sf,1.62,-40,10,1.0,completed,True,5,36f12c2cfbebb4e395d6ac2ce82bd31fbac23feb662e9c1a55c74ac56a3c3620,correct,1,0.5834751874821784,314.6340064450682,True
control,rc,sf,1.62,-40,10,2.0,completed,True,5,36f12c2cfbebb4e395d6ac2ce82bd31fbac23feb662e9c1a55c74ac56a3c3620,correct,1,0.5834751874821784,314.6340064450682,True
control,rc,sf,1.62,27,-10,1.0,completed,True,5,3eee91500c9112f7370836ec7086d81ae805017a23c4d7a759d2bc9d66b29b88,correct,-1,0.5897511878853285,337.37720859004907,True
control,rc,sf,1.62,27,-10,2.0,completed,True,5,3eee91500c9112f7370836ec7086d81ae805017a23c4d7a759d2bc9d66b29b88,correct,-1,0.5897511878853285,337.37720859004907,True
control,rc,sf,1.62,27,-3,1.0,completed,True,5,fbcc98d6ad54245ba3c357834c552fc855a69707cd91b9b5aa1f21ca148940dd,correct,-1,0.8097529196978911,343.6934002867433,True
control,rc,sf,1.62,27,-3,2.0,completed,True,5,fbcc98d6ad54245ba3c357834c552fc855a69707cd91b9b5aa1f21ca148940dd,correct,-1,0.8097529196978911,343.6934002867433,True
control,rc,sf,1.62,27,3,1.0,completed,True,5,48fced016cbde75077388a76937d9b19ee4cb40c3617d66fcb929636704a74ab,correct,1,0.7597532583263502,342.4694887328399,True
control,rc,sf,1.62,27,3,2.0,completed,True,5,48fced016cbde75077388a76937d9b19ee4cb40c3617d66fcb929636704a74ab,correct,1,0.7597532583263502,342.4694887328399,True
control,rc,sf,1.62,27,10,1.0,completed,True,5,86dacccfd29ffbb8e3fbece24bd6806ca89e6fa61a1ce05a6bd941a1e22177c6,correct,1,0.5747518456714412,336.8030618894958,True
control,rc,sf,1.62,27,10,2.0,completed,True,5,86dacccfd29ffbb8e3fbece24bd6806ca89e6fa61a1ce05a6bd941a1e22177c6,correct,1,0.5747518456714412,336.8030618894958,True
control,rc,sf,1.62,125,-10,1.0,completed,True,5,5a2913f5862323a2133bf669f8c95dfcb5deaa5481258ca53020ca751556cad1,correct,-1,0.567790974643091,367.51098990079345,True
control,rc,sf,1.62,125,-10,2.0,completed,True,5,5a2913f5862323a2133bf669f8c95dfcb5deaa5481258ca53020ca751556cad1,correct,-1,0.567790974643091,367.51098990079345,True
control,rc,sf,1.62,125,-3,1.0,completed,True,5,b26d35f65646dcddd9458de5113cf3f6aebdaa47f2861983e1ab0e2ac02d7c73,correct,-1,0.7218616708472092,375.30683717450546,True
control,rc,sf,1.62,125,-3,2.0,completed,True,5,b26d35f65646dcddd9458de5113cf3f6aebdaa47f2861983e1ab0e2ac02d7c73,correct,-1,0.7218616708472092,375.30683717450546,True
control,rc,sf,1.62,125,3,1.0,completed,True,5,a7810d53d3c7455c566b333783129e686ac9daae43cb5a52b9153a027dddbfdc,correct,1,0.6869130167961904,373.38631198415806,True
control,rc,sf,1.62,125,3,2.0,completed,True,5,a7810d53d3c7455c566b333783129e686ac9daae43cb5a52b9153a027dddbfdc,correct,1,0.6869130167961904,373.38631198415806,True
control,rc,sf,1.62,125,10,1.0,completed,True,5,bd3af2adcb07cab36dbcf882dc55e764d0235f5f2283891101a75c760a1248fb,correct,1,0.5579843085673684,366.8303203058593,True
control,rc,sf,1.62,125,10,2.0,completed,True,5,bd3af2adcb07cab36dbcf882dc55e764d0235f5f2283891101a75c760a1248fb,correct,1,0.5579843085673684,366.8303203058593,True
control,rc,sf,1.8,-40,-10,1.0,completed,True,5,de49017d84d2cb170c2757b673474d5fa0ca9dec14b399e1050cf44283c46f49,correct,-1,0.5018196129894708,412.22158213401985,True
control,rc,sf,1.8,-40,-10,2.0,completed,True,5,de49017d84d2cb170c2757b673474d5fa0ca9dec14b399e1050cf44283c46f49,correct,-1,0.5018196129894708,412.22158213401985,True
control,rc,sf,1.8,-40,-3,1.0,completed,True,5,f7b92659628737bc44ca55f54995d609ebb2d4084f034c87276ff23da891cc4c,correct,-1,0.674416963042421,419.19797657653436,True
control,rc,sf,1.8,-40,-3,2.0,completed,True,5,f7b92659628737bc44ca55f54995d609ebb2d4084f034c87276ff23da891cc4c,correct,-1,0.674416963042421,419.19797657653436,True
control,rc,sf,1.8,-40,3,1.0,completed,True,5,58fd484eb7c86f7b90bc527a662b37e5c988cba342b09bb20f31f384fc11d767,correct,1,0.6273638298282981,417.42817712325575,True
control,rc,sf,1.8,-40,3,2.0,completed,True,5,58fd484eb7c86f7b90bc527a662b37e5c988cba342b09bb20f31f384fc11d767,correct,1,0.6273638298282981,417.42817712325575,True
control,rc,sf,1.8,-40,10,1.0,completed,True,5,1e6f791dae16d6fdbbda34319690b486b71daa7eb7b0bf41967af519efd5faad,correct,1,0.48548759285810006,411.4097238613865,True
control,rc,sf,1.8,-40,10,2.0,completed,True,5,1e6f791dae16d6fdbbda34319690b486b71daa7eb7b0bf41967af519efd5faad,correct,1,0.48548759285810006,411.4097238613865,True
control,rc,sf,1.8,27,-10,1.0,completed,True,5,f102b18d664d5eb03c43bae685733f62daec9061b65e42d7746730d1f0254c87,correct,-1,0.4984938202325904,436.5978708062244,True
control,rc,sf,1.8,27,-10,2.0,completed,True,5,f102b18d664d5eb03c43bae685733f62daec9061b65e42d7746730d1f0254c87,correct,-1,0.4984938202325904,436.5978708062244,True
control,rc,sf,1.8,27,-3,1.0,completed,True,5,d7386c1d0db753c83e792e45b4a09fc869f6443803ddceb6d90fd6071081a219,correct,-1,0.6366803741038884,444.3437642852834,True
control,rc,sf,1.8,27,-3,2.0,completed,True,5,d7386c1d0db753c83e792e45b4a09fc869f6443803ddceb6d90fd6071081a219,correct,-1,0.6366803741038884,444.3437642852834,True
control,rc,sf,1.8,27,3,1.0,completed,True,5,3e0cd625b3b82ca8a3f57a9fd121a39a37a2c2a76d470c7cae29771aba851e68,correct,1,0.5970483492891806,442.0116927202799,True
control,rc,sf,1.8,27,3,2.0,completed,True,5,3e0cd625b3b82ca8a3f57a9fd121a39a37a2c2a76d470c7cae29771aba851e68,correct,1,0.5970483492891806,442.0116927202799,True
control,rc,sf,1.8,27,10,1.0,completed,True,5,84f17b68ffd5593e49ca381d6c81cc44f580192586c0224165eeeb36f6fb69e6,correct,1,0.48865637135791995,435.6955656121336,True
control,rc,sf,1.8,27,10,2.0,completed,True,5,84f17b68ffd5593e49ca381d6c81cc44f580192586c0224165eeeb36f6fb69e6,correct,1,0.48865637135791995,435.6955656121336,True
control,rc,sf,1.8,125,-10,1.0,completed,True,5,3a16951b95f2082b67af746e6e57ac62ef729c730d73a82f66ec5d98fe9050a3,correct,-1,0.4844590890072084,470.58692756462295,True
control,rc,sf,1.8,125,-10,2.0,completed,True,5,3a16951b95f2082b67af746e6e57ac62ef729c730d73a82f66ec5d98fe9050a3,correct,-1,0.4844590890072084,470.58692756462295,True
control,rc,sf,1.8,125,-3,1.0,completed,True,5,10d445b3091b56f06d3b992d9cb13070c81989144b9ba2e4840da2fb1d991d5a,correct,-1,0.5965996369411285,481.994088910581,True
control,rc,sf,1.8,125,-3,2.0,completed,True,5,10d445b3091b56f06d3b992d9cb13070c81989144b9ba2e4840da2fb1d991d5a,correct,-1,0.5965996369411285,481.994088910581,True
control,rc,sf,1.8,125,3,1.0,completed,True,5,ace1c24257c59d8b1d9b5e8199cb7c06084d081bcf831c49eecc9d0b57b0b1a8,correct,1,0.5621957620584213,478.1010388030562,True
control,rc,sf,1.8,125,3,2.0,completed,True,5,ace1c24257c59d8b1d9b5e8199cb7c06084d081bcf831c49eecc9d0b57b0b1a8,correct,1,0.5621957620584213,478.1010388030562,True
control,rc,sf,1.8,125,10,1.0,completed,True,5,a107efba55effb5a7b6678e5c0832b46a6b216b1b237ba1fd3ac5e73f8ac7f0e,correct,1,0.47439204175248806,469.3734558272404,True
control,rc,sf,1.8,125,10,2.0,completed,True,5,a107efba55effb5a7b6678e5c0832b46a6b216b1b237ba1fd3ac5e73f8ac7f0e,correct,1,0.47439204175248806,469.3734558272404,True
control,rc,sf,1.95,-40,-10,1.0,completed,True,5,51be2fd694f28bc7ed9dbf81294ad3ac3c973383a83222bf15861ca01bf249aa,correct,-1,0.45154503468995993,502.30425448258114,True
control,rc,sf,1.95,-40,-10,2.0,completed,True,5,51be2fd694f28bc7ed9dbf81294ad3ac3c973383a83222bf15861ca01bf249aa,correct,-1,0.45154503468995993,502.30425448258114,True
control,rc,sf,1.95,-40,-3,1.0,completed,True,5,1771323edfd8539a017aa1510a28f228180c52903ccea4c003b254f9e701831e,correct,-1,0.5693761191824698,510.3186148757034,True
control,rc,sf,1.95,-40,-3,2.0,completed,True,5,1771323edfd8539a017aa1510a28f228180c52903ccea4c003b254f9e701831e,correct,-1,0.5693761191824698,510.3186148757034,True
control,rc,sf,1.95,-40,3,1.0,completed,True,5,a034e2f17585e6bfdf9c43db2a78aaf63bdfb6c59b714eed0365c4259d65072c,correct,1,0.5293307659269488,507.51743310138113,True
control,rc,sf,1.95,-40,3,2.0,completed,True,5,a034e2f17585e6bfdf9c43db2a78aaf63bdfb6c59b714eed0365c4259d65072c,correct,1,0.5293307659269488,507.51743310138113,True
control,rc,sf,1.95,-40,10,1.0,completed,True,5,53254e9d2f295ce1a229668782cca6fd49aeb2ab380eb939c66519d1fab69cf6,correct,1,0.4368850288356309,501.1631108976169,True
control,rc,sf,1.95,-40,10,2.0,completed,True,5,53254e9d2f295ce1a229668782cca6fd49aeb2ab380eb939c66519d1fab69cf6,correct,1,0.4368850288356309,501.1631108976169,True
control,rc,sf,1.95,27,-10,1.0,completed,True,5,bf85a0248874f6413c090127bc3ea8d89576390ee63db2d76affd438bcba2282,correct,-1,0.4461609588428787,528.8844219748612,True
control,rc,sf,1.95,27,-10,2.0,completed,True,5,bf85a0248874f6413c090127bc3ea8d89576390ee63db2d76affd438bcba2282,correct,-1,0.4461609588428787,528.8844219748612,True
control,rc,sf,1.95,27,-3,1.0,completed,True,5,b11f388593ad977a32f8db1687dad4d182774769b61a8652ebb7a765f3a4f204,correct,-1,0.5488628710502483,539.6363250548671,True
control,rc,sf,1.95,27,-3,2.0,completed,True,5,b11f388593ad977a32f8db1687dad4d182774769b61a8652ebb7a765f3a4f204,correct,-1,0.5488628710502483,539.6363250548671,True
control,rc,sf,1.95,27,3,1.0,completed,True,5,90f7aea85c122c08e7f12e1d7cf83f2bd151717e49e78608b0b75821de0374e7,correct,1,0.5088935810785485,535.3654275731268,True
control,rc,sf,1.95,27,3,2.0,completed,True,5,90f7aea85c122c08e7f12e1d7cf83f2bd151717e49e78608b0b75821de0374e7,correct,1,0.5088935810785485,535.3654275731268,True
control,rc,sf,1.95,27,10,1.0,completed,True,5,427ceb94d15d588d495dffd33b611fcf77f8e40268ea19d1ba621322532536a5,correct,1,0.4337130386269791,527.5384196035224,True
control,rc,sf,1.95,27,10,2.0,completed,True,5,427ceb94d15d588d495dffd33b611fcf77f8e40268ea19d1ba621322532536a5,correct,1,0.4337130386269791,527.5384196035224,True
control,rc,sf,1.95,125,-10,1.0,completed,True,5,3e009297f186bc5e5b00c23194c0b3697aff94da5a4ab39d3a82c748619e503f,correct,-1,0.44012799951686077,567.3765946209985,True
control,rc,sf,1.95,125,-10,2.0,completed,True,5,3e009297f186bc5e5b00c23194c0b3697aff94da5a4ab39d3a82c748619e503f,correct,-1,0.44012799951686077,567.3765946209985,True
control,rc,sf,1.95,125,-3,1.0,completed,True,5,cdccd1fc13053f4e428d26aecfe21971ed8e0757c6ece2a28eb84a81338bdf75,correct,-1,0.5347260645091391,583.2966686252046,True
control,rc,sf,1.95,125,-3,2.0,completed,True,5,cdccd1fc13053f4e428d26aecfe21971ed8e0757c6ece2a28eb84a81338bdf75,correct,-1,0.5347260645091391,583.2966686252046,True
control,rc,sf,1.95,125,3,1.0,completed,True,5,bb623b9c40ba61320a8f62fa90c3571563464bffe8cbc33aa9cc3de9658f6d7f,correct,1,0.4947455074555497,576.6075200343994,True
control,rc,sf,1.95,125,3,2.0,completed,True,5,bb623b9c40ba61320a8f62fa90c3571563464bffe8cbc33aa9cc3de9658f6d7f,correct,1,0.4947455074555497,576.6075200343994,True
control,rc,sf,1.95,125,10,1.0,completed,True,5,918dc6a77978c529be98d9d1eb78b017775e667cb51fb70a98cb398bfadb1633,correct,1,0.42581248226883905,565.3797907853906,True
control,rc,sf,1.95,125,10,2.0,completed,True,5,918dc6a77978c529be98d9d1eb78b017775e667cb51fb70a98cb398bfadb1633,correct,1,0.42581248226883905,565.3797907853906,True
control,rc,ss,1.62,-40,-10,1.0,completed,True,5,c77999c4d879c9b56482369868819f1722858903326acc29174c46537ab3e971,unresolved,0,,288.7086530989082,True
control,rc,ss,1.62,-40,-10,2.0,completed,True,5,c77999c4d879c9b56482369868819f1722858903326acc29174c46537ab3e971,correct,-1,1.324164917575838,288.7086530989082,True
control,rc,ss,1.62,-40,-3,1.0,completed,True,5,4605f35eb10034405c9e96e517d6ee934ca2664b0258500355ff244558382e2f,unresolved,0,,295.59911729691265,True
control,rc,ss,1.62,-40,-3,2.0,completed,True,5,4605f35eb10034405c9e96e517d6ee934ca2664b0258500355ff244558382e2f,correct,-1,1.58417808092254,295.59911729691265,True
control,rc,ss,1.62,-40,3,1.0,completed,True,5,345a530780f65cf5d2d3a4bb342171f74af8d4029797cca20c76afc7bab85d57,unresolved,0,,295.07098409991426,True
control,rc,ss,1.62,-40,3,2.0,completed,True,5,345a530780f65cf5d2d3a4bb342171f74af8d4029797cca20c76afc7bab85d57,correct,1,1.5591804485169907,295.07098409991426,True
control,rc,ss,1.62,-40,10,1.0,completed,True,5,62d36b3ece6057babc8b5b9139842e0a0a1fca404adff32ed8d789d41fc054b8,unresolved,0,,288.4299710919395,True
control,rc,ss,1.62,-40,10,2.0,completed,True,5,62d36b3ece6057babc8b5b9139842e0a0a1fca404adff32ed8d789d41fc054b8,correct,1,1.3191673742265284,288.4299710919395,True
control,rc,ss,1.62,27,-10,1.0,completed,True,5,9ae0c23e2bc77591abee5e7d5488c9e5b2bfd50de9c659883aab84eff013c9b8,unresolved,0,,312.3333032021601,True
control,rc,ss,1.62,27,-10,2.0,completed,True,5,9ae0c23e2bc77591abee5e7d5488c9e5b2bfd50de9c659883aab84eff013c9b8,correct,-1,1.108861815437671,312.3333032021601,True
control,rc,ss,1.62,27,-3,1.0,completed,True,5,37126c1507f10d98b22db0cd037f5322bb7e94ef9c67c0c57b1988ac6bbd308a,unresolved,0,,319.6769542012661,True
control,rc,ss,1.62,27,-3,2.0,completed,True,5,37126c1507f10d98b22db0cd037f5322bb7e94ef9c67c0c57b1988ac6bbd308a,correct,-1,1.3738652880204407,319.6769542012661,True
control,rc,ss,1.62,27,3,1.0,completed,True,5,0fcfc20383605524add18cd72a8520a9a2fff94d514da58a20224d1e7d22ac96,unresolved,0,,319.0479450124098,True
control,rc,ss,1.62,27,3,2.0,completed,True,5,0fcfc20383605524add18cd72a8520a9a2fff94d514da58a20224d1e7d22ac96,correct,1,1.3438655170227787,319.0479450124098,True
control,rc,ss,1.62,27,10,1.0,completed,True,5,df869450252af586dc41f55b6702652daaf69b1424c7defb443bf5d3bcfd1953,unresolved,0,,312.0028855148479,True
control,rc,ss,1.62,27,10,2.0,completed,True,5,df869450252af586dc41f55b6702652daaf69b1424c7defb443bf5d3bcfd1953,correct,1,1.1038615968695482,312.0028855148479,True
control,rc,ss,1.62,125,-10,1.0,completed,True,5,b6bb79c00fa174ba7270c1bd891b05070363ac269c790ce9fadede741a57bee3,unresolved,0,,344.2209929253822,True
control,rc,ss,1.62,125,-10,2.0,completed,True,5,b6bb79c00fa174ba7270c1bd891b05070363ac269c790ce9fadede741a57bee3,correct,-1,1.0223867963521782,344.2209929253822,True
control,rc,ss,1.62,125,-3,1.0,completed,True,5,1b405716a883eba66761b885191117b88878bf028d135882d3570b11e8860b2a,unresolved,0,,351.65813975594756,True
control,rc,ss,1.62,125,-3,2.0,completed,True,5,1b405716a883eba66761b885191117b88878bf028d135882d3570b11e8860b2a,correct,-1,1.2323902784605687,351.65813975594756,True
control,rc,ss,1.62,125,3,1.0,completed,True,5,7033b2b9ad81ea08268c2335c172f4d10ba3a026c1ccc0c31909e3200f198ccc,unresolved,0,,350.8359695245794,True
control,rc,ss,1.62,125,3,2.0,completed,True,5,7033b2b9ad81ea08268c2335c172f4d10ba3a026c1ccc0c31909e3200f198ccc,correct,1,1.2073905621631682,350.8359695245794,True
control,rc,ss,1.62,125,10,1.0,completed,True,5,9373d905cc4fb07f1961004f63751257cd9fc8f5464cc7735c59f7c9ccdce53a,unresolved,0,,343.8337508158221,True
control,rc,ss,1.62,125,10,2.0,completed,True,5,9373d905cc4fb07f1961004f63751257cd9fc8f5464cc7735c59f7c9ccdce53a,correct,1,1.0173873432681482,343.8337508158221,True
control,rc,ss,1.8,-40,-10,1.0,completed,True,5,234104129ba5d5bbf0288a393f0fb3bf0c46f94a6cabf7be2b240812ff8c98e1,correct,-1,0.6967869835974299,383.13528473535223,True
control,rc,ss,1.8,-40,-10,2.0,completed,True,5,234104129ba5d5bbf0288a393f0fb3bf0c46f94a6cabf7be2b240812ff8c98e1,correct,-1,0.6967869835974299,383.13528473535223,True
control,rc,ss,1.8,-40,-3,1.0,completed,True,5,efe754f281cb99febd636905b1c9bc61da3422c4b3231636f8900eeaf7d61c55,correct,-1,0.9117939527882487,391.81300939746836,True
control,rc,ss,1.8,-40,-3,2.0,completed,True,5,efe754f281cb99febd636905b1c9bc61da3422c4b3231636f8900eeaf7d61c55,correct,-1,0.9117939527882487,391.81300939746836,True
control,rc,ss,1.8,-40,3,1.0,completed,True,5,097fd2dca37f7fa226b0a385ac716f33b3bd717867d0af939822eb149c46c966,correct,1,0.8817956095736811,390.88104454801424,True
control,rc,ss,1.8,-40,3,2.0,completed,True,5,097fd2dca37f7fa226b0a385ac716f33b3bd717867d0af939822eb149c46c966,correct,1,0.8817956095736811,390.88104454801424,True
control,rc,ss,1.8,-40,10,1.0,completed,True,5,e73f38a80fc59eaecb2d25086778e8987c6db531deed02872e7467860caa7472,correct,1,0.6917886474154313,382.6459218131894,True
control,rc,ss,1.8,-40,10,2.0,completed,True,5,e73f38a80fc59eaecb2d25086778e8987c6db531deed02872e7467860caa7472,correct,1,0.6917886474154313,382.6459218131894,True
control,rc,ss,1.8,27,-10,1.0,completed,True,5,c3a65f42ad3e0650d52e9b265c57238eb37f01dd15ca9c3df90d559ab6771bca,correct,-1,0.7128876340916882,409.3814953772914,True
control,rc,ss,1.8,27,-10,2.0,completed,True,5,c3a65f42ad3e0650d52e9b265c57238eb37f01dd15ca9c3df90d559ab6771bca,correct,-1,0.7128876340916882,409.3814953772914,True
control,rc,ss,1.8,27,-3,1.0,completed,True,5,a1d81ec0e62ee05ae22cfbf4a999198b4da7e2db6cbba8dd8eb8aa4d9ca38c20,correct,-1,0.8978942426014611,417.92098784938514,True
control,rc,ss,1.8,27,-3,2.0,completed,True,5,a1d81ec0e62ee05ae22cfbf4a999198b4da7e2db6cbba8dd8eb8aa4d9ca38c20,correct,-1,0.8978942426014611,417.92098784938514,True
control,rc,ss,1.8,27,3,1.0,completed,True,5,c4f47e76e420332e85afacaaa9338330ac6704b8d754edd8399a06969366575a,correct,1,0.8728956262891304,416.8511954383235,True
control,rc,ss,1.8,27,3,2.0,completed,True,5,c4f47e76e420332e85afacaaa9338330ac6704b8d754edd8399a06969366575a,correct,1,0.8728956262891304,416.8511954383235,True
control,rc,ss,1.8,27,10,1.0,completed,True,5,6e8121258bd80c86f61281e975abc57988e9cfc202ef6dcc7fc58e8e3f3f1113,correct,1,0.707888782647878,408.8421535897481,True
control,rc,ss,1.8,27,10,2.0,completed,True,5,6e8121258bd80c86f61281e975abc57988e9cfc202ef6dcc7fc58e8e3f3f1113,correct,1,0.707888782647878,408.8421535897481,True
control,rc,ss,1.8,125,-10,1.0,completed,True,5,e4f3d7dd8407ebef6807e1e91baa0263b301b04efd94a86c0d16ce25ba3f5840,correct,-1,0.745244810222301,444.7031860853525,True
control,rc,ss,1.8,125,-10,2.0,completed,True,5,e4f3d7dd8407ebef6807e1e91baa0263b301b04efd94a86c0d16ce25ba3f5840,correct,-1,0.745244810222301,444.7031860853525,True
control,rc,ss,1.8,125,-3,1.0,completed,True,5,019667ada01ee91792481855d48373c24de21aa3b8659ceca736e994edf7cfb1,correct,-1,0.8863006222648586,454.1866119558397,True
control,rc,ss,1.8,125,-3,2.0,completed,True,5,019667ada01ee91792481855d48373c24de21aa3b8659ceca736e994edf7cfb1,correct,-1,0.8863006222648586,454.1866119558397,True
control,rc,ss,1.8,125,3,1.0,completed,True,5,74f10c847b6101d866594207551b8a001fafab5997e6410eb5c0cc292545dcc9,correct,1,0.861301887602818,452.6337040751354,True
control,rc,ss,1.8,125,3,2.0,completed,True,5,74f10c847b6101d866594207551b8a001fafab5997e6410eb5c0cc292545dcc9,correct,1,0.861301887602818,452.6337040751354,True
control,rc,ss,1.8,125,10,1.0,completed,True,5,007035beeca1cd0a887b4e89a168d77bafdedd702de3ae74ec262cbf9765b679,correct,1,0.7394302031131693,444.095732731252,True
control,rc,ss,1.8,125,10,2.0,completed,True,5,007035beeca1cd0a887b4e89a168d77bafdedd702de3ae74ec262cbf9765b679,correct,1,0.7394302031131693,444.095732731252,True
control,rc,ss,1.95,-40,-10,1.0,completed,True,5,46ef0027c3d37f5efc05aa6fe523bc1639f94c61e62ada1797ffb71e09698d29,correct,-1,0.5427185967749087,472.01262241183895,True
control,rc,ss,1.95,-40,-10,2.0,completed,True,5,46ef0027c3d37f5efc05aa6fe523bc1639f94c61e62ada1797ffb71e09698d29,correct,-1,0.5427185967749087,472.01262241183895,True
control,rc,ss,1.95,-40,-3,1.0,completed,True,5,34f801c6b95bd8cfd889da3dd5673a10904f7e9a50c617f163f9c638c8b82e18,correct,-1,0.7276292259134899,481.3915816020106,True
control,rc,ss,1.95,-40,-3,2.0,completed,True,5,34f801c6b95bd8cfd889da3dd5673a10904f7e9a50c617f163f9c638c8b82e18,correct,-1,0.7276292259134899,481.3915816020106,True
control,rc,ss,1.95,-40,3,1.0,completed,True,5,4b2546f98aace8d1b6709269bbb6343c0d35a013ba06bd2463026d6f49618b10,correct,1,0.6976380645741401,479.98992099896736,True
control,rc,ss,1.95,-40,3,2.0,completed,True,5,4b2546f98aace8d1b6709269bbb6343c0d35a013ba06bd2463026d6f49618b10,correct,1,0.6976380645741401,479.98992099896736,True
control,rc,ss,1.95,-40,10,1.0,completed,True,5,f808697d92cd10695125f2861105e15b7c912bacaa9064c4760e96d7ffa4ab82,correct,1,0.5377375668308485,471.2932639553249,True
control,rc,ss,1.95,-40,10,2.0,completed,True,5,f808697d92cd10695125f2861105e15b7c912bacaa9064c4760e96d7ffa4ab82,correct,1,0.5377375668308485,471.2932639553249,True
control,rc,ss,1.95,27,-10,1.0,completed,True,5,4b5d054d946dd41e945b37e5d3d972b0564ded08dd30f91d06677b0f93ba1fc2,correct,-1,0.582325076280031,500.09382820124716,True
control,rc,ss,1.95,27,-10,2.0,completed,True,5,4b5d054d946dd41e945b37e5d3d972b0564ded08dd30f91d06677b0f93ba1fc2,correct,-1,0.582325076280031,500.09382820124716,True
control,rc,ss,1.95,27,-3,1.0,completed,True,5,9ff3c257b1c08f06dd7e3edeb75383316f4d66c03c63a0f6a2643f3116ee910d,correct,-1,0.7173297509125498,509.59815796992973,True
control,rc,ss,1.95,27,-3,2.0,completed,True,5,9ff3c257b1c08f06dd7e3edeb75383316f4d66c03c63a0f6a2643f3116ee910d,correct,-1,0.7173297509125498,509.59815796992973,True
control,rc,ss,1.95,27,3,1.0,completed,True,5,9eaad9bef0d5861bdfdc84dab7726fc378992ed7ae5b9fa0daf9676354854517,correct,1,0.6923305214751488,507.9279010932166,True
control,rc,ss,1.95,27,3,2.0,completed,True,5,9eaad9bef0d5861bdfdc84dab7726fc378992ed7ae5b9fa0daf9676354854517,correct,1,0.6923305214751488,507.9279010932166,True
control,rc,ss,1.95,27,10,1.0,completed,True,5,942f9f40acb570d91a62a21f11937ecad1460d524321bb7c113682c3ad1d66ca,correct,1,0.5773258951757293,499.3200003750919,True
control,rc,ss,1.95,27,10,2.0,completed,True,5,942f9f40acb570d91a62a21f11937ecad1460d524321bb7c113682c3ad1d66ca,correct,1,0.5773258951757293,499.3200003750919,True
control,rc,ss,1.95,125,-10,1.0,completed,True,5,74145bea4402d438e9bf843e645492f39a17412b98d4a05ea6c87655e8fa3ce5,correct,-1,0.6274829356550012,538.4104340957192,True
control,rc,ss,1.95,125,-10,2.0,completed,True,5,74145bea4402d438e9bf843e645492f39a17412b98d4a05ea6c87655e8fa3ce5,correct,-1,0.6274829356550012,538.4104340957192,True
control,rc,ss,1.95,125,-3,1.0,completed,True,5,20eb3b7ba17a5ea599aa647634b0cf5ef2d0baa8664ce83fdc4e92bb18c2122a,correct,-1,0.7375001639616987,550.6963692502771,True
control,rc,ss,1.95,125,-3,2.0,completed,True,5,20eb3b7ba17a5ea599aa647634b0cf5ef2d0baa8664ce83fdc4e92bb18c2122a,correct,-1,0.7375001639616987,550.6963692502771,True
control,rc,ss,1.95,125,3,1.0,completed,True,5,a9df0c4d9709ef30913e838ed6f85affe301b36861077887e481f6067f5418fd,correct,1,0.7127370496592687,547.9936535380048,True
control,rc,ss,1.95,125,3,2.0,completed,True,5,a9df0c4d9709ef30913e838ed6f85affe301b36861077887e481f6067f5418fd,correct,1,0.7127370496592687,547.9936535380048,True
control,rc,ss,1.95,125,10,1.0,completed,True,5,8fa0f7a6e30fa12b194ae7279312c4755bed5aeca6ca410a0c279a3fb7cf8d44,correct,1,0.6175233567451802,537.4837244362985,True
control,rc,ss,1.95,125,10,2.0,completed,True,5,8fa0f7a6e30fa12b194ae7279312c4755bed5aeca6ca410a0c279a3fb7cf8d44,correct,1,0.6175233567451802,537.4837244362985,True
control,rc,tt,1.62,-40,-10,1.0,completed,True,5,2c723a382dc575e402558de0f68ab0a8aa229260d080c9059c8964c3416755da,correct,-1,0.7637643901382407,296.84547668628363,True
control,rc,tt,1.62,-40,-10,2.0,completed,True,5,2c723a382dc575e402558de0f68ab0a8aa229260d080c9059c8964c3416755da,correct,-1,0.7637643901382407,296.84547668628363,True
control,rc,tt,1.62,-40,-3,1.0,completed,True,5,d137da565957da33be0b3ad64c07738def3e32924fb750c6791aede1a8bc8142,correct,-1,0.9588123317605594,304.0177844813234,True
control,rc,tt,1.62,-40,-3,2.0,completed,True,5,d137da565957da33be0b3ad64c07738def3e32924fb750c6791aede1a8bc8142,correct,-1,0.9588123317605594,304.0177844813234,True
control,rc,tt,1.62,-40,3,1.0,completed,True,5,a90d88b83fa1e4c8efea585cea3692e1088fa20d88e125ba3d0a2de0605c845c,correct,1,0.9288176516053592,303.31816234839107,True
control,rc,tt,1.62,-40,3,2.0,completed,True,5,a90d88b83fa1e4c8efea585cea3692e1088fa20d88e125ba3d0a2de0605c845c,correct,1,0.9288176516053592,303.31816234839107,True
control,rc,tt,1.62,-40,10,1.0,completed,True,5,d54ffc3f0e01b3907b74b3823ac1762c0f8d0eda474d04142a1807e7f0e20cad,correct,1,0.758770288226998,296.48772021461804,True
control,rc,tt,1.62,-40,10,2.0,completed,True,5,d54ffc3f0e01b3907b74b3823ac1762c0f8d0eda474d04142a1807e7f0e20cad,correct,1,0.758770288226998,296.48772021461804,True
control,rc,tt,1.62,27,-10,1.0,completed,True,5,3d5da510de628f83502dee32248f5f1c313902f9a52a61b45e3b9316401f760a,correct,-1,0.7226356244356884,320.32942870343,True
control,rc,tt,1.62,27,-10,2.0,completed,True,5,3d5da510de628f83502dee32248f5f1c313902f9a52a61b45e3b9316401f760a,correct,-1,0.7226356244356884,320.32942870343,True
control,rc,tt,1.62,27,-3,1.0,completed,True,5,f46969356902059b5b361783b7fb3cc803d4a17a399a11aab6b9c81b380bc113,correct,-1,0.9076393008106997,327.4502881494836,True
control,rc,tt,1.62,27,-3,2.0,completed,True,5,f46969356902059b5b361783b7fb3cc803d4a17a399a11aab6b9c81b380bc113,correct,-1,0.9076393008106997,327.4502881494836,True
control,rc,tt,1.62,27,3,1.0,completed,True,5,47b519acf11b01f2576da67978ebc30e630ad19daec588bd980952ef64a568ee,correct,1,0.8826396714070907,326.6377458336713,True
control,rc,tt,1.62,27,3,2.0,completed,True,5,47b519acf11b01f2576da67978ebc30e630ad19daec588bd980952ef64a568ee,correct,1,0.8826396714070907,326.6377458336713,True
control,rc,tt,1.62,27,10,1.0,completed,True,5,991a97a2df74541d0654bd91724f2eca921aa9a7053fe2c9458fc44a62c10879,correct,1,0.7176359958024587,319.9202150982367,True
control,rc,tt,1.62,27,10,2.0,completed,True,5,991a97a2df74541d0654bd91724f2eca921aa9a7053fe2c9458fc44a62c10879,correct,1,0.7176359958024587,319.9202150982367,True
control,rc,tt,1.62,125,-10,1.0,completed,True,5,4f4e0822f8973646d735e31d5a9925301aca2b1fea85fec20accb80a6a0d5551,correct,-1,0.7206045672786706,352.33992467239955,True
control,rc,tt,1.62,125,-10,2.0,completed,True,5,4f4e0822f8973646d735e31d5a9925301aca2b1fea85fec20accb80a6a0d5551,correct,-1,0.7206045672786706,352.33992467239955,True
control,rc,tt,1.62,125,-3,1.0,completed,True,5,213f1773920d1bfc45cab0aabe5ef8cb296627db4fce22c597e062f69026d3df,correct,-1,0.8592010470460785,360.39339226927365,True
control,rc,tt,1.62,125,-3,2.0,completed,True,5,213f1773920d1bfc45cab0aabe5ef8cb296627db4fce22c597e062f69026d3df,correct,-1,0.8592010470460785,360.39339226927365,True
control,rc,tt,1.62,125,3,1.0,completed,True,5,2293f6c90cb504fb6869c0d22c89ca6113316c79df32a2e82093efe8d564539f,correct,1,0.840213073570378,359.1821373683845,True
control,rc,tt,1.62,125,3,2.0,completed,True,5,2293f6c90cb504fb6869c0d22c89ca6113316c79df32a2e82093efe8d564539f,correct,1,0.840213073570378,359.1821373683845,True
control,rc,tt,1.62,125,10,1.0,completed,True,5,60e040a4e84c18ca629f88c32ed35b808581188e082aa6c2300bbc58a7f08d6a,correct,1,0.7156050607334711,351.8612180420441,True
control,rc,tt,1.62,125,10,2.0,completed,True,5,60e040a4e84c18ca629f88c32ed35b808581188e082aa6c2300bbc58a7f08d6a,correct,1,0.7156050607334711,351.8612180420441,True
control,rc,tt,1.8,-40,-10,1.0,completed,True,5,98128534e981345dc527a519d1e328736b7a719a3f11cb9127d4e73629009677,correct,-1,0.5091508889535703,392.01402177866777,True
control,rc,tt,1.8,-40,-10,2.0,completed,True,5,98128534e981345dc527a519d1e328736b7a719a3f11cb9127d4e73629009677,correct,-1,0.5091508889535703,392.01402177866777,True
control,rc,tt,1.8,-40,-3,1.0,completed,True,5,159eca1ee08aa7262e7373619072c67bf58cce36c1dcfd0ed4a5e6abdc8eb676,correct,-1,0.6641682035913693,400.10065323817423,True
control,rc,tt,1.8,-40,-3,2.0,completed,True,5,159eca1ee08aa7262e7373619072c67bf58cce36c1dcfd0ed4a5e6abdc8eb676,correct,-1,0.6641682035913693,400.10065323817423,True
control,rc,tt,1.8,-40,3,1.0,completed,True,5,35e93045d67e4b4c199e94776135458bb444129468f42734ebb1da10ae01c1b8,correct,1,0.6391707721815005,398.91378632045365,True
control,rc,tt,1.8,-40,3,2.0,completed,True,5,35e93045d67e4b4c199e94776135458bb444129468f42734ebb1da10ae01c1b8,correct,1,0.6391707721815005,398.91378632045365,True
control,rc,tt,1.8,-40,10,1.0,completed,True,5,ba56c5fa3c96ef4acd9d06b0b4af68dc9258244ff8338097f3f2d64792c835d0,correct,1,0.5041538171076287,391.4085693808544,True
control,rc,tt,1.8,-40,10,2.0,completed,True,5,ba56c5fa3c96ef4acd9d06b0b4af68dc9258244ff8338097f3f2d64792c835d0,correct,1,0.5041538171076287,391.4085693808544,True
control,rc,tt,1.8,27,-10,1.0,completed,True,5,3d93b141479ac04d2992e30a47ce1841763d020afc7fddb0bfdb3fadb0494ace,correct,-1,0.5374425770079811,417.7506429142636,True
control,rc,tt,1.8,27,-10,2.0,completed,True,5,3d93b141479ac04d2992e30a47ce1841763d020afc7fddb0bfdb3fadb0494ace,correct,-1,0.5374425770079811,417.7506429142636,True
control,rc,tt,1.8,27,-3,1.0,completed,True,5,6c83963ca60a8939626e697897a35a5a48dacf5a3412a8cabe54869c78d69bf0,correct,-1,0.6575256759599785,426.10414098892716,True
control,rc,tt,1.8,27,-3,2.0,completed,True,5,6c83963ca60a8939626e697897a35a5a48dacf5a3412a8cabe54869c78d69bf0,correct,-1,0.6575256759599785,426.10414098892716,True
control,rc,tt,1.8,27,3,1.0,completed,True,5,a21f7c94d59a7a8789688a2f0e51714ff268f7100384d78369b9b9b689c31fc4,correct,1,0.6326006718772289,424.6158936558751,True
control,rc,tt,1.8,27,3,2.0,completed,True,5,a21f7c94d59a7a8789688a2f0e51714ff268f7100384d78369b9b9b689c31fc4,correct,1,0.6326006718772289,424.6158936558751,True
control,rc,tt,1.8,27,10,1.0,completed,True,5,d83b6d9f0e8685ae2fbaebf8be4aea95efa18aae33679f769012587e85382cda,correct,1,0.527723379335408,417.0935066038001,True
control,rc,tt,1.8,27,10,2.0,completed,True,5,d83b6d9f0e8685ae2fbaebf8be4aea95efa18aae33679f769012587e85382cda,correct,1,0.527723379335408,417.0935066038001,True
control,rc,tt,1.8,125,-10,1.0,completed,True,5,590ebd2734a11ef5b98943ac5c2b2efee7d65777e616430a19ebf6dee04bdbe5,correct,-1,0.5680249933722685,453.64243128807004,True
control,rc,tt,1.8,125,-10,2.0,completed,True,5,590ebd2734a11ef5b98943ac5c2b2efee7d65777e616430a19ebf6dee04bdbe5,correct,-1,0.5680249933722685,453.64243128807004,True
control,rc,tt,1.8,125,-3,1.0,completed,True,5,e7d0b2a6ff9e1f0533b1fcdf9e68016eee5c6db026591ef8bcfad541c11e4a00,correct,-1,0.6675482099438108,464.9064779699272,True
control,rc,tt,1.8,125,-3,2.0,completed,True,5,e7d0b2a6ff9e1f0533b1fcdf9e68016eee5c6db026591ef8bcfad541c11e4a00,correct,-1,0.6675482099438108,464.9064779699272,True
control,rc,tt,1.8,125,3,1.0,completed,True,5,70e29144f53eaa0f55a26805f915dd2edac5c404e78fa082535f858a01ed5b4b,correct,1,0.6474683059079998,462.45777545999294,True
control,rc,tt,1.8,125,3,2.0,completed,True,5,70e29144f53eaa0f55a26805f915dd2edac5c404e78fa082535f858a01ed5b4b,correct,1,0.6474683059079998,462.45777545999294,True
control,rc,tt,1.8,125,10,1.0,completed,True,5,d234a877eeec813c6ea8f6891677f7d1a046b928d17f3ae69f72623e69894682,correct,1,0.5580848638849103,452.81371452688245,True
control,rc,tt,1.8,125,10,2.0,completed,True,5,d234a877eeec813c6ea8f6891677f7d1a046b928d17f3ae69f72623e69894682,correct,1,0.5580848638849103,452.81371452688245,True
control,rc,tt,1.95,-40,-10,1.0,completed,True,5,a73a1f94f024028d5d4a6d3c1ac08aeaf31b9f1017add02112b1b8c770462ac9,correct,-1,0.4315589707344411,480.940375650515,True
control,rc,tt,1.95,-40,-10,2.0,completed,True,5,a73a1f94f024028d5d4a6d3c1ac08aeaf31b9f1017add02112b1b8c770462ac9,correct,-1,0.4315589707344411,480.940375650515,True
control,rc,tt,1.95,-40,-3,1.0,completed,True,5,296d74891c27b74b81c5b566271b88e8863d9339b7b26f65f3a065ae139b3e6c,correct,-1,0.5483535906917593,489.7541156512726,True
control,rc,tt,1.95,-40,-3,2.0,completed,True,5,296d74891c27b74b81c5b566271b88e8863d9339b7b26f65f3a065ae139b3e6c,correct,-1,0.5483535906917593,489.7541156512726,True
control,rc,tt,1.95,-40,3,1.0,completed,True,5,cec8b43254d15a1ed553b1db492c09bf00c995ddaa20e5b18f209bce91cb34cd,correct,1,0.5218164769044513,487.9004854461638,True
control,rc,tt,1.95,-40,3,2.0,completed,True,5,cec8b43254d15a1ed553b1db492c09bf00c995ddaa20e5b18f209bce91cb34cd,correct,1,0.5218164769044513,487.9004854461638,True
control,rc,tt,1.95,-40,10,1.0,completed,True,5,4c31f0fd222283b86ca335cd5d12873f6aedd502b4bf7dafdfe82481073df3a6,correct,1,0.42216372153693066,480.077654125853,True
control,rc,tt,1.95,-40,10,2.0,completed,True,5,4c31f0fd222283b86ca335cd5d12873f6aedd502b4bf7dafdfe82481073df3a6,correct,1,0.42216372153693066,480.077654125853,True
control,rc,tt,1.95,27,-10,1.0,completed,True,5,f2aac57683cc40b7a4ac51786e0850a095377cad41c35c293de4ab4f5bd037a6,correct,-1,0.4548778049770007,508.6358447040211,True
control,rc,tt,1.95,27,-10,2.0,completed,True,5,f2aac57683cc40b7a4ac51786e0850a095377cad41c35c293de4ab4f5bd037a6,correct,-1,0.4548778049770007,508.6358447040211,True
control,rc,tt,1.95,27,-3,1.0,completed,True,5,137480ea037638239a53b7192fe635302b2a286cc16606e875880933d31d649a,correct,-1,0.54845065881241,519.1928946071655,True
control,rc,tt,1.95,27,-3,2.0,completed,True,5,137480ea037638239a53b7192fe635302b2a286cc16606e875880933d31d649a,correct,-1,0.54845065881241,519.1928946071655,True
control,rc,tt,1.95,27,3,1.0,completed,True,5,a2b4950611a075fe3d166d4102602894dbc190b9adfc2695596b164622b27009,correct,1,0.5236268181480701,516.5299899198181,True
control,rc,tt,1.95,27,3,2.0,completed,True,5,a2b4950611a075fe3d166d4102602894dbc190b9adfc2695596b164622b27009,correct,1,0.5236268181480701,516.5299899198181,True
control,rc,tt,1.95,27,10,1.0,completed,True,5,d10178bef4795f2351f373267d255083bdadec0cd41a34821676723f934cc4c3,correct,1,0.4485054529092289,507.68071219680985,True
control,rc,tt,1.95,27,10,2.0,completed,True,5,d10178bef4795f2351f373267d255083bdadec0cd41a34821676723f934cc4c3,correct,1,0.4485054529092289,507.68071219680985,True
control,rc,tt,1.95,125,-10,1.0,completed,True,5,daeb98d5388861527339bb330d3db0d2781140cac1985ecc82f41ca2ead41acf,correct,-1,0.49617702628590077,548.8356384215213,True
control,rc,tt,1.95,125,-10,2.0,completed,True,5,daeb98d5388861527339bb330d3db0d2781140cac1985ecc82f41ca2ead41acf,correct,-1,0.49617702628590077,548.8356384215213,True
control,rc,tt,1.95,125,-3,1.0,completed,True,5,4bc1e7b6462ac56bfc089ac760f6a5d286a5a05a1deb686dee5992d6f31cf701,correct,-1,0.5842178794780812,564.0396955631983,True
control,rc,tt,1.95,125,-3,2.0,completed,True,5,4bc1e7b6462ac56bfc089ac760f6a5d286a5a05a1deb686dee5992d6f31cf701,correct,-1,0.5842178794780812,564.0396955631983,True
control,rc,tt,1.95,125,3,1.0,completed,True,5,98453a12ade31a30fc0716aaa0ca62d6de6aafc964d80260ae967363d6caaa38,correct,1,0.5585892780685684,559.8085437269483,True
control,rc,tt,1.95,125,3,2.0,completed,True,5,98453a12ade31a30fc0716aaa0ca62d6de6aafc964d80260ae967363d6caaa38,correct,1,0.5585892780685684,559.8085437269483,True
control,rc,tt,1.95,125,10,1.0,completed,True,5,1ed9972bb9754e8e76dc1dd22ce7b9927d4ab234b51d5905356dcd6e027ea518,correct,1,0.48611315099736874,547.5013864607399,True
control,rc,tt,1.95,125,10,2.0,completed,True,5,1ed9972bb9754e8e76dc1dd22ce7b9927d4ab234b51d5905356dcd6e027ea518,correct,1,0.48611315099736874,547.5013864607399,True
