layout,mode,corner,vdd_v,temperature_c,signed_input_mv,deadline_ns,both_numeric_pairs_qualified,control_outcome,candidate_outcome,control_latency_ns,candidate_latency_ns,candidate_minus_control_latency_ns,control_fullcycle_core_energy_fj,candidate_fullcycle_core_energy_fj,candidate_energy_change_percent,loss_of_correct_point,new_wrong,new_unresolved_at_primary,observed_regression_gate
candidate_minus_control,c,tt,1.62,-40,-10,1,True,correct,correct,0.5709014891310707,0.5662963954233603,-0.00460509370771045,246.87905031687046,244.3889097216058,-1.008647996688472,False,False,False,False
candidate_minus_control,c,tt,1.62,-40,-3,1,True,correct,correct,0.7559439941618608,0.7497791597308385,-0.006164834431022226,252.704640027337,250.12819850989138,-1.0195465810073467,False,False,False,False
candidate_minus_control,c,tt,1.62,-40,3,1,True,correct,correct,0.7459417412493086,0.7371420779716501,-0.008799663277658465,252.4572957376759,249.87931332394237,-1.0211558379411123,False,False,False,False
candidate_minus_control,c,tt,1.62,-40,10,1,True,correct,correct,0.5709122298000293,0.56111596610661,-0.00979626369341935,246.77058962187434,244.28138045605994,-1.0087138704934828,False,False,False,False
candidate_minus_control,c,tt,1.62,27,-10,1,True,correct,correct,0.5524339157990487,0.5476716472158802,-0.004762268583168416,267.5760931207368,265.0016363569024,-0.9621400528756263,False,False,False,False
candidate_minus_control,c,tt,1.62,27,-3,1,True,correct,correct,0.7123269797091091,0.7026810926900882,-0.009645887019020916,273.33144714035404,270.6667650375517,-0.9748904235794109,False,False,False,False
candidate_minus_control,c,tt,1.62,27,3,1,True,correct,correct,0.702338861315968,0.6926820751258199,-0.009656786190148092,273.046625747933,270.3881150085339,-0.9736471681775494,False,False,False,False
candidate_minus_control,c,tt,1.62,27,10,1,True,correct,correct,0.5524372815318787,0.5426726875061683,-0.009764594025710394,267.4571275733059,264.88487061206837,-0.9617455270592989,False,False,False,False
candidate_minus_control,c,tt,1.62,125,-10,1,True,correct,correct,0.558614794760719,0.5494976386123512,-0.009117156148367722,296.1219352398989,293.42949990973636,-0.9092319783677305,False,False,False,False
candidate_minus_control,c,tt,1.62,125,-3,1,True,correct,correct,0.6759477113213204,0.6637001840960884,-0.012247527225231924,302.90217191134866,300.12049044859646,-0.9183431882311965,False,False,False,False
candidate_minus_control,c,tt,1.62,125,3,1,True,correct,correct,0.6635866734701084,0.6587023483344882,-0.004884325135620204,302.45786547076483,299.6901022397342,-0.9150905124331032,False,False,False,False
candidate_minus_control,c,tt,1.62,125,10,1,True,correct,correct,0.5585561390329402,0.5495691192477699,-0.008987019785170358,295.98315328104223,293.2998064375801,-0.9065876938320949,False,False,False,False
candidate_minus_control,c,tt,1.8,-40,-10,1,True,correct,correct,0.38830833214033816,0.38163593044791067,-0.006672401692427499,326.8293513083189,323.59210782439425,-0.9904996203571548,False,False,False,False
candidate_minus_control,c,tt,1.8,-40,-3,1,True,correct,correct,0.5188134379989002,0.5124698916637308,-0.0063435463351694255,333.13021213229405,329.7922488274212,-1.0019995735323084,False,False,False,False
candidate_minus_control,c,tt,1.8,-40,3,1,True,correct,correct,0.5037858591522186,0.49711428580377026,-0.0066715733484483675,332.7142462688041,329.3857894572365,-1.0003950383532745,False,False,False,False
candidate_minus_control,c,tt,1.8,-40,10,1,True,correct,correct,0.38245148744617075,0.376873828415828,-0.005577659030342741,326.6443291049826,323.4124091985966,-0.9894308942211216,False,False,False,False
candidate_minus_control,c,tt,1.8,27,-10,1,True,correct,correct,0.4063386697359405,0.401001302441748,-0.005337367294192541,349.4344476666786,346.1202082052266,-0.9484581395974412,False,False,False,False
candidate_minus_control,c,tt,1.8,27,-3,1,True,correct,correct,0.5079914848846103,0.5013388683631999,-0.0066526165214104704,356.2023192682464,352.7828790680715,-0.9599713463964932,False,False,False,False
candidate_minus_control,c,tt,1.8,27,3,1,True,correct,correct,0.49809202611559916,0.4915071693727912,-0.006584856742807954,355.6521559359183,352.2454050075992,-0.9578884512464358,False,False,False,False
candidate_minus_control,c,tt,1.8,27,10,1,True,correct,correct,0.4068349043097006,0.4008183198971395,-0.006016584412561088,349.2385939690961,345.9279446917989,-0.9479620335403505,False,False,False,False
candidate_minus_control,c,tt,1.8,125,-10,1,True,correct,correct,0.43558268610599854,0.43364304838357853,-0.0019396377224200068,381.67139856042525,378.2497776354279,-0.8964834509221475,False,False,False,False
candidate_minus_control,c,tt,1.8,125,-3,1,True,correct,correct,0.5195648180954999,0.5140571019280493,-0.005507716167450605,391.1204149791961,387.5569169707582,-0.9110999763659589,False,False,False,False
candidate_minus_control,c,tt,1.8,125,3,1,True,correct,correct,0.509631994230049,0.5062578909481187,-0.0033741032819303296,390.22109683293655,386.67062280153306,-0.9098621423135222,False,False,False,False
candidate_minus_control,c,tt,1.8,125,10,1,True,correct,correct,0.43675954545139123,0.4278751623050508,-0.008884383146340435,381.40775649387103,377.99042651689666,-0.8959781018583635,False,False,False,False
candidate_minus_control,c,tt,1.95,-40,-10,1,True,correct,correct,0.33000757424591964,0.3223123328649311,-0.007695241380988538,401.28141254442824,397.3677707003753,-0.9752861014013847,False,False,False,False
candidate_minus_control,c,tt,1.95,-40,-3,1,True,correct,correct,0.4145800337326595,0.4080373197564311,-0.006542713976228409,408.16494606845976,404.134392520293,-0.9874815529824388,False,False,False,False
candidate_minus_control,c,tt,1.95,-40,3,1,True,correct,correct,0.4047582433320599,0.39821670127164055,-0.0065415420604193475,407.48701410761856,403.4723684990416,-0.9852205026383287,False,False,False,False
candidate_minus_control,c,tt,1.95,-40,10,1,True,correct,correct,0.32493473552448104,0.32244159601581807,-0.002493139508662978,401.02448810142783,397.1101745284524,-0.9760784413707535,False,False,False,False
candidate_minus_control,c,tt,1.95,27,-10,1,True,correct,correct,0.34599654168677857,0.34032540401110095,-0.005671137675677618,425.75584554258836,421.74602730475794,-0.9418116697188839,False,False,False,False
candidate_minus_control,c,tt,1.95,27,-3,1,True,correct,correct,0.41447056782960007,0.40926534478124965,-0.005205223048350416,434.49252595484387,430.35696170423375,-0.9518148192588005,False,False,False,False
candidate_minus_control,c,tt,1.95,27,3,1,True,correct,correct,0.40601417714942845,0.4005274151457792,-0.005486762003649226,433.4570192473221,429.35185722766636,-0.9470747588271045,False,False,False,False
candidate_minus_control,c,tt,1.95,27,10,1,True,correct,correct,0.3454707503567608,0.3388667914696382,-0.006603958887122563,425.45508013200157,421.45678007605017,-0.9397701996438523,False,False,False,False
candidate_minus_control,c,tt,1.95,125,-10,1,True,correct,correct,0.3828380630389205,0.37626962400175995,-0.006568439037160534,462.20271450598227,458.0617237960512,-0.8959252250080652,False,False,False,False
candidate_minus_control,c,tt,1.95,125,-3,1,True,correct,correct,0.4471373371385001,0.4418164725413799,-0.005320864597120223,474.76744216361675,470.43460912071686,-0.9126221931213818,False,False,False,False
candidate_minus_control,c,tt,1.95,125,3,1,True,correct,correct,0.4369437016190103,0.4318310671402081,-0.005112634478802225,473.2124306392642,468.9271550099033,-0.9055712301496266,False,False,False,False
candidate_minus_control,c,tt,1.95,125,10,1,True,correct,correct,0.38008252497099015,0.37227409284455815,-0.007808432126432008,461.75435829107477,457.6244417638947,-0.8943968698995386,False,False,False,False
candidate_minus_control,c,ss,1.62,-40,-10,1,True,unresolved,correct,,0.9918584904529687,,241.5247874921846,239.06432094381387,-1.0187221667466995,False,False,False,False
candidate_minus_control,c,ss,1.62,-40,-3,1,True,unresolved,unresolved,,,,247.55803825212814,244.99347389754942,-1.0359446910654602,False,False,False,False
candidate_minus_control,c,ss,1.62,-40,3,1,True,unresolved,unresolved,,,,247.35705745507082,244.79588731578397,-1.0354142168561564,False,False,False,False
candidate_minus_control,c,ss,1.62,-40,10,1,True,unresolved,correct,,0.9918417702841807,,241.43680643544008,238.9774711309338,-1.0186248488023741,False,False,False,False
candidate_minus_control,c,ss,1.62,27,-10,1,True,correct,correct,0.8555559160005386,0.8457571880756705,-0.009798727924868134,262.37806528412705,259.8700515455384,-0.9558778230462028,False,False,False,False
candidate_minus_control,c,ss,1.62,27,-3,1,True,unresolved,unresolved,,,,268.49737691528253,265.8864071703435,-0.9724377105415294,False,False,False,False
candidate_minus_control,c,ss,1.62,27,3,1,True,unresolved,unresolved,,,,268.26894380303753,265.6661825614317,-0.9702059450894862,False,False,False,False
candidate_minus_control,c,ss,1.62,27,10,1,True,correct,correct,0.8555531263638105,0.8407443665072108,-0.014808759856599685,262.2780664624668,259.7714202176317,-0.955720879997346,False,False,False,False
candidate_minus_control,c,ss,1.62,125,-10,1,True,correct,correct,0.8052455772143787,0.7952671771119296,-0.009978400102449103,290.9256684722528,288.3276879303091,-0.8930049230742032,False,False,False,False
candidate_minus_control,c,ss,1.62,125,-3,1,True,correct,correct,0.9802470989107294,0.9702679831480387,-0.009979115762690616,297.16399447035496,294.4704837195133,-0.9064054868566429,False,False,False,False
candidate_minus_control,c,ss,1.62,125,3,1,True,correct,correct,0.970247653602638,0.9602694197681011,-0.009978233834536887,296.86320648589674,294.1716846190411,-0.9066539092925541,False,False,False,False
candidate_minus_control,c,ss,1.62,125,10,1,True,correct,correct,0.804035692946391,0.7902673140731513,-0.013768378873239673,290.8047237335678,288.2168225259046,-0.889910306283137,False,False,False,False
candidate_minus_control,c,ss,1.8,-40,-10,1,True,correct,correct,0.5268755695858084,0.5189652693814994,-0.00791030020430894,321.23732666133105,318.05174563579,-0.9916596737525207,False,False,False,False
candidate_minus_control,c,ss,1.8,-40,-3,1,True,correct,correct,0.7260828585651709,0.719026268606469,-0.007056589958701842,328.18461188288745,324.87892472877985,-1.0072645195464691,False,False,False,False
candidate_minus_control,c,ss,1.8,-40,3,1,True,correct,correct,0.7106590700355587,0.7040347733715692,-0.0066242966639895595,327.8494428700268,324.5498583753284,-1.0064328509493459,False,False,False,False
candidate_minus_control,c,ss,1.8,-40,10,1,True,correct,correct,0.5212753120010095,0.5137630390466913,-0.007512272954318222,321.0851142391009,317.90028497454966,-0.9918956448973226,False,False,False,False
candidate_minus_control,c,ss,1.8,27,-10,1,True,correct,correct,0.5504574985586181,0.5449717918270289,-0.005485706731589213,344.3208884648179,341.0876271507957,-0.9390256073158909,False,False,False,False
candidate_minus_control,c,ss,1.8,27,-3,1,True,correct,correct,0.7112556720889998,0.7004493942396406,-0.01080627784935917,351.19762385054844,347.84957599950593,-0.953323036282061,False,False,False,False
candidate_minus_control,c,ss,1.8,27,3,1,True,correct,correct,0.699815944354899,0.6904507252165791,-0.009365219138319891,350.8148432180412,347.4713548853677,-0.953063531178866,False,False,False,False
candidate_minus_control,c,ss,1.8,27,10,1,True,correct,correct,0.5459356151188992,0.5404174912159798,-0.005518123902919392,344.15562457877013,340.9230191393787,-0.9392859533671638,False,False,False,False
candidate_minus_control,c,ss,1.8,125,-10,1,True,correct,correct,0.5848718160561982,0.5752370095233101,-0.009634806532888063,375.8488498176386,372.50816833292424,-0.888836426221673,False,False,False,False
candidate_minus_control,c,ss,1.8,125,-3,1,True,correct,correct,0.695024180321408,0.690080142892189,-0.004944037429219006,383.79748961842324,380.3526734477059,-0.8975608918500799,False,False,False,False
candidate_minus_control,c,ss,1.8,125,3,1,True,correct,correct,0.6899269223817304,0.6800705024001286,-0.009856419981601805,383.21915997206133,379.7774306716629,-0.8981099224395162,False,False,False,False
candidate_minus_control,c,ss,1.8,125,10,1,True,correct,correct,0.5798912670860592,0.5706272640579181,-0.009264003028141121,375.6603334507814,372.3212815734828,-0.8888486699211495,False,False,False,False
candidate_minus_control,c,ss,1.95,-40,-10,1,True,correct,correct,0.4217085489990297,0.4180009307310397,-0.003707618267989987,396.1985174793715,392.32562574189,-0.9775129301646479,False,False,False,False
candidate_minus_control,c,ss,1.95,-40,-3,1,True,correct,correct,0.5726935659731607,0.5632801848263111,-0.009413381146849531,403.5416052614019,399.5439042868159,-0.9906539802745806,False,False,False,False
candidate_minus_control,c,ss,1.95,-40,3,1,True,correct,correct,0.5575010938198182,0.5532222873075403,-0.004278806512277855,403.0336931157912,399.0492497811488,-0.9886129628119522,False,False,False,False
candidate_minus_control,c,ss,1.95,-40,10,1,True,correct,correct,0.4215710856810993,0.41285699311581836,-0.00871409256528094,395.9675440003421,392.1012100839384,-0.9764269761464051,False,False,False,False
candidate_minus_control,c,ss,1.95,27,-10,1,True,correct,correct,0.44945380007878927,0.4420872837299211,-0.007366516348868146,420.90534528386786,416.97933461625587,-0.9327538154603854,False,False,False,False
candidate_minus_control,c,ss,1.95,27,-3,1,True,correct,correct,0.5650379007033509,0.5572517857995494,-0.007786114903801544,428.5364006785119,424.49526093434633,-0.9430096808035748,False,False,False,False
candidate_minus_control,c,ss,1.95,27,3,1,True,correct,correct,0.5501973973377606,0.5469693082977796,-0.0032280890399810636,427.8959093026487,423.88399809443547,-0.9375904562283655,False,False,False,False
candidate_minus_control,c,ss,1.95,27,10,1,True,correct,correct,0.4440120051214898,0.4415276767305606,-0.0024843283909292135,420.662157463222,416.74796355469795,-0.930483961792139,False,False,False,False
candidate_minus_control,c,ss,1.95,125,-10,1,True,correct,correct,0.4879500226192784,0.4793165305258503,-0.008633492093428063,455.2618239739003,451.25155483453545,-0.8808709468234976,False,False,False,False
candidate_minus_control,c,ss,1.95,125,-3,1,True,correct,correct,0.5758441438669393,0.5677848040529399,-0.008059339813999422,465.5923048405665,461.45401757285595,-0.888822092780861,False,False,False,False
candidate_minus_control,c,ss,1.95,125,3,1,True,correct,correct,0.5656953572976102,0.5576372857734887,-0.008058071524121524,464.56622434592083,460.4367083444558,-0.8888971657978639,False,False,False,False
candidate_minus_control,c,ss,1.95,125,10,1,True,correct,correct,0.48295072031361125,0.4789915468353297,-0.0039591734782815635,454.95740477343287,450.95282240502394,-0.8802103947298523,False,False,False,False
candidate_minus_control,c,ff,1.62,-40,-10,1,True,correct,correct,0.3836111553365487,0.3790314053270495,-0.004579750009499228,254.1067602341274,251.53551789190143,-1.0118748276735645,False,False,False,False
candidate_minus_control,c,ff,1.62,-40,-3,1,True,correct,correct,0.4984511969825581,0.48814125007393044,-0.010309946908627632,259.37782724108087,256.70804026351254,-1.0293042416022913,False,False,False,False
candidate_minus_control,c,ff,1.62,-40,3,1,True,correct,correct,0.48827432540313076,0.48263063963645,-0.005643685766680784,259.05760114986333,256.39738195431227,-1.0268832814568252,False,False,False,False
candidate_minus_control,c,ff,1.62,-40,10,1,True,correct,correct,0.3834828977883913,0.37902854473418934,-0.004454353054201943,253.97146530650045,251.40340206477822,-1.0111621156427941,False,False,False,False
candidate_minus_control,c,ff,1.62,27,-10,1,True,correct,correct,0.39453505382258963,0.3878625789823787,-0.00667247484021094,274.22513024284575,271.56667569471693,-0.9694423504419736,False,False,False,False
candidate_minus_control,c,ff,1.62,27,-3,1,True,correct,correct,0.4845620079208202,0.4791987372427112,-0.005363270678108989,280.2272890350122,277.46777549861145,-0.9847411884486235,False,False,False,False
candidate_minus_control,c,ff,1.62,27,3,1,True,correct,correct,0.47462026861602874,0.4693112744846684,-0.005308994131360323,279.76477177476744,277.0168737253597,-0.9822173220651376,False,False,False,False
candidate_minus_control,c,ff,1.62,27,10,1,True,correct,correct,0.38961516280595804,0.388069173671859,-0.001545989134099035,274.0742101448375,271.41883580105537,-0.9688523200993115,False,False,False,False
candidate_minus_control,c,ff,1.62,125,-10,1,True,correct,correct,0.4189224710390986,0.41356733010894975,-0.005355140930148827,306.0829681229111,303.2956133236771,-0.9106533487726387,False,False,False,False
candidate_minus_control,c,ff,1.62,125,-3,1,True,correct,correct,0.49830180568078114,0.4913419175161904,-0.006959888164590755,314.5946007728238,311.6736878462477,-0.9284688673615871,False,False,False,False
candidate_minus_control,c,ff,1.62,125,3,1,True,correct,correct,0.4933405588018486,0.4864198202560385,-0.006920738545810101,313.85635222311674,310.9568858827933,-0.9238195498628143,False,False,False,False
candidate_minus_control,c,ff,1.62,125,10,1,True,correct,correct,0.41402620843549987,0.40852204553805005,-0.005504162897449816,305.868763643055,303.08659502819654,-0.9095955342812378,False,False,False,False
candidate_minus_control,c,ff,1.8,-40,-10,1,True,correct,correct,0.2954587401478092,0.29428016460360074,-0.001178575544208471,334.16555117333496,330.8637968034325,-0.9880594688199462,False,False,False,False
candidate_minus_control,c,ff,1.8,-40,-3,1,True,correct,correct,0.36663802672332996,0.3604743078982797,-0.006163718825050235,340.6831068563586,337.2489682002984,-1.0080155390587486,False,False,False,False
candidate_minus_control,c,ff,1.8,-40,3,1,True,correct,correct,0.3568865324146205,0.3551553715499488,-0.001731160864671677,339.9845451138831,336.57766312582726,-1.0020696637591642,False,False,False,False
candidate_minus_control,c,ff,1.8,-40,10,1,True,correct,correct,0.29572862076652906,0.2892599518534895,-0.006468668913039544,333.93821024153635,330.6390109153519,-0.9879670025775611,False,False,False,False
candidate_minus_control,c,ff,1.8,27,-10,1,True,correct,correct,0.31549338997133003,0.308811709566788,-0.006681680404542034,357.01028354531536,353.6000851905224,-0.9552101191393492,False,False,False,False
candidate_minus_control,c,ff,1.8,27,-3,1,True,correct,correct,0.37642081602096117,0.3732886977880103,-0.0031321182329508424,365.70632225990903,362.16001590030805,-0.9697142607998477,False,False,False,False
candidate_minus_control,c,ff,1.8,27,3,1,True,correct,correct,0.36783599942821077,0.36337523703173963,-0.004460762396471141,364.6905049204188,361.161927735528,-0.9675538949555973,False,False,False,False
candidate_minus_control,c,ff,1.8,27,10,1,True,correct,correct,0.31057810463335106,0.30878520200496073,-0.0017929026283903249,356.71487727206716,353.3072606276593,-0.9552774110424544,False,False,False,False
candidate_minus_control,c,ff,1.8,125,-10,1,True,correct,correct,0.35106473148949874,0.3445581211346604,-0.006506610354838349,395.3308197699653,391.7511544866093,-0.9054860143307031,False,False,False,False
candidate_minus_control,c,ff,1.8,125,-3,1,True,correct,correct,0.4133814908601995,0.4078527503113091,-0.0055287405488904096,407.3373525301951,403.56906184236726,-0.9251031520730812,False,False,False,False
candidate_minus_control,c,ff,1.8,125,3,1,True,correct,correct,0.40697261886138836,0.4033307203259501,-0.0036418985354382816,405.8669511999756,402.1694565451372,-0.9110115134790986,False,False,False,False
candidate_minus_control,c,ff,1.8,125,10,1,True,correct,correct,0.34569552062629033,0.34412397028888947,-0.0015715503374008621,394.9067771240781,391.33885571746595,-0.903484471093563,False,False,False,False
candidate_minus_control,c,ff,1.95,-40,-10,1,True,correct,correct,0.2543875083177407,0.25104075561674066,-0.003346752701000044,409.1435753578104,405.14321234637987,-0.9777406398064681,False,False,False,False
candidate_minus_control,c,ff,1.95,-40,-3,1,True,correct,correct,0.30768671289623833,0.30323545956019876,-0.004451253336039573,418.24912475167446,414.09177932019986,-0.9939878377373534,False,False,False,False
candidate_minus_control,c,ff,1.95,-40,3,1,True,correct,correct,0.3025822560891605,0.29844388292095836,-0.004138373168202147,416.9097990786793,412.7854394669232,-0.989269050732422,False,False,False,False
candidate_minus_control,c,ff,1.95,-40,10,1,True,correct,correct,0.25462006791009817,0.251157360588441,-0.0034627073216571547,408.7533370199635,404.76196736667583,-0.9764739004669565,False,False,False,False
candidate_minus_control,c,ff,1.95,27,-10,1,True,correct,correct,0.27869920446049085,0.2716458047758103,-0.00705339968468055,435.2369468359568,431.0811782923204,-0.9548289900128237,False,False,False,False
candidate_minus_control,c,ff,1.95,27,-3,1,True,correct,correct,0.331144571168439,0.3253598706580096,-0.005784700510429397,447.1749076392635,442.8486319322395,-0.967468351447387,False,False,False,False
candidate_minus_control,c,ff,1.95,27,3,1,True,correct,correct,0.32128853660407986,0.3150779884494897,-0.006210548154590156,445.341381775887,441.049087773072,-0.963821054692604,False,False,False,False
candidate_minus_control,c,ff,1.95,27,10,1,True,correct,correct,0.2731912418352583,0.2716426277933208,-0.0015486140419374572,434.7092639152587,430.5679031670238,-0.9526736814705172,False,False,False,False
candidate_minus_control,c,ff,1.95,125,-10,1,True,correct,correct,0.31659715732214844,0.31274888845085985,-0.003848268871288585,479.93050066505344,475.596431081648,-0.9030619177984311,False,False,False,False
candidate_minus_control,c,ff,1.95,125,-3,1,True,correct,correct,0.37527664841751884,0.36855042295551976,-0.00672622546199908,495.7293001600894,491.1588668443498,-0.921961504850255,False,False,False,False
candidate_minus_control,c,ff,1.95,125,3,1,True,correct,correct,0.3653050107069712,0.3592609795795384,-0.006044031127432792,493.30036186879903,488.772129655858,-0.9179462580944486,False,False,False,False
candidate_minus_control,c,ff,1.95,125,10,1,True,correct,correct,0.3147314335910307,0.3106806801300606,-0.004050753460970058,479.2274873665518,474.90175205172267,-0.9026475794616684,False,False,False,False
candidate_minus_control,c,sf,1.62,-40,-10,1,True,correct,correct,0.48273696309739894,0.4783349141587003,-0.004402048938698666,260.84213176130595,258.20235350580606,-1.0120214237152148,False,False,False,False
candidate_minus_control,c,sf,1.62,-40,-3,1,True,correct,correct,0.6985880453033284,0.6936011162800193,-0.004986929023309106,265.7237044227554,262.99796341788954,-1.0257801466328154,False,False,False,False
candidate_minus_control,c,sf,1.62,-40,3,1,True,correct,correct,0.6781236165840391,0.6686195590885787,-0.00950405749546035,265.37025495257006,262.64627941556574,-1.0264811093809945,False,False,False,False
candidate_minus_control,c,sf,1.62,-40,10,1,True,correct,correct,0.4775920282333998,0.4732909745924498,-0.004301053640950014,260.6841703438329,258.04785134029737,-1.0113076678412436,False,False,False,False
candidate_minus_control,c,sf,1.62,27,-10,1,True,correct,correct,0.4792951252510285,0.470285311206931,-0.009009814044097508,280.398890419826,277.6460078402963,-0.981773706524991,False,False,False,False
candidate_minus_control,c,sf,1.62,27,-3,1,True,correct,correct,0.6536684960740906,0.6469670081578589,-0.006701487916231708,285.34230482839615,282.5378817101102,-0.9828276672723124,False,False,False,False
candidate_minus_control,c,sf,1.62,27,3,1,True,correct,correct,0.6340054880803913,0.6270398554438608,-0.006965632636530494,284.92082191884043,282.1149123772581,-0.984803259616307,False,False,False,False
candidate_minus_control,c,sf,1.62,27,10,1,True,correct,correct,0.4740982048724111,0.4651307367941697,-0.008967468078241392,280.2289879426972,277.48159483141995,-0.9804100323265064,False,False,False,False
candidate_minus_control,c,sf,1.62,125,-10,1,True,correct,correct,0.45538526993030903,0.4488337814380501,-0.00655148849225895,307.17570547943814,304.34880267163106,-0.9202885375960479,False,False,False,False
candidate_minus_control,c,sf,1.62,125,-3,1,True,correct,correct,0.5770139190562381,0.5655952945952796,-0.011418624460958537,313.60265525501535,310.6633633854214,-0.9372662572655122,False,False,False,False
candidate_minus_control,c,sf,1.62,125,3,1,True,correct,correct,0.56189241697736,0.5561934496278893,-0.005698967349470729,312.91831300635914,310.0019452280286,-0.9319901255735341,False,False,False,False
candidate_minus_control,c,sf,1.62,125,10,1,True,correct,correct,0.44997548083197975,0.44378637491096873,-0.006189105921011018,306.97584816654455,304.1448874502176,-0.922209591808365,False,False,False,False
candidate_minus_control,c,sf,1.8,-40,-10,1,True,correct,correct,0.4033422998394892,0.39822500275405837,-0.00511729708543085,341.82463435862877,338.42797929138914,-0.9936835224333196,False,False,False,False
candidate_minus_control,c,sf,1.8,-40,-3,1,True,correct,correct,0.5338568726863795,0.5271501111044582,-0.0067067615819212945,347.08135235538134,343.5848326296621,-1.007406391035115,False,False,False,False
candidate_minus_control,c,sf,1.8,-40,3,1,True,correct,correct,0.514087980791601,0.5098309300735904,-0.004257050718010635,346.47184015951956,343.00301735330066,-1.0011846286329673,False,False,False,False
candidate_minus_control,c,sf,1.8,-40,10,1,True,correct,correct,0.39828436992124067,0.3931805725954801,-0.005103797325760551,341.5753155148972,338.18446824345796,-0.9927085235441724,False,False,False,False
candidate_minus_control,c,sf,1.8,27,-10,1,True,correct,correct,0.399362099997949,0.39321971302342057,-0.006142386974528458,363.31475507021764,359.8210231634445,-0.9616267597218564,False,False,False,False
candidate_minus_control,c,sf,1.8,27,-3,1,True,correct,correct,0.49812160636418,0.4956541964843589,-0.0024674098798211364,369.50789388756414,365.9099932904262,-0.9737006046838914,False,False,False,False
candidate_minus_control,c,sf,1.8,27,3,1,True,correct,correct,0.4836147034885689,0.4821287324690694,-0.001485971019499488,368.6311303826192,365.0787527242395,-0.9636672992572537,False,False,False,False
candidate_minus_control,c,sf,1.8,27,10,1,True,correct,correct,0.39551947376761104,0.38808064397601083,-0.00743882979160021,363.02654422981607,359.5481339508842,-0.9581696804875528,False,False,False,False
candidate_minus_control,c,sf,1.8,125,-10,1,True,correct,correct,0.3836178159130087,0.37643530147786836,-0.007182514435140341,393.8626679678291,390.25451697299377,-0.9160936763699667,False,False,False,False
candidate_minus_control,c,sf,1.8,125,-3,1,True,correct,correct,0.4660426774958808,0.46067120772126885,-0.005371469774611948,403.1253023197128,399.36620452963103,-0.9324886749729422,False,False,False,False
candidate_minus_control,c,sf,1.8,125,3,1,True,correct,correct,0.4559726448200987,0.45053235221226895,-0.005440292607829744,401.7231840331056,398.0071755238849,-0.9250171901740378,False,False,False,False
candidate_minus_control,c,sf,1.8,125,10,1,True,correct,correct,0.37869626763795855,0.37609343253074984,-0.002602835107208712,393.464161960419,389.8659493940242,-0.9144956299112161,False,False,False,False
candidate_minus_control,c,sf,1.95,-40,-10,1,True,correct,correct,0.3558775178136313,0.3507395008553401,-0.005138016958291192,416.88057759029425,412.7878350174066,-0.9817541984193712,False,False,False,False
candidate_minus_control,c,sf,1.95,-40,-3,1,True,correct,correct,0.43716482490816067,0.43474655761596903,-0.0024182672921916337,423.126441472077,418.9307041830147,-0.9916036621264057,False,False,False,False
candidate_minus_control,c,sf,1.95,-40,3,1,True,correct,correct,0.4217803051988399,0.42074961007075906,-0.0010306951280808496,422.0606159486358,417.8965646475045,-0.9866002995261969,False,False,False,False
candidate_minus_control,c,sf,1.95,-40,10,1,True,correct,correct,0.34789805413299035,0.341860295433451,-0.006037758699539375,416.51180849160204,412.4506130668219,-0.975049288395391,False,False,False,False
candidate_minus_control,c,sf,1.95,27,-10,1,True,correct,correct,0.3497684877614795,0.3445237004857299,-0.005244787275749618,440.6465823443375,436.45729799348254,-0.9507130019180132,False,False,False,False
candidate_minus_control,c,sf,1.95,27,-3,1,True,correct,correct,0.424629596890489,0.41809455088517955,-0.006535046005309464,449.2711084971896,444.961009056399,-0.9593537975784439,False,False,False,False
candidate_minus_control,c,sf,1.95,27,3,1,True,correct,correct,0.4124791131778205,0.40318501477409074,-0.009294098403729745,447.64906104289565,443.38058008959183,-0.9535328731304582,False,False,False,False
candidate_minus_control,c,sf,1.95,27,10,1,True,correct,correct,0.3434358840160583,0.3393840790897201,-0.004051804926338165,440.1878435788323,436.00765154705283,-0.9496382266701242,False,False,False,False
candidate_minus_control,c,sf,1.95,125,-10,1,True,correct,correct,0.3456183086905094,0.3392213873745091,-0.006396921316000337,475.4304056628716,471.0940332612667,-0.9120940415156764,False,False,False,False
candidate_minus_control,c,sf,1.95,125,-3,1,True,correct,correct,0.4138669263776997,0.40878940420177934,-0.005077522175920335,487.996806957721,483.4445885298554,-0.9328377487232142,False,False,False,False
candidate_minus_control,c,sf,1.95,125,3,1,True,correct,correct,0.4027029173411698,0.3945224220677605,-0.008180495273409305,485.6118996089851,481.1362423284313,-0.9216531316793453,False,False,False,False
candidate_minus_control,c,sf,1.95,125,10,1,True,correct,correct,0.341524332953651,0.3350440799464207,-0.006480253007230263,474.75374859334624,470.42793483529186,-0.9111700056864014,False,False,False,False
candidate_minus_control,c,fs,1.62,-40,-10,1,True,unresolved,unresolved,,,,235.72484745913917,233.40236734743945,-0.9852504463290779,False,False,False,False
candidate_minus_control,c,fs,1.62,-40,-3,1,True,unresolved,unresolved,,,,241.34394627820936,238.93555418416014,-0.997908640837808,False,False,False,False
candidate_minus_control,c,fs,1.62,-40,3,1,True,unresolved,unresolved,,,,241.18575856077632,238.78227817785455,-0.9965266594777478,False,False,False,False
candidate_minus_control,c,fs,1.62,-40,10,1,True,unresolved,unresolved,,,,235.65556212170966,233.34354597781143,-0.981099755542425,False,False,False,False
candidate_minus_control,c,fs,1.62,27,-10,1,True,correct,correct,0.9653180292234981,0.9552052178826292,-0.010112811340868832,257.1689765554913,254.75378076424536,-0.9391474133447097,False,False,False,False
candidate_minus_control,c,fs,1.62,27,-3,1,True,unresolved,unresolved,,,,263.2881191087152,260.76984503780346,-0.9564708348544615,False,False,False,False
candidate_minus_control,c,fs,1.62,27,3,1,True,unresolved,unresolved,,,,263.09074717286103,260.57240245137666,-0.9572152379154986,False,False,False,False
candidate_minus_control,c,fs,1.62,27,10,1,True,correct,correct,0.9653155593912193,0.9502075583555311,-0.015108001035688212,257.0880567312982,254.6737869972544,-0.9390828048333355,False,False,False,False
candidate_minus_control,c,fs,1.62,125,-10,1,True,correct,correct,0.8506558104217891,0.8406538042141208,-0.010002006207668224,293.2162649298849,290.7013031611879,-0.8577156418312581,False,False,False,False
candidate_minus_control,c,fs,1.62,125,-3,1,True,correct,correct,0.9706556452749288,0.96065380811847,-0.010001837156458748,300.5116669962917,297.88678999622107,-0.8734692487340268,False,False,False,False
candidate_minus_control,c,fs,1.62,125,3,1,True,correct,correct,0.9656555745363098,0.9556537716506684,-0.010001802885641342,300.18938287406786,297.5719413433328,-0.8719300814956199,False,False,False,False
candidate_minus_control,c,fs,1.62,125,10,1,True,correct,correct,0.8456556311750699,0.8356537922060797,-0.010001838968990207,293.11609641073716,290.6027327003422,-0.8574635583550649,False,False,False,False
candidate_minus_control,c,fs,1.8,-40,-10,1,True,correct,correct,0.5469557106583204,0.5418831113026586,-0.005072599355661733,314.1554131088201,311.1039356672206,-0.9713273476343098,False,False,False,False
candidate_minus_control,c,fs,1.8,-40,-3,1,True,correct,correct,0.64707436750277,0.641924716535338,-0.005149650967432029,321.2268666865444,318.05068267498706,-0.9887666135524942,False,False,False,False
candidate_minus_control,c,fs,1.8,-40,3,1,True,correct,correct,0.6420760795055311,0.636913953422459,-0.005162126083072094,320.9403037863647,317.76937195306226,-0.9880129718494945,False,False,False,False
candidate_minus_control,c,fs,1.8,-40,10,1,True,correct,correct,0.5468631470178783,0.5368730694135387,-0.009990077604339564,314.03062366630905,310.98104140003994,-0.9711098333866963,False,False,False,False
candidate_minus_control,c,fs,1.8,27,-10,1,True,correct,correct,0.5497366584517489,0.53998342054108,-0.009753237910668955,338.2260415927568,335.08609143927606,-0.9283584843716497,False,False,False,False
candidate_minus_control,c,fs,1.8,27,-3,1,True,correct,correct,0.6447392347873782,0.6349861159637712,-0.009753118823606965,345.76212901689087,342.5012826704906,-0.9430895036630749,False,False,False,False
candidate_minus_control,c,fs,1.8,27,3,1,True,correct,correct,0.6397398521079094,0.6299868010488804,-0.009753051059029016,345.37244679931297,342.1197525624885,-0.9417932052682043,False,False,False,False
candidate_minus_control,c,fs,1.8,27,10,1,True,correct,correct,0.5497372767325697,0.5399840118416911,-0.009753264890878577,338.08829896368434,334.95038402794347,-0.9281347344345492,False,False,False,False
candidate_minus_control,c,fs,1.8,125,-10,1,True,correct,correct,0.5840541313523185,0.5725048366038197,-0.011549294748498862,383.01122677801845,379.7563139944924,-0.8498217691703558,False,False,False,False
candidate_minus_control,c,fs,1.8,125,-3,1,True,correct,correct,0.6741773393123097,0.6671602525656405,-0.007017086746669232,393.19870886389526,389.79800938432714,-0.8648806323383051,False,False,False,False
candidate_minus_control,c,fs,1.8,125,3,1,True,correct,correct,0.6693365299728603,0.6621603103442404,-0.007176219628619918,392.5583149119088,389.1740008164033,-0.862117542017915,False,False,False,False
candidate_minus_control,c,fs,1.8,125,10,1,True,correct,correct,0.5792149840860811,0.5721662641587391,-0.007048719927342018,382.8243232804181,379.5799505964515,-0.8474834242938378,False,False,False,False
candidate_minus_control,c,fs,1.95,-40,-10,1,True,correct,correct,0.39289287510362003,0.3900846894342808,-0.0028081856693392138,388.27050773149773,384.52633506944886,-0.9643206443684105,False,False,False,False
candidate_minus_control,c,fs,1.95,-40,-3,1,True,correct,correct,0.46643718049798893,0.4629108867222708,-0.0035262937757181145,396.10572583871766,392.2573479606216,-0.9715532058890308,False,False,False,False
candidate_minus_control,c,fs,1.95,-40,3,1,True,correct,correct,0.4616707129971088,0.4578100021530408,-0.003860710844068027,395.6217060197848,391.78152418885674,-0.9706701559838216,False,False,False,False
candidate_minus_control,c,fs,1.95,-40,10,1,True,correct,correct,0.3928957305243183,0.3848674523640406,-0.008028278160277735,388.0890794229486,384.36165221411386,-0.9604566081521937,False,False,False,False
candidate_minus_control,c,fs,1.95,27,-10,1,True,correct,correct,0.4261925231708908,0.41863031399696954,-0.007562209173921253,414.43294471097636,410.6347904371019,-0.9164701605764658,False,False,False,False
candidate_minus_control,c,fs,1.95,27,-3,1,True,correct,correct,0.496019797986781,0.48868690724030833,-0.007332890746472642,424.0480916965001,420.11017858900107,-0.9286477606217924,False,False,False,False
candidate_minus_control,c,fs,1.95,27,3,1,True,correct,correct,0.4911895230396007,0.48367233561408857,-0.007517187425512106,423.32638032426024,419.40375605841973,-0.9266193764810637,False,False,False,False
candidate_minus_control,c,fs,1.95,27,10,1,True,correct,correct,0.4213252578307199,0.41868242889592017,-0.0026428289347997236,414.21380930499527,410.41823819876936,-0.9163313778926097,False,False,False,False
candidate_minus_control,c,fs,1.95,125,-10,1,True,correct,correct,0.47758827591974884,0.4696739545321802,-0.007914321387568646,468.57319300866715,464.6353632277944,-0.8403873374804638,False,False,False,False
candidate_minus_control,c,fs,1.95,125,-3,1,True,correct,correct,0.5557724452319088,0.5476253840650892,-0.008147061166819625,481.8155183235505,477.69583678663054,-0.8550329701405568,False,False,False,False
candidate_minus_control,c,fs,1.95,125,3,1,True,correct,correct,0.5506775157508101,0.54307177809277,-0.007605737658040179,480.71760504303273,476.63389455176065,-0.8495030031002382,False,False,False,False
candidate_minus_control,c,fs,1.95,125,10,1,True,correct,correct,0.47760190626647864,0.46967435091678894,-0.007927555349689697,468.2491009512432,464.32704825184646,-0.8375996219595727,False,False,False,False
candidate_minus_control,c,tt,1.62,-40,-10,2,True,correct,correct,0.5709014891310707,0.5662963954233603,-0.00460509370771045,246.87905031687046,244.3889097216058,-1.008647996688472,False,False,False,False
candidate_minus_control,c,tt,1.62,-40,-3,2,True,correct,correct,0.7559439941618608,0.7497791597308385,-0.006164834431022226,252.704640027337,250.12819850989138,-1.0195465810073467,False,False,False,False
candidate_minus_control,c,tt,1.62,-40,3,2,True,correct,correct,0.7459417412493086,0.7371420779716501,-0.008799663277658465,252.4572957376759,249.87931332394237,-1.0211558379411123,False,False,False,False
candidate_minus_control,c,tt,1.62,-40,10,2,True,correct,correct,0.5709122298000293,0.56111596610661,-0.00979626369341935,246.77058962187434,244.28138045605994,-1.0087138704934828,False,False,False,False
candidate_minus_control,c,tt,1.62,27,-10,2,True,correct,correct,0.5524339157990487,0.5476716472158802,-0.004762268583168416,267.5760931207368,265.0016363569024,-0.9621400528756263,False,False,False,False
candidate_minus_control,c,tt,1.62,27,-3,2,True,correct,correct,0.7123269797091091,0.7026810926900882,-0.009645887019020916,273.33144714035404,270.6667650375517,-0.9748904235794109,False,False,False,False
candidate_minus_control,c,tt,1.62,27,3,2,True,correct,correct,0.702338861315968,0.6926820751258199,-0.009656786190148092,273.046625747933,270.3881150085339,-0.9736471681775494,False,False,False,False
candidate_minus_control,c,tt,1.62,27,10,2,True,correct,correct,0.5524372815318787,0.5426726875061683,-0.009764594025710394,267.4571275733059,264.88487061206837,-0.9617455270592989,False,False,False,False
candidate_minus_control,c,tt,1.62,125,-10,2,True,correct,correct,0.558614794760719,0.5494976386123512,-0.009117156148367722,296.1219352398989,293.42949990973636,-0.9092319783677305,False,False,False,False
candidate_minus_control,c,tt,1.62,125,-3,2,True,correct,correct,0.6759477113213204,0.6637001840960884,-0.012247527225231924,302.90217191134866,300.12049044859646,-0.9183431882311965,False,False,False,False
candidate_minus_control,c,tt,1.62,125,3,2,True,correct,correct,0.6635866734701084,0.6587023483344882,-0.004884325135620204,302.45786547076483,299.6901022397342,-0.9150905124331032,False,False,False,False
candidate_minus_control,c,tt,1.62,125,10,2,True,correct,correct,0.5585561390329402,0.5495691192477699,-0.008987019785170358,295.98315328104223,293.2998064375801,-0.9065876938320949,False,False,False,False
candidate_minus_control,c,tt,1.8,-40,-10,2,True,correct,correct,0.38830833214033816,0.38163593044791067,-0.006672401692427499,326.8293513083189,323.59210782439425,-0.9904996203571548,False,False,False,False
candidate_minus_control,c,tt,1.8,-40,-3,2,True,correct,correct,0.5188134379989002,0.5124698916637308,-0.0063435463351694255,333.13021213229405,329.7922488274212,-1.0019995735323084,False,False,False,False
candidate_minus_control,c,tt,1.8,-40,3,2,True,correct,correct,0.5037858591522186,0.49711428580377026,-0.0066715733484483675,332.7142462688041,329.3857894572365,-1.0003950383532745,False,False,False,False
candidate_minus_control,c,tt,1.8,-40,10,2,True,correct,correct,0.38245148744617075,0.376873828415828,-0.005577659030342741,326.6443291049826,323.4124091985966,-0.9894308942211216,False,False,False,False
candidate_minus_control,c,tt,1.8,27,-10,2,True,correct,correct,0.4063386697359405,0.401001302441748,-0.005337367294192541,349.4344476666786,346.1202082052266,-0.9484581395974412,False,False,False,False
candidate_minus_control,c,tt,1.8,27,-3,2,True,correct,correct,0.5079914848846103,0.5013388683631999,-0.0066526165214104704,356.2023192682464,352.7828790680715,-0.9599713463964932,False,False,False,False
candidate_minus_control,c,tt,1.8,27,3,2,True,correct,correct,0.49809202611559916,0.4915071693727912,-0.006584856742807954,355.6521559359183,352.2454050075992,-0.9578884512464358,False,False,False,False
candidate_minus_control,c,tt,1.8,27,10,2,True,correct,correct,0.4068349043097006,0.4008183198971395,-0.006016584412561088,349.2385939690961,345.9279446917989,-0.9479620335403505,False,False,False,False
candidate_minus_control,c,tt,1.8,125,-10,2,True,correct,correct,0.43558268610599854,0.43364304838357853,-0.0019396377224200068,381.67139856042525,378.2497776354279,-0.8964834509221475,False,False,False,False
candidate_minus_control,c,tt,1.8,125,-3,2,True,correct,correct,0.5195648180954999,0.5140571019280493,-0.005507716167450605,391.1204149791961,387.5569169707582,-0.9110999763659589,False,False,False,False
candidate_minus_control,c,tt,1.8,125,3,2,True,correct,correct,0.509631994230049,0.5062578909481187,-0.0033741032819303296,390.22109683293655,386.67062280153306,-0.9098621423135222,False,False,False,False
candidate_minus_control,c,tt,1.8,125,10,2,True,correct,correct,0.43675954545139123,0.4278751623050508,-0.008884383146340435,381.40775649387103,377.99042651689666,-0.8959781018583635,False,False,False,False
candidate_minus_control,c,tt,1.95,-40,-10,2,True,correct,correct,0.33000757424591964,0.3223123328649311,-0.007695241380988538,401.28141254442824,397.3677707003753,-0.9752861014013847,False,False,False,False
candidate_minus_control,c,tt,1.95,-40,-3,2,True,correct,correct,0.4145800337326595,0.4080373197564311,-0.006542713976228409,408.16494606845976,404.134392520293,-0.9874815529824388,False,False,False,False
candidate_minus_control,c,tt,1.95,-40,3,2,True,correct,correct,0.4047582433320599,0.39821670127164055,-0.0065415420604193475,407.48701410761856,403.4723684990416,-0.9852205026383287,False,False,False,False
candidate_minus_control,c,tt,1.95,-40,10,2,True,correct,correct,0.32493473552448104,0.32244159601581807,-0.002493139508662978,401.02448810142783,397.1101745284524,-0.9760784413707535,False,False,False,False
candidate_minus_control,c,tt,1.95,27,-10,2,True,correct,correct,0.34599654168677857,0.34032540401110095,-0.005671137675677618,425.75584554258836,421.74602730475794,-0.9418116697188839,False,False,False,False
candidate_minus_control,c,tt,1.95,27,-3,2,True,correct,correct,0.41447056782960007,0.40926534478124965,-0.005205223048350416,434.49252595484387,430.35696170423375,-0.9518148192588005,False,False,False,False
candidate_minus_control,c,tt,1.95,27,3,2,True,correct,correct,0.40601417714942845,0.4005274151457792,-0.005486762003649226,433.4570192473221,429.35185722766636,-0.9470747588271045,False,False,False,False
candidate_minus_control,c,tt,1.95,27,10,2,True,correct,correct,0.3454707503567608,0.3388667914696382,-0.006603958887122563,425.45508013200157,421.45678007605017,-0.9397701996438523,False,False,False,False
candidate_minus_control,c,tt,1.95,125,-10,2,True,correct,correct,0.3828380630389205,0.37626962400175995,-0.006568439037160534,462.20271450598227,458.0617237960512,-0.8959252250080652,False,False,False,False
candidate_minus_control,c,tt,1.95,125,-3,2,True,correct,correct,0.4471373371385001,0.4418164725413799,-0.005320864597120223,474.76744216361675,470.43460912071686,-0.9126221931213818,False,False,False,False
candidate_minus_control,c,tt,1.95,125,3,2,True,correct,correct,0.4369437016190103,0.4318310671402081,-0.005112634478802225,473.2124306392642,468.9271550099033,-0.9055712301496266,False,False,False,False
candidate_minus_control,c,tt,1.95,125,10,2,True,correct,correct,0.38008252497099015,0.37227409284455815,-0.007808432126432008,461.75435829107477,457.6244417638947,-0.8943968698995386,False,False,False,False
candidate_minus_control,c,ss,1.62,-40,-10,2,True,correct,correct,1.0067298709272205,0.9918584904529687,-0.01487138047425185,241.5247874921846,239.06432094381387,-1.0187221667466995,False,False,False,False
candidate_minus_control,c,ss,1.62,-40,-3,2,True,correct,correct,1.256771440446398,1.2417944132248009,-0.014977027221597217,247.55803825212814,244.99347389754942,-1.0359446910654602,False,False,False,False
candidate_minus_control,c,ss,1.62,-40,3,2,True,correct,correct,1.2467429262848488,1.2268065564223085,-0.019936369862540326,247.35705745507082,244.79588731578397,-1.0354142168561564,False,False,False,False
candidate_minus_control,c,ss,1.62,-40,10,2,True,correct,correct,1.0067357581722909,0.9918417702841807,-0.014893987888110138,241.43680643544008,238.9774711309338,-1.0186248488023741,False,False,False,False
candidate_minus_control,c,ss,1.62,27,-10,2,True,correct,correct,0.8555559160005386,0.8457571880756705,-0.009798727924868134,262.37806528412705,259.8700515455384,-0.9558778230462028,False,False,False,False
candidate_minus_control,c,ss,1.62,27,-3,2,True,correct,correct,1.100545646267251,1.0855229834081108,-0.015022662859140112,268.49737691528253,265.8864071703435,-0.9724377105415294,False,False,False,False
candidate_minus_control,c,ss,1.62,27,3,2,True,correct,correct,1.0855222179845714,1.0737517537907302,-0.011770464193841201,268.26894380303753,265.6661825614317,-0.9702059450894862,False,False,False,False
candidate_minus_control,c,ss,1.62,27,10,2,True,correct,correct,0.8555531263638105,0.8407443665072108,-0.014808759856599685,262.2780664624668,259.7714202176317,-0.955720879997346,False,False,False,False
candidate_minus_control,c,ss,1.62,125,-10,2,True,correct,correct,0.8052455772143787,0.7952671771119296,-0.009978400102449103,290.9256684722528,288.3276879303091,-0.8930049230742032,False,False,False,False
candidate_minus_control,c,ss,1.62,125,-3,2,True,correct,correct,0.9802470989107294,0.9702679831480387,-0.009979115762690616,297.16399447035496,294.4704837195133,-0.9064054868566429,False,False,False,False
candidate_minus_control,c,ss,1.62,125,3,2,True,correct,correct,0.970247653602638,0.9602694197681011,-0.009978233834536887,296.86320648589674,294.1716846190411,-0.9066539092925541,False,False,False,False
candidate_minus_control,c,ss,1.62,125,10,2,True,correct,correct,0.804035692946391,0.7902673140731513,-0.013768378873239673,290.8047237335678,288.2168225259046,-0.889910306283137,False,False,False,False
candidate_minus_control,c,ss,1.8,-40,-10,2,True,correct,correct,0.5268755695858084,0.5189652693814994,-0.00791030020430894,321.23732666133105,318.05174563579,-0.9916596737525207,False,False,False,False
candidate_minus_control,c,ss,1.8,-40,-3,2,True,correct,correct,0.7260828585651709,0.719026268606469,-0.007056589958701842,328.18461188288745,324.87892472877985,-1.0072645195464691,False,False,False,False
candidate_minus_control,c,ss,1.8,-40,3,2,True,correct,correct,0.7106590700355587,0.7040347733715692,-0.0066242966639895595,327.8494428700268,324.5498583753284,-1.0064328509493459,False,False,False,False
candidate_minus_control,c,ss,1.8,-40,10,2,True,correct,correct,0.5212753120010095,0.5137630390466913,-0.007512272954318222,321.0851142391009,317.90028497454966,-0.9918956448973226,False,False,False,False
candidate_minus_control,c,ss,1.8,27,-10,2,True,correct,correct,0.5504574985586181,0.5449717918270289,-0.005485706731589213,344.3208884648179,341.0876271507957,-0.9390256073158909,False,False,False,False
candidate_minus_control,c,ss,1.8,27,-3,2,True,correct,correct,0.7112556720889998,0.7004493942396406,-0.01080627784935917,351.19762385054844,347.84957599950593,-0.953323036282061,False,False,False,False
candidate_minus_control,c,ss,1.8,27,3,2,True,correct,correct,0.699815944354899,0.6904507252165791,-0.009365219138319891,350.8148432180412,347.4713548853677,-0.953063531178866,False,False,False,False
candidate_minus_control,c,ss,1.8,27,10,2,True,correct,correct,0.5459356151188992,0.5404174912159798,-0.005518123902919392,344.15562457877013,340.9230191393787,-0.9392859533671638,False,False,False,False
candidate_minus_control,c,ss,1.8,125,-10,2,True,correct,correct,0.5848718160561982,0.5752370095233101,-0.009634806532888063,375.8488498176386,372.50816833292424,-0.888836426221673,False,False,False,False
candidate_minus_control,c,ss,1.8,125,-3,2,True,correct,correct,0.695024180321408,0.690080142892189,-0.004944037429219006,383.79748961842324,380.3526734477059,-0.8975608918500799,False,False,False,False
candidate_minus_control,c,ss,1.8,125,3,2,True,correct,correct,0.6899269223817304,0.6800705024001286,-0.009856419981601805,383.21915997206133,379.7774306716629,-0.8981099224395162,False,False,False,False
candidate_minus_control,c,ss,1.8,125,10,2,True,correct,correct,0.5798912670860592,0.5706272640579181,-0.009264003028141121,375.6603334507814,372.3212815734828,-0.8888486699211495,False,False,False,False
candidate_minus_control,c,ss,1.95,-40,-10,2,True,correct,correct,0.4217085489990297,0.4180009307310397,-0.003707618267989987,396.1985174793715,392.32562574189,-0.9775129301646479,False,False,False,False
candidate_minus_control,c,ss,1.95,-40,-3,2,True,correct,correct,0.5726935659731607,0.5632801848263111,-0.009413381146849531,403.5416052614019,399.5439042868159,-0.9906539802745806,False,False,False,False
candidate_minus_control,c,ss,1.95,-40,3,2,True,correct,correct,0.5575010938198182,0.5532222873075403,-0.004278806512277855,403.0336931157912,399.0492497811488,-0.9886129628119522,False,False,False,False
candidate_minus_control,c,ss,1.95,-40,10,2,True,correct,correct,0.4215710856810993,0.41285699311581836,-0.00871409256528094,395.9675440003421,392.1012100839384,-0.9764269761464051,False,False,False,False
candidate_minus_control,c,ss,1.95,27,-10,2,True,correct,correct,0.44945380007878927,0.4420872837299211,-0.007366516348868146,420.90534528386786,416.97933461625587,-0.9327538154603854,False,False,False,False
candidate_minus_control,c,ss,1.95,27,-3,2,True,correct,correct,0.5650379007033509,0.5572517857995494,-0.007786114903801544,428.5364006785119,424.49526093434633,-0.9430096808035748,False,False,False,False
candidate_minus_control,c,ss,1.95,27,3,2,True,correct,correct,0.5501973973377606,0.5469693082977796,-0.0032280890399810636,427.8959093026487,423.88399809443547,-0.9375904562283655,False,False,False,False
candidate_minus_control,c,ss,1.95,27,10,2,True,correct,correct,0.4440120051214898,0.4415276767305606,-0.0024843283909292135,420.662157463222,416.74796355469795,-0.930483961792139,False,False,False,False
candidate_minus_control,c,ss,1.95,125,-10,2,True,correct,correct,0.4879500226192784,0.4793165305258503,-0.008633492093428063,455.2618239739003,451.25155483453545,-0.8808709468234976,False,False,False,False
candidate_minus_control,c,ss,1.95,125,-3,2,True,correct,correct,0.5758441438669393,0.5677848040529399,-0.008059339813999422,465.5923048405665,461.45401757285595,-0.888822092780861,False,False,False,False
candidate_minus_control,c,ss,1.95,125,3,2,True,correct,correct,0.5656953572976102,0.5576372857734887,-0.008058071524121524,464.56622434592083,460.4367083444558,-0.8888971657978639,False,False,False,False
candidate_minus_control,c,ss,1.95,125,10,2,True,correct,correct,0.48295072031361125,0.4789915468353297,-0.0039591734782815635,454.95740477343287,450.95282240502394,-0.8802103947298523,False,False,False,False
candidate_minus_control,c,ff,1.62,-40,-10,2,True,correct,correct,0.3836111553365487,0.3790314053270495,-0.004579750009499228,254.1067602341274,251.53551789190143,-1.0118748276735645,False,False,False,False
candidate_minus_control,c,ff,1.62,-40,-3,2,True,correct,correct,0.4984511969825581,0.48814125007393044,-0.010309946908627632,259.37782724108087,256.70804026351254,-1.0293042416022913,False,False,False,False
candidate_minus_control,c,ff,1.62,-40,3,2,True,correct,correct,0.48827432540313076,0.48263063963645,-0.005643685766680784,259.05760114986333,256.39738195431227,-1.0268832814568252,False,False,False,False
candidate_minus_control,c,ff,1.62,-40,10,2,True,correct,correct,0.3834828977883913,0.37902854473418934,-0.004454353054201943,253.97146530650045,251.40340206477822,-1.0111621156427941,False,False,False,False
candidate_minus_control,c,ff,1.62,27,-10,2,True,correct,correct,0.39453505382258963,0.3878625789823787,-0.00667247484021094,274.22513024284575,271.56667569471693,-0.9694423504419736,False,False,False,False
candidate_minus_control,c,ff,1.62,27,-3,2,True,correct,correct,0.4845620079208202,0.4791987372427112,-0.005363270678108989,280.2272890350122,277.46777549861145,-0.9847411884486235,False,False,False,False
candidate_minus_control,c,ff,1.62,27,3,2,True,correct,correct,0.47462026861602874,0.4693112744846684,-0.005308994131360323,279.76477177476744,277.0168737253597,-0.9822173220651376,False,False,False,False
candidate_minus_control,c,ff,1.62,27,10,2,True,correct,correct,0.38961516280595804,0.388069173671859,-0.001545989134099035,274.0742101448375,271.41883580105537,-0.9688523200993115,False,False,False,False
candidate_minus_control,c,ff,1.62,125,-10,2,True,correct,correct,0.4189224710390986,0.41356733010894975,-0.005355140930148827,306.0829681229111,303.2956133236771,-0.9106533487726387,False,False,False,False
candidate_minus_control,c,ff,1.62,125,-3,2,True,correct,correct,0.49830180568078114,0.4913419175161904,-0.006959888164590755,314.5946007728238,311.6736878462477,-0.9284688673615871,False,False,False,False
candidate_minus_control,c,ff,1.62,125,3,2,True,correct,correct,0.4933405588018486,0.4864198202560385,-0.006920738545810101,313.85635222311674,310.9568858827933,-0.9238195498628143,False,False,False,False
candidate_minus_control,c,ff,1.62,125,10,2,True,correct,correct,0.41402620843549987,0.40852204553805005,-0.005504162897449816,305.868763643055,303.08659502819654,-0.9095955342812378,False,False,False,False
candidate_minus_control,c,ff,1.8,-40,-10,2,True,correct,correct,0.2954587401478092,0.29428016460360074,-0.001178575544208471,334.16555117333496,330.8637968034325,-0.9880594688199462,False,False,False,False
candidate_minus_control,c,ff,1.8,-40,-3,2,True,correct,correct,0.36663802672332996,0.3604743078982797,-0.006163718825050235,340.6831068563586,337.2489682002984,-1.0080155390587486,False,False,False,False
candidate_minus_control,c,ff,1.8,-40,3,2,True,correct,correct,0.3568865324146205,0.3551553715499488,-0.001731160864671677,339.9845451138831,336.57766312582726,-1.0020696637591642,False,False,False,False
candidate_minus_control,c,ff,1.8,-40,10,2,True,correct,correct,0.29572862076652906,0.2892599518534895,-0.006468668913039544,333.93821024153635,330.6390109153519,-0.9879670025775611,False,False,False,False
candidate_minus_control,c,ff,1.8,27,-10,2,True,correct,correct,0.31549338997133003,0.308811709566788,-0.006681680404542034,357.01028354531536,353.6000851905224,-0.9552101191393492,False,False,False,False
candidate_minus_control,c,ff,1.8,27,-3,2,True,correct,correct,0.37642081602096117,0.3732886977880103,-0.0031321182329508424,365.70632225990903,362.16001590030805,-0.9697142607998477,False,False,False,False
candidate_minus_control,c,ff,1.8,27,3,2,True,correct,correct,0.36783599942821077,0.36337523703173963,-0.004460762396471141,364.6905049204188,361.161927735528,-0.9675538949555973,False,False,False,False
candidate_minus_control,c,ff,1.8,27,10,2,True,correct,correct,0.31057810463335106,0.30878520200496073,-0.0017929026283903249,356.71487727206716,353.3072606276593,-0.9552774110424544,False,False,False,False
candidate_minus_control,c,ff,1.8,125,-10,2,True,correct,correct,0.35106473148949874,0.3445581211346604,-0.006506610354838349,395.3308197699653,391.7511544866093,-0.9054860143307031,False,False,False,False
candidate_minus_control,c,ff,1.8,125,-3,2,True,correct,correct,0.4133814908601995,0.4078527503113091,-0.0055287405488904096,407.3373525301951,403.56906184236726,-0.9251031520730812,False,False,False,False
candidate_minus_control,c,ff,1.8,125,3,2,True,correct,correct,0.40697261886138836,0.4033307203259501,-0.0036418985354382816,405.8669511999756,402.1694565451372,-0.9110115134790986,False,False,False,False
candidate_minus_control,c,ff,1.8,125,10,2,True,correct,correct,0.34569552062629033,0.34412397028888947,-0.0015715503374008621,394.9067771240781,391.33885571746595,-0.903484471093563,False,False,False,False
candidate_minus_control,c,ff,1.95,-40,-10,2,True,correct,correct,0.2543875083177407,0.25104075561674066,-0.003346752701000044,409.1435753578104,405.14321234637987,-0.9777406398064681,False,False,False,False
candidate_minus_control,c,ff,1.95,-40,-3,2,True,correct,correct,0.30768671289623833,0.30323545956019876,-0.004451253336039573,418.24912475167446,414.09177932019986,-0.9939878377373534,False,False,False,False
candidate_minus_control,c,ff,1.95,-40,3,2,True,correct,correct,0.3025822560891605,0.29844388292095836,-0.004138373168202147,416.9097990786793,412.7854394669232,-0.989269050732422,False,False,False,False
candidate_minus_control,c,ff,1.95,-40,10,2,True,correct,correct,0.25462006791009817,0.251157360588441,-0.0034627073216571547,408.7533370199635,404.76196736667583,-0.9764739004669565,False,False,False,False
candidate_minus_control,c,ff,1.95,27,-10,2,True,correct,correct,0.27869920446049085,0.2716458047758103,-0.00705339968468055,435.2369468359568,431.0811782923204,-0.9548289900128237,False,False,False,False
candidate_minus_control,c,ff,1.95,27,-3,2,True,correct,correct,0.331144571168439,0.3253598706580096,-0.005784700510429397,447.1749076392635,442.8486319322395,-0.967468351447387,False,False,False,False
candidate_minus_control,c,ff,1.95,27,3,2,True,correct,correct,0.32128853660407986,0.3150779884494897,-0.006210548154590156,445.341381775887,441.049087773072,-0.963821054692604,False,False,False,False
candidate_minus_control,c,ff,1.95,27,10,2,True,correct,correct,0.2731912418352583,0.2716426277933208,-0.0015486140419374572,434.7092639152587,430.5679031670238,-0.9526736814705172,False,False,False,False
candidate_minus_control,c,ff,1.95,125,-10,2,True,correct,correct,0.31659715732214844,0.31274888845085985,-0.003848268871288585,479.93050066505344,475.596431081648,-0.9030619177984311,False,False,False,False
candidate_minus_control,c,ff,1.95,125,-3,2,True,correct,correct,0.37527664841751884,0.36855042295551976,-0.00672622546199908,495.7293001600894,491.1588668443498,-0.921961504850255,False,False,False,False
candidate_minus_control,c,ff,1.95,125,3,2,True,correct,correct,0.3653050107069712,0.3592609795795384,-0.006044031127432792,493.30036186879903,488.772129655858,-0.9179462580944486,False,False,False,False
candidate_minus_control,c,ff,1.95,125,10,2,True,correct,correct,0.3147314335910307,0.3106806801300606,-0.004050753460970058,479.2274873665518,474.90175205172267,-0.9026475794616684,False,False,False,False
candidate_minus_control,c,sf,1.62,-40,-10,2,True,correct,correct,0.48273696309739894,0.4783349141587003,-0.004402048938698666,260.84213176130595,258.20235350580606,-1.0120214237152148,False,False,False,False
candidate_minus_control,c,sf,1.62,-40,-3,2,True,correct,correct,0.6985880453033284,0.6936011162800193,-0.004986929023309106,265.7237044227554,262.99796341788954,-1.0257801466328154,False,False,False,False
candidate_minus_control,c,sf,1.62,-40,3,2,True,correct,correct,0.6781236165840391,0.6686195590885787,-0.00950405749546035,265.37025495257006,262.64627941556574,-1.0264811093809945,False,False,False,False
candidate_minus_control,c,sf,1.62,-40,10,2,True,correct,correct,0.4775920282333998,0.4732909745924498,-0.004301053640950014,260.6841703438329,258.04785134029737,-1.0113076678412436,False,False,False,False
candidate_minus_control,c,sf,1.62,27,-10,2,True,correct,correct,0.4792951252510285,0.470285311206931,-0.009009814044097508,280.398890419826,277.6460078402963,-0.981773706524991,False,False,False,False
candidate_minus_control,c,sf,1.62,27,-3,2,True,correct,correct,0.6536684960740906,0.6469670081578589,-0.006701487916231708,285.34230482839615,282.5378817101102,-0.9828276672723124,False,False,False,False
candidate_minus_control,c,sf,1.62,27,3,2,True,correct,correct,0.6340054880803913,0.6270398554438608,-0.006965632636530494,284.92082191884043,282.1149123772581,-0.984803259616307,False,False,False,False
candidate_minus_control,c,sf,1.62,27,10,2,True,correct,correct,0.4740982048724111,0.4651307367941697,-0.008967468078241392,280.2289879426972,277.48159483141995,-0.9804100323265064,False,False,False,False
candidate_minus_control,c,sf,1.62,125,-10,2,True,correct,correct,0.45538526993030903,0.4488337814380501,-0.00655148849225895,307.17570547943814,304.34880267163106,-0.9202885375960479,False,False,False,False
candidate_minus_control,c,sf,1.62,125,-3,2,True,correct,correct,0.5770139190562381,0.5655952945952796,-0.011418624460958537,313.60265525501535,310.6633633854214,-0.9372662572655122,False,False,False,False
candidate_minus_control,c,sf,1.62,125,3,2,True,correct,correct,0.56189241697736,0.5561934496278893,-0.005698967349470729,312.91831300635914,310.0019452280286,-0.9319901255735341,False,False,False,False
candidate_minus_control,c,sf,1.62,125,10,2,True,correct,correct,0.44997548083197975,0.44378637491096873,-0.006189105921011018,306.97584816654455,304.1448874502176,-0.922209591808365,False,False,False,False
candidate_minus_control,c,sf,1.8,-40,-10,2,True,correct,correct,0.4033422998394892,0.39822500275405837,-0.00511729708543085,341.82463435862877,338.42797929138914,-0.9936835224333196,False,False,False,False
candidate_minus_control,c,sf,1.8,-40,-3,2,True,correct,correct,0.5338568726863795,0.5271501111044582,-0.0067067615819212945,347.08135235538134,343.5848326296621,-1.007406391035115,False,False,False,False
candidate_minus_control,c,sf,1.8,-40,3,2,True,correct,correct,0.514087980791601,0.5098309300735904,-0.004257050718010635,346.47184015951956,343.00301735330066,-1.0011846286329673,False,False,False,False
candidate_minus_control,c,sf,1.8,-40,10,2,True,correct,correct,0.39828436992124067,0.3931805725954801,-0.005103797325760551,341.5753155148972,338.18446824345796,-0.9927085235441724,False,False,False,False
candidate_minus_control,c,sf,1.8,27,-10,2,True,correct,correct,0.399362099997949,0.39321971302342057,-0.006142386974528458,363.31475507021764,359.8210231634445,-0.9616267597218564,False,False,False,False
candidate_minus_control,c,sf,1.8,27,-3,2,True,correct,correct,0.49812160636418,0.4956541964843589,-0.0024674098798211364,369.50789388756414,365.9099932904262,-0.9737006046838914,False,False,False,False
candidate_minus_control,c,sf,1.8,27,3,2,True,correct,correct,0.4836147034885689,0.4821287324690694,-0.001485971019499488,368.6311303826192,365.0787527242395,-0.9636672992572537,False,False,False,False
candidate_minus_control,c,sf,1.8,27,10,2,True,correct,correct,0.39551947376761104,0.38808064397601083,-0.00743882979160021,363.02654422981607,359.5481339508842,-0.9581696804875528,False,False,False,False
candidate_minus_control,c,sf,1.8,125,-10,2,True,correct,correct,0.3836178159130087,0.37643530147786836,-0.007182514435140341,393.8626679678291,390.25451697299377,-0.9160936763699667,False,False,False,False
candidate_minus_control,c,sf,1.8,125,-3,2,True,correct,correct,0.4660426774958808,0.46067120772126885,-0.005371469774611948,403.1253023197128,399.36620452963103,-0.9324886749729422,False,False,False,False
candidate_minus_control,c,sf,1.8,125,3,2,True,correct,correct,0.4559726448200987,0.45053235221226895,-0.005440292607829744,401.7231840331056,398.0071755238849,-0.9250171901740378,False,False,False,False
candidate_minus_control,c,sf,1.8,125,10,2,True,correct,correct,0.37869626763795855,0.37609343253074984,-0.002602835107208712,393.464161960419,389.8659493940242,-0.9144956299112161,False,False,False,False
candidate_minus_control,c,sf,1.95,-40,-10,2,True,correct,correct,0.3558775178136313,0.3507395008553401,-0.005138016958291192,416.88057759029425,412.7878350174066,-0.9817541984193712,False,False,False,False
candidate_minus_control,c,sf,1.95,-40,-3,2,True,correct,correct,0.43716482490816067,0.43474655761596903,-0.0024182672921916337,423.126441472077,418.9307041830147,-0.9916036621264057,False,False,False,False
candidate_minus_control,c,sf,1.95,-40,3,2,True,correct,correct,0.4217803051988399,0.42074961007075906,-0.0010306951280808496,422.0606159486358,417.8965646475045,-0.9866002995261969,False,False,False,False
candidate_minus_control,c,sf,1.95,-40,10,2,True,correct,correct,0.34789805413299035,0.341860295433451,-0.006037758699539375,416.51180849160204,412.4506130668219,-0.975049288395391,False,False,False,False
candidate_minus_control,c,sf,1.95,27,-10,2,True,correct,correct,0.3497684877614795,0.3445237004857299,-0.005244787275749618,440.6465823443375,436.45729799348254,-0.9507130019180132,False,False,False,False
candidate_minus_control,c,sf,1.95,27,-3,2,True,correct,correct,0.424629596890489,0.41809455088517955,-0.006535046005309464,449.2711084971896,444.961009056399,-0.9593537975784439,False,False,False,False
candidate_minus_control,c,sf,1.95,27,3,2,True,correct,correct,0.4124791131778205,0.40318501477409074,-0.009294098403729745,447.64906104289565,443.38058008959183,-0.9535328731304582,False,False,False,False
candidate_minus_control,c,sf,1.95,27,10,2,True,correct,correct,0.3434358840160583,0.3393840790897201,-0.004051804926338165,440.1878435788323,436.00765154705283,-0.9496382266701242,False,False,False,False
candidate_minus_control,c,sf,1.95,125,-10,2,True,correct,correct,0.3456183086905094,0.3392213873745091,-0.006396921316000337,475.4304056628716,471.0940332612667,-0.9120940415156764,False,False,False,False
candidate_minus_control,c,sf,1.95,125,-3,2,True,correct,correct,0.4138669263776997,0.40878940420177934,-0.005077522175920335,487.996806957721,483.4445885298554,-0.9328377487232142,False,False,False,False
candidate_minus_control,c,sf,1.95,125,3,2,True,correct,correct,0.4027029173411698,0.3945224220677605,-0.008180495273409305,485.6118996089851,481.1362423284313,-0.9216531316793453,False,False,False,False
candidate_minus_control,c,sf,1.95,125,10,2,True,correct,correct,0.341524332953651,0.3350440799464207,-0.006480253007230263,474.75374859334624,470.42793483529186,-0.9111700056864014,False,False,False,False
candidate_minus_control,c,fs,1.62,-40,-10,2,True,correct,correct,1.2536769685388494,1.2390774184628104,-0.01459955007603897,235.72484745913917,233.40236734743945,-0.9852504463290779,False,False,False,False
candidate_minus_control,c,fs,1.62,-40,-3,2,True,correct,correct,1.4138533061538696,1.3890349446317702,-0.024818361522099375,241.34394627820936,238.93555418416014,-0.997908640837808,False,False,False,False
candidate_minus_control,c,fs,1.62,-40,3,2,True,correct,correct,1.4057675841464796,1.3871396448330893,-0.01862793931339035,241.18575856077632,238.78227817785455,-0.9965266594777478,False,False,False,False
candidate_minus_control,c,fs,1.62,-40,10,2,True,correct,correct,1.2539278959651794,1.2358990208688796,-0.0180288750962998,235.65556212170966,233.34354597781143,-0.981099755542425,False,False,False,False
candidate_minus_control,c,fs,1.62,27,-10,2,True,correct,correct,0.9653180292234981,0.9552052178826292,-0.010112811340868832,257.1689765554913,254.75378076424536,-0.9391474133447097,False,False,False,False
candidate_minus_control,c,fs,1.62,27,-3,2,True,correct,correct,1.1053116346472696,1.0902048197428302,-0.015106814904439325,263.2881191087152,260.76984503780346,-0.9564708348544615,False,False,False,False
candidate_minus_control,c,fs,1.62,27,3,2,True,correct,correct,1.1003092452435594,1.0852075108700907,-0.015101734373468734,263.09074717286103,260.57240245137666,-0.9572152379154986,False,False,False,False
candidate_minus_control,c,fs,1.62,27,10,2,True,correct,correct,0.9653155593912193,0.9502075583555311,-0.015108001035688212,257.0880567312982,254.6737869972544,-0.9390828048333355,False,False,False,False
candidate_minus_control,c,fs,1.62,125,-10,2,True,correct,correct,0.8506558104217891,0.8406538042141208,-0.010002006207668224,293.2162649298849,290.7013031611879,-0.8577156418312581,False,False,False,False
candidate_minus_control,c,fs,1.62,125,-3,2,True,correct,correct,0.9706556452749288,0.96065380811847,-0.010001837156458748,300.5116669962917,297.88678999622107,-0.8734692487340268,False,False,False,False
candidate_minus_control,c,fs,1.62,125,3,2,True,correct,correct,0.9656555745363098,0.9556537716506684,-0.010001802885641342,300.18938287406786,297.5719413433328,-0.8719300814956199,False,False,False,False
candidate_minus_control,c,fs,1.62,125,10,2,True,correct,correct,0.8456556311750699,0.8356537922060797,-0.010001838968990207,293.11609641073716,290.6027327003422,-0.8574635583550649,False,False,False,False
candidate_minus_control,c,fs,1.8,-40,-10,2,True,correct,correct,0.5469557106583204,0.5418831113026586,-0.005072599355661733,314.1554131088201,311.1039356672206,-0.9713273476343098,False,False,False,False
candidate_minus_control,c,fs,1.8,-40,-3,2,True,correct,correct,0.64707436750277,0.641924716535338,-0.005149650967432029,321.2268666865444,318.05068267498706,-0.9887666135524942,False,False,False,False
candidate_minus_control,c,fs,1.8,-40,3,2,True,correct,correct,0.6420760795055311,0.636913953422459,-0.005162126083072094,320.9403037863647,317.76937195306226,-0.9880129718494945,False,False,False,False
candidate_minus_control,c,fs,1.8,-40,10,2,True,correct,correct,0.5468631470178783,0.5368730694135387,-0.009990077604339564,314.03062366630905,310.98104140003994,-0.9711098333866963,False,False,False,False
candidate_minus_control,c,fs,1.8,27,-10,2,True,correct,correct,0.5497366584517489,0.53998342054108,-0.009753237910668955,338.2260415927568,335.08609143927606,-0.9283584843716497,False,False,False,False
candidate_minus_control,c,fs,1.8,27,-3,2,True,correct,correct,0.6447392347873782,0.6349861159637712,-0.009753118823606965,345.76212901689087,342.5012826704906,-0.9430895036630749,False,False,False,False
candidate_minus_control,c,fs,1.8,27,3,2,True,correct,correct,0.6397398521079094,0.6299868010488804,-0.009753051059029016,345.37244679931297,342.1197525624885,-0.9417932052682043,False,False,False,False
candidate_minus_control,c,fs,1.8,27,10,2,True,correct,correct,0.5497372767325697,0.5399840118416911,-0.009753264890878577,338.08829896368434,334.95038402794347,-0.9281347344345492,False,False,False,False
candidate_minus_control,c,fs,1.8,125,-10,2,True,correct,correct,0.5840541313523185,0.5725048366038197,-0.011549294748498862,383.01122677801845,379.7563139944924,-0.8498217691703558,False,False,False,False
candidate_minus_control,c,fs,1.8,125,-3,2,True,correct,correct,0.6741773393123097,0.6671602525656405,-0.007017086746669232,393.19870886389526,389.79800938432714,-0.8648806323383051,False,False,False,False
candidate_minus_control,c,fs,1.8,125,3,2,True,correct,correct,0.6693365299728603,0.6621603103442404,-0.007176219628619918,392.5583149119088,389.1740008164033,-0.862117542017915,False,False,False,False
candidate_minus_control,c,fs,1.8,125,10,2,True,correct,correct,0.5792149840860811,0.5721662641587391,-0.007048719927342018,382.8243232804181,379.5799505964515,-0.8474834242938378,False,False,False,False
candidate_minus_control,c,fs,1.95,-40,-10,2,True,correct,correct,0.39289287510362003,0.3900846894342808,-0.0028081856693392138,388.27050773149773,384.52633506944886,-0.9643206443684105,False,False,False,False
candidate_minus_control,c,fs,1.95,-40,-3,2,True,correct,correct,0.46643718049798893,0.4629108867222708,-0.0035262937757181145,396.10572583871766,392.2573479606216,-0.9715532058890308,False,False,False,False
candidate_minus_control,c,fs,1.95,-40,3,2,True,correct,correct,0.4616707129971088,0.4578100021530408,-0.003860710844068027,395.6217060197848,391.78152418885674,-0.9706701559838216,False,False,False,False
candidate_minus_control,c,fs,1.95,-40,10,2,True,correct,correct,0.3928957305243183,0.3848674523640406,-0.008028278160277735,388.0890794229486,384.36165221411386,-0.9604566081521937,False,False,False,False
candidate_minus_control,c,fs,1.95,27,-10,2,True,correct,correct,0.4261925231708908,0.41863031399696954,-0.007562209173921253,414.43294471097636,410.6347904371019,-0.9164701605764658,False,False,False,False
candidate_minus_control,c,fs,1.95,27,-3,2,True,correct,correct,0.496019797986781,0.48868690724030833,-0.007332890746472642,424.0480916965001,420.11017858900107,-0.9286477606217924,False,False,False,False
candidate_minus_control,c,fs,1.95,27,3,2,True,correct,correct,0.4911895230396007,0.48367233561408857,-0.007517187425512106,423.32638032426024,419.40375605841973,-0.9266193764810637,False,False,False,False
candidate_minus_control,c,fs,1.95,27,10,2,True,correct,correct,0.4213252578307199,0.41868242889592017,-0.0026428289347997236,414.21380930499527,410.41823819876936,-0.9163313778926097,False,False,False,False
candidate_minus_control,c,fs,1.95,125,-10,2,True,correct,correct,0.47758827591974884,0.4696739545321802,-0.007914321387568646,468.57319300866715,464.6353632277944,-0.8403873374804638,False,False,False,False
candidate_minus_control,c,fs,1.95,125,-3,2,True,correct,correct,0.5557724452319088,0.5476253840650892,-0.008147061166819625,481.8155183235505,477.69583678663054,-0.8550329701405568,False,False,False,False
candidate_minus_control,c,fs,1.95,125,3,2,True,correct,correct,0.5506775157508101,0.54307177809277,-0.007605737658040179,480.71760504303273,476.63389455176065,-0.8495030031002382,False,False,False,False
candidate_minus_control,c,fs,1.95,125,10,2,True,correct,correct,0.47760190626647864,0.46967435091678894,-0.007927555349689697,468.2491009512432,464.32704825184646,-0.8375996219595727,False,False,False,False
candidate_minus_control,rc,tt,1.62,-40,-10,1,True,correct,correct,0.7637643901382407,0.7536930586464001,-0.010071331491840585,296.84547668628363,293.562003550007,-1.1061220042597242,False,False,False,False
candidate_minus_control,rc,tt,1.62,-40,-3,1,True,correct,correct,0.9588123317605594,0.9487085603961511,-0.01010377136440821,304.0177844813234,300.6251711862555,-1.115925932049,False,False,False,False
candidate_minus_control,rc,tt,1.62,-40,3,1,True,correct,correct,0.9288176516053592,0.9187105146140498,-0.010107136991309384,303.31816234839107,299.9344893750837,-1.115552378106821,False,False,False,False
candidate_minus_control,rc,tt,1.62,-40,10,1,True,correct,correct,0.758770288226998,0.7486950296807799,-0.010075258546218047,296.48772021461804,293.2074904345341,-1.1063627787719077,False,False,False,False
candidate_minus_control,rc,tt,1.62,27,-10,1,True,correct,correct,0.7226356244356884,0.7159198611155303,-0.006715763320158108,320.32942870343,316.90090303117586,-1.0703124237231298,False,False,False,False
candidate_minus_control,rc,tt,1.62,27,-3,1,True,correct,correct,0.9076393008106997,0.8959256284508206,-0.01171367235987908,327.4502881494836,323.91505461558774,-1.0796244993017012,False,False,False,False
candidate_minus_control,rc,tt,1.62,27,3,1,True,correct,correct,0.8826396714070907,0.8709259982619293,-0.011713673145161363,326.6377458336713,323.11224310580997,-1.0793310855312432,False,False,False,False
candidate_minus_control,rc,tt,1.62,27,10,1,True,correct,correct,0.7176359958024587,0.7109202808011793,-0.006715715001279432,319.9202150982367,316.49567914526773,-1.0704343743696998,False,False,False,False
candidate_minus_control,rc,tt,1.62,125,-10,1,True,correct,correct,0.7206045672786706,0.710229362321501,-0.010375204957169593,352.33992467239955,348.75981302460764,-1.0160959338118225,False,False,False,False
candidate_minus_control,rc,tt,1.62,125,-3,1,True,correct,correct,0.8592010470460785,0.8502303013330909,-0.008970745712987616,360.39339226927365,356.71180951546955,-1.0215455756895087,False,False,False,False
candidate_minus_control,rc,tt,1.62,125,3,1,True,correct,correct,0.840213073570378,0.8302306446086384,-0.00998242896173962,359.1821373683845,355.5073391410073,-1.0231016092006273,False,False,False,False
candidate_minus_control,rc,tt,1.62,125,10,1,True,correct,correct,0.7156050607334711,0.7052296903280194,-0.010375370405451667,351.8612180420441,348.2857044236339,-1.0161715571572194,False,False,False,False
candidate_minus_control,rc,tt,1.8,-40,-10,1,True,correct,correct,0.5091508889535703,0.5040729199495293,-0.005077969004041005,392.01402177866777,387.76374438579523,-1.0842156547329451,False,False,False,False
candidate_minus_control,rc,tt,1.8,-40,-3,1,True,correct,correct,0.6641682035913693,0.6593602084645509,-0.0048079951268183985,400.10065323817423,395.7293279809792,-1.0925563909521707,False,False,False,False
candidate_minus_control,rc,tt,1.8,-40,3,1,True,correct,correct,0.6391707721815005,0.6293633661623691,-0.009807406019131437,398.91378632045365,394.5570950685071,-1.0921385525760496,False,False,False,False
candidate_minus_control,rc,tt,1.8,-40,10,1,True,correct,correct,0.5041538171076287,0.4990348188469806,-0.0051189982606481554,391.4085693808544,387.1630074136828,-1.0846880470418374,False,False,False,False
candidate_minus_control,rc,tt,1.8,27,-10,1,True,correct,correct,0.5374425770079811,0.5279623217929892,-0.009480255214991962,417.7506429142636,413.3601006639843,-1.0509959289710435,False,False,False,False
candidate_minus_control,rc,tt,1.8,27,-3,1,True,correct,correct,0.6575256759599785,0.647971429449669,-0.00955424651030945,426.10414098892716,421.5969677086919,-1.0577633133943998,False,False,False,False
candidate_minus_control,rc,tt,1.8,27,3,1,True,correct,correct,0.6326006718772289,0.6279724459338607,-0.004628225943368203,424.6158936558751,420.1245870452033,-1.0577339844729639,False,False,False,False
candidate_minus_control,rc,tt,1.8,27,10,1,True,correct,correct,0.527723379335408,0.5228120675331994,-0.004911311802208607,417.0935066038001,412.7098213729031,-1.0510077863813638,False,False,False,False
candidate_minus_control,rc,tt,1.8,125,-10,1,True,correct,correct,0.5680249933722685,0.5629164338385788,-0.005108559533689716,453.64243128807004,449.0778255144255,-1.0062122629675097,False,False,False,False
candidate_minus_control,rc,tt,1.8,125,-3,1,True,correct,correct,0.6675482099438108,0.6627903241447387,-0.0047578857990721035,464.9064779699272,460.2081813048003,-1.0105896320573127,False,False,False,False
candidate_minus_control,rc,tt,1.8,125,3,1,True,correct,correct,0.6474683059079998,0.6378767816599492,-0.009591524248050542,462.45777545999294,457.78777736775737,-1.009821510210407,False,False,False,False
candidate_minus_control,rc,tt,1.8,125,10,1,True,correct,correct,0.5580848638849103,0.5528855719363112,-0.0051992919485991385,452.81371452688245,448.2587359715953,-1.0059276936977057,False,False,False,False
candidate_minus_control,rc,tt,1.95,-40,-10,1,True,correct,correct,0.4315589707344411,0.4231129917817583,-0.008445978952682787,480.940375650515,475.80245340054216,-1.068307530434176,False,False,False,False
candidate_minus_control,rc,tt,1.95,-40,-3,1,True,correct,correct,0.5483535906917593,0.5385854570280012,-0.00976813366375806,489.7541156512726,484.4737954436902,-1.0781573934423472,False,False,False,False
candidate_minus_control,rc,tt,1.95,-40,3,1,True,correct,correct,0.5218164769044513,0.5136251401339382,-0.008191336770513091,487.9004854461638,482.66806373477436,-1.072436258513787,False,False,False,False
candidate_minus_control,rc,tt,1.95,-40,10,1,True,correct,correct,0.42216372153693066,0.41785117598748917,-0.004312545549441493,480.077654125853,474.9542460048936,-1.0672040402064376,False,False,False,False
candidate_minus_control,rc,tt,1.95,27,-10,1,True,correct,correct,0.4548778049770007,0.45318655963775917,-0.0016912453392415316,508.6358447040211,503.3439998789551,-1.0403995078532735,False,False,False,False
candidate_minus_control,rc,tt,1.95,27,-3,1,True,correct,correct,0.54845065881241,0.5402797766311584,-0.008170882181251504,519.1928946071655,513.7477389224418,-1.0487731518058596,False,False,False,False
candidate_minus_control,rc,tt,1.95,27,3,1,True,correct,correct,0.5236268181480701,0.5197086942697283,-0.003918123878341784,516.5299899198181,511.1344375887479,-1.0445767789606597,False,False,False,False
candidate_minus_control,rc,tt,1.95,27,10,1,True,correct,correct,0.4485054529092289,0.44450018255741897,-0.00400527035180992,507.68071219680985,502.40026321834944,-1.0401121909105249,False,False,False,False
candidate_minus_control,rc,tt,1.95,125,-10,1,True,correct,correct,0.49617702628590077,0.48983069548972863,-0.006346330796172139,548.8356384215213,543.3717672569105,-0.9955386972181901,False,False,False,False
candidate_minus_control,rc,tt,1.95,125,-3,1,True,correct,correct,0.5842178794780812,0.5757040181320501,-0.00851386134603116,564.0396955631983,558.3712718574733,-1.0049689322069844,False,False,False,False
candidate_minus_control,rc,tt,1.95,125,3,1,True,correct,correct,0.5585892780685684,0.5511438730839009,-0.007445404984667503,559.8085437269483,554.191212049226,-1.0034380040584323,False,False,False,False
candidate_minus_control,rc,tt,1.95,125,10,1,True,correct,correct,0.48611315099736874,0.4844563363030689,-0.0016568146942998463,547.5013864607399,542.052943511659,-0.9951468770338145,False,False,False,False
candidate_minus_control,rc,ss,1.62,-40,-10,1,True,unresolved,unresolved,,,,288.7086530989082,285.52464366305696,-1.1028451699230613,False,False,False,False
candidate_minus_control,rc,ss,1.62,-40,-3,1,True,unresolved,unresolved,,,,295.59911729691265,292.33720761088557,-1.1034910103438045,False,False,False,False
candidate_minus_control,rc,ss,1.62,-40,3,1,True,unresolved,unresolved,,,,295.07098409991426,291.8145035135114,-1.103626165187488,False,False,False,False
candidate_minus_control,rc,ss,1.62,-40,10,1,True,unresolved,unresolved,,,,288.4299710919395,285.2476794468429,-1.1033151766611016,False,False,False,False
candidate_minus_control,rc,ss,1.62,27,-10,1,True,unresolved,unresolved,,,,312.3333032021601,309.0268606005682,-1.058626335294044,False,False,False,False
candidate_minus_control,rc,ss,1.62,27,-3,1,True,unresolved,unresolved,,,,319.6769542012661,316.2671397130948,-1.0666438238223663,False,False,False,False
candidate_minus_control,rc,ss,1.62,27,3,1,True,unresolved,unresolved,,,,319.0479450124098,315.64523309194414,-1.0665205570696612,False,False,False,False
candidate_minus_control,rc,ss,1.62,27,10,1,True,unresolved,unresolved,,,,312.0028855148479,308.69895977345874,-1.0589407645821058,False,False,False,False
candidate_minus_control,rc,ss,1.62,125,-10,1,True,unresolved,unresolved,,,,344.2209929253822,340.7705415384346,-1.0023942344781767,False,False,False,False
candidate_minus_control,rc,ss,1.62,125,-3,1,True,unresolved,unresolved,,,,351.65813975594756,348.10851982379734,-1.009395071763064,False,False,False,False
candidate_minus_control,rc,ss,1.62,125,3,1,True,unresolved,unresolved,,,,350.8359695245794,347.2956230361519,-1.0091173072205417,False,False,False,False
candidate_minus_control,rc,ss,1.62,125,10,1,True,unresolved,unresolved,,,,343.8337508158221,340.3868111058107,-1.0025018491735538,False,False,False,False
candidate_minus_control,rc,ss,1.8,-40,-10,1,True,correct,correct,0.6967869835974299,0.6865298624906403,-0.010257121106789557,383.13528473535223,379.00860941021585,-1.0770804698885472,False,False,False,False
candidate_minus_control,rc,ss,1.8,-40,-3,1,True,correct,correct,0.9117939527882487,0.9015357837627701,-0.010258169025478603,391.81300939746836,387.55371316677025,-1.08707371336344,False,False,False,False
candidate_minus_control,rc,ss,1.8,-40,3,1,True,correct,correct,0.8817956095736811,0.8715369286437284,-0.010258680929952635,390.88104454801424,386.63340965072814,-1.0866822417029076,False,False,False,False
candidate_minus_control,rc,ss,1.8,-40,10,1,True,correct,correct,0.6917886474154313,0.6815310046822411,-0.010257642733190186,382.6459218131894,378.52399619352843,-1.0772166602818989,False,False,False,False
candidate_minus_control,rc,ss,1.8,27,-10,1,True,correct,correct,0.7128876340916882,0.7027689930653005,-0.010118641026387709,409.3814953772914,405.12435440030276,-1.0398958001424097,False,False,False,False
candidate_minus_control,rc,ss,1.8,27,-3,1,True,correct,correct,0.8978942426014611,0.8877718791584296,-0.010122363443031523,417.92098784938514,413.5371777497358,-1.0489566753295487,False,False,False,False
candidate_minus_control,rc,ss,1.8,27,3,1,True,correct,correct,0.8728956262891304,0.8627722692867386,-0.010123357002391864,416.8511954383235,412.48057632956994,-1.0484842448773124,False,False,False,False
candidate_minus_control,rc,ss,1.8,27,10,1,True,correct,correct,0.707888782647878,0.6977689100233493,-0.010119872624528736,408.8421535897481,404.5904496525125,-1.0399377607970273,False,False,False,False
candidate_minus_control,rc,ss,1.8,125,-10,1,True,correct,correct,0.745244810222301,0.7352754829944204,-0.009969327227880687,444.7031860853525,440.2809232107019,-0.9944302206554956,False,False,False,False
candidate_minus_control,rc,ss,1.8,125,-3,1,True,correct,correct,0.8863006222648586,0.8753546967659803,-0.010945925498878295,454.1866119558397,449.6394516778501,-1.0011656350697784,False,False,False,False
candidate_minus_control,rc,ss,1.8,125,3,1,True,correct,correct,0.861301887602818,0.8553702230418296,-0.00593166456098837,452.6337040751354,448.10336255998095,-1.0008847053074144,False,False,False,False
candidate_minus_control,rc,ss,1.8,125,10,1,True,correct,correct,0.7394302031131693,0.7304055613758808,-0.009024641737288563,444.095732731252,439.6687445765889,-0.9968544681653424,False,False,False,False
candidate_minus_control,rc,ss,1.95,-40,-10,1,True,correct,correct,0.5427185967749087,0.5371332884601699,-0.005585308314738802,472.01262241183895,467.00135144307353,-1.0616815590988593,False,False,False,False
candidate_minus_control,rc,ss,1.95,-40,-3,1,True,correct,correct,0.7276292259134899,0.7219760948557791,-0.005653131057710814,481.3915816020106,476.2278286954266,-1.0726720416255886,False,False,False,False
candidate_minus_control,rc,ss,1.95,-40,3,1,True,correct,correct,0.6976380645741401,0.6871902912107503,-0.010447773363389867,479.98992099896736,474.8466135951342,-1.071544876010888,False,False,False,False
candidate_minus_control,rc,ss,1.95,-40,10,1,True,correct,correct,0.5377375668308485,0.52714302372774,-0.010594543103108478,471.2932639553249,466.2902452995982,-1.061551063501076,False,False,False,False
candidate_minus_control,rc,ss,1.95,27,-10,1,True,correct,correct,0.582325076280031,0.5769018931178103,-0.0054231831622207904,500.09382820124716,494.9496215565348,-1.0286482965037202,False,False,False,False
candidate_minus_control,rc,ss,1.95,27,-3,1,True,correct,correct,0.7173297509125498,0.7103391968218695,-0.006990554090680279,509.59815796992973,504.31596607269074,-1.0365406182552772,False,False,False,False
candidate_minus_control,rc,ss,1.95,27,3,1,True,correct,correct,0.6923305214751488,0.6853953037174898,-0.00693521775765904,507.9279010932166,502.66760869739727,-1.035637614019147,False,False,False,False
candidate_minus_control,rc,ss,1.95,27,10,1,True,correct,correct,0.5773258951757293,0.5693560714580397,-0.007969823717689617,499.3200003750919,494.20356673192424,-1.024680293063407,False,False,False,False
candidate_minus_control,rc,ss,1.95,125,-10,1,True,correct,correct,0.6274829356550012,0.6173972266920587,-0.010085708962942586,538.4104340957192,533.092514999428,-0.9877072878839877,False,False,False,False
candidate_minus_control,rc,ss,1.95,125,-3,1,True,correct,correct,0.7375001639616987,0.7277491105700409,-0.009751053391657827,550.6963692502771,545.229537941872,-0.9927124298726997,False,False,False,False
candidate_minus_control,rc,ss,1.95,125,3,1,True,correct,correct,0.7127370496592687,0.7025008192661311,-0.01023623039313759,547.9936535380048,542.5583759615798,-0.9918504605542777,False,False,False,False
candidate_minus_control,rc,ss,1.95,125,10,1,True,correct,correct,0.6175233567451802,0.6122975007998105,-0.005225855945369728,537.4837244362985,532.1744010479905,-0.9878110065335122,False,False,False,False
candidate_minus_control,rc,ff,1.62,-40,-10,1,True,correct,correct,0.5146621032263797,0.5110321547323796,-0.0036299484940001125,307.20807304771324,303.7625945403513,-1.1215455613455938,False,False,False,False
candidate_minus_control,rc,ff,1.62,-40,-3,1,True,correct,correct,0.6446743969915298,0.6410347362283189,-0.0036396607632109834,313.92805006445377,310.37552549119954,-1.131636555740989,False,False,False,False
candidate_minus_control,rc,ff,1.62,-40,3,1,True,correct,correct,0.624675652682908,0.6160351852582006,-0.008640467424707476,312.9900413502689,309.4503789011341,-1.130918553786675,False,False,False,False
candidate_minus_control,rc,ff,1.62,-40,10,1,True,correct,correct,0.5096636984794993,0.5060329213158491,-0.003630777163650234,306.7378405969075,303.2972850052701,-1.1216599767873925,False,False,False,False
candidate_minus_control,rc,ff,1.62,27,-10,1,True,correct,correct,0.5213296088343793,0.5148076650883507,-0.006521943746028547,330.0998471583199,326.5176260385335,-1.0851932076382798,False,False,False,False
candidate_minus_control,rc,ff,1.62,27,-3,1,True,correct,correct,0.6313326192144603,0.6248162396989602,-0.006516379515500104,337.3935784068234,333.7131236422689,-1.0908490854904973,False,False,False,False
candidate_minus_control,rc,ff,1.62,27,3,1,True,correct,correct,0.6113330081070399,0.6048169299148882,-0.00651607819215172,336.1112538848886,332.4446340076124,-1.090894706706813,False,False,False,False
candidate_minus_control,rc,ff,1.62,27,10,1,True,correct,correct,0.5163304097277289,0.5098087774014203,-0.006521632326308646,329.5768145799138,325.9999673015981,-1.0852848623089106,False,False,False,False
candidate_minus_control,rc,ff,1.62,125,-10,1,True,correct,correct,0.5433103280170788,0.5381598810706211,-0.005150446946457721,365.1460928195327,361.4153169331112,-1.0217214314450773,False,False,False,False
candidate_minus_control,rc,ff,1.62,125,-3,1,True,correct,correct,0.6433698088294582,0.6385419161155805,-0.004827892713877624,375.3366214000871,371.48173407296747,-1.0270480169880747,False,False,False,False
candidate_minus_control,rc,ff,1.62,125,3,1,True,correct,correct,0.6233598207878004,0.61853928813701,-0.00482053265079041,373.2087671266025,369.3782731932786,-1.026367617999846,False,False,False,False
candidate_minus_control,rc,ff,1.62,125,10,1,True,correct,correct,0.5383197191528896,0.5282383724725109,-0.010081346680378633,364.43637249646764,360.71256091553016,-1.0218001994226178,False,False,False,False
candidate_minus_control,rc,ff,1.8,-40,-10,1,True,correct,correct,0.39687168093277947,0.3916001743520403,-0.00527150658073916,403.2938249669437,398.8802964194599,-1.0943704748877736,False,False,False,False
candidate_minus_control,rc,ff,1.8,-40,-3,1,True,correct,correct,0.48529626311039914,0.48167717042390934,-0.0036190926864898,411.35168175894177,406.8201016384242,-1.1016316017332217,False,False,False,False
candidate_minus_control,rc,ff,1.8,-40,3,1,True,correct,correct,0.46520277102565943,0.46142399871198,-0.003778772313679457,409.49869064653274,404.9904045585197,-1.1009280837736446,False,False,False,False
candidate_minus_control,rc,ff,1.8,-40,10,1,True,correct,correct,0.39171461846823935,0.3859222859054687,-0.0057923325627706745,402.5362969367852,398.13838652576476,-1.0925500245537179,False,False,False,False
candidate_minus_control,rc,ff,1.8,27,-10,1,True,correct,correct,0.41898962196172,0.4154553408472195,-0.0035342811145004926,428.88401624300536,424.3051926355565,-1.0676134885041932,False,False,False,False
candidate_minus_control,rc,ff,1.8,27,-3,1,True,correct,correct,0.49830625630998987,0.4954481129578085,-0.002858143352181375,439.4122376338581,434.7195435221148,-1.0679479791032898,False,False,False,False
candidate_minus_control,rc,ff,1.8,27,3,1,True,correct,correct,0.47881949250317035,0.4754064292710001,-0.003413063232170277,436.64357800099845,431.96602474011877,-1.0712520454999042,False,False,False,False
candidate_minus_control,rc,ff,1.8,27,10,1,True,correct,correct,0.4131803241371283,0.4052278205366107,-0.00795250360051758,427.93861338268465,423.3905043439668,-1.0627947318814779,False,False,False,False
candidate_minus_control,rc,ff,1.8,125,-10,1,True,correct,correct,0.45838224507318004,0.44993359868523886,-0.008448646387941183,470.70857369554557,465.9502458423716,-1.0108861658958523,False,False,False,False
candidate_minus_control,rc,ff,1.8,125,-3,1,True,correct,correct,0.5401700750293396,0.5336631944081484,-0.006506880621191202,485.4081401699197,480.48986447993354,-1.0132248067089455,False,False,False,False
candidate_minus_control,rc,ff,1.8,125,3,1,True,correct,correct,0.5153433673309106,0.5129550419675294,-0.002388325363381183,481.1897420704959,476.30018705347385,-1.0161386641333925,False,False,False,False
candidate_minus_control,rc,ff,1.8,125,10,1,True,correct,correct,0.44818573107723825,0.44483903579789863,-0.0033466952793396176,469.3642985907083,464.6422908611901,-1.006043225634401,False,False,False,False
candidate_minus_control,rc,ff,1.95,-40,-10,1,True,correct,correct,0.34846423617971856,0.34415463062941876,-0.0043096055502998,493.0670102487807,487.75638917262813,-1.077058688934207,False,False,False,False
candidate_minus_control,rc,ff,1.95,-40,-3,1,True,correct,correct,0.4181164032413088,0.41095212448302987,-0.007164278758278908,504.17410174015225,498.69740229273333,-1.0862714741824542,False,False,False,False
candidate_minus_control,rc,ff,1.95,-40,3,1,True,correct,correct,0.39259212970838986,0.39048322403256874,-0.0021089056758211155,500.64120785419016,495.2156127324273,-1.0837292329605952,False,False,False,False
candidate_minus_control,rc,ff,1.95,-40,10,1,True,correct,correct,0.3377537888673901,0.334384395679988,-0.003369393187402092,491.8951221971197,486.58972069752303,-1.0785635514943381,False,False,False,False
candidate_minus_control,rc,ff,1.95,27,-10,1,True,correct,correct,0.37357188074527825,0.36586177526148994,-0.00771010548378831,522.0183420437781,516.5123021843052,-1.0547598457778307,False,False,False,False
candidate_minus_control,rc,ff,1.95,27,-3,1,True,correct,correct,0.44125947661778003,0.43572927121037863,-0.005530205407401401,536.7445010609828,531.0609485180871,-1.0588934831490593,False,False,False,False
candidate_minus_control,rc,ff,1.95,27,3,1,True,correct,correct,0.419706499601809,0.41417000105036805,-0.005536498551440949,531.7497783897725,526.1479329011374,-1.0534739676993143,False,False,False,False
candidate_minus_control,rc,ff,1.95,27,10,1,True,correct,correct,0.36512019542668933,0.3576009236423596,-0.007519271784329706,520.4460455822712,514.9836678916868,-1.0495569592565812,False,False,False,False
candidate_minus_control,rc,ff,1.95,125,-10,1,True,correct,correct,0.41522539189479113,0.4084646982974211,-0.006760693597370027,570.6069858133969,564.9130976776111,-0.9978651291254859,False,False,False,False
candidate_minus_control,rc,ff,1.95,125,-3,1,True,correct,correct,0.492015229558009,0.4860826318040011,-0.005932597754007951,590.3646334542185,584.4410462256238,-1.0033777250401665,False,False,False,False
candidate_minus_control,rc,ff,1.95,125,3,1,True,correct,correct,0.46666457491827823,0.4610630555628105,-0.00560151935546771,583.3112088175586,577.4634547087577,-1.002510155883174,False,False,False,False
candidate_minus_control,rc,ff,1.95,125,10,1,True,correct,correct,0.4047285097156007,0.40374590626264883,-0.000982603452951869,568.4792440200755,562.8073987915704,-0.9977224829522124,False,False,False,False
candidate_minus_control,rc,sf,1.62,-40,-10,1,True,correct,correct,0.5934732380631189,0.5885926718561296,-0.00488056620698929,315.1637803949628,311.64230724644096,-1.1173470327423884,False,False,False,False
candidate_minus_control,rc,sf,1.62,-40,-3,1,True,correct,correct,0.8539051588073007,0.843593975184721,-0.010311183622579656,321.49315978115055,317.87125385542686,-1.126588798402195,False,False,False,False
candidate_minus_control,rc,sf,1.62,-40,3,1,True,correct,correct,0.7989057112077389,0.7935945036861304,-0.005311207521608519,320.44080465572347,316.8335303569061,-1.1257225192318865,False,False,False,False
candidate_minus_control,rc,sf,1.62,-40,10,1,True,correct,correct,0.5834751874821784,0.5734932320943592,-0.009981955387819208,314.6340064450682,311.1181066298715,-1.1174570272684758,False,False,False,False
candidate_minus_control,rc,sf,1.62,27,-10,1,True,correct,correct,0.5897511878853285,0.5846294922248209,-0.005121695660507686,337.37720859004907,333.7183720280494,-1.0844942897270782,False,False,False,False
candidate_minus_control,rc,sf,1.62,27,-3,1,True,correct,correct,0.8097529196978911,0.7996386301785112,-0.010114289519379871,343.6934002867433,339.93958164857565,-1.0921998022178636,False,False,False,False
candidate_minus_control,rc,sf,1.62,27,3,1,True,correct,correct,0.7597532583263502,0.7544828110026301,-0.005270447323720062,342.4694887328399,338.7296382874144,-1.0920244192448303,False,False,False,False
candidate_minus_control,rc,sf,1.62,27,10,1,True,correct,correct,0.5747518456714412,0.5694716794222906,-0.00528016624915062,336.8030618894958,333.14955542954834,-1.0847604648992593,False,False,False,False
candidate_minus_control,rc,sf,1.62,125,-10,1,True,correct,correct,0.567790974643091,0.5584285651152112,-0.009362409527879811,367.51098990079345,363.6969953804738,-1.0377906035814566,False,False,False,False
candidate_minus_control,rc,sf,1.62,125,-3,1,True,correct,correct,0.7218616708472092,0.7133245721384183,-0.008537098708790936,375.30683717450546,371.40452681363337,-1.0397653264860862,False,False,False,False
candidate_minus_control,rc,sf,1.62,125,3,1,True,correct,correct,0.6869130167961904,0.6780263266153481,-0.008886690180842316,373.38631198415806,369.50408850400225,-1.0397337437266674,False,False,False,False
candidate_minus_control,rc,sf,1.62,125,10,1,True,correct,correct,0.5579843085673684,0.5484831431699502,-0.009501165397418188,366.8303203058593,363.0253927080391,-1.0372445752705794,False,False,False,False
candidate_minus_control,rc,sf,1.8,-40,-10,1,True,correct,correct,0.5018196129894708,0.4974583881233887,-0.004361224866082036,412.22158213401985,407.7105538181817,-1.0943212367690913,False,False,False,False
candidate_minus_control,rc,sf,1.8,-40,-3,1,True,correct,correct,0.674416963042421,0.6675959884857484,-0.006820974556672632,419.19797657653436,414.5381787984502,-1.111598346952758,False,False,False,False
candidate_minus_control,rc,sf,1.8,-40,3,1,True,correct,correct,0.6273638298282981,0.6177973360343789,-0.009566493793919162,417.42817712325575,412.8217045653802,-1.1035365627738658,False,False,False,False
candidate_minus_control,rc,sf,1.8,-40,10,1,True,correct,correct,0.48548759285810006,0.4826572472824594,-0.002830345575640658,411.4097238613865,406.8923701161457,-1.0980182244702652,False,False,False,False
candidate_minus_control,rc,sf,1.8,27,-10,1,True,correct,correct,0.4984938202325904,0.493768377619841,-0.004725442612749431,436.5978708062244,431.9310060571173,-1.0689160578106427,False,False,False,False
candidate_minus_control,rc,sf,1.8,27,-3,1,True,correct,correct,0.6366803741038884,0.6294774217285112,-0.0072029523753772695,444.3437642852834,439.58983759210815,-1.06987586532733,False,False,False,False
candidate_minus_control,rc,sf,1.8,27,3,1,True,correct,correct,0.5970483492891806,0.5894845012802309,-0.007563848008949714,442.0116927202799,437.28822643864993,-1.0686292601356895,False,False,False,False
candidate_minus_control,rc,sf,1.8,27,10,1,True,correct,correct,0.48865637135791995,0.48356948828027974,-0.005086883077640214,435.6955656121336,431.0368447214067,-1.0692605705503566,False,False,False,False
candidate_minus_control,rc,sf,1.8,125,-10,1,True,correct,correct,0.4844590890072084,0.47609404863462074,-0.008365040372587673,470.58692756462295,465.734921774821,-1.0310540955551062,False,False,False,False
candidate_minus_control,rc,sf,1.8,125,-3,1,True,correct,correct,0.5965996369411285,0.589728913201189,-0.006870723739939466,481.994088910581,477.03057623927293,-1.0297870421039357,False,False,False,False
candidate_minus_control,rc,sf,1.8,125,3,1,True,correct,correct,0.5621957620584213,0.5547743669992108,-0.007421395059210467,478.1010388030562,473.1891949379206,-1.0273652358992136,False,False,False,False
candidate_minus_control,rc,sf,1.8,125,10,1,True,correct,correct,0.47439204175248806,0.4651818250969406,-0.009210216655547443,469.3734558272404,464.5352343753293,-1.0307829281449243,False,False,False,False
candidate_minus_control,rc,sf,1.95,-40,-10,1,True,correct,correct,0.45154503468995993,0.4459801573707606,-0.005564877319199357,502.30425448258114,496.83923035663764,-1.0879908097877755,False,False,False,False
candidate_minus_control,rc,sf,1.95,-40,-3,1,True,correct,correct,0.5693761191824698,0.5626753112464805,-0.006700807935989261,510.3186148757034,504.775609695026,-1.0861851829621183,False,False,False,False
candidate_minus_control,rc,sf,1.95,-40,3,1,True,correct,correct,0.5293307659269488,0.5202434986184402,-0.009087267308508618,507.51743310138113,501.9778374115738,-1.0915084543905218,False,False,False,False
candidate_minus_control,rc,sf,1.95,-40,10,1,True,correct,correct,0.4368850288356309,0.43306189663653094,-0.0038231321990999656,501.1631108976169,495.7295220016165,-1.08419569953353,False,False,False,False
candidate_minus_control,rc,sf,1.95,27,-10,1,True,correct,correct,0.4461609588428787,0.4429263846694803,-0.003234574173398397,528.8844219748612,523.3145133464806,-1.053142879040092,False,False,False,False
candidate_minus_control,rc,sf,1.95,27,-3,1,True,correct,correct,0.5488628710502483,0.54366678421448,-0.005196086835768332,539.6363250548671,533.8989419004704,-1.0631943937082777,False,False,False,False
candidate_minus_control,rc,sf,1.95,27,3,1,True,correct,correct,0.5088935810785485,0.5029215312406309,-0.005972049837917659,535.3654275731268,529.6956150596169,-1.0590546608905682,False,False,False,False
candidate_minus_control,rc,sf,1.95,27,10,1,True,correct,correct,0.4337130386269791,0.42860447877089075,-0.005108559856088324,527.5384196035224,521.963922050135,-1.0566998243610293,False,False,False,False
candidate_minus_control,rc,sf,1.95,125,-10,1,True,correct,correct,0.44012799951686077,0.4340961087999295,-0.006031890716931276,567.3765946209985,561.6013567716163,-1.0178844006140109,False,False,False,False
candidate_minus_control,rc,sf,1.95,125,-3,1,True,correct,correct,0.5347260645091391,0.5279756615535091,-0.006750402955630008,583.2966686252046,577.3190981907857,-1.0247907721653293,False,False,False,False
candidate_minus_control,rc,sf,1.95,125,3,1,True,correct,correct,0.4947455074555497,0.4927548617887583,-0.0019906456667913575,576.6075200343994,570.7194062137269,-1.021164937342689,False,False,False,False
candidate_minus_control,rc,sf,1.95,125,10,1,True,correct,correct,0.42581248226883905,0.42376933170929904,-0.002043150559540019,565.3797907853906,559.6392669588363,-1.0153394090333334,False,False,False,False
candidate_minus_control,rc,fs,1.62,-40,-10,1,True,unresolved,unresolved,,,,281.2899937095608,278.3241654830752,-1.0543667719470684,False,False,False,False
candidate_minus_control,rc,fs,1.62,-40,-3,1,True,unresolved,unresolved,,,,286.7488860083748,283.78498842733126,-1.0336213061894917,False,False,False,False
candidate_minus_control,rc,fs,1.62,-40,3,1,True,unresolved,unresolved,,,,286.3383718677533,283.37499834696996,-1.0349201545896913,False,False,False,False
candidate_minus_control,rc,fs,1.62,-40,10,1,True,unresolved,unresolved,,,,281.06530858616657,278.0991296444513,-1.0553344191198577,False,False,False,False
candidate_minus_control,rc,fs,1.62,27,-10,1,True,unresolved,unresolved,,,,306.3312069589507,303.13958038904894,-1.0418875052222276,False,False,False,False
candidate_minus_control,rc,fs,1.62,27,-3,1,True,unresolved,unresolved,,,,313.444568873158,310.1628278864873,-1.046992454987694,False,False,False,False
candidate_minus_control,rc,fs,1.62,27,3,1,True,unresolved,unresolved,,,,312.87913584038876,309.60339546023175,-1.0469667053248588,False,False,False,False
candidate_minus_control,rc,fs,1.62,27,10,1,True,unresolved,unresolved,,,,306.04093372023283,302.85100547852977,-1.042320778114969,False,False,False,False
candidate_minus_control,rc,fs,1.62,125,-10,1,True,unresolved,unresolved,,,,344.951301258977,341.61642307955697,-0.966767821210901,False,False,False,False
candidate_minus_control,rc,fs,1.62,125,-3,1,True,unresolved,unresolved,,,,353.34499105849443,349.9103782647039,-0.9720281539867481,False,False,False,False
candidate_minus_control,rc,fs,1.62,125,3,1,True,unresolved,unresolved,,,,352.4764892276117,349.0513308293731,-0.9717409537709054,False,False,False,False
candidate_minus_control,rc,fs,1.62,125,10,1,True,unresolved,unresolved,,,,344.594590374008,341.2626215785199,-0.966924289749227,False,False,False,False
candidate_minus_control,rc,fs,1.8,-40,-10,1,True,correct,correct,0.7484144377951603,0.7384318060428208,-0.009982631752339488,375.6766810172458,371.6619779372585,-1.0686591111049082,False,False,False,False
candidate_minus_control,rc,fs,1.8,-40,-3,1,True,correct,correct,0.8634245332615881,0.8534421152306497,-0.009982418030938356,384.3745680290381,380.22823856209584,-1.078721073614053,False,False,False,False
candidate_minus_control,rc,fs,1.8,-40,3,1,True,correct,correct,0.84842793122596,0.8384435966839981,-0.009984334541961903,383.5383053996102,379.40220400233017,-1.0784063388324605,False,False,False,False
candidate_minus_control,rc,fs,1.8,-40,10,1,True,correct,correct,0.7484178349299301,0.7384332811685093,-0.009984553761420822,375.24410365326406,371.23306583375467,-1.0689142828519183,False,False,False,False
candidate_minus_control,rc,fs,1.8,27,-10,1,True,correct,correct,0.7340742648837087,0.7253784176039086,-0.008695847279800106,402.7333177625198,398.5701858621969,-1.0337192669958695,False,False,False,False
candidate_minus_control,rc,fs,1.8,27,-3,1,True,correct,correct,0.8490778118980682,0.835392609448411,-0.013685202449657208,411.7718894896981,407.48370434239126,-1.0413982247843845,False,False,False,False
candidate_minus_control,rc,fs,1.8,27,3,1,True,correct,correct,0.8340783422730382,0.8253938641475808,-0.008684478125457473,410.70435088159854,406.42803676413456,-1.041214710359084,False,False,False,False
candidate_minus_control,rc,fs,1.8,27,10,1,True,correct,correct,0.7290744169658085,0.7203785247331097,-0.008695892232698843,402.24483968278605,398.086016738696,-1.0339033677522758,False,False,False,False
candidate_minus_control,rc,fs,1.8,125,-10,1,True,correct,correct,0.7557112204626195,0.7508050798710597,-0.004906140591559804,450.2707986866238,445.9608339366599,-0.9571939291944775,False,False,False,False
candidate_minus_control,rc,fs,1.8,125,-3,1,True,correct,correct,0.872347462839678,0.8608234593405113,-0.011524003499166713,462.1644079275419,457.71271656289815,-0.9632267842965669,False,False,False,False
candidate_minus_control,rc,fs,1.8,125,3,1,True,correct,correct,0.8524063125333302,0.8458175073591905,-0.0065888051741397335,460.4253449799873,455.99295667288834,-0.9626725277887549,False,False,False,False
candidate_minus_control,rc,fs,1.8,125,10,1,True,correct,correct,0.7523422532142781,0.7457956872153197,-0.006546565998958309,449.6540866736028,445.34891523153647,-0.9574407460442802,False,False,False,False
candidate_minus_control,rc,fs,1.95,-40,-10,1,True,correct,correct,0.5396514081355611,0.5326363875564296,-0.0070150205791315035,463.8466830501515,458.93752855193844,-1.0583571420477944,False,False,False,False
candidate_minus_control,rc,fs,1.95,-40,-3,1,True,correct,correct,0.6297540311964491,0.6226586440853207,-0.007095387111128448,473.58426432799064,468.5311840636313,-1.066986520662716,False,False,False,False
candidate_minus_control,rc,fs,1.95,-40,3,1,True,correct,correct,0.6148368074735704,0.6076710503542084,-0.00716575711936196,472.24444739647777,467.20577623958053,-1.0669624989083193,False,False,False,False
candidate_minus_control,rc,fs,1.95,-40,10,1,True,correct,correct,0.53465849685359,0.5276489125075089,-0.007009584346081121,463.192723350417,458.290875713992,-1.0582738867243813,False,False,False,False
candidate_minus_control,rc,fs,1.95,27,-10,1,True,correct,correct,0.5675116308388801,0.5628615821606212,-0.004650048678258911,493.0599620509739,488.02899482267276,-1.020356065289485,False,False,False,False
candidate_minus_control,rc,fs,1.95,27,-3,1,True,correct,correct,0.6576989474139596,0.6528313706250911,-0.004867576788868511,504.4442169668633,499.27018739015426,-1.0256891451386974,False,False,False,False
candidate_minus_control,rc,fs,1.95,27,3,1,True,correct,correct,0.6426504332517596,0.6378157166210906,-0.004834716630669034,502.5200310691345,497.3618969388175,-1.026453436959096,False,False,False,False
candidate_minus_control,rc,fs,1.95,27,10,1,True,correct,correct,0.5623438498690407,0.5578631743338794,-0.004480675535161294,492.3318621486685,487.30234184457885,-1.021571157742962,False,False,False,False
candidate_minus_control,rc,fs,1.95,125,-10,1,True,correct,correct,0.6230220192315212,0.6169448722148101,-0.0060771470167111374,549.9377516395565,544.7458373594399,-0.9440912657182943,False,False,False,False
candidate_minus_control,rc,fs,1.95,125,-3,1,True,correct,correct,0.7173269238153097,0.7124167997519588,-0.004910124063350896,565.596768837332,560.2197167239627,-0.9506864978070073,False,False,False,False
candidate_minus_control,rc,fs,1.95,125,3,1,True,correct,correct,0.7024400825811893,0.6924073252868481,-0.010032757294341166,562.6088703995487,557.2665946636764,-0.9495541248893402,False,False,False,False
candidate_minus_control,rc,fs,1.95,125,10,1,True,correct,correct,0.617987406719898,0.6122712084994689,-0.005716198220429125,548.9497648658789,543.7702645161529,-0.9435290223671955,False,False,False,False
candidate_minus_control,rc,tt,1.62,-40,-10,2,True,correct,correct,0.7637643901382407,0.7536930586464001,-0.010071331491840585,296.84547668628363,293.562003550007,-1.1061220042597242,False,False,False,False
candidate_minus_control,rc,tt,1.62,-40,-3,2,True,correct,correct,0.9588123317605594,0.9487085603961511,-0.01010377136440821,304.0177844813234,300.6251711862555,-1.115925932049,False,False,False,False
candidate_minus_control,rc,tt,1.62,-40,3,2,True,correct,correct,0.9288176516053592,0.9187105146140498,-0.010107136991309384,303.31816234839107,299.9344893750837,-1.115552378106821,False,False,False,False
candidate_minus_control,rc,tt,1.62,-40,10,2,True,correct,correct,0.758770288226998,0.7486950296807799,-0.010075258546218047,296.48772021461804,293.2074904345341,-1.1063627787719077,False,False,False,False
candidate_minus_control,rc,tt,1.62,27,-10,2,True,correct,correct,0.7226356244356884,0.7159198611155303,-0.006715763320158108,320.32942870343,316.90090303117586,-1.0703124237231298,False,False,False,False
candidate_minus_control,rc,tt,1.62,27,-3,2,True,correct,correct,0.9076393008106997,0.8959256284508206,-0.01171367235987908,327.4502881494836,323.91505461558774,-1.0796244993017012,False,False,False,False
candidate_minus_control,rc,tt,1.62,27,3,2,True,correct,correct,0.8826396714070907,0.8709259982619293,-0.011713673145161363,326.6377458336713,323.11224310580997,-1.0793310855312432,False,False,False,False
candidate_minus_control,rc,tt,1.62,27,10,2,True,correct,correct,0.7176359958024587,0.7109202808011793,-0.006715715001279432,319.9202150982367,316.49567914526773,-1.0704343743696998,False,False,False,False
candidate_minus_control,rc,tt,1.62,125,-10,2,True,correct,correct,0.7206045672786706,0.710229362321501,-0.010375204957169593,352.33992467239955,348.75981302460764,-1.0160959338118225,False,False,False,False
candidate_minus_control,rc,tt,1.62,125,-3,2,True,correct,correct,0.8592010470460785,0.8502303013330909,-0.008970745712987616,360.39339226927365,356.71180951546955,-1.0215455756895087,False,False,False,False
candidate_minus_control,rc,tt,1.62,125,3,2,True,correct,correct,0.840213073570378,0.8302306446086384,-0.00998242896173962,359.1821373683845,355.5073391410073,-1.0231016092006273,False,False,False,False
candidate_minus_control,rc,tt,1.62,125,10,2,True,correct,correct,0.7156050607334711,0.7052296903280194,-0.010375370405451667,351.8612180420441,348.2857044236339,-1.0161715571572194,False,False,False,False
candidate_minus_control,rc,tt,1.8,-40,-10,2,True,correct,correct,0.5091508889535703,0.5040729199495293,-0.005077969004041005,392.01402177866777,387.76374438579523,-1.0842156547329451,False,False,False,False
candidate_minus_control,rc,tt,1.8,-40,-3,2,True,correct,correct,0.6641682035913693,0.6593602084645509,-0.0048079951268183985,400.10065323817423,395.7293279809792,-1.0925563909521707,False,False,False,False
candidate_minus_control,rc,tt,1.8,-40,3,2,True,correct,correct,0.6391707721815005,0.6293633661623691,-0.009807406019131437,398.91378632045365,394.5570950685071,-1.0921385525760496,False,False,False,False
candidate_minus_control,rc,tt,1.8,-40,10,2,True,correct,correct,0.5041538171076287,0.4990348188469806,-0.0051189982606481554,391.4085693808544,387.1630074136828,-1.0846880470418374,False,False,False,False
candidate_minus_control,rc,tt,1.8,27,-10,2,True,correct,correct,0.5374425770079811,0.5279623217929892,-0.009480255214991962,417.7506429142636,413.3601006639843,-1.0509959289710435,False,False,False,False
candidate_minus_control,rc,tt,1.8,27,-3,2,True,correct,correct,0.6575256759599785,0.647971429449669,-0.00955424651030945,426.10414098892716,421.5969677086919,-1.0577633133943998,False,False,False,False
candidate_minus_control,rc,tt,1.8,27,3,2,True,correct,correct,0.6326006718772289,0.6279724459338607,-0.004628225943368203,424.6158936558751,420.1245870452033,-1.0577339844729639,False,False,False,False
candidate_minus_control,rc,tt,1.8,27,10,2,True,correct,correct,0.527723379335408,0.5228120675331994,-0.004911311802208607,417.0935066038001,412.7098213729031,-1.0510077863813638,False,False,False,False
candidate_minus_control,rc,tt,1.8,125,-10,2,True,correct,correct,0.5680249933722685,0.5629164338385788,-0.005108559533689716,453.64243128807004,449.0778255144255,-1.0062122629675097,False,False,False,False
candidate_minus_control,rc,tt,1.8,125,-3,2,True,correct,correct,0.6675482099438108,0.6627903241447387,-0.0047578857990721035,464.9064779699272,460.2081813048003,-1.0105896320573127,False,False,False,False
candidate_minus_control,rc,tt,1.8,125,3,2,True,correct,correct,0.6474683059079998,0.6378767816599492,-0.009591524248050542,462.45777545999294,457.78777736775737,-1.009821510210407,False,False,False,False
candidate_minus_control,rc,tt,1.8,125,10,2,True,correct,correct,0.5580848638849103,0.5528855719363112,-0.0051992919485991385,452.81371452688245,448.2587359715953,-1.0059276936977057,False,False,False,False
candidate_minus_control,rc,tt,1.95,-40,-10,2,True,correct,correct,0.4315589707344411,0.4231129917817583,-0.008445978952682787,480.940375650515,475.80245340054216,-1.068307530434176,False,False,False,False
candidate_minus_control,rc,tt,1.95,-40,-3,2,True,correct,correct,0.5483535906917593,0.5385854570280012,-0.00976813366375806,489.7541156512726,484.4737954436902,-1.0781573934423472,False,False,False,False
candidate_minus_control,rc,tt,1.95,-40,3,2,True,correct,correct,0.5218164769044513,0.5136251401339382,-0.008191336770513091,487.9004854461638,482.66806373477436,-1.072436258513787,False,False,False,False
candidate_minus_control,rc,tt,1.95,-40,10,2,True,correct,correct,0.42216372153693066,0.41785117598748917,-0.004312545549441493,480.077654125853,474.9542460048936,-1.0672040402064376,False,False,False,False
candidate_minus_control,rc,tt,1.95,27,-10,2,True,correct,correct,0.4548778049770007,0.45318655963775917,-0.0016912453392415316,508.6358447040211,503.3439998789551,-1.0403995078532735,False,False,False,False
candidate_minus_control,rc,tt,1.95,27,-3,2,True,correct,correct,0.54845065881241,0.5402797766311584,-0.008170882181251504,519.1928946071655,513.7477389224418,-1.0487731518058596,False,False,False,False
candidate_minus_control,rc,tt,1.95,27,3,2,True,correct,correct,0.5236268181480701,0.5197086942697283,-0.003918123878341784,516.5299899198181,511.1344375887479,-1.0445767789606597,False,False,False,False
candidate_minus_control,rc,tt,1.95,27,10,2,True,correct,correct,0.4485054529092289,0.44450018255741897,-0.00400527035180992,507.68071219680985,502.40026321834944,-1.0401121909105249,False,False,False,False
candidate_minus_control,rc,tt,1.95,125,-10,2,True,correct,correct,0.49617702628590077,0.48983069548972863,-0.006346330796172139,548.8356384215213,543.3717672569105,-0.9955386972181901,False,False,False,False
candidate_minus_control,rc,tt,1.95,125,-3,2,True,correct,correct,0.5842178794780812,0.5757040181320501,-0.00851386134603116,564.0396955631983,558.3712718574733,-1.0049689322069844,False,False,False,False
candidate_minus_control,rc,tt,1.95,125,3,2,True,correct,correct,0.5585892780685684,0.5511438730839009,-0.007445404984667503,559.8085437269483,554.191212049226,-1.0034380040584323,False,False,False,False
candidate_minus_control,rc,tt,1.95,125,10,2,True,correct,correct,0.48611315099736874,0.4844563363030689,-0.0016568146942998463,547.5013864607399,542.052943511659,-0.9951468770338145,False,False,False,False
candidate_minus_control,rc,ss,1.62,-40,-10,2,True,correct,correct,1.324164917575838,1.3098833058783697,-0.014281611697468444,288.7086530989082,285.52464366305696,-1.1028451699230613,False,False,False,False
candidate_minus_control,rc,ss,1.62,-40,-3,2,True,correct,correct,1.58417808092254,1.5649135821162394,-0.019264498806300656,295.59911729691265,292.33720761088557,-1.1034910103438045,False,False,False,False
candidate_minus_control,rc,ss,1.62,-40,3,2,True,correct,correct,1.5591804485169907,1.5399192343939812,-0.019261214123009518,295.07098409991426,291.8145035135114,-1.103626165187488,False,False,False,False
candidate_minus_control,rc,ss,1.62,-40,10,2,True,correct,correct,1.3191673742265284,1.304889178703059,-0.014278195523469428,288.4299710919395,285.2476794468429,-1.1033151766611016,False,False,False,False
candidate_minus_control,rc,ss,1.62,27,-10,2,True,correct,correct,1.108861815437671,1.0974884766282484,-0.011373338809422595,312.3333032021601,309.0268606005682,-1.058626335294044,False,False,False,False
candidate_minus_control,rc,ss,1.62,27,-3,2,True,correct,correct,1.3738652880204407,1.3575049831377006,-0.016360304882740095,319.6769542012661,316.2671397130948,-1.0666438238223663,False,False,False,False
candidate_minus_control,rc,ss,1.62,27,3,2,True,correct,correct,1.3438655170227787,1.327507127710799,-0.016358389311979638,319.0479450124098,315.64523309194414,-1.0665205570696612,False,False,False,False
candidate_minus_control,rc,ss,1.62,27,10,2,True,correct,correct,1.1038615968695482,1.0924908748637383,-0.011370722005809908,312.0028855148479,308.69895977345874,-1.0589407645821058,False,False,False,False
candidate_minus_control,rc,ss,1.62,125,-10,2,True,correct,correct,1.0223867963521782,1.0126044402554892,-0.009782356096688982,344.2209929253822,340.7705415384346,-1.0023942344781767,False,False,False,False
candidate_minus_control,rc,ss,1.62,125,-3,2,True,correct,correct,1.2323902784605687,1.2176079033897997,-0.01478237507076896,351.65813975594756,348.10851982379734,-1.009395071763064,False,False,False,False
candidate_minus_control,rc,ss,1.62,125,3,2,True,correct,correct,1.2073905621631682,1.1926084829950083,-0.014782079168159878,350.8359695245794,347.2956230361519,-1.0091173072205417,False,False,False,False
candidate_minus_control,rc,ss,1.62,125,10,2,True,correct,correct,1.0173873432681482,1.0076049052585985,-0.009782438009549699,343.8337508158221,340.3868111058107,-1.0025018491735538,False,False,False,False
candidate_minus_control,rc,ss,1.8,-40,-10,2,True,correct,correct,0.6967869835974299,0.6865298624906403,-0.010257121106789557,383.13528473535223,379.00860941021585,-1.0770804698885472,False,False,False,False
candidate_minus_control,rc,ss,1.8,-40,-3,2,True,correct,correct,0.9117939527882487,0.9015357837627701,-0.010258169025478603,391.81300939746836,387.55371316677025,-1.08707371336344,False,False,False,False
candidate_minus_control,rc,ss,1.8,-40,3,2,True,correct,correct,0.8817956095736811,0.8715369286437284,-0.010258680929952635,390.88104454801424,386.63340965072814,-1.0866822417029076,False,False,False,False
candidate_minus_control,rc,ss,1.8,-40,10,2,True,correct,correct,0.6917886474154313,0.6815310046822411,-0.010257642733190186,382.6459218131894,378.52399619352843,-1.0772166602818989,False,False,False,False
candidate_minus_control,rc,ss,1.8,27,-10,2,True,correct,correct,0.7128876340916882,0.7027689930653005,-0.010118641026387709,409.3814953772914,405.12435440030276,-1.0398958001424097,False,False,False,False
candidate_minus_control,rc,ss,1.8,27,-3,2,True,correct,correct,0.8978942426014611,0.8877718791584296,-0.010122363443031523,417.92098784938514,413.5371777497358,-1.0489566753295487,False,False,False,False
candidate_minus_control,rc,ss,1.8,27,3,2,True,correct,correct,0.8728956262891304,0.8627722692867386,-0.010123357002391864,416.8511954383235,412.48057632956994,-1.0484842448773124,False,False,False,False
candidate_minus_control,rc,ss,1.8,27,10,2,True,correct,correct,0.707888782647878,0.6977689100233493,-0.010119872624528736,408.8421535897481,404.5904496525125,-1.0399377607970273,False,False,False,False
candidate_minus_control,rc,ss,1.8,125,-10,2,True,correct,correct,0.745244810222301,0.7352754829944204,-0.009969327227880687,444.7031860853525,440.2809232107019,-0.9944302206554956,False,False,False,False
candidate_minus_control,rc,ss,1.8,125,-3,2,True,correct,correct,0.8863006222648586,0.8753546967659803,-0.010945925498878295,454.1866119558397,449.6394516778501,-1.0011656350697784,False,False,False,False
candidate_minus_control,rc,ss,1.8,125,3,2,True,correct,correct,0.861301887602818,0.8553702230418296,-0.00593166456098837,452.6337040751354,448.10336255998095,-1.0008847053074144,False,False,False,False
candidate_minus_control,rc,ss,1.8,125,10,2,True,correct,correct,0.7394302031131693,0.7304055613758808,-0.009024641737288563,444.095732731252,439.6687445765889,-0.9968544681653424,False,False,False,False
candidate_minus_control,rc,ss,1.95,-40,-10,2,True,correct,correct,0.5427185967749087,0.5371332884601699,-0.005585308314738802,472.01262241183895,467.00135144307353,-1.0616815590988593,False,False,False,False
candidate_minus_control,rc,ss,1.95,-40,-3,2,True,correct,correct,0.7276292259134899,0.7219760948557791,-0.005653131057710814,481.3915816020106,476.2278286954266,-1.0726720416255886,False,False,False,False
candidate_minus_control,rc,ss,1.95,-40,3,2,True,correct,correct,0.6976380645741401,0.6871902912107503,-0.010447773363389867,479.98992099896736,474.8466135951342,-1.071544876010888,False,False,False,False
candidate_minus_control,rc,ss,1.95,-40,10,2,True,correct,correct,0.5377375668308485,0.52714302372774,-0.010594543103108478,471.2932639553249,466.2902452995982,-1.061551063501076,False,False,False,False
candidate_minus_control,rc,ss,1.95,27,-10,2,True,correct,correct,0.582325076280031,0.5769018931178103,-0.0054231831622207904,500.09382820124716,494.9496215565348,-1.0286482965037202,False,False,False,False
candidate_minus_control,rc,ss,1.95,27,-3,2,True,correct,correct,0.7173297509125498,0.7103391968218695,-0.006990554090680279,509.59815796992973,504.31596607269074,-1.0365406182552772,False,False,False,False
candidate_minus_control,rc,ss,1.95,27,3,2,True,correct,correct,0.6923305214751488,0.6853953037174898,-0.00693521775765904,507.9279010932166,502.66760869739727,-1.035637614019147,False,False,False,False
candidate_minus_control,rc,ss,1.95,27,10,2,True,correct,correct,0.5773258951757293,0.5693560714580397,-0.007969823717689617,499.3200003750919,494.20356673192424,-1.024680293063407,False,False,False,False
candidate_minus_control,rc,ss,1.95,125,-10,2,True,correct,correct,0.6274829356550012,0.6173972266920587,-0.010085708962942586,538.4104340957192,533.092514999428,-0.9877072878839877,False,False,False,False
candidate_minus_control,rc,ss,1.95,125,-3,2,True,correct,correct,0.7375001639616987,0.7277491105700409,-0.009751053391657827,550.6963692502771,545.229537941872,-0.9927124298726997,False,False,False,False
candidate_minus_control,rc,ss,1.95,125,3,2,True,correct,correct,0.7127370496592687,0.7025008192661311,-0.01023623039313759,547.9936535380048,542.5583759615798,-0.9918504605542777,False,False,False,False
candidate_minus_control,rc,ss,1.95,125,10,2,True,correct,correct,0.6175233567451802,0.6122975007998105,-0.005225855945369728,537.4837244362985,532.1744010479905,-0.9878110065335122,False,False,False,False
candidate_minus_control,rc,ff,1.62,-40,-10,2,True,correct,correct,0.5146621032263797,0.5110321547323796,-0.0036299484940001125,307.20807304771324,303.7625945403513,-1.1215455613455938,False,False,False,False
candidate_minus_control,rc,ff,1.62,-40,-3,2,True,correct,correct,0.6446743969915298,0.6410347362283189,-0.0036396607632109834,313.92805006445377,310.37552549119954,-1.131636555740989,False,False,False,False
candidate_minus_control,rc,ff,1.62,-40,3,2,True,correct,correct,0.624675652682908,0.6160351852582006,-0.008640467424707476,312.9900413502689,309.4503789011341,-1.130918553786675,False,False,False,False
candidate_minus_control,rc,ff,1.62,-40,10,2,True,correct,correct,0.5096636984794993,0.5060329213158491,-0.003630777163650234,306.7378405969075,303.2972850052701,-1.1216599767873925,False,False,False,False
candidate_minus_control,rc,ff,1.62,27,-10,2,True,correct,correct,0.5213296088343793,0.5148076650883507,-0.006521943746028547,330.0998471583199,326.5176260385335,-1.0851932076382798,False,False,False,False
candidate_minus_control,rc,ff,1.62,27,-3,2,True,correct,correct,0.6313326192144603,0.6248162396989602,-0.006516379515500104,337.3935784068234,333.7131236422689,-1.0908490854904973,False,False,False,False
candidate_minus_control,rc,ff,1.62,27,3,2,True,correct,correct,0.6113330081070399,0.6048169299148882,-0.00651607819215172,336.1112538848886,332.4446340076124,-1.090894706706813,False,False,False,False
candidate_minus_control,rc,ff,1.62,27,10,2,True,correct,correct,0.5163304097277289,0.5098087774014203,-0.006521632326308646,329.5768145799138,325.9999673015981,-1.0852848623089106,False,False,False,False
candidate_minus_control,rc,ff,1.62,125,-10,2,True,correct,correct,0.5433103280170788,0.5381598810706211,-0.005150446946457721,365.1460928195327,361.4153169331112,-1.0217214314450773,False,False,False,False
candidate_minus_control,rc,ff,1.62,125,-3,2,True,correct,correct,0.6433698088294582,0.6385419161155805,-0.004827892713877624,375.3366214000871,371.48173407296747,-1.0270480169880747,False,False,False,False
candidate_minus_control,rc,ff,1.62,125,3,2,True,correct,correct,0.6233598207878004,0.61853928813701,-0.00482053265079041,373.2087671266025,369.3782731932786,-1.026367617999846,False,False,False,False
candidate_minus_control,rc,ff,1.62,125,10,2,True,correct,correct,0.5383197191528896,0.5282383724725109,-0.010081346680378633,364.43637249646764,360.71256091553016,-1.0218001994226178,False,False,False,False
candidate_minus_control,rc,ff,1.8,-40,-10,2,True,correct,correct,0.39687168093277947,0.3916001743520403,-0.00527150658073916,403.2938249669437,398.8802964194599,-1.0943704748877736,False,False,False,False
candidate_minus_control,rc,ff,1.8,-40,-3,2,True,correct,correct,0.48529626311039914,0.48167717042390934,-0.0036190926864898,411.35168175894177,406.8201016384242,-1.1016316017332217,False,False,False,False
candidate_minus_control,rc,ff,1.8,-40,3,2,True,correct,correct,0.46520277102565943,0.46142399871198,-0.003778772313679457,409.49869064653274,404.9904045585197,-1.1009280837736446,False,False,False,False
candidate_minus_control,rc,ff,1.8,-40,10,2,True,correct,correct,0.39171461846823935,0.3859222859054687,-0.0057923325627706745,402.5362969367852,398.13838652576476,-1.0925500245537179,False,False,False,False
candidate_minus_control,rc,ff,1.8,27,-10,2,True,correct,correct,0.41898962196172,0.4154553408472195,-0.0035342811145004926,428.88401624300536,424.3051926355565,-1.0676134885041932,False,False,False,False
candidate_minus_control,rc,ff,1.8,27,-3,2,True,correct,correct,0.49830625630998987,0.4954481129578085,-0.002858143352181375,439.4122376338581,434.7195435221148,-1.0679479791032898,False,False,False,False
candidate_minus_control,rc,ff,1.8,27,3,2,True,correct,correct,0.47881949250317035,0.4754064292710001,-0.003413063232170277,436.64357800099845,431.96602474011877,-1.0712520454999042,False,False,False,False
candidate_minus_control,rc,ff,1.8,27,10,2,True,correct,correct,0.4131803241371283,0.4052278205366107,-0.00795250360051758,427.93861338268465,423.3905043439668,-1.0627947318814779,False,False,False,False
candidate_minus_control,rc,ff,1.8,125,-10,2,True,correct,correct,0.45838224507318004,0.44993359868523886,-0.008448646387941183,470.70857369554557,465.9502458423716,-1.0108861658958523,False,False,False,False
candidate_minus_control,rc,ff,1.8,125,-3,2,True,correct,correct,0.5401700750293396,0.5336631944081484,-0.006506880621191202,485.4081401699197,480.48986447993354,-1.0132248067089455,False,False,False,False
candidate_minus_control,rc,ff,1.8,125,3,2,True,correct,correct,0.5153433673309106,0.5129550419675294,-0.002388325363381183,481.1897420704959,476.30018705347385,-1.0161386641333925,False,False,False,False
candidate_minus_control,rc,ff,1.8,125,10,2,True,correct,correct,0.44818573107723825,0.44483903579789863,-0.0033466952793396176,469.3642985907083,464.6422908611901,-1.006043225634401,False,False,False,False
candidate_minus_control,rc,ff,1.95,-40,-10,2,True,correct,correct,0.34846423617971856,0.34415463062941876,-0.0043096055502998,493.0670102487807,487.75638917262813,-1.077058688934207,False,False,False,False
candidate_minus_control,rc,ff,1.95,-40,-3,2,True,correct,correct,0.4181164032413088,0.41095212448302987,-0.007164278758278908,504.17410174015225,498.69740229273333,-1.0862714741824542,False,False,False,False
candidate_minus_control,rc,ff,1.95,-40,3,2,True,correct,correct,0.39259212970838986,0.39048322403256874,-0.0021089056758211155,500.64120785419016,495.2156127324273,-1.0837292329605952,False,False,False,False
candidate_minus_control,rc,ff,1.95,-40,10,2,True,correct,correct,0.3377537888673901,0.334384395679988,-0.003369393187402092,491.8951221971197,486.58972069752303,-1.0785635514943381,False,False,False,False
candidate_minus_control,rc,ff,1.95,27,-10,2,True,correct,correct,0.37357188074527825,0.36586177526148994,-0.00771010548378831,522.0183420437781,516.5123021843052,-1.0547598457778307,False,False,False,False
candidate_minus_control,rc,ff,1.95,27,-3,2,True,correct,correct,0.44125947661778003,0.43572927121037863,-0.005530205407401401,536.7445010609828,531.0609485180871,-1.0588934831490593,False,False,False,False
candidate_minus_control,rc,ff,1.95,27,3,2,True,correct,correct,0.419706499601809,0.41417000105036805,-0.005536498551440949,531.7497783897725,526.1479329011374,-1.0534739676993143,False,False,False,False
candidate_minus_control,rc,ff,1.95,27,10,2,True,correct,correct,0.36512019542668933,0.3576009236423596,-0.007519271784329706,520.4460455822712,514.9836678916868,-1.0495569592565812,False,False,False,False
candidate_minus_control,rc,ff,1.95,125,-10,2,True,correct,correct,0.41522539189479113,0.4084646982974211,-0.006760693597370027,570.6069858133969,564.9130976776111,-0.9978651291254859,False,False,False,False
candidate_minus_control,rc,ff,1.95,125,-3,2,True,correct,correct,0.492015229558009,0.4860826318040011,-0.005932597754007951,590.3646334542185,584.4410462256238,-1.0033777250401665,False,False,False,False
candidate_minus_control,rc,ff,1.95,125,3,2,True,correct,correct,0.46666457491827823,0.4610630555628105,-0.00560151935546771,583.3112088175586,577.4634547087577,-1.002510155883174,False,False,False,False
candidate_minus_control,rc,ff,1.95,125,10,2,True,correct,correct,0.4047285097156007,0.40374590626264883,-0.000982603452951869,568.4792440200755,562.8073987915704,-0.9977224829522124,False,False,False,False
candidate_minus_control,rc,sf,1.62,-40,-10,2,True,correct,correct,0.5934732380631189,0.5885926718561296,-0.00488056620698929,315.1637803949628,311.64230724644096,-1.1173470327423884,False,False,False,False
candidate_minus_control,rc,sf,1.62,-40,-3,2,True,correct,correct,0.8539051588073007,0.843593975184721,-0.010311183622579656,321.49315978115055,317.87125385542686,-1.126588798402195,False,False,False,False
candidate_minus_control,rc,sf,1.62,-40,3,2,True,correct,correct,0.7989057112077389,0.7935945036861304,-0.005311207521608519,320.44080465572347,316.8335303569061,-1.1257225192318865,False,False,False,False
candidate_minus_control,rc,sf,1.62,-40,10,2,True,correct,correct,0.5834751874821784,0.5734932320943592,-0.009981955387819208,314.6340064450682,311.1181066298715,-1.1174570272684758,False,False,False,False
candidate_minus_control,rc,sf,1.62,27,-10,2,True,correct,correct,0.5897511878853285,0.5846294922248209,-0.005121695660507686,337.37720859004907,333.7183720280494,-1.0844942897270782,False,False,False,False
candidate_minus_control,rc,sf,1.62,27,-3,2,True,correct,correct,0.8097529196978911,0.7996386301785112,-0.010114289519379871,343.6934002867433,339.93958164857565,-1.0921998022178636,False,False,False,False
candidate_minus_control,rc,sf,1.62,27,3,2,True,correct,correct,0.7597532583263502,0.7544828110026301,-0.005270447323720062,342.4694887328399,338.7296382874144,-1.0920244192448303,False,False,False,False
candidate_minus_control,rc,sf,1.62,27,10,2,True,correct,correct,0.5747518456714412,0.5694716794222906,-0.00528016624915062,336.8030618894958,333.14955542954834,-1.0847604648992593,False,False,False,False
candidate_minus_control,rc,sf,1.62,125,-10,2,True,correct,correct,0.567790974643091,0.5584285651152112,-0.009362409527879811,367.51098990079345,363.6969953804738,-1.0377906035814566,False,False,False,False
candidate_minus_control,rc,sf,1.62,125,-3,2,True,correct,correct,0.7218616708472092,0.7133245721384183,-0.008537098708790936,375.30683717450546,371.40452681363337,-1.0397653264860862,False,False,False,False
candidate_minus_control,rc,sf,1.62,125,3,2,True,correct,correct,0.6869130167961904,0.6780263266153481,-0.008886690180842316,373.38631198415806,369.50408850400225,-1.0397337437266674,False,False,False,False
candidate_minus_control,rc,sf,1.62,125,10,2,True,correct,correct,0.5579843085673684,0.5484831431699502,-0.009501165397418188,366.8303203058593,363.0253927080391,-1.0372445752705794,False,False,False,False
candidate_minus_control,rc,sf,1.8,-40,-10,2,True,correct,correct,0.5018196129894708,0.4974583881233887,-0.004361224866082036,412.22158213401985,407.7105538181817,-1.0943212367690913,False,False,False,False
candidate_minus_control,rc,sf,1.8,-40,-3,2,True,correct,correct,0.674416963042421,0.6675959884857484,-0.006820974556672632,419.19797657653436,414.5381787984502,-1.111598346952758,False,False,False,False
candidate_minus_control,rc,sf,1.8,-40,3,2,True,correct,correct,0.6273638298282981,0.6177973360343789,-0.009566493793919162,417.42817712325575,412.8217045653802,-1.1035365627738658,False,False,False,False
candidate_minus_control,rc,sf,1.8,-40,10,2,True,correct,correct,0.48548759285810006,0.4826572472824594,-0.002830345575640658,411.4097238613865,406.8923701161457,-1.0980182244702652,False,False,False,False
candidate_minus_control,rc,sf,1.8,27,-10,2,True,correct,correct,0.4984938202325904,0.493768377619841,-0.004725442612749431,436.5978708062244,431.9310060571173,-1.0689160578106427,False,False,False,False
candidate_minus_control,rc,sf,1.8,27,-3,2,True,correct,correct,0.6366803741038884,0.6294774217285112,-0.0072029523753772695,444.3437642852834,439.58983759210815,-1.06987586532733,False,False,False,False
candidate_minus_control,rc,sf,1.8,27,3,2,True,correct,correct,0.5970483492891806,0.5894845012802309,-0.007563848008949714,442.0116927202799,437.28822643864993,-1.0686292601356895,False,False,False,False
candidate_minus_control,rc,sf,1.8,27,10,2,True,correct,correct,0.48865637135791995,0.48356948828027974,-0.005086883077640214,435.6955656121336,431.0368447214067,-1.0692605705503566,False,False,False,False
candidate_minus_control,rc,sf,1.8,125,-10,2,True,correct,correct,0.4844590890072084,0.47609404863462074,-0.008365040372587673,470.58692756462295,465.734921774821,-1.0310540955551062,False,False,False,False
candidate_minus_control,rc,sf,1.8,125,-3,2,True,correct,correct,0.5965996369411285,0.589728913201189,-0.006870723739939466,481.994088910581,477.03057623927293,-1.0297870421039357,False,False,False,False
candidate_minus_control,rc,sf,1.8,125,3,2,True,correct,correct,0.5621957620584213,0.5547743669992108,-0.007421395059210467,478.1010388030562,473.1891949379206,-1.0273652358992136,False,False,False,False
candidate_minus_control,rc,sf,1.8,125,10,2,True,correct,correct,0.47439204175248806,0.4651818250969406,-0.009210216655547443,469.3734558272404,464.5352343753293,-1.0307829281449243,False,False,False,False
candidate_minus_control,rc,sf,1.95,-40,-10,2,True,correct,correct,0.45154503468995993,0.4459801573707606,-0.005564877319199357,502.30425448258114,496.83923035663764,-1.0879908097877755,False,False,False,False
candidate_minus_control,rc,sf,1.95,-40,-3,2,True,correct,correct,0.5693761191824698,0.5626753112464805,-0.006700807935989261,510.3186148757034,504.775609695026,-1.0861851829621183,False,False,False,False
candidate_minus_control,rc,sf,1.95,-40,3,2,True,correct,correct,0.5293307659269488,0.5202434986184402,-0.009087267308508618,507.51743310138113,501.9778374115738,-1.0915084543905218,False,False,False,False
candidate_minus_control,rc,sf,1.95,-40,10,2,True,correct,correct,0.4368850288356309,0.43306189663653094,-0.0038231321990999656,501.1631108976169,495.7295220016165,-1.08419569953353,False,False,False,False
candidate_minus_control,rc,sf,1.95,27,-10,2,True,correct,correct,0.4461609588428787,0.4429263846694803,-0.003234574173398397,528.8844219748612,523.3145133464806,-1.053142879040092,False,False,False,False
candidate_minus_control,rc,sf,1.95,27,-3,2,True,correct,correct,0.5488628710502483,0.54366678421448,-0.005196086835768332,539.6363250548671,533.8989419004704,-1.0631943937082777,False,False,False,False
candidate_minus_control,rc,sf,1.95,27,3,2,True,correct,correct,0.5088935810785485,0.5029215312406309,-0.005972049837917659,535.3654275731268,529.6956150596169,-1.0590546608905682,False,False,False,False
candidate_minus_control,rc,sf,1.95,27,10,2,True,correct,correct,0.4337130386269791,0.42860447877089075,-0.005108559856088324,527.5384196035224,521.963922050135,-1.0566998243610293,False,False,False,False
candidate_minus_control,rc,sf,1.95,125,-10,2,True,correct,correct,0.44012799951686077,0.4340961087999295,-0.006031890716931276,567.3765946209985,561.6013567716163,-1.0178844006140109,False,False,False,False
candidate_minus_control,rc,sf,1.95,125,-3,2,True,correct,correct,0.5347260645091391,0.5279756615535091,-0.006750402955630008,583.2966686252046,577.3190981907857,-1.0247907721653293,False,False,False,False
candidate_minus_control,rc,sf,1.95,125,3,2,True,correct,correct,0.4947455074555497,0.4927548617887583,-0.0019906456667913575,576.6075200343994,570.7194062137269,-1.021164937342689,False,False,False,False
candidate_minus_control,rc,sf,1.95,125,10,2,True,correct,correct,0.42581248226883905,0.42376933170929904,-0.002043150559540019,565.3797907853906,559.6392669588363,-1.0153394090333334,False,False,False,False
candidate_minus_control,rc,fs,1.62,-40,-10,2,True,correct,correct,1.6603955613798007,1.6355829537524296,-0.02481260762737114,281.2899937095608,278.3241654830752,-1.0543667719470684,False,False,False,False
candidate_minus_control,rc,fs,1.62,-40,-3,2,True,correct,correct,1.83503246724314,1.8106318075694012,-0.024400659673738723,286.7488860083748,283.78498842733126,-1.0336213061894917,False,False,False,False
candidate_minus_control,rc,fs,1.62,-40,3,2,True,correct,correct,1.8250320034624508,1.800631676242821,-0.024400327219629814,286.3383718677533,283.37499834696996,-1.0349201545896913,False,False,False,False
candidate_minus_control,rc,fs,1.62,-40,10,2,True,correct,correct,1.6553957907087808,1.6305832480376299,-0.02481254267115096,281.06530858616657,278.0991296444513,-1.0553344191198577,False,False,False,False
candidate_minus_control,rc,fs,1.62,27,-10,2,True,correct,correct,1.2754952845323186,1.2597116659324987,-0.015783618599819915,306.3312069589507,303.13958038904894,-1.0418875052222276,False,False,False,False
candidate_minus_control,rc,fs,1.62,27,-3,2,True,correct,correct,1.4254915201854708,1.4097133143874008,-0.01577820579806999,313.444568873158,310.1628278864873,-1.046992454987694,False,False,False,False
candidate_minus_control,rc,fs,1.62,27,3,2,True,correct,correct,1.4154924907346405,1.3947132541894702,-0.02077923654517022,312.87913584038876,309.60339546023175,-1.0469667053248588,False,False,False,False
candidate_minus_control,rc,fs,1.62,27,10,2,True,correct,correct,1.2704951322125684,1.2547110474462702,-0.015784084766298223,306.04093372023283,302.85100547852977,-1.042320778114969,False,False,False,False
candidate_minus_control,rc,fs,1.62,125,-10,2,True,correct,correct,1.09792668770029,1.087953452630549,-0.009973235069741015,344.951301258977,341.61642307955697,-0.966767821210901,False,False,False,False
candidate_minus_control,rc,fs,1.62,125,-3,2,True,correct,correct,1.2429260356769412,1.22295472786087,-0.01997130781607126,353.34499105849443,349.9103782647039,-0.9720281539867481,False,False,False,False
candidate_minus_control,rc,fs,1.62,125,3,2,True,correct,correct,1.2279266645980902,1.2129550324760285,-0.014971632122061651,352.4764892276117,349.0513308293731,-0.9717409537709054,False,False,False,False
candidate_minus_control,rc,fs,1.62,125,10,2,True,correct,correct,1.0979272848151205,1.082953749137391,-0.01497353567772941,344.594590374008,341.2626215785199,-0.966924289749227,False,False,False,False
candidate_minus_control,rc,fs,1.8,-40,-10,2,True,correct,correct,0.7484144377951603,0.7384318060428208,-0.009982631752339488,375.6766810172458,371.6619779372585,-1.0686591111049082,False,False,False,False
candidate_minus_control,rc,fs,1.8,-40,-3,2,True,correct,correct,0.8634245332615881,0.8534421152306497,-0.009982418030938356,384.3745680290381,380.22823856209584,-1.078721073614053,False,False,False,False
candidate_minus_control,rc,fs,1.8,-40,3,2,True,correct,correct,0.84842793122596,0.8384435966839981,-0.009984334541961903,383.5383053996102,379.40220400233017,-1.0784063388324605,False,False,False,False
candidate_minus_control,rc,fs,1.8,-40,10,2,True,correct,correct,0.7484178349299301,0.7384332811685093,-0.009984553761420822,375.24410365326406,371.23306583375467,-1.0689142828519183,False,False,False,False
candidate_minus_control,rc,fs,1.8,27,-10,2,True,correct,correct,0.7340742648837087,0.7253784176039086,-0.008695847279800106,402.7333177625198,398.5701858621969,-1.0337192669958695,False,False,False,False
candidate_minus_control,rc,fs,1.8,27,-3,2,True,correct,correct,0.8490778118980682,0.835392609448411,-0.013685202449657208,411.7718894896981,407.48370434239126,-1.0413982247843845,False,False,False,False
candidate_minus_control,rc,fs,1.8,27,3,2,True,correct,correct,0.8340783422730382,0.8253938641475808,-0.008684478125457473,410.70435088159854,406.42803676413456,-1.041214710359084,False,False,False,False
candidate_minus_control,rc,fs,1.8,27,10,2,True,correct,correct,0.7290744169658085,0.7203785247331097,-0.008695892232698843,402.24483968278605,398.086016738696,-1.0339033677522758,False,False,False,False
candidate_minus_control,rc,fs,1.8,125,-10,2,True,correct,correct,0.7557112204626195,0.7508050798710597,-0.004906140591559804,450.2707986866238,445.9608339366599,-0.9571939291944775,False,False,False,False
candidate_minus_control,rc,fs,1.8,125,-3,2,True,correct,correct,0.872347462839678,0.8608234593405113,-0.011524003499166713,462.1644079275419,457.71271656289815,-0.9632267842965669,False,False,False,False
candidate_minus_control,rc,fs,1.8,125,3,2,True,correct,correct,0.8524063125333302,0.8458175073591905,-0.0065888051741397335,460.4253449799873,455.99295667288834,-0.9626725277887549,False,False,False,False
candidate_minus_control,rc,fs,1.8,125,10,2,True,correct,correct,0.7523422532142781,0.7457956872153197,-0.006546565998958309,449.6540866736028,445.34891523153647,-0.9574407460442802,False,False,False,False
candidate_minus_control,rc,fs,1.95,-40,-10,2,True,correct,correct,0.5396514081355611,0.5326363875564296,-0.0070150205791315035,463.8466830501515,458.93752855193844,-1.0583571420477944,False,False,False,False
candidate_minus_control,rc,fs,1.95,-40,-3,2,True,correct,correct,0.6297540311964491,0.6226586440853207,-0.007095387111128448,473.58426432799064,468.5311840636313,-1.066986520662716,False,False,False,False
candidate_minus_control,rc,fs,1.95,-40,3,2,True,correct,correct,0.6148368074735704,0.6076710503542084,-0.00716575711936196,472.24444739647777,467.20577623958053,-1.0669624989083193,False,False,False,False
candidate_minus_control,rc,fs,1.95,-40,10,2,True,correct,correct,0.53465849685359,0.5276489125075089,-0.007009584346081121,463.192723350417,458.290875713992,-1.0582738867243813,False,False,False,False
candidate_minus_control,rc,fs,1.95,27,-10,2,True,correct,correct,0.5675116308388801,0.5628615821606212,-0.004650048678258911,493.0599620509739,488.02899482267276,-1.020356065289485,False,False,False,False
candidate_minus_control,rc,fs,1.95,27,-3,2,True,correct,correct,0.6576989474139596,0.6528313706250911,-0.004867576788868511,504.4442169668633,499.27018739015426,-1.0256891451386974,False,False,False,False
candidate_minus_control,rc,fs,1.95,27,3,2,True,correct,correct,0.6426504332517596,0.6378157166210906,-0.004834716630669034,502.5200310691345,497.3618969388175,-1.026453436959096,False,False,False,False
candidate_minus_control,rc,fs,1.95,27,10,2,True,correct,correct,0.5623438498690407,0.5578631743338794,-0.004480675535161294,492.3318621486685,487.30234184457885,-1.021571157742962,False,False,False,False
candidate_minus_control,rc,fs,1.95,125,-10,2,True,correct,correct,0.6230220192315212,0.6169448722148101,-0.0060771470167111374,549.9377516395565,544.7458373594399,-0.9440912657182943,False,False,False,False
candidate_minus_control,rc,fs,1.95,125,-3,2,True,correct,correct,0.7173269238153097,0.7124167997519588,-0.004910124063350896,565.596768837332,560.2197167239627,-0.9506864978070073,False,False,False,False
candidate_minus_control,rc,fs,1.95,125,3,2,True,correct,correct,0.7024400825811893,0.6924073252868481,-0.010032757294341166,562.6088703995487,557.2665946636764,-0.9495541248893402,False,False,False,False
candidate_minus_control,rc,fs,1.95,125,10,2,True,correct,correct,0.617987406719898,0.6122712084994689,-0.005716198220429125,548.9497648658789,543.7702645161529,-0.9435290223671955,False,False,False,False
