OpenROAD f552262465b0bfef8f097e258f94bc501d01e19d 
Features included (+) or not (-): +GPU +GUI +Python
This program is licensed under the BSD-3 license. See the LICENSE file for details.
Components of this program may be licensed under more restrictive licenses which must be honored.
[INFO ORD-0030] Using 12 thread(s).
read_liberty /opt/eda/orfs-6101364b/flow/platforms/sky130hd/lib/sky130_fd_sc_hd__tt_025C_1v80.lib
read_db /root/cac_runs/ntt_dp_20ns/results/sky130hd/cac_ntt_dp_20ns/base/5_1_grt.odb
read_sdc /root/cac_runs/ntt_dp_20ns/results/sky130hd/cac_ntt_dp_20ns/base/5_1_grt.sdc
source /opt/eda/orfs-6101364b/flow/platforms/sky130hd/setRC.tcl
detailed_route -output_drc /root/cac_runs/ntt_dp_20ns/reports/sky130hd/cac_ntt_dp_20ns/base/5_route_drc.rpt -output_maze /root/cac_runs/ntt_dp_20ns/results/sky130hd/cac_ntt_dp_20ns/base/maze.log -droute_end_iter 64 -verbose 1 -drc_report_iter_step 5
[INFO DRT-0149] Reading tech and libs.
[WARNING DRT-0349] LEF58_ENCLOSURE with no CUTCLASS is not supported. Skipping for layer mcon
[WARNING DRT-0349] LEF58_ENCLOSURE with no CUTCLASS is not supported. Skipping for layer mcon
[WARNING DRT-0349] LEF58_ENCLOSURE with no CUTCLASS is not supported. Skipping for layer via
[WARNING DRT-0349] LEF58_ENCLOSURE with no CUTCLASS is not supported. Skipping for layer via
[WARNING DRT-0349] LEF58_ENCLOSURE with no CUTCLASS is not supported. Skipping for layer via2
[WARNING DRT-0349] LEF58_ENCLOSURE with no CUTCLASS is not supported. Skipping for layer via2
[WARNING DRT-0349] LEF58_ENCLOSURE with no CUTCLASS is not supported. Skipping for layer via3
[WARNING DRT-0349] LEF58_ENCLOSURE with no CUTCLASS is not supported. Skipping for layer via3
[WARNING DRT-0349] LEF58_ENCLOSURE with no CUTCLASS is not supported. Skipping for layer via4
[WARNING DRT-0349] LEF58_ENCLOSURE with no CUTCLASS is not supported. Skipping for layer via4

Units:                1000
Number of layers:     13
Number of macros:     441
Number of vias:       29
Number of viarulegen: 25

[INFO DRT-0150] Reading design.
[WARNING DRT-0120] Large net net3393 has 109 pins which may impact routing performance. Consider optimization.
[WARNING DRT-0120] Large net net3383 has 110 pins which may impact routing performance. Consider optimization.
[WARNING DRT-0120] Large net net3225 has 122 pins which may impact routing performance. Consider optimization.
[WARNING DRT-0120] Large net net3224 has 121 pins which may impact routing performance. Consider optimization.
[WARNING DRT-0120] Large net net3658 has 117 pins which may impact routing performance. Consider optimization.
[WARNING DRT-0120] Large net net3650 has 106 pins which may impact routing performance. Consider optimization.
[WARNING DRT-0120] Large net net3628 has 141 pins which may impact routing performance. Consider optimization.
[WARNING DRT-0120] Large net net3619 has 117 pins which may impact routing performance. Consider optimization.
[WARNING DRT-0120] Large net net3531 has 112 pins which may impact routing performance. Consider optimization.
[WARNING DRT-0120] Large net net3505 has 105 pins which may impact routing performance. Consider optimization.
[WARNING DRT-0120] Large net net3498 has 101 pins which may impact routing performance. Consider optimization.
[WARNING DRT-0120] Large net net3485 has 117 pins which may impact routing performance. Consider optimization.
[WARNING DRT-0120] Large net net3456 has 114 pins which may impact routing performance. Consider optimization.
[WARNING DRT-0120] Large net net3356 has 130 pins which may impact routing performance. Consider optimization.
[WARNING DRT-0120] Large net net3359 has 108 pins which may impact routing performance. Consider optimization.
[WARNING DRT-0120] Large net net3210 has 112 pins which may impact routing performance. Consider optimization.

Design:                   kyber_ntt_engine
Die area:                 ( 0 0 ) ( 757760 757760 )
Number of track patterns: 12
Number of DEF vias:       0
Number of components:     37600
Number of terminals:      57
Number of snets:          2
Number of nets:           30284

[INFO DRT-0167] List of default vias:
  Layer via
    default via: M1M2_PR
  Layer via2
    default via: M2M3_PR
  Layer via3
    default via: M3M4_PR
  Layer via4
    default via: M4M5_PR
[INFO DRT-0162] Library cell analysis.
[INFO DRT-0163] Instance analysis.
[INFO DRT-0164] Number of unique instances = 284.
[INFO DRT-0168] Init region query.
[INFO DRT-0024]   Complete FR_MASTERSLICE.
[INFO DRT-0024]   Complete Fr_VIA.
[INFO DRT-0024]   Complete li1.
[INFO DRT-0024]   Complete mcon.
[INFO DRT-0024]   Complete met1.
[INFO DRT-0024]   Complete via.
[INFO DRT-0024]   Complete met2.
[INFO DRT-0024]   Complete via2.
[INFO DRT-0024]   Complete met3.
[INFO DRT-0024]   Complete via3.
[INFO DRT-0024]   Complete met4.
[INFO DRT-0024]   Complete via4.
[INFO DRT-0024]   Complete met5.
[INFO DRT-0033] FR_MASTERSLICE shape region query size = 0.
[INFO DRT-0033] FR_VIA shape region query size = 0.
[INFO DRT-0033] li1 shape region query size = 847276.
[INFO DRT-0033] mcon shape region query size = 500266.
[INFO DRT-0033] met1 shape region query size = 141925.
[INFO DRT-0033] via shape region query size = 38225.
[INFO DRT-0033] met2 shape region query size = 22935.
[INFO DRT-0033] via2 shape region query size = 30580.
[INFO DRT-0033] met3 shape region query size = 22990.
[INFO DRT-0033] via3 shape region query size = 30580.
[INFO DRT-0033] met4 shape region query size = 9213.
[INFO DRT-0033] via4 shape region query size = 1513.
[INFO DRT-0033] met5 shape region query size = 1623.
[INFO DRT-0165] Start pin access.
[INFO DRT-0076]   Complete 1000 pins.
[INFO DRT-0076]   Complete 2000 pins.
[INFO DRT-0078]   Complete 2291 pins.
[INFO DRT-0079]   Complete 100 unique inst patterns.
[INFO DRT-0079]   Complete 200 unique inst patterns.
[INFO DRT-0081]   Complete 284 unique inst patterns.
[INFO DRT-0082]   Complete 10000 groups.
[INFO DRT-0084]   Complete 18844 groups.
#scanned instances     = 37600
#unique  instances     = 284
#stdCellGenAp          = 10386
#stdCellValidPlanarAp  = 150
#stdCellValidViaAp     = 6700
#stdCellPinNoAp        = 10
#stdCellPinCnt         = 109283
#instTermValidViaApCnt = 0
#macroGenAp            = 0
#macroValidPlanarAp    = 0
#macroValidViaAp       = 0
#macroNoAp             = 0
[INFO DRT-0166] Complete pin access.
[INFO DRT-0267] cpu time = 00:19:08, elapsed time = 00:05:44, memory = 526.23 (MB), peak = 541.74 (MB)
[INFO DRT-0156] guideIn read 100000 guides.
[INFO DRT-0156] guideIn read 200000 guides.

[INFO DRT-0157] Number of guides:     262757

[INFO DRT-0169] Post process guides.
[INFO DRT-0176] GCELLGRID X 0 DO 109 STEP 6900 ;
[INFO DRT-0177] GCELLGRID Y 0 DO 109 STEP 6900 ;
[INFO DRT-0026]   Complete 100000 origin guides.
[INFO DRT-0026]   Complete 200000 origin guides.
[INFO DRT-0028]   Complete FR_MASTERSLICE.
[INFO DRT-0028]   Complete Fr_VIA.
[INFO DRT-0028]   Complete li1.
[INFO DRT-0028]   Complete mcon.
[INFO DRT-0028]   Complete met1.
[INFO DRT-0028]   Complete via.
[INFO DRT-0028]   Complete met2.
[INFO DRT-0028]   Complete via2.
[INFO DRT-0028]   Complete met3.
[INFO DRT-0028]   Complete via3.
[INFO DRT-0028]   Complete met4.
[INFO DRT-0028]   Complete via4.
[INFO DRT-0028]   Complete met5.
[INFO DRT-0178] Init guide query.
[INFO DRT-0035]   Complete FR_MASTERSLICE (guide).
[INFO DRT-0035]   Complete Fr_VIA (guide).
[INFO DRT-0035]   Complete li1 (guide).
[INFO DRT-0035]   Complete mcon (guide).
[INFO DRT-0035]   Complete met1 (guide).
[INFO DRT-0035]   Complete via (guide).
[INFO DRT-0035]   Complete met2 (guide).
[INFO DRT-0035]   Complete via2 (guide).
[INFO DRT-0035]   Complete met3 (guide).
[INFO DRT-0035]   Complete via3 (guide).
[INFO DRT-0035]   Complete met4 (guide).
[INFO DRT-0035]   Complete via4 (guide).
[INFO DRT-0035]   Complete met5 (guide).
[INFO DRT-0036] FR_MASTERSLICE guide region query size = 0.
[INFO DRT-0036] FR_VIA guide region query size = 0.
[INFO DRT-0036] li1 guide region query size = 87803.
[INFO DRT-0036] mcon guide region query size = 0.
[INFO DRT-0036] met1 guide region query size = 75719.
[INFO DRT-0036] via guide region query size = 0.
[INFO DRT-0036] met2 guide region query size = 40832.
[INFO DRT-0036] via2 guide region query size = 0.
[INFO DRT-0036] met3 guide region query size = 4741.
[INFO DRT-0036] via3 guide region query size = 0.
[INFO DRT-0036] met4 guide region query size = 2389.
[INFO DRT-0036] via4 guide region query size = 0.
[INFO DRT-0036] met5 guide region query size = 151.
[INFO DRT-0179] Init gr pin query.
[INFO DRT-0267] cpu time = 00:00:02, elapsed time = 00:00:01, memory = 617.69 (MB), peak = 616.94 (MB)
[INFO DRT-0245] skipped writing guide updates to database.
[INFO DRT-0181] Start track assignment.
[INFO DRT-0184] Done with 131024 vertical wires in 3 frboxes and 80611 horizontal wires in 3 frboxes.
[INFO DRT-0186] Done with 18791 vertical wires in 3 frboxes and 33359 horizontal wires in 3 frboxes.
[INFO DRT-0182] Complete track assignment.
[INFO DRT-0267] cpu time = 00:00:28, elapsed time = 00:00:33, memory = 1087.52 (MB), peak = 1086.75 (MB)
[INFO DRT-0187] Start routing data preparation.
[INFO DRT-0267] cpu time = 00:00:00, elapsed time = 00:00:00, memory = 1087.52 (MB), peak = 1086.75 (MB)
[INFO DRT-0194] Start detail routing.
[INFO DRT-0195] Start 0th optimization iteration.
    Completing 10% with 0 violations.
    elapsed time = 00:01:50, memory = 1816.64 (MB).
    Completing 20% with 0 violations.
    elapsed time = 00:03:30, memory = 2287.82 (MB).
    Completing 30% with 11309 violations.
    elapsed time = 00:05:24, memory = 2574.69 (MB).
    Completing 40% with 11309 violations.
    elapsed time = 00:08:12, memory = 2590.16 (MB).
    Completing 50% with 11309 violations.
    elapsed time = 00:10:09, memory = 2250.92 (MB).
    Completing 60% with 22960 violations.
    elapsed time = 00:13:18, memory = 2683.16 (MB).
    Completing 70% with 22960 violations.
    elapsed time = 00:14:31, memory = 2686.70 (MB).
    Completing 80% with 34958 violations.
    elapsed time = 00:16:41, memory = 2783.32 (MB).
    Completing 90% with 34958 violations.
    elapsed time = 00:18:27, memory = 2813.87 (MB).
    Completing 100% with 46360 violations.
    elapsed time = 00:20:24, memory = 2357.36 (MB).
[INFO DRT-0199]   Number of violations = 49561.
Viol/Layer         li1   mcon   met1    via   met2   via2   met3   via3   met4   via4   met5
Cut Spacing          0     81      0      5      0      1      0      0      0      2      0
Metal Spacing        0      0   9350      0   1501      0    123      0     18      0      6
Min Hole             0      0     12      0      0      0      0      0      0      0      0
NS Metal             0      0      4      0      0      0      0      0      0      0      0
Recheck             16      0   2182      0    827      0     72      0     89      0     15
Short                0     12  31259     45   3796      0     74      1     54      0     16
[INFO DRT-0267] cpu time = 01:21:32, elapsed time = 00:20:29, memory = 2492.09 (MB), peak = 2917.42 (MB)
Total wire length = 1303413 um.
Total wire length on LAYER li1 = 0 um.
Total wire length on LAYER met1 = 537889 um.
Total wire length on LAYER met2 = 513590 um.
Total wire length on LAYER met3 = 139675 um.
Total wire length on LAYER met4 = 109719 um.
Total wire length on LAYER met5 = 2538 um.
Total number of vias = 253495.
Up-via summary (total 253495):

-------------------------
 FR_MASTERSLICE         0
            li1    109424
           met1    128417
           met2     11397
           met3      4042
           met4       215
-------------------------
               253495


[INFO DRT-0195] Start 1st optimization iteration.
    Completing 10% with 49561 violations.
    elapsed time = 00:01:48, memory = 2910.93 (MB).
    Completing 20% with 49561 violations.
    elapsed time = 00:03:26, memory = 2979.41 (MB).
    Completing 30% with 47245 violations.
    elapsed time = 00:05:08, memory = 2954.07 (MB).
    Completing 40% with 47245 violations.
    elapsed time = 00:07:11, memory = 3021.71 (MB).
    Completing 50% with 47245 violations.
    elapsed time = 00:09:42, memory = 2553.59 (MB).
    Completing 60% with 44124 violations.
    elapsed time = 00:11:37, memory = 3033.38 (MB).
    Completing 70% with 44124 violations.
    elapsed time = 00:13:17, memory = 2983.91 (MB).
    Completing 80% with 40754 violations.
    elapsed time = 00:15:35, memory = 3033.57 (MB).
    Completing 90% with 40754 violations.
    elapsed time = 00:17:20, memory = 2952.88 (MB).
    Completing 100% with 37502 violations.
    elapsed time = 00:18:06, memory = 2612.43 (MB).
[INFO DRT-0199]   Number of violations = 37502.
Viol/Layer        mcon   met1    via   met2   met3   met4
Cut Spacing        122      0      2      0      0      0
Metal Spacing        0   8573      0   1005     46      7
Min Hole             0      6      0      2      0      0
NS Metal             0      2      0      0      0      0
Short                0  25570      3   2123     29     12
[INFO DRT-0267] cpu time = 01:17:25, elapsed time = 00:18:09, memory = 2618.43 (MB), peak = 3116.35 (MB)
Total wire length = 1291675 um.
Total wire length on LAYER li1 = 0 um.
Total wire length on LAYER met1 = 525604 um.
Total wire length on LAYER met2 = 509875 um.
Total wire length on LAYER met3 = 144601 um.
Total wire length on LAYER met4 = 109068 um.
Total wire length on LAYER met5 = 2524 um.
Total number of vias = 250454.
Up-via summary (total 250454):

-------------------------
 FR_MASTERSLICE         0
            li1    109375
           met1    125374
           met2     11532
           met3      3966
           met4       207
-------------------------
               250454


[INFO DRT-0195] Start 2nd optimization iteration.
    Completing 10% with 37502 violations.
    elapsed time = 00:01:27, memory = 3088.70 (MB).
    Completing 20% with 37502 violations.
    elapsed time = 00:03:33, memory = 3122.60 (MB).
    Completing 30% with 37431 violations.
    elapsed time = 00:05:20, memory = 3083.54 (MB).
    Completing 40% with 37431 violations.
    elapsed time = 00:06:52, memory = 3095.01 (MB).
    Completing 50% with 37431 violations.
    elapsed time = 00:08:40, memory = 2670.65 (MB).
    Completing 60% with 37181 violations.
    elapsed time = 00:10:55, memory = 3124.63 (MB).
    Completing 70% with 37181 violations.
    elapsed time = 00:12:00, memory = 3055.99 (MB).
    Completing 80% with 37221 violations.
    elapsed time = 00:13:06, memory = 3108.61 (MB).
    Completing 90% with 37221 violations.
    elapsed time = 00:14:55, memory = 3044.10 (MB).
    Completing 100% with 36738 violations.
    elapsed time = 00:15:43, memory = 2670.65 (MB).
[INFO DRT-0199]   Number of violations = 36738.
Viol/Layer        mcon   met1    via   met2   met3   met4
Cut Spacing        108      0      1      0      0      0
Metal Spacing        0   8800      0    947     44      6
Short                0  24951      3   1864      7      7
[INFO DRT-0267] cpu time = 01:16:01, elapsed time = 00:15:44, memory = 2660.02 (MB), peak = 3201.19 (MB)
Total wire length = 1290060 um.
Total wire length on LAYER li1 = 0 um.
Total wire length on LAYER met1 = 524752 um.
Total wire length on LAYER met2 = 508694 um.
Total wire length on LAYER met3 = 144662 um.
Total wire length on LAYER met4 = 109310 um.
Total wire length on LAYER met5 = 2640 um.
Total number of vias = 249222.
Up-via summary (total 249222):

-------------------------
 FR_MASTERSLICE         0
            li1    109391
           met1    124260
           met2     11397
           met3      3961
           met4       213
-------------------------
               249222


[INFO DRT-0195] Start 3rd optimization iteration.
    Completing 10% with 36738 violations.
    elapsed time = 00:01:57, memory = 3163.81 (MB).
    Completing 20% with 36738 violations.
    elapsed time = 00:03:42, memory = 3225.37 (MB).
    Completing 30% with 28957 violations.
    elapsed time = 00:05:09, memory = 3135.36 (MB).
    Completing 40% with 28957 violations.
    elapsed time = 00:07:28, memory = 3245.73 (MB).
    Completing 50% with 28957 violations.
    elapsed time = 00:09:37, memory = 2732.37 (MB).
    Completing 60% with 22318 violations.
    elapsed time = 00:11:57, memory = 3284.79 (MB).
    Completing 70% with 22318 violations.
    elapsed time = 00:13:36, memory = 3278.06 (MB).
    Completing 80% with 15093 violations.
    elapsed time = 00:15:07, memory = 3284.20 (MB).
    Completing 90% with 15093 violations.
    elapsed time = 00:16:41, memory = 3303.35 (MB).
    Completing 100% with 9133 violations.
    elapsed time = 00:18:27, memory = 2804.98 (MB).
[INFO DRT-0199]   Number of violations = 9137.
Viol/Layer        mcon   met1    via   met2   met3
Cut Spacing         20      0      4      0      0
Metal Spacing        0   3584      0    527     22
Min Hole             0      6      0      2      0
NS Metal             0      2      0      0      0
Recheck              0      4      0      0      0
Short                0   4564      1    397      4
[INFO DRT-0267] cpu time = 01:39:41, elapsed time = 00:18:29, memory = 2777.79 (MB), peak = 3436.27 (MB)
Total wire length = 1287632 um.
Total wire length on LAYER li1 = 0 um.
Total wire length on LAYER met1 = 452992 um.
Total wire length on LAYER met2 = 503802 um.
Total wire length on LAYER met3 = 213933 um.
Total wire length on LAYER met4 = 114427 um.
Total wire length on LAYER met5 = 2476 um.
Total number of vias = 258300.
Up-via summary (total 258300):

-------------------------
 FR_MASTERSLICE         0
            li1    109396
           met1    123369
           met2     20865
           met3      4488
           met4       182
-------------------------
               258300


[INFO DRT-0195] Start 4th optimization iteration.
    Completing 10% with 9137 violations.
    elapsed time = 00:00:55, memory = 3244.66 (MB).
    Completing 20% with 9137 violations.
    elapsed time = 00:01:21, memory = 3246.54 (MB).
    Completing 30% with 7332 violations.
    elapsed time = 00:02:04, memory = 3164.40 (MB).
    Completing 40% with 7332 violations.
    elapsed time = 00:02:55, memory = 3377.26 (MB).
    Completing 50% with 7332 violations.
    elapsed time = 00:03:26, memory = 2868.96 (MB).
    Completing 60% with 6138 violations.
    elapsed time = 00:04:02, memory = 3307.20 (MB).
    Completing 70% with 6138 violations.
    elapsed time = 00:04:31, memory = 3163.47 (MB).
    Completing 80% with 4305 violations.
    elapsed time = 00:05:12, memory = 3181.07 (MB).
    Completing 90% with 4305 violations.
    elapsed time = 00:05:38, memory = 3208.54 (MB).
    Completing 100% with 2456 violations.
    elapsed time = 00:06:13, memory = 2841.86 (MB).
[INFO DRT-0199]   Number of violations = 2456.
Viol/Layer        mcon   met1   met2   met3
Cut Spacing         13      0      0      0
Metal Spacing        0   1085    107      1
Min Hole             0      1      1      0
Short                0   1194     54      0
[INFO DRT-0267] cpu time = 00:37:03, elapsed time = 00:06:14, memory = 2800.45 (MB), peak = 3436.27 (MB)
Total wire length = 1287648 um.
Total wire length on LAYER li1 = 0 um.
Total wire length on LAYER met1 = 446662 um.
Total wire length on LAYER met2 = 502742 um.
Total wire length on LAYER met3 = 220003 um.
Total wire length on LAYER met4 = 115790 um.
Total wire length on LAYER met5 = 2450 um.
Total number of vias = 258756.
Up-via summary (total 258756):

-------------------------
 FR_MASTERSLICE         0
            li1    109397
           met1    123050
           met2     21500
           met3      4629
           met4       180
-------------------------
               258756


[INFO DRT-0195] Start 5th optimization iteration.
    Completing 10% with 2456 violations.
    elapsed time = 00:00:10, memory = 3220.12 (MB).
    Completing 20% with 2456 violations.
    elapsed time = 00:00:29, memory = 3359.83 (MB).
    Completing 30% with 1902 violations.
    elapsed time = 00:01:06, memory = 2809.00 (MB).
    Completing 40% with 1902 violations.
    elapsed time = 00:01:34, memory = 3284.68 (MB).
    Completing 50% with 1902 violations.
    elapsed time = 00:02:16, memory = 2836.36 (MB).
    Completing 60% with 1354 violations.
    elapsed time = 00:02:36, memory = 3337.78 (MB).
    Completing 70% with 1354 violations.
    elapsed time = 00:02:42, memory = 3300.32 (MB).
    Completing 80% with 955 violations.
    elapsed time = 00:03:11, memory = 3250.98 (MB).
    Completing 90% with 955 violations.
    elapsed time = 00:03:19, memory = 3253.25 (MB).
    Completing 100% with 704 violations.
    elapsed time = 00:03:52, memory = 2847.41 (MB).
[INFO DRT-0199]   Number of violations = 704.
Viol/Layer        mcon   met1   met2
Cut Spacing          7      0      0
Metal Spacing        0    356     14
Short                0    320      7
[INFO DRT-0267] cpu time = 00:18:16, elapsed time = 00:03:53, memory = 2784.29 (MB), peak = 3436.27 (MB)
Total wire length = 1287431 um.
Total wire length on LAYER li1 = 0 um.
Total wire length on LAYER met1 = 444415 um.
Total wire length on LAYER met2 = 502454 um.
Total wire length on LAYER met3 = 222069 um.
Total wire length on LAYER met4 = 116041 um.
Total wire length on LAYER met5 = 2450 um.
Total number of vias = 258705.
Up-via summary (total 258705):

-------------------------
 FR_MASTERSLICE         0
            li1    109395
           met1    122790
           met2     21681
           met3      4659
           met4       180
-------------------------
               258705


[INFO DRT-0195] Start 6th optimization iteration.
    Completing 10% with 704 violations.
    elapsed time = 00:00:09, memory = 3222.24 (MB).
    Completing 20% with 704 violations.
    elapsed time = 00:00:23, memory = 3245.12 (MB).
    Completing 30% with 595 violations.
    elapsed time = 00:00:59, memory = 2784.29 (MB).
    Completing 40% with 595 violations.
    elapsed time = 00:01:06, memory = 3243.23 (MB).
    Completing 50% with 595 violations.
    elapsed time = 00:01:42, memory = 2784.29 (MB).
    Completing 60% with 484 violations.
    elapsed time = 00:01:44, memory = 3174.53 (MB).
    Completing 70% with 484 violations.
    elapsed time = 00:01:46, memory = 3254.73 (MB).
    Completing 80% with 373 violations.
    elapsed time = 00:01:55, memory = 2746.36 (MB).
    Completing 90% with 373 violations.
    elapsed time = 00:02:04, memory = 3200.97 (MB).
    Completing 100% with 296 violations.
    elapsed time = 00:02:14, memory = 2746.36 (MB).
[INFO DRT-0199]   Number of violations = 296.
Viol/Layer        mcon   met1   met2
Cut Spacing          3      0      0
Metal Spacing        0    147      6
Short                0    139      1
[INFO DRT-0267] cpu time = 00:11:03, elapsed time = 00:02:15, memory = 2746.36 (MB), peak = 3436.27 (MB)
Total wire length = 1287346 um.
Total wire length on LAYER li1 = 0 um.
Total wire length on LAYER met1 = 444132 um.
Total wire length on LAYER met2 = 502299 um.
Total wire length on LAYER met3 = 222241 um.
Total wire length on LAYER met4 = 116234 um.
Total wire length on LAYER met5 = 2438 um.
Total number of vias = 258758.
Up-via summary (total 258758):

-------------------------
 FR_MASTERSLICE         0
            li1    109393
           met1    122804
           met2     21702
           met3      4681
           met4       178
-------------------------
               258758


[INFO DRT-0195] Start 7th optimization iteration.
    Completing 10% with 296 violations.
    elapsed time = 00:00:00, memory = 2746.36 (MB).
    Completing 20% with 296 violations.
    elapsed time = 00:00:02, memory = 3226.54 (MB).
    Completing 30% with 252 violations.
    elapsed time = 00:00:19, memory = 2746.36 (MB).
    Completing 40% with 252 violations.
    elapsed time = 00:00:19, memory = 2954.15 (MB).
    Completing 50% with 252 violations.
    elapsed time = 00:00:23, memory = 3138.16 (MB).
    Completing 60% with 222 violations.
    elapsed time = 00:00:40, memory = 2746.36 (MB).
    Completing 70% with 222 violations.
    elapsed time = 00:00:40, memory = 2855.09 (MB).
    Completing 80% with 205 violations.
    elapsed time = 00:01:09, memory = 2746.36 (MB).
    Completing 90% with 205 violations.
    elapsed time = 00:01:11, memory = 3211.37 (MB).
    Completing 100% with 166 violations.
    elapsed time = 00:01:29, memory = 2746.36 (MB).
[INFO DRT-0199]   Number of violations = 166.
Viol/Layer        mcon   met1   met2
Cut Spacing          1      0      0
Metal Spacing        0     90      5
Short                0     69      1
[INFO DRT-0267] cpu time = 00:06:12, elapsed time = 00:01:29, memory = 2746.36 (MB), peak = 3436.27 (MB)
Total wire length = 1287374 um.
Total wire length on LAYER li1 = 0 um.
Total wire length on LAYER met1 = 443976 um.
Total wire length on LAYER met2 = 502280 um.
Total wire length on LAYER met3 = 222337 um.
Total wire length on LAYER met4 = 116341 um.
Total wire length on LAYER met5 = 2438 um.
Total number of vias = 258781.
Up-via summary (total 258781):

-------------------------
 FR_MASTERSLICE         0
            li1    109393
           met1    122825
           met2     21695
           met3      4690
           met4       178
-------------------------
               258781


[INFO DRT-0195] Start 8th optimization iteration.
    Completing 10% with 166 violations.
    elapsed time = 00:00:00, memory = 2746.36 (MB).
    Completing 20% with 166 violations.
    elapsed time = 00:00:00, memory = 2746.36 (MB).
    Completing 30% with 141 violations.
    elapsed time = 00:00:13, memory = 2748.71 (MB).
    Completing 40% with 141 violations.
    elapsed time = 00:00:13, memory = 2748.71 (MB).
    Completing 50% with 141 violations.
    elapsed time = 00:00:13, memory = 2748.71 (MB).
    Completing 60% with 133 violations.
    elapsed time = 00:00:41, memory = 2748.71 (MB).
    Completing 70% with 133 violations.
    elapsed time = 00:00:44, memory = 3580.27 (MB).
    Completing 80% with 125 violations.
    elapsed time = 00:01:29, memory = 2748.71 (MB).
    Completing 90% with 125 violations.
    elapsed time = 00:01:29, memory = 2760.27 (MB).
    Completing 100% with 123 violations.
    elapsed time = 00:01:52, memory = 2748.71 (MB).
[INFO DRT-0199]   Number of violations = 123.
Viol/Layer        met1   met2
Metal Spacing       67      3
Short               52      1
[INFO DRT-0267] cpu time = 00:07:58, elapsed time = 00:01:52, memory = 2748.71 (MB), peak = 3669.13 (MB)
Total wire length = 1287410 um.
Total wire length on LAYER li1 = 0 um.
Total wire length on LAYER met1 = 443828 um.
Total wire length on LAYER met2 = 502314 um.
Total wire length on LAYER met3 = 222509 um.
Total wire length on LAYER met4 = 116319 um.
Total wire length on LAYER met5 = 2438 um.
Total number of vias = 258765.
Up-via summary (total 258765):

-------------------------
 FR_MASTERSLICE         0
            li1    109393
           met1    122803
           met2     21704
           met3      4687
           met4       178
-------------------------
               258765


[INFO DRT-0195] Start 9th optimization iteration.
    Completing 10% with 123 violations.
    elapsed time = 00:00:00, memory = 2748.71 (MB).
    Completing 20% with 123 violations.
    elapsed time = 00:00:00, memory = 2748.71 (MB).
    Completing 30% with 115 violations.
    elapsed time = 00:00:28, memory = 2748.71 (MB).
    Completing 40% with 115 violations.
    elapsed time = 00:00:28, memory = 2748.71 (MB).
    Completing 50% with 115 violations.
    elapsed time = 00:00:28, memory = 2748.71 (MB).
    Completing 60% with 101 violations.
    elapsed time = 00:00:46, memory = 2748.71 (MB).
    Completing 70% with 101 violations.
    elapsed time = 00:00:46, memory = 2748.71 (MB).
    Completing 80% with 90 violations.
    elapsed time = 00:01:01, memory = 2748.71 (MB).
    Completing 90% with 90 violations.
    elapsed time = 00:01:01, memory = 2748.71 (MB).
    Completing 100% with 79 violations.
    elapsed time = 00:01:22, memory = 2748.71 (MB).
[INFO DRT-0199]   Number of violations = 79.
Viol/Layer        met1   met2
Metal Spacing       45      8
Short               25      1
[INFO DRT-0267] cpu time = 00:04:20, elapsed time = 00:01:22, memory = 2748.71 (MB), peak = 3669.13 (MB)
Total wire length = 1287369 um.
Total wire length on LAYER li1 = 0 um.
Total wire length on LAYER met1 = 443807 um.
Total wire length on LAYER met2 = 502300 um.
Total wire length on LAYER met3 = 222493 um.
Total wire length on LAYER met4 = 116329 um.
Total wire length on LAYER met5 = 2438 um.
Total number of vias = 258746.
Up-via summary (total 258746):

-------------------------
 FR_MASTERSLICE         0
            li1    109393
           met1    122783
           met2     21703
           met3      4689
           met4       178
-------------------------
               258746


[INFO DRT-0195] Start 10th guides tiles iteration.
    Completing 10% with 79 violations.
    elapsed time = 00:00:00, memory = 2748.71 (MB).
    Completing 20% with 79 violations.
    elapsed time = 00:00:00, memory = 2748.71 (MB).
    Completing 30% with 79 violations.
    elapsed time = 00:00:00, memory = 2748.71 (MB).
    Completing 40% with 79 violations.
    elapsed time = 00:00:00, memory = 2748.71 (MB).
    Completing 50% with 79 violations.
    elapsed time = 00:00:01, memory = 2748.71 (MB).
    Completing 60% with 17 violations.
    elapsed time = 00:00:02, memory = 2748.71 (MB).
    Completing 70% with 17 violations.
    elapsed time = 00:00:02, memory = 2748.71 (MB).
    Completing 80% with 17 violations.
    elapsed time = 00:00:02, memory = 2748.71 (MB).
    Completing 90% with 17 violations.
    elapsed time = 00:00:04, memory = 2748.71 (MB).
    Completing 100% with 12 violations.
    elapsed time = 00:00:05, memory = 2748.71 (MB).
[INFO DRT-0199]   Number of violations = 12.
Viol/Layer        met1   met2
Metal Spacing        1      0
Short               10      1
[INFO DRT-0267] cpu time = 00:00:11, elapsed time = 00:00:05, memory = 2748.71 (MB), peak = 3669.13 (MB)
Total wire length = 1287366 um.
Total wire length on LAYER li1 = 0 um.
Total wire length on LAYER met1 = 443761 um.
Total wire length on LAYER met2 = 502294 um.
Total wire length on LAYER met3 = 222537 um.
Total wire length on LAYER met4 = 116334 um.
Total wire length on LAYER met5 = 2438 um.
Total number of vias = 258755.
Up-via summary (total 258755):

-------------------------
 FR_MASTERSLICE         0
            li1    109393
           met1    122786
           met2     21708
           met3      4690
           met4       178
-------------------------
               258755


[INFO DRT-0195] Start 11th guides tiles iteration.
    Completing 10% with 12 violations.
    elapsed time = 00:00:00, memory = 2748.71 (MB).
    Completing 30% with 12 violations.
    elapsed time = 00:00:00, memory = 2748.71 (MB).
    Completing 50% with 12 violations.
    elapsed time = 00:00:01, memory = 2748.71 (MB).
    Completing 60% with 12 violations.
    elapsed time = 00:00:01, memory = 2748.71 (MB).
    Completing 80% with 12 violations.
    elapsed time = 00:00:01, memory = 2748.71 (MB).
    Completing 100% with 12 violations.
    elapsed time = 00:00:03, memory = 2748.71 (MB).
[INFO DRT-0199]   Number of violations = 12.
Viol/Layer        met1   met2
Metal Spacing        1      0
Short               10      1
[INFO DRT-0267] cpu time = 00:00:04, elapsed time = 00:00:03, memory = 2748.71 (MB), peak = 3669.13 (MB)
Total wire length = 1287366 um.
Total wire length on LAYER li1 = 0 um.
Total wire length on LAYER met1 = 443761 um.
Total wire length on LAYER met2 = 502294 um.
Total wire length on LAYER met3 = 222537 um.
Total wire length on LAYER met4 = 116334 um.
Total wire length on LAYER met5 = 2438 um.
Total number of vias = 258755.
Up-via summary (total 258755):

-------------------------
 FR_MASTERSLICE         0
            li1    109393
           met1    122786
           met2     21708
           met3      4690
           met4       178
-------------------------
               258755


[INFO DRT-0195] Start 12th stubborn tiles iteration.
    Completing 10% with 12 violations.
    elapsed time = 00:00:21, memory = 3336.68 (MB).
    Completing 20% with 12 violations.
    elapsed time = 00:00:37, memory = 3305.53 (MB).
    Completing 30% with 12 violations.
    elapsed time = 00:01:03, memory = 3280.06 (MB).
    Completing 40% with 12 violations.
    elapsed time = 00:01:14, memory = 3344.12 (MB).
    Completing 50% with 12 violations.
    elapsed time = 00:01:25, memory = 3604.71 (MB).
    Completing 60% with 12 violations.
    elapsed time = 00:01:32, memory = 3774.09 (MB).
    Completing 70% with 12 violations.
    elapsed time = 00:01:36, memory = 3893.48 (MB).
    Completing 80% with 12 violations.
    elapsed time = 00:01:38, memory = 3972.51 (MB).
    Completing 90% with 12 violations.
    elapsed time = 00:01:40, memory = 4130.60 (MB).
    Completing 100% with 0 violations.
    elapsed time = 00:01:42, memory = 3739.61 (MB).
[INFO DRT-0199]   Number of violations = 0.
[INFO DRT-0267] cpu time = 00:17:44, elapsed time = 00:01:42, memory = 3739.61 (MB), peak = 4258.88 (MB)
Total wire length = 1287382 um.
Total wire length on LAYER li1 = 0 um.
Total wire length on LAYER met1 = 443743 um.
Total wire length on LAYER met2 = 502310 um.
Total wire length on LAYER met3 = 222555 um.
Total wire length on LAYER met4 = 116334 um.
Total wire length on LAYER met5 = 2438 um.
Total number of vias = 258763.
Up-via summary (total 258763):

-------------------------
 FR_MASTERSLICE         0
            li1    109393
           met1    122787
           met2     21715
           met3      4690
           met4       178
-------------------------
               258763


[INFO DRT-0198] Complete detail routing.
Total wire length = 1287382 um.
Total wire length on LAYER li1 = 0 um.
Total wire length on LAYER met1 = 443743 um.
Total wire length on LAYER met2 = 502310 um.
Total wire length on LAYER met3 = 222555 um.
Total wire length on LAYER met4 = 116334 um.
Total wire length on LAYER met5 = 2438 um.
Total number of vias = 258763.
Up-via summary (total 258763):

-------------------------
 FR_MASTERSLICE         0
            li1    109393
           met1    122787
           met2     21715
           met3      4690
           met4       178
-------------------------
               258763


[INFO DRT-0267] cpu time = 07:17:38, elapsed time = 01:31:53, memory = 3739.61 (MB), peak = 4258.88 (MB)

[INFO DRT-0180] Post processing.
[INFO DRT-0501] Runtime: 5611.23s
Took 5897 seconds: detailed_route -output_drc /root/cac_runs/ntt_dp_20ns/reports/sky130hd/cac_ntt_dp_20ns/base/5_route_drc.rpt -output_maze /root/cac_runs/ntt_dp_20ns/results/sky130hd/cac_ntt_dp_20ns/base/maze.log -droute_end_iter 64 -verbose 1 -drc_report_iter_step 5
[INFO GRT-0012] Found 62 antenna violations.
[INFO DPL-0006] Core area: 569088.30 um^2
[INFO DPL-0007] Movable instances area: 0.00 um^2
[INFO DPL-0008] Fixed instances area within core: 287623.35 um^2
[INFO DPL-0009] Utilization: 50.5%
[INFO DPL-0005] Diamond search max displacement: +/- 500 sites horizontally, +/- 100 rows vertically.
[INFO DPL-1102] Legalizing using negotiation legalizer.
[INFO DPL-1103] Negotiation base search window: +/-20 sites horizontally, +/-5 rows vertically 
	Automatic search window extension enabled.
	Search window extendable up to the max displacement cap of +/-500 sites, +/-100 rows near walls.
[INFO DPL-1104] NegotiationLegalizer DRC penalty: 5.
[INFO DPL-0392] Negotiation cell height distribution (1 unique row-count(s)):
[INFO DPL-0393]   height 1 row(s): 37699 cells
[INFO DPL-0500] Runtime: 0.18s
[INFO GRT-0015] Inserted 99 diodes.
[WARNING DRT-0120] Large net net3393 has 109 pins which may impact routing performance. Consider optimization.
[WARNING DRT-0120] Large net net3383 has 110 pins which may impact routing performance. Consider optimization.
[WARNING DRT-0120] Large net net3225 has 122 pins which may impact routing performance. Consider optimization.
[WARNING DRT-0120] Large net net3224 has 121 pins which may impact routing performance. Consider optimization.
[WARNING DRT-0120] Large net net3658 has 117 pins which may impact routing performance. Consider optimization.
[WARNING DRT-0120] Large net net3650 has 106 pins which may impact routing performance. Consider optimization.
[WARNING DRT-0120] Large net net3628 has 141 pins which may impact routing performance. Consider optimization.
[WARNING DRT-0120] Large net net3619 has 117 pins which may impact routing performance. Consider optimization.
[WARNING DRT-0120] Large net net3531 has 112 pins which may impact routing performance. Consider optimization.
[WARNING DRT-0120] Large net net3505 has 105 pins which may impact routing performance. Consider optimization.
[WARNING DRT-0120] Large net net3498 has 101 pins which may impact routing performance. Consider optimization.
[WARNING DRT-0120] Large net net3485 has 117 pins which may impact routing performance. Consider optimization.
[WARNING DRT-0120] Large net net3456 has 114 pins which may impact routing performance. Consider optimization.
[WARNING DRT-0120] Large net net3356 has 130 pins which may impact routing performance. Consider optimization.
[WARNING DRT-0120] Large net net3359 has 108 pins which may impact routing performance. Consider optimization.
[WARNING DRT-0120] Large net net3210 has 112 pins which may impact routing performance. Consider optimization.
[INFO DRT-0024]   Complete FR_MASTERSLICE.
[INFO DRT-0024]   Complete Fr_VIA.
[INFO DRT-0024]   Complete li1.
[INFO DRT-0024]   Complete mcon.
[INFO DRT-0024]   Complete met1.
[INFO DRT-0024]   Complete via.
[INFO DRT-0024]   Complete met2.
[INFO DRT-0024]   Complete via2.
[INFO DRT-0024]   Complete met3.
[INFO DRT-0024]   Complete via3.
[INFO DRT-0024]   Complete met4.
[INFO DRT-0024]   Complete via4.
[INFO DRT-0024]   Complete met5.
[INFO DRT-0165] Start pin access.
[INFO DRT-0076]   Complete 1000 pins.
[INFO DRT-0076]   Complete 2000 pins.
[INFO DRT-0078]   Complete 2291 pins.
[INFO DRT-0079]   Complete 100 unique inst patterns.
[INFO DRT-0079]   Complete 200 unique inst patterns.
[INFO DRT-0081]   Complete 284 unique inst patterns.
[INFO DRT-0082]   Complete 10000 groups.
[INFO DRT-0084]   Complete 18845 groups.
#scanned instances     = 37699
#unique  instances     = 284
#stdCellGenAp          = 10386
#stdCellValidPlanarAp  = 150
#stdCellValidViaAp     = 6700
#stdCellPinNoAp        = 10
#stdCellPinCnt         = 109283
#instTermValidViaApCnt = 0
#macroGenAp            = 0
#macroValidPlanarAp    = 0
#macroValidViaAp       = 0
#macroNoAp             = 0
[INFO DRT-0166] Complete pin access.
[INFO DRT-0267] cpu time = 00:18:34, elapsed time = 00:01:51, memory = 2730.79 (MB), peak = 4258.88 (MB)
[INFO DRT-0156] guideIn read 100000 guides.
[INFO DRT-0156] guideIn read 200000 guides.

[INFO DRT-0157] Number of guides:     261189

[INFO DRT-0169] Post process guides.
[INFO DRT-0176] GCELLGRID X 0 DO 109 STEP 6900 ;
[INFO DRT-0177] GCELLGRID Y 0 DO 109 STEP 6900 ;
[INFO DRT-0026]   Complete 100000 origin guides.
[INFO DRT-0026]   Complete 200000 origin guides.
[INFO DRT-0028]   Complete FR_MASTERSLICE.
[INFO DRT-0028]   Complete Fr_VIA.
[INFO DRT-0028]   Complete li1.
[INFO DRT-0028]   Complete mcon.
[INFO DRT-0028]   Complete met1.
[INFO DRT-0028]   Complete via.
[INFO DRT-0028]   Complete met2.
[INFO DRT-0028]   Complete via2.
[INFO DRT-0028]   Complete met3.
[INFO DRT-0028]   Complete via3.
[INFO DRT-0028]   Complete met4.
[INFO DRT-0028]   Complete via4.
[INFO DRT-0028]   Complete met5.
[INFO DRT-0178] Init guide query.
[INFO DRT-0035]   Complete FR_MASTERSLICE (guide).
[INFO DRT-0035]   Complete Fr_VIA (guide).
[INFO DRT-0035]   Complete li1 (guide).
[INFO DRT-0035]   Complete mcon (guide).
[INFO DRT-0035]   Complete met1 (guide).
[INFO DRT-0035]   Complete via (guide).
[INFO DRT-0035]   Complete met2 (guide).
[INFO DRT-0035]   Complete via2 (guide).
[INFO DRT-0035]   Complete met3 (guide).
[INFO DRT-0035]   Complete via3 (guide).
[INFO DRT-0035]   Complete met4 (guide).
[INFO DRT-0035]   Complete via4 (guide).
[INFO DRT-0035]   Complete met5 (guide).
[INFO DRT-0036] FR_MASTERSLICE guide region query size = 0.
[INFO DRT-0036] FR_VIA guide region query size = 0.
[INFO DRT-0036] li1 guide region query size = 87825.
[INFO DRT-0036] mcon guide region query size = 0.
[INFO DRT-0036] met1 guide region query size = 75722.
[INFO DRT-0036] via guide region query size = 0.
[INFO DRT-0036] met2 guide region query size = 40620.
[INFO DRT-0036] via2 guide region query size = 0.
[INFO DRT-0036] met3 guide region query size = 4249.
[INFO DRT-0036] via3 guide region query size = 0.
[INFO DRT-0036] met4 guide region query size = 2048.
[INFO DRT-0036] via4 guide region query size = 0.
[INFO DRT-0036] met5 guide region query size = 78.
[INFO DRT-0179] Init gr pin query.
[INFO DRT-0267] cpu time = 00:00:01, elapsed time = 00:00:00, memory = 2730.79 (MB), peak = 4258.88 (MB)
[INFO DRT-0245] skipped writing guide updates to database.
[INFO DRT-0181] Start track assignment.
[INFO DRT-0184] Done with 130493 vertical wires in 3 frboxes and 80049 horizontal wires in 3 frboxes.
[INFO DRT-0186] Done with 19376 vertical wires in 3 frboxes and 33941 horizontal wires in 3 frboxes.
[INFO DRT-0182] Complete track assignment.
[INFO DRT-0267] cpu time = 00:00:15, elapsed time = 00:00:09, memory = 2795.34 (MB), peak = 4258.88 (MB)
[INFO DRT-0187] Start routing data preparation.
[INFO DRT-0267] cpu time = 00:00:00, elapsed time = 00:00:00, memory = 2795.34 (MB), peak = 4258.88 (MB)
[INFO DRT-0194] Start detail routing.
[INFO DRT-0195] Start 0th optimization iteration.
    Completing 10% with 0 violations.
    elapsed time = 00:00:22, memory = 3246.43 (MB).
    Completing 20% with 0 violations.
    elapsed time = 00:00:52, memory = 3256.06 (MB).
    Completing 30% with 5746 violations.
    elapsed time = 00:01:09, memory = 3184.10 (MB).
    Completing 40% with 5746 violations.
    elapsed time = 00:01:54, memory = 3187.31 (MB).
    Completing 50% with 5746 violations.
    elapsed time = 00:02:16, memory = 2829.39 (MB).
    Completing 60% with 10786 violations.
    elapsed time = 00:02:39, memory = 3295.74 (MB).
    Completing 70% with 10786 violations.
    elapsed time = 00:02:51, memory = 3158.74 (MB).
    Completing 80% with 16050 violations.
    elapsed time = 00:03:02, memory = 3332.84 (MB).
    Completing 90% with 16050 violations.
    elapsed time = 00:03:29, memory = 3432.96 (MB).
    Completing 100% with 20451 violations.
    elapsed time = 00:03:42, memory = 2984.32 (MB).
[INFO DRT-0199]   Number of violations = 21559.
Viol/Layer         li1   mcon   met1    via   met2   met3   via3   met4   met5
Cut Spacing          0      6      0      1      0      0      0      0      0
Metal Spacing        0      0   1973      0   1078     20      0      5      6
Min Hole             0      0      3      0      1      0      0      0      0
NS Metal             0      0      1      0      0      0      0      0      0
Recheck              1      0    604      0    430     31      0     36      6
Short                0      4  11970     20   5279     52      1     31      0
[INFO DRT-0267] cpu time = 00:25:58, elapsed time = 00:03:42, memory = 3140.73 (MB), peak = 4258.88 (MB)
Total wire length = 1292741 um.
Total wire length on LAYER li1 = 0 um.
Total wire length on LAYER met1 = 477183 um.
Total wire length on LAYER met2 = 519524 um.
Total wire length on LAYER met3 = 192294 um.
Total wire length on LAYER met4 = 101752 um.
Total wire length on LAYER met5 = 1985 um.
Total number of vias = 258697.
Up-via summary (total 258697):

-------------------------
 FR_MASTERSLICE         0
            li1    109524
           met1    124998
           met2     19852
           met3      4197
           met4       126
-------------------------
               258697


[INFO DRT-0195] Start 1st optimization iteration.
    Completing 10% with 21559 violations.
    elapsed time = 00:00:25, memory = 3582.96 (MB).
    Completing 20% with 21559 violations.
    elapsed time = 00:00:49, memory = 3582.34 (MB).
    Completing 30% with 20394 violations.
    elapsed time = 00:01:02, memory = 3511.42 (MB).
    Completing 40% with 20394 violations.
    elapsed time = 00:01:27, memory = 3569.77 (MB).
    Completing 50% with 20394 violations.
    elapsed time = 00:01:40, memory = 3154.59 (MB).
    Completing 60% with 18875 violations.
    elapsed time = 00:02:13, memory = 3504.59 (MB).
    Completing 70% with 18875 violations.
    elapsed time = 00:02:31, memory = 3564.97 (MB).
    Completing 80% with 17627 violations.
    elapsed time = 00:02:49, memory = 3611.83 (MB).
    Completing 90% with 17627 violations.
    elapsed time = 00:03:18, memory = 3630.36 (MB).
    Completing 100% with 15772 violations.
    elapsed time = 00:03:30, memory = 3221.00 (MB).
[INFO DRT-0199]   Number of violations = 15772.
Viol/Layer        mcon   met1    via   met2   met3   met4
Cut Spacing          2      0      0      0      0      0
Metal Spacing        0   2369      0   1127      3      2
Min Hole             0      1      0      0      0      0
NS Metal             0      1      0      0      0      0
Short                0   9736      3   2520      7      1
[INFO DRT-0267] cpu time = 00:20:52, elapsed time = 00:03:30, memory = 3221.12 (MB), peak = 4258.88 (MB)
Total wire length = 1290130 um.
Total wire length on LAYER li1 = 0 um.
Total wire length on LAYER met1 = 474444 um.
Total wire length on LAYER met2 = 517871 um.
Total wire length on LAYER met3 = 193865 um.
Total wire length on LAYER met4 = 101973 um.
Total wire length on LAYER met5 = 1974 um.
Total number of vias = 257961.
Up-via summary (total 257961):

-------------------------
 FR_MASTERSLICE         0
            li1    109525
           met1    124199
           met2     19918
           met3      4193
           met4       126
-------------------------
               257961


[INFO DRT-0195] Start 2nd optimization iteration.
    Completing 10% with 15772 violations.
    elapsed time = 00:00:12, memory = 3523.75 (MB).
    Completing 20% with 15772 violations.
    elapsed time = 00:00:32, memory = 3557.56 (MB).
    Completing 30% with 15555 violations.
    elapsed time = 00:00:50, memory = 3590.38 (MB).
    Completing 40% with 15555 violations.
    elapsed time = 00:01:19, memory = 3609.39 (MB).
    Completing 50% with 15555 violations.
    elapsed time = 00:01:30, memory = 3227.65 (MB).
    Completing 60% with 15103 violations.
    elapsed time = 00:02:00, memory = 3643.82 (MB).
    Completing 70% with 15103 violations.
    elapsed time = 00:02:13, memory = 3595.04 (MB).
    Completing 80% with 14784 violations.
    elapsed time = 00:02:25, memory = 3571.36 (MB).
    Completing 90% with 14784 violations.
    elapsed time = 00:02:49, memory = 3560.95 (MB).
    Completing 100% with 14557 violations.
    elapsed time = 00:03:06, memory = 3227.97 (MB).
[INFO DRT-0199]   Number of violations = 14557.
Viol/Layer        mcon   met1    via   met2   met3   met4
Cut Spacing          1      0      1      0      0      0
Metal Spacing        0   2286      0   1026      9      3
Short                0   8754      1   2467      7      2
[INFO DRT-0267] cpu time = 00:18:53, elapsed time = 00:03:07, memory = 3190.73 (MB), peak = 4258.88 (MB)
Total wire length = 1289744 um.
Total wire length on LAYER li1 = 0 um.
Total wire length on LAYER met1 = 474007 um.
Total wire length on LAYER met2 = 517800 um.
Total wire length on LAYER met3 = 194097 um.
Total wire length on LAYER met4 = 101876 um.
Total wire length on LAYER met5 = 1962 um.
Total number of vias = 257880.
Up-via summary (total 257880):

-------------------------
 FR_MASTERSLICE         0
            li1    109522
           met1    124127
           met2     19921
           met3      4186
           met4       124
-------------------------
               257880


[INFO DRT-0195] Start 3rd optimization iteration.
    Completing 10% with 14557 violations.
    elapsed time = 00:00:51, memory = 3586.61 (MB).
    Completing 20% with 14557 violations.
    elapsed time = 00:01:30, memory = 3625.10 (MB).
    Completing 30% with 11620 violations.
    elapsed time = 00:01:59, memory = 3434.16 (MB).
    Completing 40% with 11620 violations.
    elapsed time = 00:03:15, memory = 3636.47 (MB).
    Completing 50% with 11620 violations.
    elapsed time = 00:03:55, memory = 3236.16 (MB).
    Completing 60% with 9315 violations.
    elapsed time = 00:04:39, memory = 3609.77 (MB).
    Completing 70% with 9315 violations.
    elapsed time = 00:05:17, memory = 3611.33 (MB).
    Completing 80% with 5993 violations.
    elapsed time = 00:06:07, memory = 3579.36 (MB).
    Completing 90% with 5993 violations.
    elapsed time = 00:07:07, memory = 3704.46 (MB).
    Completing 100% with 3623 violations.
    elapsed time = 00:07:47, memory = 3237.29 (MB).
[INFO DRT-0199]   Number of violations = 3623.
Viol/Layer        mcon   met1    via   met2   met3
Cut Spacing         10      0      2      0      0
Metal Spacing        0   1077      0    303      9
Min Hole             0      2      0      0      0
NS Metal             0      1      0      0      0
Short                0   1908      0    311      0
[INFO DRT-0267] cpu time = 00:46:05, elapsed time = 00:07:49, memory = 3237.29 (MB), peak = 4258.88 (MB)
Total wire length = 1289482 um.
Total wire length on LAYER li1 = 0 um.
Total wire length on LAYER met1 = 450538 um.
Total wire length on LAYER met2 = 509634 um.
Total wire length on LAYER met3 = 217318 um.
Total wire length on LAYER met4 = 110020 um.
Total wire length on LAYER met5 = 1970 um.
Total number of vias = 261371.
Up-via summary (total 261371):

-------------------------
 FR_MASTERSLICE         0
            li1    109507
           met1    124275
           met2     22654
           met3      4813
           met4       122
-------------------------
               261371


[INFO DRT-0195] Start 4th optimization iteration.
    Completing 10% with 3623 violations.
    elapsed time = 00:00:11, memory = 3497.86 (MB).
    Completing 20% with 3623 violations.
    elapsed time = 00:00:26, memory = 3493.47 (MB).
    Completing 30% with 2736 violations.
    elapsed time = 00:00:47, memory = 3237.30 (MB).
    Completing 40% with 2736 violations.
    elapsed time = 00:01:01, memory = 3573.89 (MB).
    Completing 50% with 2736 violations.
    elapsed time = 00:01:34, memory = 3237.30 (MB).
    Completing 60% with 1963 violations.
    elapsed time = 00:01:45, memory = 3469.50 (MB).
    Completing 70% with 1963 violations.
    elapsed time = 00:01:55, memory = 3468.59 (MB).
    Completing 80% with 1283 violations.
    elapsed time = 00:02:21, memory = 3237.30 (MB).
    Completing 90% with 1283 violations.
    elapsed time = 00:03:54, memory = 3571.99 (MB).
    Completing 100% with 485 violations.
    elapsed time = 00:05:24, memory = 3237.30 (MB).
[INFO DRT-0199]   Number of violations = 485.
Viol/Layer        mcon   met1   met2
Cut Spacing          3      0      0
Metal Spacing        0    226     27
Short                0    198     31
[INFO DRT-0267] cpu time = 00:24:49, elapsed time = 00:05:28, memory = 3123.28 (MB), peak = 4258.88 (MB)
Total wire length = 1289316 um.
Total wire length on LAYER li1 = 0 um.
Total wire length on LAYER met1 = 447314 um.
Total wire length on LAYER met2 = 508478 um.
Total wire length on LAYER met3 = 220383 um.
Total wire length on LAYER met4 = 111170 um.
Total wire length on LAYER met5 = 1970 um.
Total number of vias = 261592.
Up-via summary (total 261592):

-------------------------
 FR_MASTERSLICE         0
            li1    109504
           met1    124201
           met2     22876
           met3      4889
           met4       122
-------------------------
               261592


[INFO DRT-0195] Start 5th optimization iteration.
    Completing 10% with 485 violations.
    elapsed time = 00:00:00, memory = 3123.28 (MB).
    Completing 20% with 485 violations.
    elapsed time = 00:00:23, memory = 3409.18 (MB).
    Completing 30% with 327 violations.
    elapsed time = 00:01:30, memory = 3123.28 (MB).
    Completing 40% with 327 violations.
    elapsed time = 00:01:30, memory = 3123.28 (MB).
    Completing 50% with 327 violations.
    elapsed time = 00:01:55, memory = 3123.28 (MB).
    Completing 60% with 274 violations.
    elapsed time = 00:01:55, memory = 3123.28 (MB).
    Completing 70% with 274 violations.
    elapsed time = 00:01:57, memory = 3407.58 (MB).
    Completing 80% with 239 violations.
    elapsed time = 00:02:04, memory = 3123.28 (MB).
    Completing 90% with 239 violations.
    elapsed time = 00:02:04, memory = 3123.30 (MB).
    Completing 100% with 168 violations.
    elapsed time = 00:02:27, memory = 3123.28 (MB).
[INFO DRT-0199]   Number of violations = 168.
Viol/Layer        mcon   met1   met2
Cut Spacing          3      0      0
Metal Spacing        0     89      5
Short                0     64      7
[INFO DRT-0267] cpu time = 00:09:11, elapsed time = 00:02:27, memory = 3123.28 (MB), peak = 4258.88 (MB)
Total wire length = 1289314 um.
Total wire length on LAYER li1 = 0 um.
Total wire length on LAYER met1 = 447046 um.
Total wire length on LAYER met2 = 508277 um.
Total wire length on LAYER met3 = 220667 um.
Total wire length on LAYER met4 = 111353 um.
Total wire length on LAYER met5 = 1970 um.
Total number of vias = 261602.
Up-via summary (total 261602):

-------------------------
 FR_MASTERSLICE         0
            li1    109506
           met1    124167
           met2     22912
           met3      4895
           met4       122
-------------------------
               261602


[INFO DRT-0195] Start 6th optimization iteration.
    Completing 10% with 168 violations.
    elapsed time = 00:00:00, memory = 3123.28 (MB).
    Completing 20% with 168 violations.
    elapsed time = 00:00:00, memory = 3123.28 (MB).
    Completing 30% with 136 violations.
    elapsed time = 00:00:24, memory = 3123.28 (MB).
    Completing 40% with 136 violations.
    elapsed time = 00:00:24, memory = 3123.28 (MB).
    Completing 50% with 136 violations.
    elapsed time = 00:00:38, memory = 3123.28 (MB).
    Completing 60% with 107 violations.
    elapsed time = 00:00:38, memory = 3123.28 (MB).
    Completing 70% with 107 violations.
    elapsed time = 00:00:38, memory = 3123.28 (MB).
    Completing 80% with 93 violations.
    elapsed time = 00:01:04, memory = 3123.28 (MB).
    Completing 90% with 93 violations.
    elapsed time = 00:01:04, memory = 3123.28 (MB).
    Completing 100% with 74 violations.
    elapsed time = 00:01:20, memory = 3123.28 (MB).
[INFO DRT-0199]   Number of violations = 74.
Viol/Layer        met1   met2
Metal Spacing       37      7
Short               23      7
[INFO DRT-0267] cpu time = 00:02:50, elapsed time = 00:01:21, memory = 3123.28 (MB), peak = 4258.88 (MB)
Total wire length = 1289295 um.
Total wire length on LAYER li1 = 0 um.
Total wire length on LAYER met1 = 446903 um.
Total wire length on LAYER met2 = 508244 um.
Total wire length on LAYER met3 = 220804 um.
Total wire length on LAYER met4 = 111373 um.
Total wire length on LAYER met5 = 1970 um.
Total number of vias = 261571.
Up-via summary (total 261571):

-------------------------
 FR_MASTERSLICE         0
            li1    109506
           met1    124128
           met2     22919
           met3      4896
           met4       122
-------------------------
               261571


[INFO DRT-0195] Start 7th guides tiles iteration.
    Completing 10% with 74 violations.
    elapsed time = 00:00:00, memory = 3123.28 (MB).
    Completing 20% with 74 violations.
    elapsed time = 00:00:00, memory = 3123.28 (MB).
    Completing 30% with 74 violations.
    elapsed time = 00:00:00, memory = 3123.28 (MB).
    Completing 40% with 74 violations.
    elapsed time = 00:00:01, memory = 3123.28 (MB).
    Completing 50% with 74 violations.
    elapsed time = 00:00:02, memory = 3123.28 (MB).
    Completing 60% with 27 violations.
    elapsed time = 00:00:02, memory = 3123.28 (MB).
    Completing 70% with 27 violations.
    elapsed time = 00:00:02, memory = 3123.28 (MB).
    Completing 80% with 27 violations.
    elapsed time = 00:00:02, memory = 3123.28 (MB).
    Completing 90% with 27 violations.
    elapsed time = 00:00:02, memory = 3123.28 (MB).
    Completing 100% with 18 violations.
    elapsed time = 00:00:02, memory = 3123.28 (MB).
[INFO DRT-0199]   Number of violations = 18.
Viol/Layer        met1
Metal Spacing        9
Short                9
[INFO DRT-0267] cpu time = 00:00:10, elapsed time = 00:00:02, memory = 3123.28 (MB), peak = 4258.88 (MB)
Total wire length = 1289298 um.
Total wire length on LAYER li1 = 0 um.
Total wire length on LAYER met1 = 446895 um.
Total wire length on LAYER met2 = 508237 um.
Total wire length on LAYER met3 = 220822 um.
Total wire length on LAYER met4 = 111373 um.
Total wire length on LAYER met5 = 1970 um.
Total number of vias = 261578.
Up-via summary (total 261578):

-------------------------
 FR_MASTERSLICE         0
            li1    109506
           met1    124136
           met2     22925
           met3      4889
           met4       122
-------------------------
               261578


[INFO DRT-0195] Start 8th guides tiles iteration.
    Completing 10% with 18 violations.
    elapsed time = 00:00:00, memory = 3123.28 (MB).
    Completing 20% with 18 violations.
    elapsed time = 00:00:00, memory = 3123.28 (MB).
    Completing 30% with 18 violations.
    elapsed time = 00:00:00, memory = 3123.28 (MB).
    Completing 40% with 18 violations.
    elapsed time = 00:00:00, memory = 3123.28 (MB).
    Completing 50% with 18 violations.
    elapsed time = 00:00:00, memory = 3123.28 (MB).
    Completing 60% with 4 violations.
    elapsed time = 00:00:01, memory = 3123.28 (MB).
    Completing 70% with 4 violations.
    elapsed time = 00:00:01, memory = 3123.28 (MB).
    Completing 80% with 4 violations.
    elapsed time = 00:00:01, memory = 3123.28 (MB).
    Completing 100% with 2 violations.
    elapsed time = 00:00:01, memory = 3123.28 (MB).
[INFO DRT-0199]   Number of violations = 2.
Viol/Layer        met1
Metal Spacing        2
[INFO DRT-0267] cpu time = 00:00:04, elapsed time = 00:00:01, memory = 3123.28 (MB), peak = 4258.88 (MB)
Total wire length = 1289311 um.
Total wire length on LAYER li1 = 0 um.
Total wire length on LAYER met1 = 446884 um.
Total wire length on LAYER met2 = 508262 um.
Total wire length on LAYER met3 = 220829 um.
Total wire length on LAYER met4 = 111364 um.
Total wire length on LAYER met5 = 1970 um.
Total number of vias = 261594.
Up-via summary (total 261594):

-------------------------
 FR_MASTERSLICE         0
            li1    109506
           met1    124147
           met2     22928
           met3      4891
           met4       122
-------------------------
               261594


[INFO DRT-0195] Start 9th guides tiles iteration.
    Completing 30% with 2 violations.
    elapsed time = 00:00:00, memory = 3123.28 (MB).
    Completing 60% with 2 violations.
    elapsed time = 00:00:00, memory = 3123.28 (MB).
    Completing 100% with 2 violations.
    elapsed time = 00:00:01, memory = 3123.28 (MB).
[INFO DRT-0199]   Number of violations = 2.
Viol/Layer        met1
Metal Spacing        2
[INFO DRT-0267] cpu time = 00:00:01, elapsed time = 00:00:01, memory = 3123.28 (MB), peak = 4258.88 (MB)
Total wire length = 1289311 um.
Total wire length on LAYER li1 = 0 um.
Total wire length on LAYER met1 = 446884 um.
Total wire length on LAYER met2 = 508262 um.
Total wire length on LAYER met3 = 220829 um.
Total wire length on LAYER met4 = 111364 um.
Total wire length on LAYER met5 = 1970 um.
Total number of vias = 261594.
Up-via summary (total 261594):

-------------------------
 FR_MASTERSLICE         0
            li1    109506
           met1    124147
           met2     22928
           met3      4891
           met4       122
-------------------------
               261594


[INFO DRT-0195] Start 10th guides tiles iteration.
    Completing 30% with 2 violations.
    elapsed time = 00:00:00, memory = 3123.28 (MB).
    Completing 60% with 2 violations.
    elapsed time = 00:00:00, memory = 3123.28 (MB).
    Completing 100% with 2 violations.
    elapsed time = 00:00:00, memory = 3123.28 (MB).
[INFO DRT-0199]   Number of violations = 2.
Viol/Layer        met1
Metal Spacing        2
[INFO DRT-0267] cpu time = 00:00:00, elapsed time = 00:00:00, memory = 3123.28 (MB), peak = 4258.88 (MB)
Total wire length = 1289311 um.
Total wire length on LAYER li1 = 0 um.
Total wire length on LAYER met1 = 446884 um.
Total wire length on LAYER met2 = 508262 um.
Total wire length on LAYER met3 = 220829 um.
Total wire length on LAYER met4 = 111364 um.
Total wire length on LAYER met5 = 1970 um.
Total number of vias = 261594.
Up-via summary (total 261594):

-------------------------
 FR_MASTERSLICE         0
            li1    109506
           met1    124147
           met2     22928
           met3      4891
           met4       122
-------------------------
               261594


[INFO DRT-0195] Start 11th stubborn tiles iteration.
    Completing 10% with 2 violations.
    elapsed time = 00:00:02, memory = 3450.55 (MB).
    Completing 20% with 2 violations.
    elapsed time = 00:00:05, memory = 3417.29 (MB).
    Completing 30% with 2 violations.
    elapsed time = 00:00:09, memory = 3345.30 (MB).
    Completing 40% with 2 violations.
    elapsed time = 00:00:15, memory = 3387.84 (MB).
    Completing 50% with 2 violations.
    elapsed time = 00:00:31, memory = 3478.89 (MB).
    Completing 60% with 2 violations.
    elapsed time = 00:00:38, memory = 3591.00 (MB).
    Completing 70% with 2 violations.
    elapsed time = 00:00:55, memory = 3855.50 (MB).
    Completing 80% with 2 violations.
    elapsed time = 00:01:18, memory = 3859.26 (MB).
    Completing 90% with 2 violations.
    elapsed time = 00:01:42, memory = 3991.54 (MB).
    Completing 100% with 0 violations.
    elapsed time = 00:02:24, memory = 3640.75 (MB).
[INFO DRT-0199]   Number of violations = 0.
[INFO DRT-0267] cpu time = 00:12:16, elapsed time = 00:02:24, memory = 3640.75 (MB), peak = 4258.88 (MB)
Total wire length = 1289298 um.
Total wire length on LAYER li1 = 0 um.
Total wire length on LAYER met1 = 446889 um.
Total wire length on LAYER met2 = 508264 um.
Total wire length on LAYER met3 = 220809 um.
Total wire length on LAYER met4 = 111364 um.
Total wire length on LAYER met5 = 1970 um.
Total number of vias = 261592.
Up-via summary (total 261592):

-------------------------
 FR_MASTERSLICE         0
            li1    109506
           met1    124149
           met2     22924
           met3      4891
           met4       122
-------------------------
               261592


[INFO DRT-0198] Complete detail routing.
Total wire length = 1289298 um.
Total wire length on LAYER li1 = 0 um.
Total wire length on LAYER met1 = 446889 um.
Total wire length on LAYER met2 = 508264 um.
Total wire length on LAYER met3 = 220809 um.
Total wire length on LAYER met4 = 111364 um.
Total wire length on LAYER met5 = 1970 um.
Total number of vias = 261592.
Up-via summary (total 261592):

-------------------------
 FR_MASTERSLICE         0
            li1    109506
           met1    124149
           met2     22924
           met3      4891
           met4       122
-------------------------
               261592


[INFO DRT-0267] cpu time = 02:41:16, elapsed time = 00:29:58, memory = 3640.75 (MB), peak = 4258.88 (MB)

[INFO DRT-0180] Post processing.
[INFO DRT-0501] Runtime: 1825.51s
[INFO ANT-0002] Found 13 net violations.
[INFO ANT-0001] Found 21 pin violations.
[INFO GRT-0012] Found 13 antenna violations.
[INFO DPL-0006] Core area: 569088.30 um^2
[INFO DPL-0007] Movable instances area: 0.00 um^2
[INFO DPL-0008] Fixed instances area within core: 287675.90 um^2
[INFO DPL-0009] Utilization: 50.6%
[INFO DPL-0005] Diamond search max displacement: +/- 500 sites horizontally, +/- 100 rows vertically.
[INFO DPL-1102] Legalizing using negotiation legalizer.
[INFO DPL-1103] Negotiation base search window: +/-20 sites horizontally, +/-5 rows vertically 
	Automatic search window extension enabled.
	Search window extendable up to the max displacement cap of +/-500 sites, +/-100 rows near walls.
[INFO DPL-1104] NegotiationLegalizer DRC penalty: 5.
[INFO DPL-0392] Negotiation cell height distribution (1 unique row-count(s)):
[INFO DPL-0393]   height 1 row(s): 37720 cells
[INFO DPL-0500] Runtime: 0.38s
[INFO GRT-0015] Inserted 21 diodes.
[WARNING DRT-0120] Large net net3393 has 109 pins which may impact routing performance. Consider optimization.
[WARNING DRT-0120] Large net net3383 has 110 pins which may impact routing performance. Consider optimization.
[WARNING DRT-0120] Large net net3225 has 122 pins which may impact routing performance. Consider optimization.
[WARNING DRT-0120] Large net net3224 has 121 pins which may impact routing performance. Consider optimization.
[WARNING DRT-0120] Large net net3658 has 117 pins which may impact routing performance. Consider optimization.
[WARNING DRT-0120] Large net net3650 has 106 pins which may impact routing performance. Consider optimization.
[WARNING DRT-0120] Large net net3628 has 141 pins which may impact routing performance. Consider optimization.
[WARNING DRT-0120] Large net net3619 has 117 pins which may impact routing performance. Consider optimization.
[WARNING DRT-0120] Large net net3531 has 112 pins which may impact routing performance. Consider optimization.
[WARNING DRT-0120] Large net net3505 has 105 pins which may impact routing performance. Consider optimization.
[WARNING DRT-0120] Large net net3498 has 101 pins which may impact routing performance. Consider optimization.
[WARNING DRT-0120] Large net net3485 has 117 pins which may impact routing performance. Consider optimization.
[WARNING DRT-0120] Large net net3456 has 114 pins which may impact routing performance. Consider optimization.
[WARNING DRT-0120] Large net net3356 has 130 pins which may impact routing performance. Consider optimization.
[WARNING DRT-0120] Large net net3359 has 108 pins which may impact routing performance. Consider optimization.
[WARNING DRT-0120] Large net net3210 has 112 pins which may impact routing performance. Consider optimization.
[INFO DRT-0024]   Complete FR_MASTERSLICE.
[INFO DRT-0024]   Complete Fr_VIA.
[INFO DRT-0024]   Complete li1.
[INFO DRT-0024]   Complete mcon.
[INFO DRT-0024]   Complete met1.
[INFO DRT-0024]   Complete via.
[INFO DRT-0024]   Complete met2.
[INFO DRT-0024]   Complete via2.
[INFO DRT-0024]   Complete met3.
[INFO DRT-0024]   Complete via3.
[INFO DRT-0024]   Complete met4.
[INFO DRT-0024]   Complete via4.
[INFO DRT-0024]   Complete met5.
[INFO DRT-0165] Start pin access.
[INFO DRT-0076]   Complete 1000 pins.
[INFO DRT-0076]   Complete 2000 pins.
[INFO DRT-0078]   Complete 2291 pins.
[INFO DRT-0079]   Complete 100 unique inst patterns.
[INFO DRT-0079]   Complete 200 unique inst patterns.
[INFO DRT-0081]   Complete 284 unique inst patterns.
[INFO DRT-0082]   Complete 10000 groups.
[INFO DRT-0084]   Complete 18847 groups.
#scanned instances     = 37720
#unique  instances     = 284
#stdCellGenAp          = 10386
#stdCellValidPlanarAp  = 150
#stdCellValidViaAp     = 6700
#stdCellPinNoAp        = 10
#stdCellPinCnt         = 109283
#instTermValidViaApCnt = 0
#macroGenAp            = 0
#macroValidPlanarAp    = 0
#macroValidViaAp       = 0
#macroNoAp             = 0
[INFO DRT-0166] Complete pin access.
[INFO DRT-0267] cpu time = 00:19:26, elapsed time = 00:02:49, memory = 3641.74 (MB), peak = 4258.88 (MB)
[INFO DRT-0156] guideIn read 100000 guides.
[INFO DRT-0156] guideIn read 200000 guides.

[INFO DRT-0157] Number of guides:     261019

[INFO DRT-0169] Post process guides.
[INFO DRT-0176] GCELLGRID X 0 DO 109 STEP 6900 ;
[INFO DRT-0177] GCELLGRID Y 0 DO 109 STEP 6900 ;
[INFO DRT-0026]   Complete 100000 origin guides.
[INFO DRT-0026]   Complete 200000 origin guides.
[INFO DRT-0028]   Complete FR_MASTERSLICE.
[INFO DRT-0028]   Complete Fr_VIA.
[INFO DRT-0028]   Complete li1.
[INFO DRT-0028]   Complete mcon.
[INFO DRT-0028]   Complete met1.
[INFO DRT-0028]   Complete via.
[INFO DRT-0028]   Complete met2.
[INFO DRT-0028]   Complete via2.
[INFO DRT-0028]   Complete met3.
[INFO DRT-0028]   Complete via3.
[INFO DRT-0028]   Complete met4.
[INFO DRT-0028]   Complete via4.
[INFO DRT-0028]   Complete met5.
[INFO DRT-0178] Init guide query.
[INFO DRT-0035]   Complete FR_MASTERSLICE (guide).
[INFO DRT-0035]   Complete Fr_VIA (guide).
[INFO DRT-0035]   Complete li1 (guide).
[INFO DRT-0035]   Complete mcon (guide).
[INFO DRT-0035]   Complete met1 (guide).
[INFO DRT-0035]   Complete via (guide).
[INFO DRT-0035]   Complete met2 (guide).
[INFO DRT-0035]   Complete via2 (guide).
[INFO DRT-0035]   Complete met3 (guide).
[INFO DRT-0035]   Complete via3 (guide).
[INFO DRT-0035]   Complete met4 (guide).
[INFO DRT-0035]   Complete via4 (guide).
[INFO DRT-0035]   Complete met5 (guide).
[INFO DRT-0036] FR_MASTERSLICE guide region query size = 0.
[INFO DRT-0036] FR_VIA guide region query size = 0.
[INFO DRT-0036] li1 guide region query size = 87833.
[INFO DRT-0036] mcon guide region query size = 0.
[INFO DRT-0036] met1 guide region query size = 75710.
[INFO DRT-0036] via guide region query size = 0.
[INFO DRT-0036] met2 guide region query size = 40594.
[INFO DRT-0036] via2 guide region query size = 0.
[INFO DRT-0036] met3 guide region query size = 4195.
[INFO DRT-0036] via3 guide region query size = 0.
[INFO DRT-0036] met4 guide region query size = 2019.
[INFO DRT-0036] via4 guide region query size = 0.
[INFO DRT-0036] met5 guide region query size = 74.
[INFO DRT-0179] Init gr pin query.
[INFO DRT-0267] cpu time = 00:00:02, elapsed time = 00:00:01, memory = 3641.74 (MB), peak = 4258.88 (MB)
[INFO DRT-0245] skipped writing guide updates to database.
[INFO DRT-0181] Start track assignment.
[INFO DRT-0184] Done with 130446 vertical wires in 3 frboxes and 79979 horizontal wires in 3 frboxes.
[INFO DRT-0186] Done with 19308 vertical wires in 3 frboxes and 34005 horizontal wires in 3 frboxes.
[INFO DRT-0182] Complete track assignment.
[INFO DRT-0267] cpu time = 00:00:26, elapsed time = 00:00:17, memory = 3641.74 (MB), peak = 4258.88 (MB)
[INFO DRT-0187] Start routing data preparation.
[INFO DRT-0267] cpu time = 00:00:00, elapsed time = 00:00:00, memory = 3641.74 (MB), peak = 4258.88 (MB)
[INFO DRT-0194] Start detail routing.
[INFO DRT-0195] Start 0th optimization iteration.
    Completing 10% with 0 violations.
    elapsed time = 00:00:10, memory = 3865.12 (MB).
    Completing 20% with 0 violations.
    elapsed time = 00:00:17, memory = 3825.68 (MB).
    Completing 30% with 1912 violations.
    elapsed time = 00:00:33, memory = 3822.07 (MB).
    Completing 40% with 1912 violations.
    elapsed time = 00:00:45, memory = 3838.19 (MB).
    Completing 50% with 1912 violations.
    elapsed time = 00:00:51, memory = 3649.04 (MB).
    Completing 60% with 3417 violations.
    elapsed time = 00:01:03, memory = 3935.52 (MB).
    Completing 70% with 3417 violations.
    elapsed time = 00:01:09, memory = 3787.93 (MB).
    Completing 80% with 5121 violations.
    elapsed time = 00:01:16, memory = 4042.68 (MB).
    Completing 90% with 5121 violations.
    elapsed time = 00:01:23, memory = 3807.83 (MB).
    Completing 100% with 6471 violations.
    elapsed time = 00:01:28, memory = 3649.04 (MB).
[INFO DRT-0199]   Number of violations = 6772.
Viol/Layer        mcon   met1    via   met2   met3   met4
Metal Spacing        0    486      0    385      3      3
Min Hole             0      1      0      0      0      0
Recheck              0    154      0    107      8     32
Short                1   3858      1   1703     24      6
[INFO DRT-0267] cpu time = 00:09:16, elapsed time = 00:01:28, memory = 3649.04 (MB), peak = 4258.88 (MB)
Total wire length = 1290311 um.
Total wire length on LAYER li1 = 0 um.
Total wire length on LAYER met1 = 455813 um.
Total wire length on LAYER met2 = 512253 um.
Total wire length on LAYER met3 = 212437 um.
Total wire length on LAYER met4 = 107869 um.
Total wire length on LAYER met5 = 1938 um.
Total number of vias = 260808.
Up-via summary (total 260808):

-------------------------
 FR_MASTERSLICE         0
            li1    109538
           met1    124278
           met2     22188
           met3      4686
           met4       118
-------------------------
               260808


[INFO DRT-0195] Start 1st optimization iteration.
    Completing 10% with 6772 violations.
    elapsed time = 00:00:06, memory = 3940.37 (MB).
    Completing 20% with 6772 violations.
    elapsed time = 00:00:11, memory = 3928.97 (MB).
    Completing 30% with 6618 violations.
    elapsed time = 00:00:15, memory = 3916.27 (MB).
    Completing 40% with 6618 violations.
    elapsed time = 00:00:21, memory = 3939.68 (MB).
    Completing 50% with 6618 violations.
    elapsed time = 00:00:24, memory = 3649.04 (MB).
    Completing 60% with 6735 violations.
    elapsed time = 00:00:29, memory = 4079.10 (MB).
    Completing 70% with 6735 violations.
    elapsed time = 00:00:33, memory = 3912.80 (MB).
    Completing 80% with 6624 violations.
    elapsed time = 00:00:46, memory = 3967.02 (MB).
    Completing 90% with 6624 violations.
    elapsed time = 00:00:55, memory = 3935.86 (MB).
    Completing 100% with 6359 violations.
    elapsed time = 00:01:07, memory = 3649.83 (MB).
[INFO DRT-0199]   Number of violations = 6359.
Viol/Layer        met1    via   met2
Cut Spacing          0      1      0
Metal Spacing      903      0    471
Short             3966      0   1018
[INFO DRT-0267] cpu time = 00:07:48, elapsed time = 00:01:07, memory = 3649.83 (MB), peak = 4258.88 (MB)
Total wire length = 1289912 um.
Total wire length on LAYER li1 = 0 um.
Total wire length on LAYER met1 = 455393 um.
Total wire length on LAYER met2 = 511836 um.
Total wire length on LAYER met3 = 212768 um.
Total wire length on LAYER met4 = 107984 um.
Total wire length on LAYER met5 = 1929 um.
Total number of vias = 260754.
Up-via summary (total 260754):

-------------------------
 FR_MASTERSLICE         0
            li1    109540
           met1    124162
           met2     22239
           met3      4695
           met4       118
-------------------------
               260754


[INFO DRT-0195] Start 2nd optimization iteration.
    Completing 10% with 6359 violations.
    elapsed time = 00:00:09, memory = 4041.93 (MB).
    Completing 20% with 6359 violations.
    elapsed time = 00:00:13, memory = 4131.47 (MB).
    Completing 30% with 6356 violations.
    elapsed time = 00:00:27, memory = 4054.75 (MB).
    Completing 40% with 6356 violations.
    elapsed time = 00:00:35, memory = 4022.41 (MB).
    Completing 50% with 6356 violations.
    elapsed time = 00:00:42, memory = 3649.83 (MB).
    Completing 60% with 6147 violations.
    elapsed time = 00:00:51, memory = 4037.78 (MB).
    Completing 70% with 6147 violations.
    elapsed time = 00:00:54, memory = 4029.29 (MB).
    Completing 80% with 5869 violations.
    elapsed time = 00:01:15, memory = 4093.12 (MB).
    Completing 90% with 5869 violations.
    elapsed time = 00:01:22, memory = 4005.73 (MB).
    Completing 100% with 5809 violations.
    elapsed time = 00:01:30, memory = 3649.83 (MB).
[INFO DRT-0199]   Number of violations = 5809.
Viol/Layer        met1    via   met2
Cut Spacing          0      1      0
Metal Spacing      836      0    428
Short             3558      0    986
[INFO DRT-0267] cpu time = 00:06:20, elapsed time = 00:01:30, memory = 3649.83 (MB), peak = 4258.88 (MB)
Total wire length = 1289874 um.
Total wire length on LAYER li1 = 0 um.
Total wire length on LAYER met1 = 455223 um.
Total wire length on LAYER met2 = 511836 um.
Total wire length on LAYER met3 = 212904 um.
Total wire length on LAYER met4 = 107992 um.
Total wire length on LAYER met5 = 1917 um.
Total number of vias = 260748.
Up-via summary (total 260748):

-------------------------
 FR_MASTERSLICE         0
            li1    109541
           met1    124148
           met2     22249
           met3      4694
           met4       116
-------------------------
               260748


[INFO DRT-0195] Start 3rd optimization iteration.
    Completing 10% with 5809 violations.
    elapsed time = 00:00:18, memory = 3991.48 (MB).
    Completing 20% with 5809 violations.
    elapsed time = 00:00:29, memory = 4078.35 (MB).
    Completing 30% with 4350 violations.
    elapsed time = 00:00:58, memory = 3966.37 (MB).
    Completing 40% with 4350 violations.
    elapsed time = 00:01:24, memory = 4119.97 (MB).
    Completing 50% with 4350 violations.
    elapsed time = 00:01:49, memory = 3649.83 (MB).
    Completing 60% with 3334 violations.
    elapsed time = 00:02:13, memory = 4007.39 (MB).
    Completing 70% with 3334 violations.
    elapsed time = 00:02:16, memory = 3972.36 (MB).
    Completing 80% with 2008 violations.
    elapsed time = 00:03:17, memory = 4053.35 (MB).
    Completing 90% with 2008 violations.
    elapsed time = 00:03:40, memory = 4032.06 (MB).
    Completing 100% with 1165 violations.
    elapsed time = 00:04:04, memory = 3649.83 (MB).
[INFO DRT-0199]   Number of violations = 1165.
Viol/Layer        mcon   met1    via   met2   met3
Cut Spacing          1      0      2      0      0
Metal Spacing        0    333      0    168      6
Min Hole             0      2      0      0      0
NS Metal             0      2      0      0      0
Short                0    494      0    157      0
[INFO DRT-0267] cpu time = 00:19:51, elapsed time = 00:04:04, memory = 3649.83 (MB), peak = 4258.88 (MB)
Total wire length = 1289794 um.
Total wire length on LAYER li1 = 0 um.
Total wire length on LAYER met1 = 447857 um.
Total wire length on LAYER met2 = 508629 um.
Total wire length on LAYER met3 = 220137 um.
Total wire length on LAYER met4 = 111266 um.
Total wire length on LAYER met5 = 1903 um.
Total number of vias = 262000.
Up-via summary (total 262000):

-------------------------
 FR_MASTERSLICE         0
            li1    109541
           met1    124240
           met2     23176
           met3      4929
           met4       114
-------------------------
               262000


[INFO DRT-0195] Start 4th optimization iteration.
    Completing 10% with 1165 violations.
    elapsed time = 00:00:01, memory = 4025.70 (MB).
    Completing 20% with 1165 violations.
    elapsed time = 00:00:02, memory = 3942.70 (MB).
    Completing 30% with 872 violations.
    elapsed time = 00:00:36, memory = 3649.83 (MB).
    Completing 40% with 872 violations.
    elapsed time = 00:00:39, memory = 4029.98 (MB).
    Completing 50% with 872 violations.
    elapsed time = 00:00:53, memory = 3649.83 (MB).
    Completing 60% with 678 violations.
    elapsed time = 00:00:53, memory = 3649.83 (MB).
    Completing 70% with 678 violations.
    elapsed time = 00:00:55, memory = 3928.08 (MB).
    Completing 80% with 381 violations.
    elapsed time = 00:01:08, memory = 3649.89 (MB).
    Completing 90% with 381 violations.
    elapsed time = 00:01:11, memory = 3885.77 (MB).
    Completing 100% with 188 violations.
    elapsed time = 00:01:23, memory = 3649.89 (MB).
[INFO DRT-0199]   Number of violations = 188.
Viol/Layer        mcon   met1   met2
Cut Spacing          1      0      0
Metal Spacing        0     69     17
Short                0     83     18
[INFO DRT-0267] cpu time = 00:04:43, elapsed time = 00:01:23, memory = 3649.89 (MB), peak = 4258.88 (MB)
Total wire length = 1289639 um.
Total wire length on LAYER li1 = 0 um.
Total wire length on LAYER met1 = 446721 um.
Total wire length on LAYER met2 = 508088 um.
Total wire length on LAYER met3 = 221093 um.
Total wire length on LAYER met4 = 111832 um.
Total wire length on LAYER met5 = 1903 um.
Total number of vias = 262055.
Up-via summary (total 262055):

-------------------------
 FR_MASTERSLICE         0
            li1    109540
           met1    124157
           met2     23275
           met3      4969
           met4       114
-------------------------
               262055


[INFO DRT-0195] Start 5th optimization iteration.
    Completing 10% with 188 violations.
    elapsed time = 00:00:00, memory = 3649.89 (MB).
    Completing 20% with 188 violations.
    elapsed time = 00:00:00, memory = 3649.89 (MB).
    Completing 30% with 111 violations.
    elapsed time = 00:00:20, memory = 3649.89 (MB).
    Completing 40% with 111 violations.
    elapsed time = 00:00:20, memory = 3649.89 (MB).
    Completing 50% with 111 violations.
    elapsed time = 00:00:45, memory = 3649.89 (MB).
    Completing 60% with 78 violations.
    elapsed time = 00:00:45, memory = 3649.89 (MB).
    Completing 70% with 78 violations.
    elapsed time = 00:00:45, memory = 3649.89 (MB).
    Completing 80% with 66 violations.
    elapsed time = 00:00:49, memory = 3649.89 (MB).
    Completing 90% with 66 violations.
    elapsed time = 00:00:49, memory = 3649.89 (MB).
    Completing 100% with 38 violations.
    elapsed time = 00:01:11, memory = 3649.89 (MB).
[INFO DRT-0199]   Number of violations = 38.
Viol/Layer        met1   met2
Metal Spacing       15      0
Short               20      3
[INFO DRT-0267] cpu time = 00:02:27, elapsed time = 00:01:12, memory = 3649.89 (MB), peak = 4258.88 (MB)
Total wire length = 1289611 um.
Total wire length on LAYER li1 = 0 um.
Total wire length on LAYER met1 = 446718 um.
Total wire length on LAYER met2 = 508065 um.
Total wire length on LAYER met3 = 221107 um.
Total wire length on LAYER met4 = 111815 um.
Total wire length on LAYER met5 = 1903 um.
Total number of vias = 262033.
Up-via summary (total 262033):

-------------------------
 FR_MASTERSLICE         0
            li1    109542
           met1    124150
           met2     23259
           met3      4968
           met4       114
-------------------------
               262033


[INFO DRT-0195] Start 6th guides tiles iteration.
    Completing 10% with 38 violations.
    elapsed time = 00:00:00, memory = 3708.04 (MB).
    Completing 20% with 38 violations.
    elapsed time = 00:00:00, memory = 3708.04 (MB).
    Completing 30% with 38 violations.
    elapsed time = 00:00:00, memory = 3708.04 (MB).
    Completing 40% with 38 violations.
    elapsed time = 00:00:00, memory = 3708.04 (MB).
    Completing 50% with 38 violations.
    elapsed time = 00:00:13, memory = 3649.89 (MB).
    Completing 60% with 24 violations.
    elapsed time = 00:00:13, memory = 3649.89 (MB).
    Completing 70% with 24 violations.
    elapsed time = 00:00:13, memory = 3649.89 (MB).
    Completing 80% with 24 violations.
    elapsed time = 00:00:13, memory = 3649.89 (MB).
    Completing 90% with 24 violations.
    elapsed time = 00:00:15, memory = 3649.89 (MB).
    Completing 100% with 13 violations.
    elapsed time = 00:00:15, memory = 3649.89 (MB).
[INFO DRT-0199]   Number of violations = 13.
Viol/Layer        met1   met2
Metal Spacing        3      0
Short                7      3
[INFO DRT-0267] cpu time = 00:00:19, elapsed time = 00:00:15, memory = 3649.89 (MB), peak = 4258.88 (MB)
Total wire length = 1289617 um.
Total wire length on LAYER li1 = 0 um.
Total wire length on LAYER met1 = 446718 um.
Total wire length on LAYER met2 = 508064 um.
Total wire length on LAYER met3 = 221114 um.
Total wire length on LAYER met4 = 111815 um.
Total wire length on LAYER met5 = 1903 um.
Total number of vias = 262039.
Up-via summary (total 262039):

-------------------------
 FR_MASTERSLICE         0
            li1    109542
           met1    124155
           met2     23260
           met3      4968
           met4       114
-------------------------
               262039


[INFO DRT-0195] Start 7th guides tiles iteration.
    Completing 10% with 13 violations.
    elapsed time = 00:00:00, memory = 3708.04 (MB).
    Completing 20% with 13 violations.
    elapsed time = 00:00:00, memory = 3708.04 (MB).
    Completing 40% with 13 violations.
    elapsed time = 00:00:00, memory = 3708.04 (MB).
    Completing 50% with 13 violations.
    elapsed time = 00:00:15, memory = 3649.89 (MB).
    Completing 70% with 12 violations.
    elapsed time = 00:00:15, memory = 3649.89 (MB).
    Completing 80% with 12 violations.
    elapsed time = 00:00:15, memory = 3649.89 (MB).
    Completing 100% with 12 violations.
    elapsed time = 00:00:17, memory = 3649.89 (MB).
[INFO DRT-0199]   Number of violations = 12.
Viol/Layer        met1   met2
Metal Spacing        3      0
Short                6      3
[INFO DRT-0267] cpu time = 00:00:16, elapsed time = 00:00:17, memory = 3649.89 (MB), peak = 4258.88 (MB)
Total wire length = 1289617 um.
Total wire length on LAYER li1 = 0 um.
Total wire length on LAYER met1 = 446717 um.
Total wire length on LAYER met2 = 508066 um.
Total wire length on LAYER met3 = 221114 um.
Total wire length on LAYER met4 = 111815 um.
Total wire length on LAYER met5 = 1903 um.
Total number of vias = 262039.
Up-via summary (total 262039):

-------------------------
 FR_MASTERSLICE         0
            li1    109542
           met1    124155
           met2     23260
           met3      4968
           met4       114
-------------------------
               262039


[INFO DRT-0195] Start 8th guides tiles iteration.
    Completing 20% with 12 violations.
    elapsed time = 00:00:00, memory = 3708.04 (MB).
    Completing 40% with 12 violations.
    elapsed time = 00:00:00, memory = 3708.04 (MB).
    Completing 60% with 12 violations.
    elapsed time = 00:00:11, memory = 3649.89 (MB).
    Completing 80% with 12 violations.
    elapsed time = 00:00:11, memory = 3649.89 (MB).
    Completing 100% with 12 violations.
    elapsed time = 00:00:12, memory = 3649.89 (MB).
[INFO DRT-0199]   Number of violations = 12.
Viol/Layer        met1   met2
Metal Spacing        3      0
Short                6      3
[INFO DRT-0267] cpu time = 00:00:13, elapsed time = 00:00:12, memory = 3649.89 (MB), peak = 4258.88 (MB)
Total wire length = 1289617 um.
Total wire length on LAYER li1 = 0 um.
Total wire length on LAYER met1 = 446717 um.
Total wire length on LAYER met2 = 508066 um.
Total wire length on LAYER met3 = 221114 um.
Total wire length on LAYER met4 = 111815 um.
Total wire length on LAYER met5 = 1903 um.
Total number of vias = 262039.
Up-via summary (total 262039):

-------------------------
 FR_MASTERSLICE         0
            li1    109542
           met1    124155
           met2     23260
           met3      4968
           met4       114
-------------------------
               262039


[INFO DRT-0195] Start 9th stubborn tiles iteration.
    Completing 10% with 12 violations.
    elapsed time = 00:00:17, memory = 3949.45 (MB).
    Completing 20% with 12 violations.
    elapsed time = 00:00:28, memory = 4004.53 (MB).
    Completing 30% with 12 violations.
    elapsed time = 00:00:58, memory = 4029.49 (MB).
    Completing 40% with 12 violations.
    elapsed time = 00:01:09, memory = 4082.52 (MB).
    Completing 50% with 12 violations.
    elapsed time = 00:01:27, memory = 4153.54 (MB).
    Completing 60% with 12 violations.
    elapsed time = 00:01:40, memory = 4364.03 (MB).
    Completing 70% with 12 violations.
    elapsed time = 00:02:02, memory = 4610.36 (MB).
    Completing 80% with 12 violations.
    elapsed time = 00:02:28, memory = 4735.60 (MB).
    Completing 90% with 12 violations.
    elapsed time = 00:02:43, memory = 4837.91 (MB).
    Completing 100% with 0 violations.
    elapsed time = 00:03:30, memory = 4426.99 (MB).
[INFO DRT-0199]   Number of violations = 0.
[INFO DRT-0267] cpu time = 00:23:21, elapsed time = 00:03:30, memory = 4426.99 (MB), peak = 4943.77 (MB)
Total wire length = 1289628 um.
Total wire length on LAYER li1 = 0 um.
Total wire length on LAYER met1 = 446693 um.
Total wire length on LAYER met2 = 508021 um.
Total wire length on LAYER met3 = 221141 um.
Total wire length on LAYER met4 = 111868 um.
Total wire length on LAYER met5 = 1903 um.
Total number of vias = 262031.
Up-via summary (total 262031):

-------------------------
 FR_MASTERSLICE         0
            li1    109542
           met1    124141
           met2     23262
           met3      4972
           met4       114
-------------------------
               262031


[INFO DRT-0198] Complete detail routing.
Total wire length = 1289628 um.
Total wire length on LAYER li1 = 0 um.
Total wire length on LAYER met1 = 446693 um.
Total wire length on LAYER met2 = 508021 um.
Total wire length on LAYER met3 = 221141 um.
Total wire length on LAYER met4 = 111868 um.
Total wire length on LAYER met5 = 1903 um.
Total number of vias = 262031.
Up-via summary (total 262031):

-------------------------
 FR_MASTERSLICE         0
            li1    109542
           met1    124141
           met2     23262
           met3      4972
           met4       114
-------------------------
               262031


[INFO DRT-0267] cpu time = 01:14:40, elapsed time = 00:15:05, memory = 4426.99 (MB), peak = 4943.77 (MB)

[INFO DRT-0180] Post processing.
[INFO DRT-0501] Runtime: 1040.44s
[INFO ANT-0002] Found 8 net violations.
[INFO ANT-0001] Found 14 pin violations.
[INFO GRT-0012] Found 8 antenna violations.
[INFO DPL-0006] Core area: 569088.30 um^2
[INFO DPL-0007] Movable instances area: 0.00 um^2
[INFO DPL-0008] Fixed instances area within core: 287710.94 um^2
[INFO DPL-0009] Utilization: 50.6%
[INFO DPL-0005] Diamond search max displacement: +/- 500 sites horizontally, +/- 100 rows vertically.
[INFO DPL-1102] Legalizing using negotiation legalizer.
[INFO DPL-1103] Negotiation base search window: +/-20 sites horizontally, +/-5 rows vertically 
	Automatic search window extension enabled.
	Search window extendable up to the max displacement cap of +/-500 sites, +/-100 rows near walls.
[INFO DPL-1104] NegotiationLegalizer DRC penalty: 5.
[INFO DPL-0392] Negotiation cell height distribution (1 unique row-count(s)):
[INFO DPL-0393]   height 1 row(s): 37734 cells
[INFO DPL-0500] Runtime: 0.36s
[INFO GRT-0015] Inserted 14 diodes.
[WARNING DRT-0120] Large net net3393 has 109 pins which may impact routing performance. Consider optimization.
[WARNING DRT-0120] Large net net3383 has 110 pins which may impact routing performance. Consider optimization.
[WARNING DRT-0120] Large net net3225 has 122 pins which may impact routing performance. Consider optimization.
[WARNING DRT-0120] Large net net3224 has 121 pins which may impact routing performance. Consider optimization.
[WARNING DRT-0120] Large net net3658 has 117 pins which may impact routing performance. Consider optimization.
[WARNING DRT-0120] Large net net3650 has 106 pins which may impact routing performance. Consider optimization.
[WARNING DRT-0120] Large net net3628 has 141 pins which may impact routing performance. Consider optimization.
[WARNING DRT-0120] Large net net3619 has 117 pins which may impact routing performance. Consider optimization.
[WARNING DRT-0120] Large net net3531 has 112 pins which may impact routing performance. Consider optimization.
[WARNING DRT-0120] Large net net3505 has 105 pins which may impact routing performance. Consider optimization.
[WARNING DRT-0120] Large net net3498 has 101 pins which may impact routing performance. Consider optimization.
[WARNING DRT-0120] Large net net3485 has 117 pins which may impact routing performance. Consider optimization.
[WARNING DRT-0120] Large net net3456 has 114 pins which may impact routing performance. Consider optimization.
[WARNING DRT-0120] Large net net3356 has 130 pins which may impact routing performance. Consider optimization.
[WARNING DRT-0120] Large net net3359 has 108 pins which may impact routing performance. Consider optimization.
[WARNING DRT-0120] Large net net3210 has 112 pins which may impact routing performance. Consider optimization.
[INFO DRT-0024]   Complete FR_MASTERSLICE.
[INFO DRT-0024]   Complete Fr_VIA.
[INFO DRT-0024]   Complete li1.
[INFO DRT-0024]   Complete mcon.
[INFO DRT-0024]   Complete met1.
[INFO DRT-0024]   Complete via.
[INFO DRT-0024]   Complete met2.
[INFO DRT-0024]   Complete via2.
[INFO DRT-0024]   Complete met3.
[INFO DRT-0024]   Complete via3.
[INFO DRT-0024]   Complete met4.
[INFO DRT-0024]   Complete via4.
[INFO DRT-0024]   Complete met5.
[INFO DRT-0165] Start pin access.
[INFO DRT-0076]   Complete 1000 pins.
[INFO DRT-0076]   Complete 2000 pins.
[INFO DRT-0078]   Complete 2291 pins.
[INFO DRT-0079]   Complete 100 unique inst patterns.
[INFO DRT-0079]   Complete 200 unique inst patterns.
[INFO DRT-0081]   Complete 284 unique inst patterns.
[INFO DRT-0082]   Complete 10000 groups.
[INFO DRT-0084]   Complete 18849 groups.
#scanned instances     = 37734
#unique  instances     = 284
#stdCellGenAp          = 10386
#stdCellValidPlanarAp  = 150
#stdCellValidViaAp     = 6700
#stdCellPinNoAp        = 10
#stdCellPinCnt         = 109283
#instTermValidViaApCnt = 0
#macroGenAp            = 0
#macroValidPlanarAp    = 0
#macroValidViaAp       = 0
#macroNoAp             = 0
[INFO DRT-0166] Complete pin access.
[INFO DRT-0267] cpu time = 00:19:53, elapsed time = 00:02:43, memory = 4408.96 (MB), peak = 4943.77 (MB)
[INFO DRT-0156] guideIn read 100000 guides.
[INFO DRT-0156] guideIn read 200000 guides.

[INFO DRT-0157] Number of guides:     260984

[INFO DRT-0169] Post process guides.
[INFO DRT-0176] GCELLGRID X 0 DO 109 STEP 6900 ;
[INFO DRT-0177] GCELLGRID Y 0 DO 109 STEP 6900 ;
[INFO DRT-0026]   Complete 100000 origin guides.
[INFO DRT-0026]   Complete 200000 origin guides.
[INFO DRT-0028]   Complete FR_MASTERSLICE.
[INFO DRT-0028]   Complete Fr_VIA.
[INFO DRT-0028]   Complete li1.
[INFO DRT-0028]   Complete mcon.
[INFO DRT-0028]   Complete met1.
[INFO DRT-0028]   Complete via.
[INFO DRT-0028]   Complete met2.
[INFO DRT-0028]   Complete via2.
[INFO DRT-0028]   Complete met3.
[INFO DRT-0028]   Complete via3.
[INFO DRT-0028]   Complete met4.
[INFO DRT-0028]   Complete via4.
[INFO DRT-0028]   Complete met5.
[INFO DRT-0178] Init guide query.
[INFO DRT-0035]   Complete FR_MASTERSLICE (guide).
[INFO DRT-0035]   Complete Fr_VIA (guide).
[INFO DRT-0035]   Complete li1 (guide).
[INFO DRT-0035]   Complete mcon (guide).
[INFO DRT-0035]   Complete met1 (guide).
[INFO DRT-0035]   Complete via (guide).
[INFO DRT-0035]   Complete met2 (guide).
[INFO DRT-0035]   Complete via2 (guide).
[INFO DRT-0035]   Complete met3 (guide).
[INFO DRT-0035]   Complete via3 (guide).
[INFO DRT-0035]   Complete met4 (guide).
[INFO DRT-0035]   Complete via4 (guide).
[INFO DRT-0035]   Complete met5 (guide).
[INFO DRT-0036] FR_MASTERSLICE guide region query size = 0.
[INFO DRT-0036] FR_VIA guide region query size = 0.
[INFO DRT-0036] li1 guide region query size = 87836.
[INFO DRT-0036] mcon guide region query size = 0.
[INFO DRT-0036] met1 guide region query size = 75701.
[INFO DRT-0036] via guide region query size = 0.
[INFO DRT-0036] met2 guide region query size = 40587.
[INFO DRT-0036] via2 guide region query size = 0.
[INFO DRT-0036] met3 guide region query size = 4187.
[INFO DRT-0036] via3 guide region query size = 0.
[INFO DRT-0036] met4 guide region query size = 2017.
[INFO DRT-0036] via4 guide region query size = 0.
[INFO DRT-0036] met5 guide region query size = 74.
[INFO DRT-0179] Init gr pin query.
[INFO DRT-0267] cpu time = 00:00:02, elapsed time = 00:00:01, memory = 4408.96 (MB), peak = 4943.77 (MB)
[INFO DRT-0245] skipped writing guide updates to database.
[INFO DRT-0181] Start track assignment.
[INFO DRT-0184] Done with 130440 vertical wires in 3 frboxes and 79962 horizontal wires in 3 frboxes.
[INFO DRT-0186] Done with 19344 vertical wires in 3 frboxes and 33921 horizontal wires in 3 frboxes.
[INFO DRT-0182] Complete track assignment.
[INFO DRT-0267] cpu time = 00:00:24, elapsed time = 00:00:13, memory = 4408.96 (MB), peak = 4943.77 (MB)
[INFO DRT-0187] Start routing data preparation.
[INFO DRT-0267] cpu time = 00:00:00, elapsed time = 00:00:00, memory = 4408.96 (MB), peak = 4943.77 (MB)
[INFO DRT-0194] Start detail routing.
[INFO DRT-0195] Start 0th optimization iteration.
    Completing 10% with 0 violations.
    elapsed time = 00:00:05, memory = 4750.82 (MB).
    Completing 20% with 0 violations.
    elapsed time = 00:00:09, memory = 4726.38 (MB).
    Completing 30% with 1137 violations.
    elapsed time = 00:00:12, memory = 4730.02 (MB).
    Completing 40% with 1137 violations.
    elapsed time = 00:00:19, memory = 4686.13 (MB).
    Completing 50% with 1137 violations.
    elapsed time = 00:00:25, memory = 4411.01 (MB).
    Completing 60% with 2076 violations.
    elapsed time = 00:00:35, memory = 4797.39 (MB).
    Completing 70% with 2076 violations.
    elapsed time = 00:00:40, memory = 4643.76 (MB).
    Completing 80% with 2923 violations.
    elapsed time = 00:00:46, memory = 4809.76 (MB).
    Completing 90% with 2923 violations.
    elapsed time = 00:00:53, memory = 4738.92 (MB).
    Completing 100% with 3742 violations.
    elapsed time = 00:00:59, memory = 4411.02 (MB).
[INFO DRT-0199]   Number of violations = 3941.
Viol/Layer        mcon   met1    via   met2   met3   met4
Cut Spacing          0      0      2      0      0      0
Metal Spacing        0    338      0    240      1      2
Recheck              0    107      0     87      4      1
Short                1   2081      2   1062     13      0
[INFO DRT-0267] cpu time = 00:07:31, elapsed time = 00:00:59, memory = 4411.02 (MB), peak = 4943.77 (MB)
Total wire length = 1290516 um.
Total wire length on LAYER li1 = 0 um.
Total wire length on LAYER met1 = 452353 um.
Total wire length on LAYER met2 = 510599 um.
Total wire length on LAYER met3 = 215906 um.
Total wire length on LAYER met4 = 109757 um.
Total wire length on LAYER met5 = 1900 um.
Total number of vias = 261646.
Up-via summary (total 261646):

-------------------------
 FR_MASTERSLICE         0
            li1    109567
           met1    124390
           met2     22731
           met3      4844
           met4       114
-------------------------
               261646


[INFO DRT-0195] Start 1st optimization iteration.
    Completing 10% with 3941 violations.
    elapsed time = 00:00:04, memory = 4778.74 (MB).
    Completing 20% with 3941 violations.
    elapsed time = 00:00:08, memory = 4730.89 (MB).
    Completing 30% with 3674 violations.
    elapsed time = 00:00:10, memory = 4788.12 (MB).
    Completing 40% with 3674 violations.
    elapsed time = 00:00:21, memory = 4749.42 (MB).
    Completing 50% with 3674 violations.
    elapsed time = 00:00:28, memory = 4420.40 (MB).
    Completing 60% with 3363 violations.
    elapsed time = 00:00:37, memory = 4785.37 (MB).
    Completing 70% with 3363 violations.
    elapsed time = 00:00:41, memory = 4644.99 (MB).
    Completing 80% with 2943 violations.
    elapsed time = 00:00:44, memory = 4840.04 (MB).
    Completing 90% with 2943 violations.
    elapsed time = 00:00:49, memory = 4658.70 (MB).
    Completing 100% with 2665 violations.
    elapsed time = 00:00:52, memory = 4429.86 (MB).
[INFO DRT-0199]   Number of violations = 2665.
Viol/Layer        met1   met2   met3
Metal Spacing      376    254      0
Short             1619    415      1
[INFO DRT-0267] cpu time = 00:06:30, elapsed time = 00:00:52, memory = 4429.86 (MB), peak = 4943.77 (MB)
Total wire length = 1290042 um.
Total wire length on LAYER li1 = 0 um.
Total wire length on LAYER met1 = 451849 um.
Total wire length on LAYER met2 = 510226 um.
Total wire length on LAYER met3 = 216255 um.
Total wire length on LAYER met4 = 109817 um.
Total wire length on LAYER met5 = 1893 um.
Total number of vias = 261560.
Up-via summary (total 261560):

-------------------------
 FR_MASTERSLICE         0
            li1    109562
           met1    124245
           met2     22789
           met3      4850
           met4       114
-------------------------
               261560


[INFO DRT-0195] Start 2nd optimization iteration.
    Completing 10% with 2665 violations.
    elapsed time = 00:00:05, memory = 4852.33 (MB).
    Completing 20% with 2665 violations.
    elapsed time = 00:00:06, memory = 4793.14 (MB).
    Completing 30% with 2629 violations.
    elapsed time = 00:00:15, memory = 4429.86 (MB).
    Completing 40% with 2629 violations.
    elapsed time = 00:00:23, memory = 4688.57 (MB).
    Completing 50% with 2629 violations.
    elapsed time = 00:00:26, memory = 4429.90 (MB).
    Completing 60% with 2623 violations.
    elapsed time = 00:00:30, memory = 4863.13 (MB).
    Completing 70% with 2623 violations.
    elapsed time = 00:00:31, memory = 4812.02 (MB).
    Completing 80% with 2658 violations.
    elapsed time = 00:00:36, memory = 4868.19 (MB).
    Completing 90% with 2658 violations.
    elapsed time = 00:00:39, memory = 4807.73 (MB).
    Completing 100% with 2600 violations.
    elapsed time = 00:00:42, memory = 4429.90 (MB).
[INFO DRT-0199]   Number of violations = 2600.
Viol/Layer        mcon   met1    via   met2
Cut Spacing          1      0      0      0
Metal Spacing        0    406      0    222
Short                0   1566      1    404
[INFO DRT-0267] cpu time = 00:04:20, elapsed time = 00:00:42, memory = 4429.90 (MB), peak = 4943.77 (MB)
Total wire length = 1289974 um.
Total wire length on LAYER li1 = 0 um.
Total wire length on LAYER met1 = 451795 um.
Total wire length on LAYER met2 = 510251 um.
Total wire length on LAYER met3 = 216213 um.
Total wire length on LAYER met4 = 109810 um.
Total wire length on LAYER met5 = 1903 um.
Total number of vias = 261517.
Up-via summary (total 261517):

-------------------------
 FR_MASTERSLICE         0
            li1    109566
           met1    124219
           met2     22772
           met3      4846
           met4       114
-------------------------
               261517


[INFO DRT-0195] Start 3rd optimization iteration.
    Completing 10% with 2600 violations.
    elapsed time = 00:00:08, memory = 4776.21 (MB).
    Completing 20% with 2600 violations.
    elapsed time = 00:00:12, memory = 4822.09 (MB).
    Completing 30% with 2037 violations.
    elapsed time = 00:00:39, memory = 4437.54 (MB).
    Completing 40% with 2037 violations.
    elapsed time = 00:00:48, memory = 4688.20 (MB).
    Completing 50% with 2037 violations.
    elapsed time = 00:00:57, memory = 4429.90 (MB).
    Completing 60% with 1555 violations.
    elapsed time = 00:01:04, memory = 4718.69 (MB).
    Completing 70% with 1555 violations.
    elapsed time = 00:01:08, memory = 4712.02 (MB).
    Completing 80% with 997 violations.
    elapsed time = 00:01:26, memory = 4858.18 (MB).
    Completing 90% with 997 violations.
    elapsed time = 00:01:34, memory = 4841.86 (MB).
    Completing 100% with 551 violations.
    elapsed time = 00:01:47, memory = 4429.90 (MB).
[INFO DRT-0199]   Number of violations = 551.
Viol/Layer        mcon   met1   met2   met3
Cut Spacing          1      0      0      0
Metal Spacing        0    179     21      6
Short                0    280     45     19
[INFO DRT-0267] cpu time = 00:10:14, elapsed time = 00:01:47, memory = 4429.90 (MB), peak = 4943.77 (MB)
Total wire length = 1290013 um.
Total wire length on LAYER li1 = 0 um.
Total wire length on LAYER met1 = 448021 um.
Total wire length on LAYER met2 = 508410 um.
Total wire length on LAYER met3 = 219998 um.
Total wire length on LAYER met4 = 111679 um.
Total wire length on LAYER met5 = 1903 um.
Total number of vias = 262180.
Up-via summary (total 262180):

-------------------------
 FR_MASTERSLICE         0
            li1    109565
           met1    124227
           met2     23281
           met3      4993
           met4       114
-------------------------
               262180


[INFO DRT-0195] Start 4th optimization iteration.
    Completing 10% with 551 violations.
    elapsed time = 00:00:00, memory = 4429.90 (MB).
    Completing 20% with 551 violations.
    elapsed time = 00:00:01, memory = 4744.18 (MB).
    Completing 30% with 386 violations.
    elapsed time = 00:00:07, memory = 4429.90 (MB).
    Completing 40% with 386 violations.
    elapsed time = 00:00:07, memory = 4486.93 (MB).
    Completing 50% with 386 violations.
    elapsed time = 00:00:22, memory = 4429.90 (MB).
    Completing 60% with 312 violations.
    elapsed time = 00:00:22, memory = 4429.90 (MB).
    Completing 70% with 312 violations.
    elapsed time = 00:00:22, memory = 4430.61 (MB).
    Completing 80% with 209 violations.
    elapsed time = 00:00:46, memory = 4429.90 (MB).
    Completing 90% with 209 violations.
    elapsed time = 00:00:46, memory = 4482.05 (MB).
    Completing 100% with 68 violations.
    elapsed time = 00:00:50, memory = 4429.90 (MB).
[INFO DRT-0199]   Number of violations = 68.
Viol/Layer        met1   met2
Metal Spacing       25      8
Short               31      4
[INFO DRT-0267] cpu time = 00:02:22, elapsed time = 00:00:51, memory = 4429.90 (MB), peak = 4943.77 (MB)
Total wire length = 1289978 um.
Total wire length on LAYER li1 = 0 um.
Total wire length on LAYER met1 = 447405 um.
Total wire length on LAYER met2 = 508372 um.
Total wire length on LAYER met3 = 220506 um.
Total wire length on LAYER met4 = 111789 um.
Total wire length on LAYER met5 = 1903 um.
Total number of vias = 262223.
Up-via summary (total 262223):

-------------------------
 FR_MASTERSLICE         0
            li1    109565
           met1    124220
           met2     23322
           met3      5002
           met4       114
-------------------------
               262223


[INFO DRT-0195] Start 5th guides tiles iteration.
    Completing 10% with 68 violations.
    elapsed time = 00:00:00, memory = 4429.90 (MB).
    Completing 20% with 68 violations.
    elapsed time = 00:00:00, memory = 4429.90 (MB).
    Completing 30% with 68 violations.
    elapsed time = 00:00:00, memory = 4429.90 (MB).
    Completing 40% with 68 violations.
    elapsed time = 00:00:01, memory = 4429.90 (MB).
    Completing 50% with 68 violations.
    elapsed time = 00:00:01, memory = 4429.90 (MB).
    Completing 60% with 27 violations.
    elapsed time = 00:00:01, memory = 4429.90 (MB).
    Completing 70% with 27 violations.
    elapsed time = 00:00:01, memory = 4429.90 (MB).
    Completing 80% with 27 violations.
    elapsed time = 00:00:01, memory = 4429.90 (MB).
    Completing 90% with 27 violations.
    elapsed time = 00:00:02, memory = 4429.90 (MB).
    Completing 100% with 23 violations.
    elapsed time = 00:00:03, memory = 4429.90 (MB).
[INFO DRT-0199]   Number of violations = 23.
Viol/Layer        met1   met2
Metal Spacing        2      3
Short               17      1
[INFO DRT-0267] cpu time = 00:00:10, elapsed time = 00:00:04, memory = 4429.90 (MB), peak = 4943.77 (MB)
Total wire length = 1289978 um.
Total wire length on LAYER li1 = 0 um.
Total wire length on LAYER met1 = 447285 um.
Total wire length on LAYER met2 = 508375 um.
Total wire length on LAYER met3 = 220624 um.
Total wire length on LAYER met4 = 111789 um.
Total wire length on LAYER met5 = 1903 um.
Total number of vias = 262224.
Up-via summary (total 262224):

-------------------------
 FR_MASTERSLICE         0
            li1    109566
           met1    124216
           met2     23327
           met3      5001
           met4       114
-------------------------
               262224


[INFO DRT-0195] Start 6th guides tiles iteration.
    Completing 30% with 23 violations.
    elapsed time = 00:00:00, memory = 4429.90 (MB).
    Completing 60% with 23 violations.
    elapsed time = 00:00:01, memory = 4429.90 (MB).
    Completing 100% with 19 violations.
    elapsed time = 00:00:01, memory = 4429.90 (MB).
[INFO DRT-0199]   Number of violations = 19.
Viol/Layer        met1   met2
Metal Spacing        0      3
Short               15      1
[INFO DRT-0267] cpu time = 00:00:02, elapsed time = 00:00:01, memory = 4429.90 (MB), peak = 4943.77 (MB)
Total wire length = 1289978 um.
Total wire length on LAYER li1 = 0 um.
Total wire length on LAYER met1 = 447285 um.
Total wire length on LAYER met2 = 508375 um.
Total wire length on LAYER met3 = 220624 um.
Total wire length on LAYER met4 = 111789 um.
Total wire length on LAYER met5 = 1903 um.
Total number of vias = 262224.
Up-via summary (total 262224):

-------------------------
 FR_MASTERSLICE         0
            li1    109566
           met1    124216
           met2     23327
           met3      5001
           met4       114
-------------------------
               262224


[INFO DRT-0195] Start 7th guides tiles iteration.
    Completing 100% with 19 violations.
    elapsed time = 00:00:01, memory = 4429.90 (MB).
[INFO DRT-0199]   Number of violations = 19.
Viol/Layer        met1   met2
Metal Spacing        0      3
Short               15      1
[INFO DRT-0267] cpu time = 00:00:01, elapsed time = 00:00:01, memory = 4429.90 (MB), peak = 4943.77 (MB)
Total wire length = 1289978 um.
Total wire length on LAYER li1 = 0 um.
Total wire length on LAYER met1 = 447285 um.
Total wire length on LAYER met2 = 508375 um.
Total wire length on LAYER met3 = 220624 um.
Total wire length on LAYER met4 = 111789 um.
Total wire length on LAYER met5 = 1903 um.
Total number of vias = 262224.
Up-via summary (total 262224):

-------------------------
 FR_MASTERSLICE         0
            li1    109566
           met1    124216
           met2     23327
           met3      5001
           met4       114
-------------------------
               262224


[INFO DRT-0195] Start 8th stubborn tiles iteration.
    Completing 10% with 19 violations.
    elapsed time = 00:00:03, memory = 4933.41 (MB).
    Completing 20% with 19 violations.
    elapsed time = 00:00:09, memory = 4932.54 (MB).
    Completing 30% with 19 violations.
    elapsed time = 00:00:14, memory = 4931.96 (MB).
    Completing 40% with 19 violations.
    elapsed time = 00:00:20, memory = 4948.39 (MB).
    Completing 50% with 19 violations.
    elapsed time = 00:00:30, memory = 4952.50 (MB).
    Completing 60% with 19 violations.
    elapsed time = 00:00:34, memory = 4930.67 (MB).
    Completing 70% with 19 violations.
    elapsed time = 00:00:37, memory = 4878.50 (MB).
    Completing 80% with 19 violations.
    elapsed time = 00:00:42, memory = 4779.86 (MB).
    Completing 90% with 19 violations.
    elapsed time = 00:01:04, memory = 4580.70 (MB).
    Completing 100% with 0 violations.
    elapsed time = 00:01:19, memory = 4429.90 (MB).
[INFO DRT-0199]   Number of violations = 0.
[INFO DRT-0267] cpu time = 00:09:00, elapsed time = 00:01:19, memory = 4429.90 (MB), peak = 5001.61 (MB)
Total wire length = 1289982 um.
Total wire length on LAYER li1 = 0 um.
Total wire length on LAYER met1 = 447269 um.
Total wire length on LAYER met2 = 508383 um.
Total wire length on LAYER met3 = 220636 um.
Total wire length on LAYER met4 = 111789 um.
Total wire length on LAYER met5 = 1903 um.
Total number of vias = 262222.
Up-via summary (total 262222):

-------------------------
 FR_MASTERSLICE         0
            li1    109566
           met1    124214
           met2     23327
           met3      5001
           met4       114
-------------------------
               262222


[INFO DRT-0198] Complete detail routing.
Total wire length = 1289982 um.
Total wire length on LAYER li1 = 0 um.
Total wire length on LAYER met1 = 447269 um.
Total wire length on LAYER met2 = 508383 um.
Total wire length on LAYER met3 = 220636 um.
Total wire length on LAYER met4 = 111789 um.
Total wire length on LAYER met5 = 1903 um.
Total number of vias = 262222.
Up-via summary (total 262222):

-------------------------
 FR_MASTERSLICE         0
            li1    109566
           met1    124214
           met2     23327
           met3      5001
           met4       114
-------------------------
               262222


[INFO DRT-0267] cpu time = 00:40:14, elapsed time = 00:06:40, memory = 4429.90 (MB), peak = 5001.61 (MB)

[INFO DRT-0180] Post processing.
[INFO DRT-0501] Runtime: 551.54s
[INFO ANT-0002] Found 0 net violations.
[INFO ANT-0001] Found 0 pin violations.
[INFO ANT-0002] Found 0 net violations.
[INFO ANT-0001] Found 0 pin violations.
Design area 287711 um^2 51% utilization.
write_db /root/cac_runs/ntt_dp_20ns/results/sky130hd/cac_ntt_dp_20ns/base/5_2_route.odb
Elapsed time: 2:32:08.91[h:]min:sec. CPU time: user 48130.74 sys 104.88 (528%). Peak memory: 5121644KB.
Log                       Ext     Elapsed/s Peak Memory/MB sha1sum result [0:20)
5_2_route                 .odb         9128           5001 3f9685eea30707bd0c7a
